file_path,file_name,line_number,module_hint,variable_name,variable_style,likely_role,section_hint,context
04_MIRRA_P_AND_L_PAGE_v4.0_LOCKED.txt,04_MIRRA_P_AND_L_PAGE_v4.0_LOCKED.txt,1104,assets,accept_contract_field,snake_case,output_contract_field,output_contract,### `assets_benchmark_total` - Classification: `accept_contract_field` - Recommended action: `add_to_v5_module_brief_output_contract` - Confidence: `high`
04_MIRRA_P_AND_L_PAGE_v4.0_LOCKED.txt,04_MIRRA_P_AND_L_PAGE_v4.0_LOCKED.txt,1146,assets,accept_contract_field,snake_case,output_contract_field,output_contract,### `excluded_asset_finance_interest_total` - Classification: `accept_contract_field` - Recommended action: `add_to_v5_module_brief_output_contract` - Confidence: `high`
09_MIRRA_ASSETS_MODULE_v4.0_LOCKED.txt,09_MIRRA_ASSETS_MODULE_v4.0_LOCKED.txt,1713,assets,accept_contract_field,snake_case,output_contract_field,output_contract,### `active_assets` - Classification: `accept_contract_field` - Recommended action: `add_to_v5_module_brief_output_contract` - Confidence: `high`
09_MIRRA_ASSETS_MODULE_v4.0_LOCKED.txt,09_MIRRA_ASSETS_MODULE_v4.0_LOCKED.txt,1727,assets,accept_contract_field,snake_case,output_contract_field,output_contract,### `asset_finance_benchmark_total` - Classification: `accept_contract_field` - Recommended action: `add_to_v5_module_brief_output_contract` - Confidence: `medium`
09_MIRRA_ASSETS_MODULE_v4.0_LOCKED.txt,09_MIRRA_ASSETS_MODULE_v4.0_LOCKED.txt,1741,assets,accept_contract_field,snake_case,output_contract_field,output_contract,### `asset_interest_annual` - Classification: `accept_contract_field` - Recommended action: `add_to_v5_module_brief_output_contract` - Confidence: `high`
09_MIRRA_ASSETS_MODULE_v4.0_LOCKED.txt,09_MIRRA_ASSETS_MODULE_v4.0_LOCKED.txt,1755,assets,accept_contract_field,snake_case,output_contract_field,output_contract,### `asset_overhead_pool_assignment_summary` - Classification: `accept_contract_field` - Recommended action: `add_to_v5_module_brief_output_contract` - Confidence: `medium`
09_MIRRA_ASSETS_MODULE_v4.0_LOCKED.txt,09_MIRRA_ASSETS_MODULE_v4.0_LOCKED.txt,1769,assets,accept_contract_field,snake_case,output_contract_field,output_contract,### `asset_related_unassigned_cost` - Classification: `accept_contract_field` - Recommended action: `add_to_v5_module_brief_output_contract` - Confidence: `medium`
09_MIRRA_ASSETS_MODULE_v4.0_LOCKED.txt,09_MIRRA_ASSETS_MODULE_v4.0_LOCKED.txt,1783,assets,accept_contract_field,snake_case,output_contract_field,status_readiness_trust,### `asset_status` - Classification: `accept_contract_field` - Recommended action: `add_to_v5_module_brief_output_contract` - Confidence: `high`
09_MIRRA_ASSETS_MODULE_v4.0_LOCKED.txt,09_MIRRA_ASSETS_MODULE_v4.0_LOCKED.txt,1797,assets,accept_contract_field,snake_case,output_contract_field,status_readiness_trust,### `assets_benchmark_total` - Classification: `accept_contract_field` - Recommended action: `add_to_v5_module_brief_output_contract` - Confidence: `high`
09_MIRRA_ASSETS_MODULE_v4.0_LOCKED.txt,09_MIRRA_ASSETS_MODULE_v4.0_LOCKED.txt,1811,assets,accept_contract_field,snake_case,output_contract_field,status_readiness_trust,### `assigned_asset_overhead_cost` - Classification: `accept_contract_field` - Recommended action: `add_to_v5_module_brief_output_contract` - Confidence: `high`
09_MIRRA_ASSETS_MODULE_v4.0_LOCKED.txt,09_MIRRA_ASSETS_MODULE_v4.0_LOCKED.txt,1825,assets,accept_contract_field,snake_case,output_contract_field,status_readiness_trust,### `assigned_asset_overhead_cost_annual` - Classification: `accept_contract_field` - Recommended action: `add_to_v5_module_brief_output_contract` - Confidence: `high`
09_MIRRA_ASSETS_MODULE_v4.0_LOCKED.txt,09_MIRRA_ASSETS_MODULE_v4.0_LOCKED.txt,1839,assets,accept_contract_field,snake_case,output_contract_field,status_readiness_trust,### `base_asset_cost_annual` - Classification: `accept_contract_field` - Recommended action: `add_to_v5_module_brief_output_contract` - Confidence: `high`
09_MIRRA_ASSETS_MODULE_v4.0_LOCKED.txt,09_MIRRA_ASSETS_MODULE_v4.0_LOCKED.txt,1853,assets,accept_contract_field,snake_case,output_contract_field,status_readiness_trust,### `default_recovery_hours` - Classification: `accept_contract_field` - Recommended action: `add_to_v5_module_brief_output_contract` - Confidence: `medium`
09_MIRRA_ASSETS_MODULE_v4.0_LOCKED.txt,09_MIRRA_ASSETS_MODULE_v4.0_LOCKED.txt,1867,assets,accept_contract_field,snake_case,output_contract_field,status_readiness_trust,### `excluded_asset_finance_interest_total` - Classification: `accept_contract_field` - Recommended action: `add_to_v5_module_brief_output_contract` - Confidence: `high`
09_MIRRA_ASSETS_MODULE_v4.0_LOCKED.txt,09_MIRRA_ASSETS_MODULE_v4.0_LOCKED.txt,1881,assets,accept_contract_field,snake_case,output_contract_field,status_readiness_trust,### `has_productive_asset_recovery_base` - Classification: `accept_contract_field` - Recommended action: `add_to_v5_module_brief_output_contract` - Confidence: `high`
09_MIRRA_ASSETS_MODULE_v4.0_LOCKED.txt,09_MIRRA_ASSETS_MODULE_v4.0_LOCKED.txt,1895,assets,accept_contract_field,snake_case,output_contract_field,status_readiness_trust,### `no_active_assets_confirmed` - Classification: `accept_contract_field` - Recommended action: `add_to_v5_module_brief_output_contract` - Confidence: `high`
09_MIRRA_ASSETS_MODULE_v4.0_LOCKED.txt,09_MIRRA_ASSETS_MODULE_v4.0_LOCKED.txt,1909,assets,accept_contract_field,snake_case,output_contract_field,status_readiness_trust,### `productive_asset_cost` - Classification: `accept_contract_field` - Recommended action: `add_to_v5_module_brief_output_contract` - Confidence: `high`
09_MIRRA_ASSETS_MODULE_v4.0_LOCKED.txt,09_MIRRA_ASSETS_MODULE_v4.0_LOCKED.txt,1923,assets,accept_contract_field,snake_case,output_contract_field,status_readiness_trust,### `productive_asset_recovery_cost_annual` - Classification: `accept_contract_field` - Recommended action: `add_to_v5_module_brief_output_contract` - Confidence: `high`
09_MIRRA_ASSETS_MODULE_v4.0_LOCKED.txt,09_MIRRA_ASSETS_MODULE_v4.0_LOCKED.txt,1937,assets,accept_contract_field,snake_case,output_contract_field,status_readiness_trust,### `recovery_hours_used` - Classification: `accept_contract_field` - Recommended action: `add_to_v5_module_brief_output_contract` - Confidence: `high`
09_MIRRA_ASSETS_MODULE_v4.0_LOCKED.txt,09_MIRRA_ASSETS_MODULE_v4.0_LOCKED.txt,1951,assets,accept_contract_field,snake_case,output_contract_field,status_readiness_trust,### `support_asset_cost` - Classification: `accept_contract_field` - Recommended action: `add_to_v5_module_brief_output_contract` - Confidence: `high`
09_MIRRA_ASSETS_MODULE_v4.0_LOCKED.txt,09_MIRRA_ASSETS_MODULE_v4.0_LOCKED.txt,1965,assets,accept_contract_field,snake_case,output_contract_field,status_readiness_trust,### `support_asset_count` - Classification: `accept_contract_field` - Recommended action: `add_to_v5_module_brief_output_contract` - Confidence: `high`
09_MIRRA_ASSETS_MODULE_v4.0_LOCKED.txt,09_MIRRA_ASSETS_MODULE_v4.0_LOCKED.txt,1979,assets,accept_contract_field,snake_case,output_contract_field,status_readiness_trust,### `total_allocated_asset_overhead_cost_annual` - Classification: `accept_contract_field` - Recommended action: `add_to_v5_module_brief_output_contract` - Confidence: `high`
09_MIRRA_ASSETS_MODULE_v4.0_LOCKED.txt,09_MIRRA_ASSETS_MODULE_v4.0_LOCKED.txt,1993,assets,accept_contract_field,snake_case,output_contract_field,status_readiness_trust,### `total_asset_interest_annual` - Classification: `accept_contract_field` - Recommended action: `add_to_v5_module_brief_output_contract` - Confidence: `high`
09_MIRRA_ASSETS_MODULE_v4.0_LOCKED.txt,09_MIRRA_ASSETS_MODULE_v4.0_LOCKED.txt,2007,assets,accept_contract_field,snake_case,output_contract_field,status_readiness_trust,### `total_asset_recovery_cost_annual` - Classification: `accept_contract_field` - Recommended action: `add_to_v5_module_brief_output_contract` - Confidence: `high`
09_MIRRA_ASSETS_MODULE_v4.0_LOCKED.txt,09_MIRRA_ASSETS_MODULE_v4.0_LOCKED.txt,2021,assets,accept_contract_field,snake_case,output_contract_field,status_readiness_trust,### `total_general_overheads_before_asset_assignment` - Classification: `accept_contract_field` - Recommended action: `add_to_v5_module_brief_output_contract` - Confidence: `high`
09_MIRRA_ASSETS_MODULE_v4.0_LOCKED.txt,09_MIRRA_ASSETS_MODULE_v4.0_LOCKED.txt,2035,assets,accept_contract_field,snake_case,output_contract_field,status_readiness_trust,### `total_unassigned_asset_related_overhead_cost_annual` - Classification: `accept_contract_field` - Recommended action: `add_to_v5_module_brief_output_contract` - Confidence: `high`
09_MIRRA_ASSETS_MODULE_v4.0_LOCKED.txt,09_MIRRA_ASSETS_MODULE_v4.0_LOCKED.txt,2051,assets,accept_reference_wrapper,snake_case,output_contract_field,output_contract,### `asset_output_contract` - Classification: `accept_reference_wrapper` - Recommended action: `document_as_reference_wrapper_not_business_metric` - Confidence: `medium`
09_MIRRA_ASSETS_MODULE_v4.0_LOCKED.txt,09_MIRRA_ASSETS_MODULE_v4.0_LOCKED.txt,2066,assets,accept_reference_wrapper,snake_case,output_contract_field,output_contract,### `assets_output` - Classification: `accept_reference_wrapper` - Recommended action: `document_as_reference_wrapper_not_business_metric` - Confidence: `medium`
09_MIRRA_ASSETS_MODULE_v4.0_LOCKED.txt,09_MIRRA_ASSETS_MODULE_v4.0_LOCKED.txt,1711,assets,active_assets,snake_case,output_contract_field,output_contract,## Output Contract Fields To Add ### `active_assets` - Classification: `accept_contract_field`
09_MIRRA_ASSETS_MODULE_v4.0_LOCKED.txt,09_MIRRA_ASSETS_MODULE_v4.0_LOCKED.txt,1722,assets,active_assets,snake_case,output_contract_field,output_contract,"Brief insertion instruction: - Add `active_assets` to the `assets` output contract. - Define owner, meaning, source, downstream consumers where known, current/live status, and review notes."
09_MIRRA_ASSETS_MODULE_v4.0_LOCKED.txt,09_MIRRA_ASSETS_MODULE_v4.0_LOCKED.txt,2093,assets,active_assets,snake_case,output_contract_field,output_contract,## output_contract - active_assets - asset_finance_benchmark_total - asset_interest_annual
09_MIRRA_ASSETS_MODULE_v4.0_LOCKED.txt,09_MIRRA_ASSETS_MODULE_v4.0_LOCKED.txt,1714,assets,add_to_v5_module_brief_output_contract,snake_case,output_contract_field,output_contract,- Classification: `accept_contract_field` - Recommended action: `add_to_v5_module_brief_output_contract` - Confidence: `high` - Reason: Field is a named business/status/readiness/financial/hour/recovery output used by code.
09_MIRRA_ASSETS_MODULE_v4.0_LOCKED.txt,09_MIRRA_ASSETS_MODULE_v4.0_LOCKED.txt,1728,assets,add_to_v5_module_brief_output_contract,snake_case,output_contract_field,output_contract,"- Classification: `accept_contract_field` - Recommended action: `add_to_v5_module_brief_output_contract` - Confidence: `medium` - Reason: Field suffix indicates a likely contract output such as total, status, warning, cost, rate, hours, or row array."
09_MIRRA_ASSETS_MODULE_v4.0_LOCKED.txt,09_MIRRA_ASSETS_MODULE_v4.0_LOCKED.txt,1742,assets,add_to_v5_module_brief_output_contract,snake_case,output_contract_field,output_contract,- Classification: `accept_contract_field` - Recommended action: `add_to_v5_module_brief_output_contract` - Confidence: `high` - Reason: Field is a named business/status/readiness/financial/hour/recovery output used by code.
09_MIRRA_ASSETS_MODULE_v4.0_LOCKED.txt,09_MIRRA_ASSETS_MODULE_v4.0_LOCKED.txt,1756,assets,add_to_v5_module_brief_output_contract,snake_case,output_contract_field,output_contract,"- Classification: `accept_contract_field` - Recommended action: `add_to_v5_module_brief_output_contract` - Confidence: `medium` - Reason: Field suffix indicates a likely contract output such as total, status, warning, cost, rate, hours, or row array."
09_MIRRA_ASSETS_MODULE_v4.0_LOCKED.txt,09_MIRRA_ASSETS_MODULE_v4.0_LOCKED.txt,1770,assets,add_to_v5_module_brief_output_contract,snake_case,output_contract_field,output_contract,"- Classification: `accept_contract_field` - Recommended action: `add_to_v5_module_brief_output_contract` - Confidence: `medium` - Reason: Field suffix indicates a likely contract output such as total, status, warning, cost, rate, hours, or row array."
09_MIRRA_ASSETS_MODULE_v4.0_LOCKED.txt,09_MIRRA_ASSETS_MODULE_v4.0_LOCKED.txt,1784,assets,add_to_v5_module_brief_output_contract,snake_case,output_contract_field,status_readiness_trust,- Classification: `accept_contract_field` - Recommended action: `add_to_v5_module_brief_output_contract` - Confidence: `high` - Reason: Field is a named business/status/readiness/financial/hour/recovery output used by code.
09_MIRRA_ASSETS_MODULE_v4.0_LOCKED.txt,09_MIRRA_ASSETS_MODULE_v4.0_LOCKED.txt,1798,assets,add_to_v5_module_brief_output_contract,snake_case,output_contract_field,status_readiness_trust,- Classification: `accept_contract_field` - Recommended action: `add_to_v5_module_brief_output_contract` - Confidence: `high` - Reason: Field is a named business/status/readiness/financial/hour/recovery output used by code.
09_MIRRA_ASSETS_MODULE_v4.0_LOCKED.txt,09_MIRRA_ASSETS_MODULE_v4.0_LOCKED.txt,1812,assets,add_to_v5_module_brief_output_contract,snake_case,output_contract_field,status_readiness_trust,- Classification: `accept_contract_field` - Recommended action: `add_to_v5_module_brief_output_contract` - Confidence: `high` - Reason: Field is a named business/status/readiness/financial/hour/recovery output used by code.
09_MIRRA_ASSETS_MODULE_v4.0_LOCKED.txt,09_MIRRA_ASSETS_MODULE_v4.0_LOCKED.txt,1826,assets,add_to_v5_module_brief_output_contract,snake_case,output_contract_field,status_readiness_trust,- Classification: `accept_contract_field` - Recommended action: `add_to_v5_module_brief_output_contract` - Confidence: `high` - Reason: Field is a named business/status/readiness/financial/hour/recovery output used by code.
09_MIRRA_ASSETS_MODULE_v4.0_LOCKED.txt,09_MIRRA_ASSETS_MODULE_v4.0_LOCKED.txt,1840,assets,add_to_v5_module_brief_output_contract,snake_case,output_contract_field,status_readiness_trust,- Classification: `accept_contract_field` - Recommended action: `add_to_v5_module_brief_output_contract` - Confidence: `high` - Reason: Field is a named business/status/readiness/financial/hour/recovery output used by code.
09_MIRRA_ASSETS_MODULE_v4.0_LOCKED.txt,09_MIRRA_ASSETS_MODULE_v4.0_LOCKED.txt,1854,assets,add_to_v5_module_brief_output_contract,snake_case,output_contract_field,status_readiness_trust,"- Classification: `accept_contract_field` - Recommended action: `add_to_v5_module_brief_output_contract` - Confidence: `medium` - Reason: Field suffix indicates a likely contract output such as total, status, warning, cost, rate, hours, or row array."
09_MIRRA_ASSETS_MODULE_v4.0_LOCKED.txt,09_MIRRA_ASSETS_MODULE_v4.0_LOCKED.txt,1868,assets,add_to_v5_module_brief_output_contract,snake_case,output_contract_field,status_readiness_trust,- Classification: `accept_contract_field` - Recommended action: `add_to_v5_module_brief_output_contract` - Confidence: `high` - Reason: Field is a named business/status/readiness/financial/hour/recovery output used by code.
09_MIRRA_ASSETS_MODULE_v4.0_LOCKED.txt,09_MIRRA_ASSETS_MODULE_v4.0_LOCKED.txt,1882,assets,add_to_v5_module_brief_output_contract,snake_case,output_contract_field,status_readiness_trust,- Classification: `accept_contract_field` - Recommended action: `add_to_v5_module_brief_output_contract` - Confidence: `high` - Reason: Field is a named business/status/readiness/financial/hour/recovery output used by code.
09_MIRRA_ASSETS_MODULE_v4.0_LOCKED.txt,09_MIRRA_ASSETS_MODULE_v4.0_LOCKED.txt,1896,assets,add_to_v5_module_brief_output_contract,snake_case,output_contract_field,status_readiness_trust,- Classification: `accept_contract_field` - Recommended action: `add_to_v5_module_brief_output_contract` - Confidence: `high` - Reason: Field is a named business/status/readiness/financial/hour/recovery output used by code.
09_MIRRA_ASSETS_MODULE_v4.0_LOCKED.txt,09_MIRRA_ASSETS_MODULE_v4.0_LOCKED.txt,1910,assets,add_to_v5_module_brief_output_contract,snake_case,output_contract_field,status_readiness_trust,- Classification: `accept_contract_field` - Recommended action: `add_to_v5_module_brief_output_contract` - Confidence: `high` - Reason: Field is a named business/status/readiness/financial/hour/recovery output used by code.
09_MIRRA_ASSETS_MODULE_v4.0_LOCKED.txt,09_MIRRA_ASSETS_MODULE_v4.0_LOCKED.txt,1924,assets,add_to_v5_module_brief_output_contract,snake_case,output_contract_field,status_readiness_trust,- Classification: `accept_contract_field` - Recommended action: `add_to_v5_module_brief_output_contract` - Confidence: `high` - Reason: Field is a named business/status/readiness/financial/hour/recovery output used by code.
09_MIRRA_ASSETS_MODULE_v4.0_LOCKED.txt,09_MIRRA_ASSETS_MODULE_v4.0_LOCKED.txt,1938,assets,add_to_v5_module_brief_output_contract,snake_case,output_contract_field,status_readiness_trust,- Classification: `accept_contract_field` - Recommended action: `add_to_v5_module_brief_output_contract` - Confidence: `high` - Reason: Field is a named business/status/readiness/financial/hour/recovery output used by code.
09_MIRRA_ASSETS_MODULE_v4.0_LOCKED.txt,09_MIRRA_ASSETS_MODULE_v4.0_LOCKED.txt,1952,assets,add_to_v5_module_brief_output_contract,snake_case,output_contract_field,status_readiness_trust,- Classification: `accept_contract_field` - Recommended action: `add_to_v5_module_brief_output_contract` - Confidence: `high` - Reason: Field is a named business/status/readiness/financial/hour/recovery output used by code.
09_MIRRA_ASSETS_MODULE_v4.0_LOCKED.txt,09_MIRRA_ASSETS_MODULE_v4.0_LOCKED.txt,1966,assets,add_to_v5_module_brief_output_contract,snake_case,output_contract_field,status_readiness_trust,- Classification: `accept_contract_field` - Recommended action: `add_to_v5_module_brief_output_contract` - Confidence: `high` - Reason: Field is a named business/status/readiness/financial/hour/recovery output used by code.
09_MIRRA_ASSETS_MODULE_v4.0_LOCKED.txt,09_MIRRA_ASSETS_MODULE_v4.0_LOCKED.txt,1980,assets,add_to_v5_module_brief_output_contract,snake_case,output_contract_field,status_readiness_trust,- Classification: `accept_contract_field` - Recommended action: `add_to_v5_module_brief_output_contract` - Confidence: `high` - Reason: Field is a named business/status/readiness/financial/hour/recovery output used by code.
09_MIRRA_ASSETS_MODULE_v4.0_LOCKED.txt,09_MIRRA_ASSETS_MODULE_v4.0_LOCKED.txt,1994,assets,add_to_v5_module_brief_output_contract,snake_case,output_contract_field,status_readiness_trust,- Classification: `accept_contract_field` - Recommended action: `add_to_v5_module_brief_output_contract` - Confidence: `high` - Reason: Field is a named business/status/readiness/financial/hour/recovery output used by code.
09_MIRRA_ASSETS_MODULE_v4.0_LOCKED.txt,09_MIRRA_ASSETS_MODULE_v4.0_LOCKED.txt,2008,assets,add_to_v5_module_brief_output_contract,snake_case,output_contract_field,status_readiness_trust,- Classification: `accept_contract_field` - Recommended action: `add_to_v5_module_brief_output_contract` - Confidence: `high` - Reason: Field is a named business/status/readiness/financial/hour/recovery output used by code.
09_MIRRA_ASSETS_MODULE_v4.0_LOCKED.txt,09_MIRRA_ASSETS_MODULE_v4.0_LOCKED.txt,2022,assets,add_to_v5_module_brief_output_contract,snake_case,output_contract_field,status_readiness_trust,- Classification: `accept_contract_field` - Recommended action: `add_to_v5_module_brief_output_contract` - Confidence: `high` - Reason: Field is a named business/status/readiness/financial/hour/recovery output used by code.
09_MIRRA_ASSETS_MODULE_v4.0_LOCKED.txt,09_MIRRA_ASSETS_MODULE_v4.0_LOCKED.txt,2036,assets,add_to_v5_module_brief_output_contract,snake_case,output_contract_field,status_readiness_trust,- Classification: `accept_contract_field` - Recommended action: `add_to_v5_module_brief_output_contract` - Confidence: `high` - Reason: Field is a named business/status/readiness/financial/hour/recovery output used by code.
05_MIRRA_GENERAL_OVERHEADS_v4.0_LOCKED.txt,05_MIRRA_GENERAL_OVERHEADS_v4.0_LOCKED.txt,800,assets,adjusted_general_overheads_benchmark,snake_case,output_contract_field,output_contract,"asset_finance_interest_excluded, asset_finance_interest_excluded_amount, adjusted_general_overheads_benchmark, general_overheads_pool_amount, general_overheads_pool_source_module,"
05_MIRRA_GENERAL_OVERHEADS_v4.0_LOCKED.txt,05_MIRRA_GENERAL_OVERHEADS_v4.0_LOCKED.txt,820,assets,adjusted_general_overheads_benchmark,snake_case,output_contract_field,output_contract,- total_general_overheads - gross_general_overheads_benchmark - adjusted_general_overheads_benchmark - asset_finance_interest_excluded_amount - general_overheads_status
17_MIRRA_COST_ALLOCATION_v4.0_LOCKED.txt,17_MIRRA_COST_ALLOCATION_v4.0_LOCKED.txt,1660,assets,allocation_reconciliation_checks,snake_case,output_contract_field,output_contract,- productive_asset_pool status - general_overheads_pool status - allocation_reconciliation_checks - unassigned pool values - revenue_reality_context
09_MIRRA_ASSETS_MODULE_v4.0_LOCKED.txt,09_MIRRA_ASSETS_MODULE_v4.0_LOCKED.txt,1725,assets,asset_finance_benchmark_total,snake_case,output_contract_field,output_contract,"- Define owner, meaning, source, downstream consumers where known, current/live status, and review notes. ### `asset_finance_benchmark_total` - Classification: `accept_contract_field`"
09_MIRRA_ASSETS_MODULE_v4.0_LOCKED.txt,09_MIRRA_ASSETS_MODULE_v4.0_LOCKED.txt,1736,assets,asset_finance_benchmark_total,snake_case,output_contract_field,output_contract,"Brief insertion instruction: - Add `asset_finance_benchmark_total` to the `assets` output contract. - Define owner, meaning, source, downstream consumers where known, current/live status, and review notes."
09_MIRRA_ASSETS_MODULE_v4.0_LOCKED.txt,09_MIRRA_ASSETS_MODULE_v4.0_LOCKED.txt,2094,assets,asset_finance_benchmark_total,snake_case,output_contract_field,output_contract,- active_assets - asset_finance_benchmark_total - asset_interest_annual - asset_overhead_pool_assignment_summary
09_MIRRA_ASSETS_MODULE_v4.0_LOCKED.txt,09_MIRRA_ASSETS_MODULE_v4.0_LOCKED.txt,1279,assets,asset_finance_interest_annual,snake_case,output_contract_field,output_contract,- total_asset_cost_annual - asset_finance_interest_annual where needed - total_productive_asset_cost_annual - total_asset_running_cost_transferred
05_MIRRA_GENERAL_OVERHEADS_v4.0_LOCKED.txt,05_MIRRA_GENERAL_OVERHEADS_v4.0_LOCKED.txt,798,assets,asset_finance_interest_excluded,snake_case,output_contract_field,output_contract,"general_overheads_source_total, general_overhead_categories, asset_finance_interest_excluded, asset_finance_interest_excluded_amount, adjusted_general_overheads_benchmark,"
05_MIRRA_GENERAL_OVERHEADS_v4.0_LOCKED.txt,05_MIRRA_GENERAL_OVERHEADS_v4.0_LOCKED.txt,799,assets,asset_finance_interest_excluded_amount,snake_case,output_contract_field,output_contract,"general_overhead_categories, asset_finance_interest_excluded, asset_finance_interest_excluded_amount, adjusted_general_overheads_benchmark, general_overheads_pool_amount,"
05_MIRRA_GENERAL_OVERHEADS_v4.0_LOCKED.txt,05_MIRRA_GENERAL_OVERHEADS_v4.0_LOCKED.txt,821,assets,asset_finance_interest_excluded_amount,snake_case,output_contract_field,output_contract,- gross_general_overheads_benchmark - adjusted_general_overheads_benchmark - asset_finance_interest_excluded_amount - general_overheads_status - general_overheads_model_trust_state
17_MIRRA_COST_ALLOCATION_v4.0_LOCKED.txt,17_MIRRA_COST_ALLOCATION_v4.0_LOCKED.txt,1612,assets,asset_group_assignments,snake_case,output_contract_field,output_contract,"productive_asset_pool, default_productive_asset_pool, asset_group_assignments, general_overheads_pool,"
29_MIRRA_INTEGRATIONS_API_LAYER_v4.0_LOCKED.txt,29_MIRRA_INTEGRATIONS_API_LAYER_v4.0_LOCKED.txt,623,assets,asset_import_handoff,snake_case,output_contract_field,output_contract,The integration layer may hand asset-related candidate rows to Assets. asset_import_handoff[] {
09_MIRRA_ASSETS_MODULE_v4.0_LOCKED.txt,09_MIRRA_ASSETS_MODULE_v4.0_LOCKED.txt,1739,assets,asset_interest_annual,snake_case,output_contract_field,output_contract,"- Define owner, meaning, source, downstream consumers where known, current/live status, and review notes. ### `asset_interest_annual` - Classification: `accept_contract_field`"
09_MIRRA_ASSETS_MODULE_v4.0_LOCKED.txt,09_MIRRA_ASSETS_MODULE_v4.0_LOCKED.txt,1750,assets,asset_interest_annual,snake_case,output_contract_field,output_contract,"Brief insertion instruction: - Add `asset_interest_annual` to the `assets` output contract. - Define owner, meaning, source, downstream consumers where known, current/live status, and review notes."
09_MIRRA_ASSETS_MODULE_v4.0_LOCKED.txt,09_MIRRA_ASSETS_MODULE_v4.0_LOCKED.txt,2095,assets,asset_interest_annual,snake_case,output_contract_field,output_contract,- active_assets - asset_finance_benchmark_total - asset_interest_annual - asset_overhead_pool_assignment_summary - asset_related_unassigned_cost
09_MIRRA_ASSETS_MODULE_v4.0_LOCKED.txt,09_MIRRA_ASSETS_MODULE_v4.0_LOCKED.txt,2136,assets,asset_operator,snake_case,output_contract_field,output_contract,## output_contract - asset_operator - asset_review_required
09_MIRRA_ASSETS_MODULE_v4.0_LOCKED.txt,09_MIRRA_ASSETS_MODULE_v4.0_LOCKED.txt,2049,assets,asset_output_contract,snake_case,output_contract_field,output_contract,## Reference Wrapper Fields To Document Separately ### `asset_output_contract` - Classification: `accept_reference_wrapper`
09_MIRRA_ASSETS_MODULE_v4.0_LOCKED.txt,09_MIRRA_ASSETS_MODULE_v4.0_LOCKED.txt,2060,assets,asset_output_contract,snake_case,output_contract_field,output_contract,Brief insertion instruction: - Document `asset_output_contract` as a wrapper/reference field for `assets`. - Do not describe it as a business metric. - Identify what object it wraps and which modules consume it.
09_MIRRA_ASSETS_MODULE_v4.0_LOCKED.txt,09_MIRRA_ASSETS_MODULE_v4.0_LOCKED.txt,2120,assets,asset_output_contract,snake_case,output_contract_field,output_contract,## output_contract_reference_wrappers - asset_output_contract - assets_output
09_MIRRA_ASSETS_MODULE_v4.0_LOCKED.txt,09_MIRRA_ASSETS_MODULE_v4.0_LOCKED.txt,1753,assets,asset_overhead_pool_assignment_summary,snake_case,output_contract_field,output_contract,"- Define owner, meaning, source, downstream consumers where known, current/live status, and review notes. ### `asset_overhead_pool_assignment_summary` - Classification: `accept_contract_field`"
09_MIRRA_ASSETS_MODULE_v4.0_LOCKED.txt,09_MIRRA_ASSETS_MODULE_v4.0_LOCKED.txt,1764,assets,asset_overhead_pool_assignment_summary,snake_case,output_contract_field,output_contract,"Brief insertion instruction: - Add `asset_overhead_pool_assignment_summary` to the `assets` output contract. - Define owner, meaning, source, downstream consumers where known, current/live status, and review notes."
09_MIRRA_ASSETS_MODULE_v4.0_LOCKED.txt,09_MIRRA_ASSETS_MODULE_v4.0_LOCKED.txt,2096,assets,asset_overhead_pool_assignment_summary,snake_case,output_contract_field,output_contract,- asset_finance_benchmark_total - asset_interest_annual - asset_overhead_pool_assignment_summary - asset_related_unassigned_cost - asset_status
09_MIRRA_ASSETS_MODULE_v4.0_LOCKED.txt,09_MIRRA_ASSETS_MODULE_v4.0_LOCKED.txt,1263,assets,asset_pool_guardrail_status,snake_case,output_contract_field,output_contract,"total_remaining_asset_cost_pool, total_over_allocated_asset_cost_pool, asset_pool_guardrail_status, assets_ready,"
09_MIRRA_ASSETS_MODULE_v4.0_LOCKED.txt,09_MIRRA_ASSETS_MODULE_v4.0_LOCKED.txt,1338,assets,asset_pool_guardrail_status,snake_case,output_contract_field,output_contract,- required_asset_recovery_rate - asset_recovery_rate_status - asset_pool_guardrail_status - assets_status - assets_model_trust_state
09_MIRRA_ASSETS_MODULE_v4.0_LOCKED.txt,09_MIRRA_ASSETS_MODULE_v4.0_LOCKED.txt,1360,assets,asset_pool_guardrail_status,snake_case,output_contract_field,output_contract,- total_productive_asset_burden - productive_asset_count - asset_pool_guardrail_status - assets_model_trust_state
09_MIRRA_ASSETS_MODULE_v4.0_LOCKED.txt,09_MIRRA_ASSETS_MODULE_v4.0_LOCKED.txt,1375,assets,asset_pool_guardrail_status,snake_case,output_contract_field,output_contract,Cost Allocation must not assign more than 100% of an asset. Cost Allocation must respect asset_pool_guardrail_status. If asset_pool_guardrail_status = blocked:
09_MIRRA_ASSETS_MODULE_v4.0_LOCKED.txt,09_MIRRA_ASSETS_MODULE_v4.0_LOCKED.txt,1256,assets,asset_pool_guardrails,snake_case,output_contract_field,output_contract,"remaining_overhead_after_asset_transfers, asset_pool_guardrails, total_available_asset_cost_pool, total_assigned_asset_cost_pool,"
14_MIRRA_BUSINESS_SUMMARY_v4.0_LOCKED.txt,14_MIRRA_BUSINESS_SUMMARY_v4.0_LOCKED.txt,1327,assets,asset_reality_context,snake_case,output_contract_field,output_contract,"revenue_reality_context, asset_reality_context, business_summary_cards,"
14_MIRRA_BUSINESS_SUMMARY_v4.0_LOCKED.txt,14_MIRRA_BUSINESS_SUMMARY_v4.0_LOCKED.txt,1358,assets,asset_reality_context,snake_case,output_contract_field,output_contract,"Optional context object: asset_reality_context = { weighted_required_asset_recovery_rate, total_productive_asset_burden,"
14_MIRRA_BUSINESS_SUMMARY_v4.0_LOCKED.txt,14_MIRRA_BUSINESS_SUMMARY_v4.0_LOCKED.txt,1450,assets,asset_reality_context,snake_case,output_contract_field,output_contract,- net_position - revenue_reality_context - asset_reality_context - business_summary_model_trust_state
14_MIRRA_BUSINESS_SUMMARY_v4.0_LOCKED.txt,14_MIRRA_BUSINESS_SUMMARY_v4.0_LOCKED.txt,1470,assets,asset_reality_context,snake_case,output_contract_field,output_contract,- recovery_gap_per_driver - revenue_reality_context - asset_reality_context - business_summary_model_trust_state
14_MIRRA_BUSINESS_SUMMARY_v4.0_LOCKED.txt,14_MIRRA_BUSINESS_SUMMARY_v4.0_LOCKED.txt,1490,assets,asset_reality_context,snake_case,output_contract_field,output_contract,- mirra_operating_position - revenue_reality_context - asset_reality_context - business_summary_model_trust_state
17_MIRRA_COST_ALLOCATION_v4.0_LOCKED.txt,17_MIRRA_COST_ALLOCATION_v4.0_LOCKED.txt,1643,assets,asset_reality_context,snake_case,output_contract_field,output_contract,"revenue_reality_context, asset_reality_context, cost_allocation_source_trace }"
17_MIRRA_COST_ALLOCATION_v4.0_LOCKED.txt,17_MIRRA_COST_ALLOCATION_v4.0_LOCKED.txt,1663,assets,asset_reality_context,snake_case,output_contract_field,output_contract,- unassigned pool values - revenue_reality_context - asset_reality_context Recovery Summary tests whether assigned groups recover.
17_MIRRA_COST_ALLOCATION_v4.0_LOCKED.txt,17_MIRRA_COST_ALLOCATION_v4.0_LOCKED.txt,1686,assets,asset_reality_context,snake_case,output_contract_field,output_contract,- cost_allocation_model_trust_state - revenue_reality_context - asset_reality_context Rate Builder builds rates.
17_MIRRA_COST_ALLOCATION_v4.0_LOCKED.txt,17_MIRRA_COST_ALLOCATION_v4.0_LOCKED.txt,1707,assets,asset_reality_context,snake_case,output_contract_field,output_contract,- over-allocation warnings - revenue_reality_context - asset_reality_context Business Outcome uses this as diagnostic evidence.
18_MIRRA_RECOVERY_SUMMARY_v4.0_LOCKED.txt,18_MIRRA_RECOVERY_SUMMARY_v4.0_LOCKED.txt,1116,assets,asset_reality_context,snake_case,output_contract_field,output_contract,"revenue_reality_context, asset_reality_context, cost_allocation_context,"
14_MIRRA_BUSINESS_SUMMARY_v4.0_LOCKED.txt,14_MIRRA_BUSINESS_SUMMARY_v4.0_LOCKED.txt,1366,assets,asset_reality_model_trust_state,snake_case,output_contract_field,output_contract,"asset_recovery_pressure_summary, asset_reality_status, asset_reality_model_trust_state }"
16_MIRRA_ASSET_REALITY_v4.0_LOCKED.txt,16_MIRRA_ASSET_REALITY_v4.0_LOCKED.txt,845,assets,asset_reality_model_trust_state,snake_case,output_contract_field,output_contract,"asset_reality_warnings, asset_reality_warning_count, asset_reality_model_trust_state, productive_asset_reality_rows,"
16_MIRRA_ASSET_REALITY_v4.0_LOCKED.txt,16_MIRRA_ASSET_REALITY_v4.0_LOCKED.txt,875,assets,asset_reality_model_trust_state,snake_case,output_contract_field,output_contract,- asset_recovery_pressure_summary - asset_reality_status - asset_reality_model_trust_state Business Summary may display this as diagnostic handoff/context.
16_MIRRA_ASSET_REALITY_v4.0_LOCKED.txt,16_MIRRA_ASSET_REALITY_v4.0_LOCKED.txt,841,assets,asset_reality_ready,snake_case,output_contract_field,output_contract,"{ asset_reality_ready, asset_reality_status, asset_reality_warnings,"
16_MIRRA_ASSET_REALITY_v4.0_LOCKED.txt,16_MIRRA_ASSET_REALITY_v4.0_LOCKED.txt,859,assets,asset_reality_source_trace,snake_case,output_contract_field,output_contract,"asset_recovery_pressure_summary, asset_reality_source_trace }"
14_MIRRA_BUSINESS_SUMMARY_v4.0_LOCKED.txt,14_MIRRA_BUSINESS_SUMMARY_v4.0_LOCKED.txt,1365,assets,asset_reality_status,snake_case,output_contract_field,output_contract,"lowest_utilisation_asset, asset_recovery_pressure_summary, asset_reality_status, asset_reality_model_trust_state }"
16_MIRRA_ASSET_REALITY_v4.0_LOCKED.txt,16_MIRRA_ASSET_REALITY_v4.0_LOCKED.txt,842,assets,asset_reality_status,snake_case,output_contract_field,output_contract,"{ asset_reality_ready, asset_reality_status, asset_reality_warnings, asset_reality_warning_count,"
16_MIRRA_ASSET_REALITY_v4.0_LOCKED.txt,16_MIRRA_ASSET_REALITY_v4.0_LOCKED.txt,874,assets,asset_reality_status,snake_case,output_contract_field,output_contract,- lowest_utilisation_asset - asset_recovery_pressure_summary - asset_reality_status - asset_reality_model_trust_state
16_MIRRA_ASSET_REALITY_v4.0_LOCKED.txt,16_MIRRA_ASSET_REALITY_v4.0_LOCKED.txt,844,assets,asset_reality_warning_count,snake_case,output_contract_field,output_contract,"asset_reality_status, asset_reality_warnings, asset_reality_warning_count, asset_reality_model_trust_state,"
16_MIRRA_ASSET_REALITY_v4.0_LOCKED.txt,16_MIRRA_ASSET_REALITY_v4.0_LOCKED.txt,843,assets,asset_reality_warnings,snake_case,output_contract_field,output_contract,"asset_reality_ready, asset_reality_status, asset_reality_warnings, asset_reality_warning_count, asset_reality_model_trust_state,"
14_MIRRA_BUSINESS_SUMMARY_v4.0_LOCKED.txt,14_MIRRA_BUSINESS_SUMMARY_v4.0_LOCKED.txt,1364,assets,asset_recovery_pressure_summary,snake_case,output_contract_field,output_contract,"highest_pressure_asset, lowest_utilisation_asset, asset_recovery_pressure_summary, asset_reality_status, asset_reality_model_trust_state"
16_MIRRA_ASSET_REALITY_v4.0_LOCKED.txt,16_MIRRA_ASSET_REALITY_v4.0_LOCKED.txt,857,assets,asset_recovery_pressure_summary,snake_case,output_contract_field,output_contract,"lowest_utilisation_asset, asset_underutilisation_flags, asset_recovery_pressure_summary, asset_reality_source_trace"
16_MIRRA_ASSET_REALITY_v4.0_LOCKED.txt,16_MIRRA_ASSET_REALITY_v4.0_LOCKED.txt,873,assets,asset_recovery_pressure_summary,snake_case,output_contract_field,output_contract,- highest_pressure_asset - lowest_utilisation_asset - asset_recovery_pressure_summary - asset_reality_status - asset_reality_model_trust_state
09_MIRRA_ASSETS_MODULE_v4.0_LOCKED.txt,09_MIRRA_ASSETS_MODULE_v4.0_LOCKED.txt,1337,assets,asset_recovery_rate_status,snake_case,output_contract_field,output_contract,- utilisation_hours_annual - required_asset_recovery_rate - asset_recovery_rate_status - asset_pool_guardrail_status - assets_status
09_MIRRA_ASSETS_MODULE_v4.0_LOCKED.txt,09_MIRRA_ASSETS_MODULE_v4.0_LOCKED.txt,1767,assets,asset_related_unassigned_cost,snake_case,output_contract_field,output_contract,"- Define owner, meaning, source, downstream consumers where known, current/live status, and review notes. ### `asset_related_unassigned_cost` - Classification: `accept_contract_field`"
09_MIRRA_ASSETS_MODULE_v4.0_LOCKED.txt,09_MIRRA_ASSETS_MODULE_v4.0_LOCKED.txt,1778,assets,asset_related_unassigned_cost,snake_case,output_contract_field,output_contract,"Brief insertion instruction: - Add `asset_related_unassigned_cost` to the `assets` output contract. - Define owner, meaning, source, downstream consumers where known, current/live status, and review notes."
09_MIRRA_ASSETS_MODULE_v4.0_LOCKED.txt,09_MIRRA_ASSETS_MODULE_v4.0_LOCKED.txt,2097,assets,asset_related_unassigned_cost,snake_case,output_contract_field,output_contract,- asset_interest_annual - asset_overhead_pool_assignment_summary - asset_related_unassigned_cost - asset_status - assets_benchmark_total
09_MIRRA_ASSETS_MODULE_v4.0_LOCKED.txt,09_MIRRA_ASSETS_MODULE_v4.0_LOCKED.txt,2137,assets,asset_review_required,snake_case,output_contract_field,output_contract,- asset_operator - asset_review_required # END v5.0 PASS 4 MANUAL ACCEPTED OUTPUT CONTRACT - assets
09_MIRRA_ASSETS_MODULE_v4.0_LOCKED.txt,09_MIRRA_ASSETS_MODULE_v4.0_LOCKED.txt,1237,assets,asset_rows,snake_case,output_contract_field,output_contract,"{ asset_rows, productive_asset_rows, non_productive_asset_rows,"
10_MIRRA_MODULE_RECONCILIATION_v4.0_LOCKED.txt,10_MIRRA_MODULE_RECONCILIATION_v4.0_LOCKED.txt,960,assets,asset_running_cost_transfer_context,snake_case,output_contract_field,output_contract,"module_total_business_costs, total_other_income, asset_running_cost_transfer_context, module_reconciliation_ready, module_reconciliation_status,"
09_MIRRA_ASSETS_MODULE_v4.0_LOCKED.txt,09_MIRRA_ASSETS_MODULE_v4.0_LOCKED.txt,1252,assets,asset_running_cost_transfers,snake_case,output_contract_field,output_contract,"required_asset_recovery_rate, asset_running_cost_transfers, total_asset_running_cost_transferred, remaining_overhead_after_asset_transfers,"
09_MIRRA_ASSETS_MODULE_v4.0_LOCKED.txt,09_MIRRA_ASSETS_MODULE_v4.0_LOCKED.txt,1315,assets,asset_running_cost_transfers,snake_case,output_contract_field,output_contract,- total_asset_running_cost_transferred - remaining_overhead_after_asset_transfers - asset_running_cost_transfers[] This allows General Overheads / Cost Summary / Cost Allocation to avoid double counting transferred asset running cost pools.
09_MIRRA_ASSETS_MODULE_v4.0_LOCKED.txt,09_MIRRA_ASSETS_MODULE_v4.0_LOCKED.txt,2098,assets,asset_status,snake_case,output_contract_field,output_contract,- asset_overhead_pool_assignment_summary - asset_related_unassigned_cost - asset_status - assets_benchmark_total - assigned_asset_overhead_cost
16_MIRRA_ASSET_REALITY_v4.0_LOCKED.txt,16_MIRRA_ASSET_REALITY_v4.0_LOCKED.txt,856,assets,asset_underutilisation_flags,snake_case,output_contract_field,output_contract,"highest_pressure_asset, lowest_utilisation_asset, asset_underutilisation_flags, asset_recovery_pressure_summary,"
04_MIRRA_P_AND_L_PAGE_v4.0_LOCKED.txt,04_MIRRA_P_AND_L_PAGE_v4.0_LOCKED.txt,1102,assets,assets_benchmark_total,snake_case,output_contract_field,output_contract,## Output Contract Fields To Add ### `assets_benchmark_total` - Classification: `accept_contract_field`
09_MIRRA_ASSETS_MODULE_v4.0_LOCKED.txt,09_MIRRA_ASSETS_MODULE_v4.0_LOCKED.txt,2099,assets,assets_benchmark_total,snake_case,output_contract_field,output_contract,- asset_related_unassigned_cost - asset_status - assets_benchmark_total - assigned_asset_overhead_cost - assigned_asset_overhead_cost_annual
09_MIRRA_ASSETS_MODULE_v4.0_LOCKED.txt,09_MIRRA_ASSETS_MODULE_v4.0_LOCKED.txt,1269,assets,assets_model_trust_state,snake_case,output_contract_field,output_contract,"assets_warnings, assets_warning_count, assets_model_trust_state }"
09_MIRRA_ASSETS_MODULE_v4.0_LOCKED.txt,09_MIRRA_ASSETS_MODULE_v4.0_LOCKED.txt,1283,assets,assets_model_trust_state,snake_case,output_contract_field,output_contract,- total_asset_running_cost_transferred - assets_status - assets_model_trust_state - assets_warnings
09_MIRRA_ASSETS_MODULE_v4.0_LOCKED.txt,09_MIRRA_ASSETS_MODULE_v4.0_LOCKED.txt,1299,assets,assets_model_trust_state,snake_case,output_contract_field,output_contract,- total_asset_running_cost_transferred - assets_status - assets_model_trust_state Cost Summary uses total_asset_cost_annual as the asset component of total_cost_burden.
09_MIRRA_ASSETS_MODULE_v4.0_LOCKED.txt,09_MIRRA_ASSETS_MODULE_v4.0_LOCKED.txt,1340,assets,assets_model_trust_state,snake_case,output_contract_field,output_contract,- asset_pool_guardrail_status - assets_status - assets_model_trust_state - assets_warnings
09_MIRRA_ASSETS_MODULE_v4.0_LOCKED.txt,09_MIRRA_ASSETS_MODULE_v4.0_LOCKED.txt,1361,assets,assets_model_trust_state,snake_case,output_contract_field,output_contract,- productive_asset_count - asset_pool_guardrail_status - assets_model_trust_state Cost Allocation uses these to create:
09_MIRRA_ASSETS_MODULE_v4.0_LOCKED.txt,09_MIRRA_ASSETS_MODULE_v4.0_LOCKED.txt,2064,assets,assets_output,snake_case,output_contract_field,output_contract,- Identify what object it wraps and which modules consume it. ### `assets_output` - Classification: `accept_reference_wrapper`
09_MIRRA_ASSETS_MODULE_v4.0_LOCKED.txt,09_MIRRA_ASSETS_MODULE_v4.0_LOCKED.txt,2075,assets,assets_output,snake_case,output_contract_field,output_contract,Brief insertion instruction: - Document `assets_output` as a wrapper/reference field for `assets`. - Do not describe it as a business metric. - Identify what object it wraps and which modules consume it.
09_MIRRA_ASSETS_MODULE_v4.0_LOCKED.txt,09_MIRRA_ASSETS_MODULE_v4.0_LOCKED.txt,2121,assets,assets_output,snake_case,output_contract_field,output_contract,- asset_output_contract - assets_output # END v5.0 MACHINE-READABLE ACCEPTED OUTPUT CONTRACT - assets
09_MIRRA_ASSETS_MODULE_v4.0_LOCKED.txt,09_MIRRA_ASSETS_MODULE_v4.0_LOCKED.txt,1265,assets,assets_ready,snake_case,output_contract_field,output_contract,"asset_pool_guardrail_status, assets_ready, assets_status, assets_warnings,"
09_MIRRA_ASSETS_MODULE_v4.0_LOCKED.txt,09_MIRRA_ASSETS_MODULE_v4.0_LOCKED.txt,1266,assets,assets_status,snake_case,output_contract_field,output_contract,"assets_ready, assets_status, assets_warnings, assets_warning_count,"
09_MIRRA_ASSETS_MODULE_v4.0_LOCKED.txt,09_MIRRA_ASSETS_MODULE_v4.0_LOCKED.txt,1282,assets,assets_status,snake_case,output_contract_field,output_contract,- total_productive_asset_cost_annual - total_asset_running_cost_transferred - assets_status - assets_model_trust_state - assets_warnings
09_MIRRA_ASSETS_MODULE_v4.0_LOCKED.txt,09_MIRRA_ASSETS_MODULE_v4.0_LOCKED.txt,1298,assets,assets_status,snake_case,output_contract_field,output_contract,- total_asset_cost_annual - total_asset_running_cost_transferred - assets_status - assets_model_trust_state
09_MIRRA_ASSETS_MODULE_v4.0_LOCKED.txt,09_MIRRA_ASSETS_MODULE_v4.0_LOCKED.txt,1339,assets,assets_status,snake_case,output_contract_field,output_contract,- asset_recovery_rate_status - asset_pool_guardrail_status - assets_status - assets_model_trust_state - assets_warnings
09_MIRRA_ASSETS_MODULE_v4.0_LOCKED.txt,09_MIRRA_ASSETS_MODULE_v4.0_LOCKED.txt,1268,assets,assets_warning_count,snake_case,output_contract_field,output_contract,"assets_status, assets_warnings, assets_warning_count, assets_model_trust_state }"
09_MIRRA_ASSETS_MODULE_v4.0_LOCKED.txt,09_MIRRA_ASSETS_MODULE_v4.0_LOCKED.txt,1267,assets,assets_warnings,snake_case,output_contract_field,output_contract,"assets_ready, assets_status, assets_warnings, assets_warning_count, assets_model_trust_state"
09_MIRRA_ASSETS_MODULE_v4.0_LOCKED.txt,09_MIRRA_ASSETS_MODULE_v4.0_LOCKED.txt,1341,assets,assets_warnings,snake_case,output_contract_field,output_contract,- assets_status - assets_model_trust_state - assets_warnings Asset Reality uses these to test:
09_MIRRA_ASSETS_MODULE_v4.0_LOCKED.txt,09_MIRRA_ASSETS_MODULE_v4.0_LOCKED.txt,2100,assets,assigned_asset_overhead_cost,snake_case,output_contract_field,output_contract,- asset_status - assets_benchmark_total - assigned_asset_overhead_cost - assigned_asset_overhead_cost_annual - base_asset_cost_annual
09_MIRRA_ASSETS_MODULE_v4.0_LOCKED.txt,09_MIRRA_ASSETS_MODULE_v4.0_LOCKED.txt,2101,assets,assigned_asset_overhead_cost_annual,snake_case,output_contract_field,output_contract,- assets_benchmark_total - assigned_asset_overhead_cost - assigned_asset_overhead_cost_annual - base_asset_cost_annual - default_recovery_hours
09_MIRRA_ASSETS_MODULE_v4.0_LOCKED.txt,09_MIRRA_ASSETS_MODULE_v4.0_LOCKED.txt,2102,assets,base_asset_cost_annual,snake_case,output_contract_field,output_contract,- assigned_asset_overhead_cost - assigned_asset_overhead_cost_annual - base_asset_cost_annual - default_recovery_hours - excluded_asset_finance_interest_total
14_MIRRA_BUSINESS_SUMMARY_v4.0_LOCKED.txt,14_MIRRA_BUSINESS_SUMMARY_v4.0_LOCKED.txt,1329,assets,business_summary_cards,snake_case,output_contract_field,output_contract,"asset_reality_context, business_summary_cards, business_summary_source_trace }"
14_MIRRA_BUSINESS_SUMMARY_v4.0_LOCKED.txt,14_MIRRA_BUSINESS_SUMMARY_v4.0_LOCKED.txt,1405,assets,business_summary_model_trust_state,snake_case,output_contract_field,output_contract,- total_cost_burden - net_position - business_summary_model_trust_state Asset Reality must not rely on Business Summary as the source of asset utilisation.
14_MIRRA_BUSINESS_SUMMARY_v4.0_LOCKED.txt,14_MIRRA_BUSINESS_SUMMARY_v4.0_LOCKED.txt,1422,assets,business_summary_model_trust_state,snake_case,output_contract_field,output_contract,- total_asset_cost_annual - total_business_overheads - business_summary_model_trust_state - revenue_reality_context - asset_reality_context
14_MIRRA_BUSINESS_SUMMARY_v4.0_LOCKED.txt,14_MIRRA_BUSINESS_SUMMARY_v4.0_LOCKED.txt,1451,assets,business_summary_model_trust_state,snake_case,output_contract_field,output_contract,- revenue_reality_context - asset_reality_context - business_summary_model_trust_state Recovery Summary owns recovery tests.
14_MIRRA_BUSINESS_SUMMARY_v4.0_LOCKED.txt,14_MIRRA_BUSINESS_SUMMARY_v4.0_LOCKED.txt,1471,assets,business_summary_model_trust_state,snake_case,output_contract_field,output_contract,- revenue_reality_context - asset_reality_context - business_summary_model_trust_state Rate Builder owns required rate models.
14_MIRRA_BUSINESS_SUMMARY_v4.0_LOCKED.txt,14_MIRRA_BUSINESS_SUMMARY_v4.0_LOCKED.txt,1491,assets,business_summary_model_trust_state,snake_case,output_contract_field,output_contract,- revenue_reality_context - asset_reality_context - business_summary_model_trust_state Business Outcome uses this as one input into final diagnosis.
18_MIRRA_RECOVERY_SUMMARY_v4.0_LOCKED.txt,18_MIRRA_RECOVERY_SUMMARY_v4.0_LOCKED.txt,1117,assets,cost_allocation_context,snake_case,output_contract_field,output_contract,"revenue_reality_context, asset_reality_context, cost_allocation_context, recovery_summary_cards,"
17_MIRRA_COST_ALLOCATION_v4.0_LOCKED.txt,17_MIRRA_COST_ALLOCATION_v4.0_LOCKED.txt,1684,assets,cost_allocation_model_trust_state,snake_case,output_contract_field,output_contract,- group driver values where available - unassigned pool values - cost_allocation_model_trust_state - revenue_reality_context - asset_reality_context
17_MIRRA_COST_ALLOCATION_v4.0_LOCKED.txt,17_MIRRA_COST_ALLOCATION_v4.0_LOCKED.txt,1644,assets,cost_allocation_source_trace,snake_case,output_contract_field,output_contract,"revenue_reality_context, asset_reality_context, cost_allocation_source_trace }"
17_MIRRA_COST_ALLOCATION_v4.0_LOCKED.txt,17_MIRRA_COST_ALLOCATION_v4.0_LOCKED.txt,1611,assets,default_productive_asset_pool,snake_case,output_contract_field,output_contract,"productive_asset_pool, default_productive_asset_pool, asset_group_assignments,"
09_MIRRA_ASSETS_MODULE_v4.0_LOCKED.txt,09_MIRRA_ASSETS_MODULE_v4.0_LOCKED.txt,2103,assets,default_recovery_hours,snake_case,output_contract_field,output_contract,- assigned_asset_overhead_cost_annual - base_asset_cost_annual - default_recovery_hours - excluded_asset_finance_interest_total - has_productive_asset_recovery_base
09_MIRRA_ASSETS_MODULE_v4.0_LOCKED.txt,09_MIRRA_ASSETS_MODULE_v4.0_LOCKED.txt,1249,assets,default_utilisation_hours_per_week,snake_case,output_contract_field,output_contract,"utilisation_hours_per_week, utilisation_hours_annual, default_utilisation_hours_per_week, required_asset_recovery_rate,"
09_MIRRA_ASSETS_MODULE_v4.0_LOCKED.txt,09_MIRRA_ASSETS_MODULE_v4.0_LOCKED.txt,2052,assets,document_as_reference_wrapper_not_business_metric,snake_case,output_contract_field,output_contract,- Classification: `accept_reference_wrapper` - Recommended action: `document_as_reference_wrapper_not_business_metric` - Confidence: `medium` - Reason: Field appears to be a named module output contract wrapper consumed by another module.
09_MIRRA_ASSETS_MODULE_v4.0_LOCKED.txt,09_MIRRA_ASSETS_MODULE_v4.0_LOCKED.txt,2067,assets,document_as_reference_wrapper_not_business_metric,snake_case,output_contract_field,output_contract,- Classification: `accept_reference_wrapper` - Recommended action: `document_as_reference_wrapper_not_business_metric` - Confidence: `medium` - Reason: Field appears to be a named module output contract wrapper consumed by another module.
04_MIRRA_P_AND_L_PAGE_v4.0_LOCKED.txt,04_MIRRA_P_AND_L_PAGE_v4.0_LOCKED.txt,1144,assets,excluded_asset_finance_interest_total,snake_case,output_contract_field,output_contract,"- Define owner, meaning, source, downstream consumers where known, current/live status, and review notes. ### `excluded_asset_finance_interest_total` - Classification: `accept_contract_field`"
09_MIRRA_ASSETS_MODULE_v4.0_LOCKED.txt,09_MIRRA_ASSETS_MODULE_v4.0_LOCKED.txt,2104,assets,excluded_asset_finance_interest_total,snake_case,output_contract_field,output_contract,- base_asset_cost_annual - default_recovery_hours - excluded_asset_finance_interest_total - has_productive_asset_recovery_base - no_active_assets_confirmed
05_MIRRA_GENERAL_OVERHEADS_v4.0_LOCKED.txt,05_MIRRA_GENERAL_OVERHEADS_v4.0_LOCKED.txt,797,assets,general_overhead_categories,snake_case,output_contract_field,output_contract,"net_general_overheads, general_overheads_source_total, general_overhead_categories, asset_finance_interest_excluded, asset_finance_interest_excluded_amount,"
04_MIRRA_P_AND_L_PAGE_v4.0_LOCKED.txt,04_MIRRA_P_AND_L_PAGE_v4.0_LOCKED.txt,1558,assets,general_overheads_benchmark_total,snake_case,output_contract_field,output_contract,- employee_overheads_benchmark_total - excluded_asset_finance_interest_total - general_overheads_benchmark_total - gross_profit - hired_equipment_cost
05_MIRRA_GENERAL_OVERHEADS_v4.0_LOCKED.txt,05_MIRRA_GENERAL_OVERHEADS_v4.0_LOCKED.txt,823,assets,general_overheads_model_trust_state,snake_case,output_contract_field,output_contract,- asset_finance_interest_excluded_amount - general_overheads_status - general_overheads_model_trust_state - general_overheads_reconciliation_checks
17_MIRRA_COST_ALLOCATION_v4.0_LOCKED.txt,17_MIRRA_COST_ALLOCATION_v4.0_LOCKED.txt,1614,assets,general_overheads_pool,snake_case,output_contract_field,output_contract,"asset_group_assignments, general_overheads_pool, default_overhead_pool, overhead_group_assignments,"
05_MIRRA_GENERAL_OVERHEADS_v4.0_LOCKED.txt,05_MIRRA_GENERAL_OVERHEADS_v4.0_LOCKED.txt,801,assets,general_overheads_pool_amount,snake_case,output_contract_field,output_contract,"asset_finance_interest_excluded_amount, adjusted_general_overheads_benchmark, general_overheads_pool_amount, general_overheads_pool_source_module, general_overheads_pool_source_name,"
05_MIRRA_GENERAL_OVERHEADS_v4.0_LOCKED.txt,05_MIRRA_GENERAL_OVERHEADS_v4.0_LOCKED.txt,796,assets,general_overheads_source_total,snake_case,output_contract_field,output_contract,"gross_general_overheads_benchmark, net_general_overheads, general_overheads_source_total, general_overhead_categories, asset_finance_interest_excluded,"
05_MIRRA_GENERAL_OVERHEADS_v4.0_LOCKED.txt,05_MIRRA_GENERAL_OVERHEADS_v4.0_LOCKED.txt,822,assets,general_overheads_status,snake_case,output_contract_field,output_contract,- adjusted_general_overheads_benchmark - asset_finance_interest_excluded_amount - general_overheads_status - general_overheads_model_trust_state - general_overheads_reconciliation_checks
10_MIRRA_MODULE_RECONCILIATION_v4.0_LOCKED.txt,10_MIRRA_MODULE_RECONCILIATION_v4.0_LOCKED.txt,952,assets,general_overheads_variance_amount,snake_case,output_contract_field,output_contract,"asset_finance_variance_amount, asset_finance_variance_percent, general_overheads_variance_amount, general_overheads_variance_percent, total_business_cost_variance_amount,"
10_MIRRA_MODULE_RECONCILIATION_v4.0_LOCKED.txt,10_MIRRA_MODULE_RECONCILIATION_v4.0_LOCKED.txt,953,assets,general_overheads_variance_percent,snake_case,output_contract_field,output_contract,"asset_finance_variance_percent, general_overheads_variance_amount, general_overheads_variance_percent, total_business_cost_variance_amount, total_business_cost_variance_percent,"
05_MIRRA_GENERAL_OVERHEADS_v4.0_LOCKED.txt,05_MIRRA_GENERAL_OVERHEADS_v4.0_LOCKED.txt,819,assets,gross_general_overheads_benchmark,snake_case,output_contract_field,output_contract,- total_general_overheads - gross_general_overheads_benchmark - adjusted_general_overheads_benchmark - asset_finance_interest_excluded_amount
04_MIRRA_P_AND_L_PAGE_v4.0_LOCKED.txt,04_MIRRA_P_AND_L_PAGE_v4.0_LOCKED.txt,1559,assets,gross_profit,snake_case,output_contract_field,output_contract,- excluded_asset_finance_interest_total - general_overheads_benchmark_total - gross_profit - hired_equipment_cost - materials_cost
09_MIRRA_ASSETS_MODULE_v4.0_LOCKED.txt,09_MIRRA_ASSETS_MODULE_v4.0_LOCKED.txt,2105,assets,has_productive_asset_recovery_base,snake_case,output_contract_field,output_contract,- default_recovery_hours - excluded_asset_finance_interest_total - has_productive_asset_recovery_base - no_active_assets_confirmed - productive_asset_cost
14_MIRRA_BUSINESS_SUMMARY_v4.0_LOCKED.txt,14_MIRRA_BUSINESS_SUMMARY_v4.0_LOCKED.txt,1362,assets,highest_pressure_asset,snake_case,output_contract_field,output_contract,"total_productive_asset_burden, total_productive_asset_utilisation_hours, highest_pressure_asset, lowest_utilisation_asset, asset_recovery_pressure_summary,"
16_MIRRA_ASSET_REALITY_v4.0_LOCKED.txt,16_MIRRA_ASSET_REALITY_v4.0_LOCKED.txt,854,assets,highest_pressure_asset,snake_case,output_contract_field,output_contract,"weighted_required_asset_recovery_rate, highest_pressure_asset, lowest_utilisation_asset, asset_underutilisation_flags,"
16_MIRRA_ASSET_REALITY_v4.0_LOCKED.txt,16_MIRRA_ASSET_REALITY_v4.0_LOCKED.txt,871,assets,highest_pressure_asset,snake_case,output_contract_field,output_contract,- total_productive_asset_burden - total_productive_asset_utilisation_hours - highest_pressure_asset - lowest_utilisation_asset - asset_recovery_pressure_summary
09_MIRRA_ASSETS_MODULE_v4.0_LOCKED.txt,09_MIRRA_ASSETS_MODULE_v4.0_LOCKED.txt,1718,assets,implemented_contract_not_documented_in_brief,snake_case,output_contract_field,output_contract,- Reason: Field is a named business/status/readiness/financial/hour/recovery output used by code. - Source code file(s): hooks\cost-allocation\useCostAllocationAssetOverlay.js | hooks\useAssets.js | hooks\useCostAllocation.js | hooks\useCostSummary.js | lib\reconciliation\reconciliationRules.js - Audit notes: implemented_contract_not_documented_in_brief Brief insertion instruction:
09_MIRRA_ASSETS_MODULE_v4.0_LOCKED.txt,09_MIRRA_ASSETS_MODULE_v4.0_LOCKED.txt,1732,assets,implemented_contract_not_documented_in_brief,snake_case,output_contract_field,output_contract,"- Reason: Field suffix indicates a likely contract output such as total, status, warning, cost, rate, hours, or row array. - Source code file(s): lib\reconciliation\reconciliationRules.js - Audit notes: implemented_contract_not_documented_in_brief Brief insertion instruction:"
09_MIRRA_ASSETS_MODULE_v4.0_LOCKED.txt,09_MIRRA_ASSETS_MODULE_v4.0_LOCKED.txt,1746,assets,implemented_contract_not_documented_in_brief,snake_case,output_contract_field,output_contract,- Reason: Field is a named business/status/readiness/financial/hour/recovery output used by code. - Source code file(s): hooks\useAssets.js | lib\reconciliation\reconciliationRules.js - Audit notes: implemented_contract_not_documented_in_brief Brief insertion instruction:
09_MIRRA_ASSETS_MODULE_v4.0_LOCKED.txt,09_MIRRA_ASSETS_MODULE_v4.0_LOCKED.txt,1760,assets,implemented_contract_not_documented_in_brief,snake_case,output_contract_field,output_contract,"- Reason: Field suffix indicates a likely contract output such as total, status, warning, cost, rate, hours, or row array. - Source code file(s): hooks\useAssets.js | hooks\useCostSummary.js - Audit notes: implemented_contract_not_documented_in_brief Brief insertion instruction:"
09_MIRRA_ASSETS_MODULE_v4.0_LOCKED.txt,09_MIRRA_ASSETS_MODULE_v4.0_LOCKED.txt,1774,assets,implemented_contract_not_documented_in_brief,snake_case,output_contract_field,output_contract,"- Reason: Field suffix indicates a likely contract output such as total, status, warning, cost, rate, hours, or row array. - Source code file(s): hooks\useAssets.js | hooks\useCostSummary.js | hooks\useGeneralOverheads.js - Audit notes: implemented_contract_not_documented_in_brief Brief insertion instruction:"
09_MIRRA_ASSETS_MODULE_v4.0_LOCKED.txt,09_MIRRA_ASSETS_MODULE_v4.0_LOCKED.txt,2056,assets,implemented_contract_not_documented_in_brief,snake_case,output_contract_field,output_contract,- Reason: Field appears to be a named module output contract wrapper consumed by another module. - Source code file(s): hooks\cost-allocation\useCostAllocationAssetOverlay.js | hooks\useCostAllocation.js | hooks\useCostSummary.js | lib\reconciliation\moduleReconciliation.js | lib\reconciliation\reconciliationRules.js - Audit notes: implemented_contract_not_documented_in_brief Brief insertion instruction:
09_MIRRA_ASSETS_MODULE_v4.0_LOCKED.txt,09_MIRRA_ASSETS_MODULE_v4.0_LOCKED.txt,2071,assets,implemented_contract_not_documented_in_brief,snake_case,output_contract_field,output_contract,- Reason: Field appears to be a named module output contract wrapper consumed by another module. - Source code file(s): components\model-readiness\ModelReadinessAuditPanel.jsx - Audit notes: implemented_contract_not_documented_in_brief Brief insertion instruction:
14_MIRRA_BUSINESS_SUMMARY_v4.0_LOCKED.txt,14_MIRRA_BUSINESS_SUMMARY_v4.0_LOCKED.txt,1363,assets,lowest_utilisation_asset,snake_case,output_contract_field,output_contract,"total_productive_asset_utilisation_hours, highest_pressure_asset, lowest_utilisation_asset, asset_recovery_pressure_summary, asset_reality_status,"
16_MIRRA_ASSET_REALITY_v4.0_LOCKED.txt,16_MIRRA_ASSET_REALITY_v4.0_LOCKED.txt,855,assets,lowest_utilisation_asset,snake_case,output_contract_field,output_contract,"highest_pressure_asset, lowest_utilisation_asset, asset_underutilisation_flags, asset_recovery_pressure_summary,"
16_MIRRA_ASSET_REALITY_v4.0_LOCKED.txt,16_MIRRA_ASSET_REALITY_v4.0_LOCKED.txt,872,assets,lowest_utilisation_asset,snake_case,output_contract_field,output_contract,- total_productive_asset_utilisation_hours - highest_pressure_asset - lowest_utilisation_asset - asset_recovery_pressure_summary - asset_reality_status
10_MIRRA_MODULE_RECONCILIATION_v4.0_LOCKED.txt,10_MIRRA_MODULE_RECONCILIATION_v4.0_LOCKED.txt,961,assets,module_reconciliation_ready,snake_case,output_contract_field,output_contract,"total_other_income, asset_running_cost_transfer_context, module_reconciliation_ready, module_reconciliation_status, module_reconciliation_warnings,"
10_MIRRA_MODULE_RECONCILIATION_v4.0_LOCKED.txt,10_MIRRA_MODULE_RECONCILIATION_v4.0_LOCKED.txt,962,assets,module_reconciliation_status,snake_case,output_contract_field,output_contract,"asset_running_cost_transfer_context, module_reconciliation_ready, module_reconciliation_status, module_reconciliation_warnings, module_reconciliation_warning_count,"
14_MIRRA_BUSINESS_SUMMARY_v4.0_LOCKED.txt,14_MIRRA_BUSINESS_SUMMARY_v4.0_LOCKED.txt,1404,assets,net_position,snake_case,output_contract_field,output_contract,- total_asset_cost_annual - total_cost_burden - net_position - business_summary_model_trust_state
14_MIRRA_BUSINESS_SUMMARY_v4.0_LOCKED.txt,14_MIRRA_BUSINESS_SUMMARY_v4.0_LOCKED.txt,1448,assets,net_position,snake_case,output_contract_field,output_contract,- margin_pool - total_cost_burden - net_position - revenue_reality_context - asset_reality_context
09_MIRRA_ASSETS_MODULE_v4.0_LOCKED.txt,09_MIRRA_ASSETS_MODULE_v4.0_LOCKED.txt,2106,assets,no_active_assets_confirmed,snake_case,output_contract_field,output_contract,- excluded_asset_finance_interest_total - has_productive_asset_recovery_base - no_active_assets_confirmed - productive_asset_cost - productive_asset_recovery_cost_annual
16_MIRRA_ASSET_REALITY_v4.0_LOCKED.txt,16_MIRRA_ASSET_REALITY_v4.0_LOCKED.txt,848,assets,non_productive_asset_context_rows,snake_case,output_contract_field,output_contract,"productive_asset_reality_rows, non_productive_asset_context_rows, total_productive_asset_burden,"
09_MIRRA_ASSETS_MODULE_v4.0_LOCKED.txt,09_MIRRA_ASSETS_MODULE_v4.0_LOCKED.txt,1245,assets,non_productive_asset_count,snake_case,output_contract_field,output_contract,"total_productive_asset_burden, productive_asset_count, non_productive_asset_count, utilisation_hours_per_week,"
09_MIRRA_ASSETS_MODULE_v4.0_LOCKED.txt,09_MIRRA_ASSETS_MODULE_v4.0_LOCKED.txt,1333,assets,non_productive_asset_count,snake_case,output_contract_field,output_contract,- total_productive_asset_burden - productive_asset_count - non_productive_asset_count - utilisation_hours_per_week - utilisation_hours_annual
09_MIRRA_ASSETS_MODULE_v4.0_LOCKED.txt,09_MIRRA_ASSETS_MODULE_v4.0_LOCKED.txt,1239,assets,non_productive_asset_rows,snake_case,output_contract_field,output_contract,"asset_rows, productive_asset_rows, non_productive_asset_rows, total_asset_cost_annual, total_productive_asset_cost_annual,"
09_MIRRA_ASSETS_MODULE_v4.0_LOCKED.txt,09_MIRRA_ASSETS_MODULE_v4.0_LOCKED.txt,1330,assets,non_productive_asset_rows,snake_case,output_contract_field,output_contract,- productive_asset_rows - non_productive_asset_rows - total_productive_asset_burden - productive_asset_count
14_MIRRA_BUSINESS_SUMMARY_v4.0_LOCKED.txt,14_MIRRA_BUSINESS_SUMMARY_v4.0_LOCKED.txt,1321,assets,other_income_excluded,snake_case,output_contract_field,output_contract,"asset_finance_bridge_variance, general_overheads_bridge_variance, other_income_excluded, mirra_operating_position, bridge_difference,"
04_MIRRA_P_AND_L_PAGE_v4.0_LOCKED.txt,04_MIRRA_P_AND_L_PAGE_v4.0_LOCKED.txt,1552,assets,output_contract,snake_case,output_contract_field,output_contract,SOURCE: MIRRA_ACCEPTED_BRIEF_FIELDS_BY_MODULE_v5.0.csv ## output_contract - assets_benchmark_total
09_MIRRA_ASSETS_MODULE_v4.0_LOCKED.txt,09_MIRRA_ASSETS_MODULE_v4.0_LOCKED.txt,2088,assets,output_contract,snake_case,output_contract_field,output_contract,MODULE_OWNER: assets SECTION_TYPE: output_contract SOURCE: MIRRA_ACCEPTED_BRIEF_FIELDS_BY_MODULE_v5.0.csv
09_MIRRA_ASSETS_MODULE_v4.0_LOCKED.txt,09_MIRRA_ASSETS_MODULE_v4.0_LOCKED.txt,2091,assets,output_contract,snake_case,output_contract_field,output_contract,SOURCE: MIRRA_ACCEPTED_BRIEF_FIELDS_BY_MODULE_v5.0.csv ## output_contract - active_assets
09_MIRRA_ASSETS_MODULE_v4.0_LOCKED.txt,09_MIRRA_ASSETS_MODULE_v4.0_LOCKED.txt,2131,assets,output_contract,snake_case,output_contract_field,output_contract,MODULE_OWNER: assets SECTION_TYPE: output_contract SOURCE: MIRRA_PASS_4_ACCEPTED_CONTRACT_FIELDS_PLA_v5.0.csv
09_MIRRA_ASSETS_MODULE_v4.0_LOCKED.txt,09_MIRRA_ASSETS_MODULE_v4.0_LOCKED.txt,2134,assets,output_contract,snake_case,output_contract_field,output_contract,SOURCE: MIRRA_PASS_4_ACCEPTED_CONTRACT_FIELDS_PLA_v5.0.csv ## output_contract - asset_operator
09_MIRRA_ASSETS_MODULE_v4.0_LOCKED.txt,09_MIRRA_ASSETS_MODULE_v4.0_LOCKED.txt,2118,assets,output_contract_reference_wrappers,snake_case,output_contract_field,output_contract,- total_unassigned_asset_related_overhead_cost_annual ## output_contract_reference_wrappers - asset_output_contract
23_MIRRA_JOB_COSTING_PROFITABILITY_v4.0_LOCKED.txt,23_MIRRA_JOB_COSTING_PROFITABILITY_v4.0_LOCKED.txt,916,assets,overhead_recovery_variance_rows,snake_case,output_contract_field,output_contract,"asset_variance_rows, subcontractor_variance_rows, overhead_recovery_variance_rows, supplier_job_performance_rows,"
09_MIRRA_ASSETS_MODULE_v4.0_LOCKED.txt,09_MIRRA_ASSETS_MODULE_v4.0_LOCKED.txt,2107,assets,productive_asset_cost,snake_case,output_contract_field,output_contract,- has_productive_asset_recovery_base - no_active_assets_confirmed - productive_asset_cost - productive_asset_recovery_cost_annual - recovery_hours_used
09_MIRRA_ASSETS_MODULE_v4.0_LOCKED.txt,09_MIRRA_ASSETS_MODULE_v4.0_LOCKED.txt,1244,assets,productive_asset_count,snake_case,output_contract_field,output_contract,"total_non_productive_asset_cost_annual, total_productive_asset_burden, productive_asset_count, non_productive_asset_count,"
09_MIRRA_ASSETS_MODULE_v4.0_LOCKED.txt,09_MIRRA_ASSETS_MODULE_v4.0_LOCKED.txt,1332,assets,productive_asset_count,snake_case,output_contract_field,output_contract,- non_productive_asset_rows - total_productive_asset_burden - productive_asset_count - non_productive_asset_count - utilisation_hours_per_week
09_MIRRA_ASSETS_MODULE_v4.0_LOCKED.txt,09_MIRRA_ASSETS_MODULE_v4.0_LOCKED.txt,1359,assets,productive_asset_count,snake_case,output_contract_field,output_contract,- productive_asset_rows - total_productive_asset_burden - productive_asset_count - asset_pool_guardrail_status - assets_model_trust_state
16_MIRRA_ASSET_REALITY_v4.0_LOCKED.txt,16_MIRRA_ASSET_REALITY_v4.0_LOCKED.txt,847,assets,productive_asset_reality_rows,snake_case,output_contract_field,output_contract,"asset_reality_model_trust_state, productive_asset_reality_rows, non_productive_asset_context_rows,"
09_MIRRA_ASSETS_MODULE_v4.0_LOCKED.txt,09_MIRRA_ASSETS_MODULE_v4.0_LOCKED.txt,2108,assets,productive_asset_recovery_cost_annual,snake_case,output_contract_field,output_contract,- no_active_assets_confirmed - productive_asset_cost - productive_asset_recovery_cost_annual - recovery_hours_used - support_asset_cost
09_MIRRA_ASSETS_MODULE_v4.0_LOCKED.txt,09_MIRRA_ASSETS_MODULE_v4.0_LOCKED.txt,1238,assets,productive_asset_rows,snake_case,output_contract_field,output_contract,"{ asset_rows, productive_asset_rows, non_productive_asset_rows, total_asset_cost_annual,"
09_MIRRA_ASSETS_MODULE_v4.0_LOCKED.txt,09_MIRRA_ASSETS_MODULE_v4.0_LOCKED.txt,1329,assets,productive_asset_rows,snake_case,output_contract_field,output_contract,Asset Reality should receive: - productive_asset_rows - non_productive_asset_rows - total_productive_asset_burden
09_MIRRA_ASSETS_MODULE_v4.0_LOCKED.txt,09_MIRRA_ASSETS_MODULE_v4.0_LOCKED.txt,1357,assets,productive_asset_rows,snake_case,output_contract_field,output_contract,Cost Allocation should receive: - productive_asset_rows - total_productive_asset_burden - productive_asset_count
24_MIRRA_MODEL_FEEDBACK_LOOP_v4.0_LOCKED.txt,24_MIRRA_MODEL_FEEDBACK_LOOP_v4.0_LOCKED.txt,936,assets,quote_alignment_feedback_rows,snake_case,output_contract_field,output_contract,"asset_feedback_rows, overhead_feedback_rows, quote_alignment_feedback_rows, positive_feedback_rows,"
14_MIRRA_BUSINESS_SUMMARY_v4.0_LOCKED.txt,14_MIRRA_BUSINESS_SUMMARY_v4.0_LOCKED.txt,1468,assets,recovery_gap_per_driver,snake_case,output_contract_field,output_contract,- required_recovery_per_driver - current_margin_per_driver - recovery_gap_per_driver - revenue_reality_context - asset_reality_context
09_MIRRA_ASSETS_MODULE_v4.0_LOCKED.txt,09_MIRRA_ASSETS_MODULE_v4.0_LOCKED.txt,2109,assets,recovery_hours_used,snake_case,output_contract_field,output_contract,- productive_asset_cost - productive_asset_recovery_cost_annual - recovery_hours_used - support_asset_cost - support_asset_count
18_MIRRA_RECOVERY_SUMMARY_v4.0_LOCKED.txt,18_MIRRA_RECOVERY_SUMMARY_v4.0_LOCKED.txt,1161,assets,recovery_summary_model_trust_state,snake_case,output_contract_field,output_contract,- Revenue Reality context - Asset Reality context - recovery_summary_model_trust_state Business Outcome uses this as diagnostic evidence.
09_MIRRA_ASSETS_MODULE_v4.0_LOCKED.txt,09_MIRRA_ASSETS_MODULE_v4.0_LOCKED.txt,1254,assets,remaining_overhead_after_asset_transfers,snake_case,output_contract_field,output_contract,"asset_running_cost_transfers, total_asset_running_cost_transferred, remaining_overhead_after_asset_transfers, asset_pool_guardrails,"
09_MIRRA_ASSETS_MODULE_v4.0_LOCKED.txt,09_MIRRA_ASSETS_MODULE_v4.0_LOCKED.txt,1314,assets,remaining_overhead_after_asset_transfers,snake_case,output_contract_field,output_contract,- total_asset_running_cost_transferred - remaining_overhead_after_asset_transfers - asset_running_cost_transfers[]
09_MIRRA_ASSETS_MODULE_v4.0_LOCKED.txt,09_MIRRA_ASSETS_MODULE_v4.0_LOCKED.txt,1250,assets,required_asset_recovery_rate,snake_case,output_contract_field,output_contract,"utilisation_hours_annual, default_utilisation_hours_per_week, required_asset_recovery_rate, asset_running_cost_transfers,"
09_MIRRA_ASSETS_MODULE_v4.0_LOCKED.txt,09_MIRRA_ASSETS_MODULE_v4.0_LOCKED.txt,1336,assets,required_asset_recovery_rate,snake_case,output_contract_field,output_contract,- utilisation_hours_per_week - utilisation_hours_annual - required_asset_recovery_rate - asset_recovery_rate_status - asset_pool_guardrail_status
14_MIRRA_BUSINESS_SUMMARY_v4.0_LOCKED.txt,14_MIRRA_BUSINESS_SUMMARY_v4.0_LOCKED.txt,1326,assets,revenue_reality_context,snake_case,output_contract_field,output_contract,"bridge_status, revenue_reality_context, asset_reality_context,"
14_MIRRA_BUSINESS_SUMMARY_v4.0_LOCKED.txt,14_MIRRA_BUSINESS_SUMMARY_v4.0_LOCKED.txt,1423,assets,revenue_reality_context,snake_case,output_contract_field,output_contract,- total_business_overheads - business_summary_model_trust_state - revenue_reality_context - asset_reality_context
14_MIRRA_BUSINESS_SUMMARY_v4.0_LOCKED.txt,14_MIRRA_BUSINESS_SUMMARY_v4.0_LOCKED.txt,1449,assets,revenue_reality_context,snake_case,output_contract_field,output_contract,- total_cost_burden - net_position - revenue_reality_context - asset_reality_context - business_summary_model_trust_state
14_MIRRA_BUSINESS_SUMMARY_v4.0_LOCKED.txt,14_MIRRA_BUSINESS_SUMMARY_v4.0_LOCKED.txt,1469,assets,revenue_reality_context,snake_case,output_contract_field,output_contract,- current_margin_per_driver - recovery_gap_per_driver - revenue_reality_context - asset_reality_context - business_summary_model_trust_state
17_MIRRA_COST_ALLOCATION_v4.0_LOCKED.txt,17_MIRRA_COST_ALLOCATION_v4.0_LOCKED.txt,1642,assets,revenue_reality_context,snake_case,output_contract_field,output_contract,"allocation_reconciliation_checks, revenue_reality_context, asset_reality_context, cost_allocation_source_trace"
17_MIRRA_COST_ALLOCATION_v4.0_LOCKED.txt,17_MIRRA_COST_ALLOCATION_v4.0_LOCKED.txt,1662,assets,revenue_reality_context,snake_case,output_contract_field,output_contract,- allocation_reconciliation_checks - unassigned pool values - revenue_reality_context - asset_reality_context
17_MIRRA_COST_ALLOCATION_v4.0_LOCKED.txt,17_MIRRA_COST_ALLOCATION_v4.0_LOCKED.txt,1685,assets,revenue_reality_context,snake_case,output_contract_field,output_contract,- unassigned pool values - cost_allocation_model_trust_state - revenue_reality_context - asset_reality_context
17_MIRRA_COST_ALLOCATION_v4.0_LOCKED.txt,17_MIRRA_COST_ALLOCATION_v4.0_LOCKED.txt,1706,assets,revenue_reality_context,snake_case,output_contract_field,output_contract,- unassigned pools - over-allocation warnings - revenue_reality_context - asset_reality_context
18_MIRRA_RECOVERY_SUMMARY_v4.0_LOCKED.txt,18_MIRRA_RECOVERY_SUMMARY_v4.0_LOCKED.txt,1115,assets,revenue_reality_context,snake_case,output_contract_field,output_contract,"overall_recovery_status, revenue_reality_context, asset_reality_context, cost_allocation_context,"
29_MIRRA_INTEGRATIONS_API_LAYER_v4.0_LOCKED.txt,29_MIRRA_INTEGRATIONS_API_LAYER_v4.0_LOCKED.txt,633,assets,source_document_number,snake_case,output_contract_field,output_contract,"supplier_name, description, source_document_number, amount, suggested_asset_name,"
29_MIRRA_INTEGRATIONS_API_LAYER_v4.0_LOCKED.txt,29_MIRRA_INTEGRATIONS_API_LAYER_v4.0_LOCKED.txt,637,assets,source_trace,snake_case,output_contract_field,output_contract,"suggested_asset_name, suggested_asset_cost_type, source_trace }"
29_MIRRA_INTEGRATIONS_API_LAYER_v4.0_LOCKED.txt,29_MIRRA_INTEGRATIONS_API_LAYER_v4.0_LOCKED.txt,636,assets,suggested_asset_cost_type,snake_case,output_contract_field,output_contract,"amount, suggested_asset_name, suggested_asset_cost_type, source_trace }"
29_MIRRA_INTEGRATIONS_API_LAYER_v4.0_LOCKED.txt,29_MIRRA_INTEGRATIONS_API_LAYER_v4.0_LOCKED.txt,635,assets,suggested_asset_name,snake_case,output_contract_field,output_contract,"source_document_number, amount, suggested_asset_name, suggested_asset_cost_type, source_trace"
09_MIRRA_ASSETS_MODULE_v4.0_LOCKED.txt,09_MIRRA_ASSETS_MODULE_v4.0_LOCKED.txt,2110,assets,support_asset_cost,snake_case,output_contract_field,output_contract,- productive_asset_recovery_cost_annual - recovery_hours_used - support_asset_cost - support_asset_count - total_allocated_asset_overhead_cost_annual
09_MIRRA_ASSETS_MODULE_v4.0_LOCKED.txt,09_MIRRA_ASSETS_MODULE_v4.0_LOCKED.txt,2111,assets,support_asset_count,snake_case,output_contract_field,output_contract,- recovery_hours_used - support_asset_cost - support_asset_count - total_allocated_asset_overhead_cost_annual - total_asset_interest_annual
09_MIRRA_ASSETS_MODULE_v4.0_LOCKED.txt,09_MIRRA_ASSETS_MODULE_v4.0_LOCKED.txt,2112,assets,total_allocated_asset_overhead_cost_annual,snake_case,output_contract_field,output_contract,- support_asset_cost - support_asset_count - total_allocated_asset_overhead_cost_annual - total_asset_interest_annual - total_asset_recovery_cost_annual
09_MIRRA_ASSETS_MODULE_v4.0_LOCKED.txt,09_MIRRA_ASSETS_MODULE_v4.0_LOCKED.txt,1240,assets,total_asset_cost_annual,snake_case,output_contract_field,output_contract,"productive_asset_rows, non_productive_asset_rows, total_asset_cost_annual, total_productive_asset_cost_annual, total_non_productive_asset_cost_annual,"
09_MIRRA_ASSETS_MODULE_v4.0_LOCKED.txt,09_MIRRA_ASSETS_MODULE_v4.0_LOCKED.txt,1278,assets,total_asset_cost_annual,snake_case,output_contract_field,output_contract,Module Reconciliation should receive: - total_asset_cost_annual - asset_finance_interest_annual where needed - total_productive_asset_cost_annual
09_MIRRA_ASSETS_MODULE_v4.0_LOCKED.txt,09_MIRRA_ASSETS_MODULE_v4.0_LOCKED.txt,1296,assets,total_asset_cost_annual,snake_case,output_contract_field,output_contract,Cost Summary should receive: - total_asset_cost_annual - total_asset_running_cost_transferred - assets_status
09_MIRRA_ASSETS_MODULE_v4.0_LOCKED.txt,09_MIRRA_ASSETS_MODULE_v4.0_LOCKED.txt,1301,assets,total_asset_cost_annual,snake_case,output_contract_field,output_contract,"- assets_model_trust_state Cost Summary uses total_asset_cost_annual as the asset component of total_cost_burden. If asset running cost transfers exist, Cost Summary must avoid double counting by using the net General Overheads value after transferred running costs are removed or clearly marked as transferred."
14_MIRRA_BUSINESS_SUMMARY_v4.0_LOCKED.txt,14_MIRRA_BUSINESS_SUMMARY_v4.0_LOCKED.txt,1402,assets,total_asset_cost_annual,snake_case,output_contract_field,output_contract,Business Summary may provide macro context only: - total_asset_cost_annual - total_cost_burden - net_position
14_MIRRA_BUSINESS_SUMMARY_v4.0_LOCKED.txt,14_MIRRA_BUSINESS_SUMMARY_v4.0_LOCKED.txt,1420,assets,total_asset_cost_annual,snake_case,output_contract_field,output_contract,- total_cost_burden - total_people_cost_annual - total_asset_cost_annual - total_business_overheads - business_summary_model_trust_state
09_MIRRA_ASSETS_MODULE_v4.0_LOCKED.txt,09_MIRRA_ASSETS_MODULE_v4.0_LOCKED.txt,2113,assets,total_asset_interest_annual,snake_case,output_contract_field,output_contract,- support_asset_count - total_allocated_asset_overhead_cost_annual - total_asset_interest_annual - total_asset_recovery_cost_annual - total_general_overheads_before_asset_assignment
09_MIRRA_ASSETS_MODULE_v4.0_LOCKED.txt,09_MIRRA_ASSETS_MODULE_v4.0_LOCKED.txt,2114,assets,total_asset_recovery_cost_annual,snake_case,output_contract_field,output_contract,- total_allocated_asset_overhead_cost_annual - total_asset_interest_annual - total_asset_recovery_cost_annual - total_general_overheads_before_asset_assignment - total_unassigned_asset_related_overhead_cost_annual
09_MIRRA_ASSETS_MODULE_v4.0_LOCKED.txt,09_MIRRA_ASSETS_MODULE_v4.0_LOCKED.txt,1253,assets,total_asset_running_cost_transferred,snake_case,output_contract_field,output_contract,"asset_running_cost_transfers, total_asset_running_cost_transferred, remaining_overhead_after_asset_transfers,"
09_MIRRA_ASSETS_MODULE_v4.0_LOCKED.txt,09_MIRRA_ASSETS_MODULE_v4.0_LOCKED.txt,1281,assets,total_asset_running_cost_transferred,snake_case,output_contract_field,output_contract,- asset_finance_interest_annual where needed - total_productive_asset_cost_annual - total_asset_running_cost_transferred - assets_status - assets_model_trust_state
09_MIRRA_ASSETS_MODULE_v4.0_LOCKED.txt,09_MIRRA_ASSETS_MODULE_v4.0_LOCKED.txt,1297,assets,total_asset_running_cost_transferred,snake_case,output_contract_field,output_contract,- total_asset_cost_annual - total_asset_running_cost_transferred - assets_status - assets_model_trust_state
09_MIRRA_ASSETS_MODULE_v4.0_LOCKED.txt,09_MIRRA_ASSETS_MODULE_v4.0_LOCKED.txt,1313,assets,total_asset_running_cost_transferred,snake_case,output_contract_field,output_contract,General Overheads should receive or expose alongside Assets: - total_asset_running_cost_transferred - remaining_overhead_after_asset_transfers - asset_running_cost_transfers[]
17_MIRRA_COST_ALLOCATION_v4.0_LOCKED.txt,17_MIRRA_COST_ALLOCATION_v4.0_LOCKED.txt,1628,assets,total_assigned_asset_burden,snake_case,output_contract_field,output_contract,"total_available_asset_burden, total_assigned_asset_burden, total_remaining_asset_burden, total_available_asset_utilisation_hours,"
09_MIRRA_ASSETS_MODULE_v4.0_LOCKED.txt,09_MIRRA_ASSETS_MODULE_v4.0_LOCKED.txt,1258,assets,total_assigned_asset_cost_pool,snake_case,output_contract_field,output_contract,"asset_pool_guardrails, total_available_asset_cost_pool, total_assigned_asset_cost_pool, total_assigned_to_productive_assets, total_assigned_to_non_productive_assets,"
17_MIRRA_COST_ALLOCATION_v4.0_LOCKED.txt,17_MIRRA_COST_ALLOCATION_v4.0_LOCKED.txt,1631,assets,total_assigned_asset_utilisation_hours,snake_case,output_contract_field,output_contract,"total_remaining_asset_burden, total_available_asset_utilisation_hours, total_assigned_asset_utilisation_hours, total_remaining_asset_utilisation_hours,"
09_MIRRA_ASSETS_MODULE_v4.0_LOCKED.txt,09_MIRRA_ASSETS_MODULE_v4.0_LOCKED.txt,1260,assets,total_assigned_to_non_productive_assets,snake_case,output_contract_field,output_contract,"total_assigned_asset_cost_pool, total_assigned_to_productive_assets, total_assigned_to_non_productive_assets, total_remaining_asset_cost_pool, total_over_allocated_asset_cost_pool,"
09_MIRRA_ASSETS_MODULE_v4.0_LOCKED.txt,09_MIRRA_ASSETS_MODULE_v4.0_LOCKED.txt,1259,assets,total_assigned_to_productive_assets,snake_case,output_contract_field,output_contract,"total_available_asset_cost_pool, total_assigned_asset_cost_pool, total_assigned_to_productive_assets, total_assigned_to_non_productive_assets, total_remaining_asset_cost_pool,"
09_MIRRA_ASSETS_MODULE_v4.0_LOCKED.txt,09_MIRRA_ASSETS_MODULE_v4.0_LOCKED.txt,1257,assets,total_available_asset_cost_pool,snake_case,output_contract_field,output_contract,"asset_pool_guardrails, total_available_asset_cost_pool, total_assigned_asset_cost_pool, total_assigned_to_productive_assets,"
17_MIRRA_COST_ALLOCATION_v4.0_LOCKED.txt,17_MIRRA_COST_ALLOCATION_v4.0_LOCKED.txt,1630,assets,total_available_asset_utilisation_hours,snake_case,output_contract_field,output_contract,"total_assigned_asset_burden, total_remaining_asset_burden, total_available_asset_utilisation_hours, total_assigned_asset_utilisation_hours, total_remaining_asset_utilisation_hours,"
17_MIRRA_COST_ALLOCATION_v4.0_LOCKED.txt,17_MIRRA_COST_ALLOCATION_v4.0_LOCKED.txt,1634,assets,total_available_overhead_amount,snake_case,output_contract_field,output_contract,"total_remaining_asset_utilisation_hours, total_available_overhead_amount, total_assigned_overhead_amount, total_remaining_overhead_amount,"
14_MIRRA_BUSINESS_SUMMARY_v4.0_LOCKED.txt,14_MIRRA_BUSINESS_SUMMARY_v4.0_LOCKED.txt,1421,assets,total_business_overheads,snake_case,output_contract_field,output_contract,- total_people_cost_annual - total_asset_cost_annual - total_business_overheads - business_summary_model_trust_state - revenue_reality_context
09_MIRRA_ASSETS_MODULE_v4.0_LOCKED.txt,09_MIRRA_ASSETS_MODULE_v4.0_LOCKED.txt,1301,assets,total_cost_burden,snake_case,output_contract_field,output_contract,"- assets_model_trust_state Cost Summary uses total_asset_cost_annual as the asset component of total_cost_burden. If asset running cost transfers exist, Cost Summary must avoid double counting by using the net General Overheads value after transferred running costs are removed or clearly marked as transferred."
14_MIRRA_BUSINESS_SUMMARY_v4.0_LOCKED.txt,14_MIRRA_BUSINESS_SUMMARY_v4.0_LOCKED.txt,1305,assets,total_cost_burden,snake_case,output_contract_field,output_contract,"total_asset_cost_annual, total_business_overheads, total_cost_burden, net_position,"
14_MIRRA_BUSINESS_SUMMARY_v4.0_LOCKED.txt,14_MIRRA_BUSINESS_SUMMARY_v4.0_LOCKED.txt,1403,assets,total_cost_burden,snake_case,output_contract_field,output_contract,- total_asset_cost_annual - total_cost_burden - net_position - business_summary_model_trust_state
14_MIRRA_BUSINESS_SUMMARY_v4.0_LOCKED.txt,14_MIRRA_BUSINESS_SUMMARY_v4.0_LOCKED.txt,1418,assets,total_cost_burden,snake_case,output_contract_field,output_contract,- activity_driver_type - activity_driver_value - total_cost_burden - total_people_cost_annual - total_asset_cost_annual
09_MIRRA_ASSETS_MODULE_v4.0_LOCKED.txt,09_MIRRA_ASSETS_MODULE_v4.0_LOCKED.txt,2115,assets,total_general_overheads_before_asset_assignment,snake_case,output_contract_field,output_contract,- total_asset_interest_annual - total_asset_recovery_cost_annual - total_general_overheads_before_asset_assignment - total_unassigned_asset_related_overhead_cost_annual
09_MIRRA_ASSETS_MODULE_v4.0_LOCKED.txt,09_MIRRA_ASSETS_MODULE_v4.0_LOCKED.txt,1242,assets,total_non_productive_asset_cost_annual,snake_case,output_contract_field,output_contract,"total_asset_cost_annual, total_productive_asset_cost_annual, total_non_productive_asset_cost_annual, total_productive_asset_burden, productive_asset_count,"
09_MIRRA_ASSETS_MODULE_v4.0_LOCKED.txt,09_MIRRA_ASSETS_MODULE_v4.0_LOCKED.txt,1262,assets,total_over_allocated_asset_cost_pool,snake_case,output_contract_field,output_contract,"total_assigned_to_non_productive_assets, total_remaining_asset_cost_pool, total_over_allocated_asset_cost_pool, asset_pool_guardrail_status,"
14_MIRRA_BUSINESS_SUMMARY_v4.0_LOCKED.txt,14_MIRRA_BUSINESS_SUMMARY_v4.0_LOCKED.txt,1419,assets,total_people_cost_annual,snake_case,output_contract_field,output_contract,- activity_driver_value - total_cost_burden - total_people_cost_annual - total_asset_cost_annual - total_business_overheads
09_MIRRA_ASSETS_MODULE_v4.0_LOCKED.txt,09_MIRRA_ASSETS_MODULE_v4.0_LOCKED.txt,1243,assets,total_productive_asset_burden,snake_case,output_contract_field,output_contract,"total_productive_asset_cost_annual, total_non_productive_asset_cost_annual, total_productive_asset_burden, productive_asset_count, non_productive_asset_count,"
09_MIRRA_ASSETS_MODULE_v4.0_LOCKED.txt,09_MIRRA_ASSETS_MODULE_v4.0_LOCKED.txt,1331,assets,total_productive_asset_burden,snake_case,output_contract_field,output_contract,- productive_asset_rows - non_productive_asset_rows - total_productive_asset_burden - productive_asset_count - non_productive_asset_count
09_MIRRA_ASSETS_MODULE_v4.0_LOCKED.txt,09_MIRRA_ASSETS_MODULE_v4.0_LOCKED.txt,1358,assets,total_productive_asset_burden,snake_case,output_contract_field,output_contract,- productive_asset_rows - total_productive_asset_burden - productive_asset_count - asset_pool_guardrail_status
14_MIRRA_BUSINESS_SUMMARY_v4.0_LOCKED.txt,14_MIRRA_BUSINESS_SUMMARY_v4.0_LOCKED.txt,1360,assets,total_productive_asset_burden,snake_case,output_contract_field,output_contract,"asset_reality_context = { weighted_required_asset_recovery_rate, total_productive_asset_burden, total_productive_asset_utilisation_hours, highest_pressure_asset,"
16_MIRRA_ASSET_REALITY_v4.0_LOCKED.txt,16_MIRRA_ASSET_REALITY_v4.0_LOCKED.txt,850,assets,total_productive_asset_burden,snake_case,output_contract_field,output_contract,"non_productive_asset_context_rows, total_productive_asset_burden, total_productive_asset_utilisation_hours, weighted_required_asset_recovery_rate,"
16_MIRRA_ASSET_REALITY_v4.0_LOCKED.txt,16_MIRRA_ASSET_REALITY_v4.0_LOCKED.txt,869,assets,total_productive_asset_burden,snake_case,output_contract_field,output_contract,- weighted_required_asset_recovery_rate - total_productive_asset_burden - total_productive_asset_utilisation_hours - highest_pressure_asset
09_MIRRA_ASSETS_MODULE_v4.0_LOCKED.txt,09_MIRRA_ASSETS_MODULE_v4.0_LOCKED.txt,1241,assets,total_productive_asset_cost_annual,snake_case,output_contract_field,output_contract,"non_productive_asset_rows, total_asset_cost_annual, total_productive_asset_cost_annual, total_non_productive_asset_cost_annual, total_productive_asset_burden,"
09_MIRRA_ASSETS_MODULE_v4.0_LOCKED.txt,09_MIRRA_ASSETS_MODULE_v4.0_LOCKED.txt,1280,assets,total_productive_asset_cost_annual,snake_case,output_contract_field,output_contract,- total_asset_cost_annual - asset_finance_interest_annual where needed - total_productive_asset_cost_annual - total_asset_running_cost_transferred - assets_status
14_MIRRA_BUSINESS_SUMMARY_v4.0_LOCKED.txt,14_MIRRA_BUSINESS_SUMMARY_v4.0_LOCKED.txt,1361,assets,total_productive_asset_utilisation_hours,snake_case,output_contract_field,output_contract,"weighted_required_asset_recovery_rate, total_productive_asset_burden, total_productive_asset_utilisation_hours, highest_pressure_asset, lowest_utilisation_asset,"
16_MIRRA_ASSET_REALITY_v4.0_LOCKED.txt,16_MIRRA_ASSET_REALITY_v4.0_LOCKED.txt,851,assets,total_productive_asset_utilisation_hours,snake_case,output_contract_field,output_contract,"total_productive_asset_burden, total_productive_asset_utilisation_hours, weighted_required_asset_recovery_rate,"
16_MIRRA_ASSET_REALITY_v4.0_LOCKED.txt,16_MIRRA_ASSET_REALITY_v4.0_LOCKED.txt,870,assets,total_productive_asset_utilisation_hours,snake_case,output_contract_field,output_contract,- weighted_required_asset_recovery_rate - total_productive_asset_burden - total_productive_asset_utilisation_hours - highest_pressure_asset - lowest_utilisation_asset
17_MIRRA_COST_ALLOCATION_v4.0_LOCKED.txt,17_MIRRA_COST_ALLOCATION_v4.0_LOCKED.txt,1629,assets,total_remaining_asset_burden,snake_case,output_contract_field,output_contract,"total_available_asset_burden, total_assigned_asset_burden, total_remaining_asset_burden, total_available_asset_utilisation_hours, total_assigned_asset_utilisation_hours,"
09_MIRRA_ASSETS_MODULE_v4.0_LOCKED.txt,09_MIRRA_ASSETS_MODULE_v4.0_LOCKED.txt,1261,assets,total_remaining_asset_cost_pool,snake_case,output_contract_field,output_contract,"total_assigned_to_productive_assets, total_assigned_to_non_productive_assets, total_remaining_asset_cost_pool, total_over_allocated_asset_cost_pool, asset_pool_guardrail_status,"
17_MIRRA_COST_ALLOCATION_v4.0_LOCKED.txt,17_MIRRA_COST_ALLOCATION_v4.0_LOCKED.txt,1632,assets,total_remaining_asset_utilisation_hours,snake_case,output_contract_field,output_contract,"total_available_asset_utilisation_hours, total_assigned_asset_utilisation_hours, total_remaining_asset_utilisation_hours, total_available_overhead_amount,"
09_MIRRA_ASSETS_MODULE_v4.0_LOCKED.txt,09_MIRRA_ASSETS_MODULE_v4.0_LOCKED.txt,2116,assets,total_unassigned_asset_related_overhead_cost_annual,snake_case,output_contract_field,output_contract,- total_asset_recovery_cost_annual - total_general_overheads_before_asset_assignment - total_unassigned_asset_related_overhead_cost_annual ## output_contract_reference_wrappers
09_MIRRA_ASSETS_MODULE_v4.0_LOCKED.txt,09_MIRRA_ASSETS_MODULE_v4.0_LOCKED.txt,1248,assets,utilisation_hours_annual,snake_case,output_contract_field,output_contract,"utilisation_hours_per_week, utilisation_hours_annual, default_utilisation_hours_per_week, required_asset_recovery_rate,"
09_MIRRA_ASSETS_MODULE_v4.0_LOCKED.txt,09_MIRRA_ASSETS_MODULE_v4.0_LOCKED.txt,1335,assets,utilisation_hours_annual,snake_case,output_contract_field,output_contract,- non_productive_asset_count - utilisation_hours_per_week - utilisation_hours_annual - required_asset_recovery_rate - asset_recovery_rate_status
09_MIRRA_ASSETS_MODULE_v4.0_LOCKED.txt,09_MIRRA_ASSETS_MODULE_v4.0_LOCKED.txt,1247,assets,utilisation_hours_per_week,snake_case,output_contract_field,output_contract,"non_productive_asset_count, utilisation_hours_per_week, utilisation_hours_annual, default_utilisation_hours_per_week,"
09_MIRRA_ASSETS_MODULE_v4.0_LOCKED.txt,09_MIRRA_ASSETS_MODULE_v4.0_LOCKED.txt,1334,assets,utilisation_hours_per_week,snake_case,output_contract_field,output_contract,- productive_asset_count - non_productive_asset_count - utilisation_hours_per_week - utilisation_hours_annual - required_asset_recovery_rate
14_MIRRA_BUSINESS_SUMMARY_v4.0_LOCKED.txt,14_MIRRA_BUSINESS_SUMMARY_v4.0_LOCKED.txt,1359,assets,weighted_required_asset_recovery_rate,snake_case,output_contract_field,output_contract,"asset_reality_context = { weighted_required_asset_recovery_rate, total_productive_asset_burden, total_productive_asset_utilisation_hours,"
16_MIRRA_ASSET_REALITY_v4.0_LOCKED.txt,16_MIRRA_ASSET_REALITY_v4.0_LOCKED.txt,852,assets,weighted_required_asset_recovery_rate,snake_case,output_contract_field,output_contract,"total_productive_asset_burden, total_productive_asset_utilisation_hours, weighted_required_asset_recovery_rate, highest_pressure_asset,"
16_MIRRA_ASSET_REALITY_v4.0_LOCKED.txt,16_MIRRA_ASSET_REALITY_v4.0_LOCKED.txt,868,assets,weighted_required_asset_recovery_rate,snake_case,output_contract_field,output_contract,Business Summary may receive: - weighted_required_asset_recovery_rate - total_productive_asset_burden - total_productive_asset_utilisation_hours
25_MIRRA_MODEL_REVIEW_APPROVAL_v4.0_LOCKED.txt,25_MIRRA_MODEL_REVIEW_APPROVAL_v4.0_LOCKED.txt,644,business-modelling,active_model_version,snake_case,output_contract_field,output_contract,"approved_model_versions, active_model_version, active_quote_checker_target_set,"
25_MIRRA_MODEL_REVIEW_APPROVAL_v4.0_LOCKED.txt,25_MIRRA_MODEL_REVIEW_APPROVAL_v4.0_LOCKED.txt,645,business-modelling,active_quote_checker_target_set,snake_case,output_contract_field,output_contract,"active_model_version, active_quote_checker_target_set, approval_audit_trail_rows,"
30_MIRRA_BUSINESS_MODELLING_v4.0_LOCKED.txt,30_MIRRA_BUSINESS_MODELLING_v4.0_LOCKED.txt,1266,business-modelling,active_scenario,snake_case,output_contract_field,output_contract,## output_contract - active_scenario - baseline - baseline_snapshot
25_MIRRA_MODEL_REVIEW_APPROVAL_v4.0_LOCKED.txt,25_MIRRA_MODEL_REVIEW_APPROVAL_v4.0_LOCKED.txt,647,business-modelling,approval_audit_trail_rows,snake_case,output_contract_field,output_contract,"active_quote_checker_target_set, approval_audit_trail_rows, deferred_review_items,"
25_MIRRA_MODEL_REVIEW_APPROVAL_v4.0_LOCKED.txt,25_MIRRA_MODEL_REVIEW_APPROVAL_v4.0_LOCKED.txt,642,business-modelling,approved_model_versions,snake_case,output_contract_field,output_contract,"approved_scenario_rows, quote_checker_target_sets, approved_model_versions, active_model_version,"
28_MIRRA_DATABASE_STORAGE_EXPORT_LAYER_v4.0_LOCKED.txt,28_MIRRA_DATABASE_STORAGE_EXPORT_LAYER_v4.0_LOCKED.txt,915,business-modelling,approved_model_versions,snake_case,output_contract_field,output_contract,"source_import_rows, approved_model_versions, approved_rate_sets, quote_checker_target_sets,"
25_MIRRA_MODEL_REVIEW_APPROVAL_v4.0_LOCKED.txt,25_MIRRA_MODEL_REVIEW_APPROVAL_v4.0_LOCKED.txt,639,business-modelling,approved_rate_set_rows,snake_case,output_contract_field,output_contract,"model_review_queue_rows, approved_rate_set_rows, approved_scenario_rows, quote_checker_target_sets,"
28_MIRRA_DATABASE_STORAGE_EXPORT_LAYER_v4.0_LOCKED.txt,28_MIRRA_DATABASE_STORAGE_EXPORT_LAYER_v4.0_LOCKED.txt,916,business-modelling,approved_rate_sets,snake_case,output_contract_field,output_contract,"source_import_rows, approved_model_versions, approved_rate_sets, quote_checker_target_sets, quote_check_rows,"
25_MIRRA_MODEL_REVIEW_APPROVAL_v4.0_LOCKED.txt,25_MIRRA_MODEL_REVIEW_APPROVAL_v4.0_LOCKED.txt,640,business-modelling,approved_scenario_rows,snake_case,output_contract_field,output_contract,"approved_rate_set_rows, approved_scenario_rows, quote_checker_target_sets, approved_model_versions,"
30_MIRRA_BUSINESS_MODELLING_v4.0_LOCKED.txt,30_MIRRA_BUSINESS_MODELLING_v4.0_LOCKED.txt,1268,business-modelling,baseline_snapshot,snake_case,output_contract_field,output_contract,- active_scenario - baseline - baseline_snapshot - blocked - summaryBlocked
30_MIRRA_BUSINESS_MODELLING_v4.0_LOCKED.txt,30_MIRRA_BUSINESS_MODELLING_v4.0_LOCKED.txt,1288,business-modelling,blocked,plain,output_contract_field,status_readiness_trust,- output_contract.baseline - output_contract.blocked - output_contract.summaryBlocked - output_contract.summaryWarnings
30_MIRRA_BUSINESS_MODELLING_v4.0_LOCKED.txt,30_MIRRA_BUSINESS_MODELLING_v4.0_LOCKED.txt,856,business-modelling,business_modelling_cards,snake_case,output_contract_field,output_contract,"quote_checker_target_set, business_modelling_cards, business_modelling_source_trace }"
30_MIRRA_BUSINESS_MODELLING_v4.0_LOCKED.txt,30_MIRRA_BUSINESS_MODELLING_v4.0_LOCKED.txt,833,business-modelling,business_modelling_ready,snake_case,output_contract_field,output_contract,"{ business_modelling_ready, business_modelling_status, business_modelling_warnings,"
30_MIRRA_BUSINESS_MODELLING_v4.0_LOCKED.txt,30_MIRRA_BUSINESS_MODELLING_v4.0_LOCKED.txt,857,business-modelling,business_modelling_source_trace,snake_case,output_contract_field,output_contract,"business_modelling_cards, business_modelling_source_trace }"
30_MIRRA_BUSINESS_MODELLING_v4.0_LOCKED.txt,30_MIRRA_BUSINESS_MODELLING_v4.0_LOCKED.txt,834,business-modelling,business_modelling_status,snake_case,output_contract_field,output_contract,"{ business_modelling_ready, business_modelling_status, business_modelling_warnings, business_modelling_warning_count,"
30_MIRRA_BUSINESS_MODELLING_v4.0_LOCKED.txt,30_MIRRA_BUSINESS_MODELLING_v4.0_LOCKED.txt,1240,business-modelling,current_margin_per_productive_hour,snake_case,output_contract_field,output_contract,## output_contract - current_margin_per_productive_hour - has_baseline - modelling_ready
30_MIRRA_BUSINESS_MODELLING_v4.0_LOCKED.txt,30_MIRRA_BUSINESS_MODELLING_v4.0_LOCKED.txt,1241,business-modelling,has_baseline,snake_case,output_contract_field,output_contract,- current_margin_per_productive_hour - has_baseline - modelling_ready - recovery_gap_per_hour
28_MIRRA_DATABASE_STORAGE_EXPORT_LAYER_v4.0_LOCKED.txt,28_MIRRA_DATABASE_STORAGE_EXPORT_LAYER_v4.0_LOCKED.txt,919,business-modelling,job_rows,snake_case,output_contract_field,output_contract,"quote_checker_target_sets, quote_check_rows, job_rows, job_actual_cost_rows, job_profitability_rows,"
30_MIRRA_BUSINESS_MODELLING_v4.0_LOCKED.txt,30_MIRRA_BUSINESS_MODELLING_v4.0_LOCKED.txt,1242,business-modelling,modelling_ready,snake_case,output_contract_field,output_contract,- current_margin_per_productive_hour - has_baseline - modelling_ready - recovery_gap_per_hour - summary_status
30_MIRRA_BUSINESS_MODELLING_v4.0_LOCKED.txt,30_MIRRA_BUSINESS_MODELLING_v4.0_LOCKED.txt,1235,business-modelling,output_contract,snake_case,output_contract_field,output_contract,MODULE_OWNER: business-modelling SECTION_TYPE: output_contract SOURCE: MIRRA_ACCEPTED_BRIEF_FIELDS_BY_MODULE_v5.0.csv
30_MIRRA_BUSINESS_MODELLING_v4.0_LOCKED.txt,30_MIRRA_BUSINESS_MODELLING_v4.0_LOCKED.txt,1238,business-modelling,output_contract,snake_case,output_contract_field,output_contract,SOURCE: MIRRA_ACCEPTED_BRIEF_FIELDS_BY_MODULE_v5.0.csv ## output_contract - current_margin_per_productive_hour
30_MIRRA_BUSINESS_MODELLING_v4.0_LOCKED.txt,30_MIRRA_BUSINESS_MODELLING_v4.0_LOCKED.txt,1261,business-modelling,output_contract,snake_case,output_contract_field,output_contract,MODULE_OWNER: business-modelling SECTION_TYPE: output_contract SOURCE: MIRRA_PASS_4_ACCEPTED_CONTRACT_FIELDS_GBC_v5.0.csv
30_MIRRA_BUSINESS_MODELLING_v4.0_LOCKED.txt,30_MIRRA_BUSINESS_MODELLING_v4.0_LOCKED.txt,1264,business-modelling,output_contract,snake_case,output_contract_field,output_contract,SOURCE: MIRRA_PASS_4_ACCEPTED_CONTRACT_FIELDS_GBC_v5.0.csv ## output_contract - active_scenario
30_MIRRA_BUSINESS_MODELLING_v4.0_LOCKED.txt,30_MIRRA_BUSINESS_MODELLING_v4.0_LOCKED.txt,1285,business-modelling,output_contract,snake_case,output_contract_field,output_contract,They are accepted as true module-owned output contract fields. ### Machine-readable output_contract fields - output_contract.baseline
30_MIRRA_BUSINESS_MODELLING_v4.0_LOCKED.txt,30_MIRRA_BUSINESS_MODELLING_v4.0_LOCKED.txt,1287,business-modelling,output_contract,snake_case,output_contract_field,output_contract,### Machine-readable output_contract fields - output_contract.baseline - output_contract.blocked - output_contract.summaryBlocked
30_MIRRA_BUSINESS_MODELLING_v4.0_LOCKED.txt,30_MIRRA_BUSINESS_MODELLING_v4.0_LOCKED.txt,1288,business-modelling,output_contract,snake_case,output_contract_field,output_contract,- output_contract.baseline - output_contract.blocked - output_contract.summaryBlocked - output_contract.summaryWarnings
30_MIRRA_BUSINESS_MODELLING_v4.0_LOCKED.txt,30_MIRRA_BUSINESS_MODELLING_v4.0_LOCKED.txt,1289,business-modelling,output_contract,snake_case,output_contract_field,output_contract,- output_contract.baseline - output_contract.blocked - output_contract.summaryBlocked - output_contract.summaryWarnings
30_MIRRA_BUSINESS_MODELLING_v4.0_LOCKED.txt,30_MIRRA_BUSINESS_MODELLING_v4.0_LOCKED.txt,1290,business-modelling,output_contract,snake_case,output_contract_field,output_contract,- output_contract.blocked - output_contract.summaryBlocked - output_contract.summaryWarnings
28_MIRRA_DATABASE_STORAGE_EXPORT_LAYER_v4.0_LOCKED.txt,28_MIRRA_DATABASE_STORAGE_EXPORT_LAYER_v4.0_LOCKED.txt,918,business-modelling,quote_check_rows,snake_case,output_contract_field,output_contract,"approved_rate_sets, quote_checker_target_sets, quote_check_rows, job_rows, job_actual_cost_rows,"
30_MIRRA_BUSINESS_MODELLING_v4.0_LOCKED.txt,30_MIRRA_BUSINESS_MODELLING_v4.0_LOCKED.txt,854,business-modelling,quote_checker_target_set,snake_case,output_contract_field,output_contract,"overhead_modelling_rows, quote_checker_target_set, business_modelling_cards,"
25_MIRRA_MODEL_REVIEW_APPROVAL_v4.0_LOCKED.txt,25_MIRRA_MODEL_REVIEW_APPROVAL_v4.0_LOCKED.txt,641,business-modelling,quote_checker_target_sets,snake_case,output_contract_field,output_contract,"approved_rate_set_rows, approved_scenario_rows, quote_checker_target_sets, approved_model_versions,"
28_MIRRA_DATABASE_STORAGE_EXPORT_LAYER_v4.0_LOCKED.txt,28_MIRRA_DATABASE_STORAGE_EXPORT_LAYER_v4.0_LOCKED.txt,917,business-modelling,quote_checker_target_sets,snake_case,output_contract_field,output_contract,"approved_model_versions, approved_rate_sets, quote_checker_target_sets, quote_check_rows, job_rows,"
30_MIRRA_BUSINESS_MODELLING_v4.0_LOCKED.txt,30_MIRRA_BUSINESS_MODELLING_v4.0_LOCKED.txt,1243,business-modelling,recovery_gap_per_hour,snake_case,output_contract_field,output_contract,- has_baseline - modelling_ready - recovery_gap_per_hour - summary_status - summaryWarnings
30_MIRRA_BUSINESS_MODELLING_v4.0_LOCKED.txt,30_MIRRA_BUSINESS_MODELLING_v4.0_LOCKED.txt,866,business-modelling,selected_target_model,snake_case,output_contract_field,output_contract,Quote Checker should receive: - selected_target_model - quote_checker_target_set - selected minimum recoverable rates
30_MIRRA_BUSINESS_MODELLING_v4.0_LOCKED.txt,30_MIRRA_BUSINESS_MODELLING_v4.0_LOCKED.txt,891,business-modelling,selected_target_model,snake_case,output_contract_field,output_contract,Model Review / Approval may later consume: - selected_target_model - scenario rows - modelling assumptions
30_MIRRA_BUSINESS_MODELLING_v4.0_LOCKED.txt,30_MIRRA_BUSINESS_MODELLING_v4.0_LOCKED.txt,1244,business-modelling,summary_status,snake_case,output_contract_field,output_contract,- modelling_ready - recovery_gap_per_hour - summary_status - summaryWarnings - total_available_hours_before_productivity
30_MIRRA_BUSINESS_MODELLING_v4.0_LOCKED.txt,30_MIRRA_BUSINESS_MODELLING_v4.0_LOCKED.txt,847,business-modelling,supplier_modelling_rows,snake_case,output_contract_field,output_contract,"current_vs_modelled_summary, supplier_modelling_rows, category_modelling_rows, rate_target_rows,"
30_MIRRA_BUSINESS_MODELLING_v4.0_LOCKED.txt,30_MIRRA_BUSINESS_MODELLING_v4.0_LOCKED.txt,840,business-modelling,target_model_rows,snake_case,output_contract_field,output_contract,"business_modelling_scenario_rows, target_model_rows, selected_target_model,"
30_MIRRA_BUSINESS_MODELLING_v4.0_LOCKED.txt,30_MIRRA_BUSINESS_MODELLING_v4.0_LOCKED.txt,1246,business-modelling,total_available_hours_before_productivity,snake_case,output_contract_field,output_contract,- summary_status - summaryWarnings - total_available_hours_before_productivity - total_revenue - weighted_productivity_percent
30_MIRRA_BUSINESS_MODELLING_v4.0_LOCKED.txt,30_MIRRA_BUSINESS_MODELLING_v4.0_LOCKED.txt,1247,business-modelling,total_revenue,snake_case,output_contract_field,output_contract,- summaryWarnings - total_available_hours_before_productivity - total_revenue - weighted_productivity_percent
30_MIRRA_BUSINESS_MODELLING_v4.0_LOCKED.txt,30_MIRRA_BUSINESS_MODELLING_v4.0_LOCKED.txt,1248,business-modelling,weighted_productivity_percent,snake_case,output_contract_field,output_contract,- total_available_hours_before_productivity - total_revenue - weighted_productivity_percent # END v5.0 MACHINE-READABLE ACCEPTED OUTPUT CONTRACT - business-modelling
20_MIRRA_BUSINESS_OUTCOME_v4.0_LOCKED.txt,20_MIRRA_BUSINESS_OUTCOME_v4.0_LOCKED.txt,814,business-outcome,business_outcome_cards,snake_case,output_contract_field,output_contract,"quote_checker_targets, business_outcome_cards, business_outcome_source_trace }"
24_MIRRA_MODEL_FEEDBACK_LOOP_v4.0_LOCKED.txt,24_MIRRA_MODEL_FEEDBACK_LOOP_v4.0_LOCKED.txt,945,business-outcome,business_outcome_handoff_rows,snake_case,output_contract_field,output_contract,"rate_review_handoff_rows, business_outcome_handoff_rows, model_feedback_cards,"
20_MIRRA_BUSINESS_OUTCOME_v4.0_LOCKED.txt,20_MIRRA_BUSINESS_OUTCOME_v4.0_LOCKED.txt,793,business-outcome,business_outcome_ready,snake_case,output_contract_field,output_contract,"{ business_outcome_ready, business_outcome_status, business_outcome_warnings,"
20_MIRRA_BUSINESS_OUTCOME_v4.0_LOCKED.txt,20_MIRRA_BUSINESS_OUTCOME_v4.0_LOCKED.txt,815,business-outcome,business_outcome_source_trace,snake_case,output_contract_field,output_contract,"business_outcome_cards, business_outcome_source_trace }"
20_MIRRA_BUSINESS_OUTCOME_v4.0_LOCKED.txt,20_MIRRA_BUSINESS_OUTCOME_v4.0_LOCKED.txt,794,business-outcome,business_outcome_status,snake_case,output_contract_field,output_contract,"{ business_outcome_ready, business_outcome_status, business_outcome_warnings, business_outcome_warning_count,"
20_MIRRA_BUSINESS_OUTCOME_v4.0_LOCKED.txt,20_MIRRA_BUSINESS_OUTCOME_v4.0_LOCKED.txt,806,business-outcome,category_sensitivity_rows,snake_case,output_contract_field,output_contract,"supplier_sensitivity_rows, category_sensitivity_rows, material_markup_context,"
30_MIRRA_BUSINESS_MODELLING_v4.0_LOCKED.txt,30_MIRRA_BUSINESS_MODELLING_v4.0_LOCKED.txt,843,business-outcome,current_outcome_summary,snake_case,output_contract_field,output_contract,"selected_target_model, current_outcome_summary, modelled_outcome_summary, current_vs_modelled_summary,"
30_MIRRA_BUSINESS_MODELLING_v4.0_LOCKED.txt,30_MIRRA_BUSINESS_MODELLING_v4.0_LOCKED.txt,845,business-outcome,current_vs_modelled_summary,snake_case,output_contract_field,output_contract,"current_outcome_summary, modelled_outcome_summary, current_vs_modelled_summary, supplier_modelling_rows,"
23_MIRRA_JOB_COSTING_PROFITABILITY_v4.0_LOCKED.txt,23_MIRRA_JOB_COSTING_PROFITABILITY_v4.0_LOCKED.txt,924,business-outcome,job_costing_cards,snake_case,output_contract_field,output_contract,"business_outcome_feedback_rows, job_costing_cards, job_costing_source_trace }"
20_MIRRA_BUSINESS_OUTCOME_v4.0_LOCKED.txt,20_MIRRA_BUSINESS_OUTCOME_v4.0_LOCKED.txt,807,business-outcome,material_markup_context,snake_case,output_contract_field,output_contract,"supplier_sensitivity_rows, category_sensitivity_rows, material_markup_context, modelled_scenarios,"
24_MIRRA_MODEL_FEEDBACK_LOOP_v4.0_LOCKED.txt,24_MIRRA_MODEL_FEEDBACK_LOOP_v4.0_LOCKED.txt,947,business-outcome,model_feedback_cards,snake_case,output_contract_field,output_contract,"business_outcome_handoff_rows, model_feedback_cards, model_feedback_source_trace }"
20_MIRRA_BUSINESS_OUTCOME_v4.0_LOCKED.txt,20_MIRRA_BUSINESS_OUTCOME_v4.0_LOCKED.txt,800,business-outcome,modelled_outcome_summary,snake_case,output_contract_field,output_contract,"current_outcome_summary, modelled_outcome_summary, pressure_source,"
30_MIRRA_BUSINESS_MODELLING_v4.0_LOCKED.txt,30_MIRRA_BUSINESS_MODELLING_v4.0_LOCKED.txt,844,business-outcome,modelled_outcome_summary,snake_case,output_contract_field,output_contract,"current_outcome_summary, modelled_outcome_summary, current_vs_modelled_summary,"
20_MIRRA_BUSINESS_OUTCOME_v4.0_LOCKED.txt,20_MIRRA_BUSINESS_OUTCOME_v4.0_LOCKED.txt,809,business-outcome,modelled_scenarios,snake_case,output_contract_field,output_contract,"material_markup_context, modelled_scenarios, rate_impact_rows,"
21_MIRRA_QUOTE_CHECKER_v4.0_LOCKED.txt,21_MIRRA_QUOTE_CHECKER_v4.0_LOCKED.txt,735,business-outcome,passing_lines,snake_case,output_contract_field,output_contract,"unmatched_lines, blocked_lines, passing_lines, selected_business_outcome_targets,"
20_MIRRA_BUSINESS_OUTCOME_v4.0_LOCKED.txt,20_MIRRA_BUSINESS_OUTCOME_v4.0_LOCKED.txt,802,business-outcome,pressure_source,snake_case,output_contract_field,output_contract,"modelled_outcome_summary, pressure_source, pressure_source_breakdown,"
20_MIRRA_BUSINESS_OUTCOME_v4.0_LOCKED.txt,20_MIRRA_BUSINESS_OUTCOME_v4.0_LOCKED.txt,803,business-outcome,pressure_source_breakdown,snake_case,output_contract_field,output_contract,"pressure_source, pressure_source_breakdown, supplier_sensitivity_rows,"
20_MIRRA_BUSINESS_OUTCOME_v4.0_LOCKED.txt,20_MIRRA_BUSINESS_OUTCOME_v4.0_LOCKED.txt,812,business-outcome,quote_checker_targets,snake_case,output_contract_field,output_contract,"rate_impact_rows, quote_checker_targets, business_outcome_cards,"
20_MIRRA_BUSINESS_OUTCOME_v4.0_LOCKED.txt,20_MIRRA_BUSINESS_OUTCOME_v4.0_LOCKED.txt,824,business-outcome,quote_checker_targets,snake_case,output_contract_field,output_contract,Business Outcome must prepare targets for Quote Checker. quote_checker_targets should include: - approved minimum recoverable rates
20_MIRRA_BUSINESS_OUTCOME_v4.0_LOCKED.txt,20_MIRRA_BUSINESS_OUTCOME_v4.0_LOCKED.txt,811,business-outcome,rate_impact_rows,snake_case,output_contract_field,output_contract,"modelled_scenarios, rate_impact_rows, quote_checker_targets,"
24_MIRRA_MODEL_FEEDBACK_LOOP_v4.0_LOCKED.txt,24_MIRRA_MODEL_FEEDBACK_LOOP_v4.0_LOCKED.txt,944,business-outcome,rate_review_handoff_rows,snake_case,output_contract_field,output_contract,"model_update_recommendation_rows, rate_review_handoff_rows, business_outcome_handoff_rows,"
30_MIRRA_BUSINESS_MODELLING_v4.0_LOCKED.txt,30_MIRRA_BUSINESS_MODELLING_v4.0_LOCKED.txt,841,business-outcome,selected_target_model,snake_case,output_contract_field,output_contract,"business_modelling_scenario_rows, target_model_rows, selected_target_model, current_outcome_summary,"
22_MIRRA_SOQ_JOB_PO_LAYER_v4.0_LOCKED.txt,22_MIRRA_SOQ_JOB_PO_LAYER_v4.0_LOCKED.txt,774,business-outcome,source_trace,snake_case,output_contract_field,output_contract,"business_outcome_feedback_rows, source_trace }"
20_MIRRA_BUSINESS_OUTCOME_v4.0_LOCKED.txt,20_MIRRA_BUSINESS_OUTCOME_v4.0_LOCKED.txt,805,business-outcome,supplier_sensitivity_rows,snake_case,output_contract_field,output_contract,"pressure_source_breakdown, supplier_sensitivity_rows, category_sensitivity_rows, material_markup_context,"
14_MIRRA_BUSINESS_SUMMARY_v4.0_LOCKED.txt,14_MIRRA_BUSINESS_SUMMARY_v4.0_LOCKED.txt,1968,business-setup,accept_contract_field,snake_case,output_contract_field,warnings,### `business_type` - Classification: `accept_contract_field` - Recommended action: `add_to_v5_module_brief_output_contract` - Confidence: `high`
14_MIRRA_BUSINESS_SUMMARY_v4.0_LOCKED.txt,14_MIRRA_BUSINESS_SUMMARY_v4.0_LOCKED.txt,1289,business-setup,activity_driver_label,snake_case,output_contract_field,output_contract,"business_type, activity_driver_type, activity_driver_label, activity_driver_value,"
14_MIRRA_BUSINESS_SUMMARY_v4.0_LOCKED.txt,14_MIRRA_BUSINESS_SUMMARY_v4.0_LOCKED.txt,1288,business-setup,activity_driver_type,snake_case,output_contract_field,output_contract,"business_type, activity_driver_type, activity_driver_label, activity_driver_value,"
14_MIRRA_BUSINESS_SUMMARY_v4.0_LOCKED.txt,14_MIRRA_BUSINESS_SUMMARY_v4.0_LOCKED.txt,1416,business-setup,activity_driver_type,snake_case,output_contract_field,output_contract,- business_type - activity_driver_type - activity_driver_value - total_cost_burden
14_MIRRA_BUSINESS_SUMMARY_v4.0_LOCKED.txt,14_MIRRA_BUSINESS_SUMMARY_v4.0_LOCKED.txt,1441,business-setup,activity_driver_type,snake_case,output_contract_field,output_contract,- business_type - activity_driver_type - activity_driver_value - required_recovery_per_driver
14_MIRRA_BUSINESS_SUMMARY_v4.0_LOCKED.txt,14_MIRRA_BUSINESS_SUMMARY_v4.0_LOCKED.txt,1464,business-setup,activity_driver_type,snake_case,output_contract_field,output_contract,- business_type - activity_driver_type - activity_driver_value - required_recovery_per_driver
14_MIRRA_BUSINESS_SUMMARY_v4.0_LOCKED.txt,14_MIRRA_BUSINESS_SUMMARY_v4.0_LOCKED.txt,1417,business-setup,activity_driver_value,snake_case,output_contract_field,output_contract,- business_type - activity_driver_type - activity_driver_value - total_cost_burden - total_people_cost_annual
14_MIRRA_BUSINESS_SUMMARY_v4.0_LOCKED.txt,14_MIRRA_BUSINESS_SUMMARY_v4.0_LOCKED.txt,1442,business-setup,activity_driver_value,snake_case,output_contract_field,output_contract,- business_type - activity_driver_type - activity_driver_value - required_recovery_per_driver - current_margin_per_driver
14_MIRRA_BUSINESS_SUMMARY_v4.0_LOCKED.txt,14_MIRRA_BUSINESS_SUMMARY_v4.0_LOCKED.txt,1465,business-setup,activity_driver_value,snake_case,output_contract_field,output_contract,- business_type - activity_driver_type - activity_driver_value - required_recovery_per_driver - current_margin_per_driver
12_MIRRA_BUSINESS_SETUP_v4.0_LOCKED.txt,12_MIRRA_BUSINESS_SETUP_v4.0_LOCKED.txt,632,business-setup,business_name,snake_case,output_contract_field,output_contract,"{ business_name, business_type, is_labour_based,"
14_MIRRA_BUSINESS_SUMMARY_v4.0_LOCKED.txt,14_MIRRA_BUSINESS_SUMMARY_v4.0_LOCKED.txt,2194,business-setup,business_recovery_hours,snake_case,output_contract_field,output_contract,## output_contract - business_recovery_hours - business_summary_warnings - business_type
12_MIRRA_BUSINESS_SETUP_v4.0_LOCKED.txt,12_MIRRA_BUSINESS_SETUP_v4.0_LOCKED.txt,643,business-setup,business_setup_model_trust_state,snake_case,output_contract_field,output_contract,"business_setup_warnings, business_setup_warning_count, business_setup_model_trust_state }"
12_MIRRA_BUSINESS_SETUP_v4.0_LOCKED.txt,12_MIRRA_BUSINESS_SETUP_v4.0_LOCKED.txt,639,business-setup,business_setup_ready,snake_case,output_contract_field,output_contract,"created_at, updated_at, business_setup_ready, business_setup_status, business_setup_warnings,"
12_MIRRA_BUSINESS_SETUP_v4.0_LOCKED.txt,12_MIRRA_BUSINESS_SETUP_v4.0_LOCKED.txt,640,business-setup,business_setup_status,snake_case,output_contract_field,output_contract,"updated_at, business_setup_ready, business_setup_status, business_setup_warnings, business_setup_warning_count,"
12_MIRRA_BUSINESS_SETUP_v4.0_LOCKED.txt,12_MIRRA_BUSINESS_SETUP_v4.0_LOCKED.txt,642,business-setup,business_setup_warning_count,snake_case,output_contract_field,output_contract,"business_setup_status, business_setup_warnings, business_setup_warning_count, business_setup_model_trust_state }"
12_MIRRA_BUSINESS_SETUP_v4.0_LOCKED.txt,12_MIRRA_BUSINESS_SETUP_v4.0_LOCKED.txt,641,business-setup,business_setup_warnings,snake_case,output_contract_field,output_contract,"business_setup_ready, business_setup_status, business_setup_warnings, business_setup_warning_count, business_setup_model_trust_state"
14_MIRRA_BUSINESS_SUMMARY_v4.0_LOCKED.txt,14_MIRRA_BUSINESS_SUMMARY_v4.0_LOCKED.txt,1285,business-setup,business_summary_model_trust_state,snake_case,output_contract_field,output_contract,"business_summary_warnings, business_summary_warning_count, business_summary_model_trust_state, business_type,"
14_MIRRA_BUSINESS_SUMMARY_v4.0_LOCKED.txt,14_MIRRA_BUSINESS_SUMMARY_v4.0_LOCKED.txt,2195,business-setup,business_summary_warnings,snake_case,output_contract_field,output_contract,- business_recovery_hours - business_summary_warnings - business_type - cost_burden_breakdown
12_MIRRA_BUSINESS_SETUP_v4.0_LOCKED.txt,12_MIRRA_BUSINESS_SETUP_v4.0_LOCKED.txt,633,business-setup,business_type,snake_case,output_contract_field,output_contract,"{ business_name, business_type, is_labour_based, is_product_based,"
12_MIRRA_BUSINESS_SETUP_v4.0_LOCKED.txt,12_MIRRA_BUSINESS_SETUP_v4.0_LOCKED.txt,654,business-setup,business_type,snake_case,output_contract_field,output_contract,But P&L may display the current business name/mode for context. P&L classification should not change solely because of business_type. ---
13_MIRRA_REVENUE_COGS_v4.0_LOCKED.txt,13_MIRRA_REVENUE_COGS_v4.0_LOCKED.txt,2852,business-setup,business_type,snake_case,output_contract_field,output_contract,## output_contract - business_type - cost_of_sales_lines - direct_cost_categories
14_MIRRA_BUSINESS_SUMMARY_v4.0_LOCKED.txt,14_MIRRA_BUSINESS_SUMMARY_v4.0_LOCKED.txt,1287,business-setup,business_type,snake_case,output_contract_field,output_contract,"business_summary_model_trust_state, business_type, activity_driver_type, activity_driver_label,"
14_MIRRA_BUSINESS_SUMMARY_v4.0_LOCKED.txt,14_MIRRA_BUSINESS_SUMMARY_v4.0_LOCKED.txt,1415,business-setup,business_type,snake_case,output_contract_field,output_contract,Cost Allocation may receive: - business_type - activity_driver_type - activity_driver_value
14_MIRRA_BUSINESS_SUMMARY_v4.0_LOCKED.txt,14_MIRRA_BUSINESS_SUMMARY_v4.0_LOCKED.txt,1440,business-setup,business_type,snake_case,output_contract_field,output_contract,Recovery Summary should receive: - business_type - activity_driver_type - activity_driver_value
14_MIRRA_BUSINESS_SUMMARY_v4.0_LOCKED.txt,14_MIRRA_BUSINESS_SUMMARY_v4.0_LOCKED.txt,1463,business-setup,business_type,snake_case,output_contract_field,output_contract,Rate Builder may receive: - business_type - activity_driver_type - activity_driver_value
14_MIRRA_BUSINESS_SUMMARY_v4.0_LOCKED.txt,14_MIRRA_BUSINESS_SUMMARY_v4.0_LOCKED.txt,2196,business-setup,business_type,snake_case,output_contract_field,output_contract,- business_recovery_hours - business_summary_warnings - business_type - cost_burden_breakdown - is_product_based
15_MIRRA_REVENUE_REALITY_v4.0_LOCKED.txt,15_MIRRA_REVENUE_REALITY_v4.0_LOCKED.txt,1412,business-setup,business_type,snake_case,output_contract_field,output_contract,## output_contract - business_type - is_product_based - total_revenue
14_MIRRA_BUSINESS_SUMMARY_v4.0_LOCKED.txt,14_MIRRA_BUSINESS_SUMMARY_v4.0_LOCKED.txt,2197,business-setup,cost_burden_breakdown,snake_case,output_contract_field,output_contract,- business_summary_warnings - business_type - cost_burden_breakdown - is_product_based - margin_pool
13_MIRRA_REVENUE_COGS_v4.0_LOCKED.txt,13_MIRRA_REVENUE_COGS_v4.0_LOCKED.txt,2853,business-setup,cost_of_sales_lines,snake_case,output_contract_field,output_contract,- business_type - cost_of_sales_lines - direct_cost_categories - direct_cost_category_totals
12_MIRRA_BUSINESS_SETUP_v4.0_LOCKED.txt,12_MIRRA_BUSINESS_SETUP_v4.0_LOCKED.txt,637,business-setup,created_at,snake_case,output_contract_field,output_contract,"is_product_based, setup_completed, created_at, updated_at, business_setup_ready,"
13_MIRRA_REVENUE_COGS_v4.0_LOCKED.txt,13_MIRRA_REVENUE_COGS_v4.0_LOCKED.txt,2854,business-setup,direct_cost_categories,snake_case,output_contract_field,output_contract,- business_type - cost_of_sales_lines - direct_cost_categories - direct_cost_category_totals - resolved_commercial_driver_mode
12_MIRRA_BUSINESS_SETUP_v4.0_LOCKED.txt,12_MIRRA_BUSINESS_SETUP_v4.0_LOCKED.txt,634,business-setup,is_labour_based,snake_case,output_contract_field,output_contract,"business_name, business_type, is_labour_based, is_product_based, setup_completed,"
12_MIRRA_BUSINESS_SETUP_v4.0_LOCKED.txt,12_MIRRA_BUSINESS_SETUP_v4.0_LOCKED.txt,635,business-setup,is_product_based,snake_case,output_contract_field,output_contract,"business_type, is_labour_based, is_product_based, setup_completed, created_at,"
14_MIRRA_BUSINESS_SUMMARY_v4.0_LOCKED.txt,14_MIRRA_BUSINESS_SUMMARY_v4.0_LOCKED.txt,2198,business-setup,is_product_based,snake_case,output_contract_field,output_contract,- business_type - cost_burden_breakdown - is_product_based - margin_pool - net_position
15_MIRRA_REVENUE_REALITY_v4.0_LOCKED.txt,15_MIRRA_REVENUE_REALITY_v4.0_LOCKED.txt,1413,business-setup,is_product_based,snake_case,output_contract_field,output_contract,- business_type - is_product_based - total_revenue
12_MIRRA_BUSINESS_SETUP_v4.0_LOCKED.txt,12_MIRRA_BUSINESS_SETUP_v4.0_LOCKED.txt,1031,business-setup,output_contract,snake_case,output_contract_field,output_contract,MODULE_OWNER: business-setup SECTION_TYPE: output_contract SOURCE: MIRRA_ACCEPTED_BRIEF_FIELDS_BY_MODULE_v5.0.csv
12_MIRRA_BUSINESS_SETUP_v4.0_LOCKED.txt,12_MIRRA_BUSINESS_SETUP_v4.0_LOCKED.txt,1034,business-setup,output_contract,snake_case,output_contract_field,output_contract,SOURCE: MIRRA_ACCEPTED_BRIEF_FIELDS_BY_MODULE_v5.0.csv ## output_contract
13_MIRRA_REVENUE_COGS_v4.0_LOCKED.txt,13_MIRRA_REVENUE_COGS_v4.0_LOCKED.txt,2850,business-setup,output_contract,snake_case,output_contract_field,output_contract,SOURCE: MIRRA_ACCEPTED_BRIEF_FIELDS_BY_MODULE_v5.0.csv ## output_contract - business_type
15_MIRRA_REVENUE_REALITY_v4.0_LOCKED.txt,15_MIRRA_REVENUE_REALITY_v4.0_LOCKED.txt,1410,business-setup,output_contract,snake_case,output_contract_field,output_contract,SOURCE: MIRRA_ACCEPTED_BRIEF_FIELDS_BY_MODULE_v5.0.csv ## output_contract - business_type
12_MIRRA_BUSINESS_SETUP_v4.0_LOCKED.txt,12_MIRRA_BUSINESS_SETUP_v4.0_LOCKED.txt,636,business-setup,setup_completed,snake_case,output_contract_field,output_contract,"is_labour_based, is_product_based, setup_completed, created_at, updated_at,"
15_MIRRA_REVENUE_REALITY_v4.0_LOCKED.txt,15_MIRRA_REVENUE_REALITY_v4.0_LOCKED.txt,1414,business-setup,total_revenue,snake_case,output_contract_field,output_contract,- business_type - is_product_based - total_revenue # END v5.0 MACHINE-READABLE ACCEPTED OUTPUT CONTRACT - revenue-reality
12_MIRRA_BUSINESS_SETUP_v4.0_LOCKED.txt,12_MIRRA_BUSINESS_SETUP_v4.0_LOCKED.txt,638,business-setup,updated_at,snake_case,output_contract_field,output_contract,"setup_completed, created_at, updated_at, business_setup_ready, business_setup_status,"
14_MIRRA_BUSINESS_SUMMARY_v4.0_LOCKED.txt,14_MIRRA_BUSINESS_SUMMARY_v4.0_LOCKED.txt,1940,business-summary,accept_contract_field,snake_case,output_contract_field,output_contract,### `business_recovery_hours` - Classification: `accept_contract_field` - Recommended action: `add_to_v5_module_brief_output_contract` - Confidence: `high`
14_MIRRA_BUSINESS_SUMMARY_v4.0_LOCKED.txt,14_MIRRA_BUSINESS_SUMMARY_v4.0_LOCKED.txt,1954,business-summary,accept_contract_field,snake_case,output_contract_field,warnings,### `business_summary_warnings` - Classification: `accept_contract_field` - Recommended action: `add_to_v5_module_brief_output_contract` - Confidence: `high`
14_MIRRA_BUSINESS_SUMMARY_v4.0_LOCKED.txt,14_MIRRA_BUSINESS_SUMMARY_v4.0_LOCKED.txt,1982,business-summary,accept_contract_field,snake_case,output_contract_field,warnings,### `cost_burden_breakdown` - Classification: `accept_contract_field` - Recommended action: `add_to_v5_module_brief_output_contract` - Confidence: `high`
14_MIRRA_BUSINESS_SUMMARY_v4.0_LOCKED.txt,14_MIRRA_BUSINESS_SUMMARY_v4.0_LOCKED.txt,1996,business-summary,accept_contract_field,snake_case,output_contract_field,warnings,### `is_product_based` - Classification: `accept_contract_field` - Recommended action: `add_to_v5_module_brief_output_contract` - Confidence: `high`
14_MIRRA_BUSINESS_SUMMARY_v4.0_LOCKED.txt,14_MIRRA_BUSINESS_SUMMARY_v4.0_LOCKED.txt,2010,business-summary,accept_contract_field,snake_case,output_contract_field,warnings,### `margin_pool` - Classification: `accept_contract_field` - Recommended action: `add_to_v5_module_brief_output_contract` - Confidence: `high`
14_MIRRA_BUSINESS_SUMMARY_v4.0_LOCKED.txt,14_MIRRA_BUSINESS_SUMMARY_v4.0_LOCKED.txt,2024,business-summary,accept_contract_field,snake_case,output_contract_field,warnings,### `net_position` - Classification: `accept_contract_field` - Recommended action: `add_to_v5_module_brief_output_contract` - Confidence: `high`
14_MIRRA_BUSINESS_SUMMARY_v4.0_LOCKED.txt,14_MIRRA_BUSINESS_SUMMARY_v4.0_LOCKED.txt,2038,business-summary,accept_contract_field,snake_case,output_contract_field,warnings,### `operating_recovery_hours` - Classification: `accept_contract_field` - Recommended action: `add_to_v5_module_brief_output_contract` - Confidence: `high`
14_MIRRA_BUSINESS_SUMMARY_v4.0_LOCKED.txt,14_MIRRA_BUSINESS_SUMMARY_v4.0_LOCKED.txt,2052,business-summary,accept_contract_field,snake_case,output_contract_field,status_readiness_trust,### `ready` - Classification: `accept_contract_field` - Recommended action: `add_to_v5_module_brief_output_contract` - Confidence: `medium`
14_MIRRA_BUSINESS_SUMMARY_v4.0_LOCKED.txt,14_MIRRA_BUSINESS_SUMMARY_v4.0_LOCKED.txt,2066,business-summary,accept_contract_field,snake_case,output_contract_field,status_readiness_trust,### `recovery_hours_used` - Classification: `accept_contract_field` - Recommended action: `add_to_v5_module_brief_output_contract` - Confidence: `high`
14_MIRRA_BUSINESS_SUMMARY_v4.0_LOCKED.txt,14_MIRRA_BUSINESS_SUMMARY_v4.0_LOCKED.txt,2080,business-summary,accept_contract_field,snake_case,output_contract_field,status_readiness_trust,### `total_available_hours_before_productivity` - Classification: `accept_contract_field` - Recommended action: `add_to_v5_module_brief_output_contract` - Confidence: `high`
14_MIRRA_BUSINESS_SUMMARY_v4.0_LOCKED.txt,14_MIRRA_BUSINESS_SUMMARY_v4.0_LOCKED.txt,2094,business-summary,accept_contract_field,snake_case,output_contract_field,status_readiness_trust,### `total_recovery_hours` - Classification: `accept_contract_field` - Recommended action: `add_to_v5_module_brief_output_contract` - Confidence: `high`
14_MIRRA_BUSINESS_SUMMARY_v4.0_LOCKED.txt,14_MIRRA_BUSINESS_SUMMARY_v4.0_LOCKED.txt,2108,business-summary,accept_contract_field,snake_case,output_contract_field,status_readiness_trust,### `total_revenue` - Classification: `accept_contract_field` - Recommended action: `add_to_v5_module_brief_output_contract` - Confidence: `high`
14_MIRRA_BUSINESS_SUMMARY_v4.0_LOCKED.txt,14_MIRRA_BUSINESS_SUMMARY_v4.0_LOCKED.txt,2122,business-summary,accept_contract_field,snake_case,output_contract_field,status_readiness_trust,### `units_sold_annual` - Classification: `accept_contract_field` - Recommended action: `add_to_v5_module_brief_output_contract` - Confidence: `high`
14_MIRRA_BUSINESS_SUMMARY_v4.0_LOCKED.txt,14_MIRRA_BUSINESS_SUMMARY_v4.0_LOCKED.txt,2136,business-summary,accept_contract_field,snake_case,output_contract_field,status_readiness_trust,### `weighted_productivity_percent` - Classification: `accept_contract_field` - Recommended action: `add_to_v5_module_brief_output_contract` - Confidence: `high`
14_MIRRA_BUSINESS_SUMMARY_v4.0_LOCKED.txt,14_MIRRA_BUSINESS_SUMMARY_v4.0_LOCKED.txt,2152,business-summary,accept_reference_wrapper,snake_case,output_contract_field,output_contract,### `business_summary_output_contract` - Classification: `accept_reference_wrapper` - Recommended action: `document_as_reference_wrapper_not_business_metric` - Confidence: `medium`
14_MIRRA_BUSINESS_SUMMARY_v4.0_LOCKED.txt,14_MIRRA_BUSINESS_SUMMARY_v4.0_LOCKED.txt,2167,business-summary,accept_reference_wrapper,snake_case,output_contract_field,output_contract,### `business_summary_outputs` - Classification: `accept_reference_wrapper` - Recommended action: `document_as_reference_wrapper_not_business_metric` - Confidence: `medium`
14_MIRRA_BUSINESS_SUMMARY_v4.0_LOCKED.txt,14_MIRRA_BUSINESS_SUMMARY_v4.0_LOCKED.txt,1290,business-summary,activity_driver_value,snake_case,output_contract_field,output_contract,"activity_driver_type, activity_driver_label, activity_driver_value, total_revenue,"
14_MIRRA_BUSINESS_SUMMARY_v4.0_LOCKED.txt,14_MIRRA_BUSINESS_SUMMARY_v4.0_LOCKED.txt,1941,business-summary,add_to_v5_module_brief_output_contract,snake_case,output_contract_field,output_contract,- Classification: `accept_contract_field` - Recommended action: `add_to_v5_module_brief_output_contract` - Confidence: `high` - Reason: Field is a named business/status/readiness/financial/hour/recovery output used by code.
14_MIRRA_BUSINESS_SUMMARY_v4.0_LOCKED.txt,14_MIRRA_BUSINESS_SUMMARY_v4.0_LOCKED.txt,1955,business-summary,add_to_v5_module_brief_output_contract,snake_case,output_contract_field,warnings,- Classification: `accept_contract_field` - Recommended action: `add_to_v5_module_brief_output_contract` - Confidence: `high` - Reason: Field is a named business/status/readiness/financial/hour/recovery output used by code.
14_MIRRA_BUSINESS_SUMMARY_v4.0_LOCKED.txt,14_MIRRA_BUSINESS_SUMMARY_v4.0_LOCKED.txt,1969,business-summary,add_to_v5_module_brief_output_contract,snake_case,output_contract_field,warnings,- Classification: `accept_contract_field` - Recommended action: `add_to_v5_module_brief_output_contract` - Confidence: `high` - Reason: Field is a named business/status/readiness/financial/hour/recovery output used by code.
14_MIRRA_BUSINESS_SUMMARY_v4.0_LOCKED.txt,14_MIRRA_BUSINESS_SUMMARY_v4.0_LOCKED.txt,1983,business-summary,add_to_v5_module_brief_output_contract,snake_case,output_contract_field,warnings,- Classification: `accept_contract_field` - Recommended action: `add_to_v5_module_brief_output_contract` - Confidence: `high` - Reason: Field is a named business/status/readiness/financial/hour/recovery output used by code.
14_MIRRA_BUSINESS_SUMMARY_v4.0_LOCKED.txt,14_MIRRA_BUSINESS_SUMMARY_v4.0_LOCKED.txt,1997,business-summary,add_to_v5_module_brief_output_contract,snake_case,output_contract_field,warnings,- Classification: `accept_contract_field` - Recommended action: `add_to_v5_module_brief_output_contract` - Confidence: `high` - Reason: Field is a named business/status/readiness/financial/hour/recovery output used by code.
14_MIRRA_BUSINESS_SUMMARY_v4.0_LOCKED.txt,14_MIRRA_BUSINESS_SUMMARY_v4.0_LOCKED.txt,2011,business-summary,add_to_v5_module_brief_output_contract,snake_case,output_contract_field,warnings,- Classification: `accept_contract_field` - Recommended action: `add_to_v5_module_brief_output_contract` - Confidence: `high` - Reason: Field is a named business/status/readiness/financial/hour/recovery output used by code.
14_MIRRA_BUSINESS_SUMMARY_v4.0_LOCKED.txt,14_MIRRA_BUSINESS_SUMMARY_v4.0_LOCKED.txt,2025,business-summary,add_to_v5_module_brief_output_contract,snake_case,output_contract_field,warnings,- Classification: `accept_contract_field` - Recommended action: `add_to_v5_module_brief_output_contract` - Confidence: `high` - Reason: Field is a named business/status/readiness/financial/hour/recovery output used by code.
14_MIRRA_BUSINESS_SUMMARY_v4.0_LOCKED.txt,14_MIRRA_BUSINESS_SUMMARY_v4.0_LOCKED.txt,2039,business-summary,add_to_v5_module_brief_output_contract,snake_case,output_contract_field,warnings,- Classification: `accept_contract_field` - Recommended action: `add_to_v5_module_brief_output_contract` - Confidence: `high` - Reason: Field is a named business/status/readiness/financial/hour/recovery output used by code.
14_MIRRA_BUSINESS_SUMMARY_v4.0_LOCKED.txt,14_MIRRA_BUSINESS_SUMMARY_v4.0_LOCKED.txt,2053,business-summary,add_to_v5_module_brief_output_contract,snake_case,output_contract_field,status_readiness_trust,- Classification: `accept_contract_field` - Recommended action: `add_to_v5_module_brief_output_contract` - Confidence: `medium` - Reason: Field appears to carry module readiness state.
14_MIRRA_BUSINESS_SUMMARY_v4.0_LOCKED.txt,14_MIRRA_BUSINESS_SUMMARY_v4.0_LOCKED.txt,2067,business-summary,add_to_v5_module_brief_output_contract,snake_case,output_contract_field,status_readiness_trust,- Classification: `accept_contract_field` - Recommended action: `add_to_v5_module_brief_output_contract` - Confidence: `high` - Reason: Field is a named business/status/readiness/financial/hour/recovery output used by code.
14_MIRRA_BUSINESS_SUMMARY_v4.0_LOCKED.txt,14_MIRRA_BUSINESS_SUMMARY_v4.0_LOCKED.txt,2081,business-summary,add_to_v5_module_brief_output_contract,snake_case,output_contract_field,status_readiness_trust,- Classification: `accept_contract_field` - Recommended action: `add_to_v5_module_brief_output_contract` - Confidence: `high` - Reason: Field is a named business/status/readiness/financial/hour/recovery output used by code.
14_MIRRA_BUSINESS_SUMMARY_v4.0_LOCKED.txt,14_MIRRA_BUSINESS_SUMMARY_v4.0_LOCKED.txt,2095,business-summary,add_to_v5_module_brief_output_contract,snake_case,output_contract_field,status_readiness_trust,- Classification: `accept_contract_field` - Recommended action: `add_to_v5_module_brief_output_contract` - Confidence: `high` - Reason: Field is a named business/status/readiness/financial/hour/recovery output used by code.
14_MIRRA_BUSINESS_SUMMARY_v4.0_LOCKED.txt,14_MIRRA_BUSINESS_SUMMARY_v4.0_LOCKED.txt,2109,business-summary,add_to_v5_module_brief_output_contract,snake_case,output_contract_field,status_readiness_trust,- Classification: `accept_contract_field` - Recommended action: `add_to_v5_module_brief_output_contract` - Confidence: `high` - Reason: Field is a named business/status/readiness/financial/hour/recovery output used by code.
14_MIRRA_BUSINESS_SUMMARY_v4.0_LOCKED.txt,14_MIRRA_BUSINESS_SUMMARY_v4.0_LOCKED.txt,2123,business-summary,add_to_v5_module_brief_output_contract,snake_case,output_contract_field,status_readiness_trust,- Classification: `accept_contract_field` - Recommended action: `add_to_v5_module_brief_output_contract` - Confidence: `high` - Reason: Field is a named business/status/readiness/financial/hour/recovery output used by code.
14_MIRRA_BUSINESS_SUMMARY_v4.0_LOCKED.txt,14_MIRRA_BUSINESS_SUMMARY_v4.0_LOCKED.txt,2137,business-summary,add_to_v5_module_brief_output_contract,snake_case,output_contract_field,status_readiness_trust,- Classification: `accept_contract_field` - Recommended action: `add_to_v5_module_brief_output_contract` - Confidence: `high` - Reason: Field is a named business/status/readiness/financial/hour/recovery output used by code.
14_MIRRA_BUSINESS_SUMMARY_v4.0_LOCKED.txt,14_MIRRA_BUSINESS_SUMMARY_v4.0_LOCKED.txt,1323,business-summary,bridge_difference,snake_case,output_contract_field,output_contract,"other_income_excluded, mirra_operating_position, bridge_difference, bridge_status,"
14_MIRRA_BUSINESS_SUMMARY_v4.0_LOCKED.txt,14_MIRRA_BUSINESS_SUMMARY_v4.0_LOCKED.txt,1324,business-summary,bridge_status,snake_case,output_contract_field,output_contract,"mirra_operating_position, bridge_difference, bridge_status, revenue_reality_context,"
14_MIRRA_BUSINESS_SUMMARY_v4.0_LOCKED.txt,14_MIRRA_BUSINESS_SUMMARY_v4.0_LOCKED.txt,1938,business-summary,business_recovery_hours,snake_case,output_contract_field,output_contract,## Output Contract Fields To Add ### `business_recovery_hours` - Classification: `accept_contract_field`
14_MIRRA_BUSINESS_SUMMARY_v4.0_LOCKED.txt,14_MIRRA_BUSINESS_SUMMARY_v4.0_LOCKED.txt,1949,business-summary,business_recovery_hours,snake_case,output_contract_field,output_contract,"Brief insertion instruction: - Add `business_recovery_hours` to the `business-summary` output contract. - Define owner, meaning, source, downstream consumers where known, current/live status, and review notes."
14_MIRRA_BUSINESS_SUMMARY_v4.0_LOCKED.txt,14_MIRRA_BUSINESS_SUMMARY_v4.0_LOCKED.txt,2150,business-summary,business_summary_output_contract,snake_case,output_contract_field,output_contract,## Reference Wrapper Fields To Document Separately ### `business_summary_output_contract` - Classification: `accept_reference_wrapper`
14_MIRRA_BUSINESS_SUMMARY_v4.0_LOCKED.txt,14_MIRRA_BUSINESS_SUMMARY_v4.0_LOCKED.txt,2161,business-summary,business_summary_output_contract,snake_case,output_contract_field,output_contract,Brief insertion instruction: - Document `business_summary_output_contract` as a wrapper/reference field for `business-summary`. - Do not describe it as a business metric. - Identify what object it wraps and which modules consume it.
14_MIRRA_BUSINESS_SUMMARY_v4.0_LOCKED.txt,14_MIRRA_BUSINESS_SUMMARY_v4.0_LOCKED.txt,2212,business-summary,business_summary_output_contract,snake_case,output_contract_field,output_contract,## output_contract_reference_wrappers - business_summary_output_contract - business_summary_outputs
14_MIRRA_BUSINESS_SUMMARY_v4.0_LOCKED.txt,14_MIRRA_BUSINESS_SUMMARY_v4.0_LOCKED.txt,2165,business-summary,business_summary_outputs,snake_case,output_contract_field,output_contract,- Identify what object it wraps and which modules consume it. ### `business_summary_outputs` - Classification: `accept_reference_wrapper`
14_MIRRA_BUSINESS_SUMMARY_v4.0_LOCKED.txt,14_MIRRA_BUSINESS_SUMMARY_v4.0_LOCKED.txt,2176,business-summary,business_summary_outputs,snake_case,output_contract_field,output_contract,Brief insertion instruction: - Document `business_summary_outputs` as a wrapper/reference field for `business-summary`. - Do not describe it as a business metric. - Identify what object it wraps and which modules consume it.
14_MIRRA_BUSINESS_SUMMARY_v4.0_LOCKED.txt,14_MIRRA_BUSINESS_SUMMARY_v4.0_LOCKED.txt,2213,business-summary,business_summary_outputs,snake_case,output_contract_field,output_contract,- business_summary_output_contract - business_summary_outputs # END v5.0 MACHINE-READABLE ACCEPTED OUTPUT CONTRACT - business-summary
14_MIRRA_BUSINESS_SUMMARY_v4.0_LOCKED.txt,14_MIRRA_BUSINESS_SUMMARY_v4.0_LOCKED.txt,1281,business-summary,business_summary_ready,snake_case,output_contract_field,output_contract,"{ business_summary_ready, business_summary_status, business_summary_warnings,"
14_MIRRA_BUSINESS_SUMMARY_v4.0_LOCKED.txt,14_MIRRA_BUSINESS_SUMMARY_v4.0_LOCKED.txt,1330,business-summary,business_summary_source_trace,snake_case,output_contract_field,output_contract,"business_summary_cards, business_summary_source_trace }"
14_MIRRA_BUSINESS_SUMMARY_v4.0_LOCKED.txt,14_MIRRA_BUSINESS_SUMMARY_v4.0_LOCKED.txt,1282,business-summary,business_summary_status,snake_case,output_contract_field,output_contract,"{ business_summary_ready, business_summary_status, business_summary_warnings, business_summary_warning_count,"
14_MIRRA_BUSINESS_SUMMARY_v4.0_LOCKED.txt,14_MIRRA_BUSINESS_SUMMARY_v4.0_LOCKED.txt,1483,business-summary,business_summary_status,snake_case,output_contract_field,output_contract,Business Outcome should receive: - business_summary_status - net_position - recovery_gap_per_driver
14_MIRRA_BUSINESS_SUMMARY_v4.0_LOCKED.txt,14_MIRRA_BUSINESS_SUMMARY_v4.0_LOCKED.txt,2231,business-summary,business_summary_usable,snake_case,output_contract_field,output_contract,## output_contract - business_summary_usable - product_based - ready
14_MIRRA_BUSINESS_SUMMARY_v4.0_LOCKED.txt,14_MIRRA_BUSINESS_SUMMARY_v4.0_LOCKED.txt,1312,business-summary,current_margin_label,snake_case,output_contract_field,output_contract,"required_recovery_unit_label, current_margin_per_driver, current_margin_label, recovery_gap_per_driver, recovery_gap_label,"
14_MIRRA_BUSINESS_SUMMARY_v4.0_LOCKED.txt,14_MIRRA_BUSINESS_SUMMARY_v4.0_LOCKED.txt,1311,business-summary,current_margin_per_driver,snake_case,output_contract_field,output_contract,"required_recovery_label, required_recovery_unit_label, current_margin_per_driver, current_margin_label, recovery_gap_per_driver,"
14_MIRRA_BUSINESS_SUMMARY_v4.0_LOCKED.txt,14_MIRRA_BUSINESS_SUMMARY_v4.0_LOCKED.txt,1444,business-summary,current_margin_per_driver,snake_case,output_contract_field,output_contract,- activity_driver_value - required_recovery_per_driver - current_margin_per_driver - recovery_gap_per_driver - margin_pool
14_MIRRA_BUSINESS_SUMMARY_v4.0_LOCKED.txt,14_MIRRA_BUSINESS_SUMMARY_v4.0_LOCKED.txt,1467,business-summary,current_margin_per_driver,snake_case,output_contract_field,output_contract,- activity_driver_value - required_recovery_per_driver - current_margin_per_driver - recovery_gap_per_driver - revenue_reality_context
14_MIRRA_BUSINESS_SUMMARY_v4.0_LOCKED.txt,14_MIRRA_BUSINESS_SUMMARY_v4.0_LOCKED.txt,2153,business-summary,document_as_reference_wrapper_not_business_metric,snake_case,output_contract_field,output_contract,- Classification: `accept_reference_wrapper` - Recommended action: `document_as_reference_wrapper_not_business_metric` - Confidence: `medium` - Reason: Field appears to be a named module output contract wrapper consumed by another module.
14_MIRRA_BUSINESS_SUMMARY_v4.0_LOCKED.txt,14_MIRRA_BUSINESS_SUMMARY_v4.0_LOCKED.txt,2168,business-summary,document_as_reference_wrapper_not_business_metric,snake_case,output_contract_field,output_contract,- Classification: `accept_reference_wrapper` - Recommended action: `document_as_reference_wrapper_not_business_metric` - Confidence: `medium` - Reason: Field appears to be a named module output contract wrapper consumed by another module.
14_MIRRA_BUSINESS_SUMMARY_v4.0_LOCKED.txt,14_MIRRA_BUSINESS_SUMMARY_v4.0_LOCKED.txt,1945,business-summary,implemented_contract_not_documented_in_brief,snake_case,output_contract_field,output_contract,- Reason: Field is a named business/status/readiness/financial/hour/recovery output used by code. - Source code file(s): hooks\useBusinessSummary.js - Audit notes: implemented_contract_not_documented_in_brief Brief insertion instruction:
14_MIRRA_BUSINESS_SUMMARY_v4.0_LOCKED.txt,14_MIRRA_BUSINESS_SUMMARY_v4.0_LOCKED.txt,2157,business-summary,implemented_contract_not_documented_in_brief,snake_case,output_contract_field,output_contract,- Reason: Field appears to be a named module output contract wrapper consumed by another module. - Source code file(s): hooks\useBusinessModelling.js | hooks\useQuoteEngine.js | hooks\useRevenueReality.js | lib\calculations\quoteEngineCalculations.js - Audit notes: implemented_contract_not_documented_in_brief Brief insertion instruction:
14_MIRRA_BUSINESS_SUMMARY_v4.0_LOCKED.txt,14_MIRRA_BUSINESS_SUMMARY_v4.0_LOCKED.txt,2172,business-summary,implemented_contract_not_documented_in_brief,snake_case,output_contract_field,output_contract,- Reason: Field appears to be a named module output contract wrapper consumed by another module. - Source code file(s): hooks\useRecoverySummary.js - Audit notes: implemented_contract_not_documented_in_brief Brief insertion instruction:
14_MIRRA_BUSINESS_SUMMARY_v4.0_LOCKED.txt,14_MIRRA_BUSINESS_SUMMARY_v4.0_LOCKED.txt,2199,business-summary,margin_pool,snake_case,output_contract_field,output_contract,- cost_burden_breakdown - is_product_based - margin_pool - net_position - operating_recovery_hours
14_MIRRA_BUSINESS_SUMMARY_v4.0_LOCKED.txt,14_MIRRA_BUSINESS_SUMMARY_v4.0_LOCKED.txt,2200,business-summary,net_position,snake_case,output_contract_field,output_contract,- is_product_based - margin_pool - net_position - operating_recovery_hours - ready
14_MIRRA_BUSINESS_SUMMARY_v4.0_LOCKED.txt,14_MIRRA_BUSINESS_SUMMARY_v4.0_LOCKED.txt,2201,business-summary,operating_recovery_hours,snake_case,output_contract_field,output_contract,- margin_pool - net_position - operating_recovery_hours - ready - recovery_hours_used
14_MIRRA_BUSINESS_SUMMARY_v4.0_LOCKED.txt,14_MIRRA_BUSINESS_SUMMARY_v4.0_LOCKED.txt,2189,business-summary,output_contract,snake_case,output_contract_field,output_contract,MODULE_OWNER: business-summary SECTION_TYPE: output_contract SOURCE: MIRRA_ACCEPTED_BRIEF_FIELDS_BY_MODULE_v5.0.csv
14_MIRRA_BUSINESS_SUMMARY_v4.0_LOCKED.txt,14_MIRRA_BUSINESS_SUMMARY_v4.0_LOCKED.txt,2192,business-summary,output_contract,snake_case,output_contract_field,output_contract,SOURCE: MIRRA_ACCEPTED_BRIEF_FIELDS_BY_MODULE_v5.0.csv ## output_contract - business_recovery_hours
14_MIRRA_BUSINESS_SUMMARY_v4.0_LOCKED.txt,14_MIRRA_BUSINESS_SUMMARY_v4.0_LOCKED.txt,2226,business-summary,output_contract,snake_case,output_contract_field,output_contract,MODULE_OWNER: business-summary SECTION_TYPE: output_contract SOURCE: MIRRA_PASS_4_ACCEPTED_CONTRACT_FIELDS_BCR_v5.0.csv
14_MIRRA_BUSINESS_SUMMARY_v4.0_LOCKED.txt,14_MIRRA_BUSINESS_SUMMARY_v4.0_LOCKED.txt,2229,business-summary,output_contract,snake_case,output_contract_field,output_contract,SOURCE: MIRRA_PASS_4_ACCEPTED_CONTRACT_FIELDS_BCR_v5.0.csv ## output_contract - business_summary_usable
14_MIRRA_BUSINESS_SUMMARY_v4.0_LOCKED.txt,14_MIRRA_BUSINESS_SUMMARY_v4.0_LOCKED.txt,2247,business-summary,output_contract,snake_case,output_contract_field,output_contract,They are accepted as true module-owned output contract fields. ### Machine-readable output_contract fields - output_contract.ready
14_MIRRA_BUSINESS_SUMMARY_v4.0_LOCKED.txt,14_MIRRA_BUSINESS_SUMMARY_v4.0_LOCKED.txt,2249,business-summary,output_contract,snake_case,output_contract_field,output_contract,### Machine-readable output_contract fields - output_contract.ready
14_MIRRA_BUSINESS_SUMMARY_v4.0_LOCKED.txt,14_MIRRA_BUSINESS_SUMMARY_v4.0_LOCKED.txt,2210,business-summary,output_contract_reference_wrappers,snake_case,output_contract_field,output_contract,- weighted_productivity_percent ## output_contract_reference_wrappers - business_summary_output_contract
14_MIRRA_BUSINESS_SUMMARY_v4.0_LOCKED.txt,14_MIRRA_BUSINESS_SUMMARY_v4.0_LOCKED.txt,2232,business-summary,product_based,snake_case,output_contract_field,output_contract,- business_summary_usable - product_based - ready
14_MIRRA_BUSINESS_SUMMARY_v4.0_LOCKED.txt,14_MIRRA_BUSINESS_SUMMARY_v4.0_LOCKED.txt,2249,business-summary,ready,plain,output_contract_field,status_readiness_trust,### Machine-readable output_contract fields - output_contract.ready
14_MIRRA_BUSINESS_SUMMARY_v4.0_LOCKED.txt,14_MIRRA_BUSINESS_SUMMARY_v4.0_LOCKED.txt,1313,business-summary,recovery_gap_per_driver,snake_case,output_contract_field,output_contract,"current_margin_per_driver, current_margin_label, recovery_gap_per_driver, recovery_gap_label,"
14_MIRRA_BUSINESS_SUMMARY_v4.0_LOCKED.txt,14_MIRRA_BUSINESS_SUMMARY_v4.0_LOCKED.txt,2203,business-summary,recovery_hours_used,snake_case,output_contract_field,output_contract,- operating_recovery_hours - ready - recovery_hours_used - total_available_hours_before_productivity - total_recovery_hours
14_MIRRA_BUSINESS_SUMMARY_v4.0_LOCKED.txt,14_MIRRA_BUSINESS_SUMMARY_v4.0_LOCKED.txt,1309,business-summary,required_recovery_label,snake_case,output_contract_field,output_contract,"required_recovery_per_driver, required_recovery_label, required_recovery_unit_label, current_margin_per_driver,"
14_MIRRA_BUSINESS_SUMMARY_v4.0_LOCKED.txt,14_MIRRA_BUSINESS_SUMMARY_v4.0_LOCKED.txt,1308,business-summary,required_recovery_per_driver,snake_case,output_contract_field,output_contract,"net_position, required_recovery_per_driver, required_recovery_label, required_recovery_unit_label,"
14_MIRRA_BUSINESS_SUMMARY_v4.0_LOCKED.txt,14_MIRRA_BUSINESS_SUMMARY_v4.0_LOCKED.txt,1443,business-summary,required_recovery_per_driver,snake_case,output_contract_field,output_contract,- activity_driver_type - activity_driver_value - required_recovery_per_driver - current_margin_per_driver - recovery_gap_per_driver
14_MIRRA_BUSINESS_SUMMARY_v4.0_LOCKED.txt,14_MIRRA_BUSINESS_SUMMARY_v4.0_LOCKED.txt,1466,business-summary,required_recovery_per_driver,snake_case,output_contract_field,output_contract,- activity_driver_type - activity_driver_value - required_recovery_per_driver - current_margin_per_driver - recovery_gap_per_driver
14_MIRRA_BUSINESS_SUMMARY_v4.0_LOCKED.txt,14_MIRRA_BUSINESS_SUMMARY_v4.0_LOCKED.txt,1310,business-summary,required_recovery_unit_label,snake_case,output_contract_field,output_contract,"required_recovery_per_driver, required_recovery_label, required_recovery_unit_label, current_margin_per_driver, current_margin_label,"
14_MIRRA_BUSINESS_SUMMARY_v4.0_LOCKED.txt,14_MIRRA_BUSINESS_SUMMARY_v4.0_LOCKED.txt,2204,business-summary,total_available_hours_before_productivity,snake_case,output_contract_field,output_contract,- ready - recovery_hours_used - total_available_hours_before_productivity - total_recovery_hours - total_revenue
14_MIRRA_BUSINESS_SUMMARY_v4.0_LOCKED.txt,14_MIRRA_BUSINESS_SUMMARY_v4.0_LOCKED.txt,2205,business-summary,total_recovery_hours,snake_case,output_contract_field,output_contract,- recovery_hours_used - total_available_hours_before_productivity - total_recovery_hours - total_revenue - units_sold_annual
14_MIRRA_BUSINESS_SUMMARY_v4.0_LOCKED.txt,14_MIRRA_BUSINESS_SUMMARY_v4.0_LOCKED.txt,2206,business-summary,total_revenue,snake_case,output_contract_field,output_contract,- total_available_hours_before_productivity - total_recovery_hours - total_revenue - units_sold_annual - weighted_productivity_percent
14_MIRRA_BUSINESS_SUMMARY_v4.0_LOCKED.txt,14_MIRRA_BUSINESS_SUMMARY_v4.0_LOCKED.txt,2207,business-summary,units_sold_annual,snake_case,output_contract_field,output_contract,- total_recovery_hours - total_revenue - units_sold_annual - weighted_productivity_percent
14_MIRRA_BUSINESS_SUMMARY_v4.0_LOCKED.txt,14_MIRRA_BUSINESS_SUMMARY_v4.0_LOCKED.txt,2208,business-summary,weighted_productivity_percent,snake_case,output_contract_field,output_contract,- total_revenue - units_sold_annual - weighted_productivity_percent ## output_contract_reference_wrappers
17_MIRRA_COST_ALLOCATION_v4.0_LOCKED.txt,17_MIRRA_COST_ALLOCATION_v4.0_LOCKED.txt,2255,cost-allocation,base_calculation_inputs,snake_case,output_contract_field,output_contract,## output_contract - base_calculation_inputs - fallback_recovery_summary - recovery_outputs
17_MIRRA_COST_ALLOCATION_v4.0_LOCKED.txt,17_MIRRA_COST_ALLOCATION_v4.0_LOCKED.txt,1598,cost-allocation,cost_allocation_ready,snake_case,output_contract_field,output_contract,"{ cost_allocation_ready, cost_allocation_status, cost_allocation_warnings,"
17_MIRRA_COST_ALLOCATION_v4.0_LOCKED.txt,17_MIRRA_COST_ALLOCATION_v4.0_LOCKED.txt,1599,cost-allocation,cost_allocation_status,snake_case,output_contract_field,output_contract,"{ cost_allocation_ready, cost_allocation_status, cost_allocation_warnings, cost_allocation_warning_count,"
17_MIRRA_COST_ALLOCATION_v4.0_LOCKED.txt,17_MIRRA_COST_ALLOCATION_v4.0_LOCKED.txt,2256,cost-allocation,fallback_recovery_summary,snake_case,output_contract_field,output_contract,- base_calculation_inputs - fallback_recovery_summary - recovery_outputs
17_MIRRA_COST_ALLOCATION_v4.0_LOCKED.txt,17_MIRRA_COST_ALLOCATION_v4.0_LOCKED.txt,2232,cost-allocation,output_contract,snake_case,output_contract_field,output_contract,MODULE_OWNER: cost-allocation SECTION_TYPE: output_contract SOURCE: MIRRA_ACCEPTED_BRIEF_FIELDS_BY_MODULE_v5.0.csv
17_MIRRA_COST_ALLOCATION_v4.0_LOCKED.txt,17_MIRRA_COST_ALLOCATION_v4.0_LOCKED.txt,2235,cost-allocation,output_contract,snake_case,output_contract_field,output_contract,SOURCE: MIRRA_ACCEPTED_BRIEF_FIELDS_BY_MODULE_v5.0.csv ## output_contract - recovery_hours_used
17_MIRRA_COST_ALLOCATION_v4.0_LOCKED.txt,17_MIRRA_COST_ALLOCATION_v4.0_LOCKED.txt,2250,cost-allocation,output_contract,snake_case,output_contract_field,output_contract,MODULE_OWNER: cost-allocation SECTION_TYPE: output_contract SOURCE: MIRRA_PASS_4_ACCEPTED_CONTRACT_FIELDS_GBC_v5.0.csv
17_MIRRA_COST_ALLOCATION_v4.0_LOCKED.txt,17_MIRRA_COST_ALLOCATION_v4.0_LOCKED.txt,2253,cost-allocation,output_contract,snake_case,output_contract_field,output_contract,SOURCE: MIRRA_PASS_4_ACCEPTED_CONTRACT_FIELDS_GBC_v5.0.csv ## output_contract - base_calculation_inputs
17_MIRRA_COST_ALLOCATION_v4.0_LOCKED.txt,17_MIRRA_COST_ALLOCATION_v4.0_LOCKED.txt,2237,cost-allocation,recovery_hours_used,snake_case,output_contract_field,output_contract,## output_contract - recovery_hours_used # END v5.0 MACHINE-READABLE ACCEPTED OUTPUT CONTRACT - cost-allocation
17_MIRRA_COST_ALLOCATION_v4.0_LOCKED.txt,17_MIRRA_COST_ALLOCATION_v4.0_LOCKED.txt,2257,cost-allocation,recovery_outputs,snake_case,output_contract_field,output_contract,- base_calculation_inputs - fallback_recovery_summary - recovery_outputs # END v5.0 PASS 4 MANUAL ACCEPTED OUTPUT CONTRACT - cost-allocation
18_MIRRA_RECOVERY_SUMMARY_v4.0_LOCKED.txt,18_MIRRA_RECOVERY_SUMMARY_v4.0_LOCKED.txt,1119,cost-allocation,recovery_summary_cards,snake_case,output_contract_field,output_contract,"cost_allocation_context, recovery_summary_cards, recovery_summary_source_trace }"
18_MIRRA_RECOVERY_SUMMARY_v4.0_LOCKED.txt,18_MIRRA_RECOVERY_SUMMARY_v4.0_LOCKED.txt,1135,cost-allocation,required_recovery_per_driver,snake_case,output_contract_field,output_contract,- total_required_recovery_amount - total_unrecovered_cost - required_recovery_per_driver - group cost stacks from Cost Allocation - recovery drivers
17_MIRRA_COST_ALLOCATION_v4.0_LOCKED.txt,17_MIRRA_COST_ALLOCATION_v4.0_LOCKED.txt,1635,cost-allocation,total_assigned_overhead_amount,snake_case,output_contract_field,output_contract,"total_available_overhead_amount, total_assigned_overhead_amount, total_remaining_overhead_amount,"
17_MIRRA_COST_ALLOCATION_v4.0_LOCKED.txt,17_MIRRA_COST_ALLOCATION_v4.0_LOCKED.txt,1636,cost-allocation,total_remaining_overhead_amount,snake_case,output_contract_field,output_contract,"total_available_overhead_amount, total_assigned_overhead_amount, total_remaining_overhead_amount, total_group_assigned_cost,"
18_MIRRA_RECOVERY_SUMMARY_v4.0_LOCKED.txt,18_MIRRA_RECOVERY_SUMMARY_v4.0_LOCKED.txt,1134,cost-allocation,total_unrecovered_cost,snake_case,output_contract_field,output_contract,- group_recovery_rows - total_required_recovery_amount - total_unrecovered_cost - required_recovery_per_driver - group cost stacks from Cost Allocation
06_MIRRA_COST_SUMMARY_v4.0_LOCKED.txt,06_MIRRA_COST_SUMMARY_v4.0_LOCKED.txt,1233,cost-summary,accept_contract_field,snake_case,output_contract_field,status_readiness_trust,### `cost_summary_ready` - Classification: `accept_contract_field` - Recommended action: `add_to_v5_module_brief_output_contract` - Confidence: `high`
06_MIRRA_COST_SUMMARY_v4.0_LOCKED.txt,06_MIRRA_COST_SUMMARY_v4.0_LOCKED.txt,1247,cost-summary,accept_contract_field,snake_case,output_contract_field,status_readiness_trust,### `finance_cost_annual` - Classification: `accept_contract_field` - Recommended action: `add_to_v5_module_brief_output_contract` - Confidence: `high`
06_MIRRA_COST_SUMMARY_v4.0_LOCKED.txt,06_MIRRA_COST_SUMMARY_v4.0_LOCKED.txt,1261,cost-summary,accept_contract_field,snake_case,output_contract_field,status_readiness_trust,### `required_recovery_rate` - Classification: `accept_contract_field` - Recommended action: `add_to_v5_module_brief_output_contract` - Confidence: `high`
06_MIRRA_COST_SUMMARY_v4.0_LOCKED.txt,06_MIRRA_COST_SUMMARY_v4.0_LOCKED.txt,1275,cost-summary,accept_contract_field,snake_case,output_contract_field,status_readiness_trust,### `running_cost_annual` - Classification: `accept_contract_field` - Recommended action: `add_to_v5_module_brief_output_contract` - Confidence: `high`
06_MIRRA_COST_SUMMARY_v4.0_LOCKED.txt,06_MIRRA_COST_SUMMARY_v4.0_LOCKED.txt,1289,cost-summary,accept_contract_field,snake_case,output_contract_field,status_readiness_trust,### `total_available_hours_before_productivity` - Classification: `accept_contract_field` - Recommended action: `add_to_v5_module_brief_output_contract` - Confidence: `high`
06_MIRRA_COST_SUMMARY_v4.0_LOCKED.txt,06_MIRRA_COST_SUMMARY_v4.0_LOCKED.txt,1303,cost-summary,accept_contract_field,snake_case,output_contract_field,status_readiness_trust,### `total_business_cost_annual` - Classification: `accept_contract_field` - Recommended action: `add_to_v5_module_brief_output_contract` - Confidence: `high`
06_MIRRA_COST_SUMMARY_v4.0_LOCKED.txt,06_MIRRA_COST_SUMMARY_v4.0_LOCKED.txt,1317,cost-summary,accept_contract_field,snake_case,output_contract_field,status_readiness_trust,### `total_people_cost_annual` - Classification: `accept_contract_field` - Recommended action: `add_to_v5_module_brief_output_contract` - Confidence: `high`
06_MIRRA_COST_SUMMARY_v4.0_LOCKED.txt,06_MIRRA_COST_SUMMARY_v4.0_LOCKED.txt,1331,cost-summary,accept_contract_field,snake_case,output_contract_field,status_readiness_trust,### `total_recovery_hours` - Classification: `accept_contract_field` - Recommended action: `add_to_v5_module_brief_output_contract` - Confidence: `high`
06_MIRRA_COST_SUMMARY_v4.0_LOCKED.txt,06_MIRRA_COST_SUMMARY_v4.0_LOCKED.txt,1345,cost-summary,accept_contract_field,snake_case,output_contract_field,status_readiness_trust,### `weighted_productivity_percent` - Classification: `accept_contract_field` - Recommended action: `add_to_v5_module_brief_output_contract` - Confidence: `high`
06_MIRRA_COST_SUMMARY_v4.0_LOCKED.txt,06_MIRRA_COST_SUMMARY_v4.0_LOCKED.txt,1361,cost-summary,accept_reference_wrapper,snake_case,output_contract_field,output_contract,### `cost_summary_output_contract` - Classification: `accept_reference_wrapper` - Recommended action: `document_as_reference_wrapper_not_business_metric` - Confidence: `medium`
06_MIRRA_COST_SUMMARY_v4.0_LOCKED.txt,06_MIRRA_COST_SUMMARY_v4.0_LOCKED.txt,1376,cost-summary,accept_reference_wrapper,snake_case,output_contract_field,output_contract,### `cost_summary_outputs` - Classification: `accept_reference_wrapper` - Recommended action: `document_as_reference_wrapper_not_business_metric` - Confidence: `medium`
06_MIRRA_COST_SUMMARY_v4.0_LOCKED.txt,06_MIRRA_COST_SUMMARY_v4.0_LOCKED.txt,1234,cost-summary,add_to_v5_module_brief_output_contract,snake_case,output_contract_field,status_readiness_trust,- Classification: `accept_contract_field` - Recommended action: `add_to_v5_module_brief_output_contract` - Confidence: `high` - Reason: Field is a named business/status/readiness/financial/hour/recovery output used by code.
06_MIRRA_COST_SUMMARY_v4.0_LOCKED.txt,06_MIRRA_COST_SUMMARY_v4.0_LOCKED.txt,1248,cost-summary,add_to_v5_module_brief_output_contract,snake_case,output_contract_field,status_readiness_trust,- Classification: `accept_contract_field` - Recommended action: `add_to_v5_module_brief_output_contract` - Confidence: `high` - Reason: Field is a named business/status/readiness/financial/hour/recovery output used by code.
06_MIRRA_COST_SUMMARY_v4.0_LOCKED.txt,06_MIRRA_COST_SUMMARY_v4.0_LOCKED.txt,1262,cost-summary,add_to_v5_module_brief_output_contract,snake_case,output_contract_field,status_readiness_trust,- Classification: `accept_contract_field` - Recommended action: `add_to_v5_module_brief_output_contract` - Confidence: `high` - Reason: Field is a named business/status/readiness/financial/hour/recovery output used by code.
06_MIRRA_COST_SUMMARY_v4.0_LOCKED.txt,06_MIRRA_COST_SUMMARY_v4.0_LOCKED.txt,1276,cost-summary,add_to_v5_module_brief_output_contract,snake_case,output_contract_field,status_readiness_trust,- Classification: `accept_contract_field` - Recommended action: `add_to_v5_module_brief_output_contract` - Confidence: `high` - Reason: Field is a named business/status/readiness/financial/hour/recovery output used by code.
06_MIRRA_COST_SUMMARY_v4.0_LOCKED.txt,06_MIRRA_COST_SUMMARY_v4.0_LOCKED.txt,1290,cost-summary,add_to_v5_module_brief_output_contract,snake_case,output_contract_field,status_readiness_trust,- Classification: `accept_contract_field` - Recommended action: `add_to_v5_module_brief_output_contract` - Confidence: `high` - Reason: Field is a named business/status/readiness/financial/hour/recovery output used by code.
06_MIRRA_COST_SUMMARY_v4.0_LOCKED.txt,06_MIRRA_COST_SUMMARY_v4.0_LOCKED.txt,1304,cost-summary,add_to_v5_module_brief_output_contract,snake_case,output_contract_field,status_readiness_trust,- Classification: `accept_contract_field` - Recommended action: `add_to_v5_module_brief_output_contract` - Confidence: `high` - Reason: Field is a named business/status/readiness/financial/hour/recovery output used by code.
06_MIRRA_COST_SUMMARY_v4.0_LOCKED.txt,06_MIRRA_COST_SUMMARY_v4.0_LOCKED.txt,1318,cost-summary,add_to_v5_module_brief_output_contract,snake_case,output_contract_field,status_readiness_trust,- Classification: `accept_contract_field` - Recommended action: `add_to_v5_module_brief_output_contract` - Confidence: `high` - Reason: Field is a named business/status/readiness/financial/hour/recovery output used by code.
06_MIRRA_COST_SUMMARY_v4.0_LOCKED.txt,06_MIRRA_COST_SUMMARY_v4.0_LOCKED.txt,1332,cost-summary,add_to_v5_module_brief_output_contract,snake_case,output_contract_field,status_readiness_trust,- Classification: `accept_contract_field` - Recommended action: `add_to_v5_module_brief_output_contract` - Confidence: `high` - Reason: Field is a named business/status/readiness/financial/hour/recovery output used by code.
06_MIRRA_COST_SUMMARY_v4.0_LOCKED.txt,06_MIRRA_COST_SUMMARY_v4.0_LOCKED.txt,1346,cost-summary,add_to_v5_module_brief_output_contract,snake_case,output_contract_field,status_readiness_trust,- Classification: `accept_contract_field` - Recommended action: `add_to_v5_module_brief_output_contract` - Confidence: `high` - Reason: Field is a named business/status/readiness/financial/hour/recovery output used by code.
06_MIRRA_COST_SUMMARY_v4.0_LOCKED.txt,06_MIRRA_COST_SUMMARY_v4.0_LOCKED.txt,1431,cost-summary,category_totals,snake_case,output_contract_field,output_contract,## output_contract - category_totals - employer_contribution_totals - entitlement_totals
06_MIRRA_COST_SUMMARY_v4.0_LOCKED.txt,06_MIRRA_COST_SUMMARY_v4.0_LOCKED.txt,1359,cost-summary,cost_summary_output_contract,snake_case,output_contract_field,output_contract,## Reference Wrapper Fields To Document Separately ### `cost_summary_output_contract` - Classification: `accept_reference_wrapper`
06_MIRRA_COST_SUMMARY_v4.0_LOCKED.txt,06_MIRRA_COST_SUMMARY_v4.0_LOCKED.txt,1370,cost-summary,cost_summary_output_contract,snake_case,output_contract_field,output_contract,Brief insertion instruction: - Document `cost_summary_output_contract` as a wrapper/reference field for `cost-summary`. - Do not describe it as a business metric. - Identify what object it wraps and which modules consume it.
06_MIRRA_COST_SUMMARY_v4.0_LOCKED.txt,06_MIRRA_COST_SUMMARY_v4.0_LOCKED.txt,1415,cost-summary,cost_summary_output_contract,snake_case,output_contract_field,output_contract,## output_contract_reference_wrappers - cost_summary_output_contract - cost_summary_outputs
06_MIRRA_COST_SUMMARY_v4.0_LOCKED.txt,06_MIRRA_COST_SUMMARY_v4.0_LOCKED.txt,1374,cost-summary,cost_summary_outputs,snake_case,output_contract_field,output_contract,- Identify what object it wraps and which modules consume it. ### `cost_summary_outputs` - Classification: `accept_reference_wrapper`
06_MIRRA_COST_SUMMARY_v4.0_LOCKED.txt,06_MIRRA_COST_SUMMARY_v4.0_LOCKED.txt,1385,cost-summary,cost_summary_outputs,snake_case,output_contract_field,output_contract,Brief insertion instruction: - Document `cost_summary_outputs` as a wrapper/reference field for `cost-summary`. - Do not describe it as a business metric. - Identify what object it wraps and which modules consume it.
06_MIRRA_COST_SUMMARY_v4.0_LOCKED.txt,06_MIRRA_COST_SUMMARY_v4.0_LOCKED.txt,1416,cost-summary,cost_summary_outputs,snake_case,output_contract_field,output_contract,- cost_summary_output_contract - cost_summary_outputs # END v5.0 MACHINE-READABLE ACCEPTED OUTPUT CONTRACT - cost-summary
06_MIRRA_COST_SUMMARY_v4.0_LOCKED.txt,06_MIRRA_COST_SUMMARY_v4.0_LOCKED.txt,1403,cost-summary,cost_summary_ready,snake_case,output_contract_field,output_contract,## output_contract - cost_summary_ready - finance_cost_annual - required_recovery_rate
06_MIRRA_COST_SUMMARY_v4.0_LOCKED.txt,06_MIRRA_COST_SUMMARY_v4.0_LOCKED.txt,1362,cost-summary,document_as_reference_wrapper_not_business_metric,snake_case,output_contract_field,output_contract,- Classification: `accept_reference_wrapper` - Recommended action: `document_as_reference_wrapper_not_business_metric` - Confidence: `medium` - Reason: Field appears to be a named module output contract wrapper consumed by another module.
06_MIRRA_COST_SUMMARY_v4.0_LOCKED.txt,06_MIRRA_COST_SUMMARY_v4.0_LOCKED.txt,1377,cost-summary,document_as_reference_wrapper_not_business_metric,snake_case,output_contract_field,output_contract,- Classification: `accept_reference_wrapper` - Recommended action: `document_as_reference_wrapper_not_business_metric` - Confidence: `medium` - Reason: Field appears to be a named module output contract wrapper consumed by another module.
06_MIRRA_COST_SUMMARY_v4.0_LOCKED.txt,06_MIRRA_COST_SUMMARY_v4.0_LOCKED.txt,1432,cost-summary,employer_contribution_totals,snake_case,output_contract_field,output_contract,- category_totals - employer_contribution_totals - entitlement_totals - total_cost_burden
06_MIRRA_COST_SUMMARY_v4.0_LOCKED.txt,06_MIRRA_COST_SUMMARY_v4.0_LOCKED.txt,1433,cost-summary,entitlement_totals,snake_case,output_contract_field,output_contract,- category_totals - employer_contribution_totals - entitlement_totals - total_cost_burden
06_MIRRA_COST_SUMMARY_v4.0_LOCKED.txt,06_MIRRA_COST_SUMMARY_v4.0_LOCKED.txt,1404,cost-summary,finance_cost_annual,snake_case,output_contract_field,output_contract,- cost_summary_ready - finance_cost_annual - required_recovery_rate - running_cost_annual
06_MIRRA_COST_SUMMARY_v4.0_LOCKED.txt,06_MIRRA_COST_SUMMARY_v4.0_LOCKED.txt,1366,cost-summary,implemented_contract_not_documented_in_brief,snake_case,output_contract_field,output_contract,- Reason: Field appears to be a named module output contract wrapper consumed by another module. - Source code file(s): hooks\useBusinessSummary.js | hooks\useQuoteEngine.js | lib\calculations\quoteEngineCalculations.js - Audit notes: implemented_contract_not_documented_in_brief Brief insertion instruction:
06_MIRRA_COST_SUMMARY_v4.0_LOCKED.txt,06_MIRRA_COST_SUMMARY_v4.0_LOCKED.txt,1381,cost-summary,implemented_contract_not_documented_in_brief,snake_case,output_contract_field,output_contract,- Reason: Field appears to be a named module output contract wrapper consumed by another module. - Source code file(s): hooks\useRevenueSummary.js - Audit notes: implemented_contract_not_documented_in_brief Brief insertion instruction:
22_MIRRA_SOQ_JOB_PO_LAYER_v4.0_LOCKED.txt,22_MIRRA_SOQ_JOB_PO_LAYER_v4.0_LOCKED.txt,765,cost-summary,job_actual_cost_summary,snake_case,output_contract_field,output_contract,"subcontractor_consumption_rows, job_actual_cost_summary, unit_cost_validation_rows,"
14_MIRRA_BUSINESS_SUMMARY_v4.0_LOCKED.txt,14_MIRRA_BUSINESS_SUMMARY_v4.0_LOCKED.txt,1446,cost-summary,margin_pool,snake_case,output_contract_field,output_contract,- current_margin_per_driver - recovery_gap_per_driver - margin_pool - total_cost_burden - net_position
06_MIRRA_COST_SUMMARY_v4.0_LOCKED.txt,06_MIRRA_COST_SUMMARY_v4.0_LOCKED.txt,1398,cost-summary,output_contract,snake_case,output_contract_field,output_contract,MODULE_OWNER: cost-summary SECTION_TYPE: output_contract SOURCE: MIRRA_ACCEPTED_BRIEF_FIELDS_BY_MODULE_v5.0.csv
06_MIRRA_COST_SUMMARY_v4.0_LOCKED.txt,06_MIRRA_COST_SUMMARY_v4.0_LOCKED.txt,1401,cost-summary,output_contract,snake_case,output_contract_field,output_contract,SOURCE: MIRRA_ACCEPTED_BRIEF_FIELDS_BY_MODULE_v5.0.csv ## output_contract - cost_summary_ready
06_MIRRA_COST_SUMMARY_v4.0_LOCKED.txt,06_MIRRA_COST_SUMMARY_v4.0_LOCKED.txt,1426,cost-summary,output_contract,snake_case,output_contract_field,output_contract,MODULE_OWNER: cost-summary SECTION_TYPE: output_contract SOURCE: MIRRA_PASS_4_ACCEPTED_CONTRACT_FIELDS_BCR_v5.0.csv
06_MIRRA_COST_SUMMARY_v4.0_LOCKED.txt,06_MIRRA_COST_SUMMARY_v4.0_LOCKED.txt,1429,cost-summary,output_contract,snake_case,output_contract_field,output_contract,SOURCE: MIRRA_PASS_4_ACCEPTED_CONTRACT_FIELDS_BCR_v5.0.csv ## output_contract - category_totals
06_MIRRA_COST_SUMMARY_v4.0_LOCKED.txt,06_MIRRA_COST_SUMMARY_v4.0_LOCKED.txt,1413,cost-summary,output_contract_reference_wrappers,snake_case,output_contract_field,output_contract,- weighted_productivity_percent ## output_contract_reference_wrappers - cost_summary_output_contract
14_MIRRA_BUSINESS_SUMMARY_v4.0_LOCKED.txt,14_MIRRA_BUSINESS_SUMMARY_v4.0_LOCKED.txt,1445,cost-summary,recovery_gap_per_driver,snake_case,output_contract_field,output_contract,- required_recovery_per_driver - current_margin_per_driver - recovery_gap_per_driver - margin_pool - total_cost_burden
06_MIRRA_COST_SUMMARY_v4.0_LOCKED.txt,06_MIRRA_COST_SUMMARY_v4.0_LOCKED.txt,1405,cost-summary,required_recovery_rate,snake_case,output_contract_field,output_contract,- cost_summary_ready - finance_cost_annual - required_recovery_rate - running_cost_annual - total_available_hours_before_productivity
06_MIRRA_COST_SUMMARY_v4.0_LOCKED.txt,06_MIRRA_COST_SUMMARY_v4.0_LOCKED.txt,1406,cost-summary,running_cost_annual,snake_case,output_contract_field,output_contract,- finance_cost_annual - required_recovery_rate - running_cost_annual - total_available_hours_before_productivity - total_business_cost_annual
06_MIRRA_COST_SUMMARY_v4.0_LOCKED.txt,06_MIRRA_COST_SUMMARY_v4.0_LOCKED.txt,1407,cost-summary,total_available_hours_before_productivity,snake_case,output_contract_field,output_contract,- required_recovery_rate - running_cost_annual - total_available_hours_before_productivity - total_business_cost_annual - total_people_cost_annual
06_MIRRA_COST_SUMMARY_v4.0_LOCKED.txt,06_MIRRA_COST_SUMMARY_v4.0_LOCKED.txt,1408,cost-summary,total_business_cost_annual,snake_case,output_contract_field,output_contract,- running_cost_annual - total_available_hours_before_productivity - total_business_cost_annual - total_people_cost_annual - total_recovery_hours
06_MIRRA_COST_SUMMARY_v4.0_LOCKED.txt,06_MIRRA_COST_SUMMARY_v4.0_LOCKED.txt,1434,cost-summary,total_cost_burden,snake_case,output_contract_field,output_contract,- employer_contribution_totals - entitlement_totals - total_cost_burden # END v5.0 PASS 4 MANUAL ACCEPTED OUTPUT CONTRACT - cost-summary
14_MIRRA_BUSINESS_SUMMARY_v4.0_LOCKED.txt,14_MIRRA_BUSINESS_SUMMARY_v4.0_LOCKED.txt,1447,cost-summary,total_cost_burden,snake_case,output_contract_field,output_contract,- recovery_gap_per_driver - margin_pool - total_cost_burden - net_position - revenue_reality_context
06_MIRRA_COST_SUMMARY_v4.0_LOCKED.txt,06_MIRRA_COST_SUMMARY_v4.0_LOCKED.txt,1409,cost-summary,total_people_cost_annual,snake_case,output_contract_field,output_contract,- total_available_hours_before_productivity - total_business_cost_annual - total_people_cost_annual - total_recovery_hours - weighted_productivity_percent
06_MIRRA_COST_SUMMARY_v4.0_LOCKED.txt,06_MIRRA_COST_SUMMARY_v4.0_LOCKED.txt,1410,cost-summary,total_recovery_hours,snake_case,output_contract_field,output_contract,- total_business_cost_annual - total_people_cost_annual - total_recovery_hours - weighted_productivity_percent
22_MIRRA_SOQ_JOB_PO_LAYER_v4.0_LOCKED.txt,22_MIRRA_SOQ_JOB_PO_LAYER_v4.0_LOCKED.txt,767,cost-summary,unit_cost_validation_rows,snake_case,output_contract_field,output_contract,"job_actual_cost_summary, unit_cost_validation_rows, product_rate_validation_rows, quote_vs_actual_rows,"
06_MIRRA_COST_SUMMARY_v4.0_LOCKED.txt,06_MIRRA_COST_SUMMARY_v4.0_LOCKED.txt,1411,cost-summary,weighted_productivity_percent,snake_case,output_contract_field,output_contract,- total_people_cost_annual - total_recovery_hours - weighted_productivity_percent ## output_contract_reference_wrappers
28_MIRRA_DATABASE_STORAGE_EXPORT_LAYER_v4.0_LOCKED.txt,28_MIRRA_DATABASE_STORAGE_EXPORT_LAYER_v4.0_LOCKED.txt,910,database-storage-export,active_database_path,snake_case,output_contract_field,output_contract,"storage_trust_state, active_database_path, active_model_version_id, active_target_set_id,"
28_MIRRA_DATABASE_STORAGE_EXPORT_LAYER_v4.0_LOCKED.txt,28_MIRRA_DATABASE_STORAGE_EXPORT_LAYER_v4.0_LOCKED.txt,911,database-storage-export,active_model_version_id,snake_case,output_contract_field,output_contract,"active_database_path, active_model_version_id, active_target_set_id,"
28_MIRRA_DATABASE_STORAGE_EXPORT_LAYER_v4.0_LOCKED.txt,28_MIRRA_DATABASE_STORAGE_EXPORT_LAYER_v4.0_LOCKED.txt,912,database-storage-export,active_target_set_id,snake_case,output_contract_field,output_contract,"active_database_path, active_model_version_id, active_target_set_id, source_import_rows,"
28_MIRRA_DATABASE_STORAGE_EXPORT_LAYER_v4.0_LOCKED.txt,28_MIRRA_DATABASE_STORAGE_EXPORT_LAYER_v4.0_LOCKED.txt,927,database-storage-export,backup_rows,snake_case,output_contract_field,output_contract,"export_rows, backup_rows, migration_rows,"
28_MIRRA_DATABASE_STORAGE_EXPORT_LAYER_v4.0_LOCKED.txt,28_MIRRA_DATABASE_STORAGE_EXPORT_LAYER_v4.0_LOCKED.txt,928,database-storage-export,migration_rows,snake_case,output_contract_field,output_contract,"export_rows, backup_rows, migration_rows, storage_source_trace"
28_MIRRA_DATABASE_STORAGE_EXPORT_LAYER_v4.0_LOCKED.txt,28_MIRRA_DATABASE_STORAGE_EXPORT_LAYER_v4.0_LOCKED.txt,914,database-storage-export,source_import_rows,snake_case,output_contract_field,output_contract,"active_target_set_id, source_import_rows, approved_model_versions, approved_rate_sets,"
28_MIRRA_DATABASE_STORAGE_EXPORT_LAYER_v4.0_LOCKED.txt,28_MIRRA_DATABASE_STORAGE_EXPORT_LAYER_v4.0_LOCKED.txt,904,database-storage-export,storage_ready,snake_case,output_contract_field,output_contract,"{ storage_ready, storage_status, storage_warnings,"
28_MIRRA_DATABASE_STORAGE_EXPORT_LAYER_v4.0_LOCKED.txt,28_MIRRA_DATABASE_STORAGE_EXPORT_LAYER_v4.0_LOCKED.txt,930,database-storage-export,storage_source_trace,snake_case,output_contract_field,output_contract,"migration_rows, storage_source_trace }"
28_MIRRA_DATABASE_STORAGE_EXPORT_LAYER_v4.0_LOCKED.txt,28_MIRRA_DATABASE_STORAGE_EXPORT_LAYER_v4.0_LOCKED.txt,905,database-storage-export,storage_status,snake_case,output_contract_field,output_contract,"{ storage_ready, storage_status, storage_warnings, storage_warning_count,"
28_MIRRA_DATABASE_STORAGE_EXPORT_LAYER_v4.0_LOCKED.txt,28_MIRRA_DATABASE_STORAGE_EXPORT_LAYER_v4.0_LOCKED.txt,908,database-storage-export,storage_trust_state,snake_case,output_contract_field,output_contract,"storage_warnings, storage_warning_count, storage_trust_state, active_database_path,"
28_MIRRA_DATABASE_STORAGE_EXPORT_LAYER_v4.0_LOCKED.txt,28_MIRRA_DATABASE_STORAGE_EXPORT_LAYER_v4.0_LOCKED.txt,907,database-storage-export,storage_warning_count,snake_case,output_contract_field,output_contract,"storage_status, storage_warnings, storage_warning_count, storage_trust_state,"
28_MIRRA_DATABASE_STORAGE_EXPORT_LAYER_v4.0_LOCKED.txt,28_MIRRA_DATABASE_STORAGE_EXPORT_LAYER_v4.0_LOCKED.txt,906,database-storage-export,storage_warnings,snake_case,output_contract_field,output_contract,"storage_ready, storage_status, storage_warnings, storage_warning_count, storage_trust_state,"
04_MIRRA_P_AND_L_PAGE_v4.0_LOCKED.txt,04_MIRRA_P_AND_L_PAGE_v4.0_LOCKED.txt,1132,employee-overheads-legacy,accept_contract_field,snake_case,output_contract_field,output_contract,### `employee_overheads_benchmark_total` - Classification: `accept_contract_field` - Recommended action: `add_to_v5_module_brief_output_contract` - Confidence: `high`
04_MIRRA_P_AND_L_PAGE_v4.0_LOCKED.txt,04_MIRRA_P_AND_L_PAGE_v4.0_LOCKED.txt,1130,employee-overheads-legacy,employee_overheads_benchmark_total,snake_case,output_contract_field,output_contract,"- Define owner, meaning, source, downstream consumers where known, current/live status, and review notes. ### `employee_overheads_benchmark_total` - Classification: `accept_contract_field`"
04_MIRRA_P_AND_L_PAGE_v4.0_LOCKED.txt,04_MIRRA_P_AND_L_PAGE_v4.0_LOCKED.txt,1160,general-overheads,accept_contract_field,snake_case,output_contract_field,output_contract,### `general_overheads_benchmark_total` - Classification: `accept_contract_field` - Recommended action: `add_to_v5_module_brief_output_contract` - Confidence: `high`
05_MIRRA_GENERAL_OVERHEADS_v4.0_LOCKED.txt,05_MIRRA_GENERAL_OVERHEADS_v4.0_LOCKED.txt,1247,general-overheads,accept_contract_field,snake_case,output_contract_field,output_contract,### `employee_overheads_benchmark_total` - Classification: `accept_contract_field` - Recommended action: `add_to_v5_module_brief_output_contract` - Confidence: `high`
05_MIRRA_GENERAL_OVERHEADS_v4.0_LOCKED.txt,05_MIRRA_GENERAL_OVERHEADS_v4.0_LOCKED.txt,1261,general-overheads,accept_contract_field,snake_case,output_contract_field,output_contract,### `employee_overheads_lines` - Classification: `accept_contract_field` - Recommended action: `add_to_v5_module_brief_output_contract` - Confidence: `medium`
05_MIRRA_GENERAL_OVERHEADS_v4.0_LOCKED.txt,05_MIRRA_GENERAL_OVERHEADS_v4.0_LOCKED.txt,1275,general-overheads,accept_contract_field,snake_case,output_contract_field,row_or_array_contract,### `grouped_overhead_rows` - Classification: `accept_contract_field` - Recommended action: `add_to_v5_module_brief_output_contract` - Confidence: `medium`
05_MIRRA_GENERAL_OVERHEADS_v4.0_LOCKED.txt,05_MIRRA_GENERAL_OVERHEADS_v4.0_LOCKED.txt,1289,general-overheads,accept_contract_field,snake_case,output_contract_field,row_or_array_contract,### `grouped_summary` - Classification: `accept_contract_field` - Recommended action: `add_to_v5_module_brief_output_contract` - Confidence: `medium`
05_MIRRA_GENERAL_OVERHEADS_v4.0_LOCKED.txt,05_MIRRA_GENERAL_OVERHEADS_v4.0_LOCKED.txt,1303,general-overheads,accept_contract_field,snake_case,output_contract_field,row_or_array_contract,### `is_hydrated` - Classification: `accept_contract_field` - Recommended action: `add_to_v5_module_brief_output_contract` - Confidence: `high`
05_MIRRA_GENERAL_OVERHEADS_v4.0_LOCKED.txt,05_MIRRA_GENERAL_OVERHEADS_v4.0_LOCKED.txt,1317,general-overheads,accept_contract_field,snake_case,output_contract_field,row_or_array_contract,### `operating_expense_lines` - Classification: `accept_contract_field` - Recommended action: `add_to_v5_module_brief_output_contract` - Confidence: `medium`
05_MIRRA_GENERAL_OVERHEADS_v4.0_LOCKED.txt,05_MIRRA_GENERAL_OVERHEADS_v4.0_LOCKED.txt,1331,general-overheads,accept_contract_field,snake_case,output_contract_field,row_or_array_contract,### `overhead_rows` - Classification: `accept_contract_field` - Recommended action: `add_to_v5_module_brief_output_contract` - Confidence: `medium`
05_MIRRA_GENERAL_OVERHEADS_v4.0_LOCKED.txt,05_MIRRA_GENERAL_OVERHEADS_v4.0_LOCKED.txt,1362,general-overheads,accept_reference_wrapper,snake_case,output_contract_field,output_contract,### `general_overheads_output_contract` - Classification: `accept_reference_wrapper` - Recommended action: `document_as_reference_wrapper_not_business_metric` - Confidence: `medium`
05_MIRRA_GENERAL_OVERHEADS_v4.0_LOCKED.txt,05_MIRRA_GENERAL_OVERHEADS_v4.0_LOCKED.txt,1377,general-overheads,accept_reference_wrapper,snake_case,output_contract_field,output_contract,### `general_overheads_outputs` - Classification: `accept_reference_wrapper` - Recommended action: `document_as_reference_wrapper_not_business_metric` - Confidence: `medium`
05_MIRRA_GENERAL_OVERHEADS_v4.0_LOCKED.txt,05_MIRRA_GENERAL_OVERHEADS_v4.0_LOCKED.txt,1248,general-overheads,add_to_v5_module_brief_output_contract,snake_case,output_contract_field,output_contract,- Classification: `accept_contract_field` - Recommended action: `add_to_v5_module_brief_output_contract` - Confidence: `high` - Reason: Field is a named business/status/readiness/financial/hour/recovery output used by code.
05_MIRRA_GENERAL_OVERHEADS_v4.0_LOCKED.txt,05_MIRRA_GENERAL_OVERHEADS_v4.0_LOCKED.txt,1262,general-overheads,add_to_v5_module_brief_output_contract,snake_case,output_contract_field,output_contract,"- Classification: `accept_contract_field` - Recommended action: `add_to_v5_module_brief_output_contract` - Confidence: `medium` - Reason: Field suffix indicates a likely contract output such as total, status, warning, cost, rate, hours, or row array."
05_MIRRA_GENERAL_OVERHEADS_v4.0_LOCKED.txt,05_MIRRA_GENERAL_OVERHEADS_v4.0_LOCKED.txt,1276,general-overheads,add_to_v5_module_brief_output_contract,snake_case,output_contract_field,row_or_array_contract,"- Classification: `accept_contract_field` - Recommended action: `add_to_v5_module_brief_output_contract` - Confidence: `medium` - Reason: Field suffix indicates a likely contract output such as total, status, warning, cost, rate, hours, or row array."
05_MIRRA_GENERAL_OVERHEADS_v4.0_LOCKED.txt,05_MIRRA_GENERAL_OVERHEADS_v4.0_LOCKED.txt,1290,general-overheads,add_to_v5_module_brief_output_contract,snake_case,output_contract_field,row_or_array_contract,"- Classification: `accept_contract_field` - Recommended action: `add_to_v5_module_brief_output_contract` - Confidence: `medium` - Reason: Field suffix indicates a likely contract output such as total, status, warning, cost, rate, hours, or row array."
05_MIRRA_GENERAL_OVERHEADS_v4.0_LOCKED.txt,05_MIRRA_GENERAL_OVERHEADS_v4.0_LOCKED.txt,1304,general-overheads,add_to_v5_module_brief_output_contract,snake_case,output_contract_field,row_or_array_contract,- Classification: `accept_contract_field` - Recommended action: `add_to_v5_module_brief_output_contract` - Confidence: `high` - Reason: Field is a named business/status/readiness/financial/hour/recovery output used by code.
05_MIRRA_GENERAL_OVERHEADS_v4.0_LOCKED.txt,05_MIRRA_GENERAL_OVERHEADS_v4.0_LOCKED.txt,1318,general-overheads,add_to_v5_module_brief_output_contract,snake_case,output_contract_field,row_or_array_contract,"- Classification: `accept_contract_field` - Recommended action: `add_to_v5_module_brief_output_contract` - Confidence: `medium` - Reason: Field suffix indicates a likely contract output such as total, status, warning, cost, rate, hours, or row array."
05_MIRRA_GENERAL_OVERHEADS_v4.0_LOCKED.txt,05_MIRRA_GENERAL_OVERHEADS_v4.0_LOCKED.txt,1332,general-overheads,add_to_v5_module_brief_output_contract,snake_case,output_contract_field,row_or_array_contract,"- Classification: `accept_contract_field` - Recommended action: `add_to_v5_module_brief_output_contract` - Confidence: `medium` - Reason: Field suffix indicates a likely contract output such as total, status, warning, cost, rate, hours, or row array."
05_MIRRA_GENERAL_OVERHEADS_v4.0_LOCKED.txt,05_MIRRA_GENERAL_OVERHEADS_v4.0_LOCKED.txt,871,general-overheads,assigned_overhead_amount,snake_case,output_contract_field,output_contract,source_overhead_pool_amount assigned_overhead_amount remaining_overhead_pool_amount over_assigned_overhead_amount
17_MIRRA_COST_ALLOCATION_v4.0_LOCKED.txt,17_MIRRA_COST_ALLOCATION_v4.0_LOCKED.txt,1615,general-overheads,default_overhead_pool,snake_case,output_contract_field,output_contract,"general_overheads_pool, default_overhead_pool, overhead_group_assignments,"
05_MIRRA_GENERAL_OVERHEADS_v4.0_LOCKED.txt,05_MIRRA_GENERAL_OVERHEADS_v4.0_LOCKED.txt,1363,general-overheads,document_as_reference_wrapper_not_business_metric,snake_case,output_contract_field,output_contract,- Classification: `accept_reference_wrapper` - Recommended action: `document_as_reference_wrapper_not_business_metric` - Confidence: `medium` - Reason: Field appears to be a named module output contract wrapper consumed by another module.
05_MIRRA_GENERAL_OVERHEADS_v4.0_LOCKED.txt,05_MIRRA_GENERAL_OVERHEADS_v4.0_LOCKED.txt,1378,general-overheads,document_as_reference_wrapper_not_business_metric,snake_case,output_contract_field,output_contract,- Classification: `accept_reference_wrapper` - Recommended action: `document_as_reference_wrapper_not_business_metric` - Confidence: `medium` - Reason: Field appears to be a named module output contract wrapper consumed by another module.
05_MIRRA_GENERAL_OVERHEADS_v4.0_LOCKED.txt,05_MIRRA_GENERAL_OVERHEADS_v4.0_LOCKED.txt,1245,general-overheads,employee_overheads_benchmark_total,snake_case,output_contract_field,output_contract,## Output Contract Fields To Add ### `employee_overheads_benchmark_total` - Classification: `accept_contract_field`
05_MIRRA_GENERAL_OVERHEADS_v4.0_LOCKED.txt,05_MIRRA_GENERAL_OVERHEADS_v4.0_LOCKED.txt,1256,general-overheads,employee_overheads_benchmark_total,snake_case,output_contract_field,output_contract,"Brief insertion instruction: - Add `employee_overheads_benchmark_total` to the `general-overheads` output contract. - Define owner, meaning, source, downstream consumers where known, current/live status, and review notes."
05_MIRRA_GENERAL_OVERHEADS_v4.0_LOCKED.txt,05_MIRRA_GENERAL_OVERHEADS_v4.0_LOCKED.txt,1404,general-overheads,employee_overheads_benchmark_total,snake_case,output_contract_field,output_contract,## output_contract - employee_overheads_benchmark_total - employee_overheads_lines - grouped_overhead_rows
05_MIRRA_GENERAL_OVERHEADS_v4.0_LOCKED.txt,05_MIRRA_GENERAL_OVERHEADS_v4.0_LOCKED.txt,1259,general-overheads,employee_overheads_lines,snake_case,output_contract_field,output_contract,"- Define owner, meaning, source, downstream consumers where known, current/live status, and review notes. ### `employee_overheads_lines` - Classification: `accept_contract_field`"
05_MIRRA_GENERAL_OVERHEADS_v4.0_LOCKED.txt,05_MIRRA_GENERAL_OVERHEADS_v4.0_LOCKED.txt,1270,general-overheads,employee_overheads_lines,snake_case,output_contract_field,output_contract,"Brief insertion instruction: - Add `employee_overheads_lines` to the `general-overheads` output contract. - Define owner, meaning, source, downstream consumers where known, current/live status, and review notes."
05_MIRRA_GENERAL_OVERHEADS_v4.0_LOCKED.txt,05_MIRRA_GENERAL_OVERHEADS_v4.0_LOCKED.txt,1405,general-overheads,employee_overheads_lines,snake_case,output_contract_field,output_contract,- employee_overheads_benchmark_total - employee_overheads_lines - grouped_overhead_rows - grouped_summary
04_MIRRA_P_AND_L_PAGE_v4.0_LOCKED.txt,04_MIRRA_P_AND_L_PAGE_v4.0_LOCKED.txt,746,general-overheads,general_overheads_benchmark_total,snake_case,output_contract_field,output_contract,- operating expense lines classified as general overheads - general_overheads_benchmark_total - operating_expense_benchmark_total - source period identity
04_MIRRA_P_AND_L_PAGE_v4.0_LOCKED.txt,04_MIRRA_P_AND_L_PAGE_v4.0_LOCKED.txt,1158,general-overheads,general_overheads_benchmark_total,snake_case,output_contract_field,output_contract,"- Define owner, meaning, source, downstream consumers where known, current/live status, and review notes. ### `general_overheads_benchmark_total` - Classification: `accept_contract_field`"
05_MIRRA_GENERAL_OVERHEADS_v4.0_LOCKED.txt,05_MIRRA_GENERAL_OVERHEADS_v4.0_LOCKED.txt,1431,general-overheads,general_overheads_benchmark_total,snake_case,output_contract_field,output_contract,## output_contract - general_overheads_benchmark_total - system_allocation_amount_overrides
29_MIRRA_INTEGRATIONS_API_LAYER_v4.0_LOCKED.txt,29_MIRRA_INTEGRATIONS_API_LAYER_v4.0_LOCKED.txt,596,general-overheads,general_overheads_import_handoff,snake_case,output_contract_field,output_contract,The integration layer should hand overhead candidate rows to General Overheads. general_overheads_import_handoff[] {
05_MIRRA_GENERAL_OVERHEADS_v4.0_LOCKED.txt,05_MIRRA_GENERAL_OVERHEADS_v4.0_LOCKED.txt,808,general-overheads,general_overheads_model_trust_state,snake_case,output_contract_field,output_contract,"general_overheads_warnings, general_overheads_warning_count, general_overheads_model_trust_state, general_overheads_reconciliation_checks }"
05_MIRRA_GENERAL_OVERHEADS_v4.0_LOCKED.txt,05_MIRRA_GENERAL_OVERHEADS_v4.0_LOCKED.txt,862,general-overheads,general_overheads_model_trust_state,snake_case,output_contract_field,output_contract,general_overheads_pool_source_module general_overheads_pool_source_name general_overheads_model_trust_state Cost Allocation owns the distribution of this pool across operational groups.
05_MIRRA_GENERAL_OVERHEADS_v4.0_LOCKED.txt,05_MIRRA_GENERAL_OVERHEADS_v4.0_LOCKED.txt,1414,general-overheads,general_overheads_output,snake_case,output_contract_field,output_contract,## output_contract_reference_wrappers - general_overheads_output - general_overheads_output_contract - general_overheads_outputs
05_MIRRA_GENERAL_OVERHEADS_v4.0_LOCKED.txt,05_MIRRA_GENERAL_OVERHEADS_v4.0_LOCKED.txt,1360,general-overheads,general_overheads_output_contract,snake_case,output_contract_field,output_contract,- Identify what object it wraps and which modules consume it. ### `general_overheads_output_contract` - Classification: `accept_reference_wrapper`
05_MIRRA_GENERAL_OVERHEADS_v4.0_LOCKED.txt,05_MIRRA_GENERAL_OVERHEADS_v4.0_LOCKED.txt,1371,general-overheads,general_overheads_output_contract,snake_case,output_contract_field,output_contract,Brief insertion instruction: - Document `general_overheads_output_contract` as a wrapper/reference field for `general-overheads`. - Do not describe it as a business metric. - Identify what object it wraps and which modules consume it.
05_MIRRA_GENERAL_OVERHEADS_v4.0_LOCKED.txt,05_MIRRA_GENERAL_OVERHEADS_v4.0_LOCKED.txt,1415,general-overheads,general_overheads_output_contract,snake_case,output_contract_field,output_contract,- general_overheads_output - general_overheads_output_contract - general_overheads_outputs
05_MIRRA_GENERAL_OVERHEADS_v4.0_LOCKED.txt,05_MIRRA_GENERAL_OVERHEADS_v4.0_LOCKED.txt,1375,general-overheads,general_overheads_outputs,snake_case,output_contract_field,output_contract,- Identify what object it wraps and which modules consume it. ### `general_overheads_outputs` - Classification: `accept_reference_wrapper`
05_MIRRA_GENERAL_OVERHEADS_v4.0_LOCKED.txt,05_MIRRA_GENERAL_OVERHEADS_v4.0_LOCKED.txt,1386,general-overheads,general_overheads_outputs,snake_case,output_contract_field,output_contract,Brief insertion instruction: - Document `general_overheads_outputs` as a wrapper/reference field for `general-overheads`. - Do not describe it as a business metric. - Identify what object it wraps and which modules consume it.
05_MIRRA_GENERAL_OVERHEADS_v4.0_LOCKED.txt,05_MIRRA_GENERAL_OVERHEADS_v4.0_LOCKED.txt,1416,general-overheads,general_overheads_outputs,snake_case,output_contract_field,output_contract,- general_overheads_output - general_overheads_output_contract - general_overheads_outputs # END v5.0 MACHINE-READABLE ACCEPTED OUTPUT CONTRACT - general-overheads
05_MIRRA_GENERAL_OVERHEADS_v4.0_LOCKED.txt,05_MIRRA_GENERAL_OVERHEADS_v4.0_LOCKED.txt,859,general-overheads,general_overheads_pool_amount,snake_case,output_contract_field,output_contract,Cost Allocation should receive: general_overheads_pool_amount general_overheads_pool_source_module general_overheads_pool_source_name
05_MIRRA_GENERAL_OVERHEADS_v4.0_LOCKED.txt,05_MIRRA_GENERAL_OVERHEADS_v4.0_LOCKED.txt,802,general-overheads,general_overheads_pool_source_module,snake_case,output_contract_field,output_contract,"adjusted_general_overheads_benchmark, general_overheads_pool_amount, general_overheads_pool_source_module, general_overheads_pool_source_name, general_overheads_ready,"
05_MIRRA_GENERAL_OVERHEADS_v4.0_LOCKED.txt,05_MIRRA_GENERAL_OVERHEADS_v4.0_LOCKED.txt,860,general-overheads,general_overheads_pool_source_module,snake_case,output_contract_field,output_contract,general_overheads_pool_amount general_overheads_pool_source_module general_overheads_pool_source_name general_overheads_model_trust_state
05_MIRRA_GENERAL_OVERHEADS_v4.0_LOCKED.txt,05_MIRRA_GENERAL_OVERHEADS_v4.0_LOCKED.txt,803,general-overheads,general_overheads_pool_source_name,snake_case,output_contract_field,output_contract,"general_overheads_pool_amount, general_overheads_pool_source_module, general_overheads_pool_source_name, general_overheads_ready, general_overheads_status,"
05_MIRRA_GENERAL_OVERHEADS_v4.0_LOCKED.txt,05_MIRRA_GENERAL_OVERHEADS_v4.0_LOCKED.txt,861,general-overheads,general_overheads_pool_source_name,snake_case,output_contract_field,output_contract,general_overheads_pool_amount general_overheads_pool_source_module general_overheads_pool_source_name general_overheads_model_trust_state
05_MIRRA_GENERAL_OVERHEADS_v4.0_LOCKED.txt,05_MIRRA_GENERAL_OVERHEADS_v4.0_LOCKED.txt,804,general-overheads,general_overheads_ready,snake_case,output_contract_field,output_contract,"general_overheads_pool_source_module, general_overheads_pool_source_name, general_overheads_ready, general_overheads_status, general_overheads_warnings,"
05_MIRRA_GENERAL_OVERHEADS_v4.0_LOCKED.txt,05_MIRRA_GENERAL_OVERHEADS_v4.0_LOCKED.txt,809,general-overheads,general_overheads_reconciliation_checks,snake_case,output_contract_field,output_contract,"general_overheads_warning_count, general_overheads_model_trust_state, general_overheads_reconciliation_checks }"
05_MIRRA_GENERAL_OVERHEADS_v4.0_LOCKED.txt,05_MIRRA_GENERAL_OVERHEADS_v4.0_LOCKED.txt,824,general-overheads,general_overheads_reconciliation_checks,snake_case,output_contract_field,output_contract,- general_overheads_status - general_overheads_model_trust_state - general_overheads_reconciliation_checks Module Reconciliation compares overhead benchmarks with module outputs.
05_MIRRA_GENERAL_OVERHEADS_v4.0_LOCKED.txt,05_MIRRA_GENERAL_OVERHEADS_v4.0_LOCKED.txt,805,general-overheads,general_overheads_status,snake_case,output_contract_field,output_contract,"general_overheads_pool_source_name, general_overheads_ready, general_overheads_status, general_overheads_warnings, general_overheads_warning_count,"
05_MIRRA_GENERAL_OVERHEADS_v4.0_LOCKED.txt,05_MIRRA_GENERAL_OVERHEADS_v4.0_LOCKED.txt,807,general-overheads,general_overheads_warning_count,snake_case,output_contract_field,output_contract,"general_overheads_status, general_overheads_warnings, general_overheads_warning_count, general_overheads_model_trust_state, general_overheads_reconciliation_checks"
05_MIRRA_GENERAL_OVERHEADS_v4.0_LOCKED.txt,05_MIRRA_GENERAL_OVERHEADS_v4.0_LOCKED.txt,806,general-overheads,general_overheads_warnings,snake_case,output_contract_field,output_contract,"general_overheads_ready, general_overheads_status, general_overheads_warnings, general_overheads_warning_count, general_overheads_model_trust_state,"
05_MIRRA_GENERAL_OVERHEADS_v4.0_LOCKED.txt,05_MIRRA_GENERAL_OVERHEADS_v4.0_LOCKED.txt,794,general-overheads,gross_general_overheads_benchmark,snake_case,output_contract_field,output_contract,"{ total_general_overheads, gross_general_overheads_benchmark, net_general_overheads, general_overheads_source_total,"
05_MIRRA_GENERAL_OVERHEADS_v4.0_LOCKED.txt,05_MIRRA_GENERAL_OVERHEADS_v4.0_LOCKED.txt,1406,general-overheads,grouped_overhead_rows,snake_case,output_contract_field,output_contract,- employee_overheads_benchmark_total - employee_overheads_lines - grouped_overhead_rows - grouped_summary - is_hydrated
05_MIRRA_GENERAL_OVERHEADS_v4.0_LOCKED.txt,05_MIRRA_GENERAL_OVERHEADS_v4.0_LOCKED.txt,1407,general-overheads,grouped_summary,snake_case,output_contract_field,output_contract,- employee_overheads_lines - grouped_overhead_rows - grouped_summary - is_hydrated - operating_expense_lines
04_MIRRA_P_AND_L_PAGE_v4.0_LOCKED.txt,04_MIRRA_P_AND_L_PAGE_v4.0_LOCKED.txt,1560,general-overheads,hired_equipment_cost,snake_case,output_contract_field,output_contract,- general_overheads_benchmark_total - gross_profit - hired_equipment_cost - materials_cost - model_total_costs
05_MIRRA_GENERAL_OVERHEADS_v4.0_LOCKED.txt,05_MIRRA_GENERAL_OVERHEADS_v4.0_LOCKED.txt,1252,general-overheads,implemented_contract_not_documented_in_brief,snake_case,output_contract_field,output_contract,- Reason: Field is a named business/status/readiness/financial/hour/recovery output used by code. - Source code file(s): lib\reconciliation\reconciliationRules.js - Audit notes: implemented_contract_not_documented_in_brief Brief insertion instruction:
05_MIRRA_GENERAL_OVERHEADS_v4.0_LOCKED.txt,05_MIRRA_GENERAL_OVERHEADS_v4.0_LOCKED.txt,1266,general-overheads,implemented_contract_not_documented_in_brief,snake_case,output_contract_field,output_contract,"- Reason: Field suffix indicates a likely contract output such as total, status, warning, cost, rate, hours, or row array. - Source code file(s): lib\reconciliation\reconciliationRules.js - Audit notes: implemented_contract_not_documented_in_brief Brief insertion instruction:"
05_MIRRA_GENERAL_OVERHEADS_v4.0_LOCKED.txt,05_MIRRA_GENERAL_OVERHEADS_v4.0_LOCKED.txt,1367,general-overheads,implemented_contract_not_documented_in_brief,snake_case,output_contract_field,output_contract,- Reason: Field appears to be a named module output contract wrapper consumed by another module. - Source code file(s): hooks\useCostSummary.js | lib\reconciliation\moduleReconciliation.js | lib\reconciliation\reconciliationRules.js - Audit notes: implemented_contract_not_documented_in_brief Brief insertion instruction:
05_MIRRA_GENERAL_OVERHEADS_v4.0_LOCKED.txt,05_MIRRA_GENERAL_OVERHEADS_v4.0_LOCKED.txt,1382,general-overheads,implemented_contract_not_documented_in_brief,snake_case,output_contract_field,output_contract,- Reason: Field appears to be a named module output contract wrapper consumed by another module. - Source code file(s): hooks\useRecoverySummary.js - Audit notes: implemented_contract_not_documented_in_brief Brief insertion instruction:
05_MIRRA_GENERAL_OVERHEADS_v4.0_LOCKED.txt,05_MIRRA_GENERAL_OVERHEADS_v4.0_LOCKED.txt,1408,general-overheads,is_hydrated,snake_case,output_contract_field,output_contract,- grouped_overhead_rows - grouped_summary - is_hydrated - operating_expense_lines - overhead_rows
14_MIRRA_BUSINESS_SUMMARY_v4.0_LOCKED.txt,14_MIRRA_BUSINESS_SUMMARY_v4.0_LOCKED.txt,1322,general-overheads,mirra_operating_position,snake_case,output_contract_field,output_contract,"general_overheads_bridge_variance, other_income_excluded, mirra_operating_position, bridge_difference, bridge_status,"
05_MIRRA_GENERAL_OVERHEADS_v4.0_LOCKED.txt,05_MIRRA_GENERAL_OVERHEADS_v4.0_LOCKED.txt,795,general-overheads,net_general_overheads,snake_case,output_contract_field,output_contract,"total_general_overheads, gross_general_overheads_benchmark, net_general_overheads, general_overheads_source_total, general_overhead_categories,"
14_MIRRA_BUSINESS_SUMMARY_v4.0_LOCKED.txt,14_MIRRA_BUSINESS_SUMMARY_v4.0_LOCKED.txt,1306,general-overheads,net_position,snake_case,output_contract_field,output_contract,"total_business_overheads, total_cost_burden, net_position, required_recovery_per_driver,"
04_MIRRA_P_AND_L_PAGE_v4.0_LOCKED.txt,04_MIRRA_P_AND_L_PAGE_v4.0_LOCKED.txt,747,general-overheads,operating_expense_benchmark_total,snake_case,output_contract_field,output_contract,- operating expense lines classified as general overheads - general_overheads_benchmark_total - operating_expense_benchmark_total - source period identity
05_MIRRA_GENERAL_OVERHEADS_v4.0_LOCKED.txt,05_MIRRA_GENERAL_OVERHEADS_v4.0_LOCKED.txt,1409,general-overheads,operating_expense_lines,snake_case,output_contract_field,output_contract,- grouped_summary - is_hydrated - operating_expense_lines - overhead_rows
05_MIRRA_GENERAL_OVERHEADS_v4.0_LOCKED.txt,05_MIRRA_GENERAL_OVERHEADS_v4.0_LOCKED.txt,1399,general-overheads,output_contract,snake_case,output_contract_field,output_contract,MODULE_OWNER: general-overheads SECTION_TYPE: output_contract SOURCE: MIRRA_ACCEPTED_BRIEF_FIELDS_BY_MODULE_v5.0.csv
05_MIRRA_GENERAL_OVERHEADS_v4.0_LOCKED.txt,05_MIRRA_GENERAL_OVERHEADS_v4.0_LOCKED.txt,1402,general-overheads,output_contract,snake_case,output_contract_field,output_contract,SOURCE: MIRRA_ACCEPTED_BRIEF_FIELDS_BY_MODULE_v5.0.csv ## output_contract - employee_overheads_benchmark_total
05_MIRRA_GENERAL_OVERHEADS_v4.0_LOCKED.txt,05_MIRRA_GENERAL_OVERHEADS_v4.0_LOCKED.txt,1426,general-overheads,output_contract,snake_case,output_contract_field,output_contract,MODULE_OWNER: general-overheads SECTION_TYPE: output_contract SOURCE: MIRRA_PASS_4_ACCEPTED_CONTRACT_FIELDS_GBC_v5.0.csv
05_MIRRA_GENERAL_OVERHEADS_v4.0_LOCKED.txt,05_MIRRA_GENERAL_OVERHEADS_v4.0_LOCKED.txt,1429,general-overheads,output_contract,snake_case,output_contract_field,output_contract,SOURCE: MIRRA_PASS_4_ACCEPTED_CONTRACT_FIELDS_GBC_v5.0.csv ## output_contract - general_overheads_benchmark_total
05_MIRRA_GENERAL_OVERHEADS_v4.0_LOCKED.txt,05_MIRRA_GENERAL_OVERHEADS_v4.0_LOCKED.txt,1412,general-overheads,output_contract_reference_wrappers,snake_case,output_contract_field,output_contract,- overhead_rows ## output_contract_reference_wrappers - general_overheads_output
05_MIRRA_GENERAL_OVERHEADS_v4.0_LOCKED.txt,05_MIRRA_GENERAL_OVERHEADS_v4.0_LOCKED.txt,873,general-overheads,over_assigned_overhead_amount,snake_case,output_contract_field,output_contract,assigned_overhead_amount remaining_overhead_pool_amount over_assigned_overhead_amount overhead_allocation_status overhead_distribution_method
05_MIRRA_GENERAL_OVERHEADS_v4.0_LOCKED.txt,05_MIRRA_GENERAL_OVERHEADS_v4.0_LOCKED.txt,874,general-overheads,overhead_allocation_status,snake_case,output_contract_field,output_contract,remaining_overhead_pool_amount over_assigned_overhead_amount overhead_allocation_status overhead_distribution_method
05_MIRRA_GENERAL_OVERHEADS_v4.0_LOCKED.txt,05_MIRRA_GENERAL_OVERHEADS_v4.0_LOCKED.txt,875,general-overheads,overhead_distribution_method,snake_case,output_contract_field,output_contract,over_assigned_overhead_amount overhead_allocation_status overhead_distribution_method General Overheads does not own those assignment variables.
17_MIRRA_COST_ALLOCATION_v4.0_LOCKED.txt,17_MIRRA_COST_ALLOCATION_v4.0_LOCKED.txt,1616,general-overheads,overhead_group_assignments,snake_case,output_contract_field,output_contract,"general_overheads_pool, default_overhead_pool, overhead_group_assignments, group_cost_stacks,"
05_MIRRA_GENERAL_OVERHEADS_v4.0_LOCKED.txt,05_MIRRA_GENERAL_OVERHEADS_v4.0_LOCKED.txt,1410,general-overheads,overhead_rows,snake_case,output_contract_field,output_contract,- is_hydrated - operating_expense_lines - overhead_rows ## output_contract_reference_wrappers
05_MIRRA_GENERAL_OVERHEADS_v4.0_LOCKED.txt,05_MIRRA_GENERAL_OVERHEADS_v4.0_LOCKED.txt,872,general-overheads,remaining_overhead_pool_amount,snake_case,output_contract_field,output_contract,source_overhead_pool_amount assigned_overhead_amount remaining_overhead_pool_amount over_assigned_overhead_amount overhead_allocation_status
05_MIRRA_GENERAL_OVERHEADS_v4.0_LOCKED.txt,05_MIRRA_GENERAL_OVERHEADS_v4.0_LOCKED.txt,870,general-overheads,source_overhead_pool_amount,snake_case,output_contract_field,output_contract,"If Cost Allocation assigns overheads, it must calculate: source_overhead_pool_amount assigned_overhead_amount remaining_overhead_pool_amount"
05_MIRRA_GENERAL_OVERHEADS_v4.0_LOCKED.txt,05_MIRRA_GENERAL_OVERHEADS_v4.0_LOCKED.txt,1432,general-overheads,system_allocation_amount_overrides,snake_case,output_contract_field,output_contract,- general_overheads_benchmark_total - system_allocation_amount_overrides # END v5.0 PASS 4 MANUAL ACCEPTED OUTPUT CONTRACT - general-overheads
05_MIRRA_GENERAL_OVERHEADS_v4.0_LOCKED.txt,05_MIRRA_GENERAL_OVERHEADS_v4.0_LOCKED.txt,840,general-overheads,total_business_overheads,snake_case,output_contract_field,output_contract,Cost Summary uses this as: total_business_overheads Cost Summary must not rebuild overhead categories.
05_MIRRA_GENERAL_OVERHEADS_v4.0_LOCKED.txt,05_MIRRA_GENERAL_OVERHEADS_v4.0_LOCKED.txt,793,general-overheads,total_general_overheads,snake_case,output_contract_field,output_contract,"{ total_general_overheads, gross_general_overheads_benchmark, net_general_overheads,"
05_MIRRA_GENERAL_OVERHEADS_v4.0_LOCKED.txt,05_MIRRA_GENERAL_OVERHEADS_v4.0_LOCKED.txt,818,general-overheads,total_general_overheads,snake_case,output_contract_field,output_contract,Module Reconciliation should receive: - total_general_overheads - gross_general_overheads_benchmark - adjusted_general_overheads_benchmark
05_MIRRA_GENERAL_OVERHEADS_v4.0_LOCKED.txt,05_MIRRA_GENERAL_OVERHEADS_v4.0_LOCKED.txt,836,general-overheads,total_general_overheads,snake_case,output_contract_field,output_contract,Cost Summary should receive: total_general_overheads Cost Summary uses this as:
29_MIRRA_INTEGRATIONS_API_LAYER_v4.0_LOCKED.txt,29_MIRRA_INTEGRATIONS_API_LAYER_v4.0_LOCKED.txt,549,integrations,account_code,snake_case,output_contract_field,output_contract,"period_start, period_end, account_code, account_name, account_type,"
29_MIRRA_INTEGRATIONS_API_LAYER_v4.0_LOCKED.txt,29_MIRRA_INTEGRATIONS_API_LAYER_v4.0_LOCKED.txt,572,integrations,account_code,snake_case,output_contract_field,output_contract,"source_import_id, transaction_date, account_code, account_name, supplier_id,"
29_MIRRA_INTEGRATIONS_API_LAYER_v4.0_LOCKED.txt,29_MIRRA_INTEGRATIONS_API_LAYER_v4.0_LOCKED.txt,601,integrations,account_code,snake_case,output_contract_field,output_contract,"source_import_id, transaction_date, account_code, account_name, supplier_id,"
29_MIRRA_INTEGRATIONS_API_LAYER_v4.0_LOCKED.txt,29_MIRRA_INTEGRATIONS_API_LAYER_v4.0_LOCKED.txt,628,integrations,account_code,snake_case,output_contract_field,output_contract,"source_import_id, transaction_date, account_code, account_name, supplier_id,"
29_MIRRA_INTEGRATIONS_API_LAYER_v4.0_LOCKED.txt,29_MIRRA_INTEGRATIONS_API_LAYER_v4.0_LOCKED.txt,653,integrations,account_code,snake_case,output_contract_field,output_contract,"source_import_id, transaction_date, account_code, account_name, employee_or_supplier_id,"
29_MIRRA_INTEGRATIONS_API_LAYER_v4.0_LOCKED.txt,29_MIRRA_INTEGRATIONS_API_LAYER_v4.0_LOCKED.txt,550,integrations,account_name,snake_case,output_contract_field,output_contract,"period_end, account_code, account_name, account_type, amount,"
29_MIRRA_INTEGRATIONS_API_LAYER_v4.0_LOCKED.txt,29_MIRRA_INTEGRATIONS_API_LAYER_v4.0_LOCKED.txt,573,integrations,account_name,snake_case,output_contract_field,output_contract,"transaction_date, account_code, account_name, supplier_id, supplier_name,"
29_MIRRA_INTEGRATIONS_API_LAYER_v4.0_LOCKED.txt,29_MIRRA_INTEGRATIONS_API_LAYER_v4.0_LOCKED.txt,602,integrations,account_name,snake_case,output_contract_field,output_contract,"transaction_date, account_code, account_name, supplier_id, supplier_name,"
29_MIRRA_INTEGRATIONS_API_LAYER_v4.0_LOCKED.txt,29_MIRRA_INTEGRATIONS_API_LAYER_v4.0_LOCKED.txt,629,integrations,account_name,snake_case,output_contract_field,output_contract,"transaction_date, account_code, account_name, supplier_id, supplier_name,"
29_MIRRA_INTEGRATIONS_API_LAYER_v4.0_LOCKED.txt,29_MIRRA_INTEGRATIONS_API_LAYER_v4.0_LOCKED.txt,654,integrations,account_name,snake_case,output_contract_field,output_contract,"transaction_date, account_code, account_name, employee_or_supplier_id, employee_or_supplier_name,"
29_MIRRA_INTEGRATIONS_API_LAYER_v4.0_LOCKED.txt,29_MIRRA_INTEGRATIONS_API_LAYER_v4.0_LOCKED.txt,896,integrations,account_normalisation_rows,snake_case,output_contract_field,output_contract,"supplier_normalisation_rows, account_normalisation_rows, duplicate_import_rows,"
29_MIRRA_INTEGRATIONS_API_LAYER_v4.0_LOCKED.txt,29_MIRRA_INTEGRATIONS_API_LAYER_v4.0_LOCKED.txt,551,integrations,account_type,snake_case,output_contract_field,output_contract,"account_code, account_name, account_type, amount, signed_amount,"
29_MIRRA_INTEGRATIONS_API_LAYER_v4.0_LOCKED.txt,29_MIRRA_INTEGRATIONS_API_LAYER_v4.0_LOCKED.txt,920,integrations,auth_status,snake_case,output_contract_field,output_contract,"connector_name, connector_type, auth_status, last_sync_at, sync_status,"
29_MIRRA_INTEGRATIONS_API_LAYER_v4.0_LOCKED.txt,29_MIRRA_INTEGRATIONS_API_LAYER_v4.0_LOCKED.txt,916,integrations,connector_id,snake_case,output_contract_field,output_contract,"{ connector_id, source_system, connector_name,"
29_MIRRA_INTEGRATIONS_API_LAYER_v4.0_LOCKED.txt,29_MIRRA_INTEGRATIONS_API_LAYER_v4.0_LOCKED.txt,918,integrations,connector_name,snake_case,output_contract_field,output_contract,"connector_id, source_system, connector_name, connector_type, auth_status,"
29_MIRRA_INTEGRATIONS_API_LAYER_v4.0_LOCKED.txt,29_MIRRA_INTEGRATIONS_API_LAYER_v4.0_LOCKED.txt,889,integrations,connector_rows,snake_case,output_contract_field,output_contract,"integration_trust_state, connector_rows, sync_run_rows, source_import_rows,"
29_MIRRA_INTEGRATIONS_API_LAYER_v4.0_LOCKED.txt,29_MIRRA_INTEGRATIONS_API_LAYER_v4.0_LOCKED.txt,913,integrations,connector_rows,snake_case,output_contract_field,output_contract,# 32. CONNECTOR CONTRACT connector_rows[] {
29_MIRRA_INTEGRATIONS_API_LAYER_v4.0_LOCKED.txt,29_MIRRA_INTEGRATIONS_API_LAYER_v4.0_LOCKED.txt,919,integrations,connector_type,snake_case,output_contract_field,output_contract,"source_system, connector_name, connector_type, auth_status, last_sync_at,"
29_MIRRA_INTEGRATIONS_API_LAYER_v4.0_LOCKED.txt,29_MIRRA_INTEGRATIONS_API_LAYER_v4.0_LOCKED.txt,928,integrations,connector_type,snake_case,output_contract_field,output_contract,} Allowed connector_type values: - accounting
29_MIRRA_INTEGRATIONS_API_LAYER_v4.0_LOCKED.txt,29_MIRRA_INTEGRATIONS_API_LAYER_v4.0_LOCKED.txt,576,integrations,contact_name_raw,snake_case,output_contract_field,output_contract,"supplier_id, supplier_name, contact_name_raw, description, source_document_number,"
29_MIRRA_INTEGRATIONS_API_LAYER_v4.0_LOCKED.txt,29_MIRRA_INTEGRATIONS_API_LAYER_v4.0_LOCKED.txt,655,integrations,employee_or_supplier_id,snake_case,output_contract_field,output_contract,"account_code, account_name, employee_or_supplier_id, employee_or_supplier_name, description,"
29_MIRRA_INTEGRATIONS_API_LAYER_v4.0_LOCKED.txt,29_MIRRA_INTEGRATIONS_API_LAYER_v4.0_LOCKED.txt,656,integrations,employee_or_supplier_name,snake_case,output_contract_field,output_contract,"account_name, employee_or_supplier_id, employee_or_supplier_name, description, amount,"
29_MIRRA_INTEGRATIONS_API_LAYER_v4.0_LOCKED.txt,29_MIRRA_INTEGRATIONS_API_LAYER_v4.0_LOCKED.txt,936,integrations,future_api,snake_case,output_contract_field,output_contract,- quote_system - manual_upload - future_api ---
29_MIRRA_INTEGRATIONS_API_LAYER_v4.0_LOCKED.txt,29_MIRRA_INTEGRATIONS_API_LAYER_v4.0_LOCKED.txt,582,integrations,gross_amount,snake_case,output_contract_field,output_contract,"net_amount, gst_amount, gross_amount, signed_amount, suggested_cog_category,"
29_MIRRA_INTEGRATIONS_API_LAYER_v4.0_LOCKED.txt,29_MIRRA_INTEGRATIONS_API_LAYER_v4.0_LOCKED.txt,609,integrations,gross_amount,snake_case,output_contract_field,output_contract,"net_amount, gst_amount, gross_amount, signed_amount, suggested_overhead_category,"
29_MIRRA_INTEGRATIONS_API_LAYER_v4.0_LOCKED.txt,29_MIRRA_INTEGRATIONS_API_LAYER_v4.0_LOCKED.txt,581,integrations,gst_amount,snake_case,output_contract_field,output_contract,"source_document_type, net_amount, gst_amount, gross_amount, signed_amount,"
29_MIRRA_INTEGRATIONS_API_LAYER_v4.0_LOCKED.txt,29_MIRRA_INTEGRATIONS_API_LAYER_v4.0_LOCKED.txt,608,integrations,gst_amount,snake_case,output_contract_field,output_contract,"source_document_number, net_amount, gst_amount, gross_amount, signed_amount,"
29_MIRRA_INTEGRATIONS_API_LAYER_v4.0_LOCKED.txt,29_MIRRA_INTEGRATIONS_API_LAYER_v4.0_LOCKED.txt,883,integrations,integration_ready,snake_case,output_contract_field,output_contract,"{ integration_ready, integration_status, integration_warnings,"
29_MIRRA_INTEGRATIONS_API_LAYER_v4.0_LOCKED.txt,29_MIRRA_INTEGRATIONS_API_LAYER_v4.0_LOCKED.txt,906,integrations,integration_source_trace,snake_case,output_contract_field,output_contract,"api_error_rows, integration_source_trace }"
29_MIRRA_INTEGRATIONS_API_LAYER_v4.0_LOCKED.txt,29_MIRRA_INTEGRATIONS_API_LAYER_v4.0_LOCKED.txt,884,integrations,integration_status,snake_case,output_contract_field,output_contract,"{ integration_ready, integration_status, integration_warnings, integration_warning_count,"
29_MIRRA_INTEGRATIONS_API_LAYER_v4.0_LOCKED.txt,29_MIRRA_INTEGRATIONS_API_LAYER_v4.0_LOCKED.txt,887,integrations,integration_trust_state,snake_case,output_contract_field,output_contract,"integration_warnings, integration_warning_count, integration_trust_state, connector_rows,"
29_MIRRA_INTEGRATIONS_API_LAYER_v4.0_LOCKED.txt,29_MIRRA_INTEGRATIONS_API_LAYER_v4.0_LOCKED.txt,886,integrations,integration_warning_count,snake_case,output_contract_field,output_contract,"integration_status, integration_warnings, integration_warning_count, integration_trust_state,"
29_MIRRA_INTEGRATIONS_API_LAYER_v4.0_LOCKED.txt,29_MIRRA_INTEGRATIONS_API_LAYER_v4.0_LOCKED.txt,885,integrations,integration_warnings,snake_case,output_contract_field,output_contract,"integration_ready, integration_status, integration_warnings, integration_warning_count, integration_trust_state,"
29_MIRRA_INTEGRATIONS_API_LAYER_v4.0_LOCKED.txt,29_MIRRA_INTEGRATIONS_API_LAYER_v4.0_LOCKED.txt,921,integrations,last_sync_at,snake_case,output_contract_field,output_contract,"connector_type, auth_status, last_sync_at, sync_status, enabled,"
29_MIRRA_INTEGRATIONS_API_LAYER_v4.0_LOCKED.txt,29_MIRRA_INTEGRATIONS_API_LAYER_v4.0_LOCKED.txt,935,integrations,manual_upload,snake_case,output_contract_field,output_contract,- po_system - quote_system - manual_upload - future_api
29_MIRRA_INTEGRATIONS_API_LAYER_v4.0_LOCKED.txt,29_MIRRA_INTEGRATIONS_API_LAYER_v4.0_LOCKED.txt,580,integrations,net_amount,snake_case,output_contract_field,output_contract,"source_document_number, source_document_type, net_amount, gst_amount, gross_amount,"
29_MIRRA_INTEGRATIONS_API_LAYER_v4.0_LOCKED.txt,29_MIRRA_INTEGRATIONS_API_LAYER_v4.0_LOCKED.txt,607,integrations,net_amount,snake_case,output_contract_field,output_contract,"description, source_document_number, net_amount, gst_amount, gross_amount,"
29_MIRRA_INTEGRATIONS_API_LAYER_v4.0_LOCKED.txt,29_MIRRA_INTEGRATIONS_API_LAYER_v4.0_LOCKED.txt,893,integrations,normalised_import_rows,snake_case,output_contract_field,output_contract,"source_import_rows, raw_import_payload_rows, normalised_import_rows, supplier_normalisation_rows,"
29_MIRRA_INTEGRATIONS_API_LAYER_v4.0_LOCKED.txt,29_MIRRA_INTEGRATIONS_API_LAYER_v4.0_LOCKED.txt,548,integrations,period_end,snake_case,output_contract_field,output_contract,"source_import_id, period_start, period_end, account_code, account_name,"
29_MIRRA_INTEGRATIONS_API_LAYER_v4.0_LOCKED.txt,29_MIRRA_INTEGRATIONS_API_LAYER_v4.0_LOCKED.txt,547,integrations,period_start,snake_case,output_contract_field,output_contract,"{ source_import_id, period_start, period_end, account_code,"
29_MIRRA_INTEGRATIONS_API_LAYER_v4.0_LOCKED.txt,29_MIRRA_INTEGRATIONS_API_LAYER_v4.0_LOCKED.txt,933,integrations,po_system,snake_case,output_contract_field,output_contract,- payroll - timesheet - po_system - quote_system - manual_upload
29_MIRRA_INTEGRATIONS_API_LAYER_v4.0_LOCKED.txt,29_MIRRA_INTEGRATIONS_API_LAYER_v4.0_LOCKED.txt,934,integrations,quote_system,snake_case,output_contract_field,output_contract,- timesheet - po_system - quote_system - manual_upload - future_api
29_MIRRA_INTEGRATIONS_API_LAYER_v4.0_LOCKED.txt,29_MIRRA_INTEGRATIONS_API_LAYER_v4.0_LOCKED.txt,892,integrations,raw_import_payload_rows,snake_case,output_contract_field,output_contract,"sync_run_rows, source_import_rows, raw_import_payload_rows, normalised_import_rows,"
29_MIRRA_INTEGRATIONS_API_LAYER_v4.0_LOCKED.txt,29_MIRRA_INTEGRATIONS_API_LAYER_v4.0_LOCKED.txt,553,integrations,signed_amount,snake_case,output_contract_field,output_contract,"account_type, amount, signed_amount, source_system, source_type,"
29_MIRRA_INTEGRATIONS_API_LAYER_v4.0_LOCKED.txt,29_MIRRA_INTEGRATIONS_API_LAYER_v4.0_LOCKED.txt,583,integrations,signed_amount,snake_case,output_contract_field,output_contract,"gst_amount, gross_amount, signed_amount, suggested_cog_category, source_trace"
29_MIRRA_INTEGRATIONS_API_LAYER_v4.0_LOCKED.txt,29_MIRRA_INTEGRATIONS_API_LAYER_v4.0_LOCKED.txt,610,integrations,signed_amount,snake_case,output_contract_field,output_contract,"gst_amount, gross_amount, signed_amount, suggested_overhead_category, source_trace"
29_MIRRA_INTEGRATIONS_API_LAYER_v4.0_LOCKED.txt,29_MIRRA_INTEGRATIONS_API_LAYER_v4.0_LOCKED.txt,578,integrations,source_document_number,snake_case,output_contract_field,output_contract,"contact_name_raw, description, source_document_number, source_document_type, net_amount,"
29_MIRRA_INTEGRATIONS_API_LAYER_v4.0_LOCKED.txt,29_MIRRA_INTEGRATIONS_API_LAYER_v4.0_LOCKED.txt,606,integrations,source_document_number,snake_case,output_contract_field,output_contract,"supplier_name, description, source_document_number, net_amount, gst_amount,"
29_MIRRA_INTEGRATIONS_API_LAYER_v4.0_LOCKED.txt,29_MIRRA_INTEGRATIONS_API_LAYER_v4.0_LOCKED.txt,579,integrations,source_document_type,snake_case,output_contract_field,output_contract,"description, source_document_number, source_document_type, net_amount, gst_amount,"
29_MIRRA_INTEGRATIONS_API_LAYER_v4.0_LOCKED.txt,29_MIRRA_INTEGRATIONS_API_LAYER_v4.0_LOCKED.txt,546,integrations,source_import_id,snake_case,output_contract_field,output_contract,"{ source_import_id, period_start, period_end,"
29_MIRRA_INTEGRATIONS_API_LAYER_v4.0_LOCKED.txt,29_MIRRA_INTEGRATIONS_API_LAYER_v4.0_LOCKED.txt,570,integrations,source_import_id,snake_case,output_contract_field,output_contract,"{ source_import_id, transaction_date, account_code,"
29_MIRRA_INTEGRATIONS_API_LAYER_v4.0_LOCKED.txt,29_MIRRA_INTEGRATIONS_API_LAYER_v4.0_LOCKED.txt,599,integrations,source_import_id,snake_case,output_contract_field,output_contract,"{ source_import_id, transaction_date, account_code,"
29_MIRRA_INTEGRATIONS_API_LAYER_v4.0_LOCKED.txt,29_MIRRA_INTEGRATIONS_API_LAYER_v4.0_LOCKED.txt,626,integrations,source_import_id,snake_case,output_contract_field,output_contract,"{ source_import_id, transaction_date, account_code,"
29_MIRRA_INTEGRATIONS_API_LAYER_v4.0_LOCKED.txt,29_MIRRA_INTEGRATIONS_API_LAYER_v4.0_LOCKED.txt,651,integrations,source_import_id,snake_case,output_contract_field,output_contract,"{ source_import_id, transaction_date, account_code,"
29_MIRRA_INTEGRATIONS_API_LAYER_v4.0_LOCKED.txt,29_MIRRA_INTEGRATIONS_API_LAYER_v4.0_LOCKED.txt,891,integrations,source_import_rows,snake_case,output_contract_field,output_contract,"connector_rows, sync_run_rows, source_import_rows, raw_import_payload_rows, normalised_import_rows,"
29_MIRRA_INTEGRATIONS_API_LAYER_v4.0_LOCKED.txt,29_MIRRA_INTEGRATIONS_API_LAYER_v4.0_LOCKED.txt,554,integrations,source_system,snake_case,output_contract_field,output_contract,"amount, signed_amount, source_system, source_type, source_trace"
29_MIRRA_INTEGRATIONS_API_LAYER_v4.0_LOCKED.txt,29_MIRRA_INTEGRATIONS_API_LAYER_v4.0_LOCKED.txt,917,integrations,source_system,snake_case,output_contract_field,output_contract,"{ connector_id, source_system, connector_name, connector_type,"
29_MIRRA_INTEGRATIONS_API_LAYER_v4.0_LOCKED.txt,29_MIRRA_INTEGRATIONS_API_LAYER_v4.0_LOCKED.txt,556,integrations,source_trace,snake_case,output_contract_field,output_contract,"source_system, source_type, source_trace }"
29_MIRRA_INTEGRATIONS_API_LAYER_v4.0_LOCKED.txt,29_MIRRA_INTEGRATIONS_API_LAYER_v4.0_LOCKED.txt,585,integrations,source_trace,snake_case,output_contract_field,output_contract,"signed_amount, suggested_cog_category, source_trace }"
29_MIRRA_INTEGRATIONS_API_LAYER_v4.0_LOCKED.txt,29_MIRRA_INTEGRATIONS_API_LAYER_v4.0_LOCKED.txt,612,integrations,source_trace,snake_case,output_contract_field,output_contract,"signed_amount, suggested_overhead_category, source_trace }"
29_MIRRA_INTEGRATIONS_API_LAYER_v4.0_LOCKED.txt,29_MIRRA_INTEGRATIONS_API_LAYER_v4.0_LOCKED.txt,555,integrations,source_type,snake_case,output_contract_field,output_contract,"signed_amount, source_system, source_type, source_trace }"
29_MIRRA_INTEGRATIONS_API_LAYER_v4.0_LOCKED.txt,29_MIRRA_INTEGRATIONS_API_LAYER_v4.0_LOCKED.txt,584,integrations,suggested_cog_category,snake_case,output_contract_field,output_contract,"gross_amount, signed_amount, suggested_cog_category, source_trace }"
29_MIRRA_INTEGRATIONS_API_LAYER_v4.0_LOCKED.txt,29_MIRRA_INTEGRATIONS_API_LAYER_v4.0_LOCKED.txt,611,integrations,suggested_overhead_category,snake_case,output_contract_field,output_contract,"gross_amount, signed_amount, suggested_overhead_category, source_trace }"
29_MIRRA_INTEGRATIONS_API_LAYER_v4.0_LOCKED.txt,29_MIRRA_INTEGRATIONS_API_LAYER_v4.0_LOCKED.txt,574,integrations,supplier_id,snake_case,output_contract_field,output_contract,"account_code, account_name, supplier_id, supplier_name, contact_name_raw,"
29_MIRRA_INTEGRATIONS_API_LAYER_v4.0_LOCKED.txt,29_MIRRA_INTEGRATIONS_API_LAYER_v4.0_LOCKED.txt,603,integrations,supplier_id,snake_case,output_contract_field,output_contract,"account_code, account_name, supplier_id, supplier_name, description,"
29_MIRRA_INTEGRATIONS_API_LAYER_v4.0_LOCKED.txt,29_MIRRA_INTEGRATIONS_API_LAYER_v4.0_LOCKED.txt,630,integrations,supplier_id,snake_case,output_contract_field,output_contract,"account_code, account_name, supplier_id, supplier_name, description,"
29_MIRRA_INTEGRATIONS_API_LAYER_v4.0_LOCKED.txt,29_MIRRA_INTEGRATIONS_API_LAYER_v4.0_LOCKED.txt,575,integrations,supplier_name,snake_case,output_contract_field,output_contract,"account_name, supplier_id, supplier_name, contact_name_raw, description,"
29_MIRRA_INTEGRATIONS_API_LAYER_v4.0_LOCKED.txt,29_MIRRA_INTEGRATIONS_API_LAYER_v4.0_LOCKED.txt,604,integrations,supplier_name,snake_case,output_contract_field,output_contract,"account_name, supplier_id, supplier_name, description, source_document_number,"
29_MIRRA_INTEGRATIONS_API_LAYER_v4.0_LOCKED.txt,29_MIRRA_INTEGRATIONS_API_LAYER_v4.0_LOCKED.txt,631,integrations,supplier_name,snake_case,output_contract_field,output_contract,"account_name, supplier_id, supplier_name, description, source_document_number,"
29_MIRRA_INTEGRATIONS_API_LAYER_v4.0_LOCKED.txt,29_MIRRA_INTEGRATIONS_API_LAYER_v4.0_LOCKED.txt,895,integrations,supplier_normalisation_rows,snake_case,output_contract_field,output_contract,"normalised_import_rows, supplier_normalisation_rows, account_normalisation_rows, duplicate_import_rows,"
29_MIRRA_INTEGRATIONS_API_LAYER_v4.0_LOCKED.txt,29_MIRRA_INTEGRATIONS_API_LAYER_v4.0_LOCKED.txt,890,integrations,sync_run_rows,snake_case,output_contract_field,output_contract,"connector_rows, sync_run_rows, source_import_rows, raw_import_payload_rows,"
29_MIRRA_INTEGRATIONS_API_LAYER_v4.0_LOCKED.txt,29_MIRRA_INTEGRATIONS_API_LAYER_v4.0_LOCKED.txt,922,integrations,sync_status,snake_case,output_contract_field,output_contract,"auth_status, last_sync_at, sync_status, enabled, warning_count,"
29_MIRRA_INTEGRATIONS_API_LAYER_v4.0_LOCKED.txt,29_MIRRA_INTEGRATIONS_API_LAYER_v4.0_LOCKED.txt,571,integrations,transaction_date,snake_case,output_contract_field,output_contract,"{ source_import_id, transaction_date, account_code, account_name,"
29_MIRRA_INTEGRATIONS_API_LAYER_v4.0_LOCKED.txt,29_MIRRA_INTEGRATIONS_API_LAYER_v4.0_LOCKED.txt,600,integrations,transaction_date,snake_case,output_contract_field,output_contract,"{ source_import_id, transaction_date, account_code, account_name,"
29_MIRRA_INTEGRATIONS_API_LAYER_v4.0_LOCKED.txt,29_MIRRA_INTEGRATIONS_API_LAYER_v4.0_LOCKED.txt,627,integrations,transaction_date,snake_case,output_contract_field,output_contract,"{ source_import_id, transaction_date, account_code, account_name,"
29_MIRRA_INTEGRATIONS_API_LAYER_v4.0_LOCKED.txt,29_MIRRA_INTEGRATIONS_API_LAYER_v4.0_LOCKED.txt,652,integrations,transaction_date,snake_case,output_contract_field,output_contract,"{ source_import_id, transaction_date, account_code, account_name,"
29_MIRRA_INTEGRATIONS_API_LAYER_v4.0_LOCKED.txt,29_MIRRA_INTEGRATIONS_API_LAYER_v4.0_LOCKED.txt,925,integrations,trust_state,snake_case,output_contract_field,output_contract,"enabled, warning_count, trust_state }"
29_MIRRA_INTEGRATIONS_API_LAYER_v4.0_LOCKED.txt,29_MIRRA_INTEGRATIONS_API_LAYER_v4.0_LOCKED.txt,924,integrations,warning_count,snake_case,output_contract_field,output_contract,"sync_status, enabled, warning_count, trust_state }"
28_MIRRA_DATABASE_STORAGE_EXPORT_LAYER_v4.0_LOCKED.txt,28_MIRRA_DATABASE_STORAGE_EXPORT_LAYER_v4.0_LOCKED.txt,920,job-costing,job_actual_cost_rows,snake_case,output_contract_field,output_contract,"quote_check_rows, job_rows, job_actual_cost_rows, job_profitability_rows,"
23_MIRRA_JOB_COSTING_PROFITABILITY_v4.0_LOCKED.txt,23_MIRRA_JOB_COSTING_PROFITABILITY_v4.0_LOCKED.txt,903,job-costing,job_costing_ready,snake_case,output_contract_field,output_contract,"{ job_costing_ready, job_costing_status, job_costing_warnings,"
23_MIRRA_JOB_COSTING_PROFITABILITY_v4.0_LOCKED.txt,23_MIRRA_JOB_COSTING_PROFITABILITY_v4.0_LOCKED.txt,925,job-costing,job_costing_source_trace,snake_case,output_contract_field,output_contract,"job_costing_cards, job_costing_source_trace }"
23_MIRRA_JOB_COSTING_PROFITABILITY_v4.0_LOCKED.txt,23_MIRRA_JOB_COSTING_PROFITABILITY_v4.0_LOCKED.txt,904,job-costing,job_costing_status,snake_case,output_contract_field,output_contract,"{ job_costing_ready, job_costing_status, job_costing_warnings, job_costing_warning_count,"
28_MIRRA_DATABASE_STORAGE_EXPORT_LAYER_v4.0_LOCKED.txt,28_MIRRA_DATABASE_STORAGE_EXPORT_LAYER_v4.0_LOCKED.txt,921,job-costing,job_profitability_rows,snake_case,output_contract_field,output_contract,"job_rows, job_actual_cost_rows, job_profitability_rows, reporting_fact_tables,"
28_MIRRA_DATABASE_STORAGE_EXPORT_LAYER_v4.0_LOCKED.txt,28_MIRRA_DATABASE_STORAGE_EXPORT_LAYER_v4.0_LOCKED.txt,923,job-costing,reporting_fact_tables,snake_case,output_contract_field,output_contract,"job_profitability_rows, reporting_fact_tables, reporting_dimension_tables,"
07_MIRRA_LABOUR_MODULE_v4.0_LOCKED.txt,07_MIRRA_LABOUR_MODULE_v4.0_LOCKED.txt,1317,labour,accept_contract_field,snake_case,output_contract_field,output_contract,### `active_staff` - Classification: `accept_contract_field` - Recommended action: `add_to_v5_module_brief_output_contract` - Confidence: `high`
07_MIRRA_LABOUR_MODULE_v4.0_LOCKED.txt,07_MIRRA_LABOUR_MODULE_v4.0_LOCKED.txt,1331,labour,accept_contract_field,snake_case,output_contract_field,row_or_array_contract,### `all_labour_type_rows` - Classification: `accept_contract_field` - Recommended action: `add_to_v5_module_brief_output_contract` - Confidence: `medium`
07_MIRRA_LABOUR_MODULE_v4.0_LOCKED.txt,07_MIRRA_LABOUR_MODULE_v4.0_LOCKED.txt,1345,labour,accept_contract_field,snake_case,output_contract_field,row_or_array_contract,### `expected_labour_margin_percent` - Classification: `accept_contract_field` - Recommended action: `add_to_v5_module_brief_output_contract` - Confidence: `high`
07_MIRRA_LABOUR_MODULE_v4.0_LOCKED.txt,07_MIRRA_LABOUR_MODULE_v4.0_LOCKED.txt,1359,labour,accept_contract_field,snake_case,output_contract_field,row_or_array_contract,### `is_labour_based` - Classification: `accept_contract_field` - Recommended action: `add_to_v5_module_brief_output_contract` - Confidence: `high`
07_MIRRA_LABOUR_MODULE_v4.0_LOCKED.txt,07_MIRRA_LABOUR_MODULE_v4.0_LOCKED.txt,1373,labour,accept_contract_field,snake_case,output_contract_field,row_or_array_contract,### `is_labour_reality` - Classification: `accept_contract_field` - Recommended action: `add_to_v5_module_brief_output_contract` - Confidence: `high`
07_MIRRA_LABOUR_MODULE_v4.0_LOCKED.txt,07_MIRRA_LABOUR_MODULE_v4.0_LOCKED.txt,1387,labour,accept_contract_field,snake_case,output_contract_field,row_or_array_contract,### `labour_hours` - Classification: `accept_contract_field` - Recommended action: `add_to_v5_module_brief_output_contract` - Confidence: `medium`
07_MIRRA_LABOUR_MODULE_v4.0_LOCKED.txt,07_MIRRA_LABOUR_MODULE_v4.0_LOCKED.txt,1401,labour,accept_contract_field,snake_case,output_contract_field,row_or_array_contract,### `labour_rate` - Classification: `accept_contract_field` - Recommended action: `add_to_v5_module_brief_output_contract` - Confidence: `medium`
07_MIRRA_LABOUR_MODULE_v4.0_LOCKED.txt,07_MIRRA_LABOUR_MODULE_v4.0_LOCKED.txt,1415,labour,accept_contract_field,snake_case,output_contract_field,row_or_array_contract,### `productive_hours` - Classification: `accept_contract_field` - Recommended action: `add_to_v5_module_brief_output_contract` - Confidence: `high`
07_MIRRA_LABOUR_MODULE_v4.0_LOCKED.txt,07_MIRRA_LABOUR_MODULE_v4.0_LOCKED.txt,1429,labour,accept_contract_field,snake_case,output_contract_field,row_or_array_contract,### `productive_labour_type_rows` - Classification: `accept_contract_field` - Recommended action: `add_to_v5_module_brief_output_contract` - Confidence: `medium`
07_MIRRA_LABOUR_MODULE_v4.0_LOCKED.txt,07_MIRRA_LABOUR_MODULE_v4.0_LOCKED.txt,1443,labour,accept_contract_field,snake_case,output_contract_field,row_or_array_contract,### `productive_rows` - Classification: `accept_contract_field` - Recommended action: `add_to_v5_module_brief_output_contract` - Confidence: `medium`
07_MIRRA_LABOUR_MODULE_v4.0_LOCKED.txt,07_MIRRA_LABOUR_MODULE_v4.0_LOCKED.txt,1457,labour,accept_contract_field,snake_case,output_contract_field,warnings,### `productive_staff_type_rate_warnings` - Classification: `accept_contract_field` - Recommended action: `add_to_v5_module_brief_output_contract` - Confidence: `high`
07_MIRRA_LABOUR_MODULE_v4.0_LOCKED.txt,07_MIRRA_LABOUR_MODULE_v4.0_LOCKED.txt,1471,labour,accept_contract_field,snake_case,output_contract_field,row_or_array_contract,### `profile_rows` - Classification: `accept_contract_field` - Recommended action: `add_to_v5_module_brief_output_contract` - Confidence: `medium`
07_MIRRA_LABOUR_MODULE_v4.0_LOCKED.txt,07_MIRRA_LABOUR_MODULE_v4.0_LOCKED.txt,1485,labour,accept_contract_field,snake_case,output_contract_field,row_or_array_contract,### `rate_builder_labour_recovery_rows` - Classification: `accept_contract_field` - Recommended action: `add_to_v5_module_brief_output_contract` - Confidence: `medium`
07_MIRRA_LABOUR_MODULE_v4.0_LOCKED.txt,07_MIRRA_LABOUR_MODULE_v4.0_LOCKED.txt,1499,labour,accept_contract_field,snake_case,output_contract_field,row_or_array_contract,### `required_labour_burden_rate` - Classification: `accept_contract_field` - Recommended action: `add_to_v5_module_brief_output_contract` - Confidence: `high`
07_MIRRA_LABOUR_MODULE_v4.0_LOCKED.txt,07_MIRRA_LABOUR_MODULE_v4.0_LOCKED.txt,1513,labour,accept_contract_field,snake_case,output_contract_field,row_or_array_contract,### `support_labour_type_rows` - Classification: `accept_contract_field` - Recommended action: `add_to_v5_module_brief_output_contract` - Confidence: `medium`
07_MIRRA_LABOUR_MODULE_v4.0_LOCKED.txt,07_MIRRA_LABOUR_MODULE_v4.0_LOCKED.txt,1527,labour,accept_contract_field,snake_case,output_contract_field,row_or_array_contract,### `support_rows` - Classification: `accept_contract_field` - Recommended action: `add_to_v5_module_brief_output_contract` - Confidence: `medium`
07_MIRRA_LABOUR_MODULE_v4.0_LOCKED.txt,07_MIRRA_LABOUR_MODULE_v4.0_LOCKED.txt,1541,labour,accept_contract_field,snake_case,output_contract_field,row_or_array_contract,### `total_productive_paid_hours` - Classification: `accept_contract_field` - Recommended action: `add_to_v5_module_brief_output_contract` - Confidence: `high`
07_MIRRA_LABOUR_MODULE_v4.0_LOCKED.txt,07_MIRRA_LABOUR_MODULE_v4.0_LOCKED.txt,1555,labour,accept_contract_field,snake_case,output_contract_field,row_or_array_contract,### `total_staff_recovery_hours` - Classification: `accept_contract_field` - Recommended action: `add_to_v5_module_brief_output_contract` - Confidence: `high`
07_MIRRA_LABOUR_MODULE_v4.0_LOCKED.txt,07_MIRRA_LABOUR_MODULE_v4.0_LOCKED.txt,1569,labour,accept_contract_field,snake_case,output_contract_field,row_or_array_contract,### `weighted_all_productive_productivity_percent` - Classification: `accept_contract_field` - Recommended action: `add_to_v5_module_brief_output_contract` - Confidence: `high`
07_MIRRA_LABOUR_MODULE_v4.0_LOCKED.txt,07_MIRRA_LABOUR_MODULE_v4.0_LOCKED.txt,1585,labour,accept_reference_wrapper,snake_case,output_contract_field,output_contract,### `cost_allocation_output_contract` - Classification: `accept_reference_wrapper` - Recommended action: `document_as_reference_wrapper_not_business_metric` - Confidence: `medium`
07_MIRRA_LABOUR_MODULE_v4.0_LOCKED.txt,07_MIRRA_LABOUR_MODULE_v4.0_LOCKED.txt,1600,labour,accept_reference_wrapper,snake_case,output_contract_field,output_contract,### `labour_output` - Classification: `accept_reference_wrapper` - Recommended action: `document_as_reference_wrapper_not_business_metric` - Confidence: `medium`
07_MIRRA_LABOUR_MODULE_v4.0_LOCKED.txt,07_MIRRA_LABOUR_MODULE_v4.0_LOCKED.txt,1615,labour,accept_reference_wrapper,snake_case,output_contract_field,output_contract,### `labour_output_contract` - Classification: `accept_reference_wrapper` - Recommended action: `document_as_reference_wrapper_not_business_metric` - Confidence: `medium`
07_MIRRA_LABOUR_MODULE_v4.0_LOCKED.txt,07_MIRRA_LABOUR_MODULE_v4.0_LOCKED.txt,1630,labour,accept_reference_wrapper,snake_case,output_contract_field,output_contract,### `labour_outputs` - Classification: `accept_reference_wrapper` - Recommended action: `document_as_reference_wrapper_not_business_metric` - Confidence: `medium`
07_MIRRA_LABOUR_MODULE_v4.0_LOCKED.txt,07_MIRRA_LABOUR_MODULE_v4.0_LOCKED.txt,1315,labour,active_staff,snake_case,output_contract_field,output_contract,## Output Contract Fields To Add ### `active_staff` - Classification: `accept_contract_field`
07_MIRRA_LABOUR_MODULE_v4.0_LOCKED.txt,07_MIRRA_LABOUR_MODULE_v4.0_LOCKED.txt,1326,labour,active_staff,snake_case,output_contract_field,output_contract,"Brief insertion instruction: - Add `active_staff` to the `labour` output contract. - Define owner, meaning, source, downstream consumers where known, current/live status, and review notes."
07_MIRRA_LABOUR_MODULE_v4.0_LOCKED.txt,07_MIRRA_LABOUR_MODULE_v4.0_LOCKED.txt,1657,labour,active_staff,snake_case,output_contract_field,output_contract,## output_contract - active_staff - all_labour_type_rows - expected_labour_margin_percent
15_MIRRA_REVENUE_REALITY_v4.0_LOCKED.txt,15_MIRRA_REVENUE_REALITY_v4.0_LOCKED.txt,904,labour,activity_driver_type,snake_case,output_contract_field,output_contract,"margin_surplus_after_labour, activity_driver_type, activity_driver_label, activity_driver_value,"
15_MIRRA_REVENUE_REALITY_v4.0_LOCKED.txt,15_MIRRA_REVENUE_REALITY_v4.0_LOCKED.txt,961,labour,activity_driver_type,snake_case,output_contract_field,output_contract,- margin_after_labour - labour_consumption_of_margin_percent - activity_driver_type - activity_driver_value - revenue_reality_model_trust_state
15_MIRRA_REVENUE_REALITY_v4.0_LOCKED.txt,15_MIRRA_REVENUE_REALITY_v4.0_LOCKED.txt,962,labour,activity_driver_value,snake_case,output_contract_field,output_contract,- labour_consumption_of_margin_percent - activity_driver_type - activity_driver_value - revenue_reality_model_trust_state
07_MIRRA_LABOUR_MODULE_v4.0_LOCKED.txt,07_MIRRA_LABOUR_MODULE_v4.0_LOCKED.txt,1318,labour,add_to_v5_module_brief_output_contract,snake_case,output_contract_field,output_contract,- Classification: `accept_contract_field` - Recommended action: `add_to_v5_module_brief_output_contract` - Confidence: `high` - Reason: Field is a named business/status/readiness/financial/hour/recovery output used by code.
07_MIRRA_LABOUR_MODULE_v4.0_LOCKED.txt,07_MIRRA_LABOUR_MODULE_v4.0_LOCKED.txt,1332,labour,add_to_v5_module_brief_output_contract,snake_case,output_contract_field,row_or_array_contract,"- Classification: `accept_contract_field` - Recommended action: `add_to_v5_module_brief_output_contract` - Confidence: `medium` - Reason: Field suffix indicates a likely contract output such as total, status, warning, cost, rate, hours, or row array."
07_MIRRA_LABOUR_MODULE_v4.0_LOCKED.txt,07_MIRRA_LABOUR_MODULE_v4.0_LOCKED.txt,1346,labour,add_to_v5_module_brief_output_contract,snake_case,output_contract_field,row_or_array_contract,- Classification: `accept_contract_field` - Recommended action: `add_to_v5_module_brief_output_contract` - Confidence: `high` - Reason: Field is a named business/status/readiness/financial/hour/recovery output used by code.
07_MIRRA_LABOUR_MODULE_v4.0_LOCKED.txt,07_MIRRA_LABOUR_MODULE_v4.0_LOCKED.txt,1360,labour,add_to_v5_module_brief_output_contract,snake_case,output_contract_field,row_or_array_contract,- Classification: `accept_contract_field` - Recommended action: `add_to_v5_module_brief_output_contract` - Confidence: `high` - Reason: Field is a named business/status/readiness/financial/hour/recovery output used by code.
07_MIRRA_LABOUR_MODULE_v4.0_LOCKED.txt,07_MIRRA_LABOUR_MODULE_v4.0_LOCKED.txt,1374,labour,add_to_v5_module_brief_output_contract,snake_case,output_contract_field,row_or_array_contract,- Classification: `accept_contract_field` - Recommended action: `add_to_v5_module_brief_output_contract` - Confidence: `high` - Reason: Field is a named business/status/readiness/financial/hour/recovery output used by code.
07_MIRRA_LABOUR_MODULE_v4.0_LOCKED.txt,07_MIRRA_LABOUR_MODULE_v4.0_LOCKED.txt,1388,labour,add_to_v5_module_brief_output_contract,snake_case,output_contract_field,row_or_array_contract,"- Classification: `accept_contract_field` - Recommended action: `add_to_v5_module_brief_output_contract` - Confidence: `medium` - Reason: Field suffix indicates a likely contract output such as total, status, warning, cost, rate, hours, or row array."
07_MIRRA_LABOUR_MODULE_v4.0_LOCKED.txt,07_MIRRA_LABOUR_MODULE_v4.0_LOCKED.txt,1402,labour,add_to_v5_module_brief_output_contract,snake_case,output_contract_field,row_or_array_contract,"- Classification: `accept_contract_field` - Recommended action: `add_to_v5_module_brief_output_contract` - Confidence: `medium` - Reason: Field suffix indicates a likely contract output such as total, status, warning, cost, rate, hours, or row array."
07_MIRRA_LABOUR_MODULE_v4.0_LOCKED.txt,07_MIRRA_LABOUR_MODULE_v4.0_LOCKED.txt,1416,labour,add_to_v5_module_brief_output_contract,snake_case,output_contract_field,row_or_array_contract,- Classification: `accept_contract_field` - Recommended action: `add_to_v5_module_brief_output_contract` - Confidence: `high` - Reason: Field is a named business/status/readiness/financial/hour/recovery output used by code.
07_MIRRA_LABOUR_MODULE_v4.0_LOCKED.txt,07_MIRRA_LABOUR_MODULE_v4.0_LOCKED.txt,1430,labour,add_to_v5_module_brief_output_contract,snake_case,output_contract_field,row_or_array_contract,"- Classification: `accept_contract_field` - Recommended action: `add_to_v5_module_brief_output_contract` - Confidence: `medium` - Reason: Field suffix indicates a likely contract output such as total, status, warning, cost, rate, hours, or row array."
07_MIRRA_LABOUR_MODULE_v4.0_LOCKED.txt,07_MIRRA_LABOUR_MODULE_v4.0_LOCKED.txt,1444,labour,add_to_v5_module_brief_output_contract,snake_case,output_contract_field,row_or_array_contract,"- Classification: `accept_contract_field` - Recommended action: `add_to_v5_module_brief_output_contract` - Confidence: `medium` - Reason: Field suffix indicates a likely contract output such as total, status, warning, cost, rate, hours, or row array."
07_MIRRA_LABOUR_MODULE_v4.0_LOCKED.txt,07_MIRRA_LABOUR_MODULE_v4.0_LOCKED.txt,1458,labour,add_to_v5_module_brief_output_contract,snake_case,output_contract_field,warnings,- Classification: `accept_contract_field` - Recommended action: `add_to_v5_module_brief_output_contract` - Confidence: `high` - Reason: Field is a named business/status/readiness/financial/hour/recovery output used by code.
07_MIRRA_LABOUR_MODULE_v4.0_LOCKED.txt,07_MIRRA_LABOUR_MODULE_v4.0_LOCKED.txt,1472,labour,add_to_v5_module_brief_output_contract,snake_case,output_contract_field,row_or_array_contract,"- Classification: `accept_contract_field` - Recommended action: `add_to_v5_module_brief_output_contract` - Confidence: `medium` - Reason: Field suffix indicates a likely contract output such as total, status, warning, cost, rate, hours, or row array."
07_MIRRA_LABOUR_MODULE_v4.0_LOCKED.txt,07_MIRRA_LABOUR_MODULE_v4.0_LOCKED.txt,1486,labour,add_to_v5_module_brief_output_contract,snake_case,output_contract_field,row_or_array_contract,"- Classification: `accept_contract_field` - Recommended action: `add_to_v5_module_brief_output_contract` - Confidence: `medium` - Reason: Field suffix indicates a likely contract output such as total, status, warning, cost, rate, hours, or row array."
07_MIRRA_LABOUR_MODULE_v4.0_LOCKED.txt,07_MIRRA_LABOUR_MODULE_v4.0_LOCKED.txt,1500,labour,add_to_v5_module_brief_output_contract,snake_case,output_contract_field,row_or_array_contract,- Classification: `accept_contract_field` - Recommended action: `add_to_v5_module_brief_output_contract` - Confidence: `high` - Reason: Field is a named business/status/readiness/financial/hour/recovery output used by code.
07_MIRRA_LABOUR_MODULE_v4.0_LOCKED.txt,07_MIRRA_LABOUR_MODULE_v4.0_LOCKED.txt,1514,labour,add_to_v5_module_brief_output_contract,snake_case,output_contract_field,row_or_array_contract,"- Classification: `accept_contract_field` - Recommended action: `add_to_v5_module_brief_output_contract` - Confidence: `medium` - Reason: Field suffix indicates a likely contract output such as total, status, warning, cost, rate, hours, or row array."
07_MIRRA_LABOUR_MODULE_v4.0_LOCKED.txt,07_MIRRA_LABOUR_MODULE_v4.0_LOCKED.txt,1528,labour,add_to_v5_module_brief_output_contract,snake_case,output_contract_field,row_or_array_contract,"- Classification: `accept_contract_field` - Recommended action: `add_to_v5_module_brief_output_contract` - Confidence: `medium` - Reason: Field suffix indicates a likely contract output such as total, status, warning, cost, rate, hours, or row array."
07_MIRRA_LABOUR_MODULE_v4.0_LOCKED.txt,07_MIRRA_LABOUR_MODULE_v4.0_LOCKED.txt,1542,labour,add_to_v5_module_brief_output_contract,snake_case,output_contract_field,row_or_array_contract,- Classification: `accept_contract_field` - Recommended action: `add_to_v5_module_brief_output_contract` - Confidence: `high` - Reason: Field is a named business/status/readiness/financial/hour/recovery output used by code.
07_MIRRA_LABOUR_MODULE_v4.0_LOCKED.txt,07_MIRRA_LABOUR_MODULE_v4.0_LOCKED.txt,1556,labour,add_to_v5_module_brief_output_contract,snake_case,output_contract_field,row_or_array_contract,- Classification: `accept_contract_field` - Recommended action: `add_to_v5_module_brief_output_contract` - Confidence: `high` - Reason: Field is a named business/status/readiness/financial/hour/recovery output used by code.
07_MIRRA_LABOUR_MODULE_v4.0_LOCKED.txt,07_MIRRA_LABOUR_MODULE_v4.0_LOCKED.txt,1570,labour,add_to_v5_module_brief_output_contract,snake_case,output_contract_field,row_or_array_contract,- Classification: `accept_contract_field` - Recommended action: `add_to_v5_module_brief_output_contract` - Confidence: `high` - Reason: Field is a named business/status/readiness/financial/hour/recovery output used by code.
07_MIRRA_LABOUR_MODULE_v4.0_LOCKED.txt,07_MIRRA_LABOUR_MODULE_v4.0_LOCKED.txt,1658,labour,all_labour_type_rows,snake_case,output_contract_field,output_contract,- active_staff - all_labour_type_rows - expected_labour_margin_percent - is_labour_based
29_MIRRA_INTEGRATIONS_API_LAYER_v4.0_LOCKED.txt,29_MIRRA_INTEGRATIONS_API_LAYER_v4.0_LOCKED.txt,905,labour,api_error_rows,snake_case,output_contract_field,output_contract,"labour_import_handoff, api_error_rows, integration_source_trace }"
22_MIRRA_SOQ_JOB_PO_LAYER_v4.0_LOCKED.txt,22_MIRRA_SOQ_JOB_PO_LAYER_v4.0_LOCKED.txt,762,labour,asset_consumption_rows,snake_case,output_contract_field,output_contract,"material_consumption_rows, labour_consumption_rows, asset_consumption_rows, subcontractor_consumption_rows,"
24_MIRRA_MODEL_FEEDBACK_LOOP_v4.0_LOCKED.txt,24_MIRRA_MODEL_FEEDBACK_LOOP_v4.0_LOCKED.txt,934,labour,asset_feedback_rows,snake_case,output_contract_field,output_contract,"material_category_feedback_rows, labour_feedback_rows, asset_feedback_rows, overhead_feedback_rows, quote_alignment_feedback_rows,"
04_MIRRA_P_AND_L_PAGE_v4.0_LOCKED.txt,04_MIRRA_P_AND_L_PAGE_v4.0_LOCKED.txt,761,labour,asset_finance_benchmark_total,snake_case,output_contract_field,output_contract,- labour_benchmark_total - asset_finance_benchmark_total - general_overheads_benchmark_total - operating_expense_benchmark_total
10_MIRRA_MODULE_RECONCILIATION_v4.0_LOCKED.txt,10_MIRRA_MODULE_RECONCILIATION_v4.0_LOCKED.txt,950,labour,asset_finance_variance_amount,snake_case,output_contract_field,output_contract,"labour_variance_amount, labour_variance_percent, asset_finance_variance_amount, asset_finance_variance_percent, general_overheads_variance_amount,"
10_MIRRA_MODULE_RECONCILIATION_v4.0_LOCKED.txt,10_MIRRA_MODULE_RECONCILIATION_v4.0_LOCKED.txt,951,labour,asset_finance_variance_percent,snake_case,output_contract_field,output_contract,"labour_variance_percent, asset_finance_variance_amount, asset_finance_variance_percent, general_overheads_variance_amount, general_overheads_variance_percent,"
17_MIRRA_COST_ALLOCATION_v4.0_LOCKED.txt,17_MIRRA_COST_ALLOCATION_v4.0_LOCKED.txt,1678,labour,asset_group_assignments,snake_case,output_contract_field,output_contract,- group_cost_stacks - labour_group_assignments by staff type - asset_group_assignments by asset_id - assigned labour costs/hours - assigned asset burden/hours
17_MIRRA_COST_ALLOCATION_v4.0_LOCKED.txt,17_MIRRA_COST_ALLOCATION_v4.0_LOCKED.txt,1678,labour,asset_id,snake_case,output_contract_field,output_contract,- group_cost_stacks - labour_group_assignments by staff type - asset_group_assignments by asset_id - assigned labour costs/hours - assigned asset burden/hours
30_MIRRA_BUSINESS_MODELLING_v4.0_LOCKED.txt,30_MIRRA_BUSINESS_MODELLING_v4.0_LOCKED.txt,851,labour,asset_modelling_rows,snake_case,output_contract_field,output_contract,"rate_target_rows, labour_modelling_rows, asset_modelling_rows, overhead_modelling_rows,"
14_MIRRA_BUSINESS_SUMMARY_v4.0_LOCKED.txt,14_MIRRA_BUSINESS_SUMMARY_v4.0_LOCKED.txt,1424,labour,asset_reality_context,snake_case,output_contract_field,output_contract,"- business_summary_model_trust_state - revenue_reality_context - asset_reality_context Cost Allocation should primarily consume Labour, Assets, and General Overheads detail from source modules."
23_MIRRA_JOB_COSTING_PROFITABILITY_v4.0_LOCKED.txt,23_MIRRA_JOB_COSTING_PROFITABILITY_v4.0_LOCKED.txt,914,labour,asset_variance_rows,snake_case,output_contract_field,output_contract,"material_variance_rows, labour_variance_rows, asset_variance_rows, subcontractor_variance_rows, overhead_recovery_variance_rows,"
14_MIRRA_BUSINESS_SUMMARY_v4.0_LOCKED.txt,14_MIRRA_BUSINESS_SUMMARY_v4.0_LOCKED.txt,1386,labour,business_summary_model_trust_state,snake_case,output_contract_field,output_contract,- total_labour_cost_annual - residual_margin_after_labour - business_summary_model_trust_state Revenue Reality stress-tests margin after labour.
30_MIRRA_BUSINESS_MODELLING_v4.0_LOCKED.txt,30_MIRRA_BUSINESS_MODELLING_v4.0_LOCKED.txt,848,labour,category_modelling_rows,snake_case,output_contract_field,output_contract,"supplier_modelling_rows, category_modelling_rows, rate_target_rows, labour_modelling_rows,"
07_MIRRA_LABOUR_MODULE_v4.0_LOCKED.txt,07_MIRRA_LABOUR_MODULE_v4.0_LOCKED.txt,1583,labour,cost_allocation_output_contract,snake_case,output_contract_field,output_contract,## Reference Wrapper Fields To Document Separately ### `cost_allocation_output_contract` - Classification: `accept_reference_wrapper`
07_MIRRA_LABOUR_MODULE_v4.0_LOCKED.txt,07_MIRRA_LABOUR_MODULE_v4.0_LOCKED.txt,1594,labour,cost_allocation_output_contract,snake_case,output_contract_field,output_contract,Brief insertion instruction: - Document `cost_allocation_output_contract` as a wrapper/reference field for `labour`. - Do not describe it as a business metric. - Identify what object it wraps and which modules consume it.
07_MIRRA_LABOUR_MODULE_v4.0_LOCKED.txt,07_MIRRA_LABOUR_MODULE_v4.0_LOCKED.txt,1679,labour,cost_allocation_output_contract,snake_case,output_contract_field,output_contract,## output_contract_reference_wrappers - cost_allocation_output_contract - labour_output - labour_output_contract
15_MIRRA_REVENUE_REALITY_v4.0_LOCKED.txt,15_MIRRA_REVENUE_REALITY_v4.0_LOCKED.txt,908,labour,current_margin_per_driver,snake_case,output_contract_field,output_contract,"activity_driver_value, current_margin_per_driver, labour_cost_per_driver, margin_after_labour_per_driver,"
15_MIRRA_REVENUE_REALITY_v4.0_LOCKED.txt,15_MIRRA_REVENUE_REALITY_v4.0_LOCKED.txt,1000,labour,current_margin_per_driver,snake_case,output_contract_field,output_contract,- margin_after_labour - margin_after_labour_per_driver - current_margin_per_driver - labour_cost_per_driver - revenue_reality_model_trust_state
17_MIRRA_COST_ALLOCATION_v4.0_LOCKED.txt,17_MIRRA_COST_ALLOCATION_v4.0_LOCKED.txt,1607,labour,default_productive_labour_pool,snake_case,output_contract_field,output_contract,"productive_labour_pool, default_productive_labour_pool, labour_group_assignments,"
07_MIRRA_LABOUR_MODULE_v4.0_LOCKED.txt,07_MIRRA_LABOUR_MODULE_v4.0_LOCKED.txt,1586,labour,document_as_reference_wrapper_not_business_metric,snake_case,output_contract_field,output_contract,- Classification: `accept_reference_wrapper` - Recommended action: `document_as_reference_wrapper_not_business_metric` - Confidence: `medium` - Reason: Field appears to be a named module output contract wrapper consumed by another module.
07_MIRRA_LABOUR_MODULE_v4.0_LOCKED.txt,07_MIRRA_LABOUR_MODULE_v4.0_LOCKED.txt,1601,labour,document_as_reference_wrapper_not_business_metric,snake_case,output_contract_field,output_contract,- Classification: `accept_reference_wrapper` - Recommended action: `document_as_reference_wrapper_not_business_metric` - Confidence: `medium` - Reason: Field appears to be a named module output contract wrapper consumed by another module.
07_MIRRA_LABOUR_MODULE_v4.0_LOCKED.txt,07_MIRRA_LABOUR_MODULE_v4.0_LOCKED.txt,1616,labour,document_as_reference_wrapper_not_business_metric,snake_case,output_contract_field,output_contract,- Classification: `accept_reference_wrapper` - Recommended action: `document_as_reference_wrapper_not_business_metric` - Confidence: `medium` - Reason: Field appears to be a named module output contract wrapper consumed by another module.
07_MIRRA_LABOUR_MODULE_v4.0_LOCKED.txt,07_MIRRA_LABOUR_MODULE_v4.0_LOCKED.txt,1631,labour,document_as_reference_wrapper_not_business_metric,snake_case,output_contract_field,output_contract,- Classification: `accept_reference_wrapper` - Recommended action: `document_as_reference_wrapper_not_business_metric` - Confidence: `medium` - Reason: Field appears to be a named module output contract wrapper consumed by another module.
07_MIRRA_LABOUR_MODULE_v4.0_LOCKED.txt,07_MIRRA_LABOUR_MODULE_v4.0_LOCKED.txt,1659,labour,expected_labour_margin_percent,snake_case,output_contract_field,output_contract,- active_staff - all_labour_type_rows - expected_labour_margin_percent - is_labour_based - is_labour_reality
19_MIRRA_RATE_BUILDER_v4.0_LOCKED.txt,19_MIRRA_RATE_BUILDER_v4.0_LOCKED.txt,812,labour,fully_burdened_cost_rate,snake_case,output_contract_field,output_contract,- rate_builder_rows - minimum_recoverable_rate by rate - fully_burdened_cost_rate by rate - suggested_sell_rate by rate - selected labour component
04_MIRRA_P_AND_L_PAGE_v4.0_LOCKED.txt,04_MIRRA_P_AND_L_PAGE_v4.0_LOCKED.txt,708,labour,general_overheads_benchmark_total,snake_case,output_contract_field,output_contract,"labour_benchmark_total, asset_finance_benchmark_total, general_overheads_benchmark_total, operating_expense_benchmark_total, cost_of_sales_benchmark_total,"
04_MIRRA_P_AND_L_PAGE_v4.0_LOCKED.txt,04_MIRRA_P_AND_L_PAGE_v4.0_LOCKED.txt,762,labour,general_overheads_benchmark_total,snake_case,output_contract_field,output_contract,- labour_benchmark_total - asset_finance_benchmark_total - general_overheads_benchmark_total - operating_expense_benchmark_total - cost_of_sales_benchmark_total
14_MIRRA_BUSINESS_SUMMARY_v4.0_LOCKED.txt,14_MIRRA_BUSINESS_SUMMARY_v4.0_LOCKED.txt,1320,labour,general_overheads_bridge_variance,snake_case,output_contract_field,output_contract,"labour_bridge_variance, asset_finance_bridge_variance, general_overheads_bridge_variance, other_income_excluded, mirra_operating_position,"
17_MIRRA_COST_ALLOCATION_v4.0_LOCKED.txt,17_MIRRA_COST_ALLOCATION_v4.0_LOCKED.txt,1659,labour,general_overheads_pool,snake_case,output_contract_field,output_contract,- productive_labour_pool status - productive_asset_pool status - general_overheads_pool status - allocation_reconciliation_checks - unassigned pool values
17_MIRRA_COST_ALLOCATION_v4.0_LOCKED.txt,17_MIRRA_COST_ALLOCATION_v4.0_LOCKED.txt,1618,labour,group_cost_stacks,snake_case,output_contract_field,output_contract,"overhead_group_assignments, group_cost_stacks, total_available_labour_cost,"
17_MIRRA_COST_ALLOCATION_v4.0_LOCKED.txt,17_MIRRA_COST_ALLOCATION_v4.0_LOCKED.txt,1656,labour,group_cost_stacks,snake_case,output_contract_field,output_contract,- cost_allocation_model_trust_state - working_groups - group_cost_stacks - productive_labour_pool status - productive_asset_pool status
17_MIRRA_COST_ALLOCATION_v4.0_LOCKED.txt,17_MIRRA_COST_ALLOCATION_v4.0_LOCKED.txt,1676,labour,group_cost_stacks,snake_case,output_contract_field,output_contract,- working_groups - group_cost_stacks - labour_group_assignments by staff type - asset_group_assignments by asset_id
07_MIRRA_LABOUR_MODULE_v4.0_LOCKED.txt,07_MIRRA_LABOUR_MODULE_v4.0_LOCKED.txt,1322,labour,implemented_contract_not_documented_in_brief,snake_case,output_contract_field,output_contract,- Reason: Field is a named business/status/readiness/financial/hour/recovery output used by code. - Source code file(s): hooks\useCostSummary.js | lib\calculations\cost-allocation\costAllocationLabourAdapter.js | lib\calculations\cost-allocation\costAllocationValidation.js | lib\calculations\costAllocationRules.js | lib\selectors\costSummarySelectors.js - Audit notes: implemented_contract_not_documented_in_brief Brief insertion instruction:
07_MIRRA_LABOUR_MODULE_v4.0_LOCKED.txt,07_MIRRA_LABOUR_MODULE_v4.0_LOCKED.txt,1590,labour,implemented_contract_not_documented_in_brief,snake_case,output_contract_field,output_contract,- Reason: Field appears to be a named module output contract wrapper consumed by another module. - Source code file(s): hooks\rate-builder\useRateBuilderLabourRates.js - Audit notes: implemented_contract_not_documented_in_brief Brief insertion instruction:
07_MIRRA_LABOUR_MODULE_v4.0_LOCKED.txt,07_MIRRA_LABOUR_MODULE_v4.0_LOCKED.txt,1605,labour,implemented_contract_not_documented_in_brief,snake_case,output_contract_field,output_contract,- Reason: Field appears to be a named module output contract wrapper consumed by another module. - Source code file(s): components\model-readiness\ModelReadinessAuditPanel.jsx | hooks\rate-builder\useRateBuilderLabourRates.js - Audit notes: implemented_contract_not_documented_in_brief Brief insertion instruction:
07_MIRRA_LABOUR_MODULE_v4.0_LOCKED.txt,07_MIRRA_LABOUR_MODULE_v4.0_LOCKED.txt,1620,labour,implemented_contract_not_documented_in_brief,snake_case,output_contract_field,output_contract,- Reason: Field appears to be a named module output contract wrapper consumed by another module. - Source code file(s): hooks\useCostSummary.js | hooks\useQuoteEngine.js | hooks\useRevenueReality.js | lib\calculations\cost-allocation\costAllocationLabourAdapter.js | lib\calculations\quoteEngineCalculations.js | lib\reconciliation\moduleReconciliation.js | lib\reconciliation\reconciliationRules.js - Audit notes: implemented_contract_not_documented_in_brief Brief insertion instruction:
07_MIRRA_LABOUR_MODULE_v4.0_LOCKED.txt,07_MIRRA_LABOUR_MODULE_v4.0_LOCKED.txt,1635,labour,implemented_contract_not_documented_in_brief,snake_case,output_contract_field,output_contract,- Reason: Field appears to be a named module output contract wrapper consumed by another module. - Source code file(s): hooks\useRecoverySummary.js | lib\reconciliation\moduleReconciliation.js | lib\reconciliation\reconciliationRules.js - Audit notes: implemented_contract_not_documented_in_brief Brief insertion instruction:
07_MIRRA_LABOUR_MODULE_v4.0_LOCKED.txt,07_MIRRA_LABOUR_MODULE_v4.0_LOCKED.txt,1660,labour,is_labour_based,snake_case,output_contract_field,output_contract,- all_labour_type_rows - expected_labour_margin_percent - is_labour_based - is_labour_reality - labour_hours
07_MIRRA_LABOUR_MODULE_v4.0_LOCKED.txt,07_MIRRA_LABOUR_MODULE_v4.0_LOCKED.txt,1661,labour,is_labour_reality,snake_case,output_contract_field,output_contract,- expected_labour_margin_percent - is_labour_based - is_labour_reality - labour_hours - labour_rate
07_MIRRA_LABOUR_MODULE_v4.0_LOCKED.txt,07_MIRRA_LABOUR_MODULE_v4.0_LOCKED.txt,1697,labour,labour_based,snake_case,output_contract_field,output_contract,## output_contract - labour_based - labour_benchmark_total - labour_pct
04_MIRRA_P_AND_L_PAGE_v4.0_LOCKED.txt,04_MIRRA_P_AND_L_PAGE_v4.0_LOCKED.txt,760,labour,labour_benchmark_total,snake_case,output_contract_field,output_contract,Module Reconciliation should receive: - labour_benchmark_total - asset_finance_benchmark_total - general_overheads_benchmark_total
07_MIRRA_LABOUR_MODULE_v4.0_LOCKED.txt,07_MIRRA_LABOUR_MODULE_v4.0_LOCKED.txt,1698,labour,labour_benchmark_total,snake_case,output_contract_field,output_contract,- labour_based - labour_benchmark_total - labour_pct - labour_value
14_MIRRA_BUSINESS_SUMMARY_v4.0_LOCKED.txt,14_MIRRA_BUSINESS_SUMMARY_v4.0_LOCKED.txt,1341,labour,labour_consumption_of_margin_percent,snake_case,output_contract_field,output_contract,"revenue_reality_context = { margin_after_labour, labour_consumption_of_margin_percent, labour_shortfall_against_margin, margin_surplus_after_labour,"
15_MIRRA_REVENUE_REALITY_v4.0_LOCKED.txt,15_MIRRA_REVENUE_REALITY_v4.0_LOCKED.txt,898,labour,labour_consumption_of_margin_percent,snake_case,output_contract_field,output_contract,"margin_after_labour, residual_margin_after_labour, labour_consumption_of_margin_percent, margin_after_labour_percent_of_revenue, labour_margin_gap,"
15_MIRRA_REVENUE_REALITY_v4.0_LOCKED.txt,15_MIRRA_REVENUE_REALITY_v4.0_LOCKED.txt,924,labour,labour_consumption_of_margin_percent,snake_case,output_contract_field,output_contract,- margin_after_labour - labour_consumption_of_margin_percent - labour_shortfall_against_margin - margin_surplus_after_labour
15_MIRRA_REVENUE_REALITY_v4.0_LOCKED.txt,15_MIRRA_REVENUE_REALITY_v4.0_LOCKED.txt,960,labour,labour_consumption_of_margin_percent,snake_case,output_contract_field,output_contract,- revenue_reality_status - margin_after_labour - labour_consumption_of_margin_percent - activity_driver_type - activity_driver_value
15_MIRRA_REVENUE_REALITY_v4.0_LOCKED.txt,15_MIRRA_REVENUE_REALITY_v4.0_LOCKED.txt,981,labour,labour_consumption_of_margin_percent,snake_case,output_contract_field,output_contract,- labour_cost_for_stress_test - margin_after_labour - labour_consumption_of_margin_percent - margin_after_labour_per_driver - revenue_reality_model_trust_state
15_MIRRA_REVENUE_REALITY_v4.0_LOCKED.txt,15_MIRRA_REVENUE_REALITY_v4.0_LOCKED.txt,1018,labour,labour_consumption_of_margin_percent,snake_case,output_contract_field,output_contract,- revenue_reality_status - margin_after_labour - labour_consumption_of_margin_percent - labour_shortfall_against_margin - margin_surplus_after_labour
22_MIRRA_SOQ_JOB_PO_LAYER_v4.0_LOCKED.txt,22_MIRRA_SOQ_JOB_PO_LAYER_v4.0_LOCKED.txt,761,labour,labour_consumption_rows,snake_case,output_contract_field,output_contract,"material_consumption_rows, labour_consumption_rows, asset_consumption_rows, subcontractor_consumption_rows,"
15_MIRRA_REVENUE_REALITY_v4.0_LOCKED.txt,15_MIRRA_REVENUE_REALITY_v4.0_LOCKED.txt,979,labour,labour_cost_for_stress_test,snake_case,output_contract_field,output_contract,- revenue_reality_status - margin_pool - labour_cost_for_stress_test - margin_after_labour - labour_consumption_of_margin_percent
15_MIRRA_REVENUE_REALITY_v4.0_LOCKED.txt,15_MIRRA_REVENUE_REALITY_v4.0_LOCKED.txt,909,labour,labour_cost_per_driver,snake_case,output_contract_field,output_contract,"current_margin_per_driver, labour_cost_per_driver, margin_after_labour_per_driver, labour_margin_gap_per_driver,"
15_MIRRA_REVENUE_REALITY_v4.0_LOCKED.txt,15_MIRRA_REVENUE_REALITY_v4.0_LOCKED.txt,1001,labour,labour_cost_per_driver,snake_case,output_contract_field,output_contract,- margin_after_labour_per_driver - current_margin_per_driver - labour_cost_per_driver - revenue_reality_model_trust_state
24_MIRRA_MODEL_FEEDBACK_LOOP_v4.0_LOCKED.txt,24_MIRRA_MODEL_FEEDBACK_LOOP_v4.0_LOCKED.txt,933,labour,labour_feedback_rows,snake_case,output_contract_field,output_contract,"supplier_feedback_rows, material_category_feedback_rows, labour_feedback_rows, asset_feedback_rows, overhead_feedback_rows,"
17_MIRRA_COST_ALLOCATION_v4.0_LOCKED.txt,17_MIRRA_COST_ALLOCATION_v4.0_LOCKED.txt,1608,labour,labour_group_assignments,snake_case,output_contract_field,output_contract,"productive_labour_pool, default_productive_labour_pool, labour_group_assignments, productive_asset_pool,"
17_MIRRA_COST_ALLOCATION_v4.0_LOCKED.txt,17_MIRRA_COST_ALLOCATION_v4.0_LOCKED.txt,1677,labour,labour_group_assignments,snake_case,output_contract_field,output_contract,- working_groups - group_cost_stacks - labour_group_assignments by staff type - asset_group_assignments by asset_id - assigned labour costs/hours
07_MIRRA_LABOUR_MODULE_v4.0_LOCKED.txt,07_MIRRA_LABOUR_MODULE_v4.0_LOCKED.txt,1662,labour,labour_hours,snake_case,output_contract_field,output_contract,- is_labour_based - is_labour_reality - labour_hours - labour_rate - productive_hours
29_MIRRA_INTEGRATIONS_API_LAYER_v4.0_LOCKED.txt,29_MIRRA_INTEGRATIONS_API_LAYER_v4.0_LOCKED.txt,648,labour,labour_import_handoff,snake_case,output_contract_field,output_contract,The integration layer may hand labour-related source rows to Labour where available. labour_import_handoff[] {
29_MIRRA_INTEGRATIONS_API_LAYER_v4.0_LOCKED.txt,29_MIRRA_INTEGRATIONS_API_LAYER_v4.0_LOCKED.txt,903,labour,labour_import_handoff,snake_case,output_contract_field,output_contract,"general_overheads_import_handoff, asset_import_handoff, labour_import_handoff, api_error_rows,"
15_MIRRA_REVENUE_REALITY_v4.0_LOCKED.txt,15_MIRRA_REVENUE_REALITY_v4.0_LOCKED.txt,900,labour,labour_margin_gap,snake_case,output_contract_field,output_contract,"labour_consumption_of_margin_percent, margin_after_labour_percent_of_revenue, labour_margin_gap, labour_shortfall_against_margin, margin_surplus_after_labour,"
15_MIRRA_REVENUE_REALITY_v4.0_LOCKED.txt,15_MIRRA_REVENUE_REALITY_v4.0_LOCKED.txt,911,labour,labour_margin_gap_per_driver,snake_case,output_contract_field,output_contract,"labour_cost_per_driver, margin_after_labour_per_driver, labour_margin_gap_per_driver, revenue_reality_summary_cards,"
07_MIRRA_LABOUR_MODULE_v4.0_LOCKED.txt,07_MIRRA_LABOUR_MODULE_v4.0_LOCKED.txt,856,labour,labour_model_trust_state,snake_case,output_contract_field,output_contract,"labour_warnings, labour_warning_count, labour_model_trust_state }"
07_MIRRA_LABOUR_MODULE_v4.0_LOCKED.txt,07_MIRRA_LABOUR_MODULE_v4.0_LOCKED.txt,868,labour,labour_model_trust_state,snake_case,output_contract_field,output_contract,- total_people_cost_annual - labour_status - labour_model_trust_state - labour_warnings
07_MIRRA_LABOUR_MODULE_v4.0_LOCKED.txt,07_MIRRA_LABOUR_MODULE_v4.0_LOCKED.txt,885,labour,labour_model_trust_state,snake_case,output_contract_field,output_contract,- total_productive_output - labour_status - labour_model_trust_state Cost Summary uses:
07_MIRRA_LABOUR_MODULE_v4.0_LOCKED.txt,07_MIRRA_LABOUR_MODULE_v4.0_LOCKED.txt,925,labour,labour_model_trust_state,snake_case,output_contract_field,output_contract,- total_productive_labour_hours - weighted_all_productive_labour_rate - labour_model_trust_state Cost Allocation uses these to create:
30_MIRRA_BUSINESS_MODELLING_v4.0_LOCKED.txt,30_MIRRA_BUSINESS_MODELLING_v4.0_LOCKED.txt,850,labour,labour_modelling_rows,snake_case,output_contract_field,output_contract,"category_modelling_rows, rate_target_rows, labour_modelling_rows, asset_modelling_rows, overhead_modelling_rows,"
07_MIRRA_LABOUR_MODULE_v4.0_LOCKED.txt,07_MIRRA_LABOUR_MODULE_v4.0_LOCKED.txt,1598,labour,labour_output,snake_case,output_contract_field,output_contract,- Identify what object it wraps and which modules consume it. ### `labour_output` - Classification: `accept_reference_wrapper`
07_MIRRA_LABOUR_MODULE_v4.0_LOCKED.txt,07_MIRRA_LABOUR_MODULE_v4.0_LOCKED.txt,1609,labour,labour_output,snake_case,output_contract_field,output_contract,Brief insertion instruction: - Document `labour_output` as a wrapper/reference field for `labour`. - Do not describe it as a business metric. - Identify what object it wraps and which modules consume it.
07_MIRRA_LABOUR_MODULE_v4.0_LOCKED.txt,07_MIRRA_LABOUR_MODULE_v4.0_LOCKED.txt,1680,labour,labour_output,snake_case,output_contract_field,output_contract,- cost_allocation_output_contract - labour_output - labour_output_contract - labour_outputs
07_MIRRA_LABOUR_MODULE_v4.0_LOCKED.txt,07_MIRRA_LABOUR_MODULE_v4.0_LOCKED.txt,1613,labour,labour_output_contract,snake_case,output_contract_field,output_contract,- Identify what object it wraps and which modules consume it. ### `labour_output_contract` - Classification: `accept_reference_wrapper`
07_MIRRA_LABOUR_MODULE_v4.0_LOCKED.txt,07_MIRRA_LABOUR_MODULE_v4.0_LOCKED.txt,1624,labour,labour_output_contract,snake_case,output_contract_field,output_contract,Brief insertion instruction: - Document `labour_output_contract` as a wrapper/reference field for `labour`. - Do not describe it as a business metric. - Identify what object it wraps and which modules consume it.
07_MIRRA_LABOUR_MODULE_v4.0_LOCKED.txt,07_MIRRA_LABOUR_MODULE_v4.0_LOCKED.txt,1681,labour,labour_output_contract,snake_case,output_contract_field,output_contract,- cost_allocation_output_contract - labour_output - labour_output_contract - labour_outputs
07_MIRRA_LABOUR_MODULE_v4.0_LOCKED.txt,07_MIRRA_LABOUR_MODULE_v4.0_LOCKED.txt,1628,labour,labour_outputs,snake_case,output_contract_field,output_contract,- Identify what object it wraps and which modules consume it. ### `labour_outputs` - Classification: `accept_reference_wrapper`
07_MIRRA_LABOUR_MODULE_v4.0_LOCKED.txt,07_MIRRA_LABOUR_MODULE_v4.0_LOCKED.txt,1639,labour,labour_outputs,snake_case,output_contract_field,output_contract,Brief insertion instruction: - Document `labour_outputs` as a wrapper/reference field for `labour`. - Do not describe it as a business metric. - Identify what object it wraps and which modules consume it.
07_MIRRA_LABOUR_MODULE_v4.0_LOCKED.txt,07_MIRRA_LABOUR_MODULE_v4.0_LOCKED.txt,1682,labour,labour_outputs,snake_case,output_contract_field,output_contract,- labour_output - labour_output_contract - labour_outputs # END v5.0 MACHINE-READABLE ACCEPTED OUTPUT CONTRACT - labour
07_MIRRA_LABOUR_MODULE_v4.0_LOCKED.txt,07_MIRRA_LABOUR_MODULE_v4.0_LOCKED.txt,1699,labour,labour_pct,snake_case,output_contract_field,output_contract,- labour_based - labour_benchmark_total - labour_pct - labour_value - required_labour_class
07_MIRRA_LABOUR_MODULE_v4.0_LOCKED.txt,07_MIRRA_LABOUR_MODULE_v4.0_LOCKED.txt,1663,labour,labour_rate,snake_case,output_contract_field,output_contract,- is_labour_reality - labour_hours - labour_rate - productive_hours - productive_labour_type_rows
07_MIRRA_LABOUR_MODULE_v4.0_LOCKED.txt,07_MIRRA_LABOUR_MODULE_v4.0_LOCKED.txt,852,labour,labour_ready,snake_case,output_contract_field,output_contract,"unassigned_productive_staff_cost, unassigned_productive_staff_hours, labour_ready, labour_status, labour_warnings,"
14_MIRRA_BUSINESS_SUMMARY_v4.0_LOCKED.txt,14_MIRRA_BUSINESS_SUMMARY_v4.0_LOCKED.txt,1342,labour,labour_shortfall_against_margin,snake_case,output_contract_field,output_contract,"margin_after_labour, labour_consumption_of_margin_percent, labour_shortfall_against_margin, margin_surplus_after_labour, revenue_reality_status,"
15_MIRRA_REVENUE_REALITY_v4.0_LOCKED.txt,15_MIRRA_REVENUE_REALITY_v4.0_LOCKED.txt,901,labour,labour_shortfall_against_margin,snake_case,output_contract_field,output_contract,"margin_after_labour_percent_of_revenue, labour_margin_gap, labour_shortfall_against_margin, margin_surplus_after_labour,"
15_MIRRA_REVENUE_REALITY_v4.0_LOCKED.txt,15_MIRRA_REVENUE_REALITY_v4.0_LOCKED.txt,925,labour,labour_shortfall_against_margin,snake_case,output_contract_field,output_contract,- margin_after_labour - labour_consumption_of_margin_percent - labour_shortfall_against_margin - margin_surplus_after_labour - revenue_reality_status
15_MIRRA_REVENUE_REALITY_v4.0_LOCKED.txt,15_MIRRA_REVENUE_REALITY_v4.0_LOCKED.txt,1019,labour,labour_shortfall_against_margin,snake_case,output_contract_field,output_contract,- margin_after_labour - labour_consumption_of_margin_percent - labour_shortfall_against_margin - margin_surplus_after_labour - revenue_reality_model_trust_state
07_MIRRA_LABOUR_MODULE_v4.0_LOCKED.txt,07_MIRRA_LABOUR_MODULE_v4.0_LOCKED.txt,853,labour,labour_status,snake_case,output_contract_field,output_contract,"unassigned_productive_staff_hours, labour_ready, labour_status, labour_warnings, labour_warning_count,"
07_MIRRA_LABOUR_MODULE_v4.0_LOCKED.txt,07_MIRRA_LABOUR_MODULE_v4.0_LOCKED.txt,867,labour,labour_status,snake_case,output_contract_field,output_contract,- total_labour_cost_annual - total_people_cost_annual - labour_status - labour_model_trust_state - labour_warnings
07_MIRRA_LABOUR_MODULE_v4.0_LOCKED.txt,07_MIRRA_LABOUR_MODULE_v4.0_LOCKED.txt,884,labour,labour_status,snake_case,output_contract_field,output_contract,- total_labour_cost_annual - total_productive_output - labour_status - labour_model_trust_state
07_MIRRA_LABOUR_MODULE_v4.0_LOCKED.txt,07_MIRRA_LABOUR_MODULE_v4.0_LOCKED.txt,1700,labour,labour_value,snake_case,output_contract_field,output_contract,- labour_benchmark_total - labour_pct - labour_value - required_labour_class
10_MIRRA_MODULE_RECONCILIATION_v4.0_LOCKED.txt,10_MIRRA_MODULE_RECONCILIATION_v4.0_LOCKED.txt,948,labour,labour_variance_amount,snake_case,output_contract_field,output_contract,"warning_checks, normalised_reconciliation_inputs, labour_variance_amount, labour_variance_percent, asset_finance_variance_amount,"
10_MIRRA_MODULE_RECONCILIATION_v4.0_LOCKED.txt,10_MIRRA_MODULE_RECONCILIATION_v4.0_LOCKED.txt,949,labour,labour_variance_percent,snake_case,output_contract_field,output_contract,"normalised_reconciliation_inputs, labour_variance_amount, labour_variance_percent, asset_finance_variance_amount, asset_finance_variance_percent,"
23_MIRRA_JOB_COSTING_PROFITABILITY_v4.0_LOCKED.txt,23_MIRRA_JOB_COSTING_PROFITABILITY_v4.0_LOCKED.txt,913,labour,labour_variance_rows,snake_case,output_contract_field,output_contract,"material_variance_rows, labour_variance_rows, asset_variance_rows, subcontractor_variance_rows,"
07_MIRRA_LABOUR_MODULE_v4.0_LOCKED.txt,07_MIRRA_LABOUR_MODULE_v4.0_LOCKED.txt,855,labour,labour_warning_count,snake_case,output_contract_field,output_contract,"labour_status, labour_warnings, labour_warning_count, labour_model_trust_state }"
07_MIRRA_LABOUR_MODULE_v4.0_LOCKED.txt,07_MIRRA_LABOUR_MODULE_v4.0_LOCKED.txt,854,labour,labour_warnings,snake_case,output_contract_field,output_contract,"labour_ready, labour_status, labour_warnings, labour_warning_count, labour_model_trust_state"
14_MIRRA_BUSINESS_SUMMARY_v4.0_LOCKED.txt,14_MIRRA_BUSINESS_SUMMARY_v4.0_LOCKED.txt,1340,labour,margin_after_labour,snake_case,output_contract_field,output_contract,"revenue_reality_context = { margin_after_labour, labour_consumption_of_margin_percent, labour_shortfall_against_margin,"
15_MIRRA_REVENUE_REALITY_v4.0_LOCKED.txt,15_MIRRA_REVENUE_REALITY_v4.0_LOCKED.txt,896,labour,margin_after_labour,snake_case,output_contract_field,output_contract,"labour_cost_for_stress_test, margin_after_labour, residual_margin_after_labour, labour_consumption_of_margin_percent,"
15_MIRRA_REVENUE_REALITY_v4.0_LOCKED.txt,15_MIRRA_REVENUE_REALITY_v4.0_LOCKED.txt,923,labour,margin_after_labour,snake_case,output_contract_field,output_contract,Business Summary may receive: - margin_after_labour - labour_consumption_of_margin_percent - labour_shortfall_against_margin
15_MIRRA_REVENUE_REALITY_v4.0_LOCKED.txt,15_MIRRA_REVENUE_REALITY_v4.0_LOCKED.txt,943,labour,margin_after_labour,snake_case,output_contract_field,output_contract,- revenue_reality_status - margin_after_labour - revenue_reality_model_trust_state
15_MIRRA_REVENUE_REALITY_v4.0_LOCKED.txt,15_MIRRA_REVENUE_REALITY_v4.0_LOCKED.txt,959,labour,margin_after_labour,snake_case,output_contract_field,output_contract,- revenue_reality_status - margin_after_labour - labour_consumption_of_margin_percent - activity_driver_type
15_MIRRA_REVENUE_REALITY_v4.0_LOCKED.txt,15_MIRRA_REVENUE_REALITY_v4.0_LOCKED.txt,980,labour,margin_after_labour,snake_case,output_contract_field,output_contract,- margin_pool - labour_cost_for_stress_test - margin_after_labour - labour_consumption_of_margin_percent - margin_after_labour_per_driver
15_MIRRA_REVENUE_REALITY_v4.0_LOCKED.txt,15_MIRRA_REVENUE_REALITY_v4.0_LOCKED.txt,998,labour,margin_after_labour,snake_case,output_contract_field,output_contract,- margin_pool - margin_after_labour - margin_after_labour_per_driver - current_margin_per_driver
15_MIRRA_REVENUE_REALITY_v4.0_LOCKED.txt,15_MIRRA_REVENUE_REALITY_v4.0_LOCKED.txt,1017,labour,margin_after_labour,snake_case,output_contract_field,output_contract,- revenue_reality_status - margin_after_labour - labour_consumption_of_margin_percent - labour_shortfall_against_margin
15_MIRRA_REVENUE_REALITY_v4.0_LOCKED.txt,15_MIRRA_REVENUE_REALITY_v4.0_LOCKED.txt,910,labour,margin_after_labour_per_driver,snake_case,output_contract_field,output_contract,"current_margin_per_driver, labour_cost_per_driver, margin_after_labour_per_driver, labour_margin_gap_per_driver,"
15_MIRRA_REVENUE_REALITY_v4.0_LOCKED.txt,15_MIRRA_REVENUE_REALITY_v4.0_LOCKED.txt,982,labour,margin_after_labour_per_driver,snake_case,output_contract_field,output_contract,- margin_after_labour - labour_consumption_of_margin_percent - margin_after_labour_per_driver - revenue_reality_model_trust_state
15_MIRRA_REVENUE_REALITY_v4.0_LOCKED.txt,15_MIRRA_REVENUE_REALITY_v4.0_LOCKED.txt,999,labour,margin_after_labour_per_driver,snake_case,output_contract_field,output_contract,- margin_pool - margin_after_labour - margin_after_labour_per_driver - current_margin_per_driver - labour_cost_per_driver
15_MIRRA_REVENUE_REALITY_v4.0_LOCKED.txt,15_MIRRA_REVENUE_REALITY_v4.0_LOCKED.txt,899,labour,margin_after_labour_percent_of_revenue,snake_case,output_contract_field,output_contract,"residual_margin_after_labour, labour_consumption_of_margin_percent, margin_after_labour_percent_of_revenue, labour_margin_gap, labour_shortfall_against_margin,"
15_MIRRA_REVENUE_REALITY_v4.0_LOCKED.txt,15_MIRRA_REVENUE_REALITY_v4.0_LOCKED.txt,978,labour,margin_pool,snake_case,output_contract_field,output_contract,- revenue_reality_status - margin_pool - labour_cost_for_stress_test - margin_after_labour
15_MIRRA_REVENUE_REALITY_v4.0_LOCKED.txt,15_MIRRA_REVENUE_REALITY_v4.0_LOCKED.txt,997,labour,margin_pool,snake_case,output_contract_field,output_contract,Rate Builder may receive: - margin_pool - margin_after_labour - margin_after_labour_per_driver
14_MIRRA_BUSINESS_SUMMARY_v4.0_LOCKED.txt,14_MIRRA_BUSINESS_SUMMARY_v4.0_LOCKED.txt,1343,labour,margin_surplus_after_labour,snake_case,output_contract_field,output_contract,"labour_consumption_of_margin_percent, labour_shortfall_against_margin, margin_surplus_after_labour, revenue_reality_status, revenue_reality_model_trust_state"
15_MIRRA_REVENUE_REALITY_v4.0_LOCKED.txt,15_MIRRA_REVENUE_REALITY_v4.0_LOCKED.txt,902,labour,margin_surplus_after_labour,snake_case,output_contract_field,output_contract,"labour_margin_gap, labour_shortfall_against_margin, margin_surplus_after_labour, activity_driver_type,"
15_MIRRA_REVENUE_REALITY_v4.0_LOCKED.txt,15_MIRRA_REVENUE_REALITY_v4.0_LOCKED.txt,926,labour,margin_surplus_after_labour,snake_case,output_contract_field,output_contract,- labour_consumption_of_margin_percent - labour_shortfall_against_margin - margin_surplus_after_labour - revenue_reality_status - revenue_reality_model_trust_state
15_MIRRA_REVENUE_REALITY_v4.0_LOCKED.txt,15_MIRRA_REVENUE_REALITY_v4.0_LOCKED.txt,1020,labour,margin_surplus_after_labour,snake_case,output_contract_field,output_contract,- labour_consumption_of_margin_percent - labour_shortfall_against_margin - margin_surplus_after_labour - revenue_reality_model_trust_state
24_MIRRA_MODEL_FEEDBACK_LOOP_v4.0_LOCKED.txt,24_MIRRA_MODEL_FEEDBACK_LOOP_v4.0_LOCKED.txt,932,labour,material_category_feedback_rows,snake_case,output_contract_field,output_contract,"rate_review_signal_rows, supplier_feedback_rows, material_category_feedback_rows, labour_feedback_rows, asset_feedback_rows,"
22_MIRRA_SOQ_JOB_PO_LAYER_v4.0_LOCKED.txt,22_MIRRA_SOQ_JOB_PO_LAYER_v4.0_LOCKED.txt,760,labour,material_consumption_rows,snake_case,output_contract_field,output_contract,"purchase_order_rows, material_consumption_rows, labour_consumption_rows, asset_consumption_rows,"
14_MIRRA_BUSINESS_SUMMARY_v4.0_LOCKED.txt,14_MIRRA_BUSINESS_SUMMARY_v4.0_LOCKED.txt,1299,labour,material_margin_percent,snake_case,output_contract_field,output_contract,"material_margin, material_margin_percent, total_people_cost_annual, total_labour_cost_annual,"
23_MIRRA_JOB_COSTING_PROFITABILITY_v4.0_LOCKED.txt,23_MIRRA_JOB_COSTING_PROFITABILITY_v4.0_LOCKED.txt,912,labour,material_variance_rows,snake_case,output_contract_field,output_contract,"quote_line_profitability_rows, material_variance_rows, labour_variance_rows, asset_variance_rows,"
14_MIRRA_BUSINESS_SUMMARY_v4.0_LOCKED.txt,14_MIRRA_BUSINESS_SUMMARY_v4.0_LOCKED.txt,1484,labour,net_position,snake_case,output_contract_field,output_contract,- business_summary_status - net_position - recovery_gap_per_driver - residual_margin_after_labour
07_MIRRA_LABOUR_MODULE_v4.0_LOCKED.txt,07_MIRRA_LABOUR_MODULE_v4.0_LOCKED.txt,845,labour,non_productive_staff_count,snake_case,output_contract_field,output_contract,"total_staff_count, productive_staff_count, non_productive_staff_count, productive_labour_cost_rate, weighted_all_productive_labour_rate,"
10_MIRRA_MODULE_RECONCILIATION_v4.0_LOCKED.txt,10_MIRRA_MODULE_RECONCILIATION_v4.0_LOCKED.txt,947,labour,normalised_reconciliation_inputs,snake_case,output_contract_field,output_contract,"blocking_checks, warning_checks, normalised_reconciliation_inputs, labour_variance_amount, labour_variance_percent,"
07_MIRRA_LABOUR_MODULE_v4.0_LOCKED.txt,07_MIRRA_LABOUR_MODULE_v4.0_LOCKED.txt,1652,labour,output_contract,snake_case,output_contract_field,output_contract,MODULE_OWNER: labour SECTION_TYPE: output_contract SOURCE: MIRRA_ACCEPTED_BRIEF_FIELDS_BY_MODULE_v5.0.csv
07_MIRRA_LABOUR_MODULE_v4.0_LOCKED.txt,07_MIRRA_LABOUR_MODULE_v4.0_LOCKED.txt,1655,labour,output_contract,snake_case,output_contract_field,output_contract,SOURCE: MIRRA_ACCEPTED_BRIEF_FIELDS_BY_MODULE_v5.0.csv ## output_contract - active_staff
07_MIRRA_LABOUR_MODULE_v4.0_LOCKED.txt,07_MIRRA_LABOUR_MODULE_v4.0_LOCKED.txt,1692,labour,output_contract,snake_case,output_contract_field,output_contract,MODULE_OWNER: labour SECTION_TYPE: output_contract SOURCE: MIRRA_PASS_4_ACCEPTED_CONTRACT_FIELDS_PLA_v5.0.csv
07_MIRRA_LABOUR_MODULE_v4.0_LOCKED.txt,07_MIRRA_LABOUR_MODULE_v4.0_LOCKED.txt,1695,labour,output_contract,snake_case,output_contract_field,output_contract,SOURCE: MIRRA_PASS_4_ACCEPTED_CONTRACT_FIELDS_PLA_v5.0.csv ## output_contract - labour_based
07_MIRRA_LABOUR_MODULE_v4.0_LOCKED.txt,07_MIRRA_LABOUR_MODULE_v4.0_LOCKED.txt,1677,labour,output_contract_reference_wrappers,snake_case,output_contract_field,output_contract,- weighted_all_productive_productivity_percent ## output_contract_reference_wrappers - cost_allocation_output_contract
24_MIRRA_MODEL_FEEDBACK_LOOP_v4.0_LOCKED.txt,24_MIRRA_MODEL_FEEDBACK_LOOP_v4.0_LOCKED.txt,935,labour,overhead_feedback_rows,snake_case,output_contract_field,output_contract,"labour_feedback_rows, asset_feedback_rows, overhead_feedback_rows, quote_alignment_feedback_rows, positive_feedback_rows,"
30_MIRRA_BUSINESS_MODELLING_v4.0_LOCKED.txt,30_MIRRA_BUSINESS_MODELLING_v4.0_LOCKED.txt,852,labour,overhead_modelling_rows,snake_case,output_contract_field,output_contract,"labour_modelling_rows, asset_modelling_rows, overhead_modelling_rows, quote_checker_target_set,"
17_MIRRA_COST_ALLOCATION_v4.0_LOCKED.txt,17_MIRRA_COST_ALLOCATION_v4.0_LOCKED.txt,1610,labour,productive_asset_pool,snake_case,output_contract_field,output_contract,"labour_group_assignments, productive_asset_pool, default_productive_asset_pool, asset_group_assignments,"
17_MIRRA_COST_ALLOCATION_v4.0_LOCKED.txt,17_MIRRA_COST_ALLOCATION_v4.0_LOCKED.txt,1658,labour,productive_asset_pool,snake_case,output_contract_field,output_contract,- group_cost_stacks - productive_labour_pool status - productive_asset_pool status - general_overheads_pool status - allocation_reconciliation_checks
07_MIRRA_LABOUR_MODULE_v4.0_LOCKED.txt,07_MIRRA_LABOUR_MODULE_v4.0_LOCKED.txt,1664,labour,productive_hours,snake_case,output_contract_field,output_contract,- labour_hours - labour_rate - productive_hours - productive_labour_type_rows - productive_rows
07_MIRRA_LABOUR_MODULE_v4.0_LOCKED.txt,07_MIRRA_LABOUR_MODULE_v4.0_LOCKED.txt,846,labour,productive_labour_cost_rate,snake_case,output_contract_field,output_contract,"productive_staff_count, non_productive_staff_count, productive_labour_cost_rate, weighted_all_productive_labour_rate, productive_staff_type_rates,"
17_MIRRA_COST_ALLOCATION_v4.0_LOCKED.txt,17_MIRRA_COST_ALLOCATION_v4.0_LOCKED.txt,1606,labour,productive_labour_pool,snake_case,output_contract_field,output_contract,"working_groups, productive_labour_pool, default_productive_labour_pool, labour_group_assignments,"
17_MIRRA_COST_ALLOCATION_v4.0_LOCKED.txt,17_MIRRA_COST_ALLOCATION_v4.0_LOCKED.txt,1657,labour,productive_labour_pool,snake_case,output_contract_field,output_contract,- working_groups - group_cost_stacks - productive_labour_pool status - productive_asset_pool status - general_overheads_pool status
07_MIRRA_LABOUR_MODULE_v4.0_LOCKED.txt,07_MIRRA_LABOUR_MODULE_v4.0_LOCKED.txt,1665,labour,productive_labour_type_rows,snake_case,output_contract_field,output_contract,- labour_rate - productive_hours - productive_labour_type_rows - productive_rows - productive_staff_type_rate_warnings
07_MIRRA_LABOUR_MODULE_v4.0_LOCKED.txt,07_MIRRA_LABOUR_MODULE_v4.0_LOCKED.txt,1666,labour,productive_rows,snake_case,output_contract_field,output_contract,- productive_hours - productive_labour_type_rows - productive_rows - productive_staff_type_rate_warnings - profile_rows
07_MIRRA_LABOUR_MODULE_v4.0_LOCKED.txt,07_MIRRA_LABOUR_MODULE_v4.0_LOCKED.txt,844,labour,productive_staff_count,snake_case,output_contract_field,output_contract,"total_productive_output, total_staff_count, productive_staff_count, non_productive_staff_count, productive_labour_cost_rate,"
07_MIRRA_LABOUR_MODULE_v4.0_LOCKED.txt,07_MIRRA_LABOUR_MODULE_v4.0_LOCKED.txt,1667,labour,productive_staff_type_rate_warnings,snake_case,output_contract_field,output_contract,- productive_labour_type_rows - productive_rows - productive_staff_type_rate_warnings - profile_rows - rate_builder_labour_recovery_rows
07_MIRRA_LABOUR_MODULE_v4.0_LOCKED.txt,07_MIRRA_LABOUR_MODULE_v4.0_LOCKED.txt,848,labour,productive_staff_type_rates,snake_case,output_contract_field,output_contract,"productive_labour_cost_rate, weighted_all_productive_labour_rate, productive_staff_type_rates, unassigned_productive_staff, unassigned_productive_staff_cost,"
07_MIRRA_LABOUR_MODULE_v4.0_LOCKED.txt,07_MIRRA_LABOUR_MODULE_v4.0_LOCKED.txt,921,labour,productive_staff_type_rates,snake_case,output_contract_field,output_contract,Cost Allocation should receive: - productive_staff_type_rates - total_productive_labour_cost - total_productive_labour_hours
07_MIRRA_LABOUR_MODULE_v4.0_LOCKED.txt,07_MIRRA_LABOUR_MODULE_v4.0_LOCKED.txt,958,labour,productive_staff_type_rates,snake_case,output_contract_field,output_contract,Rate Builder should receive: - productive_staff_type_rates - weighted_all_productive_labour_rate - Cost Allocation group labour burden
07_MIRRA_LABOUR_MODULE_v4.0_LOCKED.txt,07_MIRRA_LABOUR_MODULE_v4.0_LOCKED.txt,1668,labour,profile_rows,snake_case,output_contract_field,output_contract,- productive_rows - productive_staff_type_rate_warnings - profile_rows - rate_builder_labour_recovery_rows - required_labour_burden_rate
07_MIRRA_LABOUR_MODULE_v4.0_LOCKED.txt,07_MIRRA_LABOUR_MODULE_v4.0_LOCKED.txt,1669,labour,rate_builder_labour_recovery_rows,snake_case,output_contract_field,output_contract,- productive_staff_type_rate_warnings - profile_rows - rate_builder_labour_recovery_rows - required_labour_burden_rate - support_labour_type_rows
30_MIRRA_BUSINESS_MODELLING_v4.0_LOCKED.txt,30_MIRRA_BUSINESS_MODELLING_v4.0_LOCKED.txt,849,labour,rate_target_rows,snake_case,output_contract_field,output_contract,"supplier_modelling_rows, category_modelling_rows, rate_target_rows, labour_modelling_rows, asset_modelling_rows,"
07_MIRRA_LABOUR_MODULE_v4.0_LOCKED.txt,07_MIRRA_LABOUR_MODULE_v4.0_LOCKED.txt,1670,labour,required_labour_burden_rate,snake_case,output_contract_field,output_contract,- profile_rows - rate_builder_labour_recovery_rows - required_labour_burden_rate - support_labour_type_rows - support_rows
07_MIRRA_LABOUR_MODULE_v4.0_LOCKED.txt,07_MIRRA_LABOUR_MODULE_v4.0_LOCKED.txt,1701,labour,required_labour_class,snake_case,output_contract_field,output_contract,- labour_pct - labour_value - required_labour_class # END v5.0 PASS 4 MANUAL ACCEPTED OUTPUT CONTRACT - labour
14_MIRRA_BUSINESS_SUMMARY_v4.0_LOCKED.txt,14_MIRRA_BUSINESS_SUMMARY_v4.0_LOCKED.txt,1302,labour,residual_margin_after_labour,snake_case,output_contract_field,output_contract,"total_people_cost_annual, total_labour_cost_annual, residual_margin_after_labour, total_asset_cost_annual, total_business_overheads,"
14_MIRRA_BUSINESS_SUMMARY_v4.0_LOCKED.txt,14_MIRRA_BUSINESS_SUMMARY_v4.0_LOCKED.txt,1385,labour,residual_margin_after_labour,snake_case,output_contract_field,output_contract,- total_people_cost_annual - total_labour_cost_annual - residual_margin_after_labour - business_summary_model_trust_state
15_MIRRA_REVENUE_REALITY_v4.0_LOCKED.txt,15_MIRRA_REVENUE_REALITY_v4.0_LOCKED.txt,897,labour,residual_margin_after_labour,snake_case,output_contract_field,output_contract,"labour_cost_for_stress_test, margin_after_labour, residual_margin_after_labour, labour_consumption_of_margin_percent, margin_after_labour_percent_of_revenue,"
14_MIRRA_BUSINESS_SUMMARY_v4.0_LOCKED.txt,14_MIRRA_BUSINESS_SUMMARY_v4.0_LOCKED.txt,1339,labour,revenue_reality_context,snake_case,output_contract_field,output_contract,"Optional context object: revenue_reality_context = { margin_after_labour, labour_consumption_of_margin_percent,"
14_MIRRA_BUSINESS_SUMMARY_v4.0_LOCKED.txt,14_MIRRA_BUSINESS_SUMMARY_v4.0_LOCKED.txt,1345,labour,revenue_reality_model_trust_state,snake_case,output_contract_field,output_contract,"margin_surplus_after_labour, revenue_reality_status, revenue_reality_model_trust_state }"
15_MIRRA_REVENUE_REALITY_v4.0_LOCKED.txt,15_MIRRA_REVENUE_REALITY_v4.0_LOCKED.txt,928,labour,revenue_reality_model_trust_state,snake_case,output_contract_field,output_contract,- margin_surplus_after_labour - revenue_reality_status - revenue_reality_model_trust_state Business Summary may display this as diagnostic handoff/context.
15_MIRRA_REVENUE_REALITY_v4.0_LOCKED.txt,15_MIRRA_REVENUE_REALITY_v4.0_LOCKED.txt,944,labour,revenue_reality_model_trust_state,snake_case,output_contract_field,output_contract,- revenue_reality_status - margin_after_labour - revenue_reality_model_trust_state Asset Reality uses this only as page-level diagnostic context.
15_MIRRA_REVENUE_REALITY_v4.0_LOCKED.txt,15_MIRRA_REVENUE_REALITY_v4.0_LOCKED.txt,983,labour,revenue_reality_model_trust_state,snake_case,output_contract_field,output_contract,- labour_consumption_of_margin_percent - margin_after_labour_per_driver - revenue_reality_model_trust_state Recovery Summary owns recovery tests.
15_MIRRA_REVENUE_REALITY_v4.0_LOCKED.txt,15_MIRRA_REVENUE_REALITY_v4.0_LOCKED.txt,1002,labour,revenue_reality_model_trust_state,snake_case,output_contract_field,output_contract,- current_margin_per_driver - labour_cost_per_driver - revenue_reality_model_trust_state Rate Builder owns required rates.
15_MIRRA_REVENUE_REALITY_v4.0_LOCKED.txt,15_MIRRA_REVENUE_REALITY_v4.0_LOCKED.txt,1021,labour,revenue_reality_model_trust_state,snake_case,output_contract_field,output_contract,- labour_shortfall_against_margin - margin_surplus_after_labour - revenue_reality_model_trust_state Business Outcome may use this as evidence in the final diagnosis.
14_MIRRA_BUSINESS_SUMMARY_v4.0_LOCKED.txt,14_MIRRA_BUSINESS_SUMMARY_v4.0_LOCKED.txt,1344,labour,revenue_reality_status,snake_case,output_contract_field,output_contract,"labour_shortfall_against_margin, margin_surplus_after_labour, revenue_reality_status, revenue_reality_model_trust_state }"
15_MIRRA_REVENUE_REALITY_v4.0_LOCKED.txt,15_MIRRA_REVENUE_REALITY_v4.0_LOCKED.txt,927,labour,revenue_reality_status,snake_case,output_contract_field,output_contract,- labour_shortfall_against_margin - margin_surplus_after_labour - revenue_reality_status - revenue_reality_model_trust_state
15_MIRRA_REVENUE_REALITY_v4.0_LOCKED.txt,15_MIRRA_REVENUE_REALITY_v4.0_LOCKED.txt,942,labour,revenue_reality_status,snake_case,output_contract_field,output_contract,Asset Reality may receive: - revenue_reality_status - margin_after_labour - revenue_reality_model_trust_state
15_MIRRA_REVENUE_REALITY_v4.0_LOCKED.txt,15_MIRRA_REVENUE_REALITY_v4.0_LOCKED.txt,958,labour,revenue_reality_status,snake_case,output_contract_field,output_contract,Cost Allocation may receive: - revenue_reality_status - margin_after_labour - labour_consumption_of_margin_percent
15_MIRRA_REVENUE_REALITY_v4.0_LOCKED.txt,15_MIRRA_REVENUE_REALITY_v4.0_LOCKED.txt,977,labour,revenue_reality_status,snake_case,output_contract_field,output_contract,Recovery Summary should receive: - revenue_reality_status - margin_pool - labour_cost_for_stress_test
15_MIRRA_REVENUE_REALITY_v4.0_LOCKED.txt,15_MIRRA_REVENUE_REALITY_v4.0_LOCKED.txt,1016,labour,revenue_reality_status,snake_case,output_contract_field,output_contract,Business Outcome should receive: - revenue_reality_status - margin_after_labour - labour_consumption_of_margin_percent
15_MIRRA_REVENUE_REALITY_v4.0_LOCKED.txt,15_MIRRA_REVENUE_REALITY_v4.0_LOCKED.txt,913,labour,revenue_reality_summary_cards,snake_case,output_contract_field,output_contract,"labour_margin_gap_per_driver, revenue_reality_summary_cards, revenue_reality_source_trace }"
29_MIRRA_INTEGRATIONS_API_LAYER_v4.0_LOCKED.txt,29_MIRRA_INTEGRATIONS_API_LAYER_v4.0_LOCKED.txt,660,labour,source_trace,snake_case,output_contract_field,output_contract,"amount, suggested_labour_category, source_trace }"
07_MIRRA_LABOUR_MODULE_v4.0_LOCKED.txt,07_MIRRA_LABOUR_MODULE_v4.0_LOCKED.txt,835,labour,staff_rows,snake_case,output_contract_field,output_contract,"{ staff_rows, staff_types, total_labour_cost_annual,"
07_MIRRA_LABOUR_MODULE_v4.0_LOCKED.txt,07_MIRRA_LABOUR_MODULE_v4.0_LOCKED.txt,836,labour,staff_types,snake_case,output_contract_field,output_contract,"{ staff_rows, staff_types, total_labour_cost_annual, total_people_cost_annual,"
22_MIRRA_SOQ_JOB_PO_LAYER_v4.0_LOCKED.txt,22_MIRRA_SOQ_JOB_PO_LAYER_v4.0_LOCKED.txt,763,labour,subcontractor_consumption_rows,snake_case,output_contract_field,output_contract,"labour_consumption_rows, asset_consumption_rows, subcontractor_consumption_rows, job_actual_cost_summary,"
23_MIRRA_JOB_COSTING_PROFITABILITY_v4.0_LOCKED.txt,23_MIRRA_JOB_COSTING_PROFITABILITY_v4.0_LOCKED.txt,915,labour,subcontractor_variance_rows,snake_case,output_contract_field,output_contract,"labour_variance_rows, asset_variance_rows, subcontractor_variance_rows, overhead_recovery_variance_rows,"
29_MIRRA_INTEGRATIONS_API_LAYER_v4.0_LOCKED.txt,29_MIRRA_INTEGRATIONS_API_LAYER_v4.0_LOCKED.txt,659,labour,suggested_labour_category,snake_case,output_contract_field,output_contract,"description, amount, suggested_labour_category, source_trace }"
19_MIRRA_RATE_BUILDER_v4.0_LOCKED.txt,19_MIRRA_RATE_BUILDER_v4.0_LOCKED.txt,813,labour,suggested_sell_rate,snake_case,output_contract_field,output_contract,- minimum_recoverable_rate by rate - fully_burdened_cost_rate by rate - suggested_sell_rate by rate - selected labour component - selected asset component
24_MIRRA_MODEL_FEEDBACK_LOOP_v4.0_LOCKED.txt,24_MIRRA_MODEL_FEEDBACK_LOOP_v4.0_LOCKED.txt,931,labour,supplier_feedback_rows,snake_case,output_contract_field,output_contract,"rate_review_signal_rows, supplier_feedback_rows, material_category_feedback_rows, labour_feedback_rows,"
07_MIRRA_LABOUR_MODULE_v4.0_LOCKED.txt,07_MIRRA_LABOUR_MODULE_v4.0_LOCKED.txt,1671,labour,support_labour_type_rows,snake_case,output_contract_field,output_contract,- rate_builder_labour_recovery_rows - required_labour_burden_rate - support_labour_type_rows - support_rows - total_productive_paid_hours
07_MIRRA_LABOUR_MODULE_v4.0_LOCKED.txt,07_MIRRA_LABOUR_MODULE_v4.0_LOCKED.txt,1672,labour,support_rows,snake_case,output_contract_field,output_contract,- required_labour_burden_rate - support_labour_type_rows - support_rows - total_productive_paid_hours - total_staff_recovery_hours
14_MIRRA_BUSINESS_SUMMARY_v4.0_LOCKED.txt,14_MIRRA_BUSINESS_SUMMARY_v4.0_LOCKED.txt,1303,labour,total_asset_cost_annual,snake_case,output_contract_field,output_contract,"total_labour_cost_annual, residual_margin_after_labour, total_asset_cost_annual, total_business_overheads, total_cost_burden,"
17_MIRRA_COST_ALLOCATION_v4.0_LOCKED.txt,17_MIRRA_COST_ALLOCATION_v4.0_LOCKED.txt,1621,labour,total_assigned_labour_cost,snake_case,output_contract_field,output_contract,"total_available_labour_cost, total_assigned_labour_cost, total_remaining_labour_cost, total_available_labour_hours,"
17_MIRRA_COST_ALLOCATION_v4.0_LOCKED.txt,17_MIRRA_COST_ALLOCATION_v4.0_LOCKED.txt,1624,labour,total_assigned_labour_hours,snake_case,output_contract_field,output_contract,"total_remaining_labour_cost, total_available_labour_hours, total_assigned_labour_hours, total_remaining_labour_hours,"
17_MIRRA_COST_ALLOCATION_v4.0_LOCKED.txt,17_MIRRA_COST_ALLOCATION_v4.0_LOCKED.txt,1627,labour,total_available_asset_burden,snake_case,output_contract_field,output_contract,"total_remaining_labour_hours, total_available_asset_burden, total_assigned_asset_burden, total_remaining_asset_burden,"
17_MIRRA_COST_ALLOCATION_v4.0_LOCKED.txt,17_MIRRA_COST_ALLOCATION_v4.0_LOCKED.txt,1620,labour,total_available_labour_cost,snake_case,output_contract_field,output_contract,"group_cost_stacks, total_available_labour_cost, total_assigned_labour_cost, total_remaining_labour_cost,"
17_MIRRA_COST_ALLOCATION_v4.0_LOCKED.txt,17_MIRRA_COST_ALLOCATION_v4.0_LOCKED.txt,1623,labour,total_available_labour_hours,snake_case,output_contract_field,output_contract,"total_assigned_labour_cost, total_remaining_labour_cost, total_available_labour_hours, total_assigned_labour_hours, total_remaining_labour_hours,"
14_MIRRA_BUSINESS_SUMMARY_v4.0_LOCKED.txt,14_MIRRA_BUSINESS_SUMMARY_v4.0_LOCKED.txt,1304,labour,total_business_overheads,snake_case,output_contract_field,output_contract,"residual_margin_after_labour, total_asset_cost_annual, total_business_overheads, total_cost_burden, net_position,"
07_MIRRA_LABOUR_MODULE_v4.0_LOCKED.txt,07_MIRRA_LABOUR_MODULE_v4.0_LOCKED.txt,893,labour,total_cost_burden,snake_case,output_contract_field,output_contract,as the Labour component of: total_cost_burden Cost Summary must not recalculate Labour.
07_MIRRA_LABOUR_MODULE_v4.0_LOCKED.txt,07_MIRRA_LABOUR_MODULE_v4.0_LOCKED.txt,837,labour,total_labour_cost_annual,snake_case,output_contract_field,output_contract,"staff_rows, staff_types, total_labour_cost_annual, total_people_cost_annual, total_productive_labour_cost,"
07_MIRRA_LABOUR_MODULE_v4.0_LOCKED.txt,07_MIRRA_LABOUR_MODULE_v4.0_LOCKED.txt,865,labour,total_labour_cost_annual,snake_case,output_contract_field,output_contract,Module Reconciliation should receive: - total_labour_cost_annual - total_people_cost_annual - labour_status
07_MIRRA_LABOUR_MODULE_v4.0_LOCKED.txt,07_MIRRA_LABOUR_MODULE_v4.0_LOCKED.txt,882,labour,total_labour_cost_annual,snake_case,output_contract_field,output_contract,- total_people_cost_annual - total_labour_cost_annual - total_productive_output - labour_status
07_MIRRA_LABOUR_MODULE_v4.0_LOCKED.txt,07_MIRRA_LABOUR_MODULE_v4.0_LOCKED.txt,905,labour,total_labour_cost_annual,snake_case,output_contract_field,output_contract,Revenue Reality may consume: total_labour_cost_annual or:
14_MIRRA_BUSINESS_SUMMARY_v4.0_LOCKED.txt,14_MIRRA_BUSINESS_SUMMARY_v4.0_LOCKED.txt,1301,labour,total_labour_cost_annual,snake_case,output_contract_field,output_contract,"material_margin_percent, total_people_cost_annual, total_labour_cost_annual, residual_margin_after_labour, total_asset_cost_annual,"
07_MIRRA_LABOUR_MODULE_v4.0_LOCKED.txt,07_MIRRA_LABOUR_MODULE_v4.0_LOCKED.txt,840,labour,total_non_productive_labour_cost,snake_case,output_contract_field,output_contract,"total_people_cost_annual, total_productive_labour_cost, total_non_productive_labour_cost, total_productive_labour_hours, total_productive_output,"
07_MIRRA_LABOUR_MODULE_v4.0_LOCKED.txt,07_MIRRA_LABOUR_MODULE_v4.0_LOCKED.txt,838,labour,total_people_cost_annual,snake_case,output_contract_field,output_contract,"staff_types, total_labour_cost_annual, total_people_cost_annual, total_productive_labour_cost, total_non_productive_labour_cost,"
07_MIRRA_LABOUR_MODULE_v4.0_LOCKED.txt,07_MIRRA_LABOUR_MODULE_v4.0_LOCKED.txt,866,labour,total_people_cost_annual,snake_case,output_contract_field,output_contract,- total_labour_cost_annual - total_people_cost_annual - labour_status - labour_model_trust_state
07_MIRRA_LABOUR_MODULE_v4.0_LOCKED.txt,07_MIRRA_LABOUR_MODULE_v4.0_LOCKED.txt,881,labour,total_people_cost_annual,snake_case,output_contract_field,output_contract,Cost Summary should receive: - total_people_cost_annual - total_labour_cost_annual - total_productive_output
07_MIRRA_LABOUR_MODULE_v4.0_LOCKED.txt,07_MIRRA_LABOUR_MODULE_v4.0_LOCKED.txt,889,labour,total_people_cost_annual,snake_case,output_contract_field,output_contract,Cost Summary uses: total_people_cost_annual as the Labour component of:
07_MIRRA_LABOUR_MODULE_v4.0_LOCKED.txt,07_MIRRA_LABOUR_MODULE_v4.0_LOCKED.txt,909,labour,total_people_cost_annual,snake_case,output_contract_field,output_contract,or: total_people_cost_annual to stress-test margin after Labour.
14_MIRRA_BUSINESS_SUMMARY_v4.0_LOCKED.txt,14_MIRRA_BUSINESS_SUMMARY_v4.0_LOCKED.txt,1300,labour,total_people_cost_annual,snake_case,output_contract_field,output_contract,"material_margin, material_margin_percent, total_people_cost_annual, total_labour_cost_annual, residual_margin_after_labour,"
07_MIRRA_LABOUR_MODULE_v4.0_LOCKED.txt,07_MIRRA_LABOUR_MODULE_v4.0_LOCKED.txt,839,labour,total_productive_labour_cost,snake_case,output_contract_field,output_contract,"total_labour_cost_annual, total_people_cost_annual, total_productive_labour_cost, total_non_productive_labour_cost, total_productive_labour_hours,"
07_MIRRA_LABOUR_MODULE_v4.0_LOCKED.txt,07_MIRRA_LABOUR_MODULE_v4.0_LOCKED.txt,922,labour,total_productive_labour_cost,snake_case,output_contract_field,output_contract,- productive_staff_type_rates - total_productive_labour_cost - total_productive_labour_hours - weighted_all_productive_labour_rate
07_MIRRA_LABOUR_MODULE_v4.0_LOCKED.txt,07_MIRRA_LABOUR_MODULE_v4.0_LOCKED.txt,841,labour,total_productive_labour_hours,snake_case,output_contract_field,output_contract,"total_productive_labour_cost, total_non_productive_labour_cost, total_productive_labour_hours, total_productive_output, total_staff_count,"
07_MIRRA_LABOUR_MODULE_v4.0_LOCKED.txt,07_MIRRA_LABOUR_MODULE_v4.0_LOCKED.txt,923,labour,total_productive_labour_hours,snake_case,output_contract_field,output_contract,- productive_staff_type_rates - total_productive_labour_cost - total_productive_labour_hours - weighted_all_productive_labour_rate - labour_model_trust_state
07_MIRRA_LABOUR_MODULE_v4.0_LOCKED.txt,07_MIRRA_LABOUR_MODULE_v4.0_LOCKED.txt,842,labour,total_productive_output,snake_case,output_contract_field,output_contract,"total_non_productive_labour_cost, total_productive_labour_hours, total_productive_output, total_staff_count, productive_staff_count,"
07_MIRRA_LABOUR_MODULE_v4.0_LOCKED.txt,07_MIRRA_LABOUR_MODULE_v4.0_LOCKED.txt,883,labour,total_productive_output,snake_case,output_contract_field,output_contract,- total_people_cost_annual - total_labour_cost_annual - total_productive_output - labour_status - labour_model_trust_state
07_MIRRA_LABOUR_MODULE_v4.0_LOCKED.txt,07_MIRRA_LABOUR_MODULE_v4.0_LOCKED.txt,1673,labour,total_productive_paid_hours,snake_case,output_contract_field,output_contract,- support_labour_type_rows - support_rows - total_productive_paid_hours - total_staff_recovery_hours - weighted_all_productive_productivity_percent
17_MIRRA_COST_ALLOCATION_v4.0_LOCKED.txt,17_MIRRA_COST_ALLOCATION_v4.0_LOCKED.txt,1622,labour,total_remaining_labour_cost,snake_case,output_contract_field,output_contract,"total_available_labour_cost, total_assigned_labour_cost, total_remaining_labour_cost, total_available_labour_hours, total_assigned_labour_hours,"
17_MIRRA_COST_ALLOCATION_v4.0_LOCKED.txt,17_MIRRA_COST_ALLOCATION_v4.0_LOCKED.txt,1625,labour,total_remaining_labour_hours,snake_case,output_contract_field,output_contract,"total_available_labour_hours, total_assigned_labour_hours, total_remaining_labour_hours, total_available_asset_burden,"
07_MIRRA_LABOUR_MODULE_v4.0_LOCKED.txt,07_MIRRA_LABOUR_MODULE_v4.0_LOCKED.txt,843,labour,total_staff_count,snake_case,output_contract_field,output_contract,"total_productive_labour_hours, total_productive_output, total_staff_count, productive_staff_count, non_productive_staff_count,"
07_MIRRA_LABOUR_MODULE_v4.0_LOCKED.txt,07_MIRRA_LABOUR_MODULE_v4.0_LOCKED.txt,1674,labour,total_staff_recovery_hours,snake_case,output_contract_field,output_contract,- support_rows - total_productive_paid_hours - total_staff_recovery_hours - weighted_all_productive_productivity_percent
07_MIRRA_LABOUR_MODULE_v4.0_LOCKED.txt,07_MIRRA_LABOUR_MODULE_v4.0_LOCKED.txt,849,labour,unassigned_productive_staff,snake_case,output_contract_field,output_contract,"weighted_all_productive_labour_rate, productive_staff_type_rates, unassigned_productive_staff, unassigned_productive_staff_cost, unassigned_productive_staff_hours,"
07_MIRRA_LABOUR_MODULE_v4.0_LOCKED.txt,07_MIRRA_LABOUR_MODULE_v4.0_LOCKED.txt,850,labour,unassigned_productive_staff_cost,snake_case,output_contract_field,output_contract,"productive_staff_type_rates, unassigned_productive_staff, unassigned_productive_staff_cost, unassigned_productive_staff_hours, labour_ready,"
07_MIRRA_LABOUR_MODULE_v4.0_LOCKED.txt,07_MIRRA_LABOUR_MODULE_v4.0_LOCKED.txt,851,labour,unassigned_productive_staff_hours,snake_case,output_contract_field,output_contract,"unassigned_productive_staff, unassigned_productive_staff_cost, unassigned_productive_staff_hours, labour_ready, labour_status,"
10_MIRRA_MODULE_RECONCILIATION_v4.0_LOCKED.txt,10_MIRRA_MODULE_RECONCILIATION_v4.0_LOCKED.txt,946,labour,warning_checks,snake_case,output_contract_field,output_contract,"reconciliation_checks, blocking_checks, warning_checks, normalised_reconciliation_inputs, labour_variance_amount,"
07_MIRRA_LABOUR_MODULE_v4.0_LOCKED.txt,07_MIRRA_LABOUR_MODULE_v4.0_LOCKED.txt,847,labour,weighted_all_productive_labour_rate,snake_case,output_contract_field,output_contract,"non_productive_staff_count, productive_labour_cost_rate, weighted_all_productive_labour_rate, productive_staff_type_rates, unassigned_productive_staff,"
07_MIRRA_LABOUR_MODULE_v4.0_LOCKED.txt,07_MIRRA_LABOUR_MODULE_v4.0_LOCKED.txt,924,labour,weighted_all_productive_labour_rate,snake_case,output_contract_field,output_contract,- total_productive_labour_cost - total_productive_labour_hours - weighted_all_productive_labour_rate - labour_model_trust_state
07_MIRRA_LABOUR_MODULE_v4.0_LOCKED.txt,07_MIRRA_LABOUR_MODULE_v4.0_LOCKED.txt,959,labour,weighted_all_productive_labour_rate,snake_case,output_contract_field,output_contract,- productive_staff_type_rates - weighted_all_productive_labour_rate - Cost Allocation group labour burden - Cost Allocation group productive hours
07_MIRRA_LABOUR_MODULE_v4.0_LOCKED.txt,07_MIRRA_LABOUR_MODULE_v4.0_LOCKED.txt,1675,labour,weighted_all_productive_productivity_percent,snake_case,output_contract_field,output_contract,- total_productive_paid_hours - total_staff_recovery_hours - weighted_all_productive_productivity_percent ## output_contract_reference_wrappers
17_MIRRA_COST_ALLOCATION_v4.0_LOCKED.txt,17_MIRRA_COST_ALLOCATION_v4.0_LOCKED.txt,1604,labour,working_groups,snake_case,output_contract_field,output_contract,"cost_allocation_model_trust_state, working_groups, productive_labour_pool,"
17_MIRRA_COST_ALLOCATION_v4.0_LOCKED.txt,17_MIRRA_COST_ALLOCATION_v4.0_LOCKED.txt,1655,labour,working_groups,snake_case,output_contract_field,output_contract,- cost_allocation_status - cost_allocation_model_trust_state - working_groups - group_cost_stacks - productive_labour_pool status
17_MIRRA_COST_ALLOCATION_v4.0_LOCKED.txt,17_MIRRA_COST_ALLOCATION_v4.0_LOCKED.txt,1675,labour,working_groups,snake_case,output_contract_field,output_contract,Rate Builder should receive: - working_groups - group_cost_stacks - labour_group_assignments by staff type
# QS Tools — Future Build Brief Micro Recovery Layer Rollout.txt,# QS Tools — Future Build Brief Micro Recovery Layer Rollout.txt,440,macro-micro,blocking_share_warning_count,snake_case,output_contract_field,output_contract,```txt share_warning_count blocking_share_warning_count review_share_warning_count share_warning_rows
# QS Tools — Future Build Brief Micro Recovery Layer Rollout.txt,# QS Tools — Future Build Brief Micro Recovery Layer Rollout.txt,445,macro-micro,over_allocated_share_percent,snake_case,output_contract_field,output_contract,recovery_share_total_percent unallocated_share_percent over_allocated_share_percent ```
# QS Tools — Future Build Brief Micro Recovery Layer Rollout.txt,# QS Tools — Future Build Brief Micro Recovery Layer Rollout.txt,443,macro-micro,recovery_share_total_percent,snake_case,output_contract_field,output_contract,review_share_warning_count share_warning_rows recovery_share_total_percent unallocated_share_percent over_allocated_share_percent
# QS Tools — Future Build Brief Micro Recovery Layer Rollout.txt,# QS Tools — Future Build Brief Micro Recovery Layer Rollout.txt,441,macro-micro,review_share_warning_count,snake_case,output_contract_field,output_contract,share_warning_count blocking_share_warning_count review_share_warning_count share_warning_rows recovery_share_total_percent
# QS Tools — Future Build Brief Micro Recovery Layer Rollout.txt,# QS Tools — Future Build Brief Micro Recovery Layer Rollout.txt,439,macro-micro,share_warning_count,snake_case,output_contract_field,output_contract,```txt share_warning_count blocking_share_warning_count review_share_warning_count
# QS Tools — Future Build Brief Micro Recovery Layer Rollout.txt,# QS Tools — Future Build Brief Micro Recovery Layer Rollout.txt,442,macro-micro,share_warning_rows,snake_case,output_contract_field,output_contract,blocking_share_warning_count review_share_warning_count share_warning_rows recovery_share_total_percent unallocated_share_percent
# QS Tools — Future Build Brief Micro Recovery Layer Rollout.txt,# QS Tools — Future Build Brief Micro Recovery Layer Rollout.txt,444,macro-micro,unallocated_share_percent,snake_case,output_contract_field,output_contract,share_warning_rows recovery_share_total_percent unallocated_share_percent over_allocated_share_percent ```
30_MIRRA_BUSINESS_MODELLING_v4.0_LOCKED.txt,30_MIRRA_BUSINESS_MODELLING_v4.0_LOCKED.txt,837,model-readiness,business_modelling_model_trust_state,snake_case,output_contract_field,output_contract,"business_modelling_warnings, business_modelling_warning_count, business_modelling_model_trust_state, business_modelling_scenario_rows,"
30_MIRRA_BUSINESS_MODELLING_v4.0_LOCKED.txt,30_MIRRA_BUSINESS_MODELLING_v4.0_LOCKED.txt,839,model-readiness,business_modelling_scenario_rows,snake_case,output_contract_field,output_contract,"business_modelling_model_trust_state, business_modelling_scenario_rows, target_model_rows, selected_target_model,"
30_MIRRA_BUSINESS_MODELLING_v4.0_LOCKED.txt,30_MIRRA_BUSINESS_MODELLING_v4.0_LOCKED.txt,836,model-readiness,business_modelling_warning_count,snake_case,output_contract_field,output_contract,"business_modelling_status, business_modelling_warnings, business_modelling_warning_count, business_modelling_model_trust_state,"
30_MIRRA_BUSINESS_MODELLING_v4.0_LOCKED.txt,30_MIRRA_BUSINESS_MODELLING_v4.0_LOCKED.txt,835,model-readiness,business_modelling_warnings,snake_case,output_contract_field,output_contract,"business_modelling_ready, business_modelling_status, business_modelling_warnings, business_modelling_warning_count, business_modelling_model_trust_state,"
20_MIRRA_BUSINESS_OUTCOME_v4.0_LOCKED.txt,20_MIRRA_BUSINESS_OUTCOME_v4.0_LOCKED.txt,797,model-readiness,business_outcome_model_trust_state,snake_case,output_contract_field,output_contract,"business_outcome_warnings, business_outcome_warning_count, business_outcome_model_trust_state, current_outcome_summary,"
20_MIRRA_BUSINESS_OUTCOME_v4.0_LOCKED.txt,20_MIRRA_BUSINESS_OUTCOME_v4.0_LOCKED.txt,796,model-readiness,business_outcome_warning_count,snake_case,output_contract_field,output_contract,"business_outcome_status, business_outcome_warnings, business_outcome_warning_count, business_outcome_model_trust_state,"
20_MIRRA_BUSINESS_OUTCOME_v4.0_LOCKED.txt,20_MIRRA_BUSINESS_OUTCOME_v4.0_LOCKED.txt,795,model-readiness,business_outcome_warnings,snake_case,output_contract_field,output_contract,"business_outcome_ready, business_outcome_status, business_outcome_warnings, business_outcome_warning_count, business_outcome_model_trust_state,"
14_MIRRA_BUSINESS_SUMMARY_v4.0_LOCKED.txt,14_MIRRA_BUSINESS_SUMMARY_v4.0_LOCKED.txt,1284,model-readiness,business_summary_warning_count,snake_case,output_contract_field,output_contract,"business_summary_status, business_summary_warnings, business_summary_warning_count, business_summary_model_trust_state,"
14_MIRRA_BUSINESS_SUMMARY_v4.0_LOCKED.txt,14_MIRRA_BUSINESS_SUMMARY_v4.0_LOCKED.txt,1283,model-readiness,business_summary_warnings,snake_case,output_contract_field,output_contract,"business_summary_ready, business_summary_status, business_summary_warnings, business_summary_warning_count, business_summary_model_trust_state,"
17_MIRRA_COST_ALLOCATION_v4.0_LOCKED.txt,17_MIRRA_COST_ALLOCATION_v4.0_LOCKED.txt,1602,model-readiness,cost_allocation_model_trust_state,snake_case,output_contract_field,output_contract,"cost_allocation_warnings, cost_allocation_warning_count, cost_allocation_model_trust_state, working_groups,"
17_MIRRA_COST_ALLOCATION_v4.0_LOCKED.txt,17_MIRRA_COST_ALLOCATION_v4.0_LOCKED.txt,1654,model-readiness,cost_allocation_model_trust_state,snake_case,output_contract_field,output_contract,- cost_allocation_status - cost_allocation_model_trust_state - working_groups - group_cost_stacks
17_MIRRA_COST_ALLOCATION_v4.0_LOCKED.txt,17_MIRRA_COST_ALLOCATION_v4.0_LOCKED.txt,1701,model-readiness,cost_allocation_model_trust_state,snake_case,output_contract_field,output_contract,- cost_allocation_status - cost_allocation_model_trust_state - allocation warnings - group_cost_stacks
17_MIRRA_COST_ALLOCATION_v4.0_LOCKED.txt,17_MIRRA_COST_ALLOCATION_v4.0_LOCKED.txt,1653,model-readiness,cost_allocation_status,snake_case,output_contract_field,output_contract,Recovery Summary should receive: - cost_allocation_status - cost_allocation_model_trust_state - working_groups
17_MIRRA_COST_ALLOCATION_v4.0_LOCKED.txt,17_MIRRA_COST_ALLOCATION_v4.0_LOCKED.txt,1700,model-readiness,cost_allocation_status,snake_case,output_contract_field,output_contract,Business Outcome should receive: - cost_allocation_status - cost_allocation_model_trust_state - allocation warnings
17_MIRRA_COST_ALLOCATION_v4.0_LOCKED.txt,17_MIRRA_COST_ALLOCATION_v4.0_LOCKED.txt,1601,model-readiness,cost_allocation_warning_count,snake_case,output_contract_field,output_contract,"cost_allocation_status, cost_allocation_warnings, cost_allocation_warning_count, cost_allocation_model_trust_state,"
17_MIRRA_COST_ALLOCATION_v4.0_LOCKED.txt,17_MIRRA_COST_ALLOCATION_v4.0_LOCKED.txt,1600,model-readiness,cost_allocation_warnings,snake_case,output_contract_field,output_contract,"cost_allocation_ready, cost_allocation_status, cost_allocation_warnings, cost_allocation_warning_count, cost_allocation_model_trust_state,"
20_MIRRA_BUSINESS_OUTCOME_v4.0_LOCKED.txt,20_MIRRA_BUSINESS_OUTCOME_v4.0_LOCKED.txt,799,model-readiness,current_outcome_summary,snake_case,output_contract_field,output_contract,"business_outcome_model_trust_state, current_outcome_summary, modelled_outcome_summary,"
17_MIRRA_COST_ALLOCATION_v4.0_LOCKED.txt,17_MIRRA_COST_ALLOCATION_v4.0_LOCKED.txt,1703,model-readiness,group_cost_stacks,snake_case,output_contract_field,output_contract,- cost_allocation_model_trust_state - allocation warnings - group_cost_stacks - unassigned pools - over-allocation warnings
18_MIRRA_RECOVERY_SUMMARY_v4.0_LOCKED.txt,18_MIRRA_RECOVERY_SUMMARY_v4.0_LOCKED.txt,1132,model-readiness,group_recovery_rows,snake_case,output_contract_field,output_contract,- recovery_summary_model_trust_state - recovery_model_type - group_recovery_rows - total_required_recovery_amount - total_unrecovered_cost
23_MIRRA_JOB_COSTING_PROFITABILITY_v4.0_LOCKED.txt,23_MIRRA_JOB_COSTING_PROFITABILITY_v4.0_LOCKED.txt,907,model-readiness,job_costing_model_trust_state,snake_case,output_contract_field,output_contract,"job_costing_warnings, job_costing_warning_count, job_costing_model_trust_state, job_profitability_rows,"
23_MIRRA_JOB_COSTING_PROFITABILITY_v4.0_LOCKED.txt,23_MIRRA_JOB_COSTING_PROFITABILITY_v4.0_LOCKED.txt,906,model-readiness,job_costing_warning_count,snake_case,output_contract_field,output_contract,"job_costing_status, job_costing_warnings, job_costing_warning_count, job_costing_model_trust_state,"
23_MIRRA_JOB_COSTING_PROFITABILITY_v4.0_LOCKED.txt,23_MIRRA_JOB_COSTING_PROFITABILITY_v4.0_LOCKED.txt,905,model-readiness,job_costing_warnings,snake_case,output_contract_field,output_contract,"job_costing_ready, job_costing_status, job_costing_warnings, job_costing_warning_count, job_costing_model_trust_state,"
23_MIRRA_JOB_COSTING_PROFITABILITY_v4.0_LOCKED.txt,23_MIRRA_JOB_COSTING_PROFITABILITY_v4.0_LOCKED.txt,909,model-readiness,job_profitability_rows,snake_case,output_contract_field,output_contract,"job_costing_model_trust_state, job_profitability_rows, quote_line_profitability_rows,"
22_MIRRA_SOQ_JOB_PO_LAYER_v4.0_LOCKED.txt,22_MIRRA_SOQ_JOB_PO_LAYER_v4.0_LOCKED.txt,755,model-readiness,job_rows,snake_case,output_contract_field,output_contract,"soq_job_po_model_trust_state, job_rows, schedule_of_quantities_rows, job_quote_line_rows,"
19_MIRRA_RATE_BUILDER_v4.0_LOCKED.txt,19_MIRRA_RATE_BUILDER_v4.0_LOCKED.txt,811,model-readiness,minimum_recoverable_rate,snake_case,output_contract_field,output_contract,- rate_builder_model_trust_state - rate_builder_rows - minimum_recoverable_rate by rate - fully_burdened_cost_rate by rate - suggested_sell_rate by rate
11_MIRRA_MODEL_READINESS_v4.0_LOCKED.txt,11_MIRRA_MODEL_READINESS_v4.0_LOCKED.txt,1312,model-readiness,model_readiness_status,snake_case,output_contract_field,output_contract,## output_contract - model_readiness_status - model_ready - model_trust_state
11_MIRRA_MODEL_READINESS_v4.0_LOCKED.txt,11_MIRRA_MODEL_READINESS_v4.0_LOCKED.txt,1313,model-readiness,model_ready,snake_case,output_contract_field,output_contract,- model_readiness_status - model_ready - model_trust_state - quote_model_trust_state
11_MIRRA_MODEL_READINESS_v4.0_LOCKED.txt,11_MIRRA_MODEL_READINESS_v4.0_LOCKED.txt,1314,model-readiness,model_trust_state,snake_case,output_contract_field,output_contract,- model_readiness_status - model_ready - model_trust_state - quote_model_trust_state
11_MIRRA_MODEL_READINESS_v4.0_LOCKED.txt,11_MIRRA_MODEL_READINESS_v4.0_LOCKED.txt,1307,model-readiness,output_contract,snake_case,output_contract_field,output_contract,MODULE_OWNER: model-readiness SECTION_TYPE: output_contract SOURCE: MIRRA_ACCEPTED_BRIEF_FIELDS_BY_MODULE_v5.0.csv
11_MIRRA_MODEL_READINESS_v4.0_LOCKED.txt,11_MIRRA_MODEL_READINESS_v4.0_LOCKED.txt,1310,model-readiness,output_contract,snake_case,output_contract_field,output_contract,SOURCE: MIRRA_ACCEPTED_BRIEF_FIELDS_BY_MODULE_v5.0.csv ## output_contract - model_readiness_status
21_MIRRA_QUOTE_CHECKER_v4.0_LOCKED.txt,21_MIRRA_QUOTE_CHECKER_v4.0_LOCKED.txt,717,model-readiness,quote_checker_model_trust_state,snake_case,output_contract_field,output_contract,"quote_checker_warnings, quote_checker_warning_count, quote_checker_model_trust_state, quote_header,"
21_MIRRA_QUOTE_CHECKER_v4.0_LOCKED.txt,21_MIRRA_QUOTE_CHECKER_v4.0_LOCKED.txt,716,model-readiness,quote_checker_warning_count,snake_case,output_contract_field,output_contract,"quote_checker_status, quote_checker_warnings, quote_checker_warning_count, quote_checker_model_trust_state,"
21_MIRRA_QUOTE_CHECKER_v4.0_LOCKED.txt,21_MIRRA_QUOTE_CHECKER_v4.0_LOCKED.txt,715,model-readiness,quote_checker_warnings,snake_case,output_contract_field,output_contract,"quote_checker_ready, quote_checker_status, quote_checker_warnings, quote_checker_warning_count, quote_checker_model_trust_state,"
21_MIRRA_QUOTE_CHECKER_v4.0_LOCKED.txt,21_MIRRA_QUOTE_CHECKER_v4.0_LOCKED.txt,719,model-readiness,quote_header,snake_case,output_contract_field,output_contract,"quote_checker_model_trust_state, quote_header, quote_lines, quote_line_results,"
11_MIRRA_MODEL_READINESS_v4.0_LOCKED.txt,11_MIRRA_MODEL_READINESS_v4.0_LOCKED.txt,1315,model-readiness,quote_model_trust_state,snake_case,output_contract_field,output_contract,- model_ready - model_trust_state - quote_model_trust_state # END v5.0 MACHINE-READABLE ACCEPTED OUTPUT CONTRACT - model-readiness
19_MIRRA_RATE_BUILDER_v4.0_LOCKED.txt,19_MIRRA_RATE_BUILDER_v4.0_LOCKED.txt,809,model-readiness,rate_builder_model_trust_state,snake_case,output_contract_field,output_contract,- rate_builder_status - rate_builder_warnings - rate_builder_model_trust_state - rate_builder_rows - minimum_recoverable_rate by rate
19_MIRRA_RATE_BUILDER_v4.0_LOCKED.txt,19_MIRRA_RATE_BUILDER_v4.0_LOCKED.txt,810,model-readiness,rate_builder_rows,snake_case,output_contract_field,output_contract,- rate_builder_warnings - rate_builder_model_trust_state - rate_builder_rows - minimum_recoverable_rate by rate - fully_burdened_cost_rate by rate
19_MIRRA_RATE_BUILDER_v4.0_LOCKED.txt,19_MIRRA_RATE_BUILDER_v4.0_LOCKED.txt,807,model-readiness,rate_builder_status,snake_case,output_contract_field,output_contract,- rate_builder_ready - rate_builder_status - rate_builder_warnings - rate_builder_model_trust_state
19_MIRRA_RATE_BUILDER_v4.0_LOCKED.txt,19_MIRRA_RATE_BUILDER_v4.0_LOCKED.txt,808,model-readiness,rate_builder_warnings,snake_case,output_contract_field,output_contract,- rate_builder_ready - rate_builder_status - rate_builder_warnings - rate_builder_model_trust_state - rate_builder_rows
18_MIRRA_RECOVERY_SUMMARY_v4.0_LOCKED.txt,18_MIRRA_RECOVERY_SUMMARY_v4.0_LOCKED.txt,1104,model-readiness,recovery_model_type,snake_case,output_contract_field,output_contract,"recovery_summary_model_trust_state, recovery_model_type, group_recovery_rows,"
18_MIRRA_RECOVERY_SUMMARY_v4.0_LOCKED.txt,18_MIRRA_RECOVERY_SUMMARY_v4.0_LOCKED.txt,1131,model-readiness,recovery_model_type,snake_case,output_contract_field,output_contract,- recovery_summary_status - recovery_summary_model_trust_state - recovery_model_type - group_recovery_rows - total_required_recovery_amount
18_MIRRA_RECOVERY_SUMMARY_v4.0_LOCKED.txt,18_MIRRA_RECOVERY_SUMMARY_v4.0_LOCKED.txt,1102,model-readiness,recovery_summary_model_trust_state,snake_case,output_contract_field,output_contract,"recovery_summary_warnings, recovery_summary_warning_count, recovery_summary_model_trust_state, recovery_model_type,"
18_MIRRA_RECOVERY_SUMMARY_v4.0_LOCKED.txt,18_MIRRA_RECOVERY_SUMMARY_v4.0_LOCKED.txt,1130,model-readiness,recovery_summary_model_trust_state,snake_case,output_contract_field,output_contract,- recovery_summary_status - recovery_summary_model_trust_state - recovery_model_type - group_recovery_rows
18_MIRRA_RECOVERY_SUMMARY_v4.0_LOCKED.txt,18_MIRRA_RECOVERY_SUMMARY_v4.0_LOCKED.txt,1129,model-readiness,recovery_summary_status,snake_case,output_contract_field,output_contract,Rate Builder should receive: - recovery_summary_status - recovery_summary_model_trust_state - recovery_model_type
18_MIRRA_RECOVERY_SUMMARY_v4.0_LOCKED.txt,18_MIRRA_RECOVERY_SUMMARY_v4.0_LOCKED.txt,1101,model-readiness,recovery_summary_warning_count,snake_case,output_contract_field,output_contract,"recovery_summary_status, recovery_summary_warnings, recovery_summary_warning_count, recovery_summary_model_trust_state,"
18_MIRRA_RECOVERY_SUMMARY_v4.0_LOCKED.txt,18_MIRRA_RECOVERY_SUMMARY_v4.0_LOCKED.txt,1100,model-readiness,recovery_summary_warnings,snake_case,output_contract_field,output_contract,"recovery_summary_ready, recovery_summary_status, recovery_summary_warnings, recovery_summary_warning_count, recovery_summary_model_trust_state,"
15_MIRRA_REVENUE_REALITY_v4.0_LOCKED.txt,15_MIRRA_REVENUE_REALITY_v4.0_LOCKED.txt,887,model-readiness,revenue_reality_model_trust_state,snake_case,output_contract_field,output_contract,"revenue_reality_warnings, revenue_reality_warning_count, revenue_reality_model_trust_state, total_revenue,"
15_MIRRA_REVENUE_REALITY_v4.0_LOCKED.txt,15_MIRRA_REVENUE_REALITY_v4.0_LOCKED.txt,963,model-readiness,revenue_reality_model_trust_state,snake_case,output_contract_field,output_contract,- activity_driver_type - activity_driver_value - revenue_reality_model_trust_state Cost Allocation uses this only as macro commercial context.
15_MIRRA_REVENUE_REALITY_v4.0_LOCKED.txt,15_MIRRA_REVENUE_REALITY_v4.0_LOCKED.txt,886,model-readiness,revenue_reality_warning_count,snake_case,output_contract_field,output_contract,"revenue_reality_status, revenue_reality_warnings, revenue_reality_warning_count, revenue_reality_model_trust_state,"
15_MIRRA_REVENUE_REALITY_v4.0_LOCKED.txt,15_MIRRA_REVENUE_REALITY_v4.0_LOCKED.txt,885,model-readiness,revenue_reality_warnings,snake_case,output_contract_field,output_contract,"revenue_reality_ready, revenue_reality_status, revenue_reality_warnings, revenue_reality_warning_count, revenue_reality_model_trust_state,"
22_MIRRA_SOQ_JOB_PO_LAYER_v4.0_LOCKED.txt,22_MIRRA_SOQ_JOB_PO_LAYER_v4.0_LOCKED.txt,753,model-readiness,soq_job_po_model_trust_state,snake_case,output_contract_field,output_contract,"soq_job_po_warnings, soq_job_po_warning_count, soq_job_po_model_trust_state, job_rows,"
22_MIRRA_SOQ_JOB_PO_LAYER_v4.0_LOCKED.txt,22_MIRRA_SOQ_JOB_PO_LAYER_v4.0_LOCKED.txt,752,model-readiness,soq_job_po_warning_count,snake_case,output_contract_field,output_contract,"soq_job_po_status, soq_job_po_warnings, soq_job_po_warning_count, soq_job_po_model_trust_state,"
22_MIRRA_SOQ_JOB_PO_LAYER_v4.0_LOCKED.txt,22_MIRRA_SOQ_JOB_PO_LAYER_v4.0_LOCKED.txt,751,model-readiness,soq_job_po_warnings,snake_case,output_contract_field,output_contract,"soq_job_po_ready, soq_job_po_status, soq_job_po_warnings, soq_job_po_warning_count, soq_job_po_model_trust_state,"
25_MIRRA_MODEL_REVIEW_APPROVAL_v4.0_LOCKED.txt,25_MIRRA_MODEL_REVIEW_APPROVAL_v4.0_LOCKED.txt,651,model-review,blocked_review_items,snake_case,output_contract_field,output_contract,"deferred_review_items, rejected_review_items, blocked_review_items, model_review_cards,"
25_MIRRA_MODEL_REVIEW_APPROVAL_v4.0_LOCKED.txt,25_MIRRA_MODEL_REVIEW_APPROVAL_v4.0_LOCKED.txt,649,model-review,deferred_review_items,snake_case,output_contract_field,output_contract,"approval_audit_trail_rows, deferred_review_items, rejected_review_items, blocked_review_items,"
25_MIRRA_MODEL_REVIEW_APPROVAL_v4.0_LOCKED.txt,25_MIRRA_MODEL_REVIEW_APPROVAL_v4.0_LOCKED.txt,653,model-review,model_review_cards,snake_case,output_contract_field,output_contract,"blocked_review_items, model_review_cards, model_review_source_trace }"
25_MIRRA_MODEL_REVIEW_APPROVAL_v4.0_LOCKED.txt,25_MIRRA_MODEL_REVIEW_APPROVAL_v4.0_LOCKED.txt,637,model-review,model_review_queue_rows,snake_case,output_contract_field,output_contract,"model_review_trust_state, model_review_queue_rows, approved_rate_set_rows,"
25_MIRRA_MODEL_REVIEW_APPROVAL_v4.0_LOCKED.txt,25_MIRRA_MODEL_REVIEW_APPROVAL_v4.0_LOCKED.txt,631,model-review,model_review_ready,snake_case,output_contract_field,output_contract,"{ model_review_ready, model_review_status, model_review_warnings,"
25_MIRRA_MODEL_REVIEW_APPROVAL_v4.0_LOCKED.txt,25_MIRRA_MODEL_REVIEW_APPROVAL_v4.0_LOCKED.txt,654,model-review,model_review_source_trace,snake_case,output_contract_field,output_contract,"model_review_cards, model_review_source_trace }"
25_MIRRA_MODEL_REVIEW_APPROVAL_v4.0_LOCKED.txt,25_MIRRA_MODEL_REVIEW_APPROVAL_v4.0_LOCKED.txt,632,model-review,model_review_status,snake_case,output_contract_field,output_contract,"{ model_review_ready, model_review_status, model_review_warnings, model_review_warning_count,"
25_MIRRA_MODEL_REVIEW_APPROVAL_v4.0_LOCKED.txt,25_MIRRA_MODEL_REVIEW_APPROVAL_v4.0_LOCKED.txt,635,model-review,model_review_trust_state,snake_case,output_contract_field,output_contract,"model_review_warnings, model_review_warning_count, model_review_trust_state, model_review_queue_rows,"
25_MIRRA_MODEL_REVIEW_APPROVAL_v4.0_LOCKED.txt,25_MIRRA_MODEL_REVIEW_APPROVAL_v4.0_LOCKED.txt,634,model-review,model_review_warning_count,snake_case,output_contract_field,output_contract,"model_review_status, model_review_warnings, model_review_warning_count, model_review_trust_state,"
25_MIRRA_MODEL_REVIEW_APPROVAL_v4.0_LOCKED.txt,25_MIRRA_MODEL_REVIEW_APPROVAL_v4.0_LOCKED.txt,633,model-review,model_review_warnings,snake_case,output_contract_field,output_contract,"model_review_ready, model_review_status, model_review_warnings, model_review_warning_count, model_review_trust_state,"
25_MIRRA_MODEL_REVIEW_APPROVAL_v4.0_LOCKED.txt,25_MIRRA_MODEL_REVIEW_APPROVAL_v4.0_LOCKED.txt,650,model-review,rejected_review_items,snake_case,output_contract_field,output_contract,"deferred_review_items, rejected_review_items, blocked_review_items,"
10_MIRRA_MODULE_RECONCILIATION_v4.0_LOCKED.txt,10_MIRRA_MODULE_RECONCILIATION_v4.0_LOCKED.txt,1356,module-reconciliation,acc_work_levy_annual,snake_case,output_contract_field,output_contract,## output_contract - acc_work_levy_annual - finance_cost_annual - is_ready
17_MIRRA_COST_ALLOCATION_v4.0_LOCKED.txt,17_MIRRA_COST_ALLOCATION_v4.0_LOCKED.txt,1640,module-reconciliation,allocation_reconciliation_checks,snake_case,output_contract_field,output_contract,"total_group_assigned_cost, total_assigned_source_cost, allocation_reconciliation_checks, revenue_reality_context,"
10_MIRRA_MODULE_RECONCILIATION_v4.0_LOCKED.txt,10_MIRRA_MODULE_RECONCILIATION_v4.0_LOCKED.txt,945,module-reconciliation,blocking_checks,snake_case,output_contract_field,output_contract,"reconciliation_status, reconciliation_checks, blocking_checks, warning_checks, normalised_reconciliation_inputs,"
26_MIRRA_DATA_QUALITY_DASHBOARD_v4.0_LOCKED.txt,26_MIRRA_DATA_QUALITY_DASHBOARD_v4.0_LOCKED.txt,553,module-reconciliation,commercial_warnings,snake_case,output_contract_field,output_contract,"blocking_issues, review_required_issues, commercial_warnings, data_mapping_issues, reconciliation_issues,"
26_MIRRA_DATA_QUALITY_DASHBOARD_v4.0_LOCKED.txt,26_MIRRA_DATA_QUALITY_DASHBOARD_v4.0_LOCKED.txt,554,module-reconciliation,data_mapping_issues,snake_case,output_contract_field,output_contract,"review_required_issues, commercial_warnings, data_mapping_issues, reconciliation_issues, source_trace_issues,"
10_MIRRA_MODULE_RECONCILIATION_v4.0_LOCKED.txt,10_MIRRA_MODULE_RECONCILIATION_v4.0_LOCKED.txt,1357,module-reconciliation,finance_cost_annual,snake_case,output_contract_field,output_contract,- acc_work_levy_annual - finance_cost_annual - is_ready - running_cost_annual
10_MIRRA_MODULE_RECONCILIATION_v4.0_LOCKED.txt,10_MIRRA_MODULE_RECONCILIATION_v4.0_LOCKED.txt,1378,module-reconciliation,has_legacy_running_cost,snake_case,output_contract_field,output_contract,## output_contract - has_legacy_running_cost - legacy_running_cost_check
04_MIRRA_P_AND_L_PAGE_v4.0_LOCKED.txt,04_MIRRA_P_AND_L_PAGE_v4.0_LOCKED.txt,1249,module-reconciliation,implemented_contract_not_documented_in_brief,snake_case,output_contract_field,output_contract,- Reason: Field is a named business/status/readiness/financial/hour/recovery output used by code. - Source code file(s): lib\reconciliation\reconciliationRules.js | lib\selectors\profitAndLossSelectors.js - Audit notes: implemented_contract_not_documented_in_brief Brief insertion instruction:
10_MIRRA_MODULE_RECONCILIATION_v4.0_LOCKED.txt,10_MIRRA_MODULE_RECONCILIATION_v4.0_LOCKED.txt,1358,module-reconciliation,is_ready,snake_case,output_contract_field,output_contract,- acc_work_levy_annual - finance_cost_annual - is_ready - running_cost_annual - total_acc_levy_annual
10_MIRRA_MODULE_RECONCILIATION_v4.0_LOCKED.txt,10_MIRRA_MODULE_RECONCILIATION_v4.0_LOCKED.txt,1379,module-reconciliation,legacy_running_cost_check,snake_case,output_contract_field,output_contract,- has_legacy_running_cost - legacy_running_cost_check # END v5.0 PASS 4 MANUAL ACCEPTED OUTPUT CONTRACT - module-reconciliation
10_MIRRA_MODULE_RECONCILIATION_v4.0_LOCKED.txt,10_MIRRA_MODULE_RECONCILIATION_v4.0_LOCKED.txt,965,module-reconciliation,module_reconciliation_model_trust_state,snake_case,output_contract_field,output_contract,"module_reconciliation_warnings, module_reconciliation_warning_count, module_reconciliation_model_trust_state }"
10_MIRRA_MODULE_RECONCILIATION_v4.0_LOCKED.txt,10_MIRRA_MODULE_RECONCILIATION_v4.0_LOCKED.txt,964,module-reconciliation,module_reconciliation_warning_count,snake_case,output_contract_field,output_contract,"module_reconciliation_status, module_reconciliation_warnings, module_reconciliation_warning_count, module_reconciliation_model_trust_state }"
10_MIRRA_MODULE_RECONCILIATION_v4.0_LOCKED.txt,10_MIRRA_MODULE_RECONCILIATION_v4.0_LOCKED.txt,963,module-reconciliation,module_reconciliation_warnings,snake_case,output_contract_field,output_contract,"module_reconciliation_ready, module_reconciliation_status, module_reconciliation_warnings, module_reconciliation_warning_count, module_reconciliation_model_trust_state"
10_MIRRA_MODULE_RECONCILIATION_v4.0_LOCKED.txt,10_MIRRA_MODULE_RECONCILIATION_v4.0_LOCKED.txt,1351,module-reconciliation,output_contract,snake_case,output_contract_field,output_contract,MODULE_OWNER: module-reconciliation SECTION_TYPE: output_contract SOURCE: MIRRA_ACCEPTED_BRIEF_FIELDS_BY_MODULE_v5.0.csv
10_MIRRA_MODULE_RECONCILIATION_v4.0_LOCKED.txt,10_MIRRA_MODULE_RECONCILIATION_v4.0_LOCKED.txt,1354,module-reconciliation,output_contract,snake_case,output_contract_field,output_contract,SOURCE: MIRRA_ACCEPTED_BRIEF_FIELDS_BY_MODULE_v5.0.csv ## output_contract - acc_work_levy_annual
10_MIRRA_MODULE_RECONCILIATION_v4.0_LOCKED.txt,10_MIRRA_MODULE_RECONCILIATION_v4.0_LOCKED.txt,1373,module-reconciliation,output_contract,snake_case,output_contract_field,output_contract,MODULE_OWNER: module-reconciliation SECTION_TYPE: output_contract SOURCE: MIRRA_PASS_4_ACCEPTED_CONTRACT_FIELDS_SMALL_MODULES_v5.0.csv
10_MIRRA_MODULE_RECONCILIATION_v4.0_LOCKED.txt,10_MIRRA_MODULE_RECONCILIATION_v4.0_LOCKED.txt,1376,module-reconciliation,output_contract,snake_case,output_contract_field,output_contract,SOURCE: MIRRA_PASS_4_ACCEPTED_CONTRACT_FIELDS_SMALL_MODULES_v5.0.csv ## output_contract - has_legacy_running_cost
23_MIRRA_JOB_COSTING_PROFITABILITY_v4.0_LOCKED.txt,23_MIRRA_JOB_COSTING_PROFITABILITY_v4.0_LOCKED.txt,910,module-reconciliation,quote_line_profitability_rows,snake_case,output_contract_field,output_contract,"job_profitability_rows, quote_line_profitability_rows, material_variance_rows,"
10_MIRRA_MODULE_RECONCILIATION_v4.0_LOCKED.txt,10_MIRRA_MODULE_RECONCILIATION_v4.0_LOCKED.txt,944,module-reconciliation,reconciliation_checks,snake_case,output_contract_field,output_contract,"reconciliation_ready, reconciliation_status, reconciliation_checks, blocking_checks, warning_checks,"
26_MIRRA_DATA_QUALITY_DASHBOARD_v4.0_LOCKED.txt,26_MIRRA_DATA_QUALITY_DASHBOARD_v4.0_LOCKED.txt,555,module-reconciliation,reconciliation_issues,snake_case,output_contract_field,output_contract,"commercial_warnings, data_mapping_issues, reconciliation_issues, source_trace_issues,"
10_MIRRA_MODULE_RECONCILIATION_v4.0_LOCKED.txt,10_MIRRA_MODULE_RECONCILIATION_v4.0_LOCKED.txt,942,module-reconciliation,reconciliation_ready,snake_case,output_contract_field,output_contract,"{ reconciliation_ready, reconciliation_status, reconciliation_checks,"
10_MIRRA_MODULE_RECONCILIATION_v4.0_LOCKED.txt,10_MIRRA_MODULE_RECONCILIATION_v4.0_LOCKED.txt,943,module-reconciliation,reconciliation_status,snake_case,output_contract_field,output_contract,"{ reconciliation_ready, reconciliation_status, reconciliation_checks, blocking_checks,"
10_MIRRA_MODULE_RECONCILIATION_v4.0_LOCKED.txt,10_MIRRA_MODULE_RECONCILIATION_v4.0_LOCKED.txt,1359,module-reconciliation,running_cost_annual,snake_case,output_contract_field,output_contract,- finance_cost_annual - is_ready - running_cost_annual - total_acc_levy_annual - total_business_costs
26_MIRRA_DATA_QUALITY_DASHBOARD_v4.0_LOCKED.txt,26_MIRRA_DATA_QUALITY_DASHBOARD_v4.0_LOCKED.txt,556,module-reconciliation,source_trace_issues,snake_case,output_contract_field,output_contract,"data_mapping_issues, reconciliation_issues, source_trace_issues, fix_queue_rows,"
23_MIRRA_JOB_COSTING_PROFITABILITY_v4.0_LOCKED.txt,23_MIRRA_JOB_COSTING_PROFITABILITY_v4.0_LOCKED.txt,918,module-reconciliation,supplier_job_performance_rows,snake_case,output_contract_field,output_contract,"overhead_recovery_variance_rows, supplier_job_performance_rows, task_profitability_rows,"
10_MIRRA_MODULE_RECONCILIATION_v4.0_LOCKED.txt,10_MIRRA_MODULE_RECONCILIATION_v4.0_LOCKED.txt,1360,module-reconciliation,total_acc_levy_annual,snake_case,output_contract_field,output_contract,- is_ready - running_cost_annual - total_acc_levy_annual - total_business_costs - total_other_income
17_MIRRA_COST_ALLOCATION_v4.0_LOCKED.txt,17_MIRRA_COST_ALLOCATION_v4.0_LOCKED.txt,1639,module-reconciliation,total_assigned_source_cost,snake_case,output_contract_field,output_contract,"total_group_assigned_cost, total_assigned_source_cost, allocation_reconciliation_checks,"
10_MIRRA_MODULE_RECONCILIATION_v4.0_LOCKED.txt,10_MIRRA_MODULE_RECONCILIATION_v4.0_LOCKED.txt,1361,module-reconciliation,total_business_costs,snake_case,output_contract_field,output_contract,- running_cost_annual - total_acc_levy_annual - total_business_costs - total_other_income - unassigned_balance
17_MIRRA_COST_ALLOCATION_v4.0_LOCKED.txt,17_MIRRA_COST_ALLOCATION_v4.0_LOCKED.txt,1638,module-reconciliation,total_group_assigned_cost,snake_case,output_contract_field,output_contract,"total_remaining_overhead_amount, total_group_assigned_cost, total_assigned_source_cost, allocation_reconciliation_checks,"
10_MIRRA_MODULE_RECONCILIATION_v4.0_LOCKED.txt,10_MIRRA_MODULE_RECONCILIATION_v4.0_LOCKED.txt,1362,module-reconciliation,total_other_income,snake_case,output_contract_field,output_contract,- total_acc_levy_annual - total_business_costs - total_other_income - unassigned_balance
10_MIRRA_MODULE_RECONCILIATION_v4.0_LOCKED.txt,10_MIRRA_MODULE_RECONCILIATION_v4.0_LOCKED.txt,1363,module-reconciliation,unassigned_balance,snake_case,output_contract_field,output_contract,- total_business_costs - total_other_income - unassigned_balance # END v5.0 MACHINE-READABLE ACCEPTED OUTPUT CONTRACT - module-reconciliation
31_MIRRA_OPENING_HOURS_SUPPORTING_MODULE_v5.0.txt,31_MIRRA_OPENING_HOURS_SUPPORTING_MODULE_v5.0.txt,21,opening-hours,macro_required_operating_hour_rate,snake_case,output_contract_field,output_contract,The opening-hours module exposes the following implemented output contract fields: - `macro_required_operating_hour_rate` - `net_annual_business_open_hours` - `opening_hours_module`
31_MIRRA_OPENING_HOURS_SUPPORTING_MODULE_v5.0.txt,31_MIRRA_OPENING_HOURS_SUPPORTING_MODULE_v5.0.txt,27,opening-hours,macro_required_operating_hour_rate,snake_case,output_contract_field,output_contract,## Field Notes ### `macro_required_operating_hour_rate` Meaning:
31_MIRRA_OPENING_HOURS_SUPPORTING_MODULE_v5.0.txt,31_MIRRA_OPENING_HOURS_SUPPORTING_MODULE_v5.0.txt,22,opening-hours,net_annual_business_open_hours,snake_case,output_contract_field,output_contract,- `macro_required_operating_hour_rate` - `net_annual_business_open_hours` - `opening_hours_module`
31_MIRRA_OPENING_HOURS_SUPPORTING_MODULE_v5.0.txt,31_MIRRA_OPENING_HOURS_SUPPORTING_MODULE_v5.0.txt,23,opening-hours,opening_hours_module,snake_case,output_contract_field,output_contract,- `macro_required_operating_hour_rate` - `net_annual_business_open_hours` - `opening_hours_module` ## Field Notes
04_MIRRA_P_AND_L_PAGE_v4.0_LOCKED.txt,04_MIRRA_P_AND_L_PAGE_v4.0_LOCKED.txt,1244,p-and-l,accept_contract_field,snake_case,output_contract_field,output_contract,### `pnl_interest_marked_asset_finance_total` - Classification: `accept_contract_field` - Recommended action: `add_to_v5_module_brief_output_contract` - Confidence: `high`
04_MIRRA_P_AND_L_PAGE_v4.0_LOCKED.txt,04_MIRRA_P_AND_L_PAGE_v4.0_LOCKED.txt,1258,p-and-l,accept_contract_field,snake_case,output_contract_field,output_contract,### `pnl_interest_total` - Classification: `accept_contract_field` - Recommended action: `add_to_v5_module_brief_output_contract` - Confidence: `high`
04_MIRRA_P_AND_L_PAGE_v4.0_LOCKED.txt,04_MIRRA_P_AND_L_PAGE_v4.0_LOCKED.txt,1272,p-and-l,accept_contract_field,snake_case,output_contract_field,status_readiness_trust,### `profit_and_loss_ready` - Classification: `accept_contract_field` - Recommended action: `add_to_v5_module_brief_output_contract` - Confidence: `medium`
04_MIRRA_P_AND_L_PAGE_v4.0_LOCKED.txt,04_MIRRA_P_AND_L_PAGE_v4.0_LOCKED.txt,1398,p-and-l,accept_contract_field,snake_case,output_contract_field,status_readiness_trust,### `total_pnl_costs` - Classification: `accept_contract_field` - Recommended action: `add_to_v5_module_brief_output_contract` - Confidence: `high`
04_MIRRA_P_AND_L_PAGE_v4.0_LOCKED.txt,04_MIRRA_P_AND_L_PAGE_v4.0_LOCKED.txt,1527,p-and-l,accept_reference_wrapper,snake_case,output_contract_field,output_contract,### `pnl_output_contract` - Classification: `accept_reference_wrapper` - Recommended action: `document_as_reference_wrapper_not_business_metric` - Confidence: `medium`
04_MIRRA_P_AND_L_PAGE_v4.0_LOCKED.txt,04_MIRRA_P_AND_L_PAGE_v4.0_LOCKED.txt,707,p-and-l,asset_finance_benchmark_total,snake_case,output_contract_field,output_contract,"pnl_net_profit, labour_benchmark_total, asset_finance_benchmark_total, general_overheads_benchmark_total, operating_expense_benchmark_total,"
14_MIRRA_BUSINESS_SUMMARY_v4.0_LOCKED.txt,14_MIRRA_BUSINESS_SUMMARY_v4.0_LOCKED.txt,1319,p-and-l,asset_finance_bridge_variance,snake_case,output_contract_field,output_contract,"traditional_pnl_net_profit, labour_bridge_variance, asset_finance_bridge_variance, general_overheads_bridge_variance, other_income_excluded,"
04_MIRRA_P_AND_L_PAGE_v4.0_LOCKED.txt,04_MIRRA_P_AND_L_PAGE_v4.0_LOCKED.txt,1113,p-and-l,assets_benchmark_total,snake_case,output_contract_field,output_contract,"Brief insertion instruction: - Add `assets_benchmark_total` to the `p-and-l` output contract. - Define owner, meaning, source, downstream consumers where known, current/live status, and review notes."
09_MIRRA_ASSETS_MODULE_v4.0_LOCKED.txt,09_MIRRA_ASSETS_MODULE_v4.0_LOCKED.txt,1284,p-and-l,assets_warnings,snake_case,output_contract_field,output_contract,- assets_status - assets_model_trust_state - assets_warnings Module Reconciliation compares Assets output to relevant P&L benchmark values.
04_MIRRA_P_AND_L_PAGE_v4.0_LOCKED.txt,04_MIRRA_P_AND_L_PAGE_v4.0_LOCKED.txt,726,p-and-l,cost_of_sales,snake_case,output_contract_field,output_contract,- pnl revenue lines - pnl cost_of_sales lines - pnl_total_revenue - pnl_total_cogs
04_MIRRA_P_AND_L_PAGE_v4.0_LOCKED.txt,04_MIRRA_P_AND_L_PAGE_v4.0_LOCKED.txt,710,p-and-l,cost_of_sales_benchmark_total,snake_case,output_contract_field,output_contract,"general_overheads_benchmark_total, operating_expense_benchmark_total, cost_of_sales_benchmark_total, pnl_ready, pnl_status,"
04_MIRRA_P_AND_L_PAGE_v4.0_LOCKED.txt,04_MIRRA_P_AND_L_PAGE_v4.0_LOCKED.txt,764,p-and-l,cost_of_sales_benchmark_total,snake_case,output_contract_field,output_contract,- general_overheads_benchmark_total - operating_expense_benchmark_total - cost_of_sales_benchmark_total - pnl_total_revenue - pnl_total_cogs
04_MIRRA_P_AND_L_PAGE_v4.0_LOCKED.txt,04_MIRRA_P_AND_L_PAGE_v4.0_LOCKED.txt,1127,p-and-l,direct_cost_category_totals,snake_case,output_contract_field,output_contract,"Brief insertion instruction: - Add `direct_cost_category_totals` to the `p-and-l` output contract. - Define owner, meaning, source, downstream consumers where known, current/live status, and review notes."
29_MIRRA_INTEGRATIONS_API_LAYER_v4.0_LOCKED.txt,29_MIRRA_INTEGRATIONS_API_LAYER_v4.0_LOCKED.txt,897,p-and-l,duplicate_import_rows,snake_case,output_contract_field,output_contract,"supplier_normalisation_rows, account_normalisation_rows, duplicate_import_rows, pnl_import_handoff,"
04_MIRRA_P_AND_L_PAGE_v4.0_LOCKED.txt,04_MIRRA_P_AND_L_PAGE_v4.0_LOCKED.txt,1141,p-and-l,employee_overheads_benchmark_total,snake_case,output_contract_field,output_contract,"Brief insertion instruction: - Add `employee_overheads_benchmark_total` to the `p-and-l` output contract. - Define owner, meaning, source, downstream consumers where known, current/live status, and review notes."
04_MIRRA_P_AND_L_PAGE_v4.0_LOCKED.txt,04_MIRRA_P_AND_L_PAGE_v4.0_LOCKED.txt,1155,p-and-l,excluded_asset_finance_interest_total,snake_case,output_contract_field,output_contract,"Brief insertion instruction: - Add `excluded_asset_finance_interest_total` to the `p-and-l` output contract. - Define owner, meaning, source, downstream consumers where known, current/live status, and review notes."
04_MIRRA_P_AND_L_PAGE_v4.0_LOCKED.txt,04_MIRRA_P_AND_L_PAGE_v4.0_LOCKED.txt,1169,p-and-l,general_overheads_benchmark_total,snake_case,output_contract_field,output_contract,"Brief insertion instruction: - Add `general_overheads_benchmark_total` to the `p-and-l` output contract. - Define owner, meaning, source, downstream consumers where known, current/live status, and review notes."
29_MIRRA_INTEGRATIONS_API_LAYER_v4.0_LOCKED.txt,29_MIRRA_INTEGRATIONS_API_LAYER_v4.0_LOCKED.txt,901,p-and-l,general_overheads_import_handoff,snake_case,output_contract_field,output_contract,"pnl_import_handoff, revenue_cogs_import_handoff, general_overheads_import_handoff, asset_import_handoff, labour_import_handoff,"
04_MIRRA_P_AND_L_PAGE_v4.0_LOCKED.txt,04_MIRRA_P_AND_L_PAGE_v4.0_LOCKED.txt,1183,p-and-l,gross_profit,snake_case,output_contract_field,output_contract,"Brief insertion instruction: - Add `gross_profit` to the `p-and-l` output contract. - Define owner, meaning, source, downstream consumers where known, current/live status, and review notes."
04_MIRRA_P_AND_L_PAGE_v4.0_LOCKED.txt,04_MIRRA_P_AND_L_PAGE_v4.0_LOCKED.txt,1197,p-and-l,hired_equipment_cost,snake_case,output_contract_field,output_contract,"Brief insertion instruction: - Add `hired_equipment_cost` to the `p-and-l` output contract. - Define owner, meaning, source, downstream consumers where known, current/live status, and review notes."
04_MIRRA_P_AND_L_PAGE_v4.0_LOCKED.txt,04_MIRRA_P_AND_L_PAGE_v4.0_LOCKED.txt,706,p-and-l,labour_benchmark_total,snake_case,output_contract_field,output_contract,"pnl_total_other_expenses, pnl_net_profit, labour_benchmark_total, asset_finance_benchmark_total, general_overheads_benchmark_total,"
14_MIRRA_BUSINESS_SUMMARY_v4.0_LOCKED.txt,14_MIRRA_BUSINESS_SUMMARY_v4.0_LOCKED.txt,1318,p-and-l,labour_bridge_variance,snake_case,output_contract_field,output_contract,"pnl_to_operational_bridge, traditional_pnl_net_profit, labour_bridge_variance, asset_finance_bridge_variance, general_overheads_bridge_variance,"
07_MIRRA_LABOUR_MODULE_v4.0_LOCKED.txt,07_MIRRA_LABOUR_MODULE_v4.0_LOCKED.txt,869,p-and-l,labour_warnings,snake_case,output_contract_field,output_contract,- labour_status - labour_model_trust_state - labour_warnings Module Reconciliation compares Labour output to P&L labour benchmark.
04_MIRRA_P_AND_L_PAGE_v4.0_LOCKED.txt,04_MIRRA_P_AND_L_PAGE_v4.0_LOCKED.txt,1211,p-and-l,materials_cost,snake_case,output_contract_field,output_contract,"Brief insertion instruction: - Add `materials_cost` to the `p-and-l` output contract. - Define owner, meaning, source, downstream consumers where known, current/live status, and review notes."
14_MIRRA_BUSINESS_SUMMARY_v4.0_LOCKED.txt,14_MIRRA_BUSINESS_SUMMARY_v4.0_LOCKED.txt,1488,p-and-l,mirra_operating_position,snake_case,output_contract_field,output_contract,- residual_margin_after_labour - pnl_to_operational_bridge - mirra_operating_position - revenue_reality_context - asset_reality_context
04_MIRRA_P_AND_L_PAGE_v4.0_LOCKED.txt,04_MIRRA_P_AND_L_PAGE_v4.0_LOCKED.txt,1225,p-and-l,model_total_costs,snake_case,output_contract_field,output_contract,"Brief insertion instruction: - Add `model_total_costs` to the `p-and-l` output contract. - Define owner, meaning, source, downstream consumers where known, current/live status, and review notes."
04_MIRRA_P_AND_L_PAGE_v4.0_LOCKED.txt,04_MIRRA_P_AND_L_PAGE_v4.0_LOCKED.txt,1562,p-and-l,model_total_costs,snake_case,output_contract_field,output_contract,- hired_equipment_cost - materials_cost - model_total_costs - net_profit - pnl_interest_marked_asset_finance_total
10_MIRRA_MODULE_RECONCILIATION_v4.0_LOCKED.txt,10_MIRRA_MODULE_RECONCILIATION_v4.0_LOCKED.txt,958,p-and-l,module_total_business_costs,snake_case,output_contract_field,output_contract,"pnl_business_cost_variance, pnl_business_cost_variance_percent, module_total_business_costs, total_other_income, asset_running_cost_transfer_context,"
04_MIRRA_P_AND_L_PAGE_v4.0_LOCKED.txt,04_MIRRA_P_AND_L_PAGE_v4.0_LOCKED.txt,1239,p-and-l,net_profit,snake_case,output_contract_field,output_contract,"Brief insertion instruction: - Add `net_profit` to the `p-and-l` output contract. - Define owner, meaning, source, downstream consumers where known, current/live status, and review notes."
04_MIRRA_P_AND_L_PAGE_v4.0_LOCKED.txt,04_MIRRA_P_AND_L_PAGE_v4.0_LOCKED.txt,1563,p-and-l,net_profit,snake_case,output_contract_field,output_contract,- materials_cost - model_total_costs - net_profit - pnl_interest_marked_asset_finance_total - pnl_interest_total
04_MIRRA_P_AND_L_PAGE_v4.0_LOCKED.txt,04_MIRRA_P_AND_L_PAGE_v4.0_LOCKED.txt,709,p-and-l,operating_expense_benchmark_total,snake_case,output_contract_field,output_contract,"asset_finance_benchmark_total, general_overheads_benchmark_total, operating_expense_benchmark_total, cost_of_sales_benchmark_total, pnl_ready,"
04_MIRRA_P_AND_L_PAGE_v4.0_LOCKED.txt,04_MIRRA_P_AND_L_PAGE_v4.0_LOCKED.txt,763,p-and-l,operating_expense_benchmark_total,snake_case,output_contract_field,output_contract,- asset_finance_benchmark_total - general_overheads_benchmark_total - operating_expense_benchmark_total - cost_of_sales_benchmark_total - pnl_total_revenue
04_MIRRA_P_AND_L_PAGE_v4.0_LOCKED.txt,04_MIRRA_P_AND_L_PAGE_v4.0_LOCKED.txt,1549,p-and-l,output_contract,snake_case,output_contract_field,output_contract,MODULE_OWNER: p-and-l SECTION_TYPE: output_contract SOURCE: MIRRA_ACCEPTED_BRIEF_FIELDS_BY_MODULE_v5.0.csv
04_MIRRA_P_AND_L_PAGE_v4.0_LOCKED.txt,04_MIRRA_P_AND_L_PAGE_v4.0_LOCKED.txt,1600,p-and-l,output_contract,snake_case,output_contract_field,output_contract,MODULE_OWNER: p-and-l SECTION_TYPE: output_contract SOURCE: MIRRA_PASS_4_ACCEPTED_CONTRACT_FIELDS_PLA_v5.0.csv
04_MIRRA_P_AND_L_PAGE_v4.0_LOCKED.txt,04_MIRRA_P_AND_L_PAGE_v4.0_LOCKED.txt,1584,p-and-l,output_contract_reference_wrappers,snake_case,output_contract_field,output_contract,- warnings ## output_contract_reference_wrappers - pnl_output
10_MIRRA_MODULE_RECONCILIATION_v4.0_LOCKED.txt,10_MIRRA_MODULE_RECONCILIATION_v4.0_LOCKED.txt,956,p-and-l,pnl_business_cost_variance,snake_case,output_contract_field,output_contract,"total_business_cost_variance_amount, total_business_cost_variance_percent, pnl_business_cost_variance, pnl_business_cost_variance_percent, module_total_business_costs,"
10_MIRRA_MODULE_RECONCILIATION_v4.0_LOCKED.txt,10_MIRRA_MODULE_RECONCILIATION_v4.0_LOCKED.txt,957,p-and-l,pnl_business_cost_variance_percent,snake_case,output_contract_field,output_contract,"total_business_cost_variance_percent, pnl_business_cost_variance, pnl_business_cost_variance_percent, module_total_business_costs, total_other_income,"
04_MIRRA_P_AND_L_PAGE_v4.0_LOCKED.txt,04_MIRRA_P_AND_L_PAGE_v4.0_LOCKED.txt,694,p-and-l,pnl_classifications,snake_case,output_contract_field,output_contract,"pnl_period_label, pnl_lines, pnl_classifications, saved_account_mappings, unclassified_lines,"
04_MIRRA_P_AND_L_PAGE_v4.0_LOCKED.txt,04_MIRRA_P_AND_L_PAGE_v4.0_LOCKED.txt,701,p-and-l,pnl_gross_margin_percent,snake_case,output_contract_field,output_contract,"pnl_total_cogs, pnl_gross_profit, pnl_gross_margin_percent, pnl_total_operating_expenses, pnl_total_other_income,"
04_MIRRA_P_AND_L_PAGE_v4.0_LOCKED.txt,04_MIRRA_P_AND_L_PAGE_v4.0_LOCKED.txt,730,p-and-l,pnl_gross_margin_percent,snake_case,output_contract_field,output_contract,- pnl_total_cogs - pnl_gross_profit - pnl_gross_margin_percent - source period identity
04_MIRRA_P_AND_L_PAGE_v4.0_LOCKED.txt,04_MIRRA_P_AND_L_PAGE_v4.0_LOCKED.txt,700,p-and-l,pnl_gross_profit,snake_case,output_contract_field,output_contract,"pnl_total_revenue, pnl_total_cogs, pnl_gross_profit, pnl_gross_margin_percent, pnl_total_operating_expenses,"
04_MIRRA_P_AND_L_PAGE_v4.0_LOCKED.txt,04_MIRRA_P_AND_L_PAGE_v4.0_LOCKED.txt,729,p-and-l,pnl_gross_profit,snake_case,output_contract_field,output_contract,- pnl_total_revenue - pnl_total_cogs - pnl_gross_profit - pnl_gross_margin_percent - source period identity
29_MIRRA_INTEGRATIONS_API_LAYER_v4.0_LOCKED.txt,29_MIRRA_INTEGRATIONS_API_LAYER_v4.0_LOCKED.txt,543,p-and-l,pnl_import_handoff,snake_case,output_contract_field,output_contract,The integration layer should hand P&L source rows to P&L module. pnl_import_handoff[] {
29_MIRRA_INTEGRATIONS_API_LAYER_v4.0_LOCKED.txt,29_MIRRA_INTEGRATIONS_API_LAYER_v4.0_LOCKED.txt,899,p-and-l,pnl_import_handoff,snake_case,output_contract_field,output_contract,"duplicate_import_rows, pnl_import_handoff, revenue_cogs_import_handoff, general_overheads_import_handoff,"
04_MIRRA_P_AND_L_PAGE_v4.0_LOCKED.txt,04_MIRRA_P_AND_L_PAGE_v4.0_LOCKED.txt,689,p-and-l,pnl_imported_at,snake_case,output_contract_field,output_contract,"pnl_source_report_name, pnl_source_report_type, pnl_imported_at, pnl_period_start, pnl_period_end,"
04_MIRRA_P_AND_L_PAGE_v4.0_LOCKED.txt,04_MIRRA_P_AND_L_PAGE_v4.0_LOCKED.txt,1242,p-and-l,pnl_interest_marked_asset_finance_total,snake_case,output_contract_field,output_contract,"- Define owner, meaning, source, downstream consumers where known, current/live status, and review notes. ### `pnl_interest_marked_asset_finance_total` - Classification: `accept_contract_field`"
04_MIRRA_P_AND_L_PAGE_v4.0_LOCKED.txt,04_MIRRA_P_AND_L_PAGE_v4.0_LOCKED.txt,1253,p-and-l,pnl_interest_marked_asset_finance_total,snake_case,output_contract_field,output_contract,"Brief insertion instruction: - Add `pnl_interest_marked_asset_finance_total` to the `p-and-l` output contract. - Define owner, meaning, source, downstream consumers where known, current/live status, and review notes."
04_MIRRA_P_AND_L_PAGE_v4.0_LOCKED.txt,04_MIRRA_P_AND_L_PAGE_v4.0_LOCKED.txt,1564,p-and-l,pnl_interest_marked_asset_finance_total,snake_case,output_contract_field,output_contract,- model_total_costs - net_profit - pnl_interest_marked_asset_finance_total - pnl_interest_total - profit_and_loss_ready
04_MIRRA_P_AND_L_PAGE_v4.0_LOCKED.txt,04_MIRRA_P_AND_L_PAGE_v4.0_LOCKED.txt,1256,p-and-l,pnl_interest_total,snake_case,output_contract_field,output_contract,"- Define owner, meaning, source, downstream consumers where known, current/live status, and review notes. ### `pnl_interest_total` - Classification: `accept_contract_field`"
04_MIRRA_P_AND_L_PAGE_v4.0_LOCKED.txt,04_MIRRA_P_AND_L_PAGE_v4.0_LOCKED.txt,1267,p-and-l,pnl_interest_total,snake_case,output_contract_field,output_contract,"Brief insertion instruction: - Add `pnl_interest_total` to the `p-and-l` output contract. - Define owner, meaning, source, downstream consumers where known, current/live status, and review notes."
04_MIRRA_P_AND_L_PAGE_v4.0_LOCKED.txt,04_MIRRA_P_AND_L_PAGE_v4.0_LOCKED.txt,1565,p-and-l,pnl_interest_total,snake_case,output_contract_field,output_contract,- net_profit - pnl_interest_marked_asset_finance_total - pnl_interest_total - profit_and_loss_ready - subcontract_cost
04_MIRRA_P_AND_L_PAGE_v4.0_LOCKED.txt,04_MIRRA_P_AND_L_PAGE_v4.0_LOCKED.txt,693,p-and-l,pnl_lines,snake_case,output_contract_field,output_contract,"pnl_period_end, pnl_period_label, pnl_lines, pnl_classifications, saved_account_mappings,"
04_MIRRA_P_AND_L_PAGE_v4.0_LOCKED.txt,04_MIRRA_P_AND_L_PAGE_v4.0_LOCKED.txt,715,p-and-l,pnl_model_trust_state,snake_case,output_contract_field,output_contract,"pnl_warnings, pnl_warning_count, pnl_model_trust_state, pnl_reconciliation_checks }"
04_MIRRA_P_AND_L_PAGE_v4.0_LOCKED.txt,04_MIRRA_P_AND_L_PAGE_v4.0_LOCKED.txt,705,p-and-l,pnl_net_profit,snake_case,output_contract_field,output_contract,"pnl_total_other_income, pnl_total_other_expenses, pnl_net_profit, labour_benchmark_total, asset_finance_benchmark_total,"
04_MIRRA_P_AND_L_PAGE_v4.0_LOCKED.txt,04_MIRRA_P_AND_L_PAGE_v4.0_LOCKED.txt,767,p-and-l,pnl_net_profit,snake_case,output_contract_field,output_contract,- pnl_total_revenue - pnl_total_cogs - pnl_net_profit - pnl_total_other_income - pnl_period identity
04_MIRRA_P_AND_L_PAGE_v4.0_LOCKED.txt,04_MIRRA_P_AND_L_PAGE_v4.0_LOCKED.txt,1586,p-and-l,pnl_output,snake_case,output_contract_field,output_contract,## output_contract_reference_wrappers - pnl_output - pnl_output_contract
04_MIRRA_P_AND_L_PAGE_v4.0_LOCKED.txt,04_MIRRA_P_AND_L_PAGE_v4.0_LOCKED.txt,1525,p-and-l,pnl_output_contract,snake_case,output_contract_field,output_contract,- Identify what object it wraps and which modules consume it. ### `pnl_output_contract` - Classification: `accept_reference_wrapper`
04_MIRRA_P_AND_L_PAGE_v4.0_LOCKED.txt,04_MIRRA_P_AND_L_PAGE_v4.0_LOCKED.txt,1536,p-and-l,pnl_output_contract,snake_case,output_contract_field,output_contract,Brief insertion instruction: - Document `pnl_output_contract` as a wrapper/reference field for `p-and-l`. - Do not describe it as a business metric. - Identify what object it wraps and which modules consume it.
04_MIRRA_P_AND_L_PAGE_v4.0_LOCKED.txt,04_MIRRA_P_AND_L_PAGE_v4.0_LOCKED.txt,1587,p-and-l,pnl_output_contract,snake_case,output_contract_field,output_contract,- pnl_output - pnl_output_contract # END v5.0 MACHINE-READABLE ACCEPTED OUTPUT CONTRACT - p-and-l
04_MIRRA_P_AND_L_PAGE_v4.0_LOCKED.txt,04_MIRRA_P_AND_L_PAGE_v4.0_LOCKED.txt,769,p-and-l,pnl_period,snake_case,output_contract_field,output_contract,- pnl_net_profit - pnl_total_other_income - pnl_period identity Module Reconciliation compares these benchmarks with module outputs.
04_MIRRA_P_AND_L_PAGE_v4.0_LOCKED.txt,04_MIRRA_P_AND_L_PAGE_v4.0_LOCKED.txt,691,p-and-l,pnl_period_end,snake_case,output_contract_field,output_contract,"pnl_imported_at, pnl_period_start, pnl_period_end, pnl_period_label, pnl_lines,"
04_MIRRA_P_AND_L_PAGE_v4.0_LOCKED.txt,04_MIRRA_P_AND_L_PAGE_v4.0_LOCKED.txt,692,p-and-l,pnl_period_label,snake_case,output_contract_field,output_contract,"pnl_period_start, pnl_period_end, pnl_period_label, pnl_lines, pnl_classifications,"
04_MIRRA_P_AND_L_PAGE_v4.0_LOCKED.txt,04_MIRRA_P_AND_L_PAGE_v4.0_LOCKED.txt,690,p-and-l,pnl_period_start,snake_case,output_contract_field,output_contract,"pnl_source_report_type, pnl_imported_at, pnl_period_start, pnl_period_end, pnl_period_label,"
04_MIRRA_P_AND_L_PAGE_v4.0_LOCKED.txt,04_MIRRA_P_AND_L_PAGE_v4.0_LOCKED.txt,711,p-and-l,pnl_ready,snake_case,output_contract_field,output_contract,"operating_expense_benchmark_total, cost_of_sales_benchmark_total, pnl_ready, pnl_status, pnl_warnings,"
04_MIRRA_P_AND_L_PAGE_v4.0_LOCKED.txt,04_MIRRA_P_AND_L_PAGE_v4.0_LOCKED.txt,716,p-and-l,pnl_reconciliation_checks,snake_case,output_contract_field,output_contract,"pnl_warning_count, pnl_model_trust_state, pnl_reconciliation_checks }"
04_MIRRA_P_AND_L_PAGE_v4.0_LOCKED.txt,04_MIRRA_P_AND_L_PAGE_v4.0_LOCKED.txt,684,p-and-l,pnl_snapshot_id,snake_case,output_contract_field,output_contract,"{ pnl_snapshot_id, pnl_source_type, pnl_source_file_name,"
04_MIRRA_P_AND_L_PAGE_v4.0_LOCKED.txt,04_MIRRA_P_AND_L_PAGE_v4.0_LOCKED.txt,686,p-and-l,pnl_source_file_name,snake_case,output_contract_field,output_contract,"pnl_snapshot_id, pnl_source_type, pnl_source_file_name, pnl_source_report_name, pnl_source_report_type,"
04_MIRRA_P_AND_L_PAGE_v4.0_LOCKED.txt,04_MIRRA_P_AND_L_PAGE_v4.0_LOCKED.txt,687,p-and-l,pnl_source_report_name,snake_case,output_contract_field,output_contract,"pnl_source_type, pnl_source_file_name, pnl_source_report_name, pnl_source_report_type, pnl_imported_at,"
04_MIRRA_P_AND_L_PAGE_v4.0_LOCKED.txt,04_MIRRA_P_AND_L_PAGE_v4.0_LOCKED.txt,688,p-and-l,pnl_source_report_type,snake_case,output_contract_field,output_contract,"pnl_source_file_name, pnl_source_report_name, pnl_source_report_type, pnl_imported_at, pnl_period_start,"
04_MIRRA_P_AND_L_PAGE_v4.0_LOCKED.txt,04_MIRRA_P_AND_L_PAGE_v4.0_LOCKED.txt,685,p-and-l,pnl_source_type,snake_case,output_contract_field,output_contract,"{ pnl_snapshot_id, pnl_source_type, pnl_source_file_name, pnl_source_report_name,"
04_MIRRA_P_AND_L_PAGE_v4.0_LOCKED.txt,04_MIRRA_P_AND_L_PAGE_v4.0_LOCKED.txt,712,p-and-l,pnl_status,snake_case,output_contract_field,output_contract,"cost_of_sales_benchmark_total, pnl_ready, pnl_status, pnl_warnings, pnl_warning_count,"
14_MIRRA_BUSINESS_SUMMARY_v4.0_LOCKED.txt,14_MIRRA_BUSINESS_SUMMARY_v4.0_LOCKED.txt,1316,p-and-l,pnl_to_operational_bridge,snake_case,output_contract_field,output_contract,"recovery_gap_label, pnl_to_operational_bridge, traditional_pnl_net_profit, labour_bridge_variance,"
14_MIRRA_BUSINESS_SUMMARY_v4.0_LOCKED.txt,14_MIRRA_BUSINESS_SUMMARY_v4.0_LOCKED.txt,1487,p-and-l,pnl_to_operational_bridge,snake_case,output_contract_field,output_contract,- recovery_gap_per_driver - residual_margin_after_labour - pnl_to_operational_bridge - mirra_operating_position - revenue_reality_context
04_MIRRA_P_AND_L_PAGE_v4.0_LOCKED.txt,04_MIRRA_P_AND_L_PAGE_v4.0_LOCKED.txt,699,p-and-l,pnl_total_cogs,snake_case,output_contract_field,output_contract,"review_required_lines, pnl_total_revenue, pnl_total_cogs, pnl_gross_profit, pnl_gross_margin_percent,"
04_MIRRA_P_AND_L_PAGE_v4.0_LOCKED.txt,04_MIRRA_P_AND_L_PAGE_v4.0_LOCKED.txt,728,p-and-l,pnl_total_cogs,snake_case,output_contract_field,output_contract,- pnl cost_of_sales lines - pnl_total_revenue - pnl_total_cogs - pnl_gross_profit - pnl_gross_margin_percent
04_MIRRA_P_AND_L_PAGE_v4.0_LOCKED.txt,04_MIRRA_P_AND_L_PAGE_v4.0_LOCKED.txt,766,p-and-l,pnl_total_cogs,snake_case,output_contract_field,output_contract,- cost_of_sales_benchmark_total - pnl_total_revenue - pnl_total_cogs - pnl_net_profit - pnl_total_other_income
04_MIRRA_P_AND_L_PAGE_v4.0_LOCKED.txt,04_MIRRA_P_AND_L_PAGE_v4.0_LOCKED.txt,702,p-and-l,pnl_total_operating_expenses,snake_case,output_contract_field,output_contract,"pnl_gross_profit, pnl_gross_margin_percent, pnl_total_operating_expenses, pnl_total_other_income, pnl_total_other_expenses,"
04_MIRRA_P_AND_L_PAGE_v4.0_LOCKED.txt,04_MIRRA_P_AND_L_PAGE_v4.0_LOCKED.txt,704,p-and-l,pnl_total_other_expenses,snake_case,output_contract_field,output_contract,"pnl_total_operating_expenses, pnl_total_other_income, pnl_total_other_expenses, pnl_net_profit, labour_benchmark_total,"
04_MIRRA_P_AND_L_PAGE_v4.0_LOCKED.txt,04_MIRRA_P_AND_L_PAGE_v4.0_LOCKED.txt,703,p-and-l,pnl_total_other_income,snake_case,output_contract_field,output_contract,"pnl_gross_margin_percent, pnl_total_operating_expenses, pnl_total_other_income, pnl_total_other_expenses, pnl_net_profit,"
04_MIRRA_P_AND_L_PAGE_v4.0_LOCKED.txt,04_MIRRA_P_AND_L_PAGE_v4.0_LOCKED.txt,768,p-and-l,pnl_total_other_income,snake_case,output_contract_field,output_contract,- pnl_total_cogs - pnl_net_profit - pnl_total_other_income - pnl_period identity
04_MIRRA_P_AND_L_PAGE_v4.0_LOCKED.txt,04_MIRRA_P_AND_L_PAGE_v4.0_LOCKED.txt,698,p-and-l,pnl_total_revenue,snake_case,output_contract_field,output_contract,"unclassified_lines, review_required_lines, pnl_total_revenue, pnl_total_cogs, pnl_gross_profit,"
04_MIRRA_P_AND_L_PAGE_v4.0_LOCKED.txt,04_MIRRA_P_AND_L_PAGE_v4.0_LOCKED.txt,727,p-and-l,pnl_total_revenue,snake_case,output_contract_field,output_contract,- pnl revenue lines - pnl cost_of_sales lines - pnl_total_revenue - pnl_total_cogs - pnl_gross_profit
04_MIRRA_P_AND_L_PAGE_v4.0_LOCKED.txt,04_MIRRA_P_AND_L_PAGE_v4.0_LOCKED.txt,765,p-and-l,pnl_total_revenue,snake_case,output_contract_field,output_contract,- operating_expense_benchmark_total - cost_of_sales_benchmark_total - pnl_total_revenue - pnl_total_cogs - pnl_net_profit
04_MIRRA_P_AND_L_PAGE_v4.0_LOCKED.txt,04_MIRRA_P_AND_L_PAGE_v4.0_LOCKED.txt,714,p-and-l,pnl_warning_count,snake_case,output_contract_field,output_contract,"pnl_status, pnl_warnings, pnl_warning_count, pnl_model_trust_state, pnl_reconciliation_checks"
04_MIRRA_P_AND_L_PAGE_v4.0_LOCKED.txt,04_MIRRA_P_AND_L_PAGE_v4.0_LOCKED.txt,713,p-and-l,pnl_warnings,snake_case,output_contract_field,output_contract,"pnl_ready, pnl_status, pnl_warnings, pnl_warning_count, pnl_model_trust_state,"
04_MIRRA_P_AND_L_PAGE_v4.0_LOCKED.txt,04_MIRRA_P_AND_L_PAGE_v4.0_LOCKED.txt,1566,p-and-l,profit_and_loss_ready,snake_case,output_contract_field,output_contract,- pnl_interest_marked_asset_finance_total - pnl_interest_total - profit_and_loss_ready - subcontract_cost - total_assigned_business_costs
14_MIRRA_BUSINESS_SUMMARY_v4.0_LOCKED.txt,14_MIRRA_BUSINESS_SUMMARY_v4.0_LOCKED.txt,1314,p-and-l,recovery_gap_label,snake_case,output_contract_field,output_contract,"current_margin_label, recovery_gap_per_driver, recovery_gap_label, pnl_to_operational_bridge,"
14_MIRRA_BUSINESS_SUMMARY_v4.0_LOCKED.txt,14_MIRRA_BUSINESS_SUMMARY_v4.0_LOCKED.txt,1485,p-and-l,recovery_gap_per_driver,snake_case,output_contract_field,output_contract,- business_summary_status - net_position - recovery_gap_per_driver - residual_margin_after_labour - pnl_to_operational_bridge
14_MIRRA_BUSINESS_SUMMARY_v4.0_LOCKED.txt,14_MIRRA_BUSINESS_SUMMARY_v4.0_LOCKED.txt,1486,p-and-l,residual_margin_after_labour,snake_case,output_contract_field,output_contract,- net_position - recovery_gap_per_driver - residual_margin_after_labour - pnl_to_operational_bridge - mirra_operating_position
29_MIRRA_INTEGRATIONS_API_LAYER_v4.0_LOCKED.txt,29_MIRRA_INTEGRATIONS_API_LAYER_v4.0_LOCKED.txt,900,p-and-l,revenue_cogs_import_handoff,snake_case,output_contract_field,output_contract,"pnl_import_handoff, revenue_cogs_import_handoff, general_overheads_import_handoff, asset_import_handoff,"
14_MIRRA_BUSINESS_SUMMARY_v4.0_LOCKED.txt,14_MIRRA_BUSINESS_SUMMARY_v4.0_LOCKED.txt,1489,p-and-l,revenue_reality_context,snake_case,output_contract_field,output_contract,- pnl_to_operational_bridge - mirra_operating_position - revenue_reality_context - asset_reality_context - business_summary_model_trust_state
04_MIRRA_P_AND_L_PAGE_v4.0_LOCKED.txt,04_MIRRA_P_AND_L_PAGE_v4.0_LOCKED.txt,697,p-and-l,review_required_lines,snake_case,output_contract_field,output_contract,"saved_account_mappings, unclassified_lines, review_required_lines, pnl_total_revenue, pnl_total_cogs,"
04_MIRRA_P_AND_L_PAGE_v4.0_LOCKED.txt,04_MIRRA_P_AND_L_PAGE_v4.0_LOCKED.txt,695,p-and-l,saved_account_mappings,snake_case,output_contract_field,output_contract,"pnl_lines, pnl_classifications, saved_account_mappings, unclassified_lines, review_required_lines,"
04_MIRRA_P_AND_L_PAGE_v4.0_LOCKED.txt,04_MIRRA_P_AND_L_PAGE_v4.0_LOCKED.txt,1567,p-and-l,subcontract_cost,snake_case,output_contract_field,output_contract,- pnl_interest_total - profit_and_loss_ready - subcontract_cost - total_assigned_business_costs - total_business_costs
04_MIRRA_P_AND_L_PAGE_v4.0_LOCKED.txt,04_MIRRA_P_AND_L_PAGE_v4.0_LOCKED.txt,1568,p-and-l,total_assigned_business_costs,snake_case,output_contract_field,output_contract,- profit_and_loss_ready - subcontract_cost - total_assigned_business_costs - total_business_costs - total_cogs
10_MIRRA_MODULE_RECONCILIATION_v4.0_LOCKED.txt,10_MIRRA_MODULE_RECONCILIATION_v4.0_LOCKED.txt,954,p-and-l,total_business_cost_variance_amount,snake_case,output_contract_field,output_contract,"general_overheads_variance_amount, general_overheads_variance_percent, total_business_cost_variance_amount, total_business_cost_variance_percent, pnl_business_cost_variance,"
10_MIRRA_MODULE_RECONCILIATION_v4.0_LOCKED.txt,10_MIRRA_MODULE_RECONCILIATION_v4.0_LOCKED.txt,955,p-and-l,total_business_cost_variance_percent,snake_case,output_contract_field,output_contract,"general_overheads_variance_percent, total_business_cost_variance_amount, total_business_cost_variance_percent, pnl_business_cost_variance, pnl_business_cost_variance_percent,"
04_MIRRA_P_AND_L_PAGE_v4.0_LOCKED.txt,04_MIRRA_P_AND_L_PAGE_v4.0_LOCKED.txt,1573,p-and-l,total_model_costs,snake_case,output_contract_field,output_contract,- total_cost_of_sales - total_direct_costs - total_model_costs - total_operating_expenses - total_pnl_costs
04_MIRRA_P_AND_L_PAGE_v4.0_LOCKED.txt,04_MIRRA_P_AND_L_PAGE_v4.0_LOCKED.txt,1574,p-and-l,total_operating_expenses,snake_case,output_contract_field,output_contract,- total_direct_costs - total_model_costs - total_operating_expenses - total_pnl_costs - total_revenue
10_MIRRA_MODULE_RECONCILIATION_v4.0_LOCKED.txt,10_MIRRA_MODULE_RECONCILIATION_v4.0_LOCKED.txt,959,p-and-l,total_other_income,snake_case,output_contract_field,output_contract,"pnl_business_cost_variance_percent, module_total_business_costs, total_other_income, asset_running_cost_transfer_context, module_reconciliation_ready,"
04_MIRRA_P_AND_L_PAGE_v4.0_LOCKED.txt,04_MIRRA_P_AND_L_PAGE_v4.0_LOCKED.txt,1575,p-and-l,total_pnl_costs,snake_case,output_contract_field,output_contract,- total_model_costs - total_operating_expenses - total_pnl_costs - total_revenue - total_trading_income
04_MIRRA_P_AND_L_PAGE_v4.0_LOCKED.txt,04_MIRRA_P_AND_L_PAGE_v4.0_LOCKED.txt,1576,p-and-l,total_revenue,snake_case,output_contract_field,output_contract,- total_operating_expenses - total_pnl_costs - total_revenue - total_trading_income - unassigned_balance
04_MIRRA_P_AND_L_PAGE_v4.0_LOCKED.txt,04_MIRRA_P_AND_L_PAGE_v4.0_LOCKED.txt,1577,p-and-l,total_trading_income,snake_case,output_contract_field,output_contract,- total_pnl_costs - total_revenue - total_trading_income - unassigned_balance - unassigned_details
14_MIRRA_BUSINESS_SUMMARY_v4.0_LOCKED.txt,14_MIRRA_BUSINESS_SUMMARY_v4.0_LOCKED.txt,1317,p-and-l,traditional_pnl_net_profit,snake_case,output_contract_field,output_contract,"pnl_to_operational_bridge, traditional_pnl_net_profit, labour_bridge_variance, asset_finance_bridge_variance,"
04_MIRRA_P_AND_L_PAGE_v4.0_LOCKED.txt,04_MIRRA_P_AND_L_PAGE_v4.0_LOCKED.txt,696,p-and-l,unclassified_lines,snake_case,output_contract_field,output_contract,"pnl_classifications, saved_account_mappings, unclassified_lines, review_required_lines, pnl_total_revenue,"
21_MIRRA_QUOTE_CHECKER_v4.0_LOCKED.txt,21_MIRRA_QUOTE_CHECKER_v4.0_LOCKED.txt,734,quote-checker,blocked_lines,snake_case,output_contract_field,output_contract,"margin_shortfall_lines, unmatched_lines, blocked_lines, passing_lines,"
21_MIRRA_QUOTE_CHECKER_v4.0_LOCKED.txt,21_MIRRA_QUOTE_CHECKER_v4.0_LOCKED.txt,732,quote-checker,margin_shortfall_lines,snake_case,output_contract_field,output_contract,"under_recovering_lines, margin_shortfall_lines, unmatched_lines, blocked_lines,"
21_MIRRA_QUOTE_CHECKER_v4.0_LOCKED.txt,21_MIRRA_QUOTE_CHECKER_v4.0_LOCKED.txt,713,quote-checker,quote_checker_ready,snake_case,output_contract_field,output_contract,"{ quote_checker_ready, quote_checker_status, quote_checker_warnings,"
21_MIRRA_QUOTE_CHECKER_v4.0_LOCKED.txt,21_MIRRA_QUOTE_CHECKER_v4.0_LOCKED.txt,741,quote-checker,quote_checker_source_trace,snake_case,output_contract_field,output_contract,"quote_checker_cards, quote_checker_source_trace }"
21_MIRRA_QUOTE_CHECKER_v4.0_LOCKED.txt,21_MIRRA_QUOTE_CHECKER_v4.0_LOCKED.txt,714,quote-checker,quote_checker_status,snake_case,output_contract_field,output_contract,"{ quote_checker_ready, quote_checker_status, quote_checker_warnings, quote_checker_warning_count,"
21_MIRRA_QUOTE_CHECKER_v4.0_LOCKED.txt,21_MIRRA_QUOTE_CHECKER_v4.0_LOCKED.txt,721,quote-checker,quote_line_results,snake_case,output_contract_field,output_contract,"quote_header, quote_lines, quote_line_results, quote_total_revenue,"
21_MIRRA_QUOTE_CHECKER_v4.0_LOCKED.txt,21_MIRRA_QUOTE_CHECKER_v4.0_LOCKED.txt,720,quote-checker,quote_lines,snake_case,output_contract_field,output_contract,"quote_header, quote_lines, quote_line_results,"
21_MIRRA_QUOTE_CHECKER_v4.0_LOCKED.txt,21_MIRRA_QUOTE_CHECKER_v4.0_LOCKED.txt,728,quote-checker,quote_margin_amount,snake_case,output_contract_field,output_contract,"quote_recovery_gap, quote_target_gap, quote_margin_amount, quote_margin_percent,"
21_MIRRA_QUOTE_CHECKER_v4.0_LOCKED.txt,21_MIRRA_QUOTE_CHECKER_v4.0_LOCKED.txt,729,quote-checker,quote_margin_percent,snake_case,output_contract_field,output_contract,"quote_target_gap, quote_margin_amount, quote_margin_percent, under_recovering_lines,"
21_MIRRA_QUOTE_CHECKER_v4.0_LOCKED.txt,21_MIRRA_QUOTE_CHECKER_v4.0_LOCKED.txt,724,quote-checker,quote_minimum_required_recovery,snake_case,output_contract_field,output_contract,"quote_total_revenue, quote_minimum_required_recovery, quote_required_target_revenue, quote_recovery_gap,"
21_MIRRA_QUOTE_CHECKER_v4.0_LOCKED.txt,21_MIRRA_QUOTE_CHECKER_v4.0_LOCKED.txt,726,quote-checker,quote_recovery_gap,snake_case,output_contract_field,output_contract,"quote_minimum_required_recovery, quote_required_target_revenue, quote_recovery_gap, quote_target_gap, quote_margin_amount,"
21_MIRRA_QUOTE_CHECKER_v4.0_LOCKED.txt,21_MIRRA_QUOTE_CHECKER_v4.0_LOCKED.txt,725,quote-checker,quote_required_target_revenue,snake_case,output_contract_field,output_contract,"quote_total_revenue, quote_minimum_required_recovery, quote_required_target_revenue, quote_recovery_gap, quote_target_gap,"
21_MIRRA_QUOTE_CHECKER_v4.0_LOCKED.txt,21_MIRRA_QUOTE_CHECKER_v4.0_LOCKED.txt,727,quote-checker,quote_target_gap,snake_case,output_contract_field,output_contract,"quote_required_target_revenue, quote_recovery_gap, quote_target_gap, quote_margin_amount, quote_margin_percent,"
21_MIRRA_QUOTE_CHECKER_v4.0_LOCKED.txt,21_MIRRA_QUOTE_CHECKER_v4.0_LOCKED.txt,723,quote-checker,quote_total_revenue,snake_case,output_contract_field,output_contract,"quote_line_results, quote_total_revenue, quote_minimum_required_recovery, quote_required_target_revenue,"
21_MIRRA_QUOTE_CHECKER_v4.0_LOCKED.txt,21_MIRRA_QUOTE_CHECKER_v4.0_LOCKED.txt,731,quote-checker,under_recovering_lines,snake_case,output_contract_field,output_contract,"quote_margin_percent, under_recovering_lines, margin_shortfall_lines, unmatched_lines,"
21_MIRRA_QUOTE_CHECKER_v4.0_LOCKED.txt,21_MIRRA_QUOTE_CHECKER_v4.0_LOCKED.txt,733,quote-checker,unmatched_lines,snake_case,output_contract_field,output_contract,"under_recovering_lines, margin_shortfall_lines, unmatched_lines, blocked_lines, passing_lines,"
22_MIRRA_SOQ_JOB_PO_LAYER_v4.0_LOCKED.txt,22_MIRRA_SOQ_JOB_PO_LAYER_v4.0_LOCKED.txt,772,rate-builder,business_outcome_feedback_rows,snake_case,output_contract_field,output_contract,"rate_builder_feedback_rows, business_outcome_feedback_rows, source_trace"
23_MIRRA_JOB_COSTING_PROFITABILITY_v4.0_LOCKED.txt,23_MIRRA_JOB_COSTING_PROFITABILITY_v4.0_LOCKED.txt,922,rate-builder,business_outcome_feedback_rows,snake_case,output_contract_field,output_contract,"rate_builder_feedback_rows, business_outcome_feedback_rows, job_costing_cards,"
19_MIRRA_RATE_BUILDER_v4.0_LOCKED.txt,19_MIRRA_RATE_BUILDER_v4.0_LOCKED.txt,1202,rate-builder,group_rows,snake_case,output_contract_field,output_contract,## output_contract - group_rows - operational_group_cost_rows
19_MIRRA_RATE_BUILDER_v4.0_LOCKED.txt,19_MIRRA_RATE_BUILDER_v4.0_LOCKED.txt,1203,rate-builder,operational_group_cost_rows,snake_case,output_contract_field,output_contract,- group_rows - operational_group_cost_rows # END v5.0 MACHINE-READABLE ACCEPTED OUTPUT CONTRACT - rate-builder
19_MIRRA_RATE_BUILDER_v4.0_LOCKED.txt,19_MIRRA_RATE_BUILDER_v4.0_LOCKED.txt,1197,rate-builder,output_contract,snake_case,output_contract_field,output_contract,MODULE_OWNER: rate-builder SECTION_TYPE: output_contract SOURCE: MIRRA_ACCEPTED_BRIEF_FIELDS_BY_MODULE_v5.0.csv
19_MIRRA_RATE_BUILDER_v4.0_LOCKED.txt,19_MIRRA_RATE_BUILDER_v4.0_LOCKED.txt,1200,rate-builder,output_contract,snake_case,output_contract_field,output_contract,SOURCE: MIRRA_ACCEPTED_BRIEF_FIELDS_BY_MODULE_v5.0.csv ## output_contract - group_rows
21_MIRRA_QUOTE_CHECKER_v4.0_LOCKED.txt,21_MIRRA_QUOTE_CHECKER_v4.0_LOCKED.txt,740,rate-builder,quote_checker_cards,snake_case,output_contract_field,output_contract,"selected_rate_builder_rows, quote_checker_cards, quote_checker_source_trace }"
30_MIRRA_BUSINESS_MODELLING_v4.0_LOCKED.txt,30_MIRRA_BUSINESS_MODELLING_v4.0_LOCKED.txt,867,rate-builder,quote_checker_target_set,snake_case,output_contract_field,output_contract,- selected_target_model - quote_checker_target_set - selected minimum recoverable rates - selected suggested sell rates
20_MIRRA_BUSINESS_OUTCOME_v4.0_LOCKED.txt,20_MIRRA_BUSINESS_OUTCOME_v4.0_LOCKED.txt,847,rate-builder,quote_checker_targets,snake_case,output_contract_field,output_contract,Quote Checker should receive: - quote_checker_targets - rate_builder_rows - selected modelled scenario
22_MIRRA_SOQ_JOB_PO_LAYER_v4.0_LOCKED.txt,22_MIRRA_SOQ_JOB_PO_LAYER_v4.0_LOCKED.txt,769,rate-builder,quote_vs_actual_rows,snake_case,output_contract_field,output_contract,"unit_cost_validation_rows, product_rate_validation_rows, quote_vs_actual_rows, rate_builder_feedback_rows,"
22_MIRRA_SOQ_JOB_PO_LAYER_v4.0_LOCKED.txt,22_MIRRA_SOQ_JOB_PO_LAYER_v4.0_LOCKED.txt,771,rate-builder,rate_builder_feedback_rows,snake_case,output_contract_field,output_contract,"quote_vs_actual_rows, rate_builder_feedback_rows, business_outcome_feedback_rows,"
23_MIRRA_JOB_COSTING_PROFITABILITY_v4.0_LOCKED.txt,23_MIRRA_JOB_COSTING_PROFITABILITY_v4.0_LOCKED.txt,921,rate-builder,rate_builder_feedback_rows,snake_case,output_contract_field,output_contract,"task_profitability_rows, rate_builder_feedback_rows, business_outcome_feedback_rows,"
19_MIRRA_RATE_BUILDER_v4.0_LOCKED.txt,19_MIRRA_RATE_BUILDER_v4.0_LOCKED.txt,806,rate-builder,rate_builder_ready,snake_case,output_contract_field,output_contract,Rate Builder should expose: - rate_builder_ready - rate_builder_status - rate_builder_warnings
20_MIRRA_BUSINESS_OUTCOME_v4.0_LOCKED.txt,20_MIRRA_BUSINESS_OUTCOME_v4.0_LOCKED.txt,848,rate-builder,rate_builder_rows,snake_case,output_contract_field,output_contract,- quote_checker_targets - rate_builder_rows - selected modelled scenario - target rates
21_MIRRA_QUOTE_CHECKER_v4.0_LOCKED.txt,21_MIRRA_QUOTE_CHECKER_v4.0_LOCKED.txt,737,rate-builder,selected_business_outcome_targets,snake_case,output_contract_field,output_contract,"passing_lines, selected_business_outcome_targets, selected_rate_builder_rows,"
21_MIRRA_QUOTE_CHECKER_v4.0_LOCKED.txt,21_MIRRA_QUOTE_CHECKER_v4.0_LOCKED.txt,738,rate-builder,selected_rate_builder_rows,snake_case,output_contract_field,output_contract,"selected_business_outcome_targets, selected_rate_builder_rows, quote_checker_cards,"
23_MIRRA_JOB_COSTING_PROFITABILITY_v4.0_LOCKED.txt,23_MIRRA_JOB_COSTING_PROFITABILITY_v4.0_LOCKED.txt,919,rate-builder,task_profitability_rows,snake_case,output_contract_field,output_contract,"supplier_job_performance_rows, task_profitability_rows, rate_builder_feedback_rows,"
18_MIRRA_RECOVERY_SUMMARY_v4.0_LOCKED.txt,18_MIRRA_RECOVERY_SUMMARY_v4.0_LOCKED.txt,1106,recovery-summary,group_recovery_rows,snake_case,output_contract_field,output_contract,"recovery_model_type, group_recovery_rows, total_required_recovery_amount,"
18_MIRRA_RECOVERY_SUMMARY_v4.0_LOCKED.txt,18_MIRRA_RECOVERY_SUMMARY_v4.0_LOCKED.txt,1609,recovery-summary,output_contract,snake_case,output_contract_field,output_contract,MODULE_OWNER: recovery-summary SECTION_TYPE: output_contract SOURCE: MIRRA_ACCEPTED_BRIEF_FIELDS_BY_MODULE_v5.0.csv
18_MIRRA_RECOVERY_SUMMARY_v4.0_LOCKED.txt,18_MIRRA_RECOVERY_SUMMARY_v4.0_LOCKED.txt,1612,recovery-summary,output_contract,snake_case,output_contract_field,output_contract,SOURCE: MIRRA_ACCEPTED_BRIEF_FIELDS_BY_MODULE_v5.0.csv ## output_contract
18_MIRRA_RECOVERY_SUMMARY_v4.0_LOCKED.txt,18_MIRRA_RECOVERY_SUMMARY_v4.0_LOCKED.txt,1112,recovery-summary,overall_recovery_coverage_percent,snake_case,output_contract_field,output_contract,"total_unrecovered_cost, total_recovery_surplus, overall_recovery_coverage_percent, overall_recovery_status,"
18_MIRRA_RECOVERY_SUMMARY_v4.0_LOCKED.txt,18_MIRRA_RECOVERY_SUMMARY_v4.0_LOCKED.txt,1156,recovery-summary,overall_recovery_coverage_percent,snake_case,output_contract_field,output_contract,- total_recovered_cost - total_unrecovered_cost - overall_recovery_coverage_percent - group_recovery_rows - recovery warnings
18_MIRRA_RECOVERY_SUMMARY_v4.0_LOCKED.txt,18_MIRRA_RECOVERY_SUMMARY_v4.0_LOCKED.txt,1152,recovery-summary,overall_recovery_status,snake_case,output_contract_field,output_contract,- recovery_summary_status - overall_recovery_status - total_required_recovery_amount - total_recovered_cost
18_MIRRA_RECOVERY_SUMMARY_v4.0_LOCKED.txt,18_MIRRA_RECOVERY_SUMMARY_v4.0_LOCKED.txt,1098,recovery-summary,recovery_summary_ready,snake_case,output_contract_field,output_contract,"{ recovery_summary_ready, recovery_summary_status, recovery_summary_warnings,"
18_MIRRA_RECOVERY_SUMMARY_v4.0_LOCKED.txt,18_MIRRA_RECOVERY_SUMMARY_v4.0_LOCKED.txt,1120,recovery-summary,recovery_summary_source_trace,snake_case,output_contract_field,output_contract,"recovery_summary_cards, recovery_summary_source_trace }"
18_MIRRA_RECOVERY_SUMMARY_v4.0_LOCKED.txt,18_MIRRA_RECOVERY_SUMMARY_v4.0_LOCKED.txt,1099,recovery-summary,recovery_summary_status,snake_case,output_contract_field,output_contract,"{ recovery_summary_ready, recovery_summary_status, recovery_summary_warnings, recovery_summary_warning_count,"
18_MIRRA_RECOVERY_SUMMARY_v4.0_LOCKED.txt,18_MIRRA_RECOVERY_SUMMARY_v4.0_LOCKED.txt,1151,recovery-summary,recovery_summary_status,snake_case,output_contract_field,output_contract,Business Outcome should receive: - recovery_summary_status - overall_recovery_status - total_required_recovery_amount
18_MIRRA_RECOVERY_SUMMARY_v4.0_LOCKED.txt,18_MIRRA_RECOVERY_SUMMARY_v4.0_LOCKED.txt,1109,recovery-summary,total_recovered_cost,snake_case,output_contract_field,output_contract,"total_required_recovery_amount, total_recovered_cost, total_unrecovered_cost, total_recovery_surplus,"
18_MIRRA_RECOVERY_SUMMARY_v4.0_LOCKED.txt,18_MIRRA_RECOVERY_SUMMARY_v4.0_LOCKED.txt,1154,recovery-summary,total_recovered_cost,snake_case,output_contract_field,output_contract,- overall_recovery_status - total_required_recovery_amount - total_recovered_cost - total_unrecovered_cost - overall_recovery_coverage_percent
18_MIRRA_RECOVERY_SUMMARY_v4.0_LOCKED.txt,18_MIRRA_RECOVERY_SUMMARY_v4.0_LOCKED.txt,1111,recovery-summary,total_recovery_surplus,snake_case,output_contract_field,output_contract,"total_recovered_cost, total_unrecovered_cost, total_recovery_surplus, overall_recovery_coverage_percent, overall_recovery_status,"
18_MIRRA_RECOVERY_SUMMARY_v4.0_LOCKED.txt,18_MIRRA_RECOVERY_SUMMARY_v4.0_LOCKED.txt,1108,recovery-summary,total_required_recovery_amount,snake_case,output_contract_field,output_contract,"group_recovery_rows, total_required_recovery_amount, total_recovered_cost, total_unrecovered_cost,"
18_MIRRA_RECOVERY_SUMMARY_v4.0_LOCKED.txt,18_MIRRA_RECOVERY_SUMMARY_v4.0_LOCKED.txt,1133,recovery-summary,total_required_recovery_amount,snake_case,output_contract_field,output_contract,- recovery_model_type - group_recovery_rows - total_required_recovery_amount - total_unrecovered_cost - required_recovery_per_driver
18_MIRRA_RECOVERY_SUMMARY_v4.0_LOCKED.txt,18_MIRRA_RECOVERY_SUMMARY_v4.0_LOCKED.txt,1153,recovery-summary,total_required_recovery_amount,snake_case,output_contract_field,output_contract,- recovery_summary_status - overall_recovery_status - total_required_recovery_amount - total_recovered_cost - total_unrecovered_cost
18_MIRRA_RECOVERY_SUMMARY_v4.0_LOCKED.txt,18_MIRRA_RECOVERY_SUMMARY_v4.0_LOCKED.txt,1110,recovery-summary,total_unrecovered_cost,snake_case,output_contract_field,output_contract,"total_required_recovery_amount, total_recovered_cost, total_unrecovered_cost, total_recovery_surplus, overall_recovery_coverage_percent,"
18_MIRRA_RECOVERY_SUMMARY_v4.0_LOCKED.txt,18_MIRRA_RECOVERY_SUMMARY_v4.0_LOCKED.txt,1155,recovery-summary,total_unrecovered_cost,snake_case,output_contract_field,output_contract,- total_required_recovery_amount - total_recovered_cost - total_unrecovered_cost - overall_recovery_coverage_percent - group_recovery_rows
28_MIRRA_DATABASE_STORAGE_EXPORT_LAYER_v4.0_LOCKED.txt,28_MIRRA_DATABASE_STORAGE_EXPORT_LAYER_v4.0_LOCKED.txt,926,reporting-analytics,export_rows,snake_case,output_contract_field,output_contract,"reporting_dimension_tables, export_rows, backup_rows, migration_rows,"
28_MIRRA_DATABASE_STORAGE_EXPORT_LAYER_v4.0_LOCKED.txt,28_MIRRA_DATABASE_STORAGE_EXPORT_LAYER_v4.0_LOCKED.txt,924,reporting-analytics,reporting_dimension_tables,snake_case,output_contract_field,output_contract,"reporting_fact_tables, reporting_dimension_tables, export_rows,"
04_MIRRA_P_AND_L_PAGE_v4.0_LOCKED.txt,04_MIRRA_P_AND_L_PAGE_v4.0_LOCKED.txt,1118,revenue-cogs,accept_contract_field,snake_case,output_contract_field,output_contract,### `direct_cost_category_totals` - Classification: `accept_contract_field` - Recommended action: `add_to_v5_module_brief_output_contract` - Confidence: `high`
04_MIRRA_P_AND_L_PAGE_v4.0_LOCKED.txt,04_MIRRA_P_AND_L_PAGE_v4.0_LOCKED.txt,1328,revenue-cogs,accept_contract_field,snake_case,output_contract_field,status_readiness_trust,### `total_cogs` - Classification: `accept_contract_field` - Recommended action: `add_to_v5_module_brief_output_contract` - Confidence: `high`
04_MIRRA_P_AND_L_PAGE_v4.0_LOCKED.txt,04_MIRRA_P_AND_L_PAGE_v4.0_LOCKED.txt,1356,revenue-cogs,accept_contract_field,snake_case,output_contract_field,status_readiness_trust,### `total_direct_costs` - Classification: `accept_contract_field` - Recommended action: `add_to_v5_module_brief_output_contract` - Confidence: `high`
29_MIRRA_INTEGRATIONS_API_LAYER_v4.0_LOCKED.txt,29_MIRRA_INTEGRATIONS_API_LAYER_v4.0_LOCKED.txt,902,revenue-cogs,asset_import_handoff,snake_case,output_contract_field,output_contract,"revenue_cogs_import_handoff, general_overheads_import_handoff, asset_import_handoff, labour_import_handoff,"
04_MIRRA_P_AND_L_PAGE_v4.0_LOCKED.txt,04_MIRRA_P_AND_L_PAGE_v4.0_LOCKED.txt,1554,revenue-cogs,assets_benchmark_total,snake_case,output_contract_field,output_contract,## output_contract - assets_benchmark_total - direct_cost_category_totals - employee_overheads_benchmark_total
13_MIRRA_REVENUE_COGS_v4.0_LOCKED.txt,13_MIRRA_REVENUE_COGS_v4.0_LOCKED.txt,2140,revenue-cogs,cog_account_summaries,snake_case,output_contract_field,output_contract,"cog_import_report_type, cog_account_transaction_rows, cog_account_summaries, cog_reconciliation_status, cog_reconciliation_difference,"
13_MIRRA_REVENUE_COGS_v4.0_LOCKED.txt,13_MIRRA_REVENUE_COGS_v4.0_LOCKED.txt,2139,revenue-cogs,cog_account_transaction_rows,snake_case,output_contract_field,output_contract,"cog_import_report_name, cog_import_report_type, cog_account_transaction_rows, cog_account_summaries, cog_reconciliation_status,"
13_MIRRA_REVENUE_COGS_v4.0_LOCKED.txt,13_MIRRA_REVENUE_COGS_v4.0_LOCKED.txt,2124,revenue-cogs,cog_categories,snake_case,output_contract_field,output_contract,"revenue_lines, raw_cog_account_lines, cog_categories, cog_subcategories, cog_category_assignments,"
13_MIRRA_REVENUE_COGS_v4.0_LOCKED.txt,13_MIRRA_REVENUE_COGS_v4.0_LOCKED.txt,2126,revenue-cogs,cog_category_assignments,snake_case,output_contract_field,output_contract,"cog_categories, cog_subcategories, cog_category_assignments, supplier_normalisation_rules, supplier_summary_rows,"
13_MIRRA_REVENUE_COGS_v4.0_LOCKED.txt,13_MIRRA_REVENUE_COGS_v4.0_LOCKED.txt,2130,revenue-cogs,cog_category_totals,snake_case,output_contract_field,output_contract,"supplier_summary_rows, supplier_split_overrides, cog_category_totals, xero_account_transactions_import_id, cog_import_source_system,"
13_MIRRA_REVENUE_COGS_v4.0_LOCKED.txt,13_MIRRA_REVENUE_COGS_v4.0_LOCKED.txt,2136,revenue-cogs,cog_import_period_end,snake_case,output_contract_field,output_contract,"cog_imported_at, cog_import_period_start, cog_import_period_end, cog_import_report_name, cog_import_report_type,"
13_MIRRA_REVENUE_COGS_v4.0_LOCKED.txt,13_MIRRA_REVENUE_COGS_v4.0_LOCKED.txt,2135,revenue-cogs,cog_import_period_start,snake_case,output_contract_field,output_contract,"cog_import_source_file_name, cog_imported_at, cog_import_period_start, cog_import_period_end, cog_import_report_name,"
13_MIRRA_REVENUE_COGS_v4.0_LOCKED.txt,13_MIRRA_REVENUE_COGS_v4.0_LOCKED.txt,2137,revenue-cogs,cog_import_report_name,snake_case,output_contract_field,output_contract,"cog_import_period_start, cog_import_period_end, cog_import_report_name, cog_import_report_type, cog_account_transaction_rows,"
13_MIRRA_REVENUE_COGS_v4.0_LOCKED.txt,13_MIRRA_REVENUE_COGS_v4.0_LOCKED.txt,2138,revenue-cogs,cog_import_report_type,snake_case,output_contract_field,output_contract,"cog_import_period_end, cog_import_report_name, cog_import_report_type, cog_account_transaction_rows, cog_account_summaries,"
13_MIRRA_REVENUE_COGS_v4.0_LOCKED.txt,13_MIRRA_REVENUE_COGS_v4.0_LOCKED.txt,2133,revenue-cogs,cog_import_source_file_name,snake_case,output_contract_field,output_contract,"xero_account_transactions_import_id, cog_import_source_system, cog_import_source_file_name, cog_imported_at, cog_import_period_start,"
13_MIRRA_REVENUE_COGS_v4.0_LOCKED.txt,13_MIRRA_REVENUE_COGS_v4.0_LOCKED.txt,2132,revenue-cogs,cog_import_source_system,snake_case,output_contract_field,output_contract,"cog_category_totals, xero_account_transactions_import_id, cog_import_source_system, cog_import_source_file_name, cog_imported_at,"
13_MIRRA_REVENUE_COGS_v4.0_LOCKED.txt,13_MIRRA_REVENUE_COGS_v4.0_LOCKED.txt,2134,revenue-cogs,cog_imported_at,snake_case,output_contract_field,output_contract,"cog_import_source_system, cog_import_source_file_name, cog_imported_at, cog_import_period_start, cog_import_period_end,"
13_MIRRA_REVENUE_COGS_v4.0_LOCKED.txt,13_MIRRA_REVENUE_COGS_v4.0_LOCKED.txt,2144,revenue-cogs,cog_reconciliation_checks,snake_case,output_contract_field,output_contract,"cog_reconciliation_difference, cog_reconciliation_variance_percent, cog_reconciliation_checks, cog_reconciliation_warnings, commercial_driver_mode,"
13_MIRRA_REVENUE_COGS_v4.0_LOCKED.txt,13_MIRRA_REVENUE_COGS_v4.0_LOCKED.txt,2178,revenue-cogs,cog_reconciliation_checks,snake_case,output_contract_field,output_contract,- cog_reconciliation_difference - cog_reconciliation_variance_percent - cog_reconciliation_checks - supplier_summary_total_mismatch status - supplier_category_total_mismatch status
13_MIRRA_REVENUE_COGS_v4.0_LOCKED.txt,13_MIRRA_REVENUE_COGS_v4.0_LOCKED.txt,2142,revenue-cogs,cog_reconciliation_difference,snake_case,output_contract_field,output_contract,"cog_account_summaries, cog_reconciliation_status, cog_reconciliation_difference, cog_reconciliation_variance_percent, cog_reconciliation_checks,"
13_MIRRA_REVENUE_COGS_v4.0_LOCKED.txt,13_MIRRA_REVENUE_COGS_v4.0_LOCKED.txt,2176,revenue-cogs,cog_reconciliation_difference,snake_case,output_contract_field,output_contract,- gross_margin_percent - cog_reconciliation_status - cog_reconciliation_difference - cog_reconciliation_variance_percent - cog_reconciliation_checks
13_MIRRA_REVENUE_COGS_v4.0_LOCKED.txt,13_MIRRA_REVENUE_COGS_v4.0_LOCKED.txt,2141,revenue-cogs,cog_reconciliation_status,snake_case,output_contract_field,output_contract,"cog_account_transaction_rows, cog_account_summaries, cog_reconciliation_status, cog_reconciliation_difference, cog_reconciliation_variance_percent,"
13_MIRRA_REVENUE_COGS_v4.0_LOCKED.txt,13_MIRRA_REVENUE_COGS_v4.0_LOCKED.txt,2175,revenue-cogs,cog_reconciliation_status,snake_case,output_contract_field,output_contract,- margin_pool - gross_margin_percent - cog_reconciliation_status - cog_reconciliation_difference - cog_reconciliation_variance_percent
13_MIRRA_REVENUE_COGS_v4.0_LOCKED.txt,13_MIRRA_REVENUE_COGS_v4.0_LOCKED.txt,2143,revenue-cogs,cog_reconciliation_variance_percent,snake_case,output_contract_field,output_contract,"cog_reconciliation_status, cog_reconciliation_difference, cog_reconciliation_variance_percent, cog_reconciliation_checks, cog_reconciliation_warnings,"
13_MIRRA_REVENUE_COGS_v4.0_LOCKED.txt,13_MIRRA_REVENUE_COGS_v4.0_LOCKED.txt,2177,revenue-cogs,cog_reconciliation_variance_percent,snake_case,output_contract_field,output_contract,- cog_reconciliation_status - cog_reconciliation_difference - cog_reconciliation_variance_percent - cog_reconciliation_checks - supplier_summary_total_mismatch status
13_MIRRA_REVENUE_COGS_v4.0_LOCKED.txt,13_MIRRA_REVENUE_COGS_v4.0_LOCKED.txt,2145,revenue-cogs,cog_reconciliation_warnings,snake_case,output_contract_field,output_contract,"cog_reconciliation_variance_percent, cog_reconciliation_checks, cog_reconciliation_warnings, commercial_driver_mode, unit_driver_rows,"
13_MIRRA_REVENUE_COGS_v4.0_LOCKED.txt,13_MIRRA_REVENUE_COGS_v4.0_LOCKED.txt,2125,revenue-cogs,cog_subcategories,snake_case,output_contract_field,output_contract,"raw_cog_account_lines, cog_categories, cog_subcategories, cog_category_assignments, supplier_normalisation_rules,"
13_MIRRA_REVENUE_COGS_v4.0_LOCKED.txt,13_MIRRA_REVENUE_COGS_v4.0_LOCKED.txt,2146,revenue-cogs,commercial_driver_mode,snake_case,output_contract_field,output_contract,"cog_reconciliation_checks, cog_reconciliation_warnings, commercial_driver_mode, unit_driver_rows, total_unit_revenue,"
32_MIRRA_QUICK_START_SUPPORTING_MODULE_v5.0.txt,32_MIRRA_QUICK_START_SUPPORTING_MODULE_v5.0.txt,33,revenue-cogs,cost_value,snake_case,output_contract_field,output_contract,- `annual_real_text` - `cost_pct` - `cost_value` - `crew_days` - `direct_cost`
32_MIRRA_QUICK_START_SUPPORTING_MODULE_v5.0.txt,32_MIRRA_QUICK_START_SUPPORTING_MODULE_v5.0.txt,34,revenue-cogs,crew_days,snake_case,output_contract_field,output_contract,- `cost_pct` - `cost_value` - `crew_days` - `direct_cost` - `equivalent_rate`
32_MIRRA_QUICK_START_SUPPORTING_MODULE_v5.0.txt,32_MIRRA_QUICK_START_SUPPORTING_MODULE_v5.0.txt,35,revenue-cogs,direct_cost,snake_case,output_contract_field,output_contract,- `cost_value` - `crew_days` - `direct_cost` - `equivalent_rate` - `equivalent_rate_text`
04_MIRRA_P_AND_L_PAGE_v4.0_LOCKED.txt,04_MIRRA_P_AND_L_PAGE_v4.0_LOCKED.txt,1116,revenue-cogs,direct_cost_category_totals,snake_case,output_contract_field,output_contract,"- Define owner, meaning, source, downstream consumers where known, current/live status, and review notes. ### `direct_cost_category_totals` - Classification: `accept_contract_field`"
04_MIRRA_P_AND_L_PAGE_v4.0_LOCKED.txt,04_MIRRA_P_AND_L_PAGE_v4.0_LOCKED.txt,1555,revenue-cogs,direct_cost_category_totals,snake_case,output_contract_field,output_contract,- assets_benchmark_total - direct_cost_category_totals - employee_overheads_benchmark_total - excluded_asset_finance_interest_total
13_MIRRA_REVENUE_COGS_v4.0_LOCKED.txt,13_MIRRA_REVENUE_COGS_v4.0_LOCKED.txt,2855,revenue-cogs,direct_cost_category_totals,snake_case,output_contract_field,output_contract,- cost_of_sales_lines - direct_cost_categories - direct_cost_category_totals - resolved_commercial_driver_mode
04_MIRRA_P_AND_L_PAGE_v4.0_LOCKED.txt,04_MIRRA_P_AND_L_PAGE_v4.0_LOCKED.txt,1556,revenue-cogs,employee_overheads_benchmark_total,snake_case,output_contract_field,output_contract,- assets_benchmark_total - direct_cost_category_totals - employee_overheads_benchmark_total - excluded_asset_finance_interest_total - general_overheads_benchmark_total
32_MIRRA_QUICK_START_SUPPORTING_MODULE_v5.0.txt,32_MIRRA_QUICK_START_SUPPORTING_MODULE_v5.0.txt,36,revenue-cogs,equivalent_rate,snake_case,output_contract_field,output_contract,- `crew_days` - `direct_cost` - `equivalent_rate` - `equivalent_rate_text` - `equivalent_rate_value`
32_MIRRA_QUICK_START_SUPPORTING_MODULE_v5.0.txt,32_MIRRA_QUICK_START_SUPPORTING_MODULE_v5.0.txt,37,revenue-cogs,equivalent_rate_text,snake_case,output_contract_field,output_contract,- `direct_cost` - `equivalent_rate` - `equivalent_rate_text` - `equivalent_rate_value` - `fill_percent`
04_MIRRA_P_AND_L_PAGE_v4.0_LOCKED.txt,04_MIRRA_P_AND_L_PAGE_v4.0_LOCKED.txt,1557,revenue-cogs,excluded_asset_finance_interest_total,snake_case,output_contract_field,output_contract,- direct_cost_category_totals - employee_overheads_benchmark_total - excluded_asset_finance_interest_total - general_overheads_benchmark_total - gross_profit
13_MIRRA_REVENUE_COGS_v4.0_LOCKED.txt,13_MIRRA_REVENUE_COGS_v4.0_LOCKED.txt,2121,revenue-cogs,gross_margin_percent,snake_case,output_contract_field,output_contract,"total_cogs, margin_pool, gross_margin_percent, revenue_lines, raw_cog_account_lines,"
13_MIRRA_REVENUE_COGS_v4.0_LOCKED.txt,13_MIRRA_REVENUE_COGS_v4.0_LOCKED.txt,2174,revenue-cogs,gross_margin_percent,snake_case,output_contract_field,output_contract,- total_direct_costs - margin_pool - gross_margin_percent - cog_reconciliation_status - cog_reconciliation_difference
14_MIRRA_BUSINESS_SUMMARY_v4.0_LOCKED.txt,14_MIRRA_BUSINESS_SUMMARY_v4.0_LOCKED.txt,1296,revenue-cogs,gross_margin_percent,snake_case,output_contract_field,output_contract,"total_cogs, margin_pool, gross_margin_percent, material_margin,"
14_MIRRA_BUSINESS_SUMMARY_v4.0_LOCKED.txt,14_MIRRA_BUSINESS_SUMMARY_v4.0_LOCKED.txt,1382,revenue-cogs,gross_margin_percent,snake_case,output_contract_field,output_contract,- total_direct_costs - margin_pool - gross_margin_percent - total_people_cost_annual - total_labour_cost_annual
15_MIRRA_REVENUE_REALITY_v4.0_LOCKED.txt,15_MIRRA_REVENUE_REALITY_v4.0_LOCKED.txt,893,revenue-cogs,gross_margin_percent,snake_case,output_contract_field,output_contract,"total_cogs, margin_pool, gross_margin_percent, labour_cost_for_stress_test,"
04_MIRRA_P_AND_L_PAGE_v4.0_LOCKED.txt,04_MIRRA_P_AND_L_PAGE_v4.0_LOCKED.txt,1532,revenue-cogs,implemented_contract_not_documented_in_brief,snake_case,output_contract_field,output_contract,- Reason: Field appears to be a named module output contract wrapper consumed by another module. - Source code file(s): hooks\useAssets.js | hooks\useGeneralOverheads.js | hooks\useRevenueCogs.js | lib\reconciliation\moduleReconciliation.js | lib\reconciliation\reconciliationRules.js - Audit notes: implemented_contract_not_documented_in_brief Brief insertion instruction:
13_MIRRA_REVENUE_COGS_v4.0_LOCKED.txt,13_MIRRA_REVENUE_COGS_v4.0_LOCKED.txt,2879,revenue-cogs,labour_based,snake_case,output_contract_field,output_contract,## output_contract - labour_based # END v5.0 PASS 4 MANUAL ACCEPTED OUTPUT CONTRACT - revenue-cogs
15_MIRRA_REVENUE_REALITY_v4.0_LOCKED.txt,15_MIRRA_REVENUE_REALITY_v4.0_LOCKED.txt,895,revenue-cogs,labour_cost_for_stress_test,snake_case,output_contract_field,output_contract,"gross_margin_percent, labour_cost_for_stress_test, margin_after_labour, residual_margin_after_labour,"
13_MIRRA_REVENUE_COGS_v4.0_LOCKED.txt,13_MIRRA_REVENUE_COGS_v4.0_LOCKED.txt,2120,revenue-cogs,margin_pool,snake_case,output_contract_field,output_contract,"total_direct_costs, total_cogs, margin_pool, gross_margin_percent, revenue_lines,"
13_MIRRA_REVENUE_COGS_v4.0_LOCKED.txt,13_MIRRA_REVENUE_COGS_v4.0_LOCKED.txt,2173,revenue-cogs,margin_pool,snake_case,output_contract_field,output_contract,- total_revenue - total_direct_costs - margin_pool - gross_margin_percent - cog_reconciliation_status
14_MIRRA_BUSINESS_SUMMARY_v4.0_LOCKED.txt,14_MIRRA_BUSINESS_SUMMARY_v4.0_LOCKED.txt,1295,revenue-cogs,margin_pool,snake_case,output_contract_field,output_contract,"total_direct_costs, total_cogs, margin_pool, gross_margin_percent,"
14_MIRRA_BUSINESS_SUMMARY_v4.0_LOCKED.txt,14_MIRRA_BUSINESS_SUMMARY_v4.0_LOCKED.txt,1381,revenue-cogs,margin_pool,snake_case,output_contract_field,output_contract,- total_revenue - total_direct_costs - margin_pool - gross_margin_percent - total_people_cost_annual
15_MIRRA_REVENUE_REALITY_v4.0_LOCKED.txt,15_MIRRA_REVENUE_REALITY_v4.0_LOCKED.txt,892,revenue-cogs,margin_pool,snake_case,output_contract_field,output_contract,"total_direct_costs, total_cogs, margin_pool, gross_margin_percent,"
14_MIRRA_BUSINESS_SUMMARY_v4.0_LOCKED.txt,14_MIRRA_BUSINESS_SUMMARY_v4.0_LOCKED.txt,1298,revenue-cogs,material_margin,snake_case,output_contract_field,output_contract,"gross_margin_percent, material_margin, material_margin_percent, total_people_cost_annual,"
13_MIRRA_REVENUE_COGS_v4.0_LOCKED.txt,13_MIRRA_REVENUE_COGS_v4.0_LOCKED.txt,2847,revenue-cogs,output_contract,snake_case,output_contract_field,output_contract,MODULE_OWNER: revenue-cogs SECTION_TYPE: output_contract SOURCE: MIRRA_ACCEPTED_BRIEF_FIELDS_BY_MODULE_v5.0.csv
13_MIRRA_REVENUE_COGS_v4.0_LOCKED.txt,13_MIRRA_REVENUE_COGS_v4.0_LOCKED.txt,2874,revenue-cogs,output_contract,snake_case,output_contract_field,output_contract,MODULE_OWNER: revenue-cogs SECTION_TYPE: output_contract SOURCE: MIRRA_PASS_4_ACCEPTED_CONTRACT_FIELDS_BCR_v5.0.csv
13_MIRRA_REVENUE_COGS_v4.0_LOCKED.txt,13_MIRRA_REVENUE_COGS_v4.0_LOCKED.txt,2877,revenue-cogs,output_contract,snake_case,output_contract_field,output_contract,SOURCE: MIRRA_PASS_4_ACCEPTED_CONTRACT_FIELDS_BCR_v5.0.csv ## output_contract - labour_based
13_MIRRA_REVENUE_COGS_v4.0_LOCKED.txt,13_MIRRA_REVENUE_COGS_v4.0_LOCKED.txt,2858,revenue-cogs,output_contract_reference_wrappers,snake_case,output_contract_field,output_contract,- resolved_commercial_driver_mode ## output_contract_reference_wrappers - revenue_cogs_output_contract
13_MIRRA_REVENUE_COGS_v4.0_LOCKED.txt,13_MIRRA_REVENUE_COGS_v4.0_LOCKED.txt,2152,revenue-cogs,primary_unit_label,snake_case,output_contract_field,output_contract,"total_unit_margin_pool, total_derived_units_annual, primary_unit_label, primary_unit_type, primary_unit_type_label,"
13_MIRRA_REVENUE_COGS_v4.0_LOCKED.txt,13_MIRRA_REVENUE_COGS_v4.0_LOCKED.txt,2153,revenue-cogs,primary_unit_type,snake_case,output_contract_field,output_contract,"total_derived_units_annual, primary_unit_label, primary_unit_type, primary_unit_type_label, weighted_average_margin_per_unit,"
13_MIRRA_REVENUE_COGS_v4.0_LOCKED.txt,13_MIRRA_REVENUE_COGS_v4.0_LOCKED.txt,2154,revenue-cogs,primary_unit_type_label,snake_case,output_contract_field,output_contract,"primary_unit_label, primary_unit_type, primary_unit_type_label, weighted_average_margin_per_unit, unit_recovery_ready,"
13_MIRRA_REVENUE_COGS_v4.0_LOCKED.txt,13_MIRRA_REVENUE_COGS_v4.0_LOCKED.txt,2123,revenue-cogs,raw_cog_account_lines,snake_case,output_contract_field,output_contract,"gross_margin_percent, revenue_lines, raw_cog_account_lines, cog_categories, cog_subcategories,"
13_MIRRA_REVENUE_COGS_v4.0_LOCKED.txt,13_MIRRA_REVENUE_COGS_v4.0_LOCKED.txt,2856,revenue-cogs,resolved_commercial_driver_mode,snake_case,output_contract_field,output_contract,- direct_cost_categories - direct_cost_category_totals - resolved_commercial_driver_mode ## output_contract_reference_wrappers
29_MIRRA_INTEGRATIONS_API_LAYER_v4.0_LOCKED.txt,29_MIRRA_INTEGRATIONS_API_LAYER_v4.0_LOCKED.txt,567,revenue-cogs,revenue_cogs_import_handoff,snake_case,output_contract_field,output_contract,The integration layer should hand supplier/category source rows to Revenue / COGS. revenue_cogs_import_handoff[] {
13_MIRRA_REVENUE_COGS_v4.0_LOCKED.txt,13_MIRRA_REVENUE_COGS_v4.0_LOCKED.txt,2162,revenue-cogs,revenue_cogs_model_trust_state,snake_case,output_contract_field,output_contract,"revenue_cogs_warnings, revenue_cogs_warning_count, revenue_cogs_model_trust_state }"
13_MIRRA_REVENUE_COGS_v4.0_LOCKED.txt,13_MIRRA_REVENUE_COGS_v4.0_LOCKED.txt,2182,revenue-cogs,revenue_cogs_model_trust_state,snake_case,output_contract_field,output_contract,- supplier_category_total_mismatch status - revenue_cogs_status - revenue_cogs_model_trust_state Module Reconciliation may surface COG reconciliation status.
13_MIRRA_REVENUE_COGS_v4.0_LOCKED.txt,13_MIRRA_REVENUE_COGS_v4.0_LOCKED.txt,2860,revenue-cogs,revenue_cogs_output_contract,snake_case,output_contract_field,output_contract,## output_contract_reference_wrappers - revenue_cogs_output_contract - revenue_cogs_outputs
13_MIRRA_REVENUE_COGS_v4.0_LOCKED.txt,13_MIRRA_REVENUE_COGS_v4.0_LOCKED.txt,2861,revenue-cogs,revenue_cogs_outputs,snake_case,output_contract_field,output_contract,- revenue_cogs_output_contract - revenue_cogs_outputs # END v5.0 MACHINE-READABLE ACCEPTED OUTPUT CONTRACT - revenue-cogs
13_MIRRA_REVENUE_COGS_v4.0_LOCKED.txt,13_MIRRA_REVENUE_COGS_v4.0_LOCKED.txt,2158,revenue-cogs,revenue_cogs_ready,snake_case,output_contract_field,output_contract,"unit_recovery_ready, unit_recovery_warnings, revenue_cogs_ready, revenue_cogs_status, revenue_cogs_warnings,"
13_MIRRA_REVENUE_COGS_v4.0_LOCKED.txt,13_MIRRA_REVENUE_COGS_v4.0_LOCKED.txt,2159,revenue-cogs,revenue_cogs_status,snake_case,output_contract_field,output_contract,"unit_recovery_warnings, revenue_cogs_ready, revenue_cogs_status, revenue_cogs_warnings, revenue_cogs_warning_count,"
13_MIRRA_REVENUE_COGS_v4.0_LOCKED.txt,13_MIRRA_REVENUE_COGS_v4.0_LOCKED.txt,2181,revenue-cogs,revenue_cogs_status,snake_case,output_contract_field,output_contract,- supplier_summary_total_mismatch status - supplier_category_total_mismatch status - revenue_cogs_status - revenue_cogs_model_trust_state
13_MIRRA_REVENUE_COGS_v4.0_LOCKED.txt,13_MIRRA_REVENUE_COGS_v4.0_LOCKED.txt,2161,revenue-cogs,revenue_cogs_warning_count,snake_case,output_contract_field,output_contract,"revenue_cogs_status, revenue_cogs_warnings, revenue_cogs_warning_count, revenue_cogs_model_trust_state }"
13_MIRRA_REVENUE_COGS_v4.0_LOCKED.txt,13_MIRRA_REVENUE_COGS_v4.0_LOCKED.txt,2160,revenue-cogs,revenue_cogs_warnings,snake_case,output_contract_field,output_contract,"revenue_cogs_ready, revenue_cogs_status, revenue_cogs_warnings, revenue_cogs_warning_count, revenue_cogs_model_trust_state"
13_MIRRA_REVENUE_COGS_v4.0_LOCKED.txt,13_MIRRA_REVENUE_COGS_v4.0_LOCKED.txt,2122,revenue-cogs,revenue_lines,snake_case,output_contract_field,output_contract,"margin_pool, gross_margin_percent, revenue_lines, raw_cog_account_lines, cog_categories,"
13_MIRRA_REVENUE_COGS_v4.0_LOCKED.txt,13_MIRRA_REVENUE_COGS_v4.0_LOCKED.txt,2180,revenue-cogs,supplier_category_total_mismatch,snake_case,output_contract_field,output_contract,- cog_reconciliation_checks - supplier_summary_total_mismatch status - supplier_category_total_mismatch status - revenue_cogs_status - revenue_cogs_model_trust_state
13_MIRRA_REVENUE_COGS_v4.0_LOCKED.txt,13_MIRRA_REVENUE_COGS_v4.0_LOCKED.txt,2127,revenue-cogs,supplier_normalisation_rules,snake_case,output_contract_field,output_contract,"cog_subcategories, cog_category_assignments, supplier_normalisation_rules, supplier_summary_rows, supplier_split_overrides,"
13_MIRRA_REVENUE_COGS_v4.0_LOCKED.txt,13_MIRRA_REVENUE_COGS_v4.0_LOCKED.txt,2129,revenue-cogs,supplier_split_overrides,snake_case,output_contract_field,output_contract,"supplier_normalisation_rules, supplier_summary_rows, supplier_split_overrides, cog_category_totals, xero_account_transactions_import_id,"
13_MIRRA_REVENUE_COGS_v4.0_LOCKED.txt,13_MIRRA_REVENUE_COGS_v4.0_LOCKED.txt,2128,revenue-cogs,supplier_summary_rows,snake_case,output_contract_field,output_contract,"cog_category_assignments, supplier_normalisation_rules, supplier_summary_rows, supplier_split_overrides, cog_category_totals,"
13_MIRRA_REVENUE_COGS_v4.0_LOCKED.txt,13_MIRRA_REVENUE_COGS_v4.0_LOCKED.txt,2179,revenue-cogs,supplier_summary_total_mismatch,snake_case,output_contract_field,output_contract,- cog_reconciliation_variance_percent - cog_reconciliation_checks - supplier_summary_total_mismatch status - supplier_category_total_mismatch status - revenue_cogs_status
04_MIRRA_P_AND_L_PAGE_v4.0_LOCKED.txt,04_MIRRA_P_AND_L_PAGE_v4.0_LOCKED.txt,1569,revenue-cogs,total_business_costs,snake_case,output_contract_field,output_contract,- subcontract_cost - total_assigned_business_costs - total_business_costs - total_cogs - total_cost_of_sales
04_MIRRA_P_AND_L_PAGE_v4.0_LOCKED.txt,04_MIRRA_P_AND_L_PAGE_v4.0_LOCKED.txt,1570,revenue-cogs,total_cogs,snake_case,output_contract_field,output_contract,- total_assigned_business_costs - total_business_costs - total_cogs - total_cost_of_sales - total_direct_costs
13_MIRRA_REVENUE_COGS_v4.0_LOCKED.txt,13_MIRRA_REVENUE_COGS_v4.0_LOCKED.txt,2119,revenue-cogs,total_cogs,snake_case,output_contract_field,output_contract,"total_revenue, total_direct_costs, total_cogs, margin_pool, gross_margin_percent,"
14_MIRRA_BUSINESS_SUMMARY_v4.0_LOCKED.txt,14_MIRRA_BUSINESS_SUMMARY_v4.0_LOCKED.txt,1294,revenue-cogs,total_cogs,snake_case,output_contract_field,output_contract,"total_revenue, total_direct_costs, total_cogs, margin_pool, gross_margin_percent,"
15_MIRRA_REVENUE_REALITY_v4.0_LOCKED.txt,15_MIRRA_REVENUE_REALITY_v4.0_LOCKED.txt,891,revenue-cogs,total_cogs,snake_case,output_contract_field,output_contract,"total_revenue, total_direct_costs, total_cogs, margin_pool, gross_margin_percent,"
04_MIRRA_P_AND_L_PAGE_v4.0_LOCKED.txt,04_MIRRA_P_AND_L_PAGE_v4.0_LOCKED.txt,1571,revenue-cogs,total_cost_of_sales,snake_case,output_contract_field,output_contract,- total_business_costs - total_cogs - total_cost_of_sales - total_direct_costs - total_model_costs
13_MIRRA_REVENUE_COGS_v4.0_LOCKED.txt,13_MIRRA_REVENUE_COGS_v4.0_LOCKED.txt,2151,revenue-cogs,total_derived_units_annual,snake_case,output_contract_field,output_contract,"total_unit_direct_cost, total_unit_margin_pool, total_derived_units_annual, primary_unit_label, primary_unit_type,"
04_MIRRA_P_AND_L_PAGE_v4.0_LOCKED.txt,04_MIRRA_P_AND_L_PAGE_v4.0_LOCKED.txt,1572,revenue-cogs,total_direct_costs,snake_case,output_contract_field,output_contract,- total_cogs - total_cost_of_sales - total_direct_costs - total_model_costs - total_operating_expenses
13_MIRRA_REVENUE_COGS_v4.0_LOCKED.txt,13_MIRRA_REVENUE_COGS_v4.0_LOCKED.txt,2118,revenue-cogs,total_direct_costs,snake_case,output_contract_field,output_contract,"{ total_revenue, total_direct_costs, total_cogs, margin_pool,"
13_MIRRA_REVENUE_COGS_v4.0_LOCKED.txt,13_MIRRA_REVENUE_COGS_v4.0_LOCKED.txt,2172,revenue-cogs,total_direct_costs,snake_case,output_contract_field,output_contract,- total_revenue - total_direct_costs - margin_pool - gross_margin_percent
14_MIRRA_BUSINESS_SUMMARY_v4.0_LOCKED.txt,14_MIRRA_BUSINESS_SUMMARY_v4.0_LOCKED.txt,1293,revenue-cogs,total_direct_costs,snake_case,output_contract_field,output_contract,"total_revenue, total_direct_costs, total_cogs, margin_pool,"
14_MIRRA_BUSINESS_SUMMARY_v4.0_LOCKED.txt,14_MIRRA_BUSINESS_SUMMARY_v4.0_LOCKED.txt,1380,revenue-cogs,total_direct_costs,snake_case,output_contract_field,output_contract,- total_revenue - total_direct_costs - margin_pool - gross_margin_percent
15_MIRRA_REVENUE_REALITY_v4.0_LOCKED.txt,15_MIRRA_REVENUE_REALITY_v4.0_LOCKED.txt,890,revenue-cogs,total_direct_costs,snake_case,output_contract_field,output_contract,"total_revenue, total_direct_costs, total_cogs, margin_pool,"
14_MIRRA_BUSINESS_SUMMARY_v4.0_LOCKED.txt,14_MIRRA_BUSINESS_SUMMARY_v4.0_LOCKED.txt,1384,revenue-cogs,total_labour_cost_annual,snake_case,output_contract_field,output_contract,- gross_margin_percent - total_people_cost_annual - total_labour_cost_annual - residual_margin_after_labour - business_summary_model_trust_state
14_MIRRA_BUSINESS_SUMMARY_v4.0_LOCKED.txt,14_MIRRA_BUSINESS_SUMMARY_v4.0_LOCKED.txt,1383,revenue-cogs,total_people_cost_annual,snake_case,output_contract_field,output_contract,- margin_pool - gross_margin_percent - total_people_cost_annual - total_labour_cost_annual - residual_margin_after_labour
13_MIRRA_REVENUE_COGS_v4.0_LOCKED.txt,13_MIRRA_REVENUE_COGS_v4.0_LOCKED.txt,2117,revenue-cogs,total_revenue,snake_case,output_contract_field,output_contract,"{ total_revenue, total_direct_costs, total_cogs,"
13_MIRRA_REVENUE_COGS_v4.0_LOCKED.txt,13_MIRRA_REVENUE_COGS_v4.0_LOCKED.txt,2171,revenue-cogs,total_revenue,snake_case,output_contract_field,output_contract,Module Reconciliation should receive: - total_revenue - total_direct_costs - margin_pool
14_MIRRA_BUSINESS_SUMMARY_v4.0_LOCKED.txt,14_MIRRA_BUSINESS_SUMMARY_v4.0_LOCKED.txt,1292,revenue-cogs,total_revenue,snake_case,output_contract_field,output_contract,"activity_driver_value, total_revenue, total_direct_costs, total_cogs,"
14_MIRRA_BUSINESS_SUMMARY_v4.0_LOCKED.txt,14_MIRRA_BUSINESS_SUMMARY_v4.0_LOCKED.txt,1379,revenue-cogs,total_revenue,snake_case,output_contract_field,output_contract,Revenue Reality should receive: - total_revenue - total_direct_costs - margin_pool
15_MIRRA_REVENUE_REALITY_v4.0_LOCKED.txt,15_MIRRA_REVENUE_REALITY_v4.0_LOCKED.txt,889,revenue-cogs,total_revenue,snake_case,output_contract_field,output_contract,"revenue_reality_model_trust_state, total_revenue, total_direct_costs, total_cogs,"
13_MIRRA_REVENUE_COGS_v4.0_LOCKED.txt,13_MIRRA_REVENUE_COGS_v4.0_LOCKED.txt,2149,revenue-cogs,total_unit_direct_cost,snake_case,output_contract_field,output_contract,"unit_driver_rows, total_unit_revenue, total_unit_direct_cost, total_unit_margin_pool, total_derived_units_annual,"
13_MIRRA_REVENUE_COGS_v4.0_LOCKED.txt,13_MIRRA_REVENUE_COGS_v4.0_LOCKED.txt,2150,revenue-cogs,total_unit_margin_pool,snake_case,output_contract_field,output_contract,"total_unit_revenue, total_unit_direct_cost, total_unit_margin_pool, total_derived_units_annual, primary_unit_label,"
13_MIRRA_REVENUE_COGS_v4.0_LOCKED.txt,13_MIRRA_REVENUE_COGS_v4.0_LOCKED.txt,2148,revenue-cogs,total_unit_revenue,snake_case,output_contract_field,output_contract,"commercial_driver_mode, unit_driver_rows, total_unit_revenue, total_unit_direct_cost, total_unit_margin_pool,"
13_MIRRA_REVENUE_COGS_v4.0_LOCKED.txt,13_MIRRA_REVENUE_COGS_v4.0_LOCKED.txt,2147,revenue-cogs,unit_driver_rows,snake_case,output_contract_field,output_contract,"cog_reconciliation_warnings, commercial_driver_mode, unit_driver_rows, total_unit_revenue, total_unit_direct_cost,"
13_MIRRA_REVENUE_COGS_v4.0_LOCKED.txt,13_MIRRA_REVENUE_COGS_v4.0_LOCKED.txt,2156,revenue-cogs,unit_recovery_ready,snake_case,output_contract_field,output_contract,"primary_unit_type_label, weighted_average_margin_per_unit, unit_recovery_ready, unit_recovery_warnings, revenue_cogs_ready,"
13_MIRRA_REVENUE_COGS_v4.0_LOCKED.txt,13_MIRRA_REVENUE_COGS_v4.0_LOCKED.txt,2157,revenue-cogs,unit_recovery_warnings,snake_case,output_contract_field,output_contract,"weighted_average_margin_per_unit, unit_recovery_ready, unit_recovery_warnings, revenue_cogs_ready, revenue_cogs_status,"
13_MIRRA_REVENUE_COGS_v4.0_LOCKED.txt,13_MIRRA_REVENUE_COGS_v4.0_LOCKED.txt,2155,revenue-cogs,weighted_average_margin_per_unit,snake_case,output_contract_field,output_contract,"primary_unit_type, primary_unit_type_label, weighted_average_margin_per_unit, unit_recovery_ready, unit_recovery_warnings,"
13_MIRRA_REVENUE_COGS_v4.0_LOCKED.txt,13_MIRRA_REVENUE_COGS_v4.0_LOCKED.txt,2131,revenue-cogs,xero_account_transactions_import_id,snake_case,output_contract_field,output_contract,"supplier_split_overrides, cog_category_totals, xero_account_transactions_import_id, cog_import_source_system, cog_import_source_file_name,"
15_MIRRA_REVENUE_REALITY_v4.0_LOCKED.txt,15_MIRRA_REVENUE_REALITY_v4.0_LOCKED.txt,905,revenue-reality,activity_driver_label,snake_case,output_contract_field,output_contract,"activity_driver_type, activity_driver_label, activity_driver_value,"
15_MIRRA_REVENUE_REALITY_v4.0_LOCKED.txt,15_MIRRA_REVENUE_REALITY_v4.0_LOCKED.txt,906,revenue-reality,activity_driver_value,snake_case,output_contract_field,output_contract,"activity_driver_type, activity_driver_label, activity_driver_value, current_margin_per_driver,"
18_MIRRA_RECOVERY_SUMMARY_v4.0_LOCKED.txt,18_MIRRA_RECOVERY_SUMMARY_v4.0_LOCKED.txt,1157,revenue-reality,group_recovery_rows,snake_case,output_contract_field,output_contract,- total_unrecovered_cost - overall_recovery_coverage_percent - group_recovery_rows - recovery warnings - Revenue Reality context
15_MIRRA_REVENUE_REALITY_v4.0_LOCKED.txt,15_MIRRA_REVENUE_REALITY_v4.0_LOCKED.txt,1407,revenue-reality,output_contract,snake_case,output_contract_field,output_contract,MODULE_OWNER: revenue-reality SECTION_TYPE: output_contract SOURCE: MIRRA_ACCEPTED_BRIEF_FIELDS_BY_MODULE_v5.0.csv
18_MIRRA_RECOVERY_SUMMARY_v4.0_LOCKED.txt,18_MIRRA_RECOVERY_SUMMARY_v4.0_LOCKED.txt,1113,revenue-reality,overall_recovery_status,snake_case,output_contract_field,output_contract,"total_recovery_surplus, overall_recovery_coverage_percent, overall_recovery_status, revenue_reality_context,"
15_MIRRA_REVENUE_REALITY_v4.0_LOCKED.txt,15_MIRRA_REVENUE_REALITY_v4.0_LOCKED.txt,883,revenue-reality,revenue_reality_ready,snake_case,output_contract_field,output_contract,"{ revenue_reality_ready, revenue_reality_status, revenue_reality_warnings,"
15_MIRRA_REVENUE_REALITY_v4.0_LOCKED.txt,15_MIRRA_REVENUE_REALITY_v4.0_LOCKED.txt,914,revenue-reality,revenue_reality_source_trace,snake_case,output_contract_field,output_contract,"revenue_reality_summary_cards, revenue_reality_source_trace }"
15_MIRRA_REVENUE_REALITY_v4.0_LOCKED.txt,15_MIRRA_REVENUE_REALITY_v4.0_LOCKED.txt,884,revenue-reality,revenue_reality_status,snake_case,output_contract_field,output_contract,"{ revenue_reality_ready, revenue_reality_status, revenue_reality_warnings, revenue_reality_warning_count,"
22_MIRRA_SOQ_JOB_PO_LAYER_v4.0_LOCKED.txt,22_MIRRA_SOQ_JOB_PO_LAYER_v4.0_LOCKED.txt,757,soq-job-po,job_quote_line_rows,snake_case,output_contract_field,output_contract,"job_rows, schedule_of_quantities_rows, job_quote_line_rows, purchase_order_rows,"
22_MIRRA_SOQ_JOB_PO_LAYER_v4.0_LOCKED.txt,22_MIRRA_SOQ_JOB_PO_LAYER_v4.0_LOCKED.txt,768,soq-job-po,product_rate_validation_rows,snake_case,output_contract_field,output_contract,"unit_cost_validation_rows, product_rate_validation_rows, quote_vs_actual_rows,"
22_MIRRA_SOQ_JOB_PO_LAYER_v4.0_LOCKED.txt,22_MIRRA_SOQ_JOB_PO_LAYER_v4.0_LOCKED.txt,758,soq-job-po,purchase_order_rows,snake_case,output_contract_field,output_contract,"schedule_of_quantities_rows, job_quote_line_rows, purchase_order_rows, material_consumption_rows,"
22_MIRRA_SOQ_JOB_PO_LAYER_v4.0_LOCKED.txt,22_MIRRA_SOQ_JOB_PO_LAYER_v4.0_LOCKED.txt,756,soq-job-po,schedule_of_quantities_rows,snake_case,output_contract_field,output_contract,"job_rows, schedule_of_quantities_rows, job_quote_line_rows, purchase_order_rows,"
22_MIRRA_SOQ_JOB_PO_LAYER_v4.0_LOCKED.txt,22_MIRRA_SOQ_JOB_PO_LAYER_v4.0_LOCKED.txt,749,soq-job-po,soq_job_po_ready,snake_case,output_contract_field,output_contract,"{ soq_job_po_ready, soq_job_po_status, soq_job_po_warnings,"
22_MIRRA_SOQ_JOB_PO_LAYER_v4.0_LOCKED.txt,22_MIRRA_SOQ_JOB_PO_LAYER_v4.0_LOCKED.txt,750,soq-job-po,soq_job_po_status,snake_case,output_contract_field,output_contract,"{ soq_job_po_ready, soq_job_po_status, soq_job_po_warnings, soq_job_po_warning_count,"
04_MIRRA_P_AND_L_PAGE_v4.0_LOCKED.txt,04_MIRRA_P_AND_L_PAGE_v4.0_LOCKED.txt,1174,unknown,accept_contract_field,snake_case,output_contract_field,output_contract,### `gross_profit` - Classification: `accept_contract_field` - Recommended action: `add_to_v5_module_brief_output_contract` - Confidence: `high`
04_MIRRA_P_AND_L_PAGE_v4.0_LOCKED.txt,04_MIRRA_P_AND_L_PAGE_v4.0_LOCKED.txt,1188,unknown,accept_contract_field,snake_case,output_contract_field,output_contract,### `hired_equipment_cost` - Classification: `accept_contract_field` - Recommended action: `add_to_v5_module_brief_output_contract` - Confidence: `medium`
04_MIRRA_P_AND_L_PAGE_v4.0_LOCKED.txt,04_MIRRA_P_AND_L_PAGE_v4.0_LOCKED.txt,1202,unknown,accept_contract_field,snake_case,output_contract_field,output_contract,### `materials_cost` - Classification: `accept_contract_field` - Recommended action: `add_to_v5_module_brief_output_contract` - Confidence: `high`
04_MIRRA_P_AND_L_PAGE_v4.0_LOCKED.txt,04_MIRRA_P_AND_L_PAGE_v4.0_LOCKED.txt,1216,unknown,accept_contract_field,snake_case,output_contract_field,output_contract,### `model_total_costs` - Classification: `accept_contract_field` - Recommended action: `add_to_v5_module_brief_output_contract` - Confidence: `medium`
04_MIRRA_P_AND_L_PAGE_v4.0_LOCKED.txt,04_MIRRA_P_AND_L_PAGE_v4.0_LOCKED.txt,1230,unknown,accept_contract_field,snake_case,output_contract_field,output_contract,### `net_profit` - Classification: `accept_contract_field` - Recommended action: `add_to_v5_module_brief_output_contract` - Confidence: `high`
04_MIRRA_P_AND_L_PAGE_v4.0_LOCKED.txt,04_MIRRA_P_AND_L_PAGE_v4.0_LOCKED.txt,1286,unknown,accept_contract_field,snake_case,output_contract_field,status_readiness_trust,### `subcontract_cost` - Classification: `accept_contract_field` - Recommended action: `add_to_v5_module_brief_output_contract` - Confidence: `high`
04_MIRRA_P_AND_L_PAGE_v4.0_LOCKED.txt,04_MIRRA_P_AND_L_PAGE_v4.0_LOCKED.txt,1300,unknown,accept_contract_field,snake_case,output_contract_field,status_readiness_trust,### `total_assigned_business_costs` - Classification: `accept_contract_field` - Recommended action: `add_to_v5_module_brief_output_contract` - Confidence: `high`
04_MIRRA_P_AND_L_PAGE_v4.0_LOCKED.txt,04_MIRRA_P_AND_L_PAGE_v4.0_LOCKED.txt,1314,unknown,accept_contract_field,snake_case,output_contract_field,status_readiness_trust,### `total_business_costs` - Classification: `accept_contract_field` - Recommended action: `add_to_v5_module_brief_output_contract` - Confidence: `high`
04_MIRRA_P_AND_L_PAGE_v4.0_LOCKED.txt,04_MIRRA_P_AND_L_PAGE_v4.0_LOCKED.txt,1342,unknown,accept_contract_field,snake_case,output_contract_field,status_readiness_trust,### `total_cost_of_sales` - Classification: `accept_contract_field` - Recommended action: `add_to_v5_module_brief_output_contract` - Confidence: `high`
04_MIRRA_P_AND_L_PAGE_v4.0_LOCKED.txt,04_MIRRA_P_AND_L_PAGE_v4.0_LOCKED.txt,1370,unknown,accept_contract_field,snake_case,output_contract_field,status_readiness_trust,### `total_model_costs` - Classification: `accept_contract_field` - Recommended action: `add_to_v5_module_brief_output_contract` - Confidence: `high`
04_MIRRA_P_AND_L_PAGE_v4.0_LOCKED.txt,04_MIRRA_P_AND_L_PAGE_v4.0_LOCKED.txt,1384,unknown,accept_contract_field,snake_case,output_contract_field,status_readiness_trust,### `total_operating_expenses` - Classification: `accept_contract_field` - Recommended action: `add_to_v5_module_brief_output_contract` - Confidence: `high`
04_MIRRA_P_AND_L_PAGE_v4.0_LOCKED.txt,04_MIRRA_P_AND_L_PAGE_v4.0_LOCKED.txt,1412,unknown,accept_contract_field,snake_case,output_contract_field,status_readiness_trust,### `total_revenue` - Classification: `accept_contract_field` - Recommended action: `add_to_v5_module_brief_output_contract` - Confidence: `high`
04_MIRRA_P_AND_L_PAGE_v4.0_LOCKED.txt,04_MIRRA_P_AND_L_PAGE_v4.0_LOCKED.txt,1426,unknown,accept_contract_field,snake_case,output_contract_field,status_readiness_trust,### `total_trading_income` - Classification: `accept_contract_field` - Recommended action: `add_to_v5_module_brief_output_contract` - Confidence: `high`
04_MIRRA_P_AND_L_PAGE_v4.0_LOCKED.txt,04_MIRRA_P_AND_L_PAGE_v4.0_LOCKED.txt,1440,unknown,accept_contract_field,snake_case,output_contract_field,status_readiness_trust,### `unassigned_balance` - Classification: `accept_contract_field` - Recommended action: `add_to_v5_module_brief_output_contract` - Confidence: `high`
04_MIRRA_P_AND_L_PAGE_v4.0_LOCKED.txt,04_MIRRA_P_AND_L_PAGE_v4.0_LOCKED.txt,1454,unknown,accept_contract_field,snake_case,output_contract_field,status_readiness_trust,### `unassigned_details` - Classification: `accept_contract_field` - Recommended action: `add_to_v5_module_brief_output_contract` - Confidence: `high`
04_MIRRA_P_AND_L_PAGE_v4.0_LOCKED.txt,04_MIRRA_P_AND_L_PAGE_v4.0_LOCKED.txt,1468,unknown,accept_contract_field,snake_case,output_contract_field,status_readiness_trust,### `unreviewed_interest_count` - Classification: `accept_contract_field` - Recommended action: `add_to_v5_module_brief_output_contract` - Confidence: `high`
04_MIRRA_P_AND_L_PAGE_v4.0_LOCKED.txt,04_MIRRA_P_AND_L_PAGE_v4.0_LOCKED.txt,1482,unknown,accept_contract_field,snake_case,output_contract_field,status_readiness_trust,### `unreviewed_interest_total` - Classification: `accept_contract_field` - Recommended action: `add_to_v5_module_brief_output_contract` - Confidence: `high`
04_MIRRA_P_AND_L_PAGE_v4.0_LOCKED.txt,04_MIRRA_P_AND_L_PAGE_v4.0_LOCKED.txt,1496,unknown,accept_contract_field,snake_case,output_contract_field,warnings,### `warnings` - Classification: `accept_contract_field` - Recommended action: `add_to_v5_module_brief_output_contract` - Confidence: `medium`
04_MIRRA_P_AND_L_PAGE_v4.0_LOCKED.txt,04_MIRRA_P_AND_L_PAGE_v4.0_LOCKED.txt,1105,unknown,add_to_v5_module_brief_output_contract,snake_case,output_contract_field,output_contract,- Classification: `accept_contract_field` - Recommended action: `add_to_v5_module_brief_output_contract` - Confidence: `high` - Reason: Field is a named business/status/readiness/financial/hour/recovery output used by code.
04_MIRRA_P_AND_L_PAGE_v4.0_LOCKED.txt,04_MIRRA_P_AND_L_PAGE_v4.0_LOCKED.txt,1119,unknown,add_to_v5_module_brief_output_contract,snake_case,output_contract_field,output_contract,- Classification: `accept_contract_field` - Recommended action: `add_to_v5_module_brief_output_contract` - Confidence: `high` - Reason: Field is a named business/status/readiness/financial/hour/recovery output used by code.
04_MIRRA_P_AND_L_PAGE_v4.0_LOCKED.txt,04_MIRRA_P_AND_L_PAGE_v4.0_LOCKED.txt,1133,unknown,add_to_v5_module_brief_output_contract,snake_case,output_contract_field,output_contract,- Classification: `accept_contract_field` - Recommended action: `add_to_v5_module_brief_output_contract` - Confidence: `high` - Reason: Field is a named business/status/readiness/financial/hour/recovery output used by code.
04_MIRRA_P_AND_L_PAGE_v4.0_LOCKED.txt,04_MIRRA_P_AND_L_PAGE_v4.0_LOCKED.txt,1147,unknown,add_to_v5_module_brief_output_contract,snake_case,output_contract_field,output_contract,- Classification: `accept_contract_field` - Recommended action: `add_to_v5_module_brief_output_contract` - Confidence: `high` - Reason: Field is a named business/status/readiness/financial/hour/recovery output used by code.
04_MIRRA_P_AND_L_PAGE_v4.0_LOCKED.txt,04_MIRRA_P_AND_L_PAGE_v4.0_LOCKED.txt,1161,unknown,add_to_v5_module_brief_output_contract,snake_case,output_contract_field,output_contract,- Classification: `accept_contract_field` - Recommended action: `add_to_v5_module_brief_output_contract` - Confidence: `high` - Reason: Field is a named business/status/readiness/financial/hour/recovery output used by code.
04_MIRRA_P_AND_L_PAGE_v4.0_LOCKED.txt,04_MIRRA_P_AND_L_PAGE_v4.0_LOCKED.txt,1175,unknown,add_to_v5_module_brief_output_contract,snake_case,output_contract_field,output_contract,- Classification: `accept_contract_field` - Recommended action: `add_to_v5_module_brief_output_contract` - Confidence: `high` - Reason: Field is a named business/status/readiness/financial/hour/recovery output used by code.
04_MIRRA_P_AND_L_PAGE_v4.0_LOCKED.txt,04_MIRRA_P_AND_L_PAGE_v4.0_LOCKED.txt,1189,unknown,add_to_v5_module_brief_output_contract,snake_case,output_contract_field,output_contract,"- Classification: `accept_contract_field` - Recommended action: `add_to_v5_module_brief_output_contract` - Confidence: `medium` - Reason: Field suffix indicates a likely contract output such as total, status, warning, cost, rate, hours, or row array."
04_MIRRA_P_AND_L_PAGE_v4.0_LOCKED.txt,04_MIRRA_P_AND_L_PAGE_v4.0_LOCKED.txt,1203,unknown,add_to_v5_module_brief_output_contract,snake_case,output_contract_field,output_contract,- Classification: `accept_contract_field` - Recommended action: `add_to_v5_module_brief_output_contract` - Confidence: `high` - Reason: Field is a named business/status/readiness/financial/hour/recovery output used by code.
04_MIRRA_P_AND_L_PAGE_v4.0_LOCKED.txt,04_MIRRA_P_AND_L_PAGE_v4.0_LOCKED.txt,1217,unknown,add_to_v5_module_brief_output_contract,snake_case,output_contract_field,output_contract,"- Classification: `accept_contract_field` - Recommended action: `add_to_v5_module_brief_output_contract` - Confidence: `medium` - Reason: Field suffix indicates a likely contract output such as total, status, warning, cost, rate, hours, or row array."
04_MIRRA_P_AND_L_PAGE_v4.0_LOCKED.txt,04_MIRRA_P_AND_L_PAGE_v4.0_LOCKED.txt,1231,unknown,add_to_v5_module_brief_output_contract,snake_case,output_contract_field,output_contract,- Classification: `accept_contract_field` - Recommended action: `add_to_v5_module_brief_output_contract` - Confidence: `high` - Reason: Field is a named business/status/readiness/financial/hour/recovery output used by code.
04_MIRRA_P_AND_L_PAGE_v4.0_LOCKED.txt,04_MIRRA_P_AND_L_PAGE_v4.0_LOCKED.txt,1245,unknown,add_to_v5_module_brief_output_contract,snake_case,output_contract_field,output_contract,- Classification: `accept_contract_field` - Recommended action: `add_to_v5_module_brief_output_contract` - Confidence: `high` - Reason: Field is a named business/status/readiness/financial/hour/recovery output used by code.
04_MIRRA_P_AND_L_PAGE_v4.0_LOCKED.txt,04_MIRRA_P_AND_L_PAGE_v4.0_LOCKED.txt,1259,unknown,add_to_v5_module_brief_output_contract,snake_case,output_contract_field,output_contract,- Classification: `accept_contract_field` - Recommended action: `add_to_v5_module_brief_output_contract` - Confidence: `high` - Reason: Field is a named business/status/readiness/financial/hour/recovery output used by code.
04_MIRRA_P_AND_L_PAGE_v4.0_LOCKED.txt,04_MIRRA_P_AND_L_PAGE_v4.0_LOCKED.txt,1273,unknown,add_to_v5_module_brief_output_contract,snake_case,output_contract_field,status_readiness_trust,"- Classification: `accept_contract_field` - Recommended action: `add_to_v5_module_brief_output_contract` - Confidence: `medium` - Reason: Field suffix indicates a likely contract output such as total, status, warning, cost, rate, hours, or row array."
04_MIRRA_P_AND_L_PAGE_v4.0_LOCKED.txt,04_MIRRA_P_AND_L_PAGE_v4.0_LOCKED.txt,1287,unknown,add_to_v5_module_brief_output_contract,snake_case,output_contract_field,status_readiness_trust,- Classification: `accept_contract_field` - Recommended action: `add_to_v5_module_brief_output_contract` - Confidence: `high` - Reason: Field is a named business/status/readiness/financial/hour/recovery output used by code.
04_MIRRA_P_AND_L_PAGE_v4.0_LOCKED.txt,04_MIRRA_P_AND_L_PAGE_v4.0_LOCKED.txt,1301,unknown,add_to_v5_module_brief_output_contract,snake_case,output_contract_field,status_readiness_trust,- Classification: `accept_contract_field` - Recommended action: `add_to_v5_module_brief_output_contract` - Confidence: `high` - Reason: Field is a named business/status/readiness/financial/hour/recovery output used by code.
04_MIRRA_P_AND_L_PAGE_v4.0_LOCKED.txt,04_MIRRA_P_AND_L_PAGE_v4.0_LOCKED.txt,1315,unknown,add_to_v5_module_brief_output_contract,snake_case,output_contract_field,status_readiness_trust,- Classification: `accept_contract_field` - Recommended action: `add_to_v5_module_brief_output_contract` - Confidence: `high` - Reason: Field is a named business/status/readiness/financial/hour/recovery output used by code.
04_MIRRA_P_AND_L_PAGE_v4.0_LOCKED.txt,04_MIRRA_P_AND_L_PAGE_v4.0_LOCKED.txt,1329,unknown,add_to_v5_module_brief_output_contract,snake_case,output_contract_field,status_readiness_trust,- Classification: `accept_contract_field` - Recommended action: `add_to_v5_module_brief_output_contract` - Confidence: `high` - Reason: Field is a named business/status/readiness/financial/hour/recovery output used by code.
04_MIRRA_P_AND_L_PAGE_v4.0_LOCKED.txt,04_MIRRA_P_AND_L_PAGE_v4.0_LOCKED.txt,1343,unknown,add_to_v5_module_brief_output_contract,snake_case,output_contract_field,status_readiness_trust,- Classification: `accept_contract_field` - Recommended action: `add_to_v5_module_brief_output_contract` - Confidence: `high` - Reason: Field is a named business/status/readiness/financial/hour/recovery output used by code.
04_MIRRA_P_AND_L_PAGE_v4.0_LOCKED.txt,04_MIRRA_P_AND_L_PAGE_v4.0_LOCKED.txt,1357,unknown,add_to_v5_module_brief_output_contract,snake_case,output_contract_field,status_readiness_trust,- Classification: `accept_contract_field` - Recommended action: `add_to_v5_module_brief_output_contract` - Confidence: `high` - Reason: Field is a named business/status/readiness/financial/hour/recovery output used by code.
04_MIRRA_P_AND_L_PAGE_v4.0_LOCKED.txt,04_MIRRA_P_AND_L_PAGE_v4.0_LOCKED.txt,1371,unknown,add_to_v5_module_brief_output_contract,snake_case,output_contract_field,status_readiness_trust,- Classification: `accept_contract_field` - Recommended action: `add_to_v5_module_brief_output_contract` - Confidence: `high` - Reason: Field is a named business/status/readiness/financial/hour/recovery output used by code.
04_MIRRA_P_AND_L_PAGE_v4.0_LOCKED.txt,04_MIRRA_P_AND_L_PAGE_v4.0_LOCKED.txt,1385,unknown,add_to_v5_module_brief_output_contract,snake_case,output_contract_field,status_readiness_trust,- Classification: `accept_contract_field` - Recommended action: `add_to_v5_module_brief_output_contract` - Confidence: `high` - Reason: Field is a named business/status/readiness/financial/hour/recovery output used by code.
04_MIRRA_P_AND_L_PAGE_v4.0_LOCKED.txt,04_MIRRA_P_AND_L_PAGE_v4.0_LOCKED.txt,1399,unknown,add_to_v5_module_brief_output_contract,snake_case,output_contract_field,status_readiness_trust,- Classification: `accept_contract_field` - Recommended action: `add_to_v5_module_brief_output_contract` - Confidence: `high` - Reason: Field is a named business/status/readiness/financial/hour/recovery output used by code.
04_MIRRA_P_AND_L_PAGE_v4.0_LOCKED.txt,04_MIRRA_P_AND_L_PAGE_v4.0_LOCKED.txt,1413,unknown,add_to_v5_module_brief_output_contract,snake_case,output_contract_field,status_readiness_trust,- Classification: `accept_contract_field` - Recommended action: `add_to_v5_module_brief_output_contract` - Confidence: `high` - Reason: Field is a named business/status/readiness/financial/hour/recovery output used by code.
04_MIRRA_P_AND_L_PAGE_v4.0_LOCKED.txt,04_MIRRA_P_AND_L_PAGE_v4.0_LOCKED.txt,1427,unknown,add_to_v5_module_brief_output_contract,snake_case,output_contract_field,status_readiness_trust,- Classification: `accept_contract_field` - Recommended action: `add_to_v5_module_brief_output_contract` - Confidence: `high` - Reason: Field is a named business/status/readiness/financial/hour/recovery output used by code.
04_MIRRA_P_AND_L_PAGE_v4.0_LOCKED.txt,04_MIRRA_P_AND_L_PAGE_v4.0_LOCKED.txt,1441,unknown,add_to_v5_module_brief_output_contract,snake_case,output_contract_field,status_readiness_trust,- Classification: `accept_contract_field` - Recommended action: `add_to_v5_module_brief_output_contract` - Confidence: `high` - Reason: Field is a named business/status/readiness/financial/hour/recovery output used by code.
04_MIRRA_P_AND_L_PAGE_v4.0_LOCKED.txt,04_MIRRA_P_AND_L_PAGE_v4.0_LOCKED.txt,1455,unknown,add_to_v5_module_brief_output_contract,snake_case,output_contract_field,status_readiness_trust,- Classification: `accept_contract_field` - Recommended action: `add_to_v5_module_brief_output_contract` - Confidence: `high` - Reason: Field is a named business/status/readiness/financial/hour/recovery output used by code.
04_MIRRA_P_AND_L_PAGE_v4.0_LOCKED.txt,04_MIRRA_P_AND_L_PAGE_v4.0_LOCKED.txt,1469,unknown,add_to_v5_module_brief_output_contract,snake_case,output_contract_field,status_readiness_trust,- Classification: `accept_contract_field` - Recommended action: `add_to_v5_module_brief_output_contract` - Confidence: `high` - Reason: Field is a named business/status/readiness/financial/hour/recovery output used by code.
04_MIRRA_P_AND_L_PAGE_v4.0_LOCKED.txt,04_MIRRA_P_AND_L_PAGE_v4.0_LOCKED.txt,1483,unknown,add_to_v5_module_brief_output_contract,snake_case,output_contract_field,status_readiness_trust,- Classification: `accept_contract_field` - Recommended action: `add_to_v5_module_brief_output_contract` - Confidence: `high` - Reason: Field is a named business/status/readiness/financial/hour/recovery output used by code.
04_MIRRA_P_AND_L_PAGE_v4.0_LOCKED.txt,04_MIRRA_P_AND_L_PAGE_v4.0_LOCKED.txt,1497,unknown,add_to_v5_module_brief_output_contract,snake_case,output_contract_field,warnings,- Classification: `accept_contract_field` - Recommended action: `add_to_v5_module_brief_output_contract` - Confidence: `medium` - Reason: Field appears to carry warning state consumed by the UI or downstream modules.
32_MIRRA_QUICK_START_SUPPORTING_MODULE_v5.0.txt,32_MIRRA_QUICK_START_SUPPORTING_MODULE_v5.0.txt,29,unknown,annual_income,snake_case,output_contract_field,output_contract,The quick-start module exposes the following implemented output contract fields: - `annual_income` - `annual_perfect_text` - `annual_real_text`
32_MIRRA_QUICK_START_SUPPORTING_MODULE_v5.0.txt,32_MIRRA_QUICK_START_SUPPORTING_MODULE_v5.0.txt,30,unknown,annual_perfect_text,snake_case,output_contract_field,output_contract,- `annual_income` - `annual_perfect_text` - `annual_real_text` - `cost_pct`
32_MIRRA_QUICK_START_SUPPORTING_MODULE_v5.0.txt,32_MIRRA_QUICK_START_SUPPORTING_MODULE_v5.0.txt,31,unknown,annual_real_text,snake_case,output_contract_field,output_contract,- `annual_income` - `annual_perfect_text` - `annual_real_text` - `cost_pct` - `cost_value`
26_MIRRA_DATA_QUALITY_DASHBOARD_v4.0_LOCKED.txt,26_MIRRA_DATA_QUALITY_DASHBOARD_v4.0_LOCKED.txt,551,unknown,blocking_issues,snake_case,output_contract_field,output_contract,"global_data_quality_issues, blocking_issues, review_required_issues, commercial_warnings,"
32_MIRRA_QUICK_START_SUPPORTING_MODULE_v5.0.txt,32_MIRRA_QUICK_START_SUPPORTING_MODULE_v5.0.txt,32,unknown,cost_pct,snake_case,output_contract_field,output_contract,- `annual_perfect_text` - `annual_real_text` - `cost_pct` - `cost_value` - `crew_days`
26_MIRRA_DATA_QUALITY_DASHBOARD_v4.0_LOCKED.txt,26_MIRRA_DATA_QUALITY_DASHBOARD_v4.0_LOCKED.txt,560,unknown,data_quality_cards,snake_case,output_contract_field,output_contract,"fix_queue_rows, data_quality_cards, data_quality_source_trace }"
24_MIRRA_MODEL_FEEDBACK_LOOP_v4.0_LOCKED.txt,24_MIRRA_MODEL_FEEDBACK_LOOP_v4.0_LOCKED.txt,940,unknown,data_quality_feedback_rows,snake_case,output_contract_field,output_contract,"repeated_issue_rows, data_quality_feedback_rows, model_update_recommendation_rows,"
26_MIRRA_DATA_QUALITY_DASHBOARD_v4.0_LOCKED.txt,26_MIRRA_DATA_QUALITY_DASHBOARD_v4.0_LOCKED.txt,540,unknown,data_quality_ready,snake_case,output_contract_field,output_contract,"{ data_quality_ready, data_quality_status, data_quality_warnings,"
26_MIRRA_DATA_QUALITY_DASHBOARD_v4.0_LOCKED.txt,26_MIRRA_DATA_QUALITY_DASHBOARD_v4.0_LOCKED.txt,546,unknown,data_quality_score,snake_case,output_contract_field,output_contract,"global_data_quality_trust_state, data_quality_score, module_trust_rollup,"
26_MIRRA_DATA_QUALITY_DASHBOARD_v4.0_LOCKED.txt,26_MIRRA_DATA_QUALITY_DASHBOARD_v4.0_LOCKED.txt,561,unknown,data_quality_source_trace,snake_case,output_contract_field,output_contract,"data_quality_cards, data_quality_source_trace }"
26_MIRRA_DATA_QUALITY_DASHBOARD_v4.0_LOCKED.txt,26_MIRRA_DATA_QUALITY_DASHBOARD_v4.0_LOCKED.txt,541,unknown,data_quality_status,snake_case,output_contract_field,output_contract,"{ data_quality_ready, data_quality_status, data_quality_warnings, data_quality_warning_count,"
26_MIRRA_DATA_QUALITY_DASHBOARD_v4.0_LOCKED.txt,26_MIRRA_DATA_QUALITY_DASHBOARD_v4.0_LOCKED.txt,543,unknown,data_quality_warning_count,snake_case,output_contract_field,output_contract,"data_quality_status, data_quality_warnings, data_quality_warning_count, global_data_quality_trust_state,"
26_MIRRA_DATA_QUALITY_DASHBOARD_v4.0_LOCKED.txt,26_MIRRA_DATA_QUALITY_DASHBOARD_v4.0_LOCKED.txt,542,unknown,data_quality_warnings,snake_case,output_contract_field,output_contract,"data_quality_ready, data_quality_status, data_quality_warnings, data_quality_warning_count, global_data_quality_trust_state,"
04_MIRRA_P_AND_L_PAGE_v4.0_LOCKED.txt,04_MIRRA_P_AND_L_PAGE_v4.0_LOCKED.txt,1528,unknown,document_as_reference_wrapper_not_business_metric,snake_case,output_contract_field,output_contract,- Classification: `accept_reference_wrapper` - Recommended action: `document_as_reference_wrapper_not_business_metric` - Confidence: `medium` - Reason: Field appears to be a named module output contract wrapper consumed by another module.
32_MIRRA_QUICK_START_SUPPORTING_MODULE_v5.0.txt,32_MIRRA_QUICK_START_SUPPORTING_MODULE_v5.0.txt,38,unknown,equivalent_rate_value,snake_case,output_contract_field,output_contract,- `equivalent_rate` - `equivalent_rate_text` - `equivalent_rate_value` - `fill_percent` - `headline_rate_pct`
26_MIRRA_DATA_QUALITY_DASHBOARD_v4.0_LOCKED.txt,26_MIRRA_DATA_QUALITY_DASHBOARD_v4.0_LOCKED.txt,580,unknown,estimated_impact,snake_case,output_contract_field,output_contract,"recommended_fix_action, blocking, estimated_impact, issue_status, notes"
24_MIRRA_MODEL_FEEDBACK_LOOP_v4.0_LOCKED.txt,24_MIRRA_MODEL_FEEDBACK_LOOP_v4.0_LOCKED.txt,928,unknown,feedback_signal_rows,snake_case,output_contract_field,output_contract,"model_feedback_trust_state, feedback_signal_rows, rate_review_signal_rows,"
32_MIRRA_QUICK_START_SUPPORTING_MODULE_v5.0.txt,32_MIRRA_QUICK_START_SUPPORTING_MODULE_v5.0.txt,39,unknown,fill_percent,snake_case,output_contract_field,output_contract,- `equivalent_rate_text` - `equivalent_rate_value` - `fill_percent` - `headline_rate_pct` - `headline_rate_text`
26_MIRRA_DATA_QUALITY_DASHBOARD_v4.0_LOCKED.txt,26_MIRRA_DATA_QUALITY_DASHBOARD_v4.0_LOCKED.txt,573,unknown,fix_id,snake_case,output_contract_field,output_contract,"{ fix_id, issue_id, priority,"
26_MIRRA_DATA_QUALITY_DASHBOARD_v4.0_LOCKED.txt,26_MIRRA_DATA_QUALITY_DASHBOARD_v4.0_LOCKED.txt,558,unknown,fix_queue_rows,snake_case,output_contract_field,output_contract,"source_trace_issues, fix_queue_rows, data_quality_cards,"
26_MIRRA_DATA_QUALITY_DASHBOARD_v4.0_LOCKED.txt,26_MIRRA_DATA_QUALITY_DASHBOARD_v4.0_LOCKED.txt,568,unknown,fix_queue_rows,snake_case,output_contract_field,output_contract,# 19. FIX QUEUE CONTRACT fix_queue_rows[] Each row:
32_MIRRA_QUICK_START_SUPPORTING_MODULE_v5.0.txt,32_MIRRA_QUICK_START_SUPPORTING_MODULE_v5.0.txt,76,unknown,format_currency,snake_case,output_contract_field,output_contract,The following fields are not formal output-contract fields: - `format_currency` - `format_hours` - `format_rate`
32_MIRRA_QUICK_START_SUPPORTING_MODULE_v5.0.txt,32_MIRRA_QUICK_START_SUPPORTING_MODULE_v5.0.txt,77,unknown,format_hours,snake_case,output_contract_field,output_contract,- `format_currency` - `format_hours` - `format_rate` - `label`
32_MIRRA_QUICK_START_SUPPORTING_MODULE_v5.0.txt,32_MIRRA_QUICK_START_SUPPORTING_MODULE_v5.0.txt,78,unknown,format_rate,snake_case,output_contract_field,output_contract,- `format_currency` - `format_hours` - `format_rate` - `label` - `value`
26_MIRRA_DATA_QUALITY_DASHBOARD_v4.0_LOCKED.txt,26_MIRRA_DATA_QUALITY_DASHBOARD_v4.0_LOCKED.txt,549,unknown,global_data_quality_issues,snake_case,output_contract_field,output_contract,"module_trust_rollup, global_data_quality_issues, blocking_issues,"
26_MIRRA_DATA_QUALITY_DASHBOARD_v4.0_LOCKED.txt,26_MIRRA_DATA_QUALITY_DASHBOARD_v4.0_LOCKED.txt,544,unknown,global_data_quality_trust_state,snake_case,output_contract_field,output_contract,"data_quality_warnings, data_quality_warning_count, global_data_quality_trust_state, data_quality_score,"
04_MIRRA_P_AND_L_PAGE_v4.0_LOCKED.txt,04_MIRRA_P_AND_L_PAGE_v4.0_LOCKED.txt,1172,unknown,gross_profit,snake_case,output_contract_field,output_contract,"- Define owner, meaning, source, downstream consumers where known, current/live status, and review notes. ### `gross_profit` - Classification: `accept_contract_field`"
32_MIRRA_QUICK_START_SUPPORTING_MODULE_v5.0.txt,32_MIRRA_QUICK_START_SUPPORTING_MODULE_v5.0.txt,40,unknown,headline_rate_pct,snake_case,output_contract_field,output_contract,- `equivalent_rate_value` - `fill_percent` - `headline_rate_pct` - `headline_rate_text` - `headline_rate_value`
32_MIRRA_QUICK_START_SUPPORTING_MODULE_v5.0.txt,32_MIRRA_QUICK_START_SUPPORTING_MODULE_v5.0.txt,41,unknown,headline_rate_text,snake_case,output_contract_field,output_contract,- `fill_percent` - `headline_rate_pct` - `headline_rate_text` - `headline_rate_value` - `hours_per_person`
32_MIRRA_QUICK_START_SUPPORTING_MODULE_v5.0.txt,32_MIRRA_QUICK_START_SUPPORTING_MODULE_v5.0.txt,42,unknown,headline_rate_value,snake_case,output_contract_field,output_contract,- `headline_rate_pct` - `headline_rate_text` - `headline_rate_value` - `hours_per_person` - `implied_cost_per_person_per_hour`
04_MIRRA_P_AND_L_PAGE_v4.0_LOCKED.txt,04_MIRRA_P_AND_L_PAGE_v4.0_LOCKED.txt,1186,unknown,hired_equipment_cost,snake_case,output_contract_field,output_contract,"- Define owner, meaning, source, downstream consumers where known, current/live status, and review notes. ### `hired_equipment_cost` - Classification: `accept_contract_field`"
32_MIRRA_QUICK_START_SUPPORTING_MODULE_v5.0.txt,32_MIRRA_QUICK_START_SUPPORTING_MODULE_v5.0.txt,43,unknown,hours_per_person,snake_case,output_contract_field,output_contract,- `headline_rate_text` - `headline_rate_value` - `hours_per_person` - `implied_cost_per_person_per_hour` - `insight_text`
04_MIRRA_P_AND_L_PAGE_v4.0_LOCKED.txt,04_MIRRA_P_AND_L_PAGE_v4.0_LOCKED.txt,1109,unknown,implemented_contract_not_documented_in_brief,snake_case,output_contract_field,output_contract,- Reason: Field is a named business/status/readiness/financial/hour/recovery output used by code. - Source code file(s): lib\selectors\profitAndLossSelectors.js - Audit notes: implemented_contract_not_documented_in_brief Brief insertion instruction:
04_MIRRA_P_AND_L_PAGE_v4.0_LOCKED.txt,04_MIRRA_P_AND_L_PAGE_v4.0_LOCKED.txt,1123,unknown,implemented_contract_not_documented_in_brief,snake_case,output_contract_field,output_contract,- Reason: Field is a named business/status/readiness/financial/hour/recovery output used by code. - Source code file(s): lib\selectors\profitAndLossSelectors.js - Audit notes: implemented_contract_not_documented_in_brief Brief insertion instruction:
04_MIRRA_P_AND_L_PAGE_v4.0_LOCKED.txt,04_MIRRA_P_AND_L_PAGE_v4.0_LOCKED.txt,1137,unknown,implemented_contract_not_documented_in_brief,snake_case,output_contract_field,output_contract,- Reason: Field is a named business/status/readiness/financial/hour/recovery output used by code. - Source code file(s): lib\selectors\profitAndLossSelectors.js - Audit notes: implemented_contract_not_documented_in_brief Brief insertion instruction:
04_MIRRA_P_AND_L_PAGE_v4.0_LOCKED.txt,04_MIRRA_P_AND_L_PAGE_v4.0_LOCKED.txt,1151,unknown,implemented_contract_not_documented_in_brief,snake_case,output_contract_field,output_contract,- Reason: Field is a named business/status/readiness/financial/hour/recovery output used by code. - Source code file(s): lib\selectors\profitAndLossSelectors.js - Audit notes: implemented_contract_not_documented_in_brief Brief insertion instruction:
04_MIRRA_P_AND_L_PAGE_v4.0_LOCKED.txt,04_MIRRA_P_AND_L_PAGE_v4.0_LOCKED.txt,1165,unknown,implemented_contract_not_documented_in_brief,snake_case,output_contract_field,output_contract,- Reason: Field is a named business/status/readiness/financial/hour/recovery output used by code. - Source code file(s): lib\selectors\profitAndLossSelectors.js - Audit notes: implemented_contract_not_documented_in_brief Brief insertion instruction:
04_MIRRA_P_AND_L_PAGE_v4.0_LOCKED.txt,04_MIRRA_P_AND_L_PAGE_v4.0_LOCKED.txt,1179,unknown,implemented_contract_not_documented_in_brief,snake_case,output_contract_field,output_contract,- Reason: Field is a named business/status/readiness/financial/hour/recovery output used by code. - Source code file(s): lib\selectors\profitAndLossSelectors.js - Audit notes: implemented_contract_not_documented_in_brief Brief insertion instruction:
04_MIRRA_P_AND_L_PAGE_v4.0_LOCKED.txt,04_MIRRA_P_AND_L_PAGE_v4.0_LOCKED.txt,1193,unknown,implemented_contract_not_documented_in_brief,snake_case,output_contract_field,output_contract,"- Reason: Field suffix indicates a likely contract output such as total, status, warning, cost, rate, hours, or row array. - Source code file(s): lib\selectors\profitAndLossSelectors.js - Audit notes: implemented_contract_not_documented_in_brief Brief insertion instruction:"
04_MIRRA_P_AND_L_PAGE_v4.0_LOCKED.txt,04_MIRRA_P_AND_L_PAGE_v4.0_LOCKED.txt,1207,unknown,implemented_contract_not_documented_in_brief,snake_case,output_contract_field,output_contract,- Reason: Field is a named business/status/readiness/financial/hour/recovery output used by code. - Source code file(s): lib\selectors\profitAndLossSelectors.js - Audit notes: implemented_contract_not_documented_in_brief Brief insertion instruction:
04_MIRRA_P_AND_L_PAGE_v4.0_LOCKED.txt,04_MIRRA_P_AND_L_PAGE_v4.0_LOCKED.txt,1221,unknown,implemented_contract_not_documented_in_brief,snake_case,output_contract_field,output_contract,"- Reason: Field suffix indicates a likely contract output such as total, status, warning, cost, rate, hours, or row array. - Source code file(s): lib\selectors\profitAndLossSelectors.js - Audit notes: implemented_contract_not_documented_in_brief Brief insertion instruction:"
04_MIRRA_P_AND_L_PAGE_v4.0_LOCKED.txt,04_MIRRA_P_AND_L_PAGE_v4.0_LOCKED.txt,1235,unknown,implemented_contract_not_documented_in_brief,snake_case,output_contract_field,output_contract,- Reason: Field is a named business/status/readiness/financial/hour/recovery output used by code. - Source code file(s): lib\selectors\profitAndLossSelectors.js - Audit notes: implemented_contract_not_documented_in_brief Brief insertion instruction:
04_MIRRA_P_AND_L_PAGE_v4.0_LOCKED.txt,04_MIRRA_P_AND_L_PAGE_v4.0_LOCKED.txt,1263,unknown,implemented_contract_not_documented_in_brief,snake_case,output_contract_field,output_contract,- Reason: Field is a named business/status/readiness/financial/hour/recovery output used by code. - Source code file(s): lib\selectors\profitAndLossSelectors.js - Audit notes: implemented_contract_not_documented_in_brief Brief insertion instruction:
32_MIRRA_QUICK_START_SUPPORTING_MODULE_v5.0.txt,32_MIRRA_QUICK_START_SUPPORTING_MODULE_v5.0.txt,44,unknown,implied_cost_per_person_per_hour,snake_case,output_contract_field,output_contract,- `headline_rate_value` - `hours_per_person` - `implied_cost_per_person_per_hour` - `insight_text` - `lost_rate_pct`
32_MIRRA_QUICK_START_SUPPORTING_MODULE_v5.0.txt,32_MIRRA_QUICK_START_SUPPORTING_MODULE_v5.0.txt,45,unknown,insight_text,snake_case,output_contract_field,output_contract,- `hours_per_person` - `implied_cost_per_person_per_hour` - `insight_text` - `lost_rate_pct` - `m2_rate`
26_MIRRA_DATA_QUALITY_DASHBOARD_v4.0_LOCKED.txt,26_MIRRA_DATA_QUALITY_DASHBOARD_v4.0_LOCKED.txt,574,unknown,issue_id,snake_case,output_contract_field,output_contract,"{ fix_id, issue_id, priority, source_module,"
26_MIRRA_DATA_QUALITY_DASHBOARD_v4.0_LOCKED.txt,26_MIRRA_DATA_QUALITY_DASHBOARD_v4.0_LOCKED.txt,581,unknown,issue_status,snake_case,output_contract_field,output_contract,"blocking, estimated_impact, issue_status, notes }"
32_MIRRA_QUICK_START_SUPPORTING_MODULE_v5.0.txt,32_MIRRA_QUICK_START_SUPPORTING_MODULE_v5.0.txt,46,unknown,lost_rate_pct,snake_case,output_contract_field,output_contract,- `implied_cost_per_person_per_hour` - `insight_text` - `lost_rate_pct` - `m2_rate` - `mode_key`
32_MIRRA_QUICK_START_SUPPORTING_MODULE_v5.0.txt,32_MIRRA_QUICK_START_SUPPORTING_MODULE_v5.0.txt,47,unknown,m2_rate,snake_case,output_contract_field,output_contract,- `insight_text` - `lost_rate_pct` - `m2_rate` - `mode_key` - `non_working_hours`
04_MIRRA_P_AND_L_PAGE_v4.0_LOCKED.txt,04_MIRRA_P_AND_L_PAGE_v4.0_LOCKED.txt,1200,unknown,materials_cost,snake_case,output_contract_field,output_contract,"- Define owner, meaning, source, downstream consumers where known, current/live status, and review notes. ### `materials_cost` - Classification: `accept_contract_field`"
04_MIRRA_P_AND_L_PAGE_v4.0_LOCKED.txt,04_MIRRA_P_AND_L_PAGE_v4.0_LOCKED.txt,1561,unknown,materials_cost,snake_case,output_contract_field,output_contract,- gross_profit - hired_equipment_cost - materials_cost - model_total_costs - net_profit
32_MIRRA_QUICK_START_SUPPORTING_MODULE_v5.0.txt,32_MIRRA_QUICK_START_SUPPORTING_MODULE_v5.0.txt,48,unknown,mode_key,snake_case,output_contract_field,output_contract,- `lost_rate_pct` - `m2_rate` - `mode_key` - `non_working_hours` - `paid_hours_per_year`
24_MIRRA_MODEL_FEEDBACK_LOOP_v4.0_LOCKED.txt,24_MIRRA_MODEL_FEEDBACK_LOOP_v4.0_LOCKED.txt,922,unknown,model_feedback_ready,snake_case,output_contract_field,output_contract,"{ model_feedback_ready, model_feedback_status, model_feedback_warnings,"
24_MIRRA_MODEL_FEEDBACK_LOOP_v4.0_LOCKED.txt,24_MIRRA_MODEL_FEEDBACK_LOOP_v4.0_LOCKED.txt,948,unknown,model_feedback_source_trace,snake_case,output_contract_field,output_contract,"model_feedback_cards, model_feedback_source_trace }"
24_MIRRA_MODEL_FEEDBACK_LOOP_v4.0_LOCKED.txt,24_MIRRA_MODEL_FEEDBACK_LOOP_v4.0_LOCKED.txt,923,unknown,model_feedback_status,snake_case,output_contract_field,output_contract,"{ model_feedback_ready, model_feedback_status, model_feedback_warnings, model_feedback_warning_count,"
24_MIRRA_MODEL_FEEDBACK_LOOP_v4.0_LOCKED.txt,24_MIRRA_MODEL_FEEDBACK_LOOP_v4.0_LOCKED.txt,926,unknown,model_feedback_trust_state,snake_case,output_contract_field,output_contract,"model_feedback_warnings, model_feedback_warning_count, model_feedback_trust_state, feedback_signal_rows,"
24_MIRRA_MODEL_FEEDBACK_LOOP_v4.0_LOCKED.txt,24_MIRRA_MODEL_FEEDBACK_LOOP_v4.0_LOCKED.txt,925,unknown,model_feedback_warning_count,snake_case,output_contract_field,output_contract,"model_feedback_status, model_feedback_warnings, model_feedback_warning_count, model_feedback_trust_state,"
24_MIRRA_MODEL_FEEDBACK_LOOP_v4.0_LOCKED.txt,24_MIRRA_MODEL_FEEDBACK_LOOP_v4.0_LOCKED.txt,924,unknown,model_feedback_warnings,snake_case,output_contract_field,output_contract,"model_feedback_ready, model_feedback_status, model_feedback_warnings, model_feedback_warning_count, model_feedback_trust_state,"
04_MIRRA_P_AND_L_PAGE_v4.0_LOCKED.txt,04_MIRRA_P_AND_L_PAGE_v4.0_LOCKED.txt,1214,unknown,model_total_costs,snake_case,output_contract_field,output_contract,"- Define owner, meaning, source, downstream consumers where known, current/live status, and review notes. ### `model_total_costs` - Classification: `accept_contract_field`"
24_MIRRA_MODEL_FEEDBACK_LOOP_v4.0_LOCKED.txt,24_MIRRA_MODEL_FEEDBACK_LOOP_v4.0_LOCKED.txt,942,unknown,model_update_recommendation_rows,snake_case,output_contract_field,output_contract,"data_quality_feedback_rows, model_update_recommendation_rows, rate_review_handoff_rows,"
26_MIRRA_DATA_QUALITY_DASHBOARD_v4.0_LOCKED.txt,26_MIRRA_DATA_QUALITY_DASHBOARD_v4.0_LOCKED.txt,548,unknown,module_trust_rollup,snake_case,output_contract_field,output_contract,"data_quality_score, module_trust_rollup, global_data_quality_issues,"
04_MIRRA_P_AND_L_PAGE_v4.0_LOCKED.txt,04_MIRRA_P_AND_L_PAGE_v4.0_LOCKED.txt,1228,unknown,net_profit,snake_case,output_contract_field,output_contract,"- Define owner, meaning, source, downstream consumers where known, current/live status, and review notes. ### `net_profit` - Classification: `accept_contract_field`"
32_MIRRA_QUICK_START_SUPPORTING_MODULE_v5.0.txt,32_MIRRA_QUICK_START_SUPPORTING_MODULE_v5.0.txt,49,unknown,non_working_hours,snake_case,output_contract_field,output_contract,- `m2_rate` - `mode_key` - `non_working_hours` - `paid_hours_per_year` - `perfect_world_income`
04_MIRRA_P_AND_L_PAGE_v4.0_LOCKED.txt,04_MIRRA_P_AND_L_PAGE_v4.0_LOCKED.txt,944,unknown,not_available,snake_case,output_contract_field,output_contract,"- Net Profit check If imported report does not provide all summary totals, show not_available rather than inventing. ---"
03_MIRRA_VARIABLE_CONTRACT_BRIEF_v4.0_LOCKED.txt,03_MIRRA_VARIABLE_CONTRACT_BRIEF_v4.0_LOCKED.txt,186,unknown,output_contract,snake_case,output_contract_field,output_contract,"status, card, output_contract }"
03_MIRRA_VARIABLE_CONTRACT_BRIEF_v4.0_LOCKED.txt,03_MIRRA_VARIABLE_CONTRACT_BRIEF_v4.0_LOCKED.txt,197,unknown,output_contract,snake_case,output_contract_field,output_contract,display-shaped values for UI output_contract = stable downstream contract
04_MIRRA_P_AND_L_PAGE_v4.0_LOCKED.txt,04_MIRRA_P_AND_L_PAGE_v4.0_LOCKED.txt,1603,unknown,output_contract,snake_case,output_contract_field,output_contract,SOURCE: MIRRA_PASS_4_ACCEPTED_CONTRACT_FIELDS_PLA_v5.0.csv ## output_contract - total_other_income
04_MIRRA_P_AND_L_PAGE_v4.0_LOCKED.txt,04_MIRRA_P_AND_L_PAGE_v4.0_LOCKED.txt,1620,unknown,output_contract,snake_case,output_contract_field,output_contract,They are accepted as true module-owned output contract fields. ### Machine-readable output_contract fields - output_contract.warnings
04_MIRRA_P_AND_L_PAGE_v4.0_LOCKED.txt,04_MIRRA_P_AND_L_PAGE_v4.0_LOCKED.txt,1622,unknown,output_contract,snake_case,output_contract_field,output_contract,### Machine-readable output_contract fields - output_contract.warnings
32_MIRRA_QUICK_START_SUPPORTING_MODULE_v5.0.txt,32_MIRRA_QUICK_START_SUPPORTING_MODULE_v5.0.txt,50,unknown,paid_hours_per_year,snake_case,output_contract_field,output_contract,- `mode_key` - `non_working_hours` - `paid_hours_per_year` - `perfect_world_income` - `perfectly`
32_MIRRA_QUICK_START_SUPPORTING_MODULE_v5.0.txt,32_MIRRA_QUICK_START_SUPPORTING_MODULE_v5.0.txt,51,unknown,perfect_world_income,snake_case,output_contract_field,output_contract,- `non_working_hours` - `paid_hours_per_year` - `perfect_world_income` - `perfectly` - `primary_label`
24_MIRRA_MODEL_FEEDBACK_LOOP_v4.0_LOCKED.txt,24_MIRRA_MODEL_FEEDBACK_LOOP_v4.0_LOCKED.txt,937,unknown,positive_feedback_rows,snake_case,output_contract_field,output_contract,"overhead_feedback_rows, quote_alignment_feedback_rows, positive_feedback_rows, repeated_issue_rows,"
32_MIRRA_QUICK_START_SUPPORTING_MODULE_v5.0.txt,32_MIRRA_QUICK_START_SUPPORTING_MODULE_v5.0.txt,53,unknown,primary_label,snake_case,output_contract_field,output_contract,- `perfect_world_income` - `perfectly` - `primary_label` - `primary_value` - `quick_start_state`
32_MIRRA_QUICK_START_SUPPORTING_MODULE_v5.0.txt,32_MIRRA_QUICK_START_SUPPORTING_MODULE_v5.0.txt,54,unknown,primary_value,snake_case,output_contract_field,output_contract,- `perfectly` - `primary_label` - `primary_value` - `quick_start_state` - `rate_drop_amount`
32_MIRRA_QUICK_START_SUPPORTING_MODULE_v5.0.txt,32_MIRRA_QUICK_START_SUPPORTING_MODULE_v5.0.txt,55,unknown,quick_start_state,snake_case,output_contract_field,output_contract,- `primary_label` - `primary_value` - `quick_start_state` - `rate_drop_amount` - `realistically`
32_MIRRA_QUICK_START_SUPPORTING_MODULE_v5.0.txt,32_MIRRA_QUICK_START_SUPPORTING_MODULE_v5.0.txt,56,unknown,rate_drop_amount,snake_case,output_contract_field,output_contract,- `primary_value` - `quick_start_state` - `rate_drop_amount` - `realistically` - `remaining_pct`
24_MIRRA_MODEL_FEEDBACK_LOOP_v4.0_LOCKED.txt,24_MIRRA_MODEL_FEEDBACK_LOOP_v4.0_LOCKED.txt,930,unknown,rate_review_signal_rows,snake_case,output_contract_field,output_contract,"feedback_signal_rows, rate_review_signal_rows, supplier_feedback_rows, material_category_feedback_rows,"
26_MIRRA_DATA_QUALITY_DASHBOARD_v4.0_LOCKED.txt,26_MIRRA_DATA_QUALITY_DASHBOARD_v4.0_LOCKED.txt,578,unknown,recommended_fix_action,snake_case,output_contract_field,output_contract,"source_module, recommended_fix_module, recommended_fix_action, blocking, estimated_impact,"
26_MIRRA_DATA_QUALITY_DASHBOARD_v4.0_LOCKED.txt,26_MIRRA_DATA_QUALITY_DASHBOARD_v4.0_LOCKED.txt,577,unknown,recommended_fix_module,snake_case,output_contract_field,output_contract,"priority, source_module, recommended_fix_module, recommended_fix_action, blocking,"
32_MIRRA_QUICK_START_SUPPORTING_MODULE_v5.0.txt,32_MIRRA_QUICK_START_SUPPORTING_MODULE_v5.0.txt,58,unknown,remaining_pct,snake_case,output_contract_field,output_contract,- `rate_drop_amount` - `realistically` - `remaining_pct` - `remaining_value` - `sub_label`
32_MIRRA_QUICK_START_SUPPORTING_MODULE_v5.0.txt,32_MIRRA_QUICK_START_SUPPORTING_MODULE_v5.0.txt,59,unknown,remaining_value,snake_case,output_contract_field,output_contract,- `realistically` - `remaining_pct` - `remaining_value` - `sub_label` - `team_rate_per_hour`
24_MIRRA_MODEL_FEEDBACK_LOOP_v4.0_LOCKED.txt,24_MIRRA_MODEL_FEEDBACK_LOOP_v4.0_LOCKED.txt,939,unknown,repeated_issue_rows,snake_case,output_contract_field,output_contract,"positive_feedback_rows, repeated_issue_rows, data_quality_feedback_rows,"
04_MIRRA_P_AND_L_PAGE_v4.0_LOCKED.txt,04_MIRRA_P_AND_L_PAGE_v4.0_LOCKED.txt,1042,unknown,review_required,snake_case,output_contract_field,output_contract,7. Operating Expense classification still works. 8. Saved/manual mappings win before fallback rules. 9. Unknown lines go to review_required. 10. No non-zero imported line is silently discarded. 11. Benchmark totals are calculated.
26_MIRRA_DATA_QUALITY_DASHBOARD_v4.0_LOCKED.txt,26_MIRRA_DATA_QUALITY_DASHBOARD_v4.0_LOCKED.txt,552,unknown,review_required_issues,snake_case,output_contract_field,output_contract,"blocking_issues, review_required_issues, commercial_warnings, data_mapping_issues,"
26_MIRRA_DATA_QUALITY_DASHBOARD_v4.0_LOCKED.txt,26_MIRRA_DATA_QUALITY_DASHBOARD_v4.0_LOCKED.txt,576,unknown,source_module,snake_case,output_contract_field,output_contract,"issue_id, priority, source_module, recommended_fix_module, recommended_fix_action,"
32_MIRRA_QUICK_START_SUPPORTING_MODULE_v5.0.txt,32_MIRRA_QUICK_START_SUPPORTING_MODULE_v5.0.txt,60,unknown,sub_label,snake_case,output_contract_field,output_contract,- `remaining_pct` - `remaining_value` - `sub_label` - `team_rate_per_hour` - `total_days`
32_MIRRA_QUICK_START_SUPPORTING_MODULE_v5.0.txt,32_MIRRA_QUICK_START_SUPPORTING_MODULE_v5.0.txt,61,unknown,team_rate_per_hour,snake_case,output_contract_field,output_contract,- `remaining_value` - `sub_label` - `team_rate_per_hour` - `total_days` - `total_job_price`
32_MIRRA_QUICK_START_SUPPORTING_MODULE_v5.0.txt,32_MIRRA_QUICK_START_SUPPORTING_MODULE_v5.0.txt,62,unknown,total_days,snake_case,output_contract_field,output_contract,- `sub_label` - `team_rate_per_hour` - `total_days` - `total_job_price` - `total_job_value`
32_MIRRA_QUICK_START_SUPPORTING_MODULE_v5.0.txt,32_MIRRA_QUICK_START_SUPPORTING_MODULE_v5.0.txt,63,unknown,total_job_price,snake_case,output_contract_field,output_contract,- `team_rate_per_hour` - `total_days` - `total_job_price` - `total_job_value` - `weekly_buffer`
32_MIRRA_QUICK_START_SUPPORTING_MODULE_v5.0.txt,32_MIRRA_QUICK_START_SUPPORTING_MODULE_v5.0.txt,64,unknown,total_job_value,snake_case,output_contract_field,output_contract,- `total_days` - `total_job_price` - `total_job_value` - `weekly_buffer` - `working_hours`
04_MIRRA_P_AND_L_PAGE_v4.0_LOCKED.txt,04_MIRRA_P_AND_L_PAGE_v4.0_LOCKED.txt,1605,unknown,total_other_income,snake_case,output_contract_field,output_contract,## output_contract - total_other_income - warnings
04_MIRRA_P_AND_L_PAGE_v4.0_LOCKED.txt,04_MIRRA_P_AND_L_PAGE_v4.0_LOCKED.txt,1578,unknown,unassigned_balance,snake_case,output_contract_field,output_contract,- total_revenue - total_trading_income - unassigned_balance - unassigned_details - unreviewed_interest_count
04_MIRRA_P_AND_L_PAGE_v4.0_LOCKED.txt,04_MIRRA_P_AND_L_PAGE_v4.0_LOCKED.txt,1579,unknown,unassigned_details,snake_case,output_contract_field,output_contract,- total_trading_income - unassigned_balance - unassigned_details - unreviewed_interest_count - unreviewed_interest_total
04_MIRRA_P_AND_L_PAGE_v4.0_LOCKED.txt,04_MIRRA_P_AND_L_PAGE_v4.0_LOCKED.txt,1580,unknown,unreviewed_interest_count,snake_case,output_contract_field,output_contract,- unassigned_balance - unassigned_details - unreviewed_interest_count - unreviewed_interest_total - warnings
04_MIRRA_P_AND_L_PAGE_v4.0_LOCKED.txt,04_MIRRA_P_AND_L_PAGE_v4.0_LOCKED.txt,1581,unknown,unreviewed_interest_total,snake_case,output_contract_field,output_contract,- unassigned_details - unreviewed_interest_count - unreviewed_interest_total - warnings
32_MIRRA_QUICK_START_SUPPORTING_MODULE_v5.0.txt,32_MIRRA_QUICK_START_SUPPORTING_MODULE_v5.0.txt,70,unknown,update_quick_start_field,snake_case,output_contract_field,output_contract,## Reference / Action Wrappers - `update_quick_start_field` ## Rejected Helper / Display Fields
32_MIRRA_QUICK_START_SUPPORTING_MODULE_v5.0.txt,32_MIRRA_QUICK_START_SUPPORTING_MODULE_v5.0.txt,65,unknown,weekly_buffer,snake_case,output_contract_field,output_contract,- `total_job_price` - `total_job_value` - `weekly_buffer` - `working_hours`
32_MIRRA_QUICK_START_SUPPORTING_MODULE_v5.0.txt,32_MIRRA_QUICK_START_SUPPORTING_MODULE_v5.0.txt,66,unknown,working_hours,snake_case,output_contract_field,output_contract,- `total_job_value` - `weekly_buffer` - `working_hours` ## Reference / Action Wrappers
