module_name,variable_name,audit_status,code_present,brief_present,code_role,brief_role,code_files,brief_files,notes
assets,accept_contract_field,brief_only_missing_in_code,no,yes,,output_contract_field,,09_MIRRA_ASSETS_MODULE_v4.0_LOCKED.txt,intended_contract_not_currently_exposed_by_code
assets,accept_reference_wrapper,brief_only_missing_in_code,no,yes,,output_contract_field,,09_MIRRA_ASSETS_MODULE_v4.0_LOCKED.txt,intended_contract_not_currently_exposed_by_code
assets,add_to_v5_module_brief_output_contract,brief_only_missing_in_code,no,yes,,output_contract_field,,09_MIRRA_ASSETS_MODULE_v4.0_LOCKED.txt,intended_contract_not_currently_exposed_by_code
assets,asset_finance_interest_annual,brief_only_missing_in_code,no,yes,,output_contract_field,,09_MIRRA_ASSETS_MODULE_v4.0_LOCKED.txt,intended_contract_not_currently_exposed_by_code
assets,asset_import_handoff,brief_only_missing_in_code,no,yes,,output_contract_field,,29_MIRRA_INTEGRATIONS_API_LAYER_v4.0_LOCKED.txt,intended_contract_not_currently_exposed_by_code
assets,asset_pool_guardrail_status,brief_only_missing_in_code,no,yes,,output_contract_field,,09_MIRRA_ASSETS_MODULE_v4.0_LOCKED.txt,intended_contract_not_currently_exposed_by_code | status_field
assets,asset_pool_guardrails,brief_only_missing_in_code,no,yes,,output_contract_field,,09_MIRRA_ASSETS_MODULE_v4.0_LOCKED.txt,intended_contract_not_currently_exposed_by_code
assets,asset_reality_model_trust_state,brief_only_missing_in_code,no,yes,,output_contract_field,,16_MIRRA_ASSET_REALITY_v4.0_LOCKED.txt,intended_contract_not_currently_exposed_by_code | trust_state_field
assets,asset_reality_ready,brief_only_missing_in_code,no,yes,,output_contract_field,,16_MIRRA_ASSET_REALITY_v4.0_LOCKED.txt,intended_contract_not_currently_exposed_by_code | readiness_field
assets,asset_reality_source_trace,brief_only_missing_in_code,no,yes,,output_contract_field,,16_MIRRA_ASSET_REALITY_v4.0_LOCKED.txt,intended_contract_not_currently_exposed_by_code
assets,asset_reality_status,brief_only_missing_in_code,no,yes,,output_contract_field,,16_MIRRA_ASSET_REALITY_v4.0_LOCKED.txt,intended_contract_not_currently_exposed_by_code | status_field
assets,asset_reality_warning_count,brief_only_missing_in_code,no,yes,,output_contract_field,,16_MIRRA_ASSET_REALITY_v4.0_LOCKED.txt,intended_contract_not_currently_exposed_by_code
assets,asset_reality_warnings,brief_only_missing_in_code,no,yes,,output_contract_field,,16_MIRRA_ASSET_REALITY_v4.0_LOCKED.txt,intended_contract_not_currently_exposed_by_code | warnings_field
assets,asset_recovery_pressure_summary,brief_only_missing_in_code,no,yes,,output_contract_field,,16_MIRRA_ASSET_REALITY_v4.0_LOCKED.txt,intended_contract_not_currently_exposed_by_code
assets,asset_recovery_rate_status,brief_only_missing_in_code,no,yes,,output_contract_field,,09_MIRRA_ASSETS_MODULE_v4.0_LOCKED.txt,intended_contract_not_currently_exposed_by_code | status_field
assets,asset_rows,brief_only_missing_in_code,no,yes,,output_contract_field,,09_MIRRA_ASSETS_MODULE_v4.0_LOCKED.txt,intended_contract_not_currently_exposed_by_code
assets,asset_running_cost_transfers,brief_only_missing_in_code,no,yes,,output_contract_field,,09_MIRRA_ASSETS_MODULE_v4.0_LOCKED.txt,intended_contract_not_currently_exposed_by_code
assets,asset_underutilisation_flags,brief_only_missing_in_code,no,yes,,output_contract_field,,16_MIRRA_ASSET_REALITY_v4.0_LOCKED.txt,intended_contract_not_currently_exposed_by_code
assets,assets_model_trust_state,brief_only_missing_in_code,no,yes,,output_contract_field,,09_MIRRA_ASSETS_MODULE_v4.0_LOCKED.txt,intended_contract_not_currently_exposed_by_code | trust_state_field
assets,assets_status,brief_only_missing_in_code,no,yes,,output_contract_field,,09_MIRRA_ASSETS_MODULE_v4.0_LOCKED.txt,intended_contract_not_currently_exposed_by_code | status_field
assets,assets_warning_count,brief_only_missing_in_code,no,yes,,output_contract_field,,09_MIRRA_ASSETS_MODULE_v4.0_LOCKED.txt,intended_contract_not_currently_exposed_by_code
assets,assets_warnings,brief_only_missing_in_code,no,yes,,output_contract_field,,09_MIRRA_ASSETS_MODULE_v4.0_LOCKED.txt,intended_contract_not_currently_exposed_by_code | warnings_field
assets,default_utilisation_hours_per_week,brief_only_missing_in_code,no,yes,,output_contract_field,,09_MIRRA_ASSETS_MODULE_v4.0_LOCKED.txt,intended_contract_not_currently_exposed_by_code
assets,document_as_reference_wrapper_not_business_metric,brief_only_missing_in_code,no,yes,,output_contract_field,,09_MIRRA_ASSETS_MODULE_v4.0_LOCKED.txt,intended_contract_not_currently_exposed_by_code
assets,highest_pressure_asset,brief_only_missing_in_code,no,yes,,output_contract_field,,16_MIRRA_ASSET_REALITY_v4.0_LOCKED.txt,intended_contract_not_currently_exposed_by_code
assets,implemented_contract_not_documented_in_brief,brief_only_missing_in_code,no,yes,,output_contract_field,,09_MIRRA_ASSETS_MODULE_v4.0_LOCKED.txt,intended_contract_not_currently_exposed_by_code
assets,lowest_utilisation_asset,brief_only_missing_in_code,no,yes,,output_contract_field,,16_MIRRA_ASSET_REALITY_v4.0_LOCKED.txt,intended_contract_not_currently_exposed_by_code
assets,non_productive_asset_context_rows,brief_only_missing_in_code,no,yes,,output_contract_field,,16_MIRRA_ASSET_REALITY_v4.0_LOCKED.txt,intended_contract_not_currently_exposed_by_code
assets,non_productive_asset_count,brief_only_missing_in_code,no,yes,,output_contract_field,,09_MIRRA_ASSETS_MODULE_v4.0_LOCKED.txt,intended_contract_not_currently_exposed_by_code
assets,non_productive_asset_rows,brief_only_missing_in_code,no,yes,,output_contract_field,,09_MIRRA_ASSETS_MODULE_v4.0_LOCKED.txt,intended_contract_not_currently_exposed_by_code
assets,output_contract_reference_wrappers,brief_only_missing_in_code,no,yes,,output_contract_field,,09_MIRRA_ASSETS_MODULE_v4.0_LOCKED.txt,intended_contract_not_currently_exposed_by_code
assets,overhead_recovery_variance_rows,brief_only_missing_in_code,no,yes,,output_contract_field,,23_MIRRA_JOB_COSTING_PROFITABILITY_v4.0_LOCKED.txt,intended_contract_not_currently_exposed_by_code
assets,productive_asset_reality_rows,brief_only_missing_in_code,no,yes,,output_contract_field,,16_MIRRA_ASSET_REALITY_v4.0_LOCKED.txt,intended_contract_not_currently_exposed_by_code
assets,productive_asset_rows,brief_only_missing_in_code,no,yes,,output_contract_field,,09_MIRRA_ASSETS_MODULE_v4.0_LOCKED.txt,intended_contract_not_currently_exposed_by_code
assets,quote_alignment_feedback_rows,brief_only_missing_in_code,no,yes,,output_contract_field,,24_MIRRA_MODEL_FEEDBACK_LOOP_v4.0_LOCKED.txt,intended_contract_not_currently_exposed_by_code
assets,remaining_overhead_after_asset_transfers,brief_only_missing_in_code,no,yes,,output_contract_field,,09_MIRRA_ASSETS_MODULE_v4.0_LOCKED.txt,intended_contract_not_currently_exposed_by_code
assets,required_asset_recovery_rate,brief_only_missing_in_code,no,yes,,output_contract_field,,09_MIRRA_ASSETS_MODULE_v4.0_LOCKED.txt,intended_contract_not_currently_exposed_by_code
assets,source_document_number,brief_only_missing_in_code,no,yes,,output_contract_field,,29_MIRRA_INTEGRATIONS_API_LAYER_v4.0_LOCKED.txt,intended_contract_not_currently_exposed_by_code
assets,source_trace,brief_only_missing_in_code,no,yes,,output_contract_field,,29_MIRRA_INTEGRATIONS_API_LAYER_v4.0_LOCKED.txt,intended_contract_not_currently_exposed_by_code
assets,suggested_asset_cost_type,brief_only_missing_in_code,no,yes,,output_contract_field,,29_MIRRA_INTEGRATIONS_API_LAYER_v4.0_LOCKED.txt,intended_contract_not_currently_exposed_by_code
assets,suggested_asset_name,brief_only_missing_in_code,no,yes,,output_contract_field,,29_MIRRA_INTEGRATIONS_API_LAYER_v4.0_LOCKED.txt,intended_contract_not_currently_exposed_by_code
assets,total_asset_running_cost_transferred,brief_only_missing_in_code,no,yes,,output_contract_field,,09_MIRRA_ASSETS_MODULE_v4.0_LOCKED.txt,intended_contract_not_currently_exposed_by_code
assets,total_assigned_asset_cost_pool,brief_only_missing_in_code,no,yes,,output_contract_field,,09_MIRRA_ASSETS_MODULE_v4.0_LOCKED.txt,intended_contract_not_currently_exposed_by_code
assets,total_assigned_to_non_productive_assets,brief_only_missing_in_code,no,yes,,output_contract_field,,09_MIRRA_ASSETS_MODULE_v4.0_LOCKED.txt,intended_contract_not_currently_exposed_by_code
assets,total_assigned_to_productive_assets,brief_only_missing_in_code,no,yes,,output_contract_field,,09_MIRRA_ASSETS_MODULE_v4.0_LOCKED.txt,intended_contract_not_currently_exposed_by_code
assets,total_available_asset_cost_pool,brief_only_missing_in_code,no,yes,,output_contract_field,,09_MIRRA_ASSETS_MODULE_v4.0_LOCKED.txt,intended_contract_not_currently_exposed_by_code
assets,total_cost_burden,brief_only_missing_in_code,no,yes,,output_contract_field,,09_MIRRA_ASSETS_MODULE_v4.0_LOCKED.txt,intended_contract_not_currently_exposed_by_code
assets,total_non_productive_asset_cost_annual,brief_only_missing_in_code,no,yes,,output_contract_field,,09_MIRRA_ASSETS_MODULE_v4.0_LOCKED.txt,intended_contract_not_currently_exposed_by_code
assets,total_over_allocated_asset_cost_pool,brief_only_missing_in_code,no,yes,,output_contract_field,,09_MIRRA_ASSETS_MODULE_v4.0_LOCKED.txt,intended_contract_not_currently_exposed_by_code
assets,total_productive_asset_burden,brief_only_missing_in_code,no,yes,,output_contract_field,,09_MIRRA_ASSETS_MODULE_v4.0_LOCKED.txt | 16_MIRRA_ASSET_REALITY_v4.0_LOCKED.txt,intended_contract_not_currently_exposed_by_code
assets,total_productive_asset_cost_annual,brief_only_missing_in_code,no,yes,,output_contract_field,,09_MIRRA_ASSETS_MODULE_v4.0_LOCKED.txt,intended_contract_not_currently_exposed_by_code
assets,total_productive_asset_utilisation_hours,brief_only_missing_in_code,no,yes,,output_contract_field,,16_MIRRA_ASSET_REALITY_v4.0_LOCKED.txt,intended_contract_not_currently_exposed_by_code
assets,total_remaining_asset_cost_pool,brief_only_missing_in_code,no,yes,,output_contract_field,,09_MIRRA_ASSETS_MODULE_v4.0_LOCKED.txt,intended_contract_not_currently_exposed_by_code
assets,utilisation_hours_annual,brief_only_missing_in_code,no,yes,,output_contract_field,,09_MIRRA_ASSETS_MODULE_v4.0_LOCKED.txt,intended_contract_not_currently_exposed_by_code
assets,utilisation_hours_per_week,brief_only_missing_in_code,no,yes,,output_contract_field,,09_MIRRA_ASSETS_MODULE_v4.0_LOCKED.txt,intended_contract_not_currently_exposed_by_code
assets,weighted_required_asset_recovery_rate,brief_only_missing_in_code,no,yes,,output_contract_field,,16_MIRRA_ASSET_REALITY_v4.0_LOCKED.txt,intended_contract_not_currently_exposed_by_code
assets,asset_detail,code_only_not_in_brief,yes,no,output_contract_field,,hooks\useCostSummary.js,,implemented_contract_not_documented_in_brief
assets,asset_outputs,code_only_not_in_brief,yes,no,output_contract_field,,hooks\useRecoverySummary.js,,implemented_contract_not_documented_in_brief
assets,asset_overhead_pools,code_only_not_in_brief,yes,no,output_contract_field,,components\general-overheads\GeneralOverheadSummaryCard.jsx | hooks\useAssets.js | hooks\useGeneralOverheads.js,,implemented_contract_not_documented_in_brief
assets,asset_recovery_overlay,code_only_not_in_brief,yes,no,output_contract_field,,hooks\useCostAllocation.js,,implemented_contract_not_documented_in_brief
assets,assets,code_only_not_in_brief,yes,no,output_contract_field,,app\cost-summary\page.jsx | components\business-summary\BusinessSummaryCard.jsx | components\business-summary\BusinessSummaryHierarchyBuilder.js | components\business-summary\BusinessSummaryMacroPositionCard.jsx | hooks\useAssets.js | hooks\useBusinessSummary.js | hooks\useCostSummary.js | hooks\useQuoteEngine.js | hooks\useRecoverySummary.js,,implemented_contract_not_documented_in_brief
assets,build_asset_recovery_overlay,code_only_not_in_brief,yes,no,output_contract_field,,hooks\cost-allocation\useCostAllocationAssetOverlay.js,,implemented_contract_not_documented_in_brief
assets,general_overheads,code_only_not_in_brief,yes,no,output_contract_field,,hooks\useAssets.js,,implemented_contract_not_documented_in_brief
assets,live_assets,code_only_not_in_brief,yes,no,output_contract_field,,hooks\useAssets.js,,implemented_contract_not_documented_in_brief
assets,safe_array,code_only_not_in_brief,yes,no,output_contract_field,,hooks\cost-allocation\useCostAllocationAssetOverlay.js,,implemented_contract_not_documented_in_brief
assets,safe_number,code_only_not_in_brief,yes,no,output_contract_field,,hooks\cost-allocation\useCostAllocationAssetOverlay.js,,implemented_contract_not_documented_in_brief
assets,saved_assets,code_only_not_in_brief,yes,no,output_contract_field,,hooks\useAssets.js | lib\selectors\assetSelectors.js,,implemented_contract_not_documented_in_brief
assets,active_assets,matched,yes,yes,output_contract_field,output_contract_field,hooks\cost-allocation\useCostAllocationAssetOverlay.js | hooks\useAssets.js | hooks\useCostAllocation.js | hooks\useCostSummary.js | lib\reconciliation\reconciliationRules.js,09_MIRRA_ASSETS_MODULE_v4.0_LOCKED.txt,brief_and_code_aligned
assets,asset_finance_benchmark_total,matched,yes,yes,output_contract_field,output_contract_field,lib\reconciliation\reconciliationRules.js,09_MIRRA_ASSETS_MODULE_v4.0_LOCKED.txt,brief_and_code_aligned
assets,asset_interest_annual,matched,yes,yes,output_contract_field,output_contract_field,hooks\useAssets.js | lib\reconciliation\reconciliationRules.js,09_MIRRA_ASSETS_MODULE_v4.0_LOCKED.txt,brief_and_code_aligned
assets,asset_operator,matched,yes,yes,output_contract_field,output_contract_field,lib\selectors\quickStartSelectors.js,09_MIRRA_ASSETS_MODULE_v4.0_LOCKED.txt,brief_and_code_aligned
assets,asset_output_contract,matched,yes,yes,output_contract_field,output_contract_field,hooks\cost-allocation\useCostAllocationAssetOverlay.js | hooks\useCostAllocation.js | hooks\useCostSummary.js | lib\reconciliation\moduleReconciliation.js | lib\reconciliation\reconciliationRules.js,09_MIRRA_ASSETS_MODULE_v4.0_LOCKED.txt,brief_and_code_aligned
assets,asset_overhead_pool_assignment_summary,matched,yes,yes,output_contract_field,output_contract_field,hooks\useAssets.js | hooks\useCostSummary.js,09_MIRRA_ASSETS_MODULE_v4.0_LOCKED.txt,brief_and_code_aligned
assets,asset_related_unassigned_cost,matched,yes,yes,output_contract_field,output_contract_field,hooks\useAssets.js | hooks\useCostSummary.js | hooks\useGeneralOverheads.js,09_MIRRA_ASSETS_MODULE_v4.0_LOCKED.txt,brief_and_code_aligned
assets,asset_review_required,matched,yes,yes,output_contract_field,output_contract_field,hooks\useAssets.js | hooks\useCostSummary.js | hooks\useGeneralOverheads.js,09_MIRRA_ASSETS_MODULE_v4.0_LOCKED.txt,brief_and_code_aligned
assets,asset_status,matched,yes,yes,output_contract_field,output_contract_field,components\assets\AssetForm.jsx | lib\reconciliation\moduleReconciliation.js | lib\reconciliation\reconciliationRules.js,09_MIRRA_ASSETS_MODULE_v4.0_LOCKED.txt,brief_and_code_aligned | status_field
assets,assets_benchmark_total,matched,yes,yes,output_contract_field,output_contract_field,hooks\useAssets.js | lib\reconciliation\reconciliationRules.js | lib\selectors\assetSelectors.js | lib\storage\assetStorage.js,09_MIRRA_ASSETS_MODULE_v4.0_LOCKED.txt,brief_and_code_aligned
assets,assets_output,matched,yes,yes,output_contract_field,output_contract_field,components\model-readiness\ModelReadinessAuditPanel.jsx,09_MIRRA_ASSETS_MODULE_v4.0_LOCKED.txt,brief_and_code_aligned
assets,assets_ready,matched,yes,yes,output_contract_field,output_contract_field,app\dev\model-readiness\page.jsx | app\model-readiness\page.jsx | hooks\useAssets.js | lib\calculations\assetCalculations.js | lib\reconciliation\reconciliationRules.js | lib\selectors\assetSelectors.js,09_MIRRA_ASSETS_MODULE_v4.0_LOCKED.txt,brief_and_code_aligned | readiness_field
assets,assigned_asset_overhead_cost,matched,yes,yes,output_contract_field,output_contract_field,hooks\useCostSummary.js,09_MIRRA_ASSETS_MODULE_v4.0_LOCKED.txt,brief_and_code_aligned
assets,assigned_asset_overhead_cost_annual,matched,yes,yes,output_contract_field,output_contract_field,hooks\useCostSummary.js,09_MIRRA_ASSETS_MODULE_v4.0_LOCKED.txt,brief_and_code_aligned
assets,base_asset_cost_annual,matched,yes,yes,output_contract_field,output_contract_field,hooks\cost-allocation\useCostAllocationAssetOverlay.js | hooks\useCostSummary.js,09_MIRRA_ASSETS_MODULE_v4.0_LOCKED.txt,brief_and_code_aligned
assets,default_recovery_hours,matched,yes,yes,output_contract_field,output_contract_field,hooks\cost-allocation\useCostAllocationAssetOverlay.js,09_MIRRA_ASSETS_MODULE_v4.0_LOCKED.txt,brief_and_code_aligned
assets,excluded_asset_finance_interest_total,matched,yes,yes,output_contract_field,output_contract_field,lib\reconciliation\reconciliationRules.js,09_MIRRA_ASSETS_MODULE_v4.0_LOCKED.txt,brief_and_code_aligned
assets,has_productive_asset_recovery_base,matched,yes,yes,output_contract_field,output_contract_field,hooks\cost-allocation\useCostAllocationOutputContract.js | hooks\useAssets.js | hooks\useBusinessSummary.js | hooks\useCostSummary.js | lib\calculations\cost-allocation\costAllocationInputBuilder.js | lib\calculations\recoverySummaryCalculations.js | lib\selectors\recoverySummarySelectors.js,09_MIRRA_ASSETS_MODULE_v4.0_LOCKED.txt,brief_and_code_aligned
assets,no_active_assets_confirmed,matched,yes,yes,output_contract_field,output_contract_field,hooks\useAssets.js | lib\reconciliation\reconciliationRules.js | lib\selectors\assetSelectors.js | lib\storage\assetStorage.js,09_MIRRA_ASSETS_MODULE_v4.0_LOCKED.txt,brief_and_code_aligned
assets,output_contract,matched,yes,yes,output_contract_field,output_contract_field,hooks\useAssets.js,09_MIRRA_ASSETS_MODULE_v4.0_LOCKED.txt,brief_and_code_aligned
assets,productive_asset_cost,matched,yes,yes,output_contract_field,output_contract_field,hooks\cost-allocation\useCostAllocationAssetOverlay.js | hooks\useBusinessSummary.js | hooks\useCostAllocation.js | hooks\useCostSummary.js,09_MIRRA_ASSETS_MODULE_v4.0_LOCKED.txt,brief_and_code_aligned
assets,productive_asset_count,matched,yes,yes,output_contract_field,output_contract_field,hooks\useAssets.js | hooks\useBusinessSummary.js | hooks\useCostSummary.js,09_MIRRA_ASSETS_MODULE_v4.0_LOCKED.txt,brief_and_code_aligned
assets,productive_asset_recovery_cost_annual,matched,yes,yes,output_contract_field,output_contract_field,hooks\useCostSummary.js,09_MIRRA_ASSETS_MODULE_v4.0_LOCKED.txt,brief_and_code_aligned
assets,recovery_hours_used,matched,yes,yes,output_contract_field,output_contract_field,hooks\cost-allocation\useCostAllocationAssetOverlay.js,09_MIRRA_ASSETS_MODULE_v4.0_LOCKED.txt,brief_and_code_aligned
assets,support_asset_cost,matched,yes,yes,output_contract_field,output_contract_field,hooks\cost-allocation\useCostAllocationAssetOverlay.js | hooks\useBusinessSummary.js | hooks\useCostAllocation.js | hooks\useCostSummary.js,09_MIRRA_ASSETS_MODULE_v4.0_LOCKED.txt,brief_and_code_aligned
assets,support_asset_count,matched,yes,yes,output_contract_field,output_contract_field,hooks\useAssets.js | hooks\useBusinessSummary.js | hooks\useCostSummary.js,09_MIRRA_ASSETS_MODULE_v4.0_LOCKED.txt,brief_and_code_aligned
assets,total_allocated_asset_overhead_cost_annual,matched,yes,yes,output_contract_field,output_contract_field,hooks\useCostSummary.js,09_MIRRA_ASSETS_MODULE_v4.0_LOCKED.txt,brief_and_code_aligned
assets,total_asset_cost_annual,matched,yes,yes,output_contract_field,output_contract_field,hooks\useAssets.js | hooks\useBusinessSummary.js | hooks\useCostSummary.js | lib\audit\buildLiveAuditSnapshotExport.js | lib\calculations\quoteEngineCalculations.js | lib\reconciliation\reconciliationRules.js,09_MIRRA_ASSETS_MODULE_v4.0_LOCKED.txt,brief_and_code_aligned
assets,total_asset_interest_annual,matched,yes,yes,output_contract_field,output_contract_field,hooks\useCostSummary.js | lib\reconciliation\reconciliationRules.js,09_MIRRA_ASSETS_MODULE_v4.0_LOCKED.txt,brief_and_code_aligned
assets,total_asset_recovery_cost_annual,matched,yes,yes,output_contract_field,output_contract_field,hooks\useAssets.js | hooks\useCostSummary.js,09_MIRRA_ASSETS_MODULE_v4.0_LOCKED.txt,brief_and_code_aligned
assets,total_general_overheads_before_asset_assignment,matched,yes,yes,output_contract_field,output_contract_field,hooks\useCostSummary.js,09_MIRRA_ASSETS_MODULE_v4.0_LOCKED.txt,brief_and_code_aligned
assets,total_unassigned_asset_related_overhead_cost_annual,matched,yes,yes,output_contract_field,output_contract_field,hooks\useAssets.js | hooks\useCostSummary.js | hooks\useGeneralOverheads.js,09_MIRRA_ASSETS_MODULE_v4.0_LOCKED.txt,brief_and_code_aligned
business-modelling,active_model_version,brief_only_missing_in_code,no,yes,,output_contract_field,,25_MIRRA_MODEL_REVIEW_APPROVAL_v4.0_LOCKED.txt,intended_contract_not_currently_exposed_by_code
business-modelling,active_quote_checker_target_set,brief_only_missing_in_code,no,yes,,output_contract_field,,25_MIRRA_MODEL_REVIEW_APPROVAL_v4.0_LOCKED.txt,intended_contract_not_currently_exposed_by_code
business-modelling,approval_audit_trail_rows,brief_only_missing_in_code,no,yes,,output_contract_field,,25_MIRRA_MODEL_REVIEW_APPROVAL_v4.0_LOCKED.txt,intended_contract_not_currently_exposed_by_code
business-modelling,approved_model_versions,brief_only_missing_in_code,no,yes,,output_contract_field,,25_MIRRA_MODEL_REVIEW_APPROVAL_v4.0_LOCKED.txt | 28_MIRRA_DATABASE_STORAGE_EXPORT_LAYER_v4.0_LOCKED.txt,intended_contract_not_currently_exposed_by_code
business-modelling,approved_rate_set_rows,brief_only_missing_in_code,no,yes,,output_contract_field,,25_MIRRA_MODEL_REVIEW_APPROVAL_v4.0_LOCKED.txt,intended_contract_not_currently_exposed_by_code
business-modelling,approved_rate_sets,brief_only_missing_in_code,no,yes,,output_contract_field,,28_MIRRA_DATABASE_STORAGE_EXPORT_LAYER_v4.0_LOCKED.txt,intended_contract_not_currently_exposed_by_code
business-modelling,approved_scenario_rows,brief_only_missing_in_code,no,yes,,output_contract_field,,25_MIRRA_MODEL_REVIEW_APPROVAL_v4.0_LOCKED.txt,intended_contract_not_currently_exposed_by_code
business-modelling,asset_modelling_rows,brief_only_missing_in_code,no,yes,,output_contract_field,,30_MIRRA_BUSINESS_MODELLING_v4.0_LOCKED.txt,intended_contract_not_currently_exposed_by_code
business-modelling,business_modelling_cards,brief_only_missing_in_code,no,yes,,output_contract_field,,30_MIRRA_BUSINESS_MODELLING_v4.0_LOCKED.txt,intended_contract_not_currently_exposed_by_code
business-modelling,business_modelling_model_trust_state,brief_only_missing_in_code,no,yes,,output_contract_field,,30_MIRRA_BUSINESS_MODELLING_v4.0_LOCKED.txt,intended_contract_not_currently_exposed_by_code | trust_state_field
business-modelling,business_modelling_ready,brief_only_missing_in_code,no,yes,,output_contract_field,,30_MIRRA_BUSINESS_MODELLING_v4.0_LOCKED.txt,intended_contract_not_currently_exposed_by_code | readiness_field
business-modelling,business_modelling_scenario_rows,brief_only_missing_in_code,no,yes,,output_contract_field,,30_MIRRA_BUSINESS_MODELLING_v4.0_LOCKED.txt,intended_contract_not_currently_exposed_by_code
business-modelling,business_modelling_source_trace,brief_only_missing_in_code,no,yes,,output_contract_field,,30_MIRRA_BUSINESS_MODELLING_v4.0_LOCKED.txt,intended_contract_not_currently_exposed_by_code
business-modelling,business_modelling_status,brief_only_missing_in_code,no,yes,,output_contract_field,,30_MIRRA_BUSINESS_MODELLING_v4.0_LOCKED.txt,intended_contract_not_currently_exposed_by_code | status_field
business-modelling,business_modelling_warning_count,brief_only_missing_in_code,no,yes,,output_contract_field,,30_MIRRA_BUSINESS_MODELLING_v4.0_LOCKED.txt,intended_contract_not_currently_exposed_by_code
business-modelling,business_modelling_warnings,brief_only_missing_in_code,no,yes,,output_contract_field,,30_MIRRA_BUSINESS_MODELLING_v4.0_LOCKED.txt,intended_contract_not_currently_exposed_by_code | warnings_field
business-modelling,category_modelling_rows,brief_only_missing_in_code,no,yes,,output_contract_field,,30_MIRRA_BUSINESS_MODELLING_v4.0_LOCKED.txt,intended_contract_not_currently_exposed_by_code
business-modelling,current_outcome_summary,brief_only_missing_in_code,no,yes,,output_contract_field,,30_MIRRA_BUSINESS_MODELLING_v4.0_LOCKED.txt,intended_contract_not_currently_exposed_by_code
business-modelling,current_vs_modelled_summary,brief_only_missing_in_code,no,yes,,output_contract_field,,30_MIRRA_BUSINESS_MODELLING_v4.0_LOCKED.txt,intended_contract_not_currently_exposed_by_code
business-modelling,job_rows,brief_only_missing_in_code,no,yes,,output_contract_field,,28_MIRRA_DATABASE_STORAGE_EXPORT_LAYER_v4.0_LOCKED.txt,intended_contract_not_currently_exposed_by_code
business-modelling,labour_modelling_rows,brief_only_missing_in_code,no,yes,,output_contract_field,,30_MIRRA_BUSINESS_MODELLING_v4.0_LOCKED.txt,intended_contract_not_currently_exposed_by_code
business-modelling,modelled_outcome_summary,brief_only_missing_in_code,no,yes,,output_contract_field,,30_MIRRA_BUSINESS_MODELLING_v4.0_LOCKED.txt,intended_contract_not_currently_exposed_by_code
business-modelling,overhead_modelling_rows,brief_only_missing_in_code,no,yes,,output_contract_field,,30_MIRRA_BUSINESS_MODELLING_v4.0_LOCKED.txt,intended_contract_not_currently_exposed_by_code
business-modelling,quote_check_rows,brief_only_missing_in_code,no,yes,,output_contract_field,,28_MIRRA_DATABASE_STORAGE_EXPORT_LAYER_v4.0_LOCKED.txt,intended_contract_not_currently_exposed_by_code
business-modelling,quote_checker_target_set,brief_only_missing_in_code,no,yes,,output_contract_field,,30_MIRRA_BUSINESS_MODELLING_v4.0_LOCKED.txt,intended_contract_not_currently_exposed_by_code
business-modelling,quote_checker_target_sets,brief_only_missing_in_code,no,yes,,output_contract_field,,25_MIRRA_MODEL_REVIEW_APPROVAL_v4.0_LOCKED.txt | 28_MIRRA_DATABASE_STORAGE_EXPORT_LAYER_v4.0_LOCKED.txt,intended_contract_not_currently_exposed_by_code
business-modelling,rate_target_rows,brief_only_missing_in_code,no,yes,,output_contract_field,,30_MIRRA_BUSINESS_MODELLING_v4.0_LOCKED.txt,intended_contract_not_currently_exposed_by_code
business-modelling,selected_target_model,brief_only_missing_in_code,no,yes,,output_contract_field,,30_MIRRA_BUSINESS_MODELLING_v4.0_LOCKED.txt,intended_contract_not_currently_exposed_by_code
business-modelling,supplier_modelling_rows,brief_only_missing_in_code,no,yes,,output_contract_field,,30_MIRRA_BUSINESS_MODELLING_v4.0_LOCKED.txt,intended_contract_not_currently_exposed_by_code
business-modelling,target_model_rows,brief_only_missing_in_code,no,yes,,output_contract_field,,30_MIRRA_BUSINESS_MODELLING_v4.0_LOCKED.txt,intended_contract_not_currently_exposed_by_code
business-modelling,baseline,code_only_not_in_brief,yes,no,output_contract_field,,hooks\useBusinessModelling.js,,implemented_contract_not_documented_in_brief
business-modelling,blocked,code_only_not_in_brief,yes,no,output_contract_field,,hooks\useBusinessModelling.js | lib\calculations\businessModellingCalculations.js | lib\selectors\businessModellingSelectors.js,,implemented_contract_not_documented_in_brief
business-modelling,business_modelling_state,code_only_not_in_brief,yes,no,output_contract_field,,hooks\useBusinessModelling.js,,implemented_contract_not_documented_in_brief
business-modelling,summaryBlocked,code_only_not_in_brief,yes,no,output_contract_field,,hooks\useBusinessModelling.js,,implemented_contract_not_documented_in_brief
business-modelling,summaryWarnings,code_only_not_in_brief,yes,no,output_contract_field,,hooks\useBusinessModelling.js,,implemented_contract_not_documented_in_brief
business-modelling,active_scenario,matched,yes,yes,output_contract_field,output_contract_field,hooks\useBusinessModelling.js | lib\selectors\businessModellingSelectors.js,30_MIRRA_BUSINESS_MODELLING_v4.0_LOCKED.txt,brief_and_code_aligned
business-modelling,baseline_snapshot,matched,yes,yes,output_contract_field,output_contract_field,hooks\useBusinessModelling.js | lib\calculations\businessModellingCalculations.js | lib\storage\businessModellingStorage.js,30_MIRRA_BUSINESS_MODELLING_v4.0_LOCKED.txt,brief_and_code_aligned
business-modelling,current_margin_per_productive_hour,matched,yes,yes,output_contract_field,output_contract_field,hooks\useBusinessModelling.js,30_MIRRA_BUSINESS_MODELLING_v4.0_LOCKED.txt,brief_and_code_aligned
business-modelling,has_baseline,matched,yes,yes,output_contract_field,output_contract_field,hooks\useBusinessModelling.js,30_MIRRA_BUSINESS_MODELLING_v4.0_LOCKED.txt,brief_and_code_aligned
business-modelling,modelling_ready,matched,yes,yes,output_contract_field,output_contract_field,app\business-modelling\page.jsx | hooks\useBusinessModelling.js | lib\selectors\businessModellingSelectors.js,30_MIRRA_BUSINESS_MODELLING_v4.0_LOCKED.txt,brief_and_code_aligned | readiness_field
business-modelling,output_contract,matched,yes,yes,output_contract_field,output_contract_field,hooks\useBusinessModelling.js,30_MIRRA_BUSINESS_MODELLING_v4.0_LOCKED.txt,brief_and_code_aligned
business-modelling,recovery_gap_per_hour,matched,yes,yes,output_contract_field,output_contract_field,app\business-modelling\page.jsx | components\business-modelling\BusinessModellingBaselineCard.jsx | hooks\useBusinessModelling.js | lib\calculations\businessModellingCalculations.js | lib\selectors\businessModellingSelectors.js,30_MIRRA_BUSINESS_MODELLING_v4.0_LOCKED.txt,brief_and_code_aligned
business-modelling,summary_status,matched,yes,yes,output_contract_field,output_contract_field,hooks\useBusinessModelling.js,30_MIRRA_BUSINESS_MODELLING_v4.0_LOCKED.txt,brief_and_code_aligned | status_field
business-modelling,total_available_hours_before_productivity,matched,yes,yes,output_contract_field,output_contract_field,hooks\useBusinessModelling.js,30_MIRRA_BUSINESS_MODELLING_v4.0_LOCKED.txt,brief_and_code_aligned
business-modelling,total_revenue,matched,yes,yes,output_contract_field,output_contract_field,hooks\useBusinessModelling.js,30_MIRRA_BUSINESS_MODELLING_v4.0_LOCKED.txt,brief_and_code_aligned
business-modelling,weighted_productivity_percent,matched,yes,yes,output_contract_field,output_contract_field,hooks\useBusinessModelling.js,30_MIRRA_BUSINESS_MODELLING_v4.0_LOCKED.txt,brief_and_code_aligned
business-outcome,business_outcome_cards,brief_only_missing_in_code,no,yes,,output_contract_field,,20_MIRRA_BUSINESS_OUTCOME_v4.0_LOCKED.txt,intended_contract_not_currently_exposed_by_code
business-outcome,business_outcome_handoff_rows,brief_only_missing_in_code,no,yes,,output_contract_field,,24_MIRRA_MODEL_FEEDBACK_LOOP_v4.0_LOCKED.txt,intended_contract_not_currently_exposed_by_code
business-outcome,business_outcome_ready,brief_only_missing_in_code,no,yes,,output_contract_field,,20_MIRRA_BUSINESS_OUTCOME_v4.0_LOCKED.txt,intended_contract_not_currently_exposed_by_code | readiness_field
business-outcome,business_outcome_source_trace,brief_only_missing_in_code,no,yes,,output_contract_field,,20_MIRRA_BUSINESS_OUTCOME_v4.0_LOCKED.txt,intended_contract_not_currently_exposed_by_code
business-outcome,business_outcome_status,brief_only_missing_in_code,no,yes,,output_contract_field,,20_MIRRA_BUSINESS_OUTCOME_v4.0_LOCKED.txt,intended_contract_not_currently_exposed_by_code | status_field
business-outcome,category_sensitivity_rows,brief_only_missing_in_code,no,yes,,output_contract_field,,20_MIRRA_BUSINESS_OUTCOME_v4.0_LOCKED.txt,intended_contract_not_currently_exposed_by_code
business-outcome,job_costing_cards,brief_only_missing_in_code,no,yes,,output_contract_field,,23_MIRRA_JOB_COSTING_PROFITABILITY_v4.0_LOCKED.txt,intended_contract_not_currently_exposed_by_code
business-outcome,material_markup_context,brief_only_missing_in_code,no,yes,,output_contract_field,,20_MIRRA_BUSINESS_OUTCOME_v4.0_LOCKED.txt,intended_contract_not_currently_exposed_by_code
business-outcome,model_feedback_cards,brief_only_missing_in_code,no,yes,,output_contract_field,,24_MIRRA_MODEL_FEEDBACK_LOOP_v4.0_LOCKED.txt,intended_contract_not_currently_exposed_by_code
business-outcome,modelled_outcome_summary,brief_only_missing_in_code,no,yes,,output_contract_field,,20_MIRRA_BUSINESS_OUTCOME_v4.0_LOCKED.txt,intended_contract_not_currently_exposed_by_code
business-outcome,modelled_scenarios,brief_only_missing_in_code,no,yes,,output_contract_field,,20_MIRRA_BUSINESS_OUTCOME_v4.0_LOCKED.txt,intended_contract_not_currently_exposed_by_code
business-outcome,passing_lines,brief_only_missing_in_code,no,yes,,output_contract_field,,21_MIRRA_QUOTE_CHECKER_v4.0_LOCKED.txt,intended_contract_not_currently_exposed_by_code
business-outcome,pressure_source,brief_only_missing_in_code,no,yes,,output_contract_field,,20_MIRRA_BUSINESS_OUTCOME_v4.0_LOCKED.txt,intended_contract_not_currently_exposed_by_code
business-outcome,pressure_source_breakdown,brief_only_missing_in_code,no,yes,,output_contract_field,,20_MIRRA_BUSINESS_OUTCOME_v4.0_LOCKED.txt,intended_contract_not_currently_exposed_by_code
business-outcome,quote_checker_targets,brief_only_missing_in_code,no,yes,,output_contract_field,,20_MIRRA_BUSINESS_OUTCOME_v4.0_LOCKED.txt,intended_contract_not_currently_exposed_by_code
business-outcome,rate_impact_rows,brief_only_missing_in_code,no,yes,,output_contract_field,,20_MIRRA_BUSINESS_OUTCOME_v4.0_LOCKED.txt,intended_contract_not_currently_exposed_by_code
business-outcome,rate_review_handoff_rows,brief_only_missing_in_code,no,yes,,output_contract_field,,24_MIRRA_MODEL_FEEDBACK_LOOP_v4.0_LOCKED.txt,intended_contract_not_currently_exposed_by_code
business-outcome,source_trace,brief_only_missing_in_code,no,yes,,output_contract_field,,22_MIRRA_SOQ_JOB_PO_LAYER_v4.0_LOCKED.txt,intended_contract_not_currently_exposed_by_code
business-outcome,supplier_sensitivity_rows,brief_only_missing_in_code,no,yes,,output_contract_field,,20_MIRRA_BUSINESS_OUTCOME_v4.0_LOCKED.txt,intended_contract_not_currently_exposed_by_code
business-setup,business_setup_model_trust_state,brief_only_missing_in_code,no,yes,,output_contract_field,,12_MIRRA_BUSINESS_SETUP_v4.0_LOCKED.txt,intended_contract_not_currently_exposed_by_code | trust_state_field
business-setup,business_setup_ready,brief_only_missing_in_code,no,yes,,output_contract_field,,12_MIRRA_BUSINESS_SETUP_v4.0_LOCKED.txt,intended_contract_not_currently_exposed_by_code | readiness_field
business-setup,business_setup_status,brief_only_missing_in_code,no,yes,,output_contract_field,,12_MIRRA_BUSINESS_SETUP_v4.0_LOCKED.txt,intended_contract_not_currently_exposed_by_code | status_field
business-setup,business_setup_warning_count,brief_only_missing_in_code,no,yes,,output_contract_field,,12_MIRRA_BUSINESS_SETUP_v4.0_LOCKED.txt,intended_contract_not_currently_exposed_by_code
business-setup,business_setup_warnings,brief_only_missing_in_code,no,yes,,output_contract_field,,12_MIRRA_BUSINESS_SETUP_v4.0_LOCKED.txt,intended_contract_not_currently_exposed_by_code | warnings_field
business-setup,business_type,brief_only_missing_in_code,no,yes,,output_contract_field,,12_MIRRA_BUSINESS_SETUP_v4.0_LOCKED.txt,intended_contract_not_currently_exposed_by_code
business-setup,created_at,brief_only_missing_in_code,no,yes,,output_contract_field,,12_MIRRA_BUSINESS_SETUP_v4.0_LOCKED.txt,intended_contract_not_currently_exposed_by_code
business-setup,is_labour_based,brief_only_missing_in_code,no,yes,,output_contract_field,,12_MIRRA_BUSINESS_SETUP_v4.0_LOCKED.txt,intended_contract_not_currently_exposed_by_code | readiness_field
business-setup,is_product_based,brief_only_missing_in_code,no,yes,,output_contract_field,,12_MIRRA_BUSINESS_SETUP_v4.0_LOCKED.txt,intended_contract_not_currently_exposed_by_code | readiness_field
business-setup,setup_completed,brief_only_missing_in_code,no,yes,,output_contract_field,,12_MIRRA_BUSINESS_SETUP_v4.0_LOCKED.txt,intended_contract_not_currently_exposed_by_code
business-setup,updated_at,brief_only_missing_in_code,no,yes,,output_contract_field,,12_MIRRA_BUSINESS_SETUP_v4.0_LOCKED.txt,intended_contract_not_currently_exposed_by_code
business-setup,business_setup_output_contract,code_only_not_in_brief,yes,no,output_contract_field,,hooks\useRevenueCogs.js | hooks\useRevenueReality.js,,implemented_contract_not_documented_in_brief
business-setup,business_setup_state,code_only_not_in_brief,yes,no,output_contract_field,,hooks\useBusinessSetup.js,,implemented_contract_not_documented_in_brief
business-setup,business_name,matched,yes,yes,output_contract_field,output_contract_field,hooks\useBusinessSetup.js | lib\selectors\businessSetupSelectors.js | lib\storage\businessSetupStorage.js,12_MIRRA_BUSINESS_SETUP_v4.0_LOCKED.txt,brief_and_code_aligned
business-setup,output_contract,matched,yes,yes,output_contract_field,output_contract_field,hooks\useBusinessSetup.js,12_MIRRA_BUSINESS_SETUP_v4.0_LOCKED.txt,brief_and_code_aligned
business-summary,accept_contract_field,brief_only_missing_in_code,no,yes,,output_contract_field,,14_MIRRA_BUSINESS_SUMMARY_v4.0_LOCKED.txt,intended_contract_not_currently_exposed_by_code
business-summary,accept_reference_wrapper,brief_only_missing_in_code,no,yes,,output_contract_field,,14_MIRRA_BUSINESS_SUMMARY_v4.0_LOCKED.txt,intended_contract_not_currently_exposed_by_code
business-summary,activity_driver_label,brief_only_missing_in_code,no,yes,,output_contract_field,,14_MIRRA_BUSINESS_SUMMARY_v4.0_LOCKED.txt,intended_contract_not_currently_exposed_by_code
business-summary,activity_driver_type,brief_only_missing_in_code,no,yes,,output_contract_field,,14_MIRRA_BUSINESS_SUMMARY_v4.0_LOCKED.txt,intended_contract_not_currently_exposed_by_code
business-summary,activity_driver_value,brief_only_missing_in_code,no,yes,,output_contract_field,,14_MIRRA_BUSINESS_SUMMARY_v4.0_LOCKED.txt,intended_contract_not_currently_exposed_by_code
business-summary,add_to_v5_module_brief_output_contract,brief_only_missing_in_code,no,yes,,output_contract_field,,14_MIRRA_BUSINESS_SUMMARY_v4.0_LOCKED.txt,intended_contract_not_currently_exposed_by_code
business-summary,asset_finance_bridge_variance,brief_only_missing_in_code,no,yes,,output_contract_field,,14_MIRRA_BUSINESS_SUMMARY_v4.0_LOCKED.txt,intended_contract_not_currently_exposed_by_code
business-summary,asset_reality_context,brief_only_missing_in_code,no,yes,,output_contract_field,,14_MIRRA_BUSINESS_SUMMARY_v4.0_LOCKED.txt,intended_contract_not_currently_exposed_by_code
business-summary,asset_reality_model_trust_state,brief_only_missing_in_code,no,yes,,output_contract_field,,14_MIRRA_BUSINESS_SUMMARY_v4.0_LOCKED.txt,intended_contract_not_currently_exposed_by_code | trust_state_field
business-summary,asset_reality_status,brief_only_missing_in_code,no,yes,,output_contract_field,,14_MIRRA_BUSINESS_SUMMARY_v4.0_LOCKED.txt,intended_contract_not_currently_exposed_by_code | status_field
business-summary,asset_recovery_pressure_summary,brief_only_missing_in_code,no,yes,,output_contract_field,,14_MIRRA_BUSINESS_SUMMARY_v4.0_LOCKED.txt,intended_contract_not_currently_exposed_by_code
business-summary,bridge_difference,brief_only_missing_in_code,no,yes,,output_contract_field,,14_MIRRA_BUSINESS_SUMMARY_v4.0_LOCKED.txt,intended_contract_not_currently_exposed_by_code
business-summary,bridge_status,brief_only_missing_in_code,no,yes,,output_contract_field,,14_MIRRA_BUSINESS_SUMMARY_v4.0_LOCKED.txt,intended_contract_not_currently_exposed_by_code | status_field
business-summary,business_summary_cards,brief_only_missing_in_code,no,yes,,output_contract_field,,14_MIRRA_BUSINESS_SUMMARY_v4.0_LOCKED.txt,intended_contract_not_currently_exposed_by_code
business-summary,business_summary_model_trust_state,brief_only_missing_in_code,no,yes,,output_contract_field,,14_MIRRA_BUSINESS_SUMMARY_v4.0_LOCKED.txt,intended_contract_not_currently_exposed_by_code | trust_state_field
business-summary,business_summary_source_trace,brief_only_missing_in_code,no,yes,,output_contract_field,,14_MIRRA_BUSINESS_SUMMARY_v4.0_LOCKED.txt,intended_contract_not_currently_exposed_by_code
business-summary,business_summary_warning_count,brief_only_missing_in_code,no,yes,,output_contract_field,,14_MIRRA_BUSINESS_SUMMARY_v4.0_LOCKED.txt,intended_contract_not_currently_exposed_by_code
business-summary,current_margin_label,brief_only_missing_in_code,no,yes,,output_contract_field,,14_MIRRA_BUSINESS_SUMMARY_v4.0_LOCKED.txt,intended_contract_not_currently_exposed_by_code
business-summary,current_margin_per_driver,brief_only_missing_in_code,no,yes,,output_contract_field,,14_MIRRA_BUSINESS_SUMMARY_v4.0_LOCKED.txt,intended_contract_not_currently_exposed_by_code
business-summary,document_as_reference_wrapper_not_business_metric,brief_only_missing_in_code,no,yes,,output_contract_field,,14_MIRRA_BUSINESS_SUMMARY_v4.0_LOCKED.txt,intended_contract_not_currently_exposed_by_code
business-summary,general_overheads_bridge_variance,brief_only_missing_in_code,no,yes,,output_contract_field,,14_MIRRA_BUSINESS_SUMMARY_v4.0_LOCKED.txt,intended_contract_not_currently_exposed_by_code
business-summary,gross_margin_percent,brief_only_missing_in_code,no,yes,,output_contract_field,,14_MIRRA_BUSINESS_SUMMARY_v4.0_LOCKED.txt,intended_contract_not_currently_exposed_by_code
business-summary,highest_pressure_asset,brief_only_missing_in_code,no,yes,,output_contract_field,,14_MIRRA_BUSINESS_SUMMARY_v4.0_LOCKED.txt,intended_contract_not_currently_exposed_by_code
business-summary,implemented_contract_not_documented_in_brief,brief_only_missing_in_code,no,yes,,output_contract_field,,14_MIRRA_BUSINESS_SUMMARY_v4.0_LOCKED.txt,intended_contract_not_currently_exposed_by_code
business-summary,labour_bridge_variance,brief_only_missing_in_code,no,yes,,output_contract_field,,14_MIRRA_BUSINESS_SUMMARY_v4.0_LOCKED.txt,intended_contract_not_currently_exposed_by_code
business-summary,labour_consumption_of_margin_percent,brief_only_missing_in_code,no,yes,,output_contract_field,,14_MIRRA_BUSINESS_SUMMARY_v4.0_LOCKED.txt,intended_contract_not_currently_exposed_by_code
business-summary,labour_shortfall_against_margin,brief_only_missing_in_code,no,yes,,output_contract_field,,14_MIRRA_BUSINESS_SUMMARY_v4.0_LOCKED.txt,intended_contract_not_currently_exposed_by_code
business-summary,lowest_utilisation_asset,brief_only_missing_in_code,no,yes,,output_contract_field,,14_MIRRA_BUSINESS_SUMMARY_v4.0_LOCKED.txt,intended_contract_not_currently_exposed_by_code
business-summary,margin_after_labour,brief_only_missing_in_code,no,yes,,output_contract_field,,14_MIRRA_BUSINESS_SUMMARY_v4.0_LOCKED.txt,intended_contract_not_currently_exposed_by_code
business-summary,margin_surplus_after_labour,brief_only_missing_in_code,no,yes,,output_contract_field,,14_MIRRA_BUSINESS_SUMMARY_v4.0_LOCKED.txt,intended_contract_not_currently_exposed_by_code
business-summary,material_margin,brief_only_missing_in_code,no,yes,,output_contract_field,,14_MIRRA_BUSINESS_SUMMARY_v4.0_LOCKED.txt,intended_contract_not_currently_exposed_by_code
business-summary,material_margin_percent,brief_only_missing_in_code,no,yes,,output_contract_field,,14_MIRRA_BUSINESS_SUMMARY_v4.0_LOCKED.txt,intended_contract_not_currently_exposed_by_code
business-summary,mirra_operating_position,brief_only_missing_in_code,no,yes,,output_contract_field,,14_MIRRA_BUSINESS_SUMMARY_v4.0_LOCKED.txt,intended_contract_not_currently_exposed_by_code
business-summary,other_income_excluded,brief_only_missing_in_code,no,yes,,output_contract_field,,14_MIRRA_BUSINESS_SUMMARY_v4.0_LOCKED.txt,intended_contract_not_currently_exposed_by_code
business-summary,output_contract_reference_wrappers,brief_only_missing_in_code,no,yes,,output_contract_field,,14_MIRRA_BUSINESS_SUMMARY_v4.0_LOCKED.txt,intended_contract_not_currently_exposed_by_code
business-summary,pnl_to_operational_bridge,brief_only_missing_in_code,no,yes,,output_contract_field,,14_MIRRA_BUSINESS_SUMMARY_v4.0_LOCKED.txt,intended_contract_not_currently_exposed_by_code
business-summary,recovery_gap_label,brief_only_missing_in_code,no,yes,,output_contract_field,,14_MIRRA_BUSINESS_SUMMARY_v4.0_LOCKED.txt,intended_contract_not_currently_exposed_by_code
business-summary,recovery_gap_per_driver,brief_only_missing_in_code,no,yes,,output_contract_field,,14_MIRRA_BUSINESS_SUMMARY_v4.0_LOCKED.txt,intended_contract_not_currently_exposed_by_code
business-summary,required_recovery_label,brief_only_missing_in_code,no,yes,,output_contract_field,,14_MIRRA_BUSINESS_SUMMARY_v4.0_LOCKED.txt,intended_contract_not_currently_exposed_by_code
business-summary,required_recovery_per_driver,brief_only_missing_in_code,no,yes,,output_contract_field,,14_MIRRA_BUSINESS_SUMMARY_v4.0_LOCKED.txt,intended_contract_not_currently_exposed_by_code
business-summary,required_recovery_unit_label,brief_only_missing_in_code,no,yes,,output_contract_field,,14_MIRRA_BUSINESS_SUMMARY_v4.0_LOCKED.txt,intended_contract_not_currently_exposed_by_code
business-summary,residual_margin_after_labour,brief_only_missing_in_code,no,yes,,output_contract_field,,14_MIRRA_BUSINESS_SUMMARY_v4.0_LOCKED.txt,intended_contract_not_currently_exposed_by_code
business-summary,revenue_reality_context,brief_only_missing_in_code,no,yes,,output_contract_field,,14_MIRRA_BUSINESS_SUMMARY_v4.0_LOCKED.txt,intended_contract_not_currently_exposed_by_code
business-summary,revenue_reality_model_trust_state,brief_only_missing_in_code,no,yes,,output_contract_field,,14_MIRRA_BUSINESS_SUMMARY_v4.0_LOCKED.txt,intended_contract_not_currently_exposed_by_code | trust_state_field
business-summary,revenue_reality_status,brief_only_missing_in_code,no,yes,,output_contract_field,,14_MIRRA_BUSINESS_SUMMARY_v4.0_LOCKED.txt,intended_contract_not_currently_exposed_by_code | status_field
business-summary,total_asset_cost_annual,brief_only_missing_in_code,no,yes,,output_contract_field,,14_MIRRA_BUSINESS_SUMMARY_v4.0_LOCKED.txt,intended_contract_not_currently_exposed_by_code
business-summary,total_business_overheads,brief_only_missing_in_code,no,yes,,output_contract_field,,14_MIRRA_BUSINESS_SUMMARY_v4.0_LOCKED.txt,intended_contract_not_currently_exposed_by_code
business-summary,total_cogs,brief_only_missing_in_code,no,yes,,output_contract_field,,14_MIRRA_BUSINESS_SUMMARY_v4.0_LOCKED.txt,intended_contract_not_currently_exposed_by_code
business-summary,total_cost_burden,brief_only_missing_in_code,no,yes,,output_contract_field,,14_MIRRA_BUSINESS_SUMMARY_v4.0_LOCKED.txt,intended_contract_not_currently_exposed_by_code
business-summary,total_direct_costs,brief_only_missing_in_code,no,yes,,output_contract_field,,14_MIRRA_BUSINESS_SUMMARY_v4.0_LOCKED.txt,intended_contract_not_currently_exposed_by_code
business-summary,total_labour_cost_annual,brief_only_missing_in_code,no,yes,,output_contract_field,,14_MIRRA_BUSINESS_SUMMARY_v4.0_LOCKED.txt,intended_contract_not_currently_exposed_by_code
business-summary,total_people_cost_annual,brief_only_missing_in_code,no,yes,,output_contract_field,,14_MIRRA_BUSINESS_SUMMARY_v4.0_LOCKED.txt,intended_contract_not_currently_exposed_by_code
business-summary,total_productive_asset_burden,brief_only_missing_in_code,no,yes,,output_contract_field,,14_MIRRA_BUSINESS_SUMMARY_v4.0_LOCKED.txt,intended_contract_not_currently_exposed_by_code
business-summary,total_productive_asset_utilisation_hours,brief_only_missing_in_code,no,yes,,output_contract_field,,14_MIRRA_BUSINESS_SUMMARY_v4.0_LOCKED.txt,intended_contract_not_currently_exposed_by_code
business-summary,traditional_pnl_net_profit,brief_only_missing_in_code,no,yes,,output_contract_field,,14_MIRRA_BUSINESS_SUMMARY_v4.0_LOCKED.txt,intended_contract_not_currently_exposed_by_code
business-summary,weighted_required_asset_recovery_rate,brief_only_missing_in_code,no,yes,,output_contract_field,,14_MIRRA_BUSINESS_SUMMARY_v4.0_LOCKED.txt,intended_contract_not_currently_exposed_by_code
business-summary,business_summary,code_only_not_in_brief,yes,no,output_contract_field,,hooks\useBusinessModelling.js | hooks\useQuoteEngine.js | hooks\useRecoverySummary.js | hooks\useRevenueReality.js | lib\recovery\recoveryRiskWarningSystem.js,,implemented_contract_not_documented_in_brief
business-summary,calculations,code_only_not_in_brief,yes,no,output_contract_field,,hooks\useBusinessSummary.js,,implemented_contract_not_documented_in_brief
business-summary,people,code_only_not_in_brief,yes,no,output_contract_field,,components\business-summary\BusinessSummaryCard.jsx | components\business-summary\BusinessSummaryHierarchyBuilder.js | components\business-summary\BusinessSummaryMacroPositionCard.jsx | hooks\useBusinessSummary.js,,implemented_contract_not_documented_in_brief
business-summary,ready,code_only_not_in_brief,yes,no,output_contract_field,,hooks\useBusinessSummary.js | lib\selectors\businessSummarySelectors.js,,implemented_contract_not_documented_in_brief
business-summary,business_recovery_hours,matched,yes,yes,output_contract_field,output_contract_field,hooks\useBusinessSummary.js,14_MIRRA_BUSINESS_SUMMARY_v4.0_LOCKED.txt,brief_and_code_aligned
business-summary,business_summary_output_contract,matched,yes,yes,output_contract_field,output_contract_field,hooks\useBusinessModelling.js | hooks\useQuoteEngine.js | hooks\useRevenueReality.js | lib\calculations\quoteEngineCalculations.js,14_MIRRA_BUSINESS_SUMMARY_v4.0_LOCKED.txt,brief_and_code_aligned
business-summary,business_summary_outputs,matched,yes,yes,output_contract_field,output_contract_field,hooks\useRecoverySummary.js,14_MIRRA_BUSINESS_SUMMARY_v4.0_LOCKED.txt,brief_and_code_aligned
business-summary,business_summary_ready,matched,yes,yes,output_contract_field,output_contract_field,hooks\useBusinessSummary.js | lib\calculations\recoverySummaryCalculations.js | lib\selectors\businessSummarySelectors.js,14_MIRRA_BUSINESS_SUMMARY_v4.0_LOCKED.txt,brief_and_code_aligned | readiness_field
business-summary,business_summary_status,matched,yes,yes,output_contract_field,output_contract_field,hooks\useBusinessModelling.js | hooks\useBusinessSummary.js | lib\calculations\businessModellingCalculations.js | lib\selectors\businessSummarySelectors.js,14_MIRRA_BUSINESS_SUMMARY_v4.0_LOCKED.txt,brief_and_code_aligned | status_field
business-summary,business_summary_usable,matched,yes,yes,output_contract_field,output_contract_field,hooks\useBusinessModelling.js,14_MIRRA_BUSINESS_SUMMARY_v4.0_LOCKED.txt,brief_and_code_aligned
business-summary,business_summary_warnings,matched,yes,yes,output_contract_field,output_contract_field,app\business-summary\page.jsx | components\business-summary\BusinessSummaryStatusStrip.jsx | hooks\useBusinessModelling.js | hooks\useBusinessSummary.js | hooks\useQuoteEngine.js | lib\calculations\businessModellingCalculations.js | lib\selectors\businessSummarySelectors.js | lib\selectors\quoteEngineSelectors.js,14_MIRRA_BUSINESS_SUMMARY_v4.0_LOCKED.txt,brief_and_code_aligned | warnings_field
business-summary,business_type,matched,yes,yes,output_contract_field,output_contract_field,hooks\useBusinessSummary.js,14_MIRRA_BUSINESS_SUMMARY_v4.0_LOCKED.txt,brief_and_code_aligned
business-summary,cost_burden_breakdown,matched,yes,yes,output_contract_field,output_contract_field,hooks\useBusinessSummary.js,14_MIRRA_BUSINESS_SUMMARY_v4.0_LOCKED.txt,brief_and_code_aligned
business-summary,is_product_based,matched,yes,yes,output_contract_field,output_contract_field,app\business-summary\page.jsx | components\business-summary\BusinessSummaryCard.jsx | components\business-summary\BusinessSummaryHierarchyBuilder.js | hooks\useBusinessSummary.js | lib\calculations\businessSummaryCalculations.js | lib\selectors\businessSummarySelectors.js,14_MIRRA_BUSINESS_SUMMARY_v4.0_LOCKED.txt,brief_and_code_aligned | readiness_field
business-summary,margin_pool,matched,yes,yes,output_contract_field,output_contract_field,components\recovery-summary\main-card\RecoveryOutcomeDetail.jsx | components\recovery-summary\main-card\recoverySummaryWarningHelpers.js | components\recovery-summary\recoverySummaryWarningDetails.js | hooks\useBusinessModelling.js | hooks\useBusinessSummary.js | hooks\useRevenueReality.js | lib\calculations\recoverySummaryCalculations.js | lib\recovery\recoveryRiskWarningSystem.js | lib\selectors\businessSummarySelectors.js,14_MIRRA_BUSINESS_SUMMARY_v4.0_LOCKED.txt,brief_and_code_aligned
business-summary,net_position,matched,yes,yes,output_contract_field,output_contract_field,components\recovery-summary\recoverySummaryWarningDetails.js | hooks\useBusinessModelling.js | lib\calculations\recoveryOutcomeCalculations.js | lib\calculations\recoverySummaryCalculations.js | lib\selectors\businessSummarySelectors.js,14_MIRRA_BUSINESS_SUMMARY_v4.0_LOCKED.txt,brief_and_code_aligned
business-summary,operating_recovery_hours,matched,yes,yes,output_contract_field,output_contract_field,hooks\useBusinessSummary.js,14_MIRRA_BUSINESS_SUMMARY_v4.0_LOCKED.txt,brief_and_code_aligned
business-summary,output_contract,matched,yes,yes,output_contract_field,output_contract_field,hooks\useBusinessSummary.js,14_MIRRA_BUSINESS_SUMMARY_v4.0_LOCKED.txt,brief_and_code_aligned
business-summary,product_based,matched,yes,yes,output_contract_field,output_contract_field,hooks\useBusinessSummary.js,14_MIRRA_BUSINESS_SUMMARY_v4.0_LOCKED.txt,brief_and_code_aligned
business-summary,recovery_hours_used,matched,yes,yes,output_contract_field,output_contract_field,hooks\useBusinessSummary.js | lib\selectors\businessSummarySelectors.js,14_MIRRA_BUSINESS_SUMMARY_v4.0_LOCKED.txt,brief_and_code_aligned
business-summary,total_available_hours_before_productivity,matched,yes,yes,output_contract_field,output_contract_field,hooks\useBusinessSummary.js,14_MIRRA_BUSINESS_SUMMARY_v4.0_LOCKED.txt,brief_and_code_aligned
business-summary,total_recovery_hours,matched,yes,yes,output_contract_field,output_contract_field,hooks\useBusinessSummary.js,14_MIRRA_BUSINESS_SUMMARY_v4.0_LOCKED.txt,brief_and_code_aligned
business-summary,total_revenue,matched,yes,yes,output_contract_field,output_contract_field,hooks\useBusinessSummary.js | lib\selectors\businessSummarySelectors.js,14_MIRRA_BUSINESS_SUMMARY_v4.0_LOCKED.txt,brief_and_code_aligned
business-summary,units_sold_annual,matched,yes,yes,output_contract_field,output_contract_field,hooks\useBusinessSummary.js | lib\selectors\businessSummarySelectors.js,14_MIRRA_BUSINESS_SUMMARY_v4.0_LOCKED.txt,brief_and_code_aligned
business-summary,weighted_productivity_percent,matched,yes,yes,output_contract_field,output_contract_field,hooks\useBusinessSummary.js,14_MIRRA_BUSINESS_SUMMARY_v4.0_LOCKED.txt,brief_and_code_aligned
cost-allocation,allocation_reconciliation_checks,brief_only_missing_in_code,no,yes,,output_contract_field,,17_MIRRA_COST_ALLOCATION_v4.0_LOCKED.txt,intended_contract_not_currently_exposed_by_code
cost-allocation,asset_group_assignments,brief_only_missing_in_code,no,yes,,output_contract_field,,17_MIRRA_COST_ALLOCATION_v4.0_LOCKED.txt,intended_contract_not_currently_exposed_by_code
cost-allocation,asset_id,brief_only_missing_in_code,no,yes,,output_contract_field,,17_MIRRA_COST_ALLOCATION_v4.0_LOCKED.txt,intended_contract_not_currently_exposed_by_code
cost-allocation,asset_reality_context,brief_only_missing_in_code,no,yes,,output_contract_field,,17_MIRRA_COST_ALLOCATION_v4.0_LOCKED.txt,intended_contract_not_currently_exposed_by_code
cost-allocation,cost_allocation_model_trust_state,brief_only_missing_in_code,no,yes,,output_contract_field,,17_MIRRA_COST_ALLOCATION_v4.0_LOCKED.txt,intended_contract_not_currently_exposed_by_code | trust_state_field
cost-allocation,cost_allocation_ready,brief_only_missing_in_code,no,yes,,output_contract_field,,17_MIRRA_COST_ALLOCATION_v4.0_LOCKED.txt,intended_contract_not_currently_exposed_by_code | readiness_field
cost-allocation,cost_allocation_source_trace,brief_only_missing_in_code,no,yes,,output_contract_field,,17_MIRRA_COST_ALLOCATION_v4.0_LOCKED.txt,intended_contract_not_currently_exposed_by_code
cost-allocation,cost_allocation_status,brief_only_missing_in_code,no,yes,,output_contract_field,,17_MIRRA_COST_ALLOCATION_v4.0_LOCKED.txt,intended_contract_not_currently_exposed_by_code | status_field
cost-allocation,cost_allocation_warning_count,brief_only_missing_in_code,no,yes,,output_contract_field,,17_MIRRA_COST_ALLOCATION_v4.0_LOCKED.txt,intended_contract_not_currently_exposed_by_code
cost-allocation,cost_allocation_warnings,brief_only_missing_in_code,no,yes,,output_contract_field,,17_MIRRA_COST_ALLOCATION_v4.0_LOCKED.txt,intended_contract_not_currently_exposed_by_code | warnings_field
cost-allocation,default_overhead_pool,brief_only_missing_in_code,no,yes,,output_contract_field,,17_MIRRA_COST_ALLOCATION_v4.0_LOCKED.txt,intended_contract_not_currently_exposed_by_code
cost-allocation,default_productive_asset_pool,brief_only_missing_in_code,no,yes,,output_contract_field,,17_MIRRA_COST_ALLOCATION_v4.0_LOCKED.txt,intended_contract_not_currently_exposed_by_code
cost-allocation,default_productive_labour_pool,brief_only_missing_in_code,no,yes,,output_contract_field,,17_MIRRA_COST_ALLOCATION_v4.0_LOCKED.txt,intended_contract_not_currently_exposed_by_code
cost-allocation,general_overheads_pool,brief_only_missing_in_code,no,yes,,output_contract_field,,17_MIRRA_COST_ALLOCATION_v4.0_LOCKED.txt,intended_contract_not_currently_exposed_by_code
cost-allocation,group_cost_stacks,brief_only_missing_in_code,no,yes,,output_contract_field,,17_MIRRA_COST_ALLOCATION_v4.0_LOCKED.txt,intended_contract_not_currently_exposed_by_code
cost-allocation,labour_group_assignments,brief_only_missing_in_code,no,yes,,output_contract_field,,17_MIRRA_COST_ALLOCATION_v4.0_LOCKED.txt,intended_contract_not_currently_exposed_by_code
cost-allocation,overhead_group_assignments,brief_only_missing_in_code,no,yes,,output_contract_field,,17_MIRRA_COST_ALLOCATION_v4.0_LOCKED.txt,intended_contract_not_currently_exposed_by_code
cost-allocation,productive_asset_pool,brief_only_missing_in_code,no,yes,,output_contract_field,,17_MIRRA_COST_ALLOCATION_v4.0_LOCKED.txt,intended_contract_not_currently_exposed_by_code
cost-allocation,productive_labour_pool,brief_only_missing_in_code,no,yes,,output_contract_field,,17_MIRRA_COST_ALLOCATION_v4.0_LOCKED.txt,intended_contract_not_currently_exposed_by_code
cost-allocation,revenue_reality_context,brief_only_missing_in_code,no,yes,,output_contract_field,,17_MIRRA_COST_ALLOCATION_v4.0_LOCKED.txt,intended_contract_not_currently_exposed_by_code
cost-allocation,total_assigned_asset_burden,brief_only_missing_in_code,no,yes,,output_contract_field,,17_MIRRA_COST_ALLOCATION_v4.0_LOCKED.txt,intended_contract_not_currently_exposed_by_code
cost-allocation,total_assigned_asset_utilisation_hours,brief_only_missing_in_code,no,yes,,output_contract_field,,17_MIRRA_COST_ALLOCATION_v4.0_LOCKED.txt,intended_contract_not_currently_exposed_by_code
cost-allocation,total_assigned_labour_cost,brief_only_missing_in_code,no,yes,,output_contract_field,,17_MIRRA_COST_ALLOCATION_v4.0_LOCKED.txt,intended_contract_not_currently_exposed_by_code
cost-allocation,total_assigned_labour_hours,brief_only_missing_in_code,no,yes,,output_contract_field,,17_MIRRA_COST_ALLOCATION_v4.0_LOCKED.txt,intended_contract_not_currently_exposed_by_code
cost-allocation,total_assigned_overhead_amount,brief_only_missing_in_code,no,yes,,output_contract_field,,17_MIRRA_COST_ALLOCATION_v4.0_LOCKED.txt,intended_contract_not_currently_exposed_by_code
cost-allocation,total_assigned_source_cost,brief_only_missing_in_code,no,yes,,output_contract_field,,17_MIRRA_COST_ALLOCATION_v4.0_LOCKED.txt,intended_contract_not_currently_exposed_by_code
cost-allocation,total_available_asset_burden,brief_only_missing_in_code,no,yes,,output_contract_field,,17_MIRRA_COST_ALLOCATION_v4.0_LOCKED.txt,intended_contract_not_currently_exposed_by_code
cost-allocation,total_available_asset_utilisation_hours,brief_only_missing_in_code,no,yes,,output_contract_field,,17_MIRRA_COST_ALLOCATION_v4.0_LOCKED.txt,intended_contract_not_currently_exposed_by_code
cost-allocation,total_available_labour_cost,brief_only_missing_in_code,no,yes,,output_contract_field,,17_MIRRA_COST_ALLOCATION_v4.0_LOCKED.txt,intended_contract_not_currently_exposed_by_code
cost-allocation,total_available_labour_hours,brief_only_missing_in_code,no,yes,,output_contract_field,,17_MIRRA_COST_ALLOCATION_v4.0_LOCKED.txt,intended_contract_not_currently_exposed_by_code
cost-allocation,total_available_overhead_amount,brief_only_missing_in_code,no,yes,,output_contract_field,,17_MIRRA_COST_ALLOCATION_v4.0_LOCKED.txt,intended_contract_not_currently_exposed_by_code
cost-allocation,total_group_assigned_cost,brief_only_missing_in_code,no,yes,,output_contract_field,,17_MIRRA_COST_ALLOCATION_v4.0_LOCKED.txt,intended_contract_not_currently_exposed_by_code
cost-allocation,total_remaining_asset_burden,brief_only_missing_in_code,no,yes,,output_contract_field,,17_MIRRA_COST_ALLOCATION_v4.0_LOCKED.txt,intended_contract_not_currently_exposed_by_code
cost-allocation,total_remaining_asset_utilisation_hours,brief_only_missing_in_code,no,yes,,output_contract_field,,17_MIRRA_COST_ALLOCATION_v4.0_LOCKED.txt,intended_contract_not_currently_exposed_by_code
cost-allocation,total_remaining_labour_cost,brief_only_missing_in_code,no,yes,,output_contract_field,,17_MIRRA_COST_ALLOCATION_v4.0_LOCKED.txt,intended_contract_not_currently_exposed_by_code
cost-allocation,total_remaining_labour_hours,brief_only_missing_in_code,no,yes,,output_contract_field,,17_MIRRA_COST_ALLOCATION_v4.0_LOCKED.txt,intended_contract_not_currently_exposed_by_code
cost-allocation,total_remaining_overhead_amount,brief_only_missing_in_code,no,yes,,output_contract_field,,17_MIRRA_COST_ALLOCATION_v4.0_LOCKED.txt,intended_contract_not_currently_exposed_by_code
cost-allocation,working_groups,brief_only_missing_in_code,no,yes,,output_contract_field,,17_MIRRA_COST_ALLOCATION_v4.0_LOCKED.txt,intended_contract_not_currently_exposed_by_code
cost-allocation,build_cost_allocation_output_contract,code_only_not_in_brief,yes,no,output_contract_field,,hooks\cost-allocation\useCostAllocationOutputContract.js | hooks\useCostAllocation.js,,implemented_contract_not_documented_in_brief
cost-allocation,cost_allocation,code_only_not_in_brief,yes,no,output_contract_field,,app\recovery-outcome\page.jsx | components\rate-builder\RateBuilderLineCalculator.jsx | hooks\useRecoveryOutcome.js | lib\calculations\recoveryOutcomeCalculations.js | lib\recovery\recoveryRiskWarningSystem.js,,implemented_contract_not_documented_in_brief
cost-allocation,cost_allocation_contract,code_only_not_in_brief,yes,no,output_contract_field,,app\recovery-outcome\page.jsx,,implemented_contract_not_documented_in_brief
cost-allocation,recovery_summary,code_only_not_in_brief,yes,no,output_contract_field,,hooks\useCostAllocation.js | lib\calculations\cost-allocation\costAllocationInputBuilder.js,,implemented_contract_not_documented_in_brief
cost-allocation,base_calculation_inputs,matched,yes,yes,output_contract_field,output_contract_field,hooks\useCostAllocation.js,17_MIRRA_COST_ALLOCATION_v4.0_LOCKED.txt,brief_and_code_aligned
cost-allocation,fallback_recovery_summary,matched,yes,yes,output_contract_field,output_contract_field,hooks\useCostAllocation.js,17_MIRRA_COST_ALLOCATION_v4.0_LOCKED.txt,brief_and_code_aligned
cost-allocation,output_contract,matched,yes,yes,output_contract_field,output_contract_field,hooks\useCostAllocation.js | lib\calculations\cost-allocation\costAllocationInputBuilder.js,17_MIRRA_COST_ALLOCATION_v4.0_LOCKED.txt,brief_and_code_aligned
cost-allocation,recovery_hours_used,matched,yes,yes,output_contract_field,output_contract_field,hooks\useCostAllocation.js,17_MIRRA_COST_ALLOCATION_v4.0_LOCKED.txt,brief_and_code_aligned
cost-allocation,recovery_outputs,matched,yes,yes,output_contract_field,output_contract_field,lib\calculations\cost-allocation\costAllocationInputBuilder.js,17_MIRRA_COST_ALLOCATION_v4.0_LOCKED.txt,brief_and_code_aligned
cost-summary,accept_contract_field,brief_only_missing_in_code,no,yes,,output_contract_field,,06_MIRRA_COST_SUMMARY_v4.0_LOCKED.txt,intended_contract_not_currently_exposed_by_code
cost-summary,accept_reference_wrapper,brief_only_missing_in_code,no,yes,,output_contract_field,,06_MIRRA_COST_SUMMARY_v4.0_LOCKED.txt,intended_contract_not_currently_exposed_by_code
cost-summary,add_to_v5_module_brief_output_contract,brief_only_missing_in_code,no,yes,,output_contract_field,,06_MIRRA_COST_SUMMARY_v4.0_LOCKED.txt,intended_contract_not_currently_exposed_by_code
cost-summary,document_as_reference_wrapper_not_business_metric,brief_only_missing_in_code,no,yes,,output_contract_field,,06_MIRRA_COST_SUMMARY_v4.0_LOCKED.txt,intended_contract_not_currently_exposed_by_code
cost-summary,implemented_contract_not_documented_in_brief,brief_only_missing_in_code,no,yes,,output_contract_field,,06_MIRRA_COST_SUMMARY_v4.0_LOCKED.txt,intended_contract_not_currently_exposed_by_code
cost-summary,job_actual_cost_summary,brief_only_missing_in_code,no,yes,,output_contract_field,,22_MIRRA_SOQ_JOB_PO_LAYER_v4.0_LOCKED.txt,intended_contract_not_currently_exposed_by_code
cost-summary,output_contract_reference_wrappers,brief_only_missing_in_code,no,yes,,output_contract_field,,06_MIRRA_COST_SUMMARY_v4.0_LOCKED.txt,intended_contract_not_currently_exposed_by_code
cost-summary,unit_cost_validation_rows,brief_only_missing_in_code,no,yes,,output_contract_field,,22_MIRRA_SOQ_JOB_PO_LAYER_v4.0_LOCKED.txt,intended_contract_not_currently_exposed_by_code
cost-summary,cost_summary,code_only_not_in_brief,yes,no,output_contract_field,,hooks\useBusinessSummary.js | hooks\useQuoteEngine.js | hooks\useRevenueSummary.js | lib\audit\buildLiveAuditSnapshotExport.js,,implemented_contract_not_documented_in_brief
cost-summary,legacy_display,code_only_not_in_brief,yes,no,output_contract_field,,hooks\useCostSummary.js,,implemented_contract_not_documented_in_brief
cost-summary,category_totals,matched,yes,yes,output_contract_field,output_contract_field,hooks\useCostSummary.js,06_MIRRA_COST_SUMMARY_v4.0_LOCKED.txt,brief_and_code_aligned
cost-summary,cost_summary_output_contract,matched,yes,yes,output_contract_field,output_contract_field,hooks\useBusinessSummary.js | hooks\useQuoteEngine.js | lib\calculations\quoteEngineCalculations.js,06_MIRRA_COST_SUMMARY_v4.0_LOCKED.txt,brief_and_code_aligned
cost-summary,cost_summary_outputs,matched,yes,yes,output_contract_field,output_contract_field,hooks\useRevenueSummary.js,06_MIRRA_COST_SUMMARY_v4.0_LOCKED.txt,brief_and_code_aligned
cost-summary,cost_summary_ready,matched,yes,yes,output_contract_field,output_contract_field,hooks\useBusinessSummary.js | lib\selectors\businessSummarySelectors.js,06_MIRRA_COST_SUMMARY_v4.0_LOCKED.txt,brief_and_code_aligned | readiness_field
cost-summary,employer_contribution_totals,matched,yes,yes,output_contract_field,output_contract_field,hooks\useCostSummary.js,06_MIRRA_COST_SUMMARY_v4.0_LOCKED.txt,brief_and_code_aligned
cost-summary,entitlement_totals,matched,yes,yes,output_contract_field,output_contract_field,hooks\useCostSummary.js,06_MIRRA_COST_SUMMARY_v4.0_LOCKED.txt,brief_and_code_aligned
cost-summary,finance_cost_annual,matched,yes,yes,output_contract_field,output_contract_field,hooks\useCostSummary.js,06_MIRRA_COST_SUMMARY_v4.0_LOCKED.txt,brief_and_code_aligned
cost-summary,output_contract,matched,yes,yes,output_contract_field,output_contract_field,hooks\useCostSummary.js | lib\selectors\costSummarySelectors.js,06_MIRRA_COST_SUMMARY_v4.0_LOCKED.txt,brief_and_code_aligned
cost-summary,required_recovery_rate,matched,yes,yes,output_contract_field,output_contract_field,hooks\useBusinessModelling.js | hooks\useBusinessSummary.js | lib\calculations\quoteEngineCalculations.js | lib\recovery\recoveryRiskWarningSystem.js | lib\selectors\quoteEngineSelectors.js,06_MIRRA_COST_SUMMARY_v4.0_LOCKED.txt,brief_and_code_aligned
cost-summary,running_cost_annual,matched,yes,yes,output_contract_field,output_contract_field,hooks\useCostSummary.js,06_MIRRA_COST_SUMMARY_v4.0_LOCKED.txt,brief_and_code_aligned
cost-summary,total_available_hours_before_productivity,matched,yes,yes,output_contract_field,output_contract_field,lib\selectors\costSummarySelectors.js,06_MIRRA_COST_SUMMARY_v4.0_LOCKED.txt,brief_and_code_aligned
cost-summary,total_business_cost_annual,matched,yes,yes,output_contract_field,output_contract_field,hooks\useCostSummary.js,06_MIRRA_COST_SUMMARY_v4.0_LOCKED.txt,brief_and_code_aligned
cost-summary,total_cost_burden,matched,yes,yes,output_contract_field,output_contract_field,components\recovery-summary\RecoverySummaryMainCard.jsx | components\recovery-summary\main-card\RecoveryOutcomeDetail.jsx | components\recovery-summary\main-card\recoverySummaryWarningHelpers.js | components\recovery-summary\recoverySummaryWarningDetails.js | hooks\useBusinessModelling.js | hooks\useBusinessSummary.js | lib\audit\buildLiveAuditSnapshotExport.js | lib\calculations\quoteEngineCalculations.js | lib\recovery\recoveryRiskWarningSystem.js | lib\selectors\businessSummarySelectors.js,06_MIRRA_COST_SUMMARY_v4.0_LOCKED.txt,brief_and_code_aligned
cost-summary,total_people_cost_annual,matched,yes,yes,output_contract_field,output_contract_field,hooks\useBusinessSummary.js | hooks\useCostSummary.js | hooks\useRevenueReality.js | lib\audit\buildLiveAuditSnapshotExport.js | lib\calculations\quoteEngineCalculations.js | lib\calculations\recoverySummaryCalculations.js,06_MIRRA_COST_SUMMARY_v4.0_LOCKED.txt,brief_and_code_aligned
cost-summary,total_recovery_hours,matched,yes,yes,output_contract_field,output_contract_field,lib\selectors\costSummarySelectors.js,06_MIRRA_COST_SUMMARY_v4.0_LOCKED.txt,brief_and_code_aligned
cost-summary,weighted_productivity_percent,matched,yes,yes,output_contract_field,output_contract_field,hooks\useCostSummary.js | lib\selectors\costSummarySelectors.js,06_MIRRA_COST_SUMMARY_v4.0_LOCKED.txt,brief_and_code_aligned
database-storage-export,active_database_path,brief_only_missing_in_code,no,yes,,output_contract_field,,28_MIRRA_DATABASE_STORAGE_EXPORT_LAYER_v4.0_LOCKED.txt,intended_contract_not_currently_exposed_by_code
database-storage-export,active_model_version_id,brief_only_missing_in_code,no,yes,,output_contract_field,,28_MIRRA_DATABASE_STORAGE_EXPORT_LAYER_v4.0_LOCKED.txt,intended_contract_not_currently_exposed_by_code
database-storage-export,active_target_set_id,brief_only_missing_in_code,no,yes,,output_contract_field,,28_MIRRA_DATABASE_STORAGE_EXPORT_LAYER_v4.0_LOCKED.txt,intended_contract_not_currently_exposed_by_code
database-storage-export,backup_rows,brief_only_missing_in_code,no,yes,,output_contract_field,,28_MIRRA_DATABASE_STORAGE_EXPORT_LAYER_v4.0_LOCKED.txt,intended_contract_not_currently_exposed_by_code
database-storage-export,migration_rows,brief_only_missing_in_code,no,yes,,output_contract_field,,28_MIRRA_DATABASE_STORAGE_EXPORT_LAYER_v4.0_LOCKED.txt,intended_contract_not_currently_exposed_by_code
database-storage-export,source_import_rows,brief_only_missing_in_code,no,yes,,output_contract_field,,28_MIRRA_DATABASE_STORAGE_EXPORT_LAYER_v4.0_LOCKED.txt,intended_contract_not_currently_exposed_by_code
database-storage-export,storage_ready,brief_only_missing_in_code,no,yes,,output_contract_field,,28_MIRRA_DATABASE_STORAGE_EXPORT_LAYER_v4.0_LOCKED.txt,intended_contract_not_currently_exposed_by_code | readiness_field
database-storage-export,storage_source_trace,brief_only_missing_in_code,no,yes,,output_contract_field,,28_MIRRA_DATABASE_STORAGE_EXPORT_LAYER_v4.0_LOCKED.txt,intended_contract_not_currently_exposed_by_code
database-storage-export,storage_status,brief_only_missing_in_code,no,yes,,output_contract_field,,28_MIRRA_DATABASE_STORAGE_EXPORT_LAYER_v4.0_LOCKED.txt,intended_contract_not_currently_exposed_by_code | status_field
database-storage-export,storage_trust_state,brief_only_missing_in_code,no,yes,,output_contract_field,,28_MIRRA_DATABASE_STORAGE_EXPORT_LAYER_v4.0_LOCKED.txt,intended_contract_not_currently_exposed_by_code | trust_state_field
database-storage-export,storage_warning_count,brief_only_missing_in_code,no,yes,,output_contract_field,,28_MIRRA_DATABASE_STORAGE_EXPORT_LAYER_v4.0_LOCKED.txt,intended_contract_not_currently_exposed_by_code
database-storage-export,storage_warnings,brief_only_missing_in_code,no,yes,,output_contract_field,,28_MIRRA_DATABASE_STORAGE_EXPORT_LAYER_v4.0_LOCKED.txt,intended_contract_not_currently_exposed_by_code | warnings_field
employee-overheads-legacy,has_employee_overheads,code_only_legacy_review,yes,no,output_contract_field,,app\dev\model-readiness\page.jsx | app\model-readiness\page.jsx | lib\reconciliation\reconciliationRules.js,,legacy_module_contract_still_present_in_code | legacy_module
employee-overheads-legacy,output_contract,code_only_legacy_review,yes,no,output_contract_field,,hooks\useEmployeeOverheads.js,,legacy_module_contract_still_present_in_code | legacy_module
employee-overheads-legacy,stored_profiles,code_only_legacy_review,yes,no,output_contract_field,,hooks\useEmployeeOverheads.js,,legacy_module_contract_still_present_in_code | legacy_module
general-overheads,accept_contract_field,brief_only_missing_in_code,no,yes,,output_contract_field,,05_MIRRA_GENERAL_OVERHEADS_v4.0_LOCKED.txt,intended_contract_not_currently_exposed_by_code
general-overheads,accept_reference_wrapper,brief_only_missing_in_code,no,yes,,output_contract_field,,05_MIRRA_GENERAL_OVERHEADS_v4.0_LOCKED.txt,intended_contract_not_currently_exposed_by_code
general-overheads,add_to_v5_module_brief_output_contract,brief_only_missing_in_code,no,yes,,output_contract_field,,05_MIRRA_GENERAL_OVERHEADS_v4.0_LOCKED.txt,intended_contract_not_currently_exposed_by_code
general-overheads,adjusted_general_overheads_benchmark,brief_only_missing_in_code,no,yes,,output_contract_field,,05_MIRRA_GENERAL_OVERHEADS_v4.0_LOCKED.txt,intended_contract_not_currently_exposed_by_code
general-overheads,asset_finance_interest_excluded,brief_only_missing_in_code,no,yes,,output_contract_field,,05_MIRRA_GENERAL_OVERHEADS_v4.0_LOCKED.txt,intended_contract_not_currently_exposed_by_code
general-overheads,asset_finance_interest_excluded_amount,brief_only_missing_in_code,no,yes,,output_contract_field,,05_MIRRA_GENERAL_OVERHEADS_v4.0_LOCKED.txt,intended_contract_not_currently_exposed_by_code
general-overheads,assigned_overhead_amount,brief_only_missing_in_code,no,yes,,output_contract_field,,05_MIRRA_GENERAL_OVERHEADS_v4.0_LOCKED.txt,intended_contract_not_currently_exposed_by_code
general-overheads,document_as_reference_wrapper_not_business_metric,brief_only_missing_in_code,no,yes,,output_contract_field,,05_MIRRA_GENERAL_OVERHEADS_v4.0_LOCKED.txt,intended_contract_not_currently_exposed_by_code
general-overheads,general_overhead_categories,brief_only_missing_in_code,no,yes,,output_contract_field,,05_MIRRA_GENERAL_OVERHEADS_v4.0_LOCKED.txt,intended_contract_not_currently_exposed_by_code
general-overheads,general_overheads_import_handoff,brief_only_missing_in_code,no,yes,,output_contract_field,,29_MIRRA_INTEGRATIONS_API_LAYER_v4.0_LOCKED.txt,intended_contract_not_currently_exposed_by_code
general-overheads,general_overheads_model_trust_state,brief_only_missing_in_code,no,yes,,output_contract_field,,05_MIRRA_GENERAL_OVERHEADS_v4.0_LOCKED.txt,intended_contract_not_currently_exposed_by_code | trust_state_field
general-overheads,general_overheads_pool_amount,brief_only_missing_in_code,no,yes,,output_contract_field,,05_MIRRA_GENERAL_OVERHEADS_v4.0_LOCKED.txt,intended_contract_not_currently_exposed_by_code
general-overheads,general_overheads_pool_source_module,brief_only_missing_in_code,no,yes,,output_contract_field,,05_MIRRA_GENERAL_OVERHEADS_v4.0_LOCKED.txt,intended_contract_not_currently_exposed_by_code
general-overheads,general_overheads_pool_source_name,brief_only_missing_in_code,no,yes,,output_contract_field,,05_MIRRA_GENERAL_OVERHEADS_v4.0_LOCKED.txt,intended_contract_not_currently_exposed_by_code
general-overheads,general_overheads_ready,brief_only_missing_in_code,no,yes,,output_contract_field,,05_MIRRA_GENERAL_OVERHEADS_v4.0_LOCKED.txt,intended_contract_not_currently_exposed_by_code | readiness_field
general-overheads,general_overheads_reconciliation_checks,brief_only_missing_in_code,no,yes,,output_contract_field,,05_MIRRA_GENERAL_OVERHEADS_v4.0_LOCKED.txt,intended_contract_not_currently_exposed_by_code
general-overheads,general_overheads_source_total,brief_only_missing_in_code,no,yes,,output_contract_field,,05_MIRRA_GENERAL_OVERHEADS_v4.0_LOCKED.txt,intended_contract_not_currently_exposed_by_code
general-overheads,general_overheads_warning_count,brief_only_missing_in_code,no,yes,,output_contract_field,,05_MIRRA_GENERAL_OVERHEADS_v4.0_LOCKED.txt,intended_contract_not_currently_exposed_by_code
general-overheads,general_overheads_warnings,brief_only_missing_in_code,no,yes,,output_contract_field,,05_MIRRA_GENERAL_OVERHEADS_v4.0_LOCKED.txt,intended_contract_not_currently_exposed_by_code | warnings_field
general-overheads,gross_general_overheads_benchmark,brief_only_missing_in_code,no,yes,,output_contract_field,,05_MIRRA_GENERAL_OVERHEADS_v4.0_LOCKED.txt,intended_contract_not_currently_exposed_by_code
general-overheads,implemented_contract_not_documented_in_brief,brief_only_missing_in_code,no,yes,,output_contract_field,,05_MIRRA_GENERAL_OVERHEADS_v4.0_LOCKED.txt,intended_contract_not_currently_exposed_by_code
general-overheads,net_general_overheads,brief_only_missing_in_code,no,yes,,output_contract_field,,05_MIRRA_GENERAL_OVERHEADS_v4.0_LOCKED.txt,intended_contract_not_currently_exposed_by_code
general-overheads,output_contract_reference_wrappers,brief_only_missing_in_code,no,yes,,output_contract_field,,05_MIRRA_GENERAL_OVERHEADS_v4.0_LOCKED.txt,intended_contract_not_currently_exposed_by_code
general-overheads,over_assigned_overhead_amount,brief_only_missing_in_code,no,yes,,output_contract_field,,05_MIRRA_GENERAL_OVERHEADS_v4.0_LOCKED.txt,intended_contract_not_currently_exposed_by_code
general-overheads,overhead_allocation_status,brief_only_missing_in_code,no,yes,,output_contract_field,,05_MIRRA_GENERAL_OVERHEADS_v4.0_LOCKED.txt,intended_contract_not_currently_exposed_by_code | status_field
general-overheads,overhead_distribution_method,brief_only_missing_in_code,no,yes,,output_contract_field,,05_MIRRA_GENERAL_OVERHEADS_v4.0_LOCKED.txt,intended_contract_not_currently_exposed_by_code
general-overheads,remaining_overhead_pool_amount,brief_only_missing_in_code,no,yes,,output_contract_field,,05_MIRRA_GENERAL_OVERHEADS_v4.0_LOCKED.txt,intended_contract_not_currently_exposed_by_code
general-overheads,source_overhead_pool_amount,brief_only_missing_in_code,no,yes,,output_contract_field,,05_MIRRA_GENERAL_OVERHEADS_v4.0_LOCKED.txt,intended_contract_not_currently_exposed_by_code
general-overheads,actions,code_only_not_in_brief,yes,no,output_contract_field,,hooks\useGeneralOverheads.js,,implemented_contract_not_documented_in_brief
general-overheads,allocation_outputs,code_only_not_in_brief,yes,no,output_contract_field,,hooks\useGeneralOverheads.js,,implemented_contract_not_documented_in_brief
general-overheads,build_general_overhead_allocation_outputs,code_only_not_in_brief,yes,no,output_contract_field,,hooks\useGeneralOverheads.js,,implemented_contract_not_documented_in_brief
general-overheads,current_overhead_state,code_only_not_in_brief,yes,no,output_contract_field,,hooks\useGeneralOverheads.js,,implemented_contract_not_documented_in_brief
general-overheads,employee_overheads_check,code_only_not_in_brief,yes,no,output_contract_field,,lib\reconciliation\reconciliationRules.js,,implemented_contract_not_documented_in_brief
general-overheads,general_overheads,code_only_not_in_brief,yes,no,output_contract_field,,app\cost-summary\page.jsx | components\model-readiness\ModelReadinessAuditPanel.jsx | hooks\useBusinessSummary.js | hooks\useCostSummary.js | hooks\useQuoteEngine.js | hooks\useRecoverySummary.js,,implemented_contract_not_documented_in_brief
general-overheads,overhead_state,code_only_not_in_brief,yes,no,output_contract_field,,hooks\useGeneralOverheads.js | lib\selectors\general-overheads\generalOverheadCardSelector.js,,implemented_contract_not_documented_in_brief
general-overheads,pool_key,code_only_not_in_brief,yes,no,output_contract_field,,components\general-overheads\GeneralOverheadSummaryCard.jsx,,implemented_contract_not_documented_in_brief
general-overheads,employee_overheads_benchmark_total,matched,yes,yes,output_contract_field,output_contract_field,lib\reconciliation\reconciliationRules.js,05_MIRRA_GENERAL_OVERHEADS_v4.0_LOCKED.txt,brief_and_code_aligned
general-overheads,employee_overheads_lines,matched,yes,yes,output_contract_field,output_contract_field,lib\reconciliation\reconciliationRules.js,05_MIRRA_GENERAL_OVERHEADS_v4.0_LOCKED.txt,brief_and_code_aligned
general-overheads,general_overheads_benchmark_total,matched,yes,yes,output_contract_field,output_contract_field,lib\reconciliation\reconciliationRules.js,05_MIRRA_GENERAL_OVERHEADS_v4.0_LOCKED.txt,brief_and_code_aligned
general-overheads,general_overheads_output,matched,yes,yes,output_contract_field,output_contract_field,components\model-readiness\ModelReadinessAuditPanel.jsx,05_MIRRA_GENERAL_OVERHEADS_v4.0_LOCKED.txt,brief_and_code_aligned
general-overheads,general_overheads_output_contract,matched,yes,yes,output_contract_field,output_contract_field,hooks\useCostSummary.js | lib\reconciliation\moduleReconciliation.js | lib\reconciliation\reconciliationRules.js,05_MIRRA_GENERAL_OVERHEADS_v4.0_LOCKED.txt,brief_and_code_aligned
general-overheads,general_overheads_outputs,matched,yes,yes,output_contract_field,output_contract_field,hooks\useRecoverySummary.js,05_MIRRA_GENERAL_OVERHEADS_v4.0_LOCKED.txt,brief_and_code_aligned
general-overheads,general_overheads_status,matched,yes,yes,output_contract_field,output_contract_field,lib\reconciliation\moduleReconciliation.js | lib\reconciliation\reconciliationRules.js,05_MIRRA_GENERAL_OVERHEADS_v4.0_LOCKED.txt,brief_and_code_aligned | status_field
general-overheads,grouped_overhead_rows,matched,yes,yes,output_contract_field,output_contract_field,components\general-overheads\GeneralOverheadSummaryCard.jsx | lib\selectors\general-overheads\generalOverheadCardSelector.js,05_MIRRA_GENERAL_OVERHEADS_v4.0_LOCKED.txt,brief_and_code_aligned
general-overheads,grouped_summary,matched,yes,yes,output_contract_field,output_contract_field,lib\selectors\general-overheads\generalOverheadCardSelector.js,05_MIRRA_GENERAL_OVERHEADS_v4.0_LOCKED.txt,brief_and_code_aligned
general-overheads,is_hydrated,matched,yes,yes,output_contract_field,output_contract_field,hooks\useGeneralOverheads.js,05_MIRRA_GENERAL_OVERHEADS_v4.0_LOCKED.txt,brief_and_code_aligned | readiness_field
general-overheads,operating_expense_lines,matched,yes,yes,output_contract_field,output_contract_field,hooks\useGeneralOverheads.js,05_MIRRA_GENERAL_OVERHEADS_v4.0_LOCKED.txt,brief_and_code_aligned
general-overheads,output_contract,matched,yes,yes,output_contract_field,output_contract_field,components\general-overheads\GeneralOverheadSummaryCard.jsx | hooks\useGeneralOverheads.js | lib\selectors\general-overheads\generalOverheadCardSelector.js,05_MIRRA_GENERAL_OVERHEADS_v4.0_LOCKED.txt,brief_and_code_aligned
general-overheads,overhead_rows,matched,yes,yes,output_contract_field,output_contract_field,components\general-overheads\GeneralOverheadSummaryCard.jsx | hooks\useCostSummary.js,05_MIRRA_GENERAL_OVERHEADS_v4.0_LOCKED.txt,brief_and_code_aligned
general-overheads,system_allocation_amount_overrides,matched,yes,yes,output_contract_field,output_contract_field,hooks\useGeneralOverheads.js,05_MIRRA_GENERAL_OVERHEADS_v4.0_LOCKED.txt,brief_and_code_aligned
general-overheads,total_business_overheads,matched,yes,yes,output_contract_field,output_contract_field,hooks\useBusinessSummary.js | lib\audit\buildLiveAuditSnapshotExport.js | lib\calculations\quoteEngineCalculations.js,05_MIRRA_GENERAL_OVERHEADS_v4.0_LOCKED.txt,brief_and_code_aligned
general-overheads,total_general_overheads,matched,yes,yes,output_contract_field,output_contract_field,hooks\useCostSummary.js | hooks\useGeneralOverheads.js | lib\reconciliation\reconciliationRules.js,05_MIRRA_GENERAL_OVERHEADS_v4.0_LOCKED.txt,brief_and_code_aligned
integrations,account_code,brief_only_missing_in_code,no,yes,,output_contract_field,,29_MIRRA_INTEGRATIONS_API_LAYER_v4.0_LOCKED.txt,intended_contract_not_currently_exposed_by_code
integrations,account_name,brief_only_missing_in_code,no,yes,,output_contract_field,,29_MIRRA_INTEGRATIONS_API_LAYER_v4.0_LOCKED.txt,intended_contract_not_currently_exposed_by_code
integrations,account_normalisation_rows,brief_only_missing_in_code,no,yes,,output_contract_field,,29_MIRRA_INTEGRATIONS_API_LAYER_v4.0_LOCKED.txt,intended_contract_not_currently_exposed_by_code
integrations,account_type,brief_only_missing_in_code,no,yes,,output_contract_field,,29_MIRRA_INTEGRATIONS_API_LAYER_v4.0_LOCKED.txt,intended_contract_not_currently_exposed_by_code
integrations,auth_status,brief_only_missing_in_code,no,yes,,output_contract_field,,29_MIRRA_INTEGRATIONS_API_LAYER_v4.0_LOCKED.txt,intended_contract_not_currently_exposed_by_code | status_field
integrations,connector_id,brief_only_missing_in_code,no,yes,,output_contract_field,,29_MIRRA_INTEGRATIONS_API_LAYER_v4.0_LOCKED.txt,intended_contract_not_currently_exposed_by_code
integrations,connector_name,brief_only_missing_in_code,no,yes,,output_contract_field,,29_MIRRA_INTEGRATIONS_API_LAYER_v4.0_LOCKED.txt,intended_contract_not_currently_exposed_by_code
integrations,connector_rows,brief_only_missing_in_code,no,yes,,output_contract_field,,29_MIRRA_INTEGRATIONS_API_LAYER_v4.0_LOCKED.txt,intended_contract_not_currently_exposed_by_code
integrations,connector_type,brief_only_missing_in_code,no,yes,,output_contract_field,,29_MIRRA_INTEGRATIONS_API_LAYER_v4.0_LOCKED.txt,intended_contract_not_currently_exposed_by_code
integrations,contact_name_raw,brief_only_missing_in_code,no,yes,,output_contract_field,,29_MIRRA_INTEGRATIONS_API_LAYER_v4.0_LOCKED.txt,intended_contract_not_currently_exposed_by_code
integrations,employee_or_supplier_id,brief_only_missing_in_code,no,yes,,output_contract_field,,29_MIRRA_INTEGRATIONS_API_LAYER_v4.0_LOCKED.txt,intended_contract_not_currently_exposed_by_code
integrations,employee_or_supplier_name,brief_only_missing_in_code,no,yes,,output_contract_field,,29_MIRRA_INTEGRATIONS_API_LAYER_v4.0_LOCKED.txt,intended_contract_not_currently_exposed_by_code
integrations,future_api,brief_only_missing_in_code,no,yes,,output_contract_field,,29_MIRRA_INTEGRATIONS_API_LAYER_v4.0_LOCKED.txt,intended_contract_not_currently_exposed_by_code
integrations,gross_amount,brief_only_missing_in_code,no,yes,,output_contract_field,,29_MIRRA_INTEGRATIONS_API_LAYER_v4.0_LOCKED.txt,intended_contract_not_currently_exposed_by_code
integrations,gst_amount,brief_only_missing_in_code,no,yes,,output_contract_field,,29_MIRRA_INTEGRATIONS_API_LAYER_v4.0_LOCKED.txt,intended_contract_not_currently_exposed_by_code
integrations,integration_ready,brief_only_missing_in_code,no,yes,,output_contract_field,,29_MIRRA_INTEGRATIONS_API_LAYER_v4.0_LOCKED.txt,intended_contract_not_currently_exposed_by_code | readiness_field
integrations,integration_source_trace,brief_only_missing_in_code,no,yes,,output_contract_field,,29_MIRRA_INTEGRATIONS_API_LAYER_v4.0_LOCKED.txt,intended_contract_not_currently_exposed_by_code
integrations,integration_status,brief_only_missing_in_code,no,yes,,output_contract_field,,29_MIRRA_INTEGRATIONS_API_LAYER_v4.0_LOCKED.txt,intended_contract_not_currently_exposed_by_code | status_field
integrations,integration_trust_state,brief_only_missing_in_code,no,yes,,output_contract_field,,29_MIRRA_INTEGRATIONS_API_LAYER_v4.0_LOCKED.txt,intended_contract_not_currently_exposed_by_code | trust_state_field
integrations,integration_warning_count,brief_only_missing_in_code,no,yes,,output_contract_field,,29_MIRRA_INTEGRATIONS_API_LAYER_v4.0_LOCKED.txt,intended_contract_not_currently_exposed_by_code
integrations,integration_warnings,brief_only_missing_in_code,no,yes,,output_contract_field,,29_MIRRA_INTEGRATIONS_API_LAYER_v4.0_LOCKED.txt,intended_contract_not_currently_exposed_by_code | warnings_field
integrations,last_sync_at,brief_only_missing_in_code,no,yes,,output_contract_field,,29_MIRRA_INTEGRATIONS_API_LAYER_v4.0_LOCKED.txt,intended_contract_not_currently_exposed_by_code
integrations,manual_upload,brief_only_missing_in_code,no,yes,,output_contract_field,,29_MIRRA_INTEGRATIONS_API_LAYER_v4.0_LOCKED.txt,intended_contract_not_currently_exposed_by_code
integrations,net_amount,brief_only_missing_in_code,no,yes,,output_contract_field,,29_MIRRA_INTEGRATIONS_API_LAYER_v4.0_LOCKED.txt,intended_contract_not_currently_exposed_by_code
integrations,normalised_import_rows,brief_only_missing_in_code,no,yes,,output_contract_field,,29_MIRRA_INTEGRATIONS_API_LAYER_v4.0_LOCKED.txt,intended_contract_not_currently_exposed_by_code
integrations,period_end,brief_only_missing_in_code,no,yes,,output_contract_field,,29_MIRRA_INTEGRATIONS_API_LAYER_v4.0_LOCKED.txt,intended_contract_not_currently_exposed_by_code
integrations,period_start,brief_only_missing_in_code,no,yes,,output_contract_field,,29_MIRRA_INTEGRATIONS_API_LAYER_v4.0_LOCKED.txt,intended_contract_not_currently_exposed_by_code
integrations,po_system,brief_only_missing_in_code,no,yes,,output_contract_field,,29_MIRRA_INTEGRATIONS_API_LAYER_v4.0_LOCKED.txt,intended_contract_not_currently_exposed_by_code
integrations,quote_system,brief_only_missing_in_code,no,yes,,output_contract_field,,29_MIRRA_INTEGRATIONS_API_LAYER_v4.0_LOCKED.txt,intended_contract_not_currently_exposed_by_code
integrations,raw_import_payload_rows,brief_only_missing_in_code,no,yes,,output_contract_field,,29_MIRRA_INTEGRATIONS_API_LAYER_v4.0_LOCKED.txt,intended_contract_not_currently_exposed_by_code
integrations,signed_amount,brief_only_missing_in_code,no,yes,,output_contract_field,,29_MIRRA_INTEGRATIONS_API_LAYER_v4.0_LOCKED.txt,intended_contract_not_currently_exposed_by_code
integrations,source_document_number,brief_only_missing_in_code,no,yes,,output_contract_field,,29_MIRRA_INTEGRATIONS_API_LAYER_v4.0_LOCKED.txt,intended_contract_not_currently_exposed_by_code
integrations,source_document_type,brief_only_missing_in_code,no,yes,,output_contract_field,,29_MIRRA_INTEGRATIONS_API_LAYER_v4.0_LOCKED.txt,intended_contract_not_currently_exposed_by_code
integrations,source_import_id,brief_only_missing_in_code,no,yes,,output_contract_field,,29_MIRRA_INTEGRATIONS_API_LAYER_v4.0_LOCKED.txt,intended_contract_not_currently_exposed_by_code
integrations,source_import_rows,brief_only_missing_in_code,no,yes,,output_contract_field,,29_MIRRA_INTEGRATIONS_API_LAYER_v4.0_LOCKED.txt,intended_contract_not_currently_exposed_by_code
integrations,source_system,brief_only_missing_in_code,no,yes,,output_contract_field,,29_MIRRA_INTEGRATIONS_API_LAYER_v4.0_LOCKED.txt,intended_contract_not_currently_exposed_by_code
integrations,source_trace,brief_only_missing_in_code,no,yes,,output_contract_field,,29_MIRRA_INTEGRATIONS_API_LAYER_v4.0_LOCKED.txt,intended_contract_not_currently_exposed_by_code
integrations,source_type,brief_only_missing_in_code,no,yes,,output_contract_field,,29_MIRRA_INTEGRATIONS_API_LAYER_v4.0_LOCKED.txt,intended_contract_not_currently_exposed_by_code
integrations,suggested_cog_category,brief_only_missing_in_code,no,yes,,output_contract_field,,29_MIRRA_INTEGRATIONS_API_LAYER_v4.0_LOCKED.txt,intended_contract_not_currently_exposed_by_code
integrations,suggested_overhead_category,brief_only_missing_in_code,no,yes,,output_contract_field,,29_MIRRA_INTEGRATIONS_API_LAYER_v4.0_LOCKED.txt,intended_contract_not_currently_exposed_by_code
integrations,supplier_id,brief_only_missing_in_code,no,yes,,output_contract_field,,29_MIRRA_INTEGRATIONS_API_LAYER_v4.0_LOCKED.txt,intended_contract_not_currently_exposed_by_code
integrations,supplier_name,brief_only_missing_in_code,no,yes,,output_contract_field,,29_MIRRA_INTEGRATIONS_API_LAYER_v4.0_LOCKED.txt,intended_contract_not_currently_exposed_by_code
integrations,supplier_normalisation_rows,brief_only_missing_in_code,no,yes,,output_contract_field,,29_MIRRA_INTEGRATIONS_API_LAYER_v4.0_LOCKED.txt,intended_contract_not_currently_exposed_by_code
integrations,sync_run_rows,brief_only_missing_in_code,no,yes,,output_contract_field,,29_MIRRA_INTEGRATIONS_API_LAYER_v4.0_LOCKED.txt,intended_contract_not_currently_exposed_by_code
integrations,sync_status,brief_only_missing_in_code,no,yes,,output_contract_field,,29_MIRRA_INTEGRATIONS_API_LAYER_v4.0_LOCKED.txt,intended_contract_not_currently_exposed_by_code | status_field
integrations,transaction_date,brief_only_missing_in_code,no,yes,,output_contract_field,,29_MIRRA_INTEGRATIONS_API_LAYER_v4.0_LOCKED.txt,intended_contract_not_currently_exposed_by_code
integrations,trust_state,brief_only_missing_in_code,no,yes,,output_contract_field,,29_MIRRA_INTEGRATIONS_API_LAYER_v4.0_LOCKED.txt,intended_contract_not_currently_exposed_by_code
integrations,warning_count,brief_only_missing_in_code,no,yes,,output_contract_field,,29_MIRRA_INTEGRATIONS_API_LAYER_v4.0_LOCKED.txt,intended_contract_not_currently_exposed_by_code
job-costing,job_actual_cost_rows,brief_only_missing_in_code,no,yes,,output_contract_field,,28_MIRRA_DATABASE_STORAGE_EXPORT_LAYER_v4.0_LOCKED.txt,intended_contract_not_currently_exposed_by_code
job-costing,job_costing_ready,brief_only_missing_in_code,no,yes,,output_contract_field,,23_MIRRA_JOB_COSTING_PROFITABILITY_v4.0_LOCKED.txt,intended_contract_not_currently_exposed_by_code | readiness_field
job-costing,job_costing_source_trace,brief_only_missing_in_code,no,yes,,output_contract_field,,23_MIRRA_JOB_COSTING_PROFITABILITY_v4.0_LOCKED.txt,intended_contract_not_currently_exposed_by_code
job-costing,job_costing_status,brief_only_missing_in_code,no,yes,,output_contract_field,,23_MIRRA_JOB_COSTING_PROFITABILITY_v4.0_LOCKED.txt,intended_contract_not_currently_exposed_by_code | status_field
job-costing,job_profitability_rows,brief_only_missing_in_code,no,yes,,output_contract_field,,28_MIRRA_DATABASE_STORAGE_EXPORT_LAYER_v4.0_LOCKED.txt,intended_contract_not_currently_exposed_by_code
job-costing,reporting_fact_tables,brief_only_missing_in_code,no,yes,,output_contract_field,,28_MIRRA_DATABASE_STORAGE_EXPORT_LAYER_v4.0_LOCKED.txt,intended_contract_not_currently_exposed_by_code
labour,accept_contract_field,brief_only_missing_in_code,no,yes,,output_contract_field,,07_MIRRA_LABOUR_MODULE_v4.0_LOCKED.txt,intended_contract_not_currently_exposed_by_code
labour,accept_reference_wrapper,brief_only_missing_in_code,no,yes,,output_contract_field,,07_MIRRA_LABOUR_MODULE_v4.0_LOCKED.txt,intended_contract_not_currently_exposed_by_code
labour,add_to_v5_module_brief_output_contract,brief_only_missing_in_code,no,yes,,output_contract_field,,07_MIRRA_LABOUR_MODULE_v4.0_LOCKED.txt,intended_contract_not_currently_exposed_by_code
labour,api_error_rows,brief_only_missing_in_code,no,yes,,output_contract_field,,29_MIRRA_INTEGRATIONS_API_LAYER_v4.0_LOCKED.txt,intended_contract_not_currently_exposed_by_code
labour,asset_consumption_rows,brief_only_missing_in_code,no,yes,,output_contract_field,,22_MIRRA_SOQ_JOB_PO_LAYER_v4.0_LOCKED.txt,intended_contract_not_currently_exposed_by_code
labour,asset_feedback_rows,brief_only_missing_in_code,no,yes,,output_contract_field,,24_MIRRA_MODEL_FEEDBACK_LOOP_v4.0_LOCKED.txt,intended_contract_not_currently_exposed_by_code
labour,asset_variance_rows,brief_only_missing_in_code,no,yes,,output_contract_field,,23_MIRRA_JOB_COSTING_PROFITABILITY_v4.0_LOCKED.txt,intended_contract_not_currently_exposed_by_code
labour,document_as_reference_wrapper_not_business_metric,brief_only_missing_in_code,no,yes,,output_contract_field,,07_MIRRA_LABOUR_MODULE_v4.0_LOCKED.txt,intended_contract_not_currently_exposed_by_code
labour,implemented_contract_not_documented_in_brief,brief_only_missing_in_code,no,yes,,output_contract_field,,07_MIRRA_LABOUR_MODULE_v4.0_LOCKED.txt,intended_contract_not_currently_exposed_by_code
labour,labour_consumption_rows,brief_only_missing_in_code,no,yes,,output_contract_field,,22_MIRRA_SOQ_JOB_PO_LAYER_v4.0_LOCKED.txt,intended_contract_not_currently_exposed_by_code
labour,labour_feedback_rows,brief_only_missing_in_code,no,yes,,output_contract_field,,24_MIRRA_MODEL_FEEDBACK_LOOP_v4.0_LOCKED.txt,intended_contract_not_currently_exposed_by_code
labour,labour_import_handoff,brief_only_missing_in_code,no,yes,,output_contract_field,,29_MIRRA_INTEGRATIONS_API_LAYER_v4.0_LOCKED.txt,intended_contract_not_currently_exposed_by_code
labour,labour_model_trust_state,brief_only_missing_in_code,no,yes,,output_contract_field,,07_MIRRA_LABOUR_MODULE_v4.0_LOCKED.txt,intended_contract_not_currently_exposed_by_code | trust_state_field
labour,labour_variance_rows,brief_only_missing_in_code,no,yes,,output_contract_field,,23_MIRRA_JOB_COSTING_PROFITABILITY_v4.0_LOCKED.txt,intended_contract_not_currently_exposed_by_code
labour,labour_warning_count,brief_only_missing_in_code,no,yes,,output_contract_field,,07_MIRRA_LABOUR_MODULE_v4.0_LOCKED.txt,intended_contract_not_currently_exposed_by_code
labour,labour_warnings,brief_only_missing_in_code,no,yes,,output_contract_field,,07_MIRRA_LABOUR_MODULE_v4.0_LOCKED.txt,intended_contract_not_currently_exposed_by_code | warnings_field
labour,material_category_feedback_rows,brief_only_missing_in_code,no,yes,,output_contract_field,,24_MIRRA_MODEL_FEEDBACK_LOOP_v4.0_LOCKED.txt,intended_contract_not_currently_exposed_by_code
labour,material_consumption_rows,brief_only_missing_in_code,no,yes,,output_contract_field,,22_MIRRA_SOQ_JOB_PO_LAYER_v4.0_LOCKED.txt,intended_contract_not_currently_exposed_by_code
labour,material_variance_rows,brief_only_missing_in_code,no,yes,,output_contract_field,,23_MIRRA_JOB_COSTING_PROFITABILITY_v4.0_LOCKED.txt,intended_contract_not_currently_exposed_by_code
labour,non_productive_staff_count,brief_only_missing_in_code,no,yes,,output_contract_field,,07_MIRRA_LABOUR_MODULE_v4.0_LOCKED.txt,intended_contract_not_currently_exposed_by_code
labour,output_contract_reference_wrappers,brief_only_missing_in_code,no,yes,,output_contract_field,,07_MIRRA_LABOUR_MODULE_v4.0_LOCKED.txt,intended_contract_not_currently_exposed_by_code
labour,overhead_feedback_rows,brief_only_missing_in_code,no,yes,,output_contract_field,,24_MIRRA_MODEL_FEEDBACK_LOOP_v4.0_LOCKED.txt,intended_contract_not_currently_exposed_by_code
labour,productive_staff_count,brief_only_missing_in_code,no,yes,,output_contract_field,,07_MIRRA_LABOUR_MODULE_v4.0_LOCKED.txt,intended_contract_not_currently_exposed_by_code
labour,source_trace,brief_only_missing_in_code,no,yes,,output_contract_field,,29_MIRRA_INTEGRATIONS_API_LAYER_v4.0_LOCKED.txt,intended_contract_not_currently_exposed_by_code
labour,staff_types,brief_only_missing_in_code,no,yes,,output_contract_field,,07_MIRRA_LABOUR_MODULE_v4.0_LOCKED.txt,intended_contract_not_currently_exposed_by_code
labour,subcontractor_consumption_rows,brief_only_missing_in_code,no,yes,,output_contract_field,,22_MIRRA_SOQ_JOB_PO_LAYER_v4.0_LOCKED.txt,intended_contract_not_currently_exposed_by_code
labour,subcontractor_variance_rows,brief_only_missing_in_code,no,yes,,output_contract_field,,23_MIRRA_JOB_COSTING_PROFITABILITY_v4.0_LOCKED.txt,intended_contract_not_currently_exposed_by_code
labour,suggested_labour_category,brief_only_missing_in_code,no,yes,,output_contract_field,,29_MIRRA_INTEGRATIONS_API_LAYER_v4.0_LOCKED.txt,intended_contract_not_currently_exposed_by_code
labour,supplier_feedback_rows,brief_only_missing_in_code,no,yes,,output_contract_field,,24_MIRRA_MODEL_FEEDBACK_LOOP_v4.0_LOCKED.txt,intended_contract_not_currently_exposed_by_code
labour,total_cost_burden,brief_only_missing_in_code,no,yes,,output_contract_field,,07_MIRRA_LABOUR_MODULE_v4.0_LOCKED.txt,intended_contract_not_currently_exposed_by_code
labour,total_non_productive_labour_cost,brief_only_missing_in_code,no,yes,,output_contract_field,,07_MIRRA_LABOUR_MODULE_v4.0_LOCKED.txt,intended_contract_not_currently_exposed_by_code
labour,total_people_cost_annual,brief_only_missing_in_code,no,yes,,output_contract_field,,07_MIRRA_LABOUR_MODULE_v4.0_LOCKED.txt,intended_contract_not_currently_exposed_by_code
labour,total_staff_count,brief_only_missing_in_code,no,yes,,output_contract_field,,07_MIRRA_LABOUR_MODULE_v4.0_LOCKED.txt,intended_contract_not_currently_exposed_by_code
labour,unassigned_productive_staff,brief_only_missing_in_code,no,yes,,output_contract_field,,07_MIRRA_LABOUR_MODULE_v4.0_LOCKED.txt,intended_contract_not_currently_exposed_by_code
labour,unassigned_productive_staff_cost,brief_only_missing_in_code,no,yes,,output_contract_field,,07_MIRRA_LABOUR_MODULE_v4.0_LOCKED.txt,intended_contract_not_currently_exposed_by_code
labour,unassigned_productive_staff_hours,brief_only_missing_in_code,no,yes,,output_contract_field,,07_MIRRA_LABOUR_MODULE_v4.0_LOCKED.txt,intended_contract_not_currently_exposed_by_code
labour,build_active_labour_rate_model_for_calculation,code_only_not_in_brief,yes,no,output_contract_field,,hooks\rate-builder\useRateBuilderLabourRates.js,,implemented_contract_not_documented_in_brief
labour,build_all_labour_type_rows,code_only_not_in_brief,yes,no,output_contract_field,,hooks\useCostAllocation.js | lib\calculations\cost-allocation\costAllocationLabourAdapter.js,,implemented_contract_not_documented_in_brief
labour,build_cost_allocation_output_contract,code_only_not_in_brief,yes,no,output_contract_field,,hooks\rate-builder\useRateBuilderLabourRates.js | lib\selectors\rate-builder\rateBuilderLabourModelSelectors.js,,implemented_contract_not_documented_in_brief
labour,build_labour_rate_result_metrics,code_only_not_in_brief,yes,no,output_contract_field,,hooks\rate-builder\useRateBuilderLabourRates.js,,implemented_contract_not_documented_in_brief
labour,build_labour_type_rows_by_class,code_only_not_in_brief,yes,no,output_contract_field,,lib\calculations\cost-allocation\costAllocationLabourAdapter.js,,implemented_contract_not_documented_in_brief
labour,build_productive_labour_type_rows,code_only_not_in_brief,yes,no,output_contract_field,,hooks\useCostAllocation.js | lib\calculations\cost-allocation\costAllocationLabourAdapter.js,,implemented_contract_not_documented_in_brief
labour,build_support_labour_type_rows,code_only_not_in_brief,yes,no,output_contract_field,,hooks\useCostAllocation.js | lib\calculations\cost-allocation\costAllocationLabourAdapter.js,,implemented_contract_not_documented_in_brief
labour,cost_allocation,code_only_not_in_brief,yes,no,output_contract_field,,hooks\rate-builder\useRateBuilderLabourRates.js | lib\selectors\rate-builder\rateBuilderLabourModelSelectors.js,,implemented_contract_not_documented_in_brief
labour,get_nested_value,code_only_not_in_brief,yes,no,output_contract_field,,lib\selectors\rate-builder\rateBuilderLabourSourceSelectors.js,,implemented_contract_not_documented_in_brief
labour,labour,code_only_not_in_brief,yes,no,output_contract_field,,app\cost-summary\page.jsx | hooks\useBusinessSummary.js | hooks\useQuoteEngine.js | hooks\useRecoverySummary.js,,implemented_contract_not_documented_in_brief
labour,labour_data,code_only_not_in_brief,yes,no,output_contract_field,,hooks\useCostSummary.js,,implemented_contract_not_documented_in_brief
labour,labour_profiles,code_only_not_in_brief,yes,no,output_contract_field,,hooks\useEmployeeOverheads.js,,implemented_contract_not_documented_in_brief
labour,labour_rate_reality_check,code_only_not_in_brief,yes,no,output_contract_field,,lib\selectors\quickStartSelectors.js,,implemented_contract_not_documented_in_brief
labour,productive_labour_types,code_only_not_in_brief,yes,no,output_contract_field,,hooks\useCostSummary.js,,implemented_contract_not_documented_in_brief
labour,recovery_plan,code_only_not_in_brief,yes,no,output_contract_field,,lib\selectors\rate-builder\rateBuilderLabourModelSelectors.js | lib\selectors\rate-builder\rateBuilderLabourSourceSelectors.js,,implemented_contract_not_documented_in_brief
labour,safe_array,code_only_not_in_brief,yes,no,output_contract_field,,lib\calculations\cost-allocation\costAllocationLabourAdapter.js,,implemented_contract_not_documented_in_brief
labour,active_staff,matched,yes,yes,output_contract_field,output_contract_field,hooks\useCostSummary.js | lib\calculations\cost-allocation\costAllocationLabourAdapter.js | lib\calculations\cost-allocation\costAllocationValidation.js | lib\calculations\costAllocationRules.js | lib\selectors\costSummarySelectors.js,07_MIRRA_LABOUR_MODULE_v4.0_LOCKED.txt,brief_and_code_aligned
labour,all_labour_type_rows,matched,yes,yes,output_contract_field,output_contract_field,hooks\useCostAllocation.js,07_MIRRA_LABOUR_MODULE_v4.0_LOCKED.txt,brief_and_code_aligned
labour,cost_allocation_output_contract,matched,yes,yes,output_contract_field,output_contract_field,hooks\rate-builder\useRateBuilderLabourRates.js,07_MIRRA_LABOUR_MODULE_v4.0_LOCKED.txt,brief_and_code_aligned
labour,expected_labour_margin_percent,matched,yes,yes,output_contract_field,output_contract_field,lib\selectors\quickStartSelectors.js | lib\storage\quickStartStorage.js,07_MIRRA_LABOUR_MODULE_v4.0_LOCKED.txt,brief_and_code_aligned
labour,is_labour_based,matched,yes,yes,output_contract_field,output_contract_field,app\business-summary\page.jsx | components\business-summary\BusinessSummaryCard.jsx | components\business-summary\BusinessSummaryHierarchyBuilder.js | hooks\useBusinessSummary.js | hooks\useRecoverySummary.js | hooks\useRevenueReality.js | lib\calculations\businessSummaryCalculations.js | lib\calculations\recoverySummaryCalculations.js | lib\calculations\revenueRealityCalculations.js | lib\selectors\businessSummarySelectors.js | lib\selectors\recoverySummarySelectors.js,07_MIRRA_LABOUR_MODULE_v4.0_LOCKED.txt,brief_and_code_aligned | readiness_field
labour,is_labour_reality,matched,yes,yes,output_contract_field,output_contract_field,components\quick-start\QuickStartMainCard.jsx | lib\selectors\quickStartSelectors.js,07_MIRRA_LABOUR_MODULE_v4.0_LOCKED.txt,brief_and_code_aligned | readiness_field
labour,labour_based,matched,yes,yes,output_contract_field,output_contract_field,hooks\useRevenueReality.js | lib\calculations\recoverySummaryCalculations.js,07_MIRRA_LABOUR_MODULE_v4.0_LOCKED.txt,brief_and_code_aligned
labour,labour_benchmark_total,matched,yes,yes,output_contract_field,output_contract_field,lib\reconciliation\reconciliationRules.js,07_MIRRA_LABOUR_MODULE_v4.0_LOCKED.txt,brief_and_code_aligned
labour,labour_hours,matched,yes,yes,output_contract_field,output_contract_field,lib\selectors\quickStartSelectors.js | lib\storage\quickStartStorage.js,07_MIRRA_LABOUR_MODULE_v4.0_LOCKED.txt,brief_and_code_aligned
labour,labour_output,matched,yes,yes,output_contract_field,output_contract_field,components\model-readiness\ModelReadinessAuditPanel.jsx | hooks\rate-builder\useRateBuilderLabourRates.js,07_MIRRA_LABOUR_MODULE_v4.0_LOCKED.txt,brief_and_code_aligned
labour,labour_output_contract,matched,yes,yes,output_contract_field,output_contract_field,hooks\useCostSummary.js | hooks\useQuoteEngine.js | hooks\useRevenueReality.js | lib\calculations\cost-allocation\costAllocationLabourAdapter.js | lib\calculations\quoteEngineCalculations.js | lib\reconciliation\moduleReconciliation.js | lib\reconciliation\reconciliationRules.js,07_MIRRA_LABOUR_MODULE_v4.0_LOCKED.txt,brief_and_code_aligned
labour,labour_outputs,matched,yes,yes,output_contract_field,output_contract_field,hooks\useRecoverySummary.js | lib\reconciliation\moduleReconciliation.js | lib\reconciliation\reconciliationRules.js,07_MIRRA_LABOUR_MODULE_v4.0_LOCKED.txt,brief_and_code_aligned
labour,labour_pct,matched,yes,yes,output_contract_field,output_contract_field,lib\selectors\quickStartSelectors.js,07_MIRRA_LABOUR_MODULE_v4.0_LOCKED.txt,brief_and_code_aligned
labour,labour_rate,matched,yes,yes,output_contract_field,output_contract_field,components\labour\ScenarioModelCard.jsx | lib\calculations\quickStartCalculations.js | lib\selectors\labour\labourStatusSelectors.js | lib\selectors\quickStartSelectors.js | lib\storage\labourRateRealityCheckStorage.js | lib\storage\labourStorage.js | lib\storage\quickStartStorage.js,07_MIRRA_LABOUR_MODULE_v4.0_LOCKED.txt,brief_and_code_aligned
labour,labour_ready,matched,yes,yes,output_contract_field,output_contract_field,app\dev\model-readiness\page.jsx | app\model-readiness\page.jsx | components\labour\LabourCompactWorkspaceCard.jsx | components\labour\LabourStatusStrip.jsx | lib\reconciliation\reconciliationRules.js | lib\selectors\labour\labourOutputContractSelectors.js | lib\selectors\labour\labourStatusSelectors.js,07_MIRRA_LABOUR_MODULE_v4.0_LOCKED.txt,brief_and_code_aligned | readiness_field
labour,labour_status,matched,yes,yes,output_contract_field,output_contract_field,components\labour\LabourCompactWorkspaceCard.jsx | components\labour\LabourStatusStrip.jsx | lib\reconciliation\moduleReconciliation.js | lib\reconciliation\reconciliationRules.js | lib\selectors\labour\labourStatusSelectors.js | lib\selectors\rate-builder\rateBuilderLabourSourceSelectors.js,07_MIRRA_LABOUR_MODULE_v4.0_LOCKED.txt,brief_and_code_aligned | status_field
labour,labour_value,matched,yes,yes,output_contract_field,output_contract_field,lib\selectors\quickStartSelectors.js,07_MIRRA_LABOUR_MODULE_v4.0_LOCKED.txt,brief_and_code_aligned
labour,output_contract,matched,yes,yes,output_contract_field,output_contract_field,components\labour\LabourCompactWorkspaceCard.jsx | hooks\useLabour.js | lib\selectors\rate-builder\rateBuilderLabourModelSelectors.js | lib\selectors\rate-builder\rateBuilderLabourSourceSelectors.js,07_MIRRA_LABOUR_MODULE_v4.0_LOCKED.txt,brief_and_code_aligned
labour,productive_hours,matched,yes,yes,output_contract_field,output_contract_field,hooks\cost-allocation\useCostAllocationGroupRecoveryRows.js | lib\reconciliation\reconciliationRules.js | lib\selectors\labour\labourStatusSelectors.js,07_MIRRA_LABOUR_MODULE_v4.0_LOCKED.txt,brief_and_code_aligned
labour,productive_labour_cost_rate,matched,yes,yes,output_contract_field,output_contract_field,lib\calculations\quoteEngineCalculations.js,07_MIRRA_LABOUR_MODULE_v4.0_LOCKED.txt,brief_and_code_aligned
labour,productive_labour_type_rows,matched,yes,yes,output_contract_field,output_contract_field,hooks\useCostAllocation.js,07_MIRRA_LABOUR_MODULE_v4.0_LOCKED.txt,brief_and_code_aligned
labour,productive_rows,matched,yes,yes,output_contract_field,output_contract_field,lib\calculations\cost-allocation\costAllocationLabourAdapter.js,07_MIRRA_LABOUR_MODULE_v4.0_LOCKED.txt,brief_and_code_aligned
labour,productive_staff_type_rate_warnings,matched,yes,yes,output_contract_field,output_contract_field,components\labour\LabourCompactWorkspaceCard.jsx | components\labour\ProductiveStaffTypeRatesPanel.jsx | lib\calculations\labourCalculations.js | lib\selectors\labour\labourOutputContractSelectors.js,07_MIRRA_LABOUR_MODULE_v4.0_LOCKED.txt,brief_and_code_aligned | warnings_field
labour,productive_staff_type_rates,matched,yes,yes,output_contract_field,output_contract_field,components\labour\LabourCompactWorkspaceCard.jsx | components\labour\ProductiveStaffTypeRatesPanel.jsx | hooks\cost-allocation\useCostAllocationAssignmentCards.js | lib\calculations\labourCalculations.js | lib\selectors\labour\labourOutputContractSelectors.js,07_MIRRA_LABOUR_MODULE_v4.0_LOCKED.txt,brief_and_code_aligned
labour,profile_rows,matched,yes,yes,output_contract_field,output_contract_field,hooks\useLabour.js,07_MIRRA_LABOUR_MODULE_v4.0_LOCKED.txt,brief_and_code_aligned
labour,rate_builder_labour_recovery_rows,matched,yes,yes,output_contract_field,output_contract_field,hooks\useCostAllocation.js | lib\selectors\rate-builder\rateBuilderLabourSourceSelectors.js,07_MIRRA_LABOUR_MODULE_v4.0_LOCKED.txt,brief_and_code_aligned
labour,required_labour_burden_rate,matched,yes,yes,output_contract_field,output_contract_field,app\business-summary\page.jsx | hooks\useBusinessSummary.js,07_MIRRA_LABOUR_MODULE_v4.0_LOCKED.txt,brief_and_code_aligned
labour,required_labour_class,matched,yes,yes,output_contract_field,output_contract_field,lib\calculations\cost-allocation\costAllocationLabourAdapter.js,07_MIRRA_LABOUR_MODULE_v4.0_LOCKED.txt,brief_and_code_aligned
labour,staff_rows,matched,yes,yes,output_contract_field,output_contract_field,lib\calculations\cost-allocation\costAllocationLabourAdapter.js,07_MIRRA_LABOUR_MODULE_v4.0_LOCKED.txt,brief_and_code_aligned
labour,support_labour_type_rows,matched,yes,yes,output_contract_field,output_contract_field,hooks\useCostAllocation.js,07_MIRRA_LABOUR_MODULE_v4.0_LOCKED.txt,brief_and_code_aligned
labour,support_rows,matched,yes,yes,output_contract_field,output_contract_field,lib\calculations\cost-allocation\costAllocationLabourAdapter.js,07_MIRRA_LABOUR_MODULE_v4.0_LOCKED.txt,brief_and_code_aligned
labour,total_labour_cost_annual,matched,yes,yes,output_contract_field,output_contract_field,hooks\cost-allocation\useCostAllocationGroupRecoveryRows.js | hooks\useCostSummary.js | hooks\useRevenueReality.js | lib\calculations\revenueRealityCalculations.js | lib\reconciliation\reconciliationRules.js | lib\selectors\costSummarySelectors.js | lib\selectors\labour\labourStatusSelectors.js,07_MIRRA_LABOUR_MODULE_v4.0_LOCKED.txt,brief_and_code_aligned
labour,total_productive_labour_cost,matched,yes,yes,output_contract_field,output_contract_field,components\labour\LabourCompactWorkspaceCard.jsx,07_MIRRA_LABOUR_MODULE_v4.0_LOCKED.txt,brief_and_code_aligned
labour,total_productive_labour_hours,matched,yes,yes,output_contract_field,output_contract_field,components\labour\LabourCompactWorkspaceCard.jsx,07_MIRRA_LABOUR_MODULE_v4.0_LOCKED.txt,brief_and_code_aligned
labour,total_productive_output,matched,yes,yes,output_contract_field,output_contract_field,hooks\useBusinessModelling.js | hooks\useBusinessSummary.js | lib\calculations\quoteEngineCalculations.js | lib\reconciliation\reconciliationRules.js | lib\selectors\costSummarySelectors.js,07_MIRRA_LABOUR_MODULE_v4.0_LOCKED.txt,brief_and_code_aligned
labour,total_productive_paid_hours,matched,yes,yes,output_contract_field,output_contract_field,components\labour\LabourCompactWorkspaceCard.jsx | components\labour\ProductiveStaffTypeRatesPanel.jsx,07_MIRRA_LABOUR_MODULE_v4.0_LOCKED.txt,brief_and_code_aligned
labour,total_staff_recovery_hours,matched,yes,yes,output_contract_field,output_contract_field,hooks\useBusinessSummary.js | lib\selectors\costSummarySelectors.js,07_MIRRA_LABOUR_MODULE_v4.0_LOCKED.txt,brief_and_code_aligned
labour,weighted_all_productive_labour_rate,matched,yes,yes,output_contract_field,output_contract_field,components\labour\LabourCompactWorkspaceCard.jsx,07_MIRRA_LABOUR_MODULE_v4.0_LOCKED.txt,brief_and_code_aligned
labour,weighted_all_productive_productivity_percent,matched,yes,yes,output_contract_field,output_contract_field,components\labour\LabourCompactWorkspaceCard.jsx,07_MIRRA_LABOUR_MODULE_v4.0_LOCKED.txt,brief_and_code_aligned
macro-micro,blocking_share_warning_count,brief_only_missing_in_code,no,yes,,output_contract_field,,# QS Tools ? Future Build Brief Micro Recovery Layer Rollout.txt,intended_contract_not_currently_exposed_by_code
macro-micro,over_allocated_share_percent,brief_only_missing_in_code,no,yes,,output_contract_field,,# QS Tools ? Future Build Brief Micro Recovery Layer Rollout.txt,intended_contract_not_currently_exposed_by_code
macro-micro,recovery_share_total_percent,brief_only_missing_in_code,no,yes,,output_contract_field,,# QS Tools ? Future Build Brief Micro Recovery Layer Rollout.txt,intended_contract_not_currently_exposed_by_code
macro-micro,review_share_warning_count,brief_only_missing_in_code,no,yes,,output_contract_field,,# QS Tools ? Future Build Brief Micro Recovery Layer Rollout.txt,intended_contract_not_currently_exposed_by_code
macro-micro,share_warning_count,brief_only_missing_in_code,no,yes,,output_contract_field,,# QS Tools ? Future Build Brief Micro Recovery Layer Rollout.txt,intended_contract_not_currently_exposed_by_code
macro-micro,share_warning_rows,brief_only_missing_in_code,no,yes,,output_contract_field,,# QS Tools ? Future Build Brief Micro Recovery Layer Rollout.txt,intended_contract_not_currently_exposed_by_code
macro-micro,unallocated_share_percent,brief_only_missing_in_code,no,yes,,output_contract_field,,# QS Tools ? Future Build Brief Micro Recovery Layer Rollout.txt,intended_contract_not_currently_exposed_by_code
model-readiness,business_outcome_model_trust_state,brief_only_missing_in_code,no,yes,,output_contract_field,,20_MIRRA_BUSINESS_OUTCOME_v4.0_LOCKED.txt,intended_contract_not_currently_exposed_by_code | trust_state_field
model-readiness,business_outcome_warning_count,brief_only_missing_in_code,no,yes,,output_contract_field,,20_MIRRA_BUSINESS_OUTCOME_v4.0_LOCKED.txt,intended_contract_not_currently_exposed_by_code
model-readiness,business_outcome_warnings,brief_only_missing_in_code,no,yes,,output_contract_field,,20_MIRRA_BUSINESS_OUTCOME_v4.0_LOCKED.txt,intended_contract_not_currently_exposed_by_code | warnings_field
model-readiness,current_outcome_summary,brief_only_missing_in_code,no,yes,,output_contract_field,,20_MIRRA_BUSINESS_OUTCOME_v4.0_LOCKED.txt,intended_contract_not_currently_exposed_by_code
model-readiness,job_costing_model_trust_state,brief_only_missing_in_code,no,yes,,output_contract_field,,23_MIRRA_JOB_COSTING_PROFITABILITY_v4.0_LOCKED.txt,intended_contract_not_currently_exposed_by_code | trust_state_field
model-readiness,job_costing_warning_count,brief_only_missing_in_code,no,yes,,output_contract_field,,23_MIRRA_JOB_COSTING_PROFITABILITY_v4.0_LOCKED.txt,intended_contract_not_currently_exposed_by_code
model-readiness,job_costing_warnings,brief_only_missing_in_code,no,yes,,output_contract_field,,23_MIRRA_JOB_COSTING_PROFITABILITY_v4.0_LOCKED.txt,intended_contract_not_currently_exposed_by_code | warnings_field
model-readiness,job_profitability_rows,brief_only_missing_in_code,no,yes,,output_contract_field,,23_MIRRA_JOB_COSTING_PROFITABILITY_v4.0_LOCKED.txt,intended_contract_not_currently_exposed_by_code
model-readiness,job_rows,brief_only_missing_in_code,no,yes,,output_contract_field,,22_MIRRA_SOQ_JOB_PO_LAYER_v4.0_LOCKED.txt,intended_contract_not_currently_exposed_by_code
model-readiness,quote_checker_model_trust_state,brief_only_missing_in_code,no,yes,,output_contract_field,,21_MIRRA_QUOTE_CHECKER_v4.0_LOCKED.txt,intended_contract_not_currently_exposed_by_code | trust_state_field
model-readiness,quote_checker_warning_count,brief_only_missing_in_code,no,yes,,output_contract_field,,21_MIRRA_QUOTE_CHECKER_v4.0_LOCKED.txt,intended_contract_not_currently_exposed_by_code
model-readiness,quote_checker_warnings,brief_only_missing_in_code,no,yes,,output_contract_field,,21_MIRRA_QUOTE_CHECKER_v4.0_LOCKED.txt,intended_contract_not_currently_exposed_by_code | warnings_field
model-readiness,quote_header,brief_only_missing_in_code,no,yes,,output_contract_field,,21_MIRRA_QUOTE_CHECKER_v4.0_LOCKED.txt,intended_contract_not_currently_exposed_by_code
model-readiness,soq_job_po_model_trust_state,brief_only_missing_in_code,no,yes,,output_contract_field,,22_MIRRA_SOQ_JOB_PO_LAYER_v4.0_LOCKED.txt,intended_contract_not_currently_exposed_by_code | trust_state_field
model-readiness,soq_job_po_warning_count,brief_only_missing_in_code,no,yes,,output_contract_field,,22_MIRRA_SOQ_JOB_PO_LAYER_v4.0_LOCKED.txt,intended_contract_not_currently_exposed_by_code
model-readiness,soq_job_po_warnings,brief_only_missing_in_code,no,yes,,output_contract_field,,22_MIRRA_SOQ_JOB_PO_LAYER_v4.0_LOCKED.txt,intended_contract_not_currently_exposed_by_code | warnings_field
model-readiness,model_readiness,code_only_not_in_brief,yes,no,output_contract_field,,app\cost-summary\page.jsx | hooks\useBusinessSummary.js | hooks\useCostSummary.js | hooks\useQuoteEngine.js | hooks\useRecoverySummary.js | lib\selectors\costSummarySelectors.js,,implemented_contract_not_documented_in_brief
model-readiness,model_readiness_status,matched,yes,yes,output_contract_field,output_contract_field,app\business-summary\page.jsx | app\cost-summary\page.jsx | app\dev\model-readiness\page.jsx | app\model-readiness\page.jsx | app\quote-engine\page.jsx | components\cost-summary\CostSummaryStatusStrip.jsx | components\model-readiness\ModelReadinessAuditPanel.jsx | components\model-readiness\ModelReadinessStatusStrip.jsx | components\quote-engine\QuoteEngineStatusStrip.jsx | hooks\useBusinessSummary.js | hooks\useCostSummary.js | hooks\useQuoteEngine.js | lib\calculations\modelReadinessCalculations.js | lib\calculations\quoteEngineCalculations.js | lib\selectors\costSummarySelectors.js | lib\selectors\quoteEngineSelectors.js,11_MIRRA_MODEL_READINESS_v4.0_LOCKED.txt,brief_and_code_aligned | status_field
model-readiness,model_ready,matched,yes,yes,output_contract_field,output_contract_field,app\cost-summary\page.jsx | app\dev\model-readiness\page.jsx | app\model-readiness\page.jsx | app\quote-engine\page.jsx | components\cost-summary\CostSummaryStatusStrip.jsx | components\model-readiness\ModelReadinessAuditPanel.jsx | components\model-readiness\ModelReadinessStatusStrip.jsx | hooks\useBusinessSummary.js | hooks\useCostSummary.js | hooks\useQuoteEngine.js | lib\calculations\modelReadinessCalculations.js | lib\calculations\quoteEngineCalculations.js | lib\selectors\costSummarySelectors.js | lib\selectors\quoteEngineSelectors.js,11_MIRRA_MODEL_READINESS_v4.0_LOCKED.txt,brief_and_code_aligned | readiness_field
model-readiness,model_trust_state,matched,yes,yes,output_contract_field,output_contract_field,app\business-modelling\page.jsx | app\quote-engine\page.jsx | components\business-modelling\BusinessModellingBaselineCard.jsx | components\quote-engine\QuoteEngineStatusStrip.jsx | hooks\useBusinessModelling.js | hooks\useBusinessSummary.js | hooks\useQuoteEngine.js | hooks\useRecoverySummary.js | lib\calculations\businessModellingCalculations.js | lib\calculations\cost-allocation\costAllocationInputBuilder.js | lib\calculations\quoteEngineCalculations.js | lib\calculations\recoveryOutcomeCalculations.js | lib\calculations\recoverySummaryCalculations.js | lib\selectors\businessModellingSelectors.js | lib\selectors\businessSummarySelectors.js | lib\selectors\quoteEngineSelectors.js | lib\selectors\recoveryOutcomeSelectors.js | lib\selectors\recoverySummarySelectors.js,11_MIRRA_MODEL_READINESS_v4.0_LOCKED.txt,brief_and_code_aligned | trust_state_field
model-readiness,output_contract,matched,yes,yes,output_contract_field,output_contract_field,components\model-readiness\ModelReadinessAuditPanel.jsx,11_MIRRA_MODEL_READINESS_v4.0_LOCKED.txt,brief_and_code_aligned
model-readiness,quote_model_trust_state,matched,yes,yes,output_contract_field,output_contract_field,hooks\useQuoteEngine.js | lib\calculations\quoteEngineCalculations.js | lib\selectors\quoteEngineSelectors.js,11_MIRRA_MODEL_READINESS_v4.0_LOCKED.txt,brief_and_code_aligned | trust_state_field
model-review,blocked_review_items,brief_only_missing_in_code,no,yes,,output_contract_field,,25_MIRRA_MODEL_REVIEW_APPROVAL_v4.0_LOCKED.txt,intended_contract_not_currently_exposed_by_code
model-review,deferred_review_items,brief_only_missing_in_code,no,yes,,output_contract_field,,25_MIRRA_MODEL_REVIEW_APPROVAL_v4.0_LOCKED.txt,intended_contract_not_currently_exposed_by_code
model-review,model_review_cards,brief_only_missing_in_code,no,yes,,output_contract_field,,25_MIRRA_MODEL_REVIEW_APPROVAL_v4.0_LOCKED.txt,intended_contract_not_currently_exposed_by_code
model-review,model_review_queue_rows,brief_only_missing_in_code,no,yes,,output_contract_field,,25_MIRRA_MODEL_REVIEW_APPROVAL_v4.0_LOCKED.txt,intended_contract_not_currently_exposed_by_code
model-review,model_review_ready,brief_only_missing_in_code,no,yes,,output_contract_field,,25_MIRRA_MODEL_REVIEW_APPROVAL_v4.0_LOCKED.txt,intended_contract_not_currently_exposed_by_code | readiness_field
model-review,model_review_source_trace,brief_only_missing_in_code,no,yes,,output_contract_field,,25_MIRRA_MODEL_REVIEW_APPROVAL_v4.0_LOCKED.txt,intended_contract_not_currently_exposed_by_code
model-review,model_review_status,brief_only_missing_in_code,no,yes,,output_contract_field,,25_MIRRA_MODEL_REVIEW_APPROVAL_v4.0_LOCKED.txt,intended_contract_not_currently_exposed_by_code | status_field
model-review,model_review_trust_state,brief_only_missing_in_code,no,yes,,output_contract_field,,25_MIRRA_MODEL_REVIEW_APPROVAL_v4.0_LOCKED.txt,intended_contract_not_currently_exposed_by_code | trust_state_field
model-review,model_review_warning_count,brief_only_missing_in_code,no,yes,,output_contract_field,,25_MIRRA_MODEL_REVIEW_APPROVAL_v4.0_LOCKED.txt,intended_contract_not_currently_exposed_by_code
model-review,model_review_warnings,brief_only_missing_in_code,no,yes,,output_contract_field,,25_MIRRA_MODEL_REVIEW_APPROVAL_v4.0_LOCKED.txt,intended_contract_not_currently_exposed_by_code | warnings_field
model-review,rejected_review_items,brief_only_missing_in_code,no,yes,,output_contract_field,,25_MIRRA_MODEL_REVIEW_APPROVAL_v4.0_LOCKED.txt,intended_contract_not_currently_exposed_by_code
module-reconciliation,asset_finance_variance_amount,brief_only_missing_in_code,no,yes,,output_contract_field,,10_MIRRA_MODULE_RECONCILIATION_v4.0_LOCKED.txt,intended_contract_not_currently_exposed_by_code
module-reconciliation,asset_finance_variance_percent,brief_only_missing_in_code,no,yes,,output_contract_field,,10_MIRRA_MODULE_RECONCILIATION_v4.0_LOCKED.txt,intended_contract_not_currently_exposed_by_code
module-reconciliation,asset_running_cost_transfer_context,brief_only_missing_in_code,no,yes,,output_contract_field,,10_MIRRA_MODULE_RECONCILIATION_v4.0_LOCKED.txt,intended_contract_not_currently_exposed_by_code
module-reconciliation,blocking_checks,brief_only_missing_in_code,no,yes,,output_contract_field,,10_MIRRA_MODULE_RECONCILIATION_v4.0_LOCKED.txt,intended_contract_not_currently_exposed_by_code
module-reconciliation,commercial_warnings,brief_only_missing_in_code,no,yes,,output_contract_field,,26_MIRRA_DATA_QUALITY_DASHBOARD_v4.0_LOCKED.txt,intended_contract_not_currently_exposed_by_code | warnings_field
module-reconciliation,data_mapping_issues,brief_only_missing_in_code,no,yes,,output_contract_field,,26_MIRRA_DATA_QUALITY_DASHBOARD_v4.0_LOCKED.txt,intended_contract_not_currently_exposed_by_code
module-reconciliation,general_overheads_variance_amount,brief_only_missing_in_code,no,yes,,output_contract_field,,10_MIRRA_MODULE_RECONCILIATION_v4.0_LOCKED.txt,intended_contract_not_currently_exposed_by_code
module-reconciliation,general_overheads_variance_percent,brief_only_missing_in_code,no,yes,,output_contract_field,,10_MIRRA_MODULE_RECONCILIATION_v4.0_LOCKED.txt,intended_contract_not_currently_exposed_by_code
module-reconciliation,labour_variance_amount,brief_only_missing_in_code,no,yes,,output_contract_field,,10_MIRRA_MODULE_RECONCILIATION_v4.0_LOCKED.txt,intended_contract_not_currently_exposed_by_code
module-reconciliation,labour_variance_percent,brief_only_missing_in_code,no,yes,,output_contract_field,,10_MIRRA_MODULE_RECONCILIATION_v4.0_LOCKED.txt,intended_contract_not_currently_exposed_by_code
module-reconciliation,module_reconciliation_model_trust_state,brief_only_missing_in_code,no,yes,,output_contract_field,,10_MIRRA_MODULE_RECONCILIATION_v4.0_LOCKED.txt,intended_contract_not_currently_exposed_by_code | trust_state_field
module-reconciliation,module_reconciliation_ready,brief_only_missing_in_code,no,yes,,output_contract_field,,10_MIRRA_MODULE_RECONCILIATION_v4.0_LOCKED.txt,intended_contract_not_currently_exposed_by_code | readiness_field
module-reconciliation,module_reconciliation_status,brief_only_missing_in_code,no,yes,,output_contract_field,,10_MIRRA_MODULE_RECONCILIATION_v4.0_LOCKED.txt,intended_contract_not_currently_exposed_by_code | status_field
module-reconciliation,module_reconciliation_warning_count,brief_only_missing_in_code,no,yes,,output_contract_field,,10_MIRRA_MODULE_RECONCILIATION_v4.0_LOCKED.txt,intended_contract_not_currently_exposed_by_code
module-reconciliation,module_reconciliation_warnings,brief_only_missing_in_code,no,yes,,output_contract_field,,10_MIRRA_MODULE_RECONCILIATION_v4.0_LOCKED.txt,intended_contract_not_currently_exposed_by_code | warnings_field
module-reconciliation,module_total_business_costs,brief_only_missing_in_code,no,yes,,output_contract_field,,10_MIRRA_MODULE_RECONCILIATION_v4.0_LOCKED.txt,intended_contract_not_currently_exposed_by_code
module-reconciliation,normalised_reconciliation_inputs,brief_only_missing_in_code,no,yes,,output_contract_field,,10_MIRRA_MODULE_RECONCILIATION_v4.0_LOCKED.txt,intended_contract_not_currently_exposed_by_code
module-reconciliation,pnl_business_cost_variance,brief_only_missing_in_code,no,yes,,output_contract_field,,10_MIRRA_MODULE_RECONCILIATION_v4.0_LOCKED.txt,intended_contract_not_currently_exposed_by_code
module-reconciliation,pnl_business_cost_variance_percent,brief_only_missing_in_code,no,yes,,output_contract_field,,10_MIRRA_MODULE_RECONCILIATION_v4.0_LOCKED.txt,intended_contract_not_currently_exposed_by_code
module-reconciliation,quote_line_profitability_rows,brief_only_missing_in_code,no,yes,,output_contract_field,,23_MIRRA_JOB_COSTING_PROFITABILITY_v4.0_LOCKED.txt,intended_contract_not_currently_exposed_by_code
module-reconciliation,reconciliation_checks,brief_only_missing_in_code,no,yes,,output_contract_field,,10_MIRRA_MODULE_RECONCILIATION_v4.0_LOCKED.txt,intended_contract_not_currently_exposed_by_code
module-reconciliation,reconciliation_issues,brief_only_missing_in_code,no,yes,,output_contract_field,,26_MIRRA_DATA_QUALITY_DASHBOARD_v4.0_LOCKED.txt,intended_contract_not_currently_exposed_by_code
module-reconciliation,reconciliation_ready,brief_only_missing_in_code,no,yes,,output_contract_field,,10_MIRRA_MODULE_RECONCILIATION_v4.0_LOCKED.txt,intended_contract_not_currently_exposed_by_code | readiness_field
module-reconciliation,reconciliation_status,brief_only_missing_in_code,no,yes,,output_contract_field,,10_MIRRA_MODULE_RECONCILIATION_v4.0_LOCKED.txt,intended_contract_not_currently_exposed_by_code | status_field
module-reconciliation,source_trace_issues,brief_only_missing_in_code,no,yes,,output_contract_field,,26_MIRRA_DATA_QUALITY_DASHBOARD_v4.0_LOCKED.txt,intended_contract_not_currently_exposed_by_code
module-reconciliation,supplier_job_performance_rows,brief_only_missing_in_code,no,yes,,output_contract_field,,23_MIRRA_JOB_COSTING_PROFITABILITY_v4.0_LOCKED.txt,intended_contract_not_currently_exposed_by_code
module-reconciliation,total_business_cost_variance_amount,brief_only_missing_in_code,no,yes,,output_contract_field,,10_MIRRA_MODULE_RECONCILIATION_v4.0_LOCKED.txt,intended_contract_not_currently_exposed_by_code
module-reconciliation,total_business_cost_variance_percent,brief_only_missing_in_code,no,yes,,output_contract_field,,10_MIRRA_MODULE_RECONCILIATION_v4.0_LOCKED.txt,intended_contract_not_currently_exposed_by_code
module-reconciliation,warning_checks,brief_only_missing_in_code,no,yes,,output_contract_field,,10_MIRRA_MODULE_RECONCILIATION_v4.0_LOCKED.txt,intended_contract_not_currently_exposed_by_code
module-reconciliation,acc_work_levy_annual,matched,yes,yes,output_contract_field,output_contract_field,lib\reconciliation\reconciliationRules.js,10_MIRRA_MODULE_RECONCILIATION_v4.0_LOCKED.txt,brief_and_code_aligned
module-reconciliation,finance_cost_annual,matched,yes,yes,output_contract_field,output_contract_field,lib\reconciliation\reconciliationRules.js,10_MIRRA_MODULE_RECONCILIATION_v4.0_LOCKED.txt,brief_and_code_aligned
module-reconciliation,has_legacy_running_cost,matched,yes,yes,output_contract_field,output_contract_field,lib\reconciliation\reconciliationRules.js,10_MIRRA_MODULE_RECONCILIATION_v4.0_LOCKED.txt,brief_and_code_aligned
module-reconciliation,is_ready,matched,yes,yes,output_contract_field,output_contract_field,lib\reconciliation\reconciliationRules.js,10_MIRRA_MODULE_RECONCILIATION_v4.0_LOCKED.txt,brief_and_code_aligned | readiness_field
module-reconciliation,legacy_running_cost_check,matched,yes,yes,output_contract_field,output_contract_field,lib\reconciliation\reconciliationRules.js,10_MIRRA_MODULE_RECONCILIATION_v4.0_LOCKED.txt,brief_and_code_aligned
module-reconciliation,output_contract,matched,yes,yes,output_contract_field,output_contract_field,hooks\useModuleReconciliation.js | lib\reconciliation\moduleReconciliation.js,10_MIRRA_MODULE_RECONCILIATION_v4.0_LOCKED.txt,brief_and_code_aligned
module-reconciliation,running_cost_annual,matched,yes,yes,output_contract_field,output_contract_field,lib\reconciliation\reconciliationRules.js,10_MIRRA_MODULE_RECONCILIATION_v4.0_LOCKED.txt,brief_and_code_aligned
module-reconciliation,total_acc_levy_annual,matched,yes,yes,output_contract_field,output_contract_field,lib\reconciliation\moduleReconciliation.js | lib\reconciliation\reconciliationRules.js,10_MIRRA_MODULE_RECONCILIATION_v4.0_LOCKED.txt,brief_and_code_aligned
module-reconciliation,total_business_costs,matched,yes,yes,output_contract_field,output_contract_field,lib\reconciliation\reconciliationRules.js,10_MIRRA_MODULE_RECONCILIATION_v4.0_LOCKED.txt,brief_and_code_aligned
module-reconciliation,total_other_income,matched,yes,yes,output_contract_field,output_contract_field,lib\reconciliation\reconciliationRules.js,10_MIRRA_MODULE_RECONCILIATION_v4.0_LOCKED.txt,brief_and_code_aligned
module-reconciliation,unassigned_balance,matched,yes,yes,output_contract_field,output_contract_field,lib\reconciliation\reconciliationRules.js,10_MIRRA_MODULE_RECONCILIATION_v4.0_LOCKED.txt,brief_and_code_aligned
opening-hours,macro_required_operating_hour_rate,matched,yes,yes,output_contract_field,output_contract_field,app\business-summary\page.jsx | app\cost-summary\page.jsx | components\business-summary\BusinessSummaryCard.jsx | components\business-summary\BusinessSummaryStatusStrip.jsx | components\cost-summary\CostSummaryCard.jsx | components\cost-summary\CostSummaryStatusStrip.jsx | hooks\useBusinessSummary.js | hooks\useCostSummary.js | lib\calculations\costSummaryCalculations.js | lib\selectors\businessSummarySelectors.js | lib\selectors\costSummarySelectors.js,31_MIRRA_OPENING_HOURS_SUPPORTING_MODULE_v5.0.txt,brief_and_code_aligned
opening-hours,net_annual_business_open_hours,matched,yes,yes,output_contract_field,output_contract_field,components\business-summary\BusinessSummaryStatusStrip.jsx | hooks\useBusinessSummary.js | lib\selectors\openingHoursSelectors.js,31_MIRRA_OPENING_HOURS_SUPPORTING_MODULE_v5.0.txt,brief_and_code_aligned
opening-hours,opening_hours_module,matched,yes,yes,output_contract_field,output_contract_field,hooks\useCostSummary.js,31_MIRRA_OPENING_HOURS_SUPPORTING_MODULE_v5.0.txt,brief_and_code_aligned
p-and-l,accept_contract_field,brief_only_missing_in_code,no,yes,,output_contract_field,,04_MIRRA_P_AND_L_PAGE_v4.0_LOCKED.txt,intended_contract_not_currently_exposed_by_code
p-and-l,accept_reference_wrapper,brief_only_missing_in_code,no,yes,,output_contract_field,,04_MIRRA_P_AND_L_PAGE_v4.0_LOCKED.txt,intended_contract_not_currently_exposed_by_code
p-and-l,add_to_v5_module_brief_output_contract,brief_only_missing_in_code,no,yes,,output_contract_field,,04_MIRRA_P_AND_L_PAGE_v4.0_LOCKED.txt,intended_contract_not_currently_exposed_by_code
p-and-l,asset_finance_benchmark_total,brief_only_missing_in_code,no,yes,,output_contract_field,,04_MIRRA_P_AND_L_PAGE_v4.0_LOCKED.txt,intended_contract_not_currently_exposed_by_code
p-and-l,cost_of_sales,brief_only_missing_in_code,no,yes,,output_contract_field,,04_MIRRA_P_AND_L_PAGE_v4.0_LOCKED.txt,intended_contract_not_currently_exposed_by_code
p-and-l,cost_of_sales_benchmark_total,brief_only_missing_in_code,no,yes,,output_contract_field,,04_MIRRA_P_AND_L_PAGE_v4.0_LOCKED.txt,intended_contract_not_currently_exposed_by_code
p-and-l,document_as_reference_wrapper_not_business_metric,brief_only_missing_in_code,no,yes,,output_contract_field,,04_MIRRA_P_AND_L_PAGE_v4.0_LOCKED.txt,intended_contract_not_currently_exposed_by_code
p-and-l,duplicate_import_rows,brief_only_missing_in_code,no,yes,,output_contract_field,,29_MIRRA_INTEGRATIONS_API_LAYER_v4.0_LOCKED.txt,intended_contract_not_currently_exposed_by_code
p-and-l,general_overheads_import_handoff,brief_only_missing_in_code,no,yes,,output_contract_field,,29_MIRRA_INTEGRATIONS_API_LAYER_v4.0_LOCKED.txt,intended_contract_not_currently_exposed_by_code
p-and-l,implemented_contract_not_documented_in_brief,brief_only_missing_in_code,no,yes,,output_contract_field,,04_MIRRA_P_AND_L_PAGE_v4.0_LOCKED.txt,intended_contract_not_currently_exposed_by_code
p-and-l,not_available,brief_only_missing_in_code,no,yes,,output_contract_field,,04_MIRRA_P_AND_L_PAGE_v4.0_LOCKED.txt,intended_contract_not_currently_exposed_by_code
p-and-l,operating_expense_benchmark_total,brief_only_missing_in_code,no,yes,,output_contract_field,,04_MIRRA_P_AND_L_PAGE_v4.0_LOCKED.txt,intended_contract_not_currently_exposed_by_code
p-and-l,output_contract_reference_wrappers,brief_only_missing_in_code,no,yes,,output_contract_field,,04_MIRRA_P_AND_L_PAGE_v4.0_LOCKED.txt,intended_contract_not_currently_exposed_by_code
p-and-l,pnl_classifications,brief_only_missing_in_code,no,yes,,output_contract_field,,04_MIRRA_P_AND_L_PAGE_v4.0_LOCKED.txt,intended_contract_not_currently_exposed_by_code
p-and-l,pnl_gross_margin_percent,brief_only_missing_in_code,no,yes,,output_contract_field,,04_MIRRA_P_AND_L_PAGE_v4.0_LOCKED.txt,intended_contract_not_currently_exposed_by_code
p-and-l,pnl_gross_profit,brief_only_missing_in_code,no,yes,,output_contract_field,,04_MIRRA_P_AND_L_PAGE_v4.0_LOCKED.txt,intended_contract_not_currently_exposed_by_code
p-and-l,pnl_import_handoff,brief_only_missing_in_code,no,yes,,output_contract_field,,29_MIRRA_INTEGRATIONS_API_LAYER_v4.0_LOCKED.txt,intended_contract_not_currently_exposed_by_code
p-and-l,pnl_imported_at,brief_only_missing_in_code,no,yes,,output_contract_field,,04_MIRRA_P_AND_L_PAGE_v4.0_LOCKED.txt,intended_contract_not_currently_exposed_by_code
p-and-l,pnl_lines,brief_only_missing_in_code,no,yes,,output_contract_field,,04_MIRRA_P_AND_L_PAGE_v4.0_LOCKED.txt,intended_contract_not_currently_exposed_by_code
p-and-l,pnl_model_trust_state,brief_only_missing_in_code,no,yes,,output_contract_field,,04_MIRRA_P_AND_L_PAGE_v4.0_LOCKED.txt,intended_contract_not_currently_exposed_by_code | trust_state_field
p-and-l,pnl_net_profit,brief_only_missing_in_code,no,yes,,output_contract_field,,04_MIRRA_P_AND_L_PAGE_v4.0_LOCKED.txt,intended_contract_not_currently_exposed_by_code
p-and-l,pnl_period,brief_only_missing_in_code,no,yes,,output_contract_field,,04_MIRRA_P_AND_L_PAGE_v4.0_LOCKED.txt,intended_contract_not_currently_exposed_by_code
p-and-l,pnl_period_end,brief_only_missing_in_code,no,yes,,output_contract_field,,04_MIRRA_P_AND_L_PAGE_v4.0_LOCKED.txt,intended_contract_not_currently_exposed_by_code
p-and-l,pnl_period_label,brief_only_missing_in_code,no,yes,,output_contract_field,,04_MIRRA_P_AND_L_PAGE_v4.0_LOCKED.txt,intended_contract_not_currently_exposed_by_code
p-and-l,pnl_period_start,brief_only_missing_in_code,no,yes,,output_contract_field,,04_MIRRA_P_AND_L_PAGE_v4.0_LOCKED.txt,intended_contract_not_currently_exposed_by_code
p-and-l,pnl_reconciliation_checks,brief_only_missing_in_code,no,yes,,output_contract_field,,04_MIRRA_P_AND_L_PAGE_v4.0_LOCKED.txt,intended_contract_not_currently_exposed_by_code
p-and-l,pnl_snapshot_id,brief_only_missing_in_code,no,yes,,output_contract_field,,04_MIRRA_P_AND_L_PAGE_v4.0_LOCKED.txt,intended_contract_not_currently_exposed_by_code
p-and-l,pnl_source_file_name,brief_only_missing_in_code,no,yes,,output_contract_field,,04_MIRRA_P_AND_L_PAGE_v4.0_LOCKED.txt,intended_contract_not_currently_exposed_by_code
p-and-l,pnl_source_report_name,brief_only_missing_in_code,no,yes,,output_contract_field,,04_MIRRA_P_AND_L_PAGE_v4.0_LOCKED.txt,intended_contract_not_currently_exposed_by_code
p-and-l,pnl_source_report_type,brief_only_missing_in_code,no,yes,,output_contract_field,,04_MIRRA_P_AND_L_PAGE_v4.0_LOCKED.txt,intended_contract_not_currently_exposed_by_code
p-and-l,pnl_source_type,brief_only_missing_in_code,no,yes,,output_contract_field,,04_MIRRA_P_AND_L_PAGE_v4.0_LOCKED.txt,intended_contract_not_currently_exposed_by_code
p-and-l,pnl_total_cogs,brief_only_missing_in_code,no,yes,,output_contract_field,,04_MIRRA_P_AND_L_PAGE_v4.0_LOCKED.txt,intended_contract_not_currently_exposed_by_code
p-and-l,pnl_total_operating_expenses,brief_only_missing_in_code,no,yes,,output_contract_field,,04_MIRRA_P_AND_L_PAGE_v4.0_LOCKED.txt,intended_contract_not_currently_exposed_by_code
p-and-l,pnl_total_other_expenses,brief_only_missing_in_code,no,yes,,output_contract_field,,04_MIRRA_P_AND_L_PAGE_v4.0_LOCKED.txt,intended_contract_not_currently_exposed_by_code
p-and-l,pnl_total_other_income,brief_only_missing_in_code,no,yes,,output_contract_field,,04_MIRRA_P_AND_L_PAGE_v4.0_LOCKED.txt,intended_contract_not_currently_exposed_by_code
p-and-l,pnl_total_revenue,brief_only_missing_in_code,no,yes,,output_contract_field,,04_MIRRA_P_AND_L_PAGE_v4.0_LOCKED.txt,intended_contract_not_currently_exposed_by_code
p-and-l,pnl_warning_count,brief_only_missing_in_code,no,yes,,output_contract_field,,04_MIRRA_P_AND_L_PAGE_v4.0_LOCKED.txt,intended_contract_not_currently_exposed_by_code
p-and-l,pnl_warnings,brief_only_missing_in_code,no,yes,,output_contract_field,,04_MIRRA_P_AND_L_PAGE_v4.0_LOCKED.txt,intended_contract_not_currently_exposed_by_code | warnings_field
p-and-l,revenue_cogs_import_handoff,brief_only_missing_in_code,no,yes,,output_contract_field,,29_MIRRA_INTEGRATIONS_API_LAYER_v4.0_LOCKED.txt,intended_contract_not_currently_exposed_by_code
p-and-l,review_required,brief_only_missing_in_code,no,yes,,output_contract_field,,04_MIRRA_P_AND_L_PAGE_v4.0_LOCKED.txt,intended_contract_not_currently_exposed_by_code
p-and-l,review_required_lines,brief_only_missing_in_code,no,yes,,output_contract_field,,04_MIRRA_P_AND_L_PAGE_v4.0_LOCKED.txt,intended_contract_not_currently_exposed_by_code
p-and-l,saved_account_mappings,brief_only_missing_in_code,no,yes,,output_contract_field,,04_MIRRA_P_AND_L_PAGE_v4.0_LOCKED.txt,intended_contract_not_currently_exposed_by_code
p-and-l,unclassified_lines,brief_only_missing_in_code,no,yes,,output_contract_field,,04_MIRRA_P_AND_L_PAGE_v4.0_LOCKED.txt,intended_contract_not_currently_exposed_by_code
p-and-l,Ready,code_only_not_in_brief,yes,no,output_contract_field,,lib\selectors\profitAndLossSelectors.js,,implemented_contract_not_documented_in_brief
p-and-l,build_general_overheads_from_pnl,code_only_not_in_brief,yes,no,output_contract_field,,hooks\useGeneralOverheads.js,,implemented_contract_not_documented_in_brief
p-and-l,build_pnl_sync_signature,code_only_not_in_brief,yes,no,output_contract_field,,hooks\useGeneralOverheads.js,,implemented_contract_not_documented_in_brief
p-and-l,build_reconciliation,code_only_not_in_brief,yes,no,output_contract_field,,lib\selectors\profitAndLossSelectors.js,,implemented_contract_not_documented_in_brief
p-and-l,build_unassigned_details,code_only_not_in_brief,yes,no,output_contract_field,,lib\selectors\profitAndLossSelectors.js,,implemented_contract_not_documented_in_brief
p-and-l,build_warnings,code_only_not_in_brief,yes,no,output_contract_field,,lib\selectors\profitAndLossSelectors.js,,implemented_contract_not_documented_in_brief | warnings_field
p-and-l,format_number,code_only_not_in_brief,yes,no,output_contract_field,,lib\selectors\profitAndLossSelectors.js,,implemented_contract_not_documented_in_brief
p-and-l,good,code_only_not_in_brief,yes,no,output_contract_field,,components\p-and-l\ProfitAndLossStatusStrip.jsx | lib\selectors\profitAndLossSelectors.js,,implemented_contract_not_documented_in_brief
p-and-l,label,code_only_not_in_brief,yes,no,output_contract_field,,lib\selectors\profitAndLossSelectors.js,,implemented_contract_not_documented_in_brief
p-and-l,pnl_sync_signature,code_only_not_in_brief,yes,no,output_contract_field,,hooks\useGeneralOverheads.js,,implemented_contract_not_documented_in_brief
p-and-l,profit_and_loss,code_only_not_in_brief,yes,no,output_contract_field,,components\model-readiness\ModelReadinessAuditPanel.jsx | hooks\useRevenueCogs.js,,implemented_contract_not_documented_in_brief
p-and-l,profit_and_loss_state,code_only_not_in_brief,yes,no,output_contract_field,,hooks\useGeneralOverheads.js | hooks\useProfitAndLoss.js,,implemented_contract_not_documented_in_brief
p-and-l,reconciliation,code_only_not_in_brief,yes,no,output_contract_field,,lib\selectors\profitAndLossSelectors.js,,implemented_contract_not_documented_in_brief
p-and-l,state,code_only_not_in_brief,yes,no,output_contract_field,,hooks\useProfitAndLoss.js | lib\storage\profitAndLossProfileStorage.js,,implemented_contract_not_documented_in_brief
p-and-l,summary,code_only_not_in_brief,yes,no,output_contract_field,,lib\selectors\profitAndLossSelectors.js,,implemented_contract_not_documented_in_brief
p-and-l,tone,code_only_not_in_brief,yes,no,output_contract_field,,components\p-and-l\ProfitAndLossProgressPanel.jsx | lib\selectors\profitAndLossSelectors.js,,implemented_contract_not_documented_in_brief
p-and-l,value,code_only_not_in_brief,yes,no,output_contract_field,,lib\selectors\profitAndLossSelectors.js,,implemented_contract_not_documented_in_brief
p-and-l,variance,code_only_not_in_brief,yes,no,output_contract_field,,lib\selectors\profitAndLossSelectors.js,,implemented_contract_not_documented_in_brief
p-and-l,warn,code_only_not_in_brief,yes,no,output_contract_field,,components\p-and-l\ProfitAndLossStatusStrip.jsx | lib\selectors\profitAndLossSelectors.js,,implemented_contract_not_documented_in_brief
p-and-l,warnings,code_only_not_in_brief,yes,no,output_contract_field,,lib\selectors\profitAndLossSelectors.js,,implemented_contract_not_documented_in_brief
p-and-l,assets_benchmark_total,matched,yes,yes,output_contract_field,output_contract_field,lib\selectors\profitAndLossSelectors.js,04_MIRRA_P_AND_L_PAGE_v4.0_LOCKED.txt,brief_and_code_aligned
p-and-l,direct_cost_category_totals,matched,yes,yes,output_contract_field,output_contract_field,lib\selectors\profitAndLossSelectors.js,04_MIRRA_P_AND_L_PAGE_v4.0_LOCKED.txt,brief_and_code_aligned
p-and-l,employee_overheads_benchmark_total,matched,yes,yes,output_contract_field,output_contract_field,lib\selectors\profitAndLossSelectors.js,04_MIRRA_P_AND_L_PAGE_v4.0_LOCKED.txt,brief_and_code_aligned
p-and-l,excluded_asset_finance_interest_total,matched,yes,yes,output_contract_field,output_contract_field,lib\selectors\profitAndLossSelectors.js,04_MIRRA_P_AND_L_PAGE_v4.0_LOCKED.txt,brief_and_code_aligned
p-and-l,general_overheads_benchmark_total,matched,yes,yes,output_contract_field,output_contract_field,lib\selectors\profitAndLossSelectors.js,04_MIRRA_P_AND_L_PAGE_v4.0_LOCKED.txt,brief_and_code_aligned
p-and-l,gross_profit,matched,yes,yes,output_contract_field,output_contract_field,lib\selectors\profitAndLossSelectors.js,04_MIRRA_P_AND_L_PAGE_v4.0_LOCKED.txt,brief_and_code_aligned
p-and-l,hired_equipment_cost,matched,yes,yes,output_contract_field,output_contract_field,lib\selectors\profitAndLossSelectors.js,04_MIRRA_P_AND_L_PAGE_v4.0_LOCKED.txt,brief_and_code_aligned
p-and-l,labour_benchmark_total,matched,yes,yes,output_contract_field,output_contract_field,lib\selectors\profitAndLossSelectors.js,04_MIRRA_P_AND_L_PAGE_v4.0_LOCKED.txt,brief_and_code_aligned
p-and-l,materials_cost,matched,yes,yes,output_contract_field,output_contract_field,lib\selectors\profitAndLossSelectors.js,04_MIRRA_P_AND_L_PAGE_v4.0_LOCKED.txt,brief_and_code_aligned
p-and-l,model_total_costs,matched,yes,yes,output_contract_field,output_contract_field,lib\selectors\profitAndLossSelectors.js,04_MIRRA_P_AND_L_PAGE_v4.0_LOCKED.txt,brief_and_code_aligned
p-and-l,net_profit,matched,yes,yes,output_contract_field,output_contract_field,lib\selectors\profitAndLossSelectors.js,04_MIRRA_P_AND_L_PAGE_v4.0_LOCKED.txt,brief_and_code_aligned
p-and-l,output_contract,matched,yes,yes,output_contract_field,output_contract_field,hooks\useProfitAndLoss.js | lib\selectors\profitAndLossSelectors.js,04_MIRRA_P_AND_L_PAGE_v4.0_LOCKED.txt,brief_and_code_aligned
p-and-l,pnl_interest_marked_asset_finance_total,matched,yes,yes,output_contract_field,output_contract_field,lib\reconciliation\reconciliationRules.js | lib\selectors\profitAndLossSelectors.js,04_MIRRA_P_AND_L_PAGE_v4.0_LOCKED.txt,brief_and_code_aligned
p-and-l,pnl_interest_total,matched,yes,yes,output_contract_field,output_contract_field,lib\selectors\profitAndLossSelectors.js,04_MIRRA_P_AND_L_PAGE_v4.0_LOCKED.txt,brief_and_code_aligned
p-and-l,pnl_output,matched,yes,yes,output_contract_field,output_contract_field,components\model-readiness\ModelReadinessAuditPanel.jsx,04_MIRRA_P_AND_L_PAGE_v4.0_LOCKED.txt,brief_and_code_aligned
p-and-l,pnl_output_contract,matched,yes,yes,output_contract_field,output_contract_field,hooks\useAssets.js | hooks\useGeneralOverheads.js | hooks\useRevenueCogs.js | lib\reconciliation\moduleReconciliation.js | lib\reconciliation\reconciliationRules.js,04_MIRRA_P_AND_L_PAGE_v4.0_LOCKED.txt,brief_and_code_aligned
p-and-l,pnl_ready,matched,yes,yes,output_contract_field,output_contract_field,app\dev\model-readiness\page.jsx | app\model-readiness\page.jsx | components\p-and-l\ProfitAndLossMainCard.jsx | components\p-and-l\ProfitAndLossProgressPanel.jsx | lib\calculations\profitAndLossCalculations.js | lib\reconciliation\reconciliationRules.js | lib\selectors\profitAndLossSelectors.js,04_MIRRA_P_AND_L_PAGE_v4.0_LOCKED.txt,brief_and_code_aligned | readiness_field
p-and-l,pnl_status,matched,yes,yes,output_contract_field,output_contract_field,lib\reconciliation\moduleReconciliation.js | lib\reconciliation\reconciliationRules.js,04_MIRRA_P_AND_L_PAGE_v4.0_LOCKED.txt,brief_and_code_aligned | status_field
p-and-l,profit_and_loss_ready,matched,yes,yes,output_contract_field,output_contract_field,lib\reconciliation\reconciliationRules.js,04_MIRRA_P_AND_L_PAGE_v4.0_LOCKED.txt,brief_and_code_aligned | readiness_field
p-and-l,subcontract_cost,matched,yes,yes,output_contract_field,output_contract_field,lib\selectors\profitAndLossSelectors.js,04_MIRRA_P_AND_L_PAGE_v4.0_LOCKED.txt,brief_and_code_aligned
p-and-l,total_assigned_business_costs,matched,yes,yes,output_contract_field,output_contract_field,lib\selectors\profitAndLossSelectors.js,04_MIRRA_P_AND_L_PAGE_v4.0_LOCKED.txt,brief_and_code_aligned
p-and-l,total_business_costs,matched,yes,yes,output_contract_field,output_contract_field,lib\selectors\profitAndLossSelectors.js,04_MIRRA_P_AND_L_PAGE_v4.0_LOCKED.txt,brief_and_code_aligned
p-and-l,total_cogs,matched,yes,yes,output_contract_field,output_contract_field,lib\selectors\profitAndLossSelectors.js,04_MIRRA_P_AND_L_PAGE_v4.0_LOCKED.txt,brief_and_code_aligned
p-and-l,total_cost_of_sales,matched,yes,yes,output_contract_field,output_contract_field,lib\selectors\profitAndLossSelectors.js,04_MIRRA_P_AND_L_PAGE_v4.0_LOCKED.txt,brief_and_code_aligned
p-and-l,total_direct_costs,matched,yes,yes,output_contract_field,output_contract_field,lib\selectors\profitAndLossSelectors.js,04_MIRRA_P_AND_L_PAGE_v4.0_LOCKED.txt,brief_and_code_aligned
p-and-l,total_model_costs,matched,yes,yes,output_contract_field,output_contract_field,lib\selectors\profitAndLossSelectors.js,04_MIRRA_P_AND_L_PAGE_v4.0_LOCKED.txt,brief_and_code_aligned
p-and-l,total_operating_expenses,matched,yes,yes,output_contract_field,output_contract_field,lib\selectors\profitAndLossSelectors.js,04_MIRRA_P_AND_L_PAGE_v4.0_LOCKED.txt,brief_and_code_aligned
p-and-l,total_other_income,matched,yes,yes,output_contract_field,output_contract_field,lib\selectors\profitAndLossSelectors.js,04_MIRRA_P_AND_L_PAGE_v4.0_LOCKED.txt,brief_and_code_aligned
p-and-l,total_pnl_costs,matched,yes,yes,output_contract_field,output_contract_field,lib\selectors\profitAndLossSelectors.js,04_MIRRA_P_AND_L_PAGE_v4.0_LOCKED.txt,brief_and_code_aligned
p-and-l,total_revenue,matched,yes,yes,output_contract_field,output_contract_field,lib\selectors\profitAndLossSelectors.js,04_MIRRA_P_AND_L_PAGE_v4.0_LOCKED.txt,brief_and_code_aligned
p-and-l,total_trading_income,matched,yes,yes,output_contract_field,output_contract_field,lib\selectors\profitAndLossSelectors.js,04_MIRRA_P_AND_L_PAGE_v4.0_LOCKED.txt,brief_and_code_aligned
p-and-l,unassigned_balance,matched,yes,yes,output_contract_field,output_contract_field,lib\selectors\profitAndLossSelectors.js,04_MIRRA_P_AND_L_PAGE_v4.0_LOCKED.txt,brief_and_code_aligned
p-and-l,unassigned_details,matched,yes,yes,output_contract_field,output_contract_field,components\p-and-l\ProfitAndLossMainCard.jsx | lib\selectors\profitAndLossSelectors.js,04_MIRRA_P_AND_L_PAGE_v4.0_LOCKED.txt,brief_and_code_aligned
p-and-l,unreviewed_interest_count,matched,yes,yes,output_contract_field,output_contract_field,lib\selectors\profitAndLossSelectors.js,04_MIRRA_P_AND_L_PAGE_v4.0_LOCKED.txt,brief_and_code_aligned
p-and-l,unreviewed_interest_total,matched,yes,yes,output_contract_field,output_contract_field,lib\selectors\profitAndLossSelectors.js,04_MIRRA_P_AND_L_PAGE_v4.0_LOCKED.txt,brief_and_code_aligned
quote-checker,blocked_lines,brief_only_missing_in_code,no,yes,,output_contract_field,,21_MIRRA_QUOTE_CHECKER_v4.0_LOCKED.txt,intended_contract_not_currently_exposed_by_code
quote-checker,margin_shortfall_lines,brief_only_missing_in_code,no,yes,,output_contract_field,,21_MIRRA_QUOTE_CHECKER_v4.0_LOCKED.txt,intended_contract_not_currently_exposed_by_code
quote-checker,quote_checker_ready,brief_only_missing_in_code,no,yes,,output_contract_field,,21_MIRRA_QUOTE_CHECKER_v4.0_LOCKED.txt,intended_contract_not_currently_exposed_by_code | readiness_field
quote-checker,quote_checker_source_trace,brief_only_missing_in_code,no,yes,,output_contract_field,,21_MIRRA_QUOTE_CHECKER_v4.0_LOCKED.txt,intended_contract_not_currently_exposed_by_code
quote-checker,quote_checker_status,brief_only_missing_in_code,no,yes,,output_contract_field,,21_MIRRA_QUOTE_CHECKER_v4.0_LOCKED.txt,intended_contract_not_currently_exposed_by_code | status_field
quote-checker,quote_line_results,brief_only_missing_in_code,no,yes,,output_contract_field,,21_MIRRA_QUOTE_CHECKER_v4.0_LOCKED.txt,intended_contract_not_currently_exposed_by_code
quote-checker,quote_lines,brief_only_missing_in_code,no,yes,,output_contract_field,,21_MIRRA_QUOTE_CHECKER_v4.0_LOCKED.txt,intended_contract_not_currently_exposed_by_code
quote-checker,quote_margin_amount,brief_only_missing_in_code,no,yes,,output_contract_field,,21_MIRRA_QUOTE_CHECKER_v4.0_LOCKED.txt,intended_contract_not_currently_exposed_by_code
quote-checker,quote_margin_percent,brief_only_missing_in_code,no,yes,,output_contract_field,,21_MIRRA_QUOTE_CHECKER_v4.0_LOCKED.txt,intended_contract_not_currently_exposed_by_code
quote-checker,quote_minimum_required_recovery,brief_only_missing_in_code,no,yes,,output_contract_field,,21_MIRRA_QUOTE_CHECKER_v4.0_LOCKED.txt,intended_contract_not_currently_exposed_by_code
quote-checker,quote_recovery_gap,brief_only_missing_in_code,no,yes,,output_contract_field,,21_MIRRA_QUOTE_CHECKER_v4.0_LOCKED.txt,intended_contract_not_currently_exposed_by_code
quote-checker,quote_required_target_revenue,brief_only_missing_in_code,no,yes,,output_contract_field,,21_MIRRA_QUOTE_CHECKER_v4.0_LOCKED.txt,intended_contract_not_currently_exposed_by_code
quote-checker,quote_target_gap,brief_only_missing_in_code,no,yes,,output_contract_field,,21_MIRRA_QUOTE_CHECKER_v4.0_LOCKED.txt,intended_contract_not_currently_exposed_by_code
quote-checker,quote_total_revenue,brief_only_missing_in_code,no,yes,,output_contract_field,,21_MIRRA_QUOTE_CHECKER_v4.0_LOCKED.txt,intended_contract_not_currently_exposed_by_code
quote-checker,under_recovering_lines,brief_only_missing_in_code,no,yes,,output_contract_field,,21_MIRRA_QUOTE_CHECKER_v4.0_LOCKED.txt,intended_contract_not_currently_exposed_by_code
quote-checker,unmatched_lines,brief_only_missing_in_code,no,yes,,output_contract_field,,21_MIRRA_QUOTE_CHECKER_v4.0_LOCKED.txt,intended_contract_not_currently_exposed_by_code
quote-engine-legacy,blocked,code_only_legacy_review,yes,no,output_contract_field,,components\quote-engine\QuoteEngineStatusStrip.jsx | lib\calculations\quoteEngineCalculations.js,,legacy_module_contract_still_present_in_code | legacy_module
quote-engine-legacy,output_contract,code_only_legacy_review,yes,no,output_contract_field,,hooks\useQuoteEngine.js,,legacy_module_contract_still_present_in_code | legacy_module
quote-engine-legacy,quote_state,code_only_legacy_review,yes,no,output_contract_field,,hooks\useQuoteEngine.js | lib\calculations\quoteEngineCalculations.js,,legacy_module_contract_still_present_in_code | legacy_module
rate-builder,business_outcome_feedback_rows,brief_only_missing_in_code,no,yes,,output_contract_field,,22_MIRRA_SOQ_JOB_PO_LAYER_v4.0_LOCKED.txt | 23_MIRRA_JOB_COSTING_PROFITABILITY_v4.0_LOCKED.txt,intended_contract_not_currently_exposed_by_code
rate-builder,fully_burdened_cost_rate,brief_only_missing_in_code,no,yes,,output_contract_field,,19_MIRRA_RATE_BUILDER_v4.0_LOCKED.txt,intended_contract_not_currently_exposed_by_code
rate-builder,minimum_recoverable_rate,brief_only_missing_in_code,no,yes,,output_contract_field,,19_MIRRA_RATE_BUILDER_v4.0_LOCKED.txt,intended_contract_not_currently_exposed_by_code
rate-builder,quote_checker_cards,brief_only_missing_in_code,no,yes,,output_contract_field,,21_MIRRA_QUOTE_CHECKER_v4.0_LOCKED.txt,intended_contract_not_currently_exposed_by_code
rate-builder,quote_checker_targets,brief_only_missing_in_code,no,yes,,output_contract_field,,20_MIRRA_BUSINESS_OUTCOME_v4.0_LOCKED.txt,intended_contract_not_currently_exposed_by_code
rate-builder,quote_vs_actual_rows,brief_only_missing_in_code,no,yes,,output_contract_field,,22_MIRRA_SOQ_JOB_PO_LAYER_v4.0_LOCKED.txt,intended_contract_not_currently_exposed_by_code
rate-builder,rate_builder_feedback_rows,brief_only_missing_in_code,no,yes,,output_contract_field,,22_MIRRA_SOQ_JOB_PO_LAYER_v4.0_LOCKED.txt | 23_MIRRA_JOB_COSTING_PROFITABILITY_v4.0_LOCKED.txt,intended_contract_not_currently_exposed_by_code
rate-builder,rate_builder_model_trust_state,brief_only_missing_in_code,no,yes,,output_contract_field,,19_MIRRA_RATE_BUILDER_v4.0_LOCKED.txt,intended_contract_not_currently_exposed_by_code | trust_state_field
rate-builder,rate_builder_ready,brief_only_missing_in_code,no,yes,,output_contract_field,,19_MIRRA_RATE_BUILDER_v4.0_LOCKED.txt,intended_contract_not_currently_exposed_by_code | readiness_field
rate-builder,rate_builder_rows,brief_only_missing_in_code,no,yes,,output_contract_field,,19_MIRRA_RATE_BUILDER_v4.0_LOCKED.txt | 20_MIRRA_BUSINESS_OUTCOME_v4.0_LOCKED.txt,intended_contract_not_currently_exposed_by_code
rate-builder,rate_builder_status,brief_only_missing_in_code,no,yes,,output_contract_field,,19_MIRRA_RATE_BUILDER_v4.0_LOCKED.txt,intended_contract_not_currently_exposed_by_code | status_field
rate-builder,rate_builder_warnings,brief_only_missing_in_code,no,yes,,output_contract_field,,19_MIRRA_RATE_BUILDER_v4.0_LOCKED.txt,intended_contract_not_currently_exposed_by_code | warnings_field
rate-builder,selected_business_outcome_targets,brief_only_missing_in_code,no,yes,,output_contract_field,,21_MIRRA_QUOTE_CHECKER_v4.0_LOCKED.txt,intended_contract_not_currently_exposed_by_code
rate-builder,selected_rate_builder_rows,brief_only_missing_in_code,no,yes,,output_contract_field,,21_MIRRA_QUOTE_CHECKER_v4.0_LOCKED.txt,intended_contract_not_currently_exposed_by_code
rate-builder,suggested_sell_rate,brief_only_missing_in_code,no,yes,,output_contract_field,,19_MIRRA_RATE_BUILDER_v4.0_LOCKED.txt,intended_contract_not_currently_exposed_by_code
rate-builder,task_profitability_rows,brief_only_missing_in_code,no,yes,,output_contract_field,,23_MIRRA_JOB_COSTING_PROFITABILITY_v4.0_LOCKED.txt,intended_contract_not_currently_exposed_by_code
rate-builder,group_rows,matched,yes,yes,output_contract_field,output_contract_field,components\rate-builder\RateBuilderLineCalculator.jsx,19_MIRRA_RATE_BUILDER_v4.0_LOCKED.txt,brief_and_code_aligned
rate-builder,operational_group_cost_rows,matched,yes,yes,output_contract_field,output_contract_field,components\rate-builder\RateBuilderLineCalculator.jsx,19_MIRRA_RATE_BUILDER_v4.0_LOCKED.txt,brief_and_code_aligned
rate-builder,output_contract,matched,yes,yes,output_contract_field,output_contract_field,components\rate-builder\RateBuilderLineCalculator.jsx,19_MIRRA_RATE_BUILDER_v4.0_LOCKED.txt,brief_and_code_aligned
recovery-outcome-legacy,card,code_only_legacy_review,yes,no,output_contract_field,,hooks\useRecoveryOutcome.js,,legacy_module_contract_still_present_in_code | legacy_module
recovery-outcome-legacy,output_contract,code_only_legacy_review,yes,no,output_contract_field,,app\recovery-outcome\page.jsx | hooks\useRecoveryOutcome.js,,legacy_module_contract_still_present_in_code | legacy_module
recovery-summary,asset_reality_context,brief_only_missing_in_code,no,yes,,output_contract_field,,18_MIRRA_RECOVERY_SUMMARY_v4.0_LOCKED.txt,intended_contract_not_currently_exposed_by_code
recovery-summary,cost_allocation_context,brief_only_missing_in_code,no,yes,,output_contract_field,,18_MIRRA_RECOVERY_SUMMARY_v4.0_LOCKED.txt,intended_contract_not_currently_exposed_by_code
recovery-summary,group_recovery_rows,brief_only_missing_in_code,no,yes,,output_contract_field,,18_MIRRA_RECOVERY_SUMMARY_v4.0_LOCKED.txt,intended_contract_not_currently_exposed_by_code
recovery-summary,overall_recovery_coverage_percent,brief_only_missing_in_code,no,yes,,output_contract_field,,18_MIRRA_RECOVERY_SUMMARY_v4.0_LOCKED.txt,intended_contract_not_currently_exposed_by_code
recovery-summary,overall_recovery_status,brief_only_missing_in_code,no,yes,,output_contract_field,,18_MIRRA_RECOVERY_SUMMARY_v4.0_LOCKED.txt,intended_contract_not_currently_exposed_by_code | status_field
recovery-summary,recovery_model_type,brief_only_missing_in_code,no,yes,,output_contract_field,,18_MIRRA_RECOVERY_SUMMARY_v4.0_LOCKED.txt,intended_contract_not_currently_exposed_by_code
recovery-summary,recovery_summary_cards,brief_only_missing_in_code,no,yes,,output_contract_field,,18_MIRRA_RECOVERY_SUMMARY_v4.0_LOCKED.txt,intended_contract_not_currently_exposed_by_code
recovery-summary,recovery_summary_model_trust_state,brief_only_missing_in_code,no,yes,,output_contract_field,,18_MIRRA_RECOVERY_SUMMARY_v4.0_LOCKED.txt,intended_contract_not_currently_exposed_by_code | trust_state_field
recovery-summary,recovery_summary_ready,brief_only_missing_in_code,no,yes,,output_contract_field,,18_MIRRA_RECOVERY_SUMMARY_v4.0_LOCKED.txt,intended_contract_not_currently_exposed_by_code | readiness_field
recovery-summary,recovery_summary_source_trace,brief_only_missing_in_code,no,yes,,output_contract_field,,18_MIRRA_RECOVERY_SUMMARY_v4.0_LOCKED.txt,intended_contract_not_currently_exposed_by_code
recovery-summary,recovery_summary_status,brief_only_missing_in_code,no,yes,,output_contract_field,,18_MIRRA_RECOVERY_SUMMARY_v4.0_LOCKED.txt,intended_contract_not_currently_exposed_by_code | status_field
recovery-summary,recovery_summary_warning_count,brief_only_missing_in_code,no,yes,,output_contract_field,,18_MIRRA_RECOVERY_SUMMARY_v4.0_LOCKED.txt,intended_contract_not_currently_exposed_by_code
recovery-summary,recovery_summary_warnings,brief_only_missing_in_code,no,yes,,output_contract_field,,18_MIRRA_RECOVERY_SUMMARY_v4.0_LOCKED.txt,intended_contract_not_currently_exposed_by_code | warnings_field
recovery-summary,required_recovery_per_driver,brief_only_missing_in_code,no,yes,,output_contract_field,,18_MIRRA_RECOVERY_SUMMARY_v4.0_LOCKED.txt,intended_contract_not_currently_exposed_by_code
recovery-summary,revenue_reality_context,brief_only_missing_in_code,no,yes,,output_contract_field,,18_MIRRA_RECOVERY_SUMMARY_v4.0_LOCKED.txt,intended_contract_not_currently_exposed_by_code
recovery-summary,total_recovered_cost,brief_only_missing_in_code,no,yes,,output_contract_field,,18_MIRRA_RECOVERY_SUMMARY_v4.0_LOCKED.txt,intended_contract_not_currently_exposed_by_code
recovery-summary,total_recovery_surplus,brief_only_missing_in_code,no,yes,,output_contract_field,,18_MIRRA_RECOVERY_SUMMARY_v4.0_LOCKED.txt,intended_contract_not_currently_exposed_by_code
recovery-summary,total_required_recovery_amount,brief_only_missing_in_code,no,yes,,output_contract_field,,18_MIRRA_RECOVERY_SUMMARY_v4.0_LOCKED.txt,intended_contract_not_currently_exposed_by_code
recovery-summary,total_unrecovered_cost,brief_only_missing_in_code,no,yes,,output_contract_field,,18_MIRRA_RECOVERY_SUMMARY_v4.0_LOCKED.txt,intended_contract_not_currently_exposed_by_code
recovery-summary,recovery_summary,code_only_not_in_brief,yes,no,output_contract_field,,app\recovery-outcome\page.jsx | lib\calculations\recoveryOutcomeCalculations.js | lib\recovery\recoveryRiskWarningSystem.js,,implemented_contract_not_documented_in_brief
recovery-summary,recovery_summary_contract,code_only_not_in_brief,yes,no,output_contract_field,,app\recovery-outcome\page.jsx,,implemented_contract_not_documented_in_brief
recovery-summary,output_contract,matched,yes,yes,output_contract_field,output_contract_field,hooks\useRecoverySummary.js,18_MIRRA_RECOVERY_SUMMARY_v4.0_LOCKED.txt,brief_and_code_aligned
reporting-analytics,export_rows,brief_only_missing_in_code,no,yes,,output_contract_field,,28_MIRRA_DATABASE_STORAGE_EXPORT_LAYER_v4.0_LOCKED.txt,intended_contract_not_currently_exposed_by_code
reporting-analytics,reporting_dimension_tables,brief_only_missing_in_code,no,yes,,output_contract_field,,28_MIRRA_DATABASE_STORAGE_EXPORT_LAYER_v4.0_LOCKED.txt,intended_contract_not_currently_exposed_by_code
revenue-cogs,asset_import_handoff,brief_only_missing_in_code,no,yes,,output_contract_field,,29_MIRRA_INTEGRATIONS_API_LAYER_v4.0_LOCKED.txt,intended_contract_not_currently_exposed_by_code
revenue-cogs,cog_account_summaries,brief_only_missing_in_code,no,yes,,output_contract_field,,13_MIRRA_REVENUE_COGS_v4.0_LOCKED.txt,intended_contract_not_currently_exposed_by_code
revenue-cogs,cog_account_transaction_rows,brief_only_missing_in_code,no,yes,,output_contract_field,,13_MIRRA_REVENUE_COGS_v4.0_LOCKED.txt,intended_contract_not_currently_exposed_by_code
revenue-cogs,cog_categories,brief_only_missing_in_code,no,yes,,output_contract_field,,13_MIRRA_REVENUE_COGS_v4.0_LOCKED.txt,intended_contract_not_currently_exposed_by_code
revenue-cogs,cog_category_assignments,brief_only_missing_in_code,no,yes,,output_contract_field,,13_MIRRA_REVENUE_COGS_v4.0_LOCKED.txt,intended_contract_not_currently_exposed_by_code
revenue-cogs,cog_category_totals,brief_only_missing_in_code,no,yes,,output_contract_field,,13_MIRRA_REVENUE_COGS_v4.0_LOCKED.txt,intended_contract_not_currently_exposed_by_code
revenue-cogs,cog_import_period_end,brief_only_missing_in_code,no,yes,,output_contract_field,,13_MIRRA_REVENUE_COGS_v4.0_LOCKED.txt,intended_contract_not_currently_exposed_by_code
revenue-cogs,cog_import_period_start,brief_only_missing_in_code,no,yes,,output_contract_field,,13_MIRRA_REVENUE_COGS_v4.0_LOCKED.txt,intended_contract_not_currently_exposed_by_code
revenue-cogs,cog_import_report_name,brief_only_missing_in_code,no,yes,,output_contract_field,,13_MIRRA_REVENUE_COGS_v4.0_LOCKED.txt,intended_contract_not_currently_exposed_by_code
revenue-cogs,cog_import_report_type,brief_only_missing_in_code,no,yes,,output_contract_field,,13_MIRRA_REVENUE_COGS_v4.0_LOCKED.txt,intended_contract_not_currently_exposed_by_code
revenue-cogs,cog_import_source_file_name,brief_only_missing_in_code,no,yes,,output_contract_field,,13_MIRRA_REVENUE_COGS_v4.0_LOCKED.txt,intended_contract_not_currently_exposed_by_code
revenue-cogs,cog_import_source_system,brief_only_missing_in_code,no,yes,,output_contract_field,,13_MIRRA_REVENUE_COGS_v4.0_LOCKED.txt,intended_contract_not_currently_exposed_by_code
revenue-cogs,cog_imported_at,brief_only_missing_in_code,no,yes,,output_contract_field,,13_MIRRA_REVENUE_COGS_v4.0_LOCKED.txt,intended_contract_not_currently_exposed_by_code
revenue-cogs,cog_reconciliation_checks,brief_only_missing_in_code,no,yes,,output_contract_field,,13_MIRRA_REVENUE_COGS_v4.0_LOCKED.txt,intended_contract_not_currently_exposed_by_code
revenue-cogs,cog_reconciliation_difference,brief_only_missing_in_code,no,yes,,output_contract_field,,13_MIRRA_REVENUE_COGS_v4.0_LOCKED.txt,intended_contract_not_currently_exposed_by_code
revenue-cogs,cog_reconciliation_status,brief_only_missing_in_code,no,yes,,output_contract_field,,13_MIRRA_REVENUE_COGS_v4.0_LOCKED.txt,intended_contract_not_currently_exposed_by_code | status_field
revenue-cogs,cog_reconciliation_variance_percent,brief_only_missing_in_code,no,yes,,output_contract_field,,13_MIRRA_REVENUE_COGS_v4.0_LOCKED.txt,intended_contract_not_currently_exposed_by_code
revenue-cogs,cog_reconciliation_warnings,brief_only_missing_in_code,no,yes,,output_contract_field,,13_MIRRA_REVENUE_COGS_v4.0_LOCKED.txt,intended_contract_not_currently_exposed_by_code | warnings_field
revenue-cogs,cog_subcategories,brief_only_missing_in_code,no,yes,,output_contract_field,,13_MIRRA_REVENUE_COGS_v4.0_LOCKED.txt,intended_contract_not_currently_exposed_by_code
revenue-cogs,margin_pool,brief_only_missing_in_code,no,yes,,output_contract_field,,13_MIRRA_REVENUE_COGS_v4.0_LOCKED.txt,intended_contract_not_currently_exposed_by_code
revenue-cogs,output_contract_reference_wrappers,brief_only_missing_in_code,no,yes,,output_contract_field,,13_MIRRA_REVENUE_COGS_v4.0_LOCKED.txt,intended_contract_not_currently_exposed_by_code
revenue-cogs,primary_unit_label,brief_only_missing_in_code,no,yes,,output_contract_field,,13_MIRRA_REVENUE_COGS_v4.0_LOCKED.txt,intended_contract_not_currently_exposed_by_code
revenue-cogs,primary_unit_type,brief_only_missing_in_code,no,yes,,output_contract_field,,13_MIRRA_REVENUE_COGS_v4.0_LOCKED.txt,intended_contract_not_currently_exposed_by_code
revenue-cogs,primary_unit_type_label,brief_only_missing_in_code,no,yes,,output_contract_field,,13_MIRRA_REVENUE_COGS_v4.0_LOCKED.txt,intended_contract_not_currently_exposed_by_code
revenue-cogs,raw_cog_account_lines,brief_only_missing_in_code,no,yes,,output_contract_field,,13_MIRRA_REVENUE_COGS_v4.0_LOCKED.txt,intended_contract_not_currently_exposed_by_code
revenue-cogs,revenue_cogs_import_handoff,brief_only_missing_in_code,no,yes,,output_contract_field,,29_MIRRA_INTEGRATIONS_API_LAYER_v4.0_LOCKED.txt,intended_contract_not_currently_exposed_by_code
revenue-cogs,revenue_cogs_model_trust_state,brief_only_missing_in_code,no,yes,,output_contract_field,,13_MIRRA_REVENUE_COGS_v4.0_LOCKED.txt,intended_contract_not_currently_exposed_by_code | trust_state_field
revenue-cogs,revenue_cogs_status,brief_only_missing_in_code,no,yes,,output_contract_field,,13_MIRRA_REVENUE_COGS_v4.0_LOCKED.txt,intended_contract_not_currently_exposed_by_code | status_field
revenue-cogs,revenue_cogs_warning_count,brief_only_missing_in_code,no,yes,,output_contract_field,,13_MIRRA_REVENUE_COGS_v4.0_LOCKED.txt,intended_contract_not_currently_exposed_by_code
revenue-cogs,revenue_cogs_warnings,brief_only_missing_in_code,no,yes,,output_contract_field,,13_MIRRA_REVENUE_COGS_v4.0_LOCKED.txt,intended_contract_not_currently_exposed_by_code | warnings_field
revenue-cogs,supplier_category_total_mismatch,brief_only_missing_in_code,no,yes,,output_contract_field,,13_MIRRA_REVENUE_COGS_v4.0_LOCKED.txt,intended_contract_not_currently_exposed_by_code
revenue-cogs,supplier_normalisation_rules,brief_only_missing_in_code,no,yes,,output_contract_field,,13_MIRRA_REVENUE_COGS_v4.0_LOCKED.txt,intended_contract_not_currently_exposed_by_code
revenue-cogs,supplier_split_overrides,brief_only_missing_in_code,no,yes,,output_contract_field,,13_MIRRA_REVENUE_COGS_v4.0_LOCKED.txt,intended_contract_not_currently_exposed_by_code
revenue-cogs,supplier_summary_rows,brief_only_missing_in_code,no,yes,,output_contract_field,,13_MIRRA_REVENUE_COGS_v4.0_LOCKED.txt,intended_contract_not_currently_exposed_by_code
revenue-cogs,supplier_summary_total_mismatch,brief_only_missing_in_code,no,yes,,output_contract_field,,13_MIRRA_REVENUE_COGS_v4.0_LOCKED.txt,intended_contract_not_currently_exposed_by_code
revenue-cogs,total_cogs,brief_only_missing_in_code,no,yes,,output_contract_field,,13_MIRRA_REVENUE_COGS_v4.0_LOCKED.txt,intended_contract_not_currently_exposed_by_code
revenue-cogs,total_derived_units_annual,brief_only_missing_in_code,no,yes,,output_contract_field,,13_MIRRA_REVENUE_COGS_v4.0_LOCKED.txt,intended_contract_not_currently_exposed_by_code
revenue-cogs,total_unit_direct_cost,brief_only_missing_in_code,no,yes,,output_contract_field,,13_MIRRA_REVENUE_COGS_v4.0_LOCKED.txt,intended_contract_not_currently_exposed_by_code
revenue-cogs,total_unit_margin_pool,brief_only_missing_in_code,no,yes,,output_contract_field,,13_MIRRA_REVENUE_COGS_v4.0_LOCKED.txt,intended_contract_not_currently_exposed_by_code
revenue-cogs,total_unit_revenue,brief_only_missing_in_code,no,yes,,output_contract_field,,13_MIRRA_REVENUE_COGS_v4.0_LOCKED.txt,intended_contract_not_currently_exposed_by_code
revenue-cogs,unit_driver_rows,brief_only_missing_in_code,no,yes,,output_contract_field,,13_MIRRA_REVENUE_COGS_v4.0_LOCKED.txt,intended_contract_not_currently_exposed_by_code
revenue-cogs,unit_recovery_ready,brief_only_missing_in_code,no,yes,,output_contract_field,,13_MIRRA_REVENUE_COGS_v4.0_LOCKED.txt,intended_contract_not_currently_exposed_by_code | readiness_field
revenue-cogs,unit_recovery_warnings,brief_only_missing_in_code,no,yes,,output_contract_field,,13_MIRRA_REVENUE_COGS_v4.0_LOCKED.txt,intended_contract_not_currently_exposed_by_code | warnings_field
revenue-cogs,weighted_average_margin_per_unit,brief_only_missing_in_code,no,yes,,output_contract_field,,13_MIRRA_REVENUE_COGS_v4.0_LOCKED.txt,intended_contract_not_currently_exposed_by_code
revenue-cogs,xero_account_transactions_import_id,brief_only_missing_in_code,no,yes,,output_contract_field,,13_MIRRA_REVENUE_COGS_v4.0_LOCKED.txt,intended_contract_not_currently_exposed_by_code
revenue-cogs,business_setup,code_only_not_in_brief,yes,no,output_contract_field,,hooks\useRevenueCogs.js,,implemented_contract_not_documented_in_brief
revenue-cogs,calculations,code_only_not_in_brief,yes,no,output_contract_field,,hooks\useRevenueCogs.js,,implemented_contract_not_documented_in_brief
revenue-cogs,revenue_cogs,code_only_not_in_brief,yes,no,output_contract_field,,hooks\useBusinessSummary.js | hooks\useRecoverySummary.js | hooks\useRevenueReality.js,,implemented_contract_not_documented_in_brief
revenue-cogs,revenue_cogs_state,code_only_not_in_brief,yes,no,output_contract_field,,hooks\useRevenueCogs.js,,implemented_contract_not_documented_in_brief
revenue-cogs,business_type,matched,yes,yes,output_contract_field,output_contract_field,hooks\useRevenueCogs.js,13_MIRRA_REVENUE_COGS_v4.0_LOCKED.txt,brief_and_code_aligned
revenue-cogs,commercial_driver_mode,matched,yes,yes,output_contract_field,output_contract_field,hooks\useRevenueCogs.js | lib\calculations\revenueCogsCalculations.js | lib\storage\revenueCogsStorage.js,13_MIRRA_REVENUE_COGS_v4.0_LOCKED.txt,brief_and_code_aligned
revenue-cogs,cost_of_sales_lines,matched,yes,yes,output_contract_field,output_contract_field,hooks\useRevenueCogs.js,13_MIRRA_REVENUE_COGS_v4.0_LOCKED.txt,brief_and_code_aligned
revenue-cogs,direct_cost_categories,matched,yes,yes,output_contract_field,output_contract_field,hooks\useRevenueCogs.js,13_MIRRA_REVENUE_COGS_v4.0_LOCKED.txt,brief_and_code_aligned
revenue-cogs,direct_cost_category_totals,matched,yes,yes,output_contract_field,output_contract_field,components\business-summary\BusinessSummaryHierarchyBuilder.js | hooks\useBusinessSummary.js | hooks\useRevenueCogs.js,13_MIRRA_REVENUE_COGS_v4.0_LOCKED.txt,brief_and_code_aligned
revenue-cogs,gross_margin_percent,matched,yes,yes,output_contract_field,output_contract_field,hooks\useBusinessModelling.js | hooks\useBusinessSummary.js | hooks\useRevenueReality.js,13_MIRRA_REVENUE_COGS_v4.0_LOCKED.txt,brief_and_code_aligned
revenue-cogs,labour_based,matched,yes,yes,output_contract_field,output_contract_field,hooks\useRevenueCogs.js,13_MIRRA_REVENUE_COGS_v4.0_LOCKED.txt,brief_and_code_aligned
revenue-cogs,output_contract,matched,yes,yes,output_contract_field,output_contract_field,hooks\useRevenueCogs.js,13_MIRRA_REVENUE_COGS_v4.0_LOCKED.txt,brief_and_code_aligned
revenue-cogs,resolved_commercial_driver_mode,matched,yes,yes,output_contract_field,output_contract_field,hooks\useRevenueCogs.js | lib\calculations\revenueCogsCalculations.js,13_MIRRA_REVENUE_COGS_v4.0_LOCKED.txt,brief_and_code_aligned
revenue-cogs,revenue_cogs_output_contract,matched,yes,yes,output_contract_field,output_contract_field,hooks\useBusinessSummary.js | hooks\useRevenueReality.js,13_MIRRA_REVENUE_COGS_v4.0_LOCKED.txt,brief_and_code_aligned
revenue-cogs,revenue_cogs_outputs,matched,yes,yes,output_contract_field,output_contract_field,hooks\useRecoverySummary.js,13_MIRRA_REVENUE_COGS_v4.0_LOCKED.txt,brief_and_code_aligned
revenue-cogs,revenue_cogs_ready,matched,yes,yes,output_contract_field,output_contract_field,app\revenue-cogs\page.jsx | components\revenue-cogs\RevenueCogsStatusStrip.jsx | hooks\useBusinessSummary.js | hooks\useRevenueCogs.js | lib\selectors\businessSummarySelectors.js | lib\selectors\revenueCogsSelectors.js,13_MIRRA_REVENUE_COGS_v4.0_LOCKED.txt,brief_and_code_aligned | readiness_field
revenue-cogs,revenue_lines,matched,yes,yes,output_contract_field,output_contract_field,hooks\useRevenueCogs.js,13_MIRRA_REVENUE_COGS_v4.0_LOCKED.txt,brief_and_code_aligned
revenue-cogs,total_direct_costs,matched,yes,yes,output_contract_field,output_contract_field,components\recovery-summary\recoverySummaryWarningDetails.js | hooks\useBusinessModelling.js | hooks\useBusinessSummary.js | hooks\useRevenueCogs.js | hooks\useRevenueReality.js | lib\calculations\revenueRealityCalculations.js | lib\selectors\revenueCogsSelectors.js,13_MIRRA_REVENUE_COGS_v4.0_LOCKED.txt,brief_and_code_aligned
revenue-cogs,total_revenue,matched,yes,yes,output_contract_field,output_contract_field,hooks\useRevenueCogs.js | lib\selectors\revenueCogsSelectors.js,13_MIRRA_REVENUE_COGS_v4.0_LOCKED.txt,brief_and_code_aligned
revenue-reality,activity_driver_label,brief_only_missing_in_code,no,yes,,output_contract_field,,15_MIRRA_REVENUE_REALITY_v4.0_LOCKED.txt,intended_contract_not_currently_exposed_by_code
revenue-reality,activity_driver_type,brief_only_missing_in_code,no,yes,,output_contract_field,,15_MIRRA_REVENUE_REALITY_v4.0_LOCKED.txt,intended_contract_not_currently_exposed_by_code
revenue-reality,activity_driver_value,brief_only_missing_in_code,no,yes,,output_contract_field,,15_MIRRA_REVENUE_REALITY_v4.0_LOCKED.txt,intended_contract_not_currently_exposed_by_code
revenue-reality,current_margin_per_driver,brief_only_missing_in_code,no,yes,,output_contract_field,,15_MIRRA_REVENUE_REALITY_v4.0_LOCKED.txt,intended_contract_not_currently_exposed_by_code
revenue-reality,gross_margin_percent,brief_only_missing_in_code,no,yes,,output_contract_field,,15_MIRRA_REVENUE_REALITY_v4.0_LOCKED.txt,intended_contract_not_currently_exposed_by_code
revenue-reality,labour_consumption_of_margin_percent,brief_only_missing_in_code,no,yes,,output_contract_field,,15_MIRRA_REVENUE_REALITY_v4.0_LOCKED.txt,intended_contract_not_currently_exposed_by_code
revenue-reality,labour_cost_for_stress_test,brief_only_missing_in_code,no,yes,,output_contract_field,,15_MIRRA_REVENUE_REALITY_v4.0_LOCKED.txt,intended_contract_not_currently_exposed_by_code
revenue-reality,labour_cost_per_driver,brief_only_missing_in_code,no,yes,,output_contract_field,,15_MIRRA_REVENUE_REALITY_v4.0_LOCKED.txt,intended_contract_not_currently_exposed_by_code
revenue-reality,labour_margin_gap,brief_only_missing_in_code,no,yes,,output_contract_field,,15_MIRRA_REVENUE_REALITY_v4.0_LOCKED.txt,intended_contract_not_currently_exposed_by_code
revenue-reality,labour_margin_gap_per_driver,brief_only_missing_in_code,no,yes,,output_contract_field,,15_MIRRA_REVENUE_REALITY_v4.0_LOCKED.txt,intended_contract_not_currently_exposed_by_code
revenue-reality,labour_shortfall_against_margin,brief_only_missing_in_code,no,yes,,output_contract_field,,15_MIRRA_REVENUE_REALITY_v4.0_LOCKED.txt,intended_contract_not_currently_exposed_by_code
revenue-reality,margin_after_labour,brief_only_missing_in_code,no,yes,,output_contract_field,,15_MIRRA_REVENUE_REALITY_v4.0_LOCKED.txt,intended_contract_not_currently_exposed_by_code
revenue-reality,margin_after_labour_per_driver,brief_only_missing_in_code,no,yes,,output_contract_field,,15_MIRRA_REVENUE_REALITY_v4.0_LOCKED.txt,intended_contract_not_currently_exposed_by_code
revenue-reality,margin_after_labour_percent_of_revenue,brief_only_missing_in_code,no,yes,,output_contract_field,,15_MIRRA_REVENUE_REALITY_v4.0_LOCKED.txt,intended_contract_not_currently_exposed_by_code
revenue-reality,margin_pool,brief_only_missing_in_code,no,yes,,output_contract_field,,15_MIRRA_REVENUE_REALITY_v4.0_LOCKED.txt,intended_contract_not_currently_exposed_by_code
revenue-reality,margin_surplus_after_labour,brief_only_missing_in_code,no,yes,,output_contract_field,,15_MIRRA_REVENUE_REALITY_v4.0_LOCKED.txt,intended_contract_not_currently_exposed_by_code
revenue-reality,residual_margin_after_labour,brief_only_missing_in_code,no,yes,,output_contract_field,,15_MIRRA_REVENUE_REALITY_v4.0_LOCKED.txt,intended_contract_not_currently_exposed_by_code
revenue-reality,revenue_reality_model_trust_state,brief_only_missing_in_code,no,yes,,output_contract_field,,15_MIRRA_REVENUE_REALITY_v4.0_LOCKED.txt,intended_contract_not_currently_exposed_by_code | trust_state_field
revenue-reality,revenue_reality_ready,brief_only_missing_in_code,no,yes,,output_contract_field,,15_MIRRA_REVENUE_REALITY_v4.0_LOCKED.txt,intended_contract_not_currently_exposed_by_code | readiness_field
revenue-reality,revenue_reality_source_trace,brief_only_missing_in_code,no,yes,,output_contract_field,,15_MIRRA_REVENUE_REALITY_v4.0_LOCKED.txt,intended_contract_not_currently_exposed_by_code
revenue-reality,revenue_reality_status,brief_only_missing_in_code,no,yes,,output_contract_field,,15_MIRRA_REVENUE_REALITY_v4.0_LOCKED.txt,intended_contract_not_currently_exposed_by_code | status_field
revenue-reality,revenue_reality_summary_cards,brief_only_missing_in_code,no,yes,,output_contract_field,,15_MIRRA_REVENUE_REALITY_v4.0_LOCKED.txt,intended_contract_not_currently_exposed_by_code
revenue-reality,revenue_reality_warning_count,brief_only_missing_in_code,no,yes,,output_contract_field,,15_MIRRA_REVENUE_REALITY_v4.0_LOCKED.txt,intended_contract_not_currently_exposed_by_code
revenue-reality,revenue_reality_warnings,brief_only_missing_in_code,no,yes,,output_contract_field,,15_MIRRA_REVENUE_REALITY_v4.0_LOCKED.txt,intended_contract_not_currently_exposed_by_code | warnings_field
revenue-reality,total_cogs,brief_only_missing_in_code,no,yes,,output_contract_field,,15_MIRRA_REVENUE_REALITY_v4.0_LOCKED.txt,intended_contract_not_currently_exposed_by_code
revenue-reality,total_direct_costs,brief_only_missing_in_code,no,yes,,output_contract_field,,15_MIRRA_REVENUE_REALITY_v4.0_LOCKED.txt,intended_contract_not_currently_exposed_by_code
revenue-reality,business_setup,code_only_not_in_brief,yes,no,output_contract_field,,hooks\useRevenueReality.js,,implemented_contract_not_documented_in_brief
revenue-reality,calculations,code_only_not_in_brief,yes,no,output_contract_field,,hooks\useRevenueReality.js,,implemented_contract_not_documented_in_brief
revenue-reality,business_type,matched,yes,yes,output_contract_field,output_contract_field,hooks\useRevenueReality.js | lib\calculations\revenueRealityCalculations.js,15_MIRRA_REVENUE_REALITY_v4.0_LOCKED.txt,brief_and_code_aligned
revenue-reality,is_product_based,matched,yes,yes,output_contract_field,output_contract_field,hooks\useRevenueReality.js | lib\calculations\revenueRealityCalculations.js,15_MIRRA_REVENUE_REALITY_v4.0_LOCKED.txt,brief_and_code_aligned | readiness_field
revenue-reality,output_contract,matched,yes,yes,output_contract_field,output_contract_field,hooks\useRevenueReality.js,15_MIRRA_REVENUE_REALITY_v4.0_LOCKED.txt,brief_and_code_aligned
revenue-reality,total_revenue,matched,yes,yes,output_contract_field,output_contract_field,components\revenue-reality\RevenueRealityStatusStrip.jsx | hooks\useRevenueReality.js | lib\calculations\revenueRealityCalculations.js,15_MIRRA_REVENUE_REALITY_v4.0_LOCKED.txt,brief_and_code_aligned
soq-job-po,job_quote_line_rows,brief_only_missing_in_code,no,yes,,output_contract_field,,22_MIRRA_SOQ_JOB_PO_LAYER_v4.0_LOCKED.txt,intended_contract_not_currently_exposed_by_code
soq-job-po,product_rate_validation_rows,brief_only_missing_in_code,no,yes,,output_contract_field,,22_MIRRA_SOQ_JOB_PO_LAYER_v4.0_LOCKED.txt,intended_contract_not_currently_exposed_by_code
soq-job-po,purchase_order_rows,brief_only_missing_in_code,no,yes,,output_contract_field,,22_MIRRA_SOQ_JOB_PO_LAYER_v4.0_LOCKED.txt,intended_contract_not_currently_exposed_by_code
soq-job-po,schedule_of_quantities_rows,brief_only_missing_in_code,no,yes,,output_contract_field,,22_MIRRA_SOQ_JOB_PO_LAYER_v4.0_LOCKED.txt,intended_contract_not_currently_exposed_by_code
soq-job-po,soq_job_po_ready,brief_only_missing_in_code,no,yes,,output_contract_field,,22_MIRRA_SOQ_JOB_PO_LAYER_v4.0_LOCKED.txt,intended_contract_not_currently_exposed_by_code | readiness_field
soq-job-po,soq_job_po_status,brief_only_missing_in_code,no,yes,,output_contract_field,,22_MIRRA_SOQ_JOB_PO_LAYER_v4.0_LOCKED.txt,intended_contract_not_currently_exposed_by_code | status_field
unknown,blocking_issues,brief_only_missing_in_code,no,yes,,output_contract_field,,26_MIRRA_DATA_QUALITY_DASHBOARD_v4.0_LOCKED.txt,intended_contract_not_currently_exposed_by_code | unknown_owner
unknown,data_quality_cards,brief_only_missing_in_code,no,yes,,output_contract_field,,26_MIRRA_DATA_QUALITY_DASHBOARD_v4.0_LOCKED.txt,intended_contract_not_currently_exposed_by_code | unknown_owner
unknown,data_quality_feedback_rows,brief_only_missing_in_code,no,yes,,output_contract_field,,24_MIRRA_MODEL_FEEDBACK_LOOP_v4.0_LOCKED.txt,intended_contract_not_currently_exposed_by_code | unknown_owner
unknown,data_quality_ready,brief_only_missing_in_code,no,yes,,output_contract_field,,26_MIRRA_DATA_QUALITY_DASHBOARD_v4.0_LOCKED.txt,intended_contract_not_currently_exposed_by_code | unknown_owner | readiness_field
unknown,data_quality_score,brief_only_missing_in_code,no,yes,,output_contract_field,,26_MIRRA_DATA_QUALITY_DASHBOARD_v4.0_LOCKED.txt,intended_contract_not_currently_exposed_by_code | unknown_owner
unknown,data_quality_source_trace,brief_only_missing_in_code,no,yes,,output_contract_field,,26_MIRRA_DATA_QUALITY_DASHBOARD_v4.0_LOCKED.txt,intended_contract_not_currently_exposed_by_code | unknown_owner
unknown,data_quality_status,brief_only_missing_in_code,no,yes,,output_contract_field,,26_MIRRA_DATA_QUALITY_DASHBOARD_v4.0_LOCKED.txt,intended_contract_not_currently_exposed_by_code | unknown_owner | status_field
unknown,data_quality_warning_count,brief_only_missing_in_code,no,yes,,output_contract_field,,26_MIRRA_DATA_QUALITY_DASHBOARD_v4.0_LOCKED.txt,intended_contract_not_currently_exposed_by_code | unknown_owner
unknown,data_quality_warnings,brief_only_missing_in_code,no,yes,,output_contract_field,,26_MIRRA_DATA_QUALITY_DASHBOARD_v4.0_LOCKED.txt,intended_contract_not_currently_exposed_by_code | unknown_owner | warnings_field
unknown,estimated_impact,brief_only_missing_in_code,no,yes,,output_contract_field,,26_MIRRA_DATA_QUALITY_DASHBOARD_v4.0_LOCKED.txt,intended_contract_not_currently_exposed_by_code | unknown_owner
unknown,feedback_signal_rows,brief_only_missing_in_code,no,yes,,output_contract_field,,24_MIRRA_MODEL_FEEDBACK_LOOP_v4.0_LOCKED.txt,intended_contract_not_currently_exposed_by_code | unknown_owner
unknown,fix_id,brief_only_missing_in_code,no,yes,,output_contract_field,,26_MIRRA_DATA_QUALITY_DASHBOARD_v4.0_LOCKED.txt,intended_contract_not_currently_exposed_by_code | unknown_owner
unknown,fix_queue_rows,brief_only_missing_in_code,no,yes,,output_contract_field,,26_MIRRA_DATA_QUALITY_DASHBOARD_v4.0_LOCKED.txt,intended_contract_not_currently_exposed_by_code | unknown_owner
unknown,global_data_quality_issues,brief_only_missing_in_code,no,yes,,output_contract_field,,26_MIRRA_DATA_QUALITY_DASHBOARD_v4.0_LOCKED.txt,intended_contract_not_currently_exposed_by_code | unknown_owner
unknown,global_data_quality_trust_state,brief_only_missing_in_code,no,yes,,output_contract_field,,26_MIRRA_DATA_QUALITY_DASHBOARD_v4.0_LOCKED.txt,intended_contract_not_currently_exposed_by_code | unknown_owner | trust_state_field
unknown,issue_id,brief_only_missing_in_code,no,yes,,output_contract_field,,26_MIRRA_DATA_QUALITY_DASHBOARD_v4.0_LOCKED.txt,intended_contract_not_currently_exposed_by_code | unknown_owner
unknown,issue_status,brief_only_missing_in_code,no,yes,,output_contract_field,,26_MIRRA_DATA_QUALITY_DASHBOARD_v4.0_LOCKED.txt,intended_contract_not_currently_exposed_by_code | unknown_owner | status_field
unknown,model_feedback_ready,brief_only_missing_in_code,no,yes,,output_contract_field,,24_MIRRA_MODEL_FEEDBACK_LOOP_v4.0_LOCKED.txt,intended_contract_not_currently_exposed_by_code | unknown_owner | readiness_field
unknown,model_feedback_source_trace,brief_only_missing_in_code,no,yes,,output_contract_field,,24_MIRRA_MODEL_FEEDBACK_LOOP_v4.0_LOCKED.txt,intended_contract_not_currently_exposed_by_code | unknown_owner
unknown,model_feedback_status,brief_only_missing_in_code,no,yes,,output_contract_field,,24_MIRRA_MODEL_FEEDBACK_LOOP_v4.0_LOCKED.txt,intended_contract_not_currently_exposed_by_code | unknown_owner | status_field
unknown,model_feedback_trust_state,brief_only_missing_in_code,no,yes,,output_contract_field,,24_MIRRA_MODEL_FEEDBACK_LOOP_v4.0_LOCKED.txt,intended_contract_not_currently_exposed_by_code | unknown_owner | trust_state_field
unknown,model_feedback_warning_count,brief_only_missing_in_code,no,yes,,output_contract_field,,24_MIRRA_MODEL_FEEDBACK_LOOP_v4.0_LOCKED.txt,intended_contract_not_currently_exposed_by_code | unknown_owner
unknown,model_feedback_warnings,brief_only_missing_in_code,no,yes,,output_contract_field,,24_MIRRA_MODEL_FEEDBACK_LOOP_v4.0_LOCKED.txt,intended_contract_not_currently_exposed_by_code | unknown_owner | warnings_field
unknown,model_update_recommendation_rows,brief_only_missing_in_code,no,yes,,output_contract_field,,24_MIRRA_MODEL_FEEDBACK_LOOP_v4.0_LOCKED.txt,intended_contract_not_currently_exposed_by_code | unknown_owner
unknown,module_trust_rollup,brief_only_missing_in_code,no,yes,,output_contract_field,,26_MIRRA_DATA_QUALITY_DASHBOARD_v4.0_LOCKED.txt,intended_contract_not_currently_exposed_by_code | unknown_owner
unknown,positive_feedback_rows,brief_only_missing_in_code,no,yes,,output_contract_field,,24_MIRRA_MODEL_FEEDBACK_LOOP_v4.0_LOCKED.txt,intended_contract_not_currently_exposed_by_code | unknown_owner
unknown,rate_review_signal_rows,brief_only_missing_in_code,no,yes,,output_contract_field,,24_MIRRA_MODEL_FEEDBACK_LOOP_v4.0_LOCKED.txt,intended_contract_not_currently_exposed_by_code | unknown_owner
unknown,recommended_fix_action,brief_only_missing_in_code,no,yes,,output_contract_field,,26_MIRRA_DATA_QUALITY_DASHBOARD_v4.0_LOCKED.txt,intended_contract_not_currently_exposed_by_code | unknown_owner
unknown,recommended_fix_module,brief_only_missing_in_code,no,yes,,output_contract_field,,26_MIRRA_DATA_QUALITY_DASHBOARD_v4.0_LOCKED.txt,intended_contract_not_currently_exposed_by_code | unknown_owner
unknown,repeated_issue_rows,brief_only_missing_in_code,no,yes,,output_contract_field,,24_MIRRA_MODEL_FEEDBACK_LOOP_v4.0_LOCKED.txt,intended_contract_not_currently_exposed_by_code | unknown_owner
unknown,review_required_issues,brief_only_missing_in_code,no,yes,,output_contract_field,,26_MIRRA_DATA_QUALITY_DASHBOARD_v4.0_LOCKED.txt,intended_contract_not_currently_exposed_by_code | unknown_owner
unknown,source_module,brief_only_missing_in_code,no,yes,,output_contract_field,,26_MIRRA_DATA_QUALITY_DASHBOARD_v4.0_LOCKED.txt,intended_contract_not_currently_exposed_by_code | unknown_owner
unknown,annual_income,code_only_unknown_owner,yes,no,output_contract_field,,lib\selectors\quickStartSelectors.js,,code_contract_owner_needs_review | unknown_owner
unknown,annual_perfect_text,code_only_unknown_owner,yes,no,output_contract_field,,lib\selectors\quickStartSelectors.js,,code_contract_owner_needs_review | unknown_owner
unknown,annual_real_text,code_only_unknown_owner,yes,no,output_contract_field,,lib\selectors\quickStartSelectors.js,,code_contract_owner_needs_review | unknown_owner
unknown,cost_pct,code_only_unknown_owner,yes,no,output_contract_field,,lib\selectors\quickStartSelectors.js,,code_contract_owner_needs_review | unknown_owner
unknown,cost_value,code_only_unknown_owner,yes,no,output_contract_field,,lib\selectors\quickStartSelectors.js,,code_contract_owner_needs_review | unknown_owner
unknown,crew_days,code_only_unknown_owner,yes,no,output_contract_field,,lib\selectors\quickStartSelectors.js,,code_contract_owner_needs_review | unknown_owner
unknown,direct_cost,code_only_unknown_owner,yes,no,output_contract_field,,lib\selectors\quickStartSelectors.js,,code_contract_owner_needs_review | unknown_owner
unknown,equivalent_rate,code_only_unknown_owner,yes,no,output_contract_field,,lib\selectors\quickStartSelectors.js,,code_contract_owner_needs_review | unknown_owner
unknown,equivalent_rate_text,code_only_unknown_owner,yes,no,output_contract_field,,lib\selectors\quickStartSelectors.js,,code_contract_owner_needs_review | unknown_owner
unknown,equivalent_rate_value,code_only_unknown_owner,yes,no,output_contract_field,,lib\selectors\quickStartSelectors.js,,code_contract_owner_needs_review | unknown_owner
unknown,fill_percent,code_only_unknown_owner,yes,no,output_contract_field,,lib\selectors\quickStartSelectors.js,,code_contract_owner_needs_review | unknown_owner
unknown,format_currency,code_only_unknown_owner,yes,no,output_contract_field,,lib\selectors\quickStartSelectors.js,,code_contract_owner_needs_review | unknown_owner
unknown,format_hours,code_only_unknown_owner,yes,no,output_contract_field,,lib\selectors\quickStartSelectors.js,,code_contract_owner_needs_review | unknown_owner
unknown,format_rate,code_only_unknown_owner,yes,no,output_contract_field,,lib\selectors\quickStartSelectors.js,,code_contract_owner_needs_review | unknown_owner
unknown,headline_rate_pct,code_only_unknown_owner,yes,no,output_contract_field,,lib\selectors\quickStartSelectors.js,,code_contract_owner_needs_review | unknown_owner
unknown,headline_rate_text,code_only_unknown_owner,yes,no,output_contract_field,,lib\selectors\quickStartSelectors.js,,code_contract_owner_needs_review | unknown_owner
unknown,headline_rate_value,code_only_unknown_owner,yes,no,output_contract_field,,lib\selectors\quickStartSelectors.js,,code_contract_owner_needs_review | unknown_owner
unknown,hours_per_person,code_only_unknown_owner,yes,no,output_contract_field,,lib\selectors\quickStartSelectors.js,,code_contract_owner_needs_review | unknown_owner
unknown,implied_cost_per_person_per_hour,code_only_unknown_owner,yes,no,output_contract_field,,lib\selectors\quickStartSelectors.js,,code_contract_owner_needs_review | unknown_owner
unknown,insight_text,code_only_unknown_owner,yes,no,output_contract_field,,lib\calculations\quickStartCalculations.js | lib\selectors\quickStartSelectors.js,,code_contract_owner_needs_review | unknown_owner
unknown,label,code_only_unknown_owner,yes,no,output_contract_field,,lib\selectors\quickStartSelectors.js,,code_contract_owner_needs_review | unknown_owner
unknown,lost_rate_pct,code_only_unknown_owner,yes,no,output_contract_field,,lib\selectors\quickStartSelectors.js,,code_contract_owner_needs_review | unknown_owner
unknown,m2_rate,code_only_unknown_owner,yes,no,output_contract_field,,lib\selectors\quickStartSelectors.js,,code_contract_owner_needs_review | unknown_owner
unknown,mode_key,code_only_unknown_owner,yes,no,output_contract_field,,lib\selectors\quickStartSelectors.js,,code_contract_owner_needs_review | unknown_owner
unknown,non_working_hours,code_only_unknown_owner,yes,no,output_contract_field,,lib\selectors\quickStartSelectors.js,,code_contract_owner_needs_review | unknown_owner
unknown,paid_hours_per_year,code_only_unknown_owner,yes,no,output_contract_field,,lib\selectors\quickStartSelectors.js,,code_contract_owner_needs_review | unknown_owner
unknown,perfect_world_income,code_only_unknown_owner,yes,no,output_contract_field,,lib\selectors\quickStartSelectors.js,,code_contract_owner_needs_review | unknown_owner
unknown,perfectly,code_only_unknown_owner,yes,no,output_contract_field,,lib\selectors\quickStartSelectors.js,,code_contract_owner_needs_review | unknown_owner
unknown,primary_label,code_only_unknown_owner,yes,no,output_contract_field,,components\quick-start\QuickStartStatusStrip.jsx | lib\selectors\quickStartSelectors.js,,code_contract_owner_needs_review | unknown_owner
unknown,primary_value,code_only_unknown_owner,yes,no,output_contract_field,,lib\selectors\quickStartSelectors.js,,code_contract_owner_needs_review | unknown_owner
unknown,quick_start_state,code_only_unknown_owner,yes,no,output_contract_field,,hooks\useQuickStart.js | lib\selectors\quickStartSelectors.js,,code_contract_owner_needs_review | unknown_owner
unknown,rate_drop_amount,code_only_unknown_owner,yes,no,output_contract_field,,lib\selectors\quickStartSelectors.js,,code_contract_owner_needs_review | unknown_owner
unknown,realistically,code_only_unknown_owner,yes,no,output_contract_field,,lib\selectors\quickStartSelectors.js,,code_contract_owner_needs_review | unknown_owner
unknown,remaining_pct,code_only_unknown_owner,yes,no,output_contract_field,,lib\selectors\quickStartSelectors.js,,code_contract_owner_needs_review | unknown_owner
unknown,remaining_value,code_only_unknown_owner,yes,no,output_contract_field,,lib\selectors\quickStartSelectors.js,,code_contract_owner_needs_review | unknown_owner
unknown,sub_label,code_only_unknown_owner,yes,no,output_contract_field,,lib\selectors\quickStartSelectors.js,,code_contract_owner_needs_review | unknown_owner
unknown,team_rate_per_hour,code_only_unknown_owner,yes,no,output_contract_field,,lib\selectors\quickStartSelectors.js,,code_contract_owner_needs_review | unknown_owner
unknown,total_days,code_only_unknown_owner,yes,no,output_contract_field,,lib\selectors\quickStartSelectors.js,,code_contract_owner_needs_review | unknown_owner
unknown,total_job_price,code_only_unknown_owner,yes,no,output_contract_field,,lib\selectors\quickStartSelectors.js | lib\storage\quickStartStorage.js,,code_contract_owner_needs_review | unknown_owner
unknown,total_job_value,code_only_unknown_owner,yes,no,output_contract_field,,lib\selectors\quickStartSelectors.js,,code_contract_owner_needs_review | unknown_owner
unknown,update_quick_start_field,code_only_unknown_owner,yes,no,output_contract_field,,hooks\useQuickStart.js | lib\selectors\quickStartSelectors.js,,code_contract_owner_needs_review | unknown_owner
unknown,value,code_only_unknown_owner,yes,no,output_contract_field,,lib\selectors\quickStartSelectors.js,,code_contract_owner_needs_review | unknown_owner
unknown,weekly_buffer,code_only_unknown_owner,yes,no,output_contract_field,,lib\selectors\quickStartSelectors.js,,code_contract_owner_needs_review | unknown_owner
unknown,working_hours,code_only_unknown_owner,yes,no,output_contract_field,,lib\selectors\quickStartSelectors.js,,code_contract_owner_needs_review | unknown_owner
unknown,output_contract,matched,yes,yes,output_contract_field,output_contract_field,hooks\useMaterials.js | hooks\useQuickStart.js | hooks\useRevenueSummary.js | hooks\useSquareMetreRate.js | lib\selectors\quickStartSelectors.js,03_MIRRA_VARIABLE_CONTRACT_BRIEF_v4.0_LOCKED.txt,brief_and_code_aligned | unknown_owner
