file_path,file_name,source_area,line_number,variable_name,variable_style,extraction_type,likely_role,module_hint,context
lib\calculations\materialsCalculations.js,materialsCalculations.js,lib,48,annual_material_cost,snake_case,snake_case_reference,warning_id,,"if (annual_material_cost <= 0) { warnings.push(""Cost missing"");"
lib\calculations\materialsCalculations.js,materialsCalculations.js,lib,52,annual_material_cost,snake_case,snake_case_reference,warning_id,,"if (annual_material_revenue === 0 && annual_material_cost === 0) { warnings.push(""No material inputs entered"");"
lib\calculations\materialsCalculations.js,materialsCalculations.js,lib,44,annual_material_revenue,snake_case,snake_case_reference,warning_id,,"if (annual_material_revenue <= 0) { warnings.push(""Revenue missing"");"
lib\calculations\materialsCalculations.js,materialsCalculations.js,lib,52,annual_material_revenue,snake_case,snake_case_reference,warning_id,,"if (annual_material_revenue === 0 && annual_material_cost === 0) { warnings.push(""No material inputs entered"");"
lib\calculations\materialsCalculations.js,materialsCalculations.js,lib,56,annual_material_revenue,snake_case,snake_case_reference,warning_id,,"if (annual_material_revenue > 0 && material_margin_annual < 0) { warnings.push(""Negative material margin"");"
lib\calculations\materialsCalculations.js,materialsCalculations.js,lib,60,annual_material_revenue,snake_case,snake_case_reference,warning_id,,"if (annual_material_revenue > 0 && material_margin_annual === 0) { warnings.push(""Zero material margin"");"
components\materials\MaterialsStatusStrip.jsx,MaterialsStatusStrip.jsx,components,63,bad,plain,quoted_object_key,warning_id,,"text={`Warnings: ${warning_count}`} tone={warning_count > 0 ? ""bad"" : ""good""} />"
components\rates\square-metre\SquareMetreRateStatusStrip.jsx,SquareMetreRateStatusStrip.jsx,components,45,bad,plain,quoted_object_key,warning_id,,"text={`Warnings: ${warning_count}`} tone={warning_count > 0 ? ""bad"" : ""good""} />"
components\revenue-summary\RevenueSummaryStatusStrip.jsx,RevenueSummaryStatusStrip.jsx,components,47,bad,plain,quoted_object_key,warning_id,,"text={`Warnings: ${warning_count}`} tone={warning_count > 0 ? ""bad"" : ""good""} />"
lib\calculations\squareMetreRateCalculations.js,squareMetreRateCalculations.js,lib,42,base_square_metre_rate,snake_case,snake_case_reference,warning_id,,"if (base_square_metre_rate <= 0) { warnings.push(""Base rate missing"");"
components\materials\MaterialsStatusStrip.jsx,MaterialsStatusStrip.jsx,components,26,cost_entered,snake_case,snake_case_reference,warning_id,,"revenue_entered = false, cost_entered = false, warning_count = 0,"
lib\selectors\materialsSelectors.js,materialsSelectors.js,lib,26,cost_entered,snake_case,snake_case_reference,warning_id,,"revenue_entered, cost_entered, warning_count: Array.isArray(calculated.warnings)"
lib\audit\buildLiveAuditSnapshotExport.js,buildLiveAuditSnapshotExport.js,lib,136,cost_of_sales_mapping_variance,snake_case,object_key,warning_id,,"), cost_of_sales_mapping_variance: roundMoney( getValue(explainedVariance, ""cost_of_sales_mapping_variance"", 0)"
lib\audit\buildLiveAuditSnapshotExport.js,buildLiveAuditSnapshotExport.js,lib,137,cost_of_sales_mapping_variance,snake_case,warning_id,warning_id,,"cost_of_sales_mapping_variance: roundMoney( getValue(explainedVariance, ""cost_of_sales_mapping_variance"", 0) ),"
lib\calculations\recoveryAnalysisCalculations.js,recoveryAnalysisCalculations.js,lib,116,cost_reduction_required_at_current_rates,snake_case,warning_id,warning_id,,"extra_hours_required_at_current_rates, cost_reduction_required_at_current_rates, required_average_rate_increase,"
lib\calculations\recoveryAnalysisCalculations.js,recoveryAnalysisCalculations.js,lib,62,cost_reduction_required_at_current_rates,snake_case,declaration,warning_id,,const cost_reduction_required_at_current_rates = shortfall_amount;
lib\selectors\recoveryAnalysisSelectors.js,recoveryAnalysisSelectors.js,lib,62,cost_reduction_required_at_current_rates,snake_case,object_key,warning_id,,"cost_reduction_required_at_current_rates: recovery_analysis.cost_reduction_required_at_current_rates,"
lib\selectors\recoveryAnalysisSelectors.js,recoveryAnalysisSelectors.js,lib,63,cost_reduction_required_at_current_rates,snake_case,warning_id,warning_id,,"cost_reduction_required_at_current_rates: recovery_analysis.cost_reduction_required_at_current_rates, cost_reduction_required_at_current_rates_display: formatMoney("
lib\selectors\recoveryAnalysisSelectors.js,recoveryAnalysisSelectors.js,lib,65,cost_reduction_required_at_current_rates,snake_case,warning_id,warning_id,,"cost_reduction_required_at_current_rates_display: formatMoney( recovery_analysis.cost_reduction_required_at_current_rates ),"
lib\selectors\recoveryAnalysisSelectors.js,recoveryAnalysisSelectors.js,lib,64,cost_reduction_required_at_current_rates_display,snake_case,object_key,warning_id,,"recovery_analysis.cost_reduction_required_at_current_rates, cost_reduction_required_at_current_rates_display: formatMoney( recovery_analysis.cost_reduction_required_at_current_rates"
lib\calculations\revenueSummaryCalculations.js,revenueSummaryCalculations.js,lib,146,current_revenue,snake_case,snake_case_reference,warning_id,,"if (required_revenue > 0 && current_revenue < required_revenue) { warnings.push(""Current revenue is below required revenue"");"
lib\audit\buildLiveAuditSnapshotExport.js,buildLiveAuditSnapshotExport.js,lib,127,depreciation_exclusion_variance,snake_case,object_key,warning_id,,"), depreciation_exclusion_variance: roundMoney( getValue(explainedVariance, ""depreciation_exclusion_variance"", 0)"
lib\audit\buildLiveAuditSnapshotExport.js,buildLiveAuditSnapshotExport.js,lib,128,depreciation_exclusion_variance,snake_case,warning_id,warning_id,,"depreciation_exclusion_variance: roundMoney( getValue(explainedVariance, ""depreciation_exclusion_variance"", 0) ),"
lib\calculations\squareMetreRateCalculations.js,squareMetreRateCalculations.js,lib,46,expected_annual_square_metres,snake_case,snake_case_reference,warning_id,,"if (expected_annual_square_metres <= 0) { warnings.push(""Annual volume missing"");"
components\rates\square-metre\SquareMetreRateMainCard.jsx,SquareMetreRateMainCard.jsx,components,41,expected_recovery_contribution,snake_case,snake_case_reference,warning_id,,"expected_revenue_annual = 0, expected_recovery_contribution = 0, warnings = [],"
lib\selectors\squareMetreRateSelectors.js,squareMetreRateSelectors.js,lib,57,expected_recovery_contribution,snake_case,snake_case_reference,warning_id,,"expected_recovery_contribution: calculated.expected_recovery_contribution ?? 0, warnings: calculated.warnings ?? [],"
lib\selectors\squareMetreRateSelectors.js,squareMetreRateSelectors.js,lib,6,expected_revenue_annual,snake_case,snake_case_reference,warning_id,,"if ((calculated.expected_revenue_annual ?? 0) <= 0) return ""bad""; if (warning_count > 1) return ""ok"";"
lib\audit\buildLiveAuditSnapshotExport.js,buildLiveAuditSnapshotExport.js,lib,169,explained_variance,snake_case,object_key,warning_id,,"explained_variance: buildExplainedVarianceBlock(explainedVariance),"
lib\calculations\recoveryAnalysisCalculations.js,recoveryAnalysisCalculations.js,lib,115,extra_hours_required_at_current_rates,snake_case,warning_id,warning_id,,"shortfall_amount, extra_hours_required_at_current_rates, cost_reduction_required_at_current_rates,"
lib\calculations\recoveryAnalysisCalculations.js,recoveryAnalysisCalculations.js,lib,57,extra_hours_required_at_current_rates,snake_case,declaration,warning_id,,const extra_hours_required_at_current_rates = shortfall_amount > 0 && weighted_achievable_rate > 0
lib\selectors\recoveryAnalysisSelectors.js,recoveryAnalysisSelectors.js,lib,56,extra_hours_required_at_current_rates,snake_case,object_key,warning_id,,"extra_hours_required_at_current_rates: recovery_analysis.extra_hours_required_at_current_rates,"
lib\selectors\recoveryAnalysisSelectors.js,recoveryAnalysisSelectors.js,lib,57,extra_hours_required_at_current_rates,snake_case,warning_id,warning_id,,"extra_hours_required_at_current_rates: recovery_analysis.extra_hours_required_at_current_rates, extra_hours_required_at_current_rates_display: formatHours("
lib\selectors\recoveryAnalysisSelectors.js,recoveryAnalysisSelectors.js,lib,59,extra_hours_required_at_current_rates,snake_case,warning_id,warning_id,,"extra_hours_required_at_current_rates_display: formatHours( recovery_analysis.extra_hours_required_at_current_rates ),"
lib\selectors\recoveryAnalysisSelectors.js,recoveryAnalysisSelectors.js,lib,58,extra_hours_required_at_current_rates_display,snake_case,object_key,warning_id,,"recovery_analysis.extra_hours_required_at_current_rates, extra_hours_required_at_current_rates_display: formatHours( recovery_analysis.extra_hours_required_at_current_rates"
lib\selectors\revenueSummarySelectors.js,revenueSummarySelectors.js,lib,17,get_health,snake_case,snake_case_reference,warning_id,,"actual_profit_percent: calculated.actual_profit_percent ?? 0, health: get_health(calculated), warning_count: Array.isArray(calculated.warnings)"
lib\selectors\squareMetreRateSelectors.js,squareMetreRateSelectors.js,lib,1,get_rate_health,snake_case,snake_case_reference,warning_id,,function get_rate_health(calculated = {}) { const warning_count = Array.isArray(calculated.warnings)
lib\selectors\squareMetreRateSelectors.js,squareMetreRateSelectors.js,lib,21,get_rate_health,snake_case,snake_case_reference,warning_id,,"expected_revenue_annual: calculated.expected_revenue_annual ?? 0, rate_health: get_rate_health(calculated), warning_count: Array.isArray(calculated.warnings)"
lib\selectors\revenueSummarySelectors.js,revenueSummarySelectors.js,lib,17,health,plain,object_key,warning_id,,"actual_profit_percent: calculated.actual_profit_percent ?? 0, health: get_health(calculated), warning_count: Array.isArray(calculated.warnings)"
lib\calculations\quickStartCalculations.js,quickStartCalculations.js,lib,97,hours_per_week,snake_case,snake_case_reference,warning_id,,"warning_count: labour_rate > 0 && hours_per_week > 0 ? 0 : 1, };"
lib\calculations\quickStartCalculations.js,quickStartCalculations.js,lib,155,insight_text,snake_case,snake_case_reference,warning_id,,"insight_text, warning_count: 0,"
lib\calculations\revenueSummaryCalculations.js,revenueSummaryCalculations.js,lib,138,material_cost_total,snake_case,snake_case_reference,warning_id,,"if (material_cost_total <= 0) { warnings.push(""Material cost total missing"");"
lib\calculations\materialsCalculations.js,materialsCalculations.js,lib,56,material_margin_annual,snake_case,snake_case_reference,warning_id,,"if (annual_material_revenue > 0 && material_margin_annual < 0) { warnings.push(""Negative material margin"");"
lib\calculations\materialsCalculations.js,materialsCalculations.js,lib,60,material_margin_annual,snake_case,snake_case_reference,warning_id,,"if (annual_material_revenue > 0 && material_margin_annual === 0) { warnings.push(""Zero material margin"");"
components\materials\MaterialsMainCard.jsx,MaterialsMainCard.jsx,components,36,material_margin_percent,snake_case,snake_case_reference,warning_id,,"material_margin_annual = 0, material_margin_percent = 0, warnings = [],"
lib\calculations\materialsCalculations.js,materialsCalculations.js,lib,74,material_margin_percent,snake_case,snake_case_reference,warning_id,,"material_margin_annual, material_margin_percent, warnings,"
lib\selectors\materialsSelectors.js,materialsSelectors.js,lib,54,material_margin_percent,snake_case,object_key,warning_id,,"material_margin_annual: calculated.material_margin_annual ?? 0, material_margin_percent: calculated.material_margin_percent ?? 0, warnings: calculated.warnings ?? [],"
lib\calculations\squareMetreRateCalculations.js,squareMetreRateCalculations.js,lib,50,minimum_charge,snake_case,snake_case_reference,warning_id,,"if (minimum_charge <= 0) { warnings.push(""Minimum charge not entered"");"
lib\calculations\recoveryAnalysisCalculations.js,recoveryAnalysisCalculations.js,lib,82,minor_gap,snake_case,warning_id,warning_id,,"} else if (revenue_gap < 0 && required_average_rate_increase <= 5) { primary_constraint_key = ""minor_gap""; primary_constraint_title = ""Minor recovery gap"";"
lib\calculations\recoveryAnalysisCalculations.js,recoveryAnalysisCalculations.js,lib,89,moderate_gap,snake_case,warning_id,warning_id,,"} else if (revenue_gap < 0 && required_average_rate_increase <= 15) { primary_constraint_key = ""moderate_gap""; primary_constraint_title = ""Rates or utilisation are too low"";"
components\materials\MaterialsMainCard.jsx,MaterialsMainCard.jsx,components,38,on_annual_material_cost_change,snake_case,snake_case_reference,warning_id,,"warnings = [], on_annual_material_cost_change = () => {}, on_annual_material_revenue_change = () => {},"
lib\calculations\revenueSummaryCalculations.js,revenueSummaryCalculations.js,lib,142,operating_expenses_total,snake_case,snake_case_reference,warning_id,,"if (operating_expenses_total <= 0) { warnings.push(""Operating expenses total missing"");"
components\quick-start\QuickStartStatusStrip.jsx,QuickStartStatusStrip.jsx,components,7,primary_label,snake_case,snake_case_reference,warning_id,,"primary_value, primary_label, warning_count,"
components\revenue-summary\RevenueSummaryMainCard.jsx,RevenueSummaryMainCard.jsx,components,351,profit_gap,snake_case,warning_id,warning_id,,"<div className=""text-sm font-medium text-[var(--text-primary)]""> {format_currency(profit_gap)} </div>"
components\revenue-summary\RevenueSummaryMainCard.jsx,RevenueSummaryMainCard.jsx,components,71,profit_gap,snake_case,warning_id,warning_id,,"revenue_gap = 0, profit_gap = 0,"
lib\calculations\revenueSummaryCalculations.js,revenueSummaryCalculations.js,lib,102,profit_gap,snake_case,declaration,warning_id,,const revenue_gap = round_currency(required_revenue - current_revenue); const profit_gap = round_currency(target_profit_amount - actual_profit_model);
lib\calculations\revenueSummaryCalculations.js,revenueSummaryCalculations.js,lib,186,profit_gap,snake_case,warning_id,warning_id,,"revenue_gap, profit_gap,"
lib\selectors\revenueSummarySelectors.js,revenueSummarySelectors.js,lib,70,profit_gap,snake_case,object_key,warning_id,,"revenue_gap: calculated.revenue_gap ?? 0, profit_gap: calculated.profit_gap ?? 0,"
components\rates\square-metre\SquareMetreRateStatusStrip.jsx,SquareMetreRateStatusStrip.jsx,components,20,rate_health,snake_case,snake_case_reference,warning_id,,"expected_revenue_annual = 0, rate_health = ""ok"", warning_count = 0,"
lib\selectors\squareMetreRateSelectors.js,squareMetreRateSelectors.js,lib,21,rate_health,snake_case,object_key,warning_id,,"expected_revenue_annual: calculated.expected_revenue_annual ?? 0, rate_health: get_rate_health(calculated), warning_count: Array.isArray(calculated.warnings)"
lib\calculations\recoveryAnalysisCalculations.js,recoveryAnalysisCalculations.js,lib,113,recovery_gap,snake_case,warning_id,warning_id,,"revenue_gap, recovery_gap, shortfall_amount,"
lib\calculations\recoveryAnalysisCalculations.js,recoveryAnalysisCalculations.js,lib,53,recovery_gap,snake_case,declaration,warning_id,,const revenue_gap = achievable_revenue - required_revenue; const recovery_gap = weighted_achievable_rate - required_recovery_rate;
lib\calculations\recoveryAnalysisCalculations.js,recoveryAnalysisCalculations.js,lib,65,recovery_gap,snake_case,warning_id,warning_id,,const required_average_rate_increase = recovery_gap < 0 ? Math.abs(recovery_gap) : 0;
lib\selectors\recoveryAnalysisSelectors.js,recoveryAnalysisSelectors.js,lib,50,recovery_gap,snake_case,object_key,warning_id,,"recovery_gap: recovery_analysis.recovery_gap, recovery_gap_display: formatMoney(recovery_analysis.recovery_gap),"
lib\selectors\recoveryAnalysisSelectors.js,recoveryAnalysisSelectors.js,lib,51,recovery_gap,snake_case,warning_id,warning_id,,"recovery_gap: recovery_analysis.recovery_gap, recovery_gap_display: formatMoney(recovery_analysis.recovery_gap),"
lib\selectors\recoveryAnalysisSelectors.js,recoveryAnalysisSelectors.js,lib,51,recovery_gap_display,snake_case,object_key,warning_id,,"recovery_gap: recovery_analysis.recovery_gap, recovery_gap_display: formatMoney(recovery_analysis.recovery_gap),"
lib\calculations\revenueSummaryCalculations.js,revenueSummaryCalculations.js,lib,146,required_revenue,snake_case,snake_case_reference,warning_id,,"if (required_revenue > 0 && current_revenue < required_revenue) { warnings.push(""Current revenue is below required revenue"");"
components\revenue-summary\RevenueSummaryMainCard.jsx,RevenueSummaryMainCard.jsx,components,344,revenue_gap,snake_case,warning_id,warning_id,,"<div className=""text-sm font-medium text-[var(--text-primary)]""> {format_currency(revenue_gap)} </div>"
components\revenue-summary\RevenueSummaryMainCard.jsx,RevenueSummaryMainCard.jsx,components,70,revenue_gap,snake_case,warning_id,warning_id,,"target_profit_amount = 0, revenue_gap = 0, profit_gap = 0,"
components\revenue-summary\RevenueSummarySummaryCard.jsx,RevenueSummarySummaryCard.jsx,components,142,revenue_gap,snake_case,warning_id,warning_id,,"<div className=""text-sm font-medium text-[var(--text-primary)]""> {format_currency(revenue_gap)} </div>"
components\revenue-summary\RevenueSummarySummaryCard.jsx,RevenueSummarySummaryCard.jsx,components,21,revenue_gap,snake_case,warning_id,warning_id,,"required_revenue = 0, revenue_gap = 0, health = ""ok"","
lib\calculations\recoveryAnalysisCalculations.js,recoveryAnalysisCalculations.js,lib,112,revenue_gap,snake_case,warning_id,warning_id,,"required_recovery_rate, revenue_gap, recovery_gap,"
lib\calculations\recoveryAnalysisCalculations.js,recoveryAnalysisCalculations.js,lib,52,revenue_gap,snake_case,declaration,warning_id,,const revenue_gap = achievable_revenue - required_revenue; const recovery_gap = weighted_achievable_rate - required_recovery_rate;
lib\calculations\recoveryAnalysisCalculations.js,recoveryAnalysisCalculations.js,lib,55,revenue_gap,snake_case,warning_id,warning_id,,const shortfall_amount = revenue_gap < 0 ? Math.abs(revenue_gap) : 0;
lib\calculations\recoveryAnalysisCalculations.js,recoveryAnalysisCalculations.js,lib,81,revenue_gap,snake_case,warning_id,warning_id,,"""Recovery analysis only uses direct production labour. If no staff are classified as direct production, the business has no recoverable labour base.""; } else if (revenue_gap < 0 && required_average_rate_increase <= 5) { primary_constraint_key = ""minor_gap"";"
lib\calculations\recoveryAnalysisCalculations.js,recoveryAnalysisCalculations.js,lib,88,revenue_gap,snake_case,warning_id,warning_id,,"""A small lift in achievable rate, a modest increase in recoverable hours, or a small cost reduction should close the gap.""; } else if (revenue_gap < 0 && required_average_rate_increase <= 15) { primary_constraint_key = ""moderate_gap"";"
lib\calculations\recoveryAnalysisCalculations.js,recoveryAnalysisCalculations.js,lib,95,revenue_gap,snake_case,warning_id,warning_id,,"""The business likely needs a combination of better recovery rates, more recoverable production hours, and tighter overhead control.""; } else if (revenue_gap < 0) { primary_constraint_key = ""heavy_cost_structure"";"
lib\calculations\revenueSummaryCalculations.js,revenueSummaryCalculations.js,lib,101,revenue_gap,snake_case,declaration,warning_id,,const revenue_gap = round_currency(required_revenue - current_revenue); const profit_gap = round_currency(target_profit_amount - actual_profit_model);
lib\calculations\revenueSummaryCalculations.js,revenueSummaryCalculations.js,lib,185,revenue_gap,snake_case,warning_id,warning_id,,"revenue_gap, profit_gap,"
lib\selectors\recoveryAnalysisSelectors.js,recoveryAnalysisSelectors.js,lib,37,revenue_gap,snake_case,object_key,warning_id,,"revenue_gap: recovery_analysis.revenue_gap, revenue_gap_display: formatMoney(recovery_analysis.revenue_gap),"
lib\selectors\recoveryAnalysisSelectors.js,recoveryAnalysisSelectors.js,lib,38,revenue_gap,snake_case,warning_id,warning_id,,"revenue_gap: recovery_analysis.revenue_gap, revenue_gap_display: formatMoney(recovery_analysis.revenue_gap),"
lib\selectors\revenueSummarySelectors.js,revenueSummarySelectors.js,lib,133,revenue_gap,snake_case,object_key,warning_id,,"required_revenue: calculated.required_revenue ?? 0, revenue_gap: calculated.revenue_gap ?? 0, health: get_health(calculated),"
lib\selectors\revenueSummarySelectors.js,revenueSummarySelectors.js,lib,69,revenue_gap,snake_case,object_key,warning_id,,"target_profit_amount: calculated.target_profit_amount ?? 0, revenue_gap: calculated.revenue_gap ?? 0, profit_gap: calculated.profit_gap ?? 0,"
lib\selectors\recoveryAnalysisSelectors.js,recoveryAnalysisSelectors.js,lib,38,revenue_gap_display,snake_case,object_key,warning_id,,"revenue_gap: recovery_analysis.revenue_gap, revenue_gap_display: formatMoney(recovery_analysis.revenue_gap),"
lib\audit\buildLiveAuditSnapshotExport.js,buildLiveAuditSnapshotExport.js,lib,142,rounding_variance,snake_case,object_key,warning_id,,"), rounding_variance: roundMoney( getValue(explainedVariance, ""rounding_variance"", 0)"
lib\audit\buildLiveAuditSnapshotExport.js,buildLiveAuditSnapshotExport.js,lib,143,rounding_variance,snake_case,warning_id,warning_id,,"rounding_variance: roundMoney( getValue(explainedVariance, ""rounding_variance"", 0) ),"
lib\calculations\revenueSummaryCalculations.js,revenueSummaryCalculations.js,lib,134,sales_revenue,snake_case,snake_case_reference,warning_id,,"if (sales_revenue <= 0) { warnings.push(""No sales revenue entered"");"
components\revenue-summary\RevenueSummaryMainCard.jsx,RevenueSummaryMainCard.jsx,components,81,target_split_total,snake_case,snake_case_reference,warning_id,,"target_split_total = 0, warnings = [],"
lib\calculations\revenueSummaryCalculations.js,revenueSummaryCalculations.js,lib,150,target_split_total,snake_case,snake_case_reference,warning_id,,"if (target_split_total > 0 && target_split_total !== 100) { warnings.push(""Target split does not total 100%"");"
lib\selectors\revenueSummarySelectors.js,revenueSummarySelectors.js,lib,83,target_split_total,snake_case,object_key,warning_id,,"target_split_total: calculated.target_split_total ?? 0, warnings: calculated.warnings ?? [],"
lib\audit\buildLiveAuditSnapshotExport.js,buildLiveAuditSnapshotExport.js,lib,139,timing_variance,snake_case,object_key,warning_id,,"), timing_variance: roundMoney( getValue(explainedVariance, ""timing_variance"", 0)"
lib\audit\buildLiveAuditSnapshotExport.js,buildLiveAuditSnapshotExport.js,lib,140,timing_variance,snake_case,warning_id,warning_id,,"timing_variance: roundMoney( getValue(explainedVariance, ""timing_variance"", 0) ),"
lib\audit\buildLiveAuditSnapshotExport.js,buildLiveAuditSnapshotExport.js,lib,145,unmapped_variance,snake_case,object_key,warning_id,,"), unmapped_variance: roundMoney( getValue(explainedVariance, ""unmapped_variance"", 0)"
lib\audit\buildLiveAuditSnapshotExport.js,buildLiveAuditSnapshotExport.js,lib,146,unmapped_variance,snake_case,warning_id,warning_id,,"unmapped_variance: roundMoney( getValue(explainedVariance, ""unmapped_variance"", 0) ),"
components\materials\MaterialsStatusStrip.jsx,MaterialsStatusStrip.jsx,components,27,warning_count,snake_case,snake_case_reference,warning_id,,"cost_entered = false, warning_count = 0, }) {"
components\materials\MaterialsStatusStrip.jsx,MaterialsStatusStrip.jsx,components,62,warning_count,snake_case,snake_case_reference,warning_id,,"<Pill text={`Warnings: ${warning_count}`} tone={warning_count > 0 ? ""bad"" : ""good""}"
components\materials\MaterialsStatusStrip.jsx,MaterialsStatusStrip.jsx,components,63,warning_count,snake_case,snake_case_reference,warning_id,,"text={`Warnings: ${warning_count}`} tone={warning_count > 0 ? ""bad"" : ""good""} />"
components\quick-start\QuickStartStatusStrip.jsx,QuickStartStatusStrip.jsx,components,30,warning_count,snake_case,snake_case_reference,warning_id,,"<span className=""ui-label"">Warnings</span> <div className=""ui-readonly"">{warning_count}</div> </div>"
components\quick-start\QuickStartStatusStrip.jsx,QuickStartStatusStrip.jsx,components,8,warning_count,snake_case,snake_case_reference,warning_id,,"primary_label, warning_count, }) {"
components\rates\square-metre\SquareMetreRateStatusStrip.jsx,SquareMetreRateStatusStrip.jsx,components,21,warning_count,snake_case,snake_case_reference,warning_id,,"rate_health = ""ok"", warning_count = 0, }) {"
components\rates\square-metre\SquareMetreRateStatusStrip.jsx,SquareMetreRateStatusStrip.jsx,components,44,warning_count,snake_case,snake_case_reference,warning_id,,"<Pill text={`Warnings: ${warning_count}`} tone={warning_count > 0 ? ""bad"" : ""good""}"
components\rates\square-metre\SquareMetreRateStatusStrip.jsx,SquareMetreRateStatusStrip.jsx,components,45,warning_count,snake_case,snake_case_reference,warning_id,,"text={`Warnings: ${warning_count}`} tone={warning_count > 0 ? ""bad"" : ""good""} />"
components\revenue-summary\RevenueSummaryStatusStrip.jsx,RevenueSummaryStatusStrip.jsx,components,22,warning_count,snake_case,snake_case_reference,warning_id,,"health = ""ok"", warning_count = 0, }) {"
components\revenue-summary\RevenueSummaryStatusStrip.jsx,RevenueSummaryStatusStrip.jsx,components,46,warning_count,snake_case,snake_case_reference,warning_id,,"<Pill text={`Warnings: ${warning_count}`} tone={warning_count > 0 ? ""bad"" : ""good""}"
components\revenue-summary\RevenueSummaryStatusStrip.jsx,RevenueSummaryStatusStrip.jsx,components,47,warning_count,snake_case,snake_case_reference,warning_id,,"text={`Warnings: ${warning_count}`} tone={warning_count > 0 ? ""bad"" : ""good""} />"
lib\calculations\quickStartCalculations.js,quickStartCalculations.js,lib,156,warning_count,snake_case,object_key,warning_id,,"insight_text, warning_count: 0, };"
lib\calculations\quickStartCalculations.js,quickStartCalculations.js,lib,227,warning_count,snake_case,object_key,warning_id,,"""This shows what the job is generating per person per hour. The full QS Tools system models how many m² you need each month to support your business."", warning_count: 0, };"
lib\calculations\quickStartCalculations.js,quickStartCalculations.js,lib,275,warning_count,snake_case,object_key,warning_id,,"""This model depends on consistent utilisation, not just a strong hourly rate."", warning_count: 0, };"
lib\calculations\quickStartCalculations.js,quickStartCalculations.js,lib,97,warning_count,snake_case,object_key,warning_id,,"warning_count: labour_rate > 0 && hours_per_week > 0 ? 0 : 1, };"
lib\selectors\materialsSelectors.js,materialsSelectors.js,lib,27,warning_count,snake_case,object_key,warning_id,,"cost_entered, warning_count: Array.isArray(calculated.warnings) ? calculated.warnings.length"
lib\selectors\revenueSummarySelectors.js,revenueSummarySelectors.js,lib,18,warning_count,snake_case,object_key,warning_id,,"health: get_health(calculated), warning_count: Array.isArray(calculated.warnings) ? calculated.warnings.length"
lib\selectors\squareMetreRateSelectors.js,squareMetreRateSelectors.js,lib,2,warning_count,snake_case,declaration,warning_id,,function get_rate_health(calculated = {}) { const warning_count = Array.isArray(calculated.warnings) ? calculated.warnings.length
lib\selectors\squareMetreRateSelectors.js,squareMetreRateSelectors.js,lib,22,warning_count,snake_case,object_key,warning_id,,"rate_health: get_rate_health(calculated), warning_count: Array.isArray(calculated.warnings) ? calculated.warnings.length"
lib\selectors\squareMetreRateSelectors.js,squareMetreRateSelectors.js,lib,7,warning_count,snake_case,snake_case_reference,warning_id,,"if ((calculated.expected_revenue_annual ?? 0) <= 0) return ""bad""; if (warning_count > 1) return ""ok""; return ""good"";"
lib\calculations\assetCalculations.js,assetCalculations.js,lib,310,absolute_variance_percent,snake_case,declaration,warning_id,assets,const absolute_variance_percent = Math.abs(assets_variance_percent);
lib\calculations\assetCalculations.js,assetCalculations.js,lib,312,absolute_variance_percent,snake_case,warning_id,warning_id,assets,"if (absolute_variance_percent <= 0.5) { return ""green"";"
lib\calculations\assetCalculations.js,assetCalculations.js,lib,316,absolute_variance_percent,snake_case,warning_id,warning_id,assets,"if (absolute_variance_percent <= 1.0) { return ""amber"";"
lib\selectors\assetSelectors.js,assetSelectors.js,lib,257,active_saved_assets,snake_case,declaration,warning_id,assets,const warnings = []; const active_saved_assets = get_active_saved_assets(saved_assets);
lib\selectors\assetSelectors.js,assetSelectors.js,lib,384,active_saved_assets,snake_case,snake_case_reference,warning_id,assets,"if (active_saved_assets.length === 0 && asset_type === ""support"") { warnings.push(""Support assets are included in cost only."");"
lib\selectors\assetSelectors.js,assetSelectors.js,lib,398,active_saved_assets,snake_case,snake_case_reference,warning_id,assets,if (active_saved_assets.length === 0 && asset_state.is_retired) { warnings.push(
lib\selectors\assetSelectors.js,assetSelectors.js,lib,452,active_saved_assets,snake_case,snake_case_reference,warning_id,assets,"if (active_saved_assets.length === 0 && !no_active_assets_confirmed) { warnings.push(""No active assets are saved yet."");"
components\business-summary\BusinessSummaryMacroPositionCard.jsx,BusinessSummaryMacroPositionCard.jsx,components,176,asset_finance_variance,snake_case,warning_id,warning_id,assets,"labour_variance = 0, asset_finance_variance = 0, overhead_variance = 0,"
components\business-summary\BusinessSummaryMacroPositionCard.jsx,BusinessSummaryMacroPositionCard.jsx,components,206,asset_finance_variance,snake_case,warning_id,warning_id,assets,"label=""Less asset finance variance"" value={-Math.abs(to_number(asset_finance_variance))} />"
components\business-summary\BusinessSummaryMacroPositionCard.jsx,BusinessSummaryMacroPositionCard.jsx,components,246,asset_finance_variance,snake_case,declaration,warning_id,assets,const asset_finance_variance = to_number(total_asset_interest_annual) -
components\business-summary\BusinessSummaryMacroPositionCard.jsx,BusinessSummaryMacroPositionCard.jsx,components,258,asset_finance_variance,snake_case,warning_id,warning_id,assets,const operational_pressure_adjustment = labour_variance + asset_finance_variance + overhead_variance;
components\business-summary\BusinessSummaryMacroPositionCard.jsx,BusinessSummaryMacroPositionCard.jsx,components,298,asset_finance_variance,snake_case,warning_id,warning_id,assets,"module_total={total_asset_interest_annual} variance={asset_finance_variance} benchmark_label=""P&L interest marked as asset finance"""
components\business-summary\BusinessSummaryMacroPositionCard.jsx,BusinessSummaryMacroPositionCard.jsx,components,336,asset_finance_variance,snake_case,warning_id,warning_id,assets,labour_variance={labour_variance} asset_finance_variance={asset_finance_variance} overhead_variance={overhead_variance}
components\model-readiness\ModelReadinessAuditPanel.jsx,ModelReadinessAuditPanel.jsx,components,195,asset_finance_variance,snake_case,object_key,warning_id,assets,asset_finance_variance: status.asset_finance_variance ??
components\model-readiness\ModelReadinessAuditPanel.jsx,ModelReadinessAuditPanel.jsx,components,196,asset_finance_variance,snake_case,warning_id,warning_id,assets,asset_finance_variance: status.asset_finance_variance ?? reconciliation.asset_finance_variance ??
components\model-readiness\ModelReadinessAuditPanel.jsx,ModelReadinessAuditPanel.jsx,components,197,asset_finance_variance,snake_case,warning_id,warning_id,assets,"status.asset_finance_variance ?? reconciliation.asset_finance_variance ?? 0,"
lib\audit\buildLiveAuditSnapshotExport.js,buildLiveAuditSnapshotExport.js,lib,124,asset_finance_variance,snake_case,object_key,warning_id,assets,"), asset_finance_variance: roundMoney( getValue(explainedVariance, ""asset_finance_variance"", 0)"
lib\audit\buildLiveAuditSnapshotExport.js,buildLiveAuditSnapshotExport.js,lib,125,asset_finance_variance,snake_case,warning_id,warning_id,assets,"asset_finance_variance: roundMoney( getValue(explainedVariance, ""asset_finance_variance"", 0) ),"
lib\calculations\cost-allocation\costAllocationValidation.js,costAllocationValidation.js,lib,33,asset_id,snake_case,snake_case_reference,warning_id,assets,"make_warning( `Duplicate active link detected for asset_id ""${link?.asset_id}"" and staff_id ""${link?.staff_id}"".` )"
lib\calculations\cost-allocation\costAllocationValidation.js,costAllocationValidation.js,lib,90,asset_id,snake_case,snake_case_reference,warning_id,assets,safe_array(active_assets).forEach((asset) => { if (!linked_asset_ids.has(asset?.asset_id)) { orphan_warnings.push(
lib\calculations\cost-allocation\costAllocationValidation.js,costAllocationValidation.js,lib,98,asset_id,snake_case,snake_case_reference,warning_id,assets,if (!grouped_asset_ids.has(asset?.asset_id)) { orphan_warnings.push(
components\model-readiness\ModelReadinessAuditPanel.jsx,ModelReadinessAuditPanel.jsx,components,190,asset_model_variance,snake_case,object_key,warning_id,assets,asset_model_variance: status.asset_model_variance ??
components\model-readiness\ModelReadinessAuditPanel.jsx,ModelReadinessAuditPanel.jsx,components,191,asset_model_variance,snake_case,warning_id,warning_id,assets,asset_model_variance: status.asset_model_variance ?? reconciliation.asset_model_variance ??
components\model-readiness\ModelReadinessAuditPanel.jsx,ModelReadinessAuditPanel.jsx,components,192,asset_model_variance,snake_case,warning_id,warning_id,assets,"status.asset_model_variance ?? reconciliation.asset_model_variance ?? 0,"
lib\audit\buildLiveAuditSnapshotExport.js,buildLiveAuditSnapshotExport.js,lib,121,asset_model_variance,snake_case,object_key,warning_id,assets,"), asset_model_variance: roundMoney( getValue(explainedVariance, ""asset_model_variance"", 0)"
lib\audit\buildLiveAuditSnapshotExport.js,buildLiveAuditSnapshotExport.js,lib,122,asset_model_variance,snake_case,warning_id,warning_id,assets,"asset_model_variance: roundMoney( getValue(explainedVariance, ""asset_model_variance"", 0) ),"
lib\calculations\cost-allocation\costAllocationValidation.js,costAllocationValidation.js,lib,101,asset_name,snake_case,snake_case_reference,warning_id,assets,"make_warning( `${asset?.asset_name ?? ""Asset""} is not included in any active group.` )"
lib\calculations\cost-allocation\costAllocationValidation.js,costAllocationValidation.js,lib,93,asset_name,snake_case,snake_case_reference,warning_id,assets,"make_warning( `${asset?.asset_name ?? ""Asset""} is not linked to any staff.` )"
hooks\useAssets.js,useAssets.js,hooks,599,asset_overhead_pool_assignment_summary,snake_case,snake_case_reference,warning_id,assets,"const asset_overhead_assignment_warnings = asset_overhead_pool_assignment_summary .filter((pool) => pool.assignment_status === ""over_assigned"")"
hooks\useAssets.js,useAssets.js,hooks,602,asset_pool_assigned_over_available,snake_case,snake_case_reference,warning_id,assets,".map((pool) => ({ warning_key: ""asset_pool_assigned_over_available"", message: `${pool.label} has more assigned to assets than the General Overheads pool contains.`,"
lib\calculations\costAllocationRules.js,costAllocationRules.js,lib,268,asset_pool_over_allocated,snake_case,snake_case_reference,warning_id,assets,if (asset_pool_over_allocated) { source_pool_warnings.push({
lib\selectors\assetSelectors.js,assetSelectors.js,lib,446,asset_pool_over_allocated,snake_case,snake_case_reference,warning_id,assets,if (asset_pool_over_allocated) { warnings.push(
lib\selectors\general-overheads\generalOverheadWarnings.js,generalOverheadWarnings.js,lib,23,asset_pool_over_allocated,snake_case,snake_case_reference,warning_id,assets,"warnings.push({ warning_key: ""asset_pool_over_allocated"", message: `${group.category_label} has more allocated than the P&L source total.`,"
lib\selectors\general-overheads\generalOverheadWarnings.js,generalOverheadWarnings.js,lib,31,asset_pool_partially_allocated,snake_case,snake_case_reference,warning_id,assets,"warnings.push({ warning_key: ""asset_pool_partially_allocated"", message: `${group.category_label} is partially assigned. The remaining amount stays in General Overheads.`,"
lib\selectors\assetSelectors.js,assetSelectors.js,lib,303,asset_pool_review_required,snake_case,declaration,warning_id,assets,"const asset_pool_review_required = asset_pool_summary.some((pool) => [""under_allocated"", ""no_source_pool"", ""review_required""].includes("
lib\selectors\assetSelectors.js,assetSelectors.js,lib,311,asset_pool_review_required,snake_case,warning_id,warning_id,assets,"? ""blocked"" : asset_pool_review_required ? ""review_required"""
lib\recovery\recoveryRiskWarningSystem.js,recoveryRiskWarningSystem.js,lib,428,asset_recovery_clean,snake_case,snake_case_reference,warning_id,assets,"labour_recovery_clean = true, asset_recovery_clean = true, material_recovery_clean = true,"
lib\recovery\recoveryRiskWarningSystem.js,recoveryRiskWarningSystem.js,lib,539,asset_recovery_clean,snake_case,snake_case_reference,warning_id,assets,if (!labour_recovery_clean || !asset_recovery_clean || !material_recovery_clean) { warnings.push(
lib\recovery\recoveryRiskWarningSystem.js,recoveryRiskWarningSystem.js,lib,565,asset_recovery_clean,snake_case,snake_case_reference,warning_id,assets,"labour_recovery_clean, asset_recovery_clean, material_recovery_clean,"
lib\calculations\recoverySummaryCalculations.js,recoverySummaryCalculations.js,lib,820,asset_recovery_included,snake_case,snake_case_reference,warning_id,assets,"if (asset_recovery_included && recovery_mode !== ""hours_based"") { warnings.push(""asset_utilisation_unverified"");"
lib\calculations\cost-allocation\costAllocationValidation.js,costAllocationValidation.js,lib,173,asset_recovery_selected,snake_case,snake_case_reference,warning_id,assets,"active_recovery_model, asset_recovery_selected, duplicate_link_warnings,"
lib\calculations\costAllocationRules.js,costAllocationRules.js,lib,187,asset_recovery_selected,snake_case,snake_case_reference,warning_id,assets,"active_recovery_model, asset_recovery_selected, duplicate_link_warnings,"
lib\calculations\recoverySummaryCalculations.js,recoverySummaryCalculations.js,lib,824,asset_recovery_without_assets,snake_case,snake_case_reference,warning_id,assets,"if (asset_recovery_without_assets) { warnings.push(""asset_share_without_asset_recovery_base"");"
lib\calculations\cost-allocation\costAllocationWarnings.js,costAllocationWarnings.js,lib,153,asset_recovery_without_productive_asset_structure,snake_case,snake_case_reference,warning_id,assets,"make_allocation_warning( ""asset_recovery_without_productive_asset_structure"", ""Asset recovery is selected, but productive assets have not been assigned into the operating groups."""
hooks\useAssets.js,useAssets.js,hooks,639,asset_related_unassigned_cost,snake_case,snake_case_reference,warning_id,assets,"asset_related_overhead_pool: asset_overhead_pool_assignment_summary, asset_review_required: asset_related_unassigned_cost > 0, asset_overhead_assignment_warnings,"
lib\calculations\cost-allocation\costAllocationValidation.js,costAllocationValidation.js,lib,139,asset_requirement_met,snake_case,snake_case_reference,warning_id,assets,if (!asset_requirement_met) { group_validation_warnings.push(
hooks\useAssets.js,useAssets.js,hooks,639,asset_review_required,snake_case,object_key,warning_id,assets,"asset_related_overhead_pool: asset_overhead_pool_assignment_summary, asset_review_required: asset_related_unassigned_cost > 0, asset_overhead_assignment_warnings,"
hooks\useGeneralOverheads.js,useGeneralOverheads.js,hooks,503,asset_review_required,snake_case,object_key,warning_id,assets,"allocation_outputs.total_asset_overhead_pool_amount, asset_review_required: allocation_outputs.total_asset_overhead_pool_amount > 0,"
components\recovery-summary\recoverySummaryWarningDetails.js,recoverySummaryWarningDetails.js,components,168,asset_share_without_asset_recovery_base,snake_case,object_key,warning_id,assets,"asset_share_without_asset_recovery_base: { title: ""Asset recovery has no asset base"","
lib\calculations\recoverySummaryCalculations.js,recoverySummaryCalculations.js,lib,825,asset_share_without_asset_recovery_base,snake_case,snake_case_reference,warning_id,assets,"if (asset_recovery_without_assets) { warnings.push(""asset_share_without_asset_recovery_base""); }"
lib\selectors\assetSelectors.js,assetSelectors.js,lib,351,asset_state,snake_case,snake_case_reference,warning_id,assets,"if (finance_fields_started) { if (!has_positive_number(asset_state.purchase_price)) { warnings.push(""Purchase price is required when finance inputs are used."");"
lib\selectors\assetSelectors.js,assetSelectors.js,lib,355,asset_state,snake_case,snake_case_reference,warning_id,assets,"if (!has_positive_number(asset_state.interest_rate)) { warnings.push(""Interest rate is required when finance inputs are used."");"
lib\selectors\assetSelectors.js,assetSelectors.js,lib,359,asset_state,snake_case,snake_case_reference,warning_id,assets,"if (!has_positive_number(asset_state.finance_term_years)) { warnings.push(""Finance term is required when finance inputs are used."");"
lib\selectors\assetSelectors.js,assetSelectors.js,lib,363,asset_state,snake_case,snake_case_reference,warning_id,assets,if (!has_value(asset_state.finance_start_date)) { warnings.push(
lib\selectors\assetSelectors.js,assetSelectors.js,lib,398,asset_state,snake_case,snake_case_reference,warning_id,assets,if (active_saved_assets.length === 0 && asset_state.is_retired) { warnings.push(
lib\selectors\assetSelectors.js,assetSelectors.js,lib,384,asset_type,snake_case,snake_case_reference,warning_id,assets,"if (active_saved_assets.length === 0 && asset_type === ""support"") { warnings.push(""Support assets are included in cost only."");"
lib\calculations\recoverySummaryCalculations.js,recoverySummaryCalculations.js,lib,821,asset_utilisation_unverified,snake_case,snake_case_reference,warning_id,assets,"if (asset_recovery_included && recovery_mode !== ""hours_based"") { warnings.push(""asset_utilisation_unverified""); }"
lib\selectors\assetSelectors.js,assetSelectors.js,lib,406,assets_benchmark_total,snake_case,snake_case_reference,warning_id,assets,"warnings.push(""No active assets explicitly confirmed.""); } else if (!has_positive_number(calculations.assets_benchmark_total)) { warnings.push(""Awaiting P&L asset benchmark. This is diagnostic only."");"
lib\calculations\assetCalculations.js,assetCalculations.js,lib,424,assets_variance_amount,snake_case,declaration,warning_id,assets,const assets_variance_amount = module_total_asset_cost_annual - assets_benchmark_total;
lib\calculations\assetCalculations.js,assetCalculations.js,lib,429,assets_variance_amount,snake_case,warning_id,warning_id,assets,assets_benchmark_total > 0 ? (assets_variance_amount / assets_benchmark_total) * 100 : 0;
lib\calculations\assetCalculations.js,assetCalculations.js,lib,488,assets_variance_amount,snake_case,object_key,warning_id,assets,"), assets_variance_amount: round_currency(assets_variance_amount), assets_variance_percent: round_percent(assets_variance_percent),"
lib\selectors\assetSelectors.js,assetSelectors.js,lib,500,assets_variance_amount,snake_case,warning_id,warning_id,assets,"assets_variance_amount_label: format_currency( calculations.assets_variance_amount ),"
components\assets\AssetStatusStrip.jsx,AssetStatusStrip.jsx,components,13,assets_variance_amount_label,snake_case,warning_id,warning_id,assets,"assets_benchmark_total_label, assets_variance_amount_label, assets_variance_percent_label,"
components\assets\AssetStatusStrip.jsx,AssetStatusStrip.jsx,components,89,assets_variance_amount_label,snake_case,warning_id,warning_id,assets,"label=""Variance"" value={assets_variance_amount_label} />"
lib\selectors\assetSelectors.js,assetSelectors.js,lib,499,assets_variance_amount_label,snake_case,object_key,warning_id,assets,"), assets_variance_amount_label: format_currency( calculations.assets_variance_amount"
lib\calculations\assetCalculations.js,assetCalculations.js,lib,304,assets_variance_percent,snake_case,warning_id,warning_id,assets,"assets_benchmark_total, assets_variance_percent, }) {"
lib\calculations\assetCalculations.js,assetCalculations.js,lib,310,assets_variance_percent,snake_case,warning_id,warning_id,assets,const absolute_variance_percent = Math.abs(assets_variance_percent);
lib\calculations\assetCalculations.js,assetCalculations.js,lib,427,assets_variance_percent,snake_case,declaration,warning_id,assets,const assets_variance_percent = assets_benchmark_total > 0
lib\calculations\assetCalculations.js,assetCalculations.js,lib,434,assets_variance_percent,snake_case,warning_id,warning_id,assets,"assets_benchmark_total, assets_variance_percent, });"
lib\calculations\assetCalculations.js,assetCalculations.js,lib,489,assets_variance_percent,snake_case,object_key,warning_id,assets,"assets_variance_amount: round_currency(assets_variance_amount), assets_variance_percent: round_percent(assets_variance_percent), reconciliation_state,"
lib\selectors\assetSelectors.js,assetSelectors.js,lib,503,assets_variance_percent,snake_case,warning_id,warning_id,assets,"assets_variance_percent_label: format_percent( calculations.assets_variance_percent ),"
components\assets\AssetStatusStrip.jsx,AssetStatusStrip.jsx,components,14,assets_variance_percent_label,snake_case,warning_id,warning_id,assets,"assets_variance_amount_label, assets_variance_percent_label, reconciliation_label,"
components\assets\AssetStatusStrip.jsx,AssetStatusStrip.jsx,components,93,assets_variance_percent_label,snake_case,warning_id,warning_id,assets,"label=""Variance %"" value={assets_variance_percent_label} />"
lib\selectors\assetSelectors.js,assetSelectors.js,lib,502,assets_variance_percent_label,snake_case,object_key,warning_id,assets,"), assets_variance_percent_label: format_percent( calculations.assets_variance_percent"
lib\selectors\assetSelectors.js,assetSelectors.js,lib,363,finance_start_date,snake_case,snake_case_reference,warning_id,assets,if (!has_value(asset_state.finance_start_date)) { warnings.push(
lib\selectors\assetSelectors.js,assetSelectors.js,lib,359,finance_term_years,snake_case,snake_case_reference,warning_id,assets,"if (!has_positive_number(asset_state.finance_term_years)) { warnings.push(""Finance term is required when finance inputs are used."");"
lib\selectors\assetSelectors.js,assetSelectors.js,lib,257,get_active_saved_assets,snake_case,snake_case_reference,warning_id,assets,const warnings = []; const active_saved_assets = get_active_saved_assets(saved_assets);
lib\calculations\cost-allocation\costAllocationValidation.js,costAllocationValidation.js,lib,98,grouped_asset_ids,snake_case,snake_case_reference,warning_id,assets,if (!grouped_asset_ids.has(asset?.asset_id)) { orphan_warnings.push(
lib\selectors\assetSelectors.js,assetSelectors.js,lib,355,interest_rate,snake_case,snake_case_reference,warning_id,assets,"if (!has_positive_number(asset_state.interest_rate)) { warnings.push(""Interest rate is required when finance inputs are used."");"
lib\selectors\assetSelectors.js,assetSelectors.js,lib,422,invalid_active_assets,snake_case,snake_case_reference,warning_id,assets,if (invalid_active_assets.length > 0) { warnings.push(
lib\calculations\cost-allocation\costAllocationValidation.js,costAllocationValidation.js,lib,90,linked_asset_ids,snake_case,snake_case_reference,warning_id,assets,safe_array(active_assets).forEach((asset) => { if (!linked_asset_ids.has(asset?.asset_id)) { orphan_warnings.push(
lib\calculations\cost-allocation\costAllocationWarnings.js,costAllocationWarnings.js,lib,108,low_productive_asset_coverage,snake_case,snake_case_reference,warning_id,assets,"make_allocation_warning( ""low_productive_asset_coverage"", ""Productive asset coverage is low for the visible operating groups."""
hooks\useAssets.js,useAssets.js,hooks,603,message,plain,object_key,warning_id,assets,"warning_key: ""asset_pool_assigned_over_available"", message: `${pool.label} has more assigned to assets than the General Overheads pool contains.`, pool_key: pool.pool_key,"
lib\calculations\cost-allocation\costAllocationValidation.js,costAllocationValidation.js,lib,142,missing_asset_ids,snake_case,snake_case_reference,warning_id,assets,"make_warning( `${group?.group_name ?? ""Group""} is invalid: missing required assets (${missing_asset_ids.join("", "")}).` )"
lib\calculations\recoverySummaryCalculations.js,recoverySummaryCalculations.js,lib,785,missing_productive_asset_utilisation,snake_case,snake_case_reference,warning_id,assets,") { warnings.push(""missing_productive_asset_utilisation""); }"
lib\selectors\assetSelectors.js,assetSelectors.js,lib,452,no_active_assets_confirmed,snake_case,snake_case_reference,warning_id,assets,"if (active_saved_assets.length === 0 && !no_active_assets_confirmed) { warnings.push(""No active assets are saved yet."");"
lib\selectors\assetSelectors.js,assetSelectors.js,lib,462,no_active_assets_confirmed,snake_case,snake_case_reference,warning_id,assets,"assets_ready, no_active_assets_confirmed, warning_count: warnings.length,"
lib\calculations\costAllocationRules.js,costAllocationRules.js,lib,270,productive_asset_pool_over_allocated,snake_case,snake_case_reference,warning_id,assets,"source_pool_warnings.push({ warning_key: ""productive_asset_pool_over_allocated"", message:"
components\assets\AssetStatusStrip.jsx,AssetStatusStrip.jsx,components,20,productive_asset_recovery_rate_label,snake_case,snake_case_reference,warning_id,assets,"productive_asset_cost_annual_label, productive_asset_recovery_rate_label, warning_count,"
lib\calculations\cost-allocation\costAllocationWarnings.js,costAllocationWarnings.js,lib,162,productive_asset_zero_utilisation,snake_case,warning_id,warning_id,assets,"make_allocation_warning( ""productive_asset_zero_utilisation"", ""One or more productive assets have zero utilisation hours."""
lib\selectors\assetSelectors.js,assetSelectors.js,lib,272,productive_assets_missing_utilisation,snake_case,declaration,warning_id,assets,const productive_assets_missing_utilisation = productive_active_assets.filter( (asset) => !has_positive_number(asset.utilisation_hours_per_week)
lib\selectors\assetSelectors.js,assetSelectors.js,lib,428,productive_assets_missing_utilisation,snake_case,warning_id,warning_id,assets,if (productive_assets_missing_utilisation.length > 0) { warnings.push(
lib\selectors\assetSelectors.js,assetSelectors.js,lib,351,purchase_price,snake_case,snake_case_reference,warning_id,assets,"if (finance_fields_started) { if (!has_positive_number(asset_state.purchase_price)) { warnings.push(""Purchase price is required when finance inputs are used."");"
lib\selectors\assetSelectors.js,assetSelectors.js,lib,409,reconciliation_state,snake_case,snake_case_reference,warning_id,assets,"} else { if (calculations.reconciliation_state === ""amber"") { warnings.push("
lib\selectors\assetSelectors.js,assetSelectors.js,lib,415,reconciliation_state,snake_case,snake_case_reference,warning_id,assets,"if (calculations.reconciliation_state === ""red"") { warnings.push("
lib\selectors\assetSelectors.js,assetSelectors.js,lib,139,review_required,snake_case,warning_id,warning_id,assets,"? ""under_allocated"" : ""review_required"";"
lib\selectors\assetSelectors.js,assetSelectors.js,lib,304,review_required,snake_case,warning_id,warning_id,assets,"const asset_pool_review_required = asset_pool_summary.some((pool) => [""under_allocated"", ""no_source_pool"", ""review_required""].includes( pool.allocation_status"
lib\selectors\assetSelectors.js,assetSelectors.js,lib,312,review_required,snake_case,warning_id,warning_id,assets,": asset_pool_review_required ? ""review_required"" : ""ready"";"
lib\selectors\assetSelectors.js,assetSelectors.js,lib,257,saved_assets,snake_case,snake_case_reference,warning_id,assets,const warnings = []; const active_saved_assets = get_active_saved_assets(saved_assets);
hooks\useAssets.js,useAssets.js,hooks,641,total_asset_recovery_cost_annual,snake_case,snake_case_reference,warning_id,assets,"asset_overhead_assignment_warnings, total_asset_recovery_cost_annual,"
components\assets\AssetStatusStrip.jsx,AssetStatusStrip.jsx,components,21,warning_count,snake_case,snake_case_reference,warning_id,assets,"productive_asset_recovery_rate_label, warning_count, warnings,"
components\assets\AssetStatusStrip.jsx,AssetStatusStrip.jsx,components,99,warning_count,snake_case,snake_case_reference,warning_id,assets,"{warning_count > 0 && ( <div className=""ui-panel"">"
lib\selectors\assetSelectors.js,assetSelectors.js,lib,463,warning_count,snake_case,object_key,warning_id,assets,"no_active_assets_confirmed, warning_count: warnings.length, warnings,"
hooks\useAssets.js,useAssets.js,hooks,602,warning_key,snake_case,object_key,warning_id,assets,".map((pool) => ({ warning_key: ""asset_pool_assigned_over_available"", message: `${pool.label} has more assigned to assets than the General Overheads pool contains.`,"
hooks\useBusinessModelling.js,useBusinessModelling.js,hooks,278,active_scenario,snake_case,snake_case_reference,warning_id,business-modelling,if (!active_scenario) { warnings.push({
hooks\useBusinessModelling.js,useBusinessModelling.js,hooks,285,active_scenario,snake_case,snake_case_reference,warning_id,business-modelling,if (active_scenario?.scenario_total_productive_output === 0) { warnings.push({
hooks\useBusinessModelling.js,useBusinessModelling.js,hooks,293,active_scenario,snake_case,snake_case_reference,warning_id,business-modelling,if (active_scenario?.scenario_required_recovery_rate === 0) { warnings.push({
hooks\useBusinessModelling.js,useBusinessModelling.js,hooks,301,active_scenario,snake_case,snake_case_reference,warning_id,business-modelling,"if (!active_scenario || active_scenario.scenario_trust_state === ""blocked"") { warnings.push({"
lib\selectors\businessModellingSelectors.js,businessModellingSelectors.js,lib,15,active_scenario,snake_case,snake_case_reference,warning_id,business-modelling,"const modified = active_scenario && active_scenario.scenario_type !== ""baseline""; const warning_count = modelling_warnings.length;"
lib\selectors\businessModellingSelectors.js,businessModellingSelectors.js,lib,35,active_scenario,snake_case,snake_case_reference,warning_id,business-modelling,"annual_delta: toNumber(active_scenario?.scenario_delta_annual), per_hour_delta: toNumber(active_scenario?.scenario_delta_per_hour), warning_count,"
hooks\useBusinessModelling.js,useBusinessModelling.js,hooks,250,baseline_not_trusted,snake_case,snake_case_reference,warning_id,business-modelling,"warnings.push({ warning_id: ""baseline_not_trusted"", message:"
hooks\useBusinessModelling.js,useBusinessModelling.js,hooks,212,baseline_snapshot,snake_case,snake_case_reference,warning_id,business-modelling,": ""ready"", scenario_warnings: baseline_snapshot.source_warnings || [], };"
hooks\useBusinessModelling.js,useBusinessModelling.js,hooks,499,baseline_snapshot,snake_case,snake_case_reference,warning_id,business-modelling,"modelling_warnings, baseline_snapshot, upside_scenario,"
lib\calculations\businessModellingCalculations.js,businessModellingCalculations.js,lib,261,baseline_snapshot,snake_case,snake_case_reference,warning_id,business-modelling,"scenario_warnings: warnings, scenario_trust_state: baseline_snapshot.model_trust_state, scenario_status:"
hooks\useBusinessModelling.js,useBusinessModelling.js,hooks,301,blocked,plain,status_value,warning_id,business-modelling,"if (!active_scenario || active_scenario.scenario_trust_state === ""blocked"") { warnings.push({"
lib\calculations\businessModellingCalculations.js,businessModellingCalculations.js,lib,24,blocked,plain,status_value,warning_id,business-modelling,"business_summary_status = ""blocked"", model_trust_state = ""blocked"", business_summary_warnings = [],"
lib\calculations\businessModellingCalculations.js,businessModellingCalculations.js,lib,264,blocked,plain,status_value,warning_id,business-modelling,"baseline_snapshot.model_trust_state === ""blocked"" ? ""blocked"" : warnings.length > 0"
lib\selectors\businessModellingSelectors.js,businessModellingSelectors.js,lib,46,blocked,plain,status_value,warning_id,business-modelling,"const baselineDisplayTrustState = baselineTrustState !== ""blocked"" && (snapshot.source_warnings?.length ?? 0) === 0"
hooks\useBusinessModelling.js,useBusinessModelling.js,hooks,251,message,plain,object_key,warning_id,business-modelling,"warning_id: ""baseline_not_trusted"", message: ""Business Summary is not trusted, so the baseline is preview only."","
hooks\useBusinessModelling.js,useBusinessModelling.js,hooks,265,message,plain,object_key,warning_id,business-modelling,"warning_id: ""stored_baseline_empty"", message: ""Stored baseline appears empty. Refresh baseline from current business."","
hooks\useBusinessModelling.js,useBusinessModelling.js,hooks,273,message,plain,object_key,warning_id,business-modelling,"warning_id: ""upstream_business_summary_warning"", message: ""Business Summary has warnings, so the Business Modelling benchmark may be preview only."","
hooks\useBusinessModelling.js,useBusinessModelling.js,hooks,281,message,plain,object_key,warning_id,business-modelling,"warning_id: ""scenario_missing"", message: ""No active scenario is available to compare with the baseline."", });"
hooks\useBusinessModelling.js,useBusinessModelling.js,hooks,288,message,plain,object_key,warning_id,business-modelling,"warning_id: ""scenario_productive_output_zero"", message: ""Scenario productive output is zero, so per-hour outputs are held at 0."","
hooks\useBusinessModelling.js,useBusinessModelling.js,hooks,296,message,plain,object_key,warning_id,business-modelling,"warning_id: ""scenario_required_recovery_rate_zero"", message: ""Scenario required recovery rate is zero, so the gap is not a reliable benchmark."","
hooks\useBusinessModelling.js,useBusinessModelling.js,hooks,304,message,plain,object_key,warning_id,business-modelling,"warning_id: ""selected_model_not_trusted"", message: ""Selected model is not trusted, so it should be used as a preview benchmark only."","
lib\calculations\businessModellingCalculations.js,businessModellingCalculations.js,lib,211,message,plain,object_key,warning_id,business-modelling,"warning_id: ""scenario_productive_output_zero"", message: ""Scenario productive output is zero, so per-hour outputs are held at 0."","
lib\calculations\businessModellingCalculations.js,businessModellingCalculations.js,lib,219,message,plain,object_key,warning_id,business-modelling,"warning_id: ""scenario_required_recovery_rate_zero"", message: ""Scenario required recovery rate is zero, so the gap is not a reliable benchmark."","
components\business-modelling\BusinessModellingStatusStrip.jsx,BusinessModellingStatusStrip.jsx,components,31,per_hour_delta,snake_case,snake_case_reference,warning_id,business-modelling,"annual_delta, per_hour_delta, modelling_warnings,"
lib\selectors\businessModellingSelectors.js,businessModellingSelectors.js,lib,35,per_hour_delta,snake_case,object_key,warning_id,business-modelling,"annual_delta: toNumber(active_scenario?.scenario_delta_annual), per_hour_delta: toNumber(active_scenario?.scenario_delta_per_hour), warning_count,"
hooks\useBusinessModelling.js,useBusinessModelling.js,hooks,211,ready,plain,status_value,warning_id,business-modelling,"? ""blocked"" : ""ready"", scenario_warnings: baseline_snapshot.source_warnings || [],"
lib\calculations\businessModellingCalculations.js,businessModellingCalculations.js,lib,267,ready,plain,status_value,warning_id,business-modelling,"? ""ready_with_warnings"" : ""ready"","
lib\selectors\businessModellingSelectors.js,businessModellingSelectors.js,lib,20,ready,plain,status_value,warning_id,business-modelling,"? ""ready_with_warnings"" : ""ready"" : ""blocked"";"
lib\selectors\businessModellingSelectors.js,businessModellingSelectors.js,lib,23,ready,plain,status_value,warning_id,business-modelling,"const selected_model_trust_state = status_label === ""ready"" && warning_count === 0 ? ""ready"""
lib\selectors\businessModellingSelectors.js,businessModellingSelectors.js,lib,24,ready,plain,status_value,warning_id,business-modelling,"status_label === ""ready"" && warning_count === 0 ? ""ready"" : active_scenario?.scenario_trust_state || ""blocked"";"
lib\selectors\businessModellingSelectors.js,businessModellingSelectors.js,lib,48,ready,plain,status_value,warning_id,business-modelling,"(snapshot.source_warnings?.length ?? 0) === 0 ? ""ready"" : baselineTrustState;"
components\business-modelling\BusinessModellingDeltaCard.jsx,BusinessModellingDeltaCard.jsx,components,51,recovery_gap_change,snake_case,warning_id,warning_id,business-modelling,"<div className=""labour-summary-table-value""> {formatCurrency(delta.recovery_gap_change)} / hr </div>"
lib\selectors\businessModellingSelectors.js,businessModellingSelectors.js,lib,132,recovery_gap_change,snake_case,object_key,warning_id,business-modelling,"toNumber(source.scenario_margin_pool) - toNumber(baseline.margin_pool), recovery_gap_change: toNumber(source.scenario_recovery_gap_per_hour) -"
app\business-modelling\page.jsx,page.jsx,app,76,recovery_gap_per_hour,snake_case,warning_id,warning_id,business-modelling,current_margin_per_productive_hour={baseline.current_margin_per_productive_hour} recovery_gap_per_hour={baseline.recovery_gap_per_hour} model_trust_state={baseline.model_trust_state}
components\business-modelling\BusinessModellingBaselineCard.jsx,BusinessModellingBaselineCard.jsx,components,22,recovery_gap_per_hour,snake_case,warning_id,warning_id,business-modelling,"current_margin_per_productive_hour, recovery_gap_per_hour, model_trust_state,"
components\business-modelling\BusinessModellingBaselineCard.jsx,BusinessModellingBaselineCard.jsx,components,93,recovery_gap_per_hour,snake_case,warning_id,warning_id,business-modelling,"<div className=""labour-summary-table-value""> {formatCurrency(recovery_gap_per_hour)} / hr </div>"
hooks\useBusinessModelling.js,useBusinessModelling.js,hooks,202,recovery_gap_per_hour,snake_case,warning_id,warning_id,business-modelling,"baseline_snapshot.current_margin_per_productive_hour, scenario_recovery_gap_per_hour: baseline_snapshot.recovery_gap_per_hour, scenario_productivity_percent:"
lib\calculations\businessModellingCalculations.js,businessModellingCalculations.js,lib,20,recovery_gap_per_hour,snake_case,warning_id,warning_id,business-modelling,"current_margin_per_productive_hour = 0, recovery_gap_per_hour = 0, weighted_productivity_percent = 0,"
lib\calculations\businessModellingCalculations.js,businessModellingCalculations.js,lib,287,recovery_gap_per_hour,snake_case,warning_id,warning_id,business-modelling,"scenario.scenario_recovery_gap_per_hour - baseline_snapshot.recovery_gap_per_hour, };"
lib\calculations\businessModellingCalculations.js,businessModellingCalculations.js,lib,49,recovery_gap_per_hour,snake_case,object_key,warning_id,business-modelling,"), recovery_gap_per_hour: toNumber(recovery_gap_per_hour),"
lib\selectors\businessModellingSelectors.js,businessModellingSelectors.js,lib,134,recovery_gap_per_hour,snake_case,warning_id,warning_id,business-modelling,"toNumber(source.scenario_recovery_gap_per_hour) - toNumber(baseline.recovery_gap_per_hour), };"
lib\selectors\businessModellingSelectors.js,businessModellingSelectors.js,lib,176,recovery_gap_per_hour,snake_case,warning_id,warning_id,business-modelling,"toNumber(selected?.scenario_recovery_gap_per_hour) || toNumber(selected?.recovery_gap_per_hour), selected_model_net_position:"
lib\selectors\businessModellingSelectors.js,businessModellingSelectors.js,lib,62,recovery_gap_per_hour,snake_case,object_key,warning_id,business-modelling,"), recovery_gap_per_hour: toNumber(snapshot.recovery_gap_per_hour), model_trust_state: baselineDisplayTrustState,"
lib\selectors\businessModellingSelectors.js,businessModellingSelectors.js,lib,35,scenario_delta_per_hour,snake_case,snake_case_reference,warning_id,business-modelling,"annual_delta: toNumber(active_scenario?.scenario_delta_annual), per_hour_delta: toNumber(active_scenario?.scenario_delta_per_hour), warning_count,"
lib\calculations\businessModellingCalculations.js,businessModellingCalculations.js,lib,178,scenario_direct_costs_variance,snake_case,declaration,warning_id,business-modelling,const scenario_direct_costs_variance = scenario_total_direct_costs - baseline_total_direct_costs;
lib\calculations\businessModellingCalculations.js,businessModellingCalculations.js,lib,251,scenario_direct_costs_variance,snake_case,warning_id,warning_id,business-modelling,"scenario_revenue_variance, scenario_direct_costs_variance, scenario_margin_pool_variance,"
hooks\useBusinessModelling.js,useBusinessModelling.js,hooks,280,scenario_missing,snake_case,warning_id,warning_id,business-modelling,"warnings.push({ warning_id: ""scenario_missing"", message: ""No active scenario is available to compare with the baseline."","
lib\calculations\businessModellingCalculations.js,businessModellingCalculations.js,lib,187,scenario_productive_output_variance,snake_case,declaration,warning_id,business-modelling,const scenario_productive_output_variance = scenario_total_productive_output - baseline_productive_output;
lib\calculations\businessModellingCalculations.js,businessModellingCalculations.js,lib,254,scenario_productive_output_variance,snake_case,warning_id,warning_id,business-modelling,"scenario_net_position_variance, scenario_productive_output_variance,"
hooks\useBusinessModelling.js,useBusinessModelling.js,hooks,287,scenario_productive_output_zero,snake_case,warning_id,warning_id,business-modelling,"warnings.push({ warning_id: ""scenario_productive_output_zero"", message:"
lib\calculations\businessModellingCalculations.js,businessModellingCalculations.js,lib,210,scenario_productive_output_zero,snake_case,warning_id,warning_id,business-modelling,"warnings.push({ warning_id: ""scenario_productive_output_zero"", message:"
components\business-modelling\BusinessModellingScenarioResult.jsx,BusinessModellingScenarioResult.jsx,components,81,scenario_recovery_gap_per_hour,snake_case,warning_id,warning_id,business-modelling,"<div className=""labour-summary-table-value""> {formatCurrency(scenario_result.scenario_recovery_gap_per_hour)} / hr </div>"
hooks\useBusinessModelling.js,useBusinessModelling.js,hooks,202,scenario_recovery_gap_per_hour,snake_case,object_key,warning_id,business-modelling,"baseline_snapshot.current_margin_per_productive_hour, scenario_recovery_gap_per_hour: baseline_snapshot.recovery_gap_per_hour, scenario_productivity_percent:"
hooks\useBusinessModelling.js,useBusinessModelling.js,hooks,511,scenario_recovery_gap_per_hour,snake_case,object_key,warning_id,business-modelling,"active_scenario?.scenario_margin_per_productive_hour, scenario_recovery_gap_per_hour: active_scenario?.scenario_recovery_gap_per_hour,"
hooks\useBusinessModelling.js,useBusinessModelling.js,hooks,512,scenario_recovery_gap_per_hour,snake_case,warning_id,warning_id,business-modelling,"scenario_recovery_gap_per_hour: active_scenario?.scenario_recovery_gap_per_hour, scenario_status: active_scenario?.scenario_status,"
lib\calculations\businessModellingCalculations.js,businessModellingCalculations.js,lib,167,scenario_recovery_gap_per_hour,snake_case,declaration,warning_id,business-modelling,const scenario_recovery_gap_per_hour = scenario_margin_per_productive_hour - scenario_target_charge_out_rate;
lib\calculations\businessModellingCalculations.js,businessModellingCalculations.js,lib,248,scenario_recovery_gap_per_hour,snake_case,warning_id,warning_id,business-modelling,"scenario_margin_per_productive_hour, scenario_recovery_gap_per_hour,"
lib\calculations\businessModellingCalculations.js,businessModellingCalculations.js,lib,286,scenario_recovery_gap_per_hour,snake_case,warning_id,warning_id,business-modelling,"scenario_delta_per_hour: scenario.scenario_recovery_gap_per_hour - baseline_snapshot.recovery_gap_per_hour,"
lib\selectors\businessModellingSelectors.js,businessModellingSelectors.js,lib,107,scenario_recovery_gap_per_hour,snake_case,object_key,warning_id,business-modelling,"), scenario_recovery_gap_per_hour: toNumber( source.scenario_recovery_gap_per_hour"
lib\selectors\businessModellingSelectors.js,businessModellingSelectors.js,lib,108,scenario_recovery_gap_per_hour,snake_case,warning_id,warning_id,business-modelling,"scenario_recovery_gap_per_hour: toNumber( source.scenario_recovery_gap_per_hour ),"
lib\selectors\businessModellingSelectors.js,businessModellingSelectors.js,lib,133,scenario_recovery_gap_per_hour,snake_case,warning_id,warning_id,business-modelling,"recovery_gap_change: toNumber(source.scenario_recovery_gap_per_hour) - toNumber(baseline.recovery_gap_per_hour),"
lib\selectors\businessModellingSelectors.js,businessModellingSelectors.js,lib,175,scenario_recovery_gap_per_hour,snake_case,warning_id,warning_id,business-modelling,"selected_model_recovery_gap_per_hour: toNumber(selected?.scenario_recovery_gap_per_hour) || toNumber(selected?.recovery_gap_per_hour),"
components\business-modelling\BusinessModellingScenarioResult.jsx,BusinessModellingScenarioResult.jsx,components,87,scenario_result,snake_case,snake_case_reference,warning_id,business-modelling,"{scenario_result.scenario_warnings?.length > 0 ? ( <div className=""ui-stack-sm"">"
components\business-modelling\BusinessModellingScenarioResult.jsx,BusinessModellingScenarioResult.jsx,components,89,scenario_result,snake_case,snake_case_reference,warning_id,business-modelling,"<div className=""ui-stack-sm""> {scenario_result.scenario_warnings.map((warning) => ( <p className=""ui-help"" key={warning.warning_id}>"
lib\calculations\businessModellingCalculations.js,businessModellingCalculations.js,lib,175,scenario_revenue_variance,snake_case,declaration,warning_id,business-modelling,const scenario_revenue_variance = scenario_total_revenue - baseline_total_revenue;
lib\calculations\businessModellingCalculations.js,businessModellingCalculations.js,lib,250,scenario_revenue_variance,snake_case,warning_id,warning_id,business-modelling,"scenario_revenue_variance, scenario_direct_costs_variance,"
lib\selectors\businessModellingSelectors.js,businessModellingSelectors.js,lib,15,scenario_type,snake_case,snake_case_reference,warning_id,business-modelling,"const modified = active_scenario && active_scenario.scenario_type !== ""baseline""; const warning_count = modelling_warnings.length;"
hooks\useBusinessModelling.js,useBusinessModelling.js,hooks,303,selected_model_not_trusted,snake_case,snake_case_reference,warning_id,business-modelling,"warnings.push({ warning_id: ""selected_model_not_trusted"", message:"
hooks\useBusinessModelling.js,useBusinessModelling.js,hooks,533,selected_model_recovery_gap_per_hour,snake_case,object_key,warning_id,business-modelling,"selected_model_output.selected_model_margin_per_productive_hour, selected_model_recovery_gap_per_hour: selected_model_output.selected_model_recovery_gap_per_hour,"
hooks\useBusinessModelling.js,useBusinessModelling.js,hooks,534,selected_model_recovery_gap_per_hour,snake_case,warning_id,warning_id,business-modelling,"selected_model_recovery_gap_per_hour: selected_model_output.selected_model_recovery_gap_per_hour, selected_model_net_position: selected_model_output.selected_model_net_position,"
lib\selectors\businessModellingSelectors.js,businessModellingSelectors.js,lib,174,selected_model_recovery_gap_per_hour,snake_case,object_key,warning_id,business-modelling,"toNumber(selected?.current_margin_per_productive_hour), selected_model_recovery_gap_per_hour: toNumber(selected?.scenario_recovery_gap_per_hour) ||"
hooks\useBusinessModelling.js,useBusinessModelling.js,hooks,326,selected_model_type,snake_case,snake_case_reference,warning_id,business-modelling,"modelling_warnings, selected_model_type, });"
hooks\useBusinessModelling.js,useBusinessModelling.js,hooks,334,selected_model_type,snake_case,snake_case_reference,warning_id,business-modelling,"modelling_warnings, selected_model_type, ]);"
lib\selectors\businessModellingSelectors.js,businessModellingSelectors.js,lib,11,selected_model_type,snake_case,snake_case_reference,warning_id,business-modelling,"modelling_warnings, selected_model_type, }) {"
lib\selectors\businessModellingSelectors.js,businessModellingSelectors.js,lib,17,status_label,snake_case,declaration,warning_id,business-modelling,const warning_count = modelling_warnings.length; const status_label = modelling_ready ? warning_count > 0
lib\selectors\businessModellingSelectors.js,businessModellingSelectors.js,lib,23,status_label,snake_case,snake_case_reference,warning_id,business-modelling,"const selected_model_trust_state = status_label === ""ready"" && warning_count === 0 ? ""ready"""
hooks\useBusinessModelling.js,useBusinessModelling.js,hooks,264,stored_baseline_empty,snake_case,snake_case_reference,warning_id,business-modelling,"warnings.push({ warning_id: ""stored_baseline_empty"", message:"
lib\selectors\businessModellingSelectors.js,businessModellingSelectors.js,lib,16,warning_count,snake_case,declaration,warning_id,business-modelling,"active_scenario && active_scenario.scenario_type !== ""baseline""; const warning_count = modelling_warnings.length; const status_label = modelling_ready"
lib\selectors\businessModellingSelectors.js,businessModellingSelectors.js,lib,18,warning_count,snake_case,snake_case_reference,warning_id,business-modelling,"const status_label = modelling_ready ? warning_count > 0 ? ""ready_with_warnings"""
lib\selectors\businessModellingSelectors.js,businessModellingSelectors.js,lib,23,warning_count,snake_case,snake_case_reference,warning_id,business-modelling,"const selected_model_trust_state = status_label === ""ready"" && warning_count === 0 ? ""ready"""
lib\selectors\businessModellingSelectors.js,businessModellingSelectors.js,lib,36,warning_count,snake_case,snake_case_reference,warning_id,business-modelling,"per_hour_delta: toNumber(active_scenario?.scenario_delta_per_hour), warning_count, modelling_ready,"
components\business-modelling\BusinessModellingScenarioResult.jsx,BusinessModellingScenarioResult.jsx,components,90,warning_id,snake_case,snake_case_reference,warning_id,business-modelling,"{scenario_result.scenario_warnings.map((warning) => ( <p className=""ui-help"" key={warning.warning_id}> {warning.message}"
components\business-modelling\BusinessModellingStatusStrip.jsx,BusinessModellingStatusStrip.jsx,components,115,warning_id,snake_case,snake_case_reference,warning_id,business-modelling,"{modelling_warnings.map((warning) => ( <p className=""ui-help"" key={warning.warning_id}> {warning.message}"
hooks\useBusinessModelling.js,useBusinessModelling.js,hooks,250,warning_id,snake_case,object_key,warning_id,business-modelling,"warnings.push({ warning_id: ""baseline_not_trusted"", message:"
hooks\useBusinessModelling.js,useBusinessModelling.js,hooks,264,warning_id,snake_case,object_key,warning_id,business-modelling,"warnings.push({ warning_id: ""stored_baseline_empty"", message:"
hooks\useBusinessModelling.js,useBusinessModelling.js,hooks,272,warning_id,snake_case,object_key,warning_id,business-modelling,"warnings.push({ warning_id: ""upstream_business_summary_warning"", message:"
hooks\useBusinessModelling.js,useBusinessModelling.js,hooks,280,warning_id,snake_case,object_key,warning_id,business-modelling,"warnings.push({ warning_id: ""scenario_missing"", message: ""No active scenario is available to compare with the baseline."","
hooks\useBusinessModelling.js,useBusinessModelling.js,hooks,287,warning_id,snake_case,object_key,warning_id,business-modelling,"warnings.push({ warning_id: ""scenario_productive_output_zero"", message:"
hooks\useBusinessModelling.js,useBusinessModelling.js,hooks,295,warning_id,snake_case,object_key,warning_id,business-modelling,"warnings.push({ warning_id: ""scenario_required_recovery_rate_zero"", message:"
hooks\useBusinessModelling.js,useBusinessModelling.js,hooks,303,warning_id,snake_case,object_key,warning_id,business-modelling,"warnings.push({ warning_id: ""selected_model_not_trusted"", message:"
lib\calculations\businessModellingCalculations.js,businessModellingCalculations.js,lib,210,warning_id,snake_case,object_key,warning_id,business-modelling,"warnings.push({ warning_id: ""scenario_productive_output_zero"", message:"
lib\calculations\businessModellingCalculations.js,businessModellingCalculations.js,lib,218,warning_id,snake_case,object_key,warning_id,business-modelling,"warnings.push({ warning_id: ""scenario_required_recovery_rate_zero"", message:"
lib\selectors\businessSetupSelectors.js,businessSetupSelectors.js,lib,39,business_name,snake_case,snake_case_reference,warning_id,business-setup,"if (!hasValue(business_name)) { warnings.push(""Business name is required."");"
lib\selectors\businessSetupSelectors.js,businessSetupSelectors.js,lib,43,business_type,snake_case,snake_case_reference,warning_id,business-setup,"if (!hasValue(business_type)) { warnings.push(""Business type is required."");"
lib\selectors\businessSetupSelectors.js,businessSetupSelectors.js,lib,55,setup_completed,snake_case,snake_case_reference,warning_id,business-setup,"activity_driver_label: getBusinessDriverLabel(business_type), setup_completed, warning_count: warnings.length,"
components\business-setup\BusinessSetupStatusStrip.jsx,BusinessSetupStatusStrip.jsx,components,32,warning_count,snake_case,snake_case_reference,warning_id,business-setup,<span>Warnings</span> <strong>{status.warning_count}</strong> </div>
lib\selectors\businessSetupSelectors.js,businessSetupSelectors.js,lib,56,warning_count,snake_case,object_key,warning_id,business-setup,"setup_completed, warning_count: warnings.length, warnings,"
lib\selectors\businessSummarySelectors.js,businessSummarySelectors.js,lib,65,activity_driver_type,snake_case,snake_case_reference,warning_id,business-summary,"if (activity_driver_type === ""hours"" && activity_driver_value === 0) { warnings.push({"
lib\selectors\businessSummarySelectors.js,businessSummarySelectors.js,lib,81,activity_driver_type,snake_case,snake_case_reference,warning_id,business-summary,"if (activity_driver_type === ""units"" && units_sold_annual === 0) { warnings.push({"
lib\selectors\businessSummarySelectors.js,businessSummarySelectors.js,lib,65,activity_driver_value,snake_case,snake_case_reference,warning_id,business-summary,"if (activity_driver_type === ""hours"" && activity_driver_value === 0) { warnings.push({"
lib\selectors\businessSummarySelectors.js,businessSummarySelectors.js,lib,89,activity_driver_value,snake_case,snake_case_reference,warning_id,business-summary,if (activity_driver_value === 0) { warnings.push({
lib\selectors\businessSummarySelectors.js,businessSummarySelectors.js,lib,126,blocked,plain,status_value,warning_id,business-summary,"model_trust_state === ""blocked"" ? ""blocked"" : warnings.length === 0"
hooks\useQuoteEngine.js,useQuoteEngine.js,hooks,381,business_summary,snake_case,snake_case_reference,warning_id,business-summary,"business_summary_warnings: business_summary.status.business_summary_warnings ?? [], },"
hooks\useQuoteEngine.js,useQuoteEngine.js,hooks,384,business_summary,snake_case,snake_case_reference,warning_id,business-summary,"}); }, [calculations, business_summary.status.business_summary_warnings]);"
lib\recovery\recoveryRiskWarningSystem.js,recoveryRiskWarningSystem.js,lib,452,business_summary,snake_case,snake_case_reference,warning_id,business-summary,"cost_stream: ""all"", driver: ""business_summary"", headline: ""Business Summary is not trusted yet"","
components\recovery-summary\main-card\recoverySummaryWarningHelpers.js,recoverySummaryWarningHelpers.js,components,2,business_summary_not_trusted,snake_case,snake_case_reference,warning_id,business-summary,"const MODEL_CONFIDENCE_WARNING_IDS = new Set([ ""business_summary_not_trusted"", ""business_summary_not_ready"","
lib\recovery\recoveryRiskWarningSystem.js,recoveryRiskWarningSystem.js,lib,447,business_summary_not_trusted,snake_case,snake_case_reference,warning_id,business-summary,"build_recovery_warning({ warning_id: ""business_summary_not_trusted"", severity: WARNING_SEVERITY.BLOCKING,"
lib\recovery\recoveryRiskWarningSystem.js,recoveryRiskWarningSystem.js,lib,422,business_summary_trusted,snake_case,snake_case_reference,warning_id,business-summary,"export function build_recovery_summary_warning_system({ business_summary_trusted = true, margin_pool = 0,"
lib\recovery\recoveryRiskWarningSystem.js,recoveryRiskWarningSystem.js,lib,444,business_summary_trusted,snake_case,snake_case_reference,warning_id,business-summary,if (!business_summary_trusted) { warnings.push(
lib\selectors\recoverySummarySelectors.js,recoverySummarySelectors.js,lib,456,business_summary_trusted,snake_case,object_key,warning_id,business-summary,"const recovery_warning_system = build_recovery_summary_warning_system({ business_summary_trusted: is_business_summary_trusted(calculated),"
hooks\useBusinessSummary.js,useBusinessSummary.js,hooks,247,hourly_gap,snake_case,warning_id,warning_id,business-summary,"recovery_gap_per_hour: calculations.hourly_gap,"
hooks\useBusinessSummary.js,useBusinessSummary.js,hooks,250,hourly_gap,snake_case,object_key,warning_id,business-summary,"current_margin_per_hour: calculations.current_margin_per_hour, hourly_gap: calculations.hourly_gap,"
lib\calculations\businessSummaryCalculations.js,businessSummaryCalculations.js,lib,166,hourly_gap,snake_case,declaration,warning_id,business-summary,const hourly_gap = recovery_hours_used > 0
lib\calculations\businessSummaryCalculations.js,businessSummaryCalculations.js,lib,222,hourly_gap,snake_case,warning_id,warning_id,business-summary,"current_margin_per_hour, hourly_gap, };"
lib\selectors\businessSummarySelectors.js,businessSummarySelectors.js,lib,150,hourly_gap,snake_case,warning_id,warning_id,business-summary,"recovery_hours_used, hourly_gap,"
lib\selectors\businessSummarySelectors.js,businessSummarySelectors.js,lib,25,hourly_gap,snake_case,declaration,warning_id,business-summary,); const hourly_gap = toNumber(calculations.hourly_gap); const required_recovery_per_driver = toNumber(
lib\selectors\businessSummarySelectors.js,businessSummarySelectors.js,lib,259,hourly_gap,snake_case,object_key,warning_id,business-summary,"current_margin_per_hour: toNumber(calculations.current_margin_per_hour), hourly_gap: toNumber(calculations.hourly_gap), // New metrics: labour burden and macro operating-hour pressure"
components\recovery-summary\main-card\RecoveryOutcomeDetail.jsx,RecoveryOutcomeDetail.jsx,components,136,margin_pool,snake_case,snake_case_reference,warning_id,business-summary,primary_recovery_warning={primary_recovery_warning} margin_pool={margin_pool} total_cost_burden={total_cost_burden}
components\recovery-summary\main-card\RecoveryOutcomeDetail.jsx,RecoveryOutcomeDetail.jsx,components,62,margin_pool,snake_case,snake_case_reference,warning_id,business-summary,"primary_recovery_warning, margin_pool, total_cost_burden,"
components\recovery-summary\main-card\recoverySummaryWarningHelpers.js,recoverySummaryWarningHelpers.js,components,121,margin_pool,snake_case,snake_case_reference,warning_id,business-summary,"export function get_annual_recovery_gap({ margin_pool, total_cost_burden }) { return Number(margin_pool ?? 0) - Number(total_cost_burden ?? 0);"
components\recovery-summary\main-card\recoverySummaryWarningHelpers.js,recoverySummaryWarningHelpers.js,components,122,margin_pool,snake_case,snake_case_reference,warning_id,business-summary,"export function get_annual_recovery_gap({ margin_pool, total_cost_burden }) { return Number(margin_pool ?? 0) - Number(total_cost_burden ?? 0); }"
components\recovery-summary\recoverySummaryWarningDetails.js,recoverySummaryWarningDetails.js,components,26,margin_pool,snake_case,snake_case_reference,warning_id,business-summary,"label: ""Margin Pool"", value: format_currency(margin_pool), },"
components\recovery-summary\recoverySummaryWarningDetails.js,recoverySummaryWarningDetails.js,components,5,margin_pool,snake_case,snake_case_reference,warning_id,business-summary,"const { margin_pool, total_cost_burden,"
components\recovery-summary\recoverySummaryWarningDetails.js,recoverySummaryWarningDetails.js,components,84,margin_pool,snake_case,snake_case_reference,warning_id,business-summary,"label: ""Margin Pool"", value: format_currency(margin_pool), emphasis: true,"
lib\calculations\recoverySummaryCalculations.js,recoverySummaryCalculations.js,lib,752,margin_pool,snake_case,snake_case_reference,warning_id,business-summary,"if (total_revenue <= 0 && margin_pool <= 0) { warnings.push(""missing_revenue_cogs_data"");"
lib\calculations\recoverySummaryCalculations.js,recoverySummaryCalculations.js,lib,804,margin_pool,snake_case,snake_case_reference,warning_id,business-summary,"if (margin_pool < 0) { warnings.push(""negative_margin_pool"");"
lib\recovery\recoveryRiskWarningSystem.js,recoveryRiskWarningSystem.js,lib,423,margin_pool,snake_case,snake_case_reference,warning_id,business-summary,"business_summary_trusted = true, margin_pool = 0, total_cost_burden = 0,"
lib\recovery\recoveryRiskWarningSystem.js,recoveryRiskWarningSystem.js,lib,434,margin_pool,snake_case,snake_case_reference,warning_id,business-summary,const safe_margin_pool = round_currency(margin_pool); const safe_total_cost_burden = round_currency(total_cost_burden);
lib\recovery\recoveryRiskWarningSystem.js,recoveryRiskWarningSystem.js,lib,499,margin_pool,snake_case,object_key,warning_id,business-summary,"...context, margin_pool: safe_margin_pool, total_cost_burden: safe_total_cost_burden,"
lib\selectors\businessSummarySelectors.js,businessSummarySelectors.js,lib,51,margin_pool,snake_case,snake_case_reference,warning_id,business-summary,if (margin_pool === 0) { warnings.push({
lib\recovery\recoveryRiskWarningSystem.js,recoveryRiskWarningSystem.js,lib,475,margin_pool_below_cost_burden,snake_case,snake_case_reference,warning_id,business-summary,"build_recovery_warning({ warning_id: ""margin_pool_below_cost_burden"", severity: WARNING_SEVERITY.BLOCKING,"
lib\selectors\businessSummarySelectors.js,businessSummarySelectors.js,lib,100,message,plain,object_key,warning_id,business-summary,"warning_id: ""negative_net_position"", message: ""Net Position is negative because Margin Pool is below Operating Costs."","
lib\selectors\businessSummarySelectors.js,businessSummarySelectors.js,lib,108,message,plain,object_key,warning_id,business-summary,"warning_id: ""revenue_cogs_not_ready"", message: ""Revenue / COGS is not ready, so Business Summary is not trusted as a final baseline."","
lib\selectors\businessSummarySelectors.js,businessSummarySelectors.js,lib,116,message,plain,object_key,warning_id,business-summary,"warning_id: ""cost_summary_not_ready"", message: ""Cost Summary is not trusted, so Business Summary is preview only."","
lib\selectors\businessSummarySelectors.js,businessSummarySelectors.js,lib,47,message,plain,object_key,warning_id,business-summary,"warning_id: ""no_revenue_data"", message: ""No revenue data is flowing from Revenue / COGS."", });"
lib\selectors\businessSummarySelectors.js,businessSummarySelectors.js,lib,54,message,plain,object_key,warning_id,business-summary,"warning_id: ""no_margin_pool"", message: ""Margin Pool is zero in the Revenue / COGS output."", });"
lib\selectors\businessSummarySelectors.js,businessSummarySelectors.js,lib,61,message,plain,object_key,warning_id,business-summary,"warning_id: ""no_cost_summary_data"", message: ""Operating Costs are zero in the Cost Summary output."", });"
lib\selectors\businessSummarySelectors.js,businessSummarySelectors.js,lib,68,message,plain,object_key,warning_id,business-summary,"warning_id: ""no_productive_output"", message: ""No recovery hours are available. Required recovery per hour cannot be calculated."","
lib\selectors\businessSummarySelectors.js,businessSummarySelectors.js,lib,76,message,plain,object_key,warning_id,business-summary,"warning_id: ""no_recovery_hours"", message: ""Recovery hours are zero, so actual recovery per hour is held at 0."","
lib\selectors\businessSummarySelectors.js,businessSummarySelectors.js,lib,84,message,plain,object_key,warning_id,business-summary,"warning_id: ""no_units_sold"", message: ""Units sold are required to calculate required recovery per unit."","
lib\selectors\businessSummarySelectors.js,businessSummarySelectors.js,lib,92,message,plain,object_key,warning_id,business-summary,"warning_id: ""no_activity_driver"", message: ""The selected activity driver is zero, so recovery per output is held at 0."","
components\recovery-summary\recoverySummaryWarningDetails.js,recoverySummaryWarningDetails.js,components,66,negative_margin_pool,snake_case,object_key,warning_id,business-summary,"negative_margin_pool: { title: ""Direct costs are higher than revenue"","
lib\calculations\recoverySummaryCalculations.js,recoverySummaryCalculations.js,lib,805,negative_margin_pool,snake_case,snake_case_reference,warning_id,business-summary,"if (margin_pool < 0) { warnings.push(""negative_margin_pool""); }"
lib\selectors\quoteEngineSelectors.js,quoteEngineSelectors.js,lib,116,negative_margin_pool,snake_case,snake_case_reference,warning_id,business-summary,"warnings.push({ warning_id: ""negative_margin_pool"", message:"
components\recovery-summary\recoverySummaryWarningDetails.js,recoverySummaryWarningDetails.js,components,16,negative_net_position,snake_case,object_key,warning_id,business-summary,"const detail_map = { negative_net_position: { title: ""Margin pool is below total cost burden"","
lib\calculations\recoveryOutcomeCalculations.js,recoveryOutcomeCalculations.js,lib,434,negative_net_position,snake_case,snake_case_reference,warning_id,business-summary,"if (to_number(recovery_summary.net_position) < 0) { warnings.push(make_warning(""negative_net_position"", ""Business Outcome"")); }"
lib\calculations\recoverySummaryCalculations.js,recoverySummaryCalculations.js,lib,809,negative_net_position,snake_case,snake_case_reference,warning_id,business-summary,"if (net_position < 0) { warnings.push(""negative_net_position""); }"
lib\selectors\businessSummarySelectors.js,businessSummarySelectors.js,lib,99,negative_net_position,snake_case,snake_case_reference,warning_id,business-summary,"warnings.push({ warning_id: ""negative_net_position"", message:"
components\recovery-summary\recoverySummaryWarningDetails.js,recoverySummaryWarningDetails.js,components,34,net_position,snake_case,snake_case_reference,warning_id,business-summary,"label: ""Net Position"", value: format_currency(net_position), emphasis: true,"
components\recovery-summary\recoverySummaryWarningDetails.js,recoverySummaryWarningDetails.js,components,7,net_position,snake_case,snake_case_reference,warning_id,business-summary,"total_cost_burden, net_position, current_margin_per_driver,"
lib\calculations\recoveryOutcomeCalculations.js,recoveryOutcomeCalculations.js,lib,433,net_position,snake_case,snake_case_reference,warning_id,business-summary,"if (to_number(recovery_summary.net_position) < 0) { warnings.push(make_warning(""negative_net_position"", ""Business Outcome""));"
lib\calculations\recoverySummaryCalculations.js,recoverySummaryCalculations.js,lib,808,net_position,snake_case,snake_case_reference,warning_id,business-summary,"if (net_position < 0) { warnings.push(""negative_net_position"");"
lib\selectors\businessSummarySelectors.js,businessSummarySelectors.js,lib,97,net_position,snake_case,snake_case_reference,warning_id,business-summary,if (net_position < 0) { warnings.push({
lib\selectors\businessSummarySelectors.js,businessSummarySelectors.js,lib,91,no_activity_driver,snake_case,snake_case_reference,warning_id,business-summary,"warnings.push({ warning_id: ""no_activity_driver"", message:"
lib\selectors\businessSummarySelectors.js,businessSummarySelectors.js,lib,53,no_margin_pool,snake_case,snake_case_reference,warning_id,business-summary,"warnings.push({ warning_id: ""no_margin_pool"", message: ""Margin Pool is zero in the Revenue / COGS output."","
lib\selectors\businessSummarySelectors.js,businessSummarySelectors.js,lib,67,no_productive_output,snake_case,snake_case_reference,warning_id,business-summary,"warnings.push({ warning_id: ""no_productive_output"", message:"
lib\selectors\businessSummarySelectors.js,businessSummarySelectors.js,lib,75,no_recovery_hours,snake_case,snake_case_reference,warning_id,business-summary,"warnings.push({ warning_id: ""no_recovery_hours"", message:"
lib\selectors\businessSummarySelectors.js,businessSummarySelectors.js,lib,46,no_revenue_data,snake_case,snake_case_reference,warning_id,business-summary,"warnings.push({ warning_id: ""no_revenue_data"", message: ""No revenue data is flowing from Revenue / COGS."","
lib\selectors\businessSummarySelectors.js,businessSummarySelectors.js,lib,83,no_units_sold,snake_case,snake_case_reference,warning_id,business-summary,"warnings.push({ warning_id: ""no_units_sold"", message:"
lib\selectors\quoteEngineSelectors.js,quoteEngineSelectors.js,lib,114,quote_margin_pool,snake_case,snake_case_reference,warning_id,business-summary,if (quote_margin_pool < 0) { warnings.push({
lib\selectors\businessSummarySelectors.js,businessSummarySelectors.js,lib,123,ready,plain,status_value,warning_id,business-summary,"business_summary_ready: warnings.length === 0 && model_trust_state === ""ready"", business_summary_status:"
lib\selectors\businessSummarySelectors.js,businessSummarySelectors.js,lib,128,ready,plain,status_value,warning_id,business-summary,": warnings.length === 0 ? ""ready"" : ""ready_with_warnings"","
app\business-summary\page.jsx,page.jsx,app,112,recovery_gap_label,snake_case,warning_id,warning_id,business-summary,recovery_gap_per_driver={card.recovery_gap_per_driver} recovery_gap_label={card.recovery_gap_label} revenue_per_unit={card.revenue_per_unit}
app\business-summary\page.jsx,page.jsx,app,62,recovery_gap_label,snake_case,warning_id,warning_id,business-summary,required_recovery_label={status.required_recovery_label} recovery_gap_label={status.recovery_gap_label} required_recovery_unit_label={status.required_recovery_unit_label}
components\business-summary\BusinessSummaryCard.jsx,BusinessSummaryCard.jsx,components,237,recovery_gap_label,snake_case,warning_id,warning_id,business-summary,current_margin_per_driver={current_margin_per_driver} recovery_gap_label={recovery_gap_label} recovery_gap_per_driver={recovery_gap_per_driver}
components\business-summary\BusinessSummaryCard.jsx,BusinessSummaryCard.jsx,components,52,recovery_gap_label,snake_case,warning_id,warning_id,business-summary,"recovery_gap_per_driver = 0, recovery_gap_label = ""Hourly gap"", revenue_per_unit = 0,"
components\business-summary\BusinessSummaryModePanel.jsx,BusinessSummaryModePanel.jsx,components,25,recovery_gap_label,snake_case,warning_id,warning_id,business-summary,"current_margin_per_driver = 0, recovery_gap_label = ""Open-hour gap"", recovery_gap_per_driver = 0,"
components\business-summary\BusinessSummaryModePanel.jsx,BusinessSummaryModePanel.jsx,components,81,recovery_gap_label,snake_case,warning_id,warning_id,business-summary,"<TableRow label={hours_mode ? ""Open-hour gap"" : recovery_gap_label} value={`${formatCurrency("
hooks\useBusinessSummary.js,useBusinessSummary.js,hooks,164,recovery_gap_label,snake_case,object_key,warning_id,business-summary,"recovery_gap_per_driver: calculations.recovery_gap_per_driver, recovery_gap_label: calculations.recovery_gap_label, revenue_per_unit: calculations.revenue_per_unit,"
lib\calculations\businessSummaryCalculations.js,businessSummaryCalculations.js,lib,209,recovery_gap_label,snake_case,object_key,warning_id,business-summary,"recovery_gap_per_driver, recovery_gap_label: driver_config.recovery_gap_label, revenue_per_unit,"
lib\calculations\businessSummaryCalculations.js,businessSummaryCalculations.js,lib,27,recovery_gap_label,snake_case,object_key,warning_id,business-summary,"current_margin_label: ""Current margin per unit"", recovery_gap_label: ""Unit recovery gap"", activity_driver_display_label: ""Units sold per year"","
lib\calculations\businessSummaryCalculations.js,businessSummaryCalculations.js,lib,41,recovery_gap_label,snake_case,object_key,warning_id,business-summary,"current_margin_label: ""Current margin per hour"", recovery_gap_label: ""Hourly gap"", activity_driver_display_label: ""Operating recovery hours"","
lib\selectors\businessSummarySelectors.js,businessSummarySelectors.js,lib,142,recovery_gap_label,snake_case,object_key,warning_id,business-summary,"calculations.current_margin_label || ""Current margin per hour"", recovery_gap_label: calculations.recovery_gap_label || ""Hourly gap"","
lib\selectors\businessSummarySelectors.js,businessSummarySelectors.js,lib,241,recovery_gap_label,snake_case,object_key,warning_id,business-summary,"recovery_gap_per_driver: toNumber(calculations.recovery_gap_per_driver), recovery_gap_label: calculations.recovery_gap_label || ""Hourly gap"", revenue_per_unit: toNumber(calculations.revenue_per_unit),"
app\business-summary\page.jsx,page.jsx,app,111,recovery_gap_per_driver,snake_case,warning_id,warning_id,business-summary,current_margin_label={card.current_margin_label} recovery_gap_per_driver={card.recovery_gap_per_driver} recovery_gap_label={card.recovery_gap_label}
app\business-summary\page.jsx,page.jsx,app,59,recovery_gap_per_driver,snake_case,warning_id,warning_id,business-summary,required_recovery_per_driver={status.required_recovery_per_driver} recovery_gap_per_driver={status.recovery_gap_per_driver} current_margin_label={status.current_margin_label}
components\business-summary\BusinessSummaryCard.jsx,BusinessSummaryCard.jsx,components,238,recovery_gap_per_driver,snake_case,warning_id,warning_id,business-summary,recovery_gap_label={recovery_gap_label} recovery_gap_per_driver={recovery_gap_per_driver} required_recovery_label={required_recovery_label}
components\business-summary\BusinessSummaryCard.jsx,BusinessSummaryCard.jsx,components,51,recovery_gap_per_driver,snake_case,warning_id,warning_id,business-summary,"current_margin_label = ""Current margin per hour"", recovery_gap_per_driver = 0, recovery_gap_label = ""Hourly gap"","
components\business-summary\BusinessSummaryModePanel.jsx,BusinessSummaryModePanel.jsx,components,26,recovery_gap_per_driver,snake_case,warning_id,warning_id,business-summary,"recovery_gap_label = ""Open-hour gap"", recovery_gap_per_driver = 0, required_recovery_label = ""Required operating cost per open hour"","
components\business-summary\BusinessSummaryModePanel.jsx,BusinessSummaryModePanel.jsx,components,83,recovery_gap_per_driver,snake_case,warning_id,warning_id,business-summary,value={`${formatCurrency( recovery_gap_per_driver )} ${required_recovery_unit_label}`}
hooks\useBusinessSummary.js,useBusinessSummary.js,hooks,163,recovery_gap_per_driver,snake_case,object_key,warning_id,business-summary,"recovery_gap_per_driver: calculations.recovery_gap_per_driver, recovery_gap_label: calculations.recovery_gap_label,"
lib\calculations\businessSummaryCalculations.js,businessSummaryCalculations.js,lib,208,recovery_gap_per_driver,snake_case,warning_id,warning_id,business-summary,"recovery_gap_per_driver, recovery_gap_label: driver_config.recovery_gap_label,"
lib\calculations\businessSummaryCalculations.js,businessSummaryCalculations.js,lib,98,recovery_gap_per_driver,snake_case,declaration,warning_id,business-summary,const recovery_gap_per_driver = activity_driver_value > 0
lib\selectors\businessSummarySelectors.js,businessSummarySelectors.js,lib,154,recovery_gap_per_driver,snake_case,warning_id,warning_id,business-summary,"current_margin_per_driver, recovery_gap_per_driver,"
lib\selectors\businessSummarySelectors.js,businessSummarySelectors.js,lib,240,recovery_gap_per_driver,snake_case,object_key,warning_id,business-summary,"recovery_gap_per_driver: toNumber(calculations.recovery_gap_per_driver), recovery_gap_label: calculations.recovery_gap_label || ""Hourly gap"","
lib\selectors\businessSummarySelectors.js,businessSummarySelectors.js,lib,32,recovery_gap_per_driver,snake_case,declaration,warning_id,business-summary,); const recovery_gap_per_driver = toNumber( calculations.recovery_gap_per_driver
lib\selectors\businessSummarySelectors.js,businessSummarySelectors.js,lib,33,recovery_gap_per_driver,snake_case,warning_id,warning_id,business-summary,const recovery_gap_per_driver = toNumber( calculations.recovery_gap_per_driver );
hooks\useBusinessSummary.js,useBusinessSummary.js,hooks,247,recovery_gap_per_hour,snake_case,object_key,warning_id,business-summary,"recovery_gap_per_hour: calculations.hourly_gap,"
lib\selectors\businessSummarySelectors.js,businessSummarySelectors.js,lib,73,recovery_hours_used,snake_case,snake_case_reference,warning_id,business-summary,if (recovery_hours_used === 0) { warnings.push({
app\business-summary\page.jsx,page.jsx,app,63,required_recovery_unit_label,snake_case,snake_case_reference,warning_id,business-summary,recovery_gap_label={status.recovery_gap_label} required_recovery_unit_label={status.required_recovery_unit_label} warning_count={status.warning_count}
lib\recovery\recoveryRiskWarningSystem.js,recoveryRiskWarningSystem.js,lib,434,safe_margin_pool,snake_case,declaration,warning_id,business-summary,const safe_margin_pool = round_currency(margin_pool); const safe_total_cost_burden = round_currency(total_cost_burden);
lib\recovery\recoveryRiskWarningSystem.js,recoveryRiskWarningSystem.js,lib,436,safe_margin_pool,snake_case,snake_case_reference,warning_id,business-summary,const safe_total_cost_burden = round_currency(total_cost_burden); const recovery_gap = round_currency(safe_margin_pool - safe_total_cost_burden);
lib\recovery\recoveryRiskWarningSystem.js,recoveryRiskWarningSystem.js,lib,472,safe_margin_pool,snake_case,snake_case_reference,warning_id,business-summary,if (safe_margin_pool < safe_total_cost_burden) { warnings.push(
lib\recovery\recoveryRiskWarningSystem.js,recoveryRiskWarningSystem.js,lib,499,safe_margin_pool,snake_case,snake_case_reference,warning_id,business-summary,"...context, margin_pool: safe_margin_pool, total_cost_burden: safe_total_cost_burden,"
components\business-summary\BusinessSummaryHierarchyBuilder.js,BusinessSummaryHierarchyBuilder.js,components,110,scaled_required_recovery,snake_case,declaration,warning_id,business-summary,"const scaled_required_recovery = scaleDisplayAnnualValue( total_cost_burden,"
components\business-summary\BusinessSummaryHierarchyBuilder.js,BusinessSummaryHierarchyBuilder.js,components,712,scaled_required_recovery,snake_case,warning_id,warning_id,business-summary,"scaled_recovery_result, scaled_required_recovery, scaled_required_units_to_break_even,"
components\business-summary\BusinessSummaryResultHero.jsx,BusinessSummaryResultHero.jsx,components,138,scaled_required_recovery,snake_case,warning_id,warning_id,business-summary,value={`${formatCurrency( result_table.scaled_required_recovery )} ${result_table.scale_suffix}`}
components\business-summary\BusinessSummaryHierarchyBuilder.js,BusinessSummaryHierarchyBuilder.js,components,135,scaled_required_units_to_break_even,snake_case,declaration,warning_id,business-summary,"); const scaled_required_units_to_break_even = scaleProductAnnualValue( required_units_to_break_even,"
components\business-summary\BusinessSummaryHierarchyBuilder.js,BusinessSummaryHierarchyBuilder.js,components,173,scaled_required_units_to_break_even,snake_case,warning_id,warning_id,business-summary,? `You need ${formatNumber( scaled_required_units_to_break_even )} units sold ${product_period_phrase} to recover the business cost burden. Current volume is ${formatNumber(
components\business-summary\BusinessSummaryHierarchyBuilder.js,BusinessSummaryHierarchyBuilder.js,components,713,scaled_required_units_to_break_even,snake_case,warning_id,warning_id,business-summary,"scaled_required_recovery, scaled_required_units_to_break_even, scaled_unit_surplus_or_shortfall,"
components\business-summary\BusinessSummaryResultHero.jsx,BusinessSummaryResultHero.jsx,components,112,scaled_required_units_to_break_even,snake_case,warning_id,warning_id,business-summary,value={`${formatNumber( result_table.scaled_required_units_to_break_even )} ${result_table.product_unit_suffix}`}
components\business-summary\BusinessSummaryHierarchyBuilder.js,BusinessSummaryHierarchyBuilder.js,components,139,scaled_unit_surplus_or_shortfall,snake_case,declaration,warning_id,business-summary,"); const scaled_unit_surplus_or_shortfall = scaleProductAnnualValue( unit_surplus_or_shortfall,"
components\business-summary\BusinessSummaryHierarchyBuilder.js,BusinessSummaryHierarchyBuilder.js,components,165,scaled_unit_surplus_or_shortfall,snake_case,warning_id,warning_id,business-summary,? formatCurrency(margin_per_unit) : formatNumber(Math.abs(scaled_unit_surplus_or_shortfall)); const product_hero_suffix =
components\business-summary\BusinessSummaryHierarchyBuilder.js,BusinessSummaryHierarchyBuilder.js,components,714,scaled_unit_surplus_or_shortfall,snake_case,warning_id,warning_id,business-summary,"scaled_required_units_to_break_even, scaled_unit_surplus_or_shortfall, scaled_units_sold,"
components\business-summary\BusinessSummaryResultHero.jsx,BusinessSummaryResultHero.jsx,components,118,scaled_unit_surplus_or_shortfall,snake_case,warning_id,warning_id,business-summary,value={`${formatNumber( result_table.scaled_unit_surplus_or_shortfall )} ${result_table.product_unit_suffix}`}
lib\calculations\businessModellingCalculations.js,businessModellingCalculations.js,lib,181,scenario_margin_pool_variance,snake_case,declaration,warning_id,business-summary,const scenario_margin_pool_variance = scenario_margin_pool - baseline_margin_pool;
lib\calculations\businessModellingCalculations.js,businessModellingCalculations.js,lib,252,scenario_margin_pool_variance,snake_case,warning_id,warning_id,business-summary,"scenario_direct_costs_variance, scenario_margin_pool_variance, scenario_net_position_variance,"
lib\calculations\businessModellingCalculations.js,businessModellingCalculations.js,lib,184,scenario_net_position_variance,snake_case,declaration,warning_id,business-summary,const scenario_net_position_variance = scenario_net_position - toNumber(baseline_snapshot.net_position);
lib\calculations\businessModellingCalculations.js,businessModellingCalculations.js,lib,253,scenario_net_position_variance,snake_case,warning_id,warning_id,business-summary,"scenario_margin_pool_variance, scenario_net_position_variance, scenario_productive_output_variance,"
lib\selectors\businessSummarySelectors.js,businessSummarySelectors.js,lib,44,total_revenue,snake_case,snake_case_reference,warning_id,business-summary,if (total_revenue === 0) { warnings.push({
app\business-summary\page.jsx,page.jsx,app,117,unit_surplus_or_shortfall,snake_case,warning_id,warning_id,business-summary,required_units_to_break_even={card.required_units_to_break_even} unit_surplus_or_shortfall={card.unit_surplus_or_shortfall} required_recovery_rate={card.required_recovery_rate}
components\business-summary\BusinessSummaryCard.jsx,BusinessSummaryCard.jsx,components,102,unit_surplus_or_shortfall,snake_case,warning_id,warning_id,business-summary,"required_units_to_break_even, unit_surplus_or_shortfall, required_recovery_rate,"
components\business-summary\BusinessSummaryCard.jsx,BusinessSummaryCard.jsx,components,57,unit_surplus_or_shortfall,snake_case,warning_id,warning_id,business-summary,"required_units_to_break_even = 0, unit_surplus_or_shortfall = 0, required_recovery_rate = 0,"
components\business-summary\BusinessSummaryHierarchyBuilder.js,BusinessSummaryHierarchyBuilder.js,components,140,unit_surplus_or_shortfall,snake_case,warning_id,warning_id,business-summary,"const scaled_unit_surplus_or_shortfall = scaleProductAnnualValue( unit_surplus_or_shortfall, active_time_scale"
components\business-summary\BusinessSummaryHierarchyBuilder.js,BusinessSummaryHierarchyBuilder.js,components,159,unit_surplus_or_shortfall,snake_case,warning_id,warning_id,business-summary,"? ""Product Margin Not Recoverable"" : unit_surplus_or_shortfall < 0 ? ""Unit Volume Shortfall"""
components\business-summary\BusinessSummaryHierarchyBuilder.js,BusinessSummaryHierarchyBuilder.js,components,171,unit_surplus_or_shortfall,snake_case,warning_id,warning_id,business-summary,"? ""Product margin is not positive, so unit volume cannot recover the business cost burden."" : unit_surplus_or_shortfall < 0 ? `You need ${formatNumber("
components\business-summary\BusinessSummaryHierarchyBuilder.js,BusinessSummaryHierarchyBuilder.js,components,67,unit_surplus_or_shortfall,snake_case,warning_id,warning_id,business-summary,"required_units_to_break_even = 0, unit_surplus_or_shortfall = 0, required_recovery_rate = 0,"
hooks\useBusinessSummary.js,useBusinessSummary.js,hooks,170,unit_surplus_or_shortfall,snake_case,object_key,warning_id,business-summary,"calculations.required_units_to_break_even, unit_surplus_or_shortfall: calculations.unit_surplus_or_shortfall,"
hooks\useBusinessSummary.js,useBusinessSummary.js,hooks,171,unit_surplus_or_shortfall,snake_case,warning_id,warning_id,business-summary,"unit_surplus_or_shortfall: calculations.unit_surplus_or_shortfall,"
lib\calculations\businessSummaryCalculations.js,businessSummaryCalculations.js,lib,112,unit_surplus_or_shortfall,snake_case,declaration,warning_id,business-summary,: 0; const unit_surplus_or_shortfall = units_sold_total - required_units_to_break_even;
lib\calculations\businessSummaryCalculations.js,businessSummaryCalculations.js,lib,214,unit_surplus_or_shortfall,snake_case,warning_id,warning_id,business-summary,"required_units_to_break_even, unit_surplus_or_shortfall,"
lib\selectors\businessSummarySelectors.js,businessSummarySelectors.js,lib,248,unit_surplus_or_shortfall,snake_case,object_key,warning_id,business-summary,"), unit_surplus_or_shortfall: toNumber( calculations.unit_surplus_or_shortfall"
lib\selectors\businessSummarySelectors.js,businessSummarySelectors.js,lib,249,unit_surplus_or_shortfall,snake_case,warning_id,warning_id,business-summary,"unit_surplus_or_shortfall: toNumber( calculations.unit_surplus_or_shortfall ),"
lib\selectors\businessSummarySelectors.js,businessSummarySelectors.js,lib,81,units_sold_annual,snake_case,snake_case_reference,warning_id,business-summary,"if (activity_driver_type === ""units"" && units_sold_annual === 0) { warnings.push({"
hooks\useBusinessModelling.js,useBusinessModelling.js,hooks,272,upstream_business_summary_warning,snake_case,warning_id,warning_id,business-summary,"warnings.push({ warning_id: ""upstream_business_summary_warning"", message:"
app\business-summary\page.jsx,page.jsx,app,64,warning_count,snake_case,snake_case_reference,warning_id,business-summary,required_recovery_unit_label={status.required_recovery_unit_label} warning_count={status.warning_count} business_summary_warnings={status.business_summary_warnings}
components\business-summary\BusinessSummaryStatusStrip.jsx,BusinessSummaryStatusStrip.jsx,components,17,warning_count,snake_case,snake_case_reference,warning_id,business-summary,"net_annual_business_open_hours = 0, warning_count = 0, business_summary_warnings = [],"
components\business-summary\BusinessSummaryStatusStrip.jsx,BusinessSummaryStatusStrip.jsx,components,60,warning_count,snake_case,snake_case_reference,warning_id,business-summary,"<div className=""labour-summary-table-label"">Warnings</div> <div className=""labour-summary-table-value"">{warning_count}</div> </div>"
lib\selectors\businessSummarySelectors.js,businessSummarySelectors.js,lib,156,warning_count,snake_case,object_key,warning_id,business-summary,"warning_count: warnings.length, business_summary_warnings: warnings,"
components\business-summary\BusinessSummaryStatusStrip.jsx,BusinessSummaryStatusStrip.jsx,components,67,warning_id,snake_case,snake_case_reference,warning_id,business-summary,"{business_summary_warnings.map((warning) => ( <p className=""ui-help"" key={warning.warning_id}> {warning.message}"
lib\selectors\businessSummarySelectors.js,businessSummarySelectors.js,lib,107,warning_id,snake_case,object_key,warning_id,business-summary,"warnings.push({ warning_id: ""revenue_cogs_not_ready"", message:"
lib\selectors\businessSummarySelectors.js,businessSummarySelectors.js,lib,115,warning_id,snake_case,object_key,warning_id,business-summary,"warnings.push({ warning_id: ""cost_summary_not_ready"", message:"
lib\selectors\businessSummarySelectors.js,businessSummarySelectors.js,lib,46,warning_id,snake_case,object_key,warning_id,business-summary,"warnings.push({ warning_id: ""no_revenue_data"", message: ""No revenue data is flowing from Revenue / COGS."","
lib\selectors\businessSummarySelectors.js,businessSummarySelectors.js,lib,53,warning_id,snake_case,object_key,warning_id,business-summary,"warnings.push({ warning_id: ""no_margin_pool"", message: ""Margin Pool is zero in the Revenue / COGS output."","
lib\selectors\businessSummarySelectors.js,businessSummarySelectors.js,lib,60,warning_id,snake_case,object_key,warning_id,business-summary,"warnings.push({ warning_id: ""no_cost_summary_data"", message: ""Operating Costs are zero in the Cost Summary output."","
lib\selectors\businessSummarySelectors.js,businessSummarySelectors.js,lib,67,warning_id,snake_case,object_key,warning_id,business-summary,"warnings.push({ warning_id: ""no_productive_output"", message:"
lib\selectors\businessSummarySelectors.js,businessSummarySelectors.js,lib,75,warning_id,snake_case,object_key,warning_id,business-summary,"warnings.push({ warning_id: ""no_recovery_hours"", message:"
lib\selectors\businessSummarySelectors.js,businessSummarySelectors.js,lib,83,warning_id,snake_case,object_key,warning_id,business-summary,"warnings.push({ warning_id: ""no_units_sold"", message:"
lib\selectors\businessSummarySelectors.js,businessSummarySelectors.js,lib,91,warning_id,snake_case,object_key,warning_id,business-summary,"warnings.push({ warning_id: ""no_activity_driver"", message:"
lib\selectors\businessSummarySelectors.js,businessSummarySelectors.js,lib,99,warning_id,snake_case,object_key,warning_id,business-summary,"warnings.push({ warning_id: ""negative_net_position"", message:"
components\cost-allocation\CostAllocationMainCard.jsx,CostAllocationMainCard.jsx,components,241,active_check,snake_case,snake_case_reference,warning_id,cost-allocation,"className={ active_check === ""structural_warnings"" ? ""ui-button cost-allocation-check-tab is-active"""
lib\calculations\costAllocationRules.js,costAllocationRules.js,lib,99,active_groups,snake_case,object_key,warning_id,cost-allocation,"const { validated_groups, group_validation_warnings } = validate_groups({ active_groups: active_operational_groups, active_asset_map,"
lib\calculations\cost-allocation\costAllocationValidation.js,costAllocationValidation.js,lib,23,active_links,snake_case,snake_case_reference,warning_id,cost-allocation,export function get_duplicate_link_warnings(active_links) { const seen_pairs = new Set();
lib\calculations\costAllocationRules.js,costAllocationRules.js,lib,99,active_operational_groups,snake_case,snake_case_reference,warning_id,cost-allocation,"const { validated_groups, group_validation_warnings } = validate_groups({ active_groups: active_operational_groups, active_asset_map,"
lib\selectors\cost-allocation\costAllocationCardSelectors.js,costAllocationCardSelectors.js,lib,73,active_operational_groups,snake_case,declaration,warning_id,cost-allocation,const all_warnings = allocation_warnings; const active_operational_groups = calculated?.active_operating_groups ??
hooks\cost-allocation\useCostAllocationOutputContract.js,useCostAllocationOutputContract.js,hooks,8,allocation_dependency_type,snake_case,object_key,warning_id,cost-allocation,"allocation_status: calculated.allocation_status, allocation_dependency_type: calculated.allocation_dependency_type, setup_warnings: calculated.setup_warnings,"
lib\calculations\cost-allocation\costAllocationInputBuilder.js,costAllocationInputBuilder.js,lib,45,blocked,plain,status_value,warning_id,cost-allocation,"recovery_summary_status: recovery_outputs?.recovery_summary_status ?? ""blocked"", recovery_summary_warnings:"
lib\selectors\cost-allocation\costAllocationCardSelectors.js,costAllocationCardSelectors.js,lib,61,build_cost_allocation_card_context,snake_case,snake_case_reference,warning_id,cost-allocation,function build_cost_allocation_card_context(calculated = {}) { const setup_warnings = calculated?.setup_warnings ?? [];
hooks\cost-allocation\useCostAllocationOutputContract.js,useCostAllocationOutputContract.js,hooks,17,component_required_recovery,snake_case,object_key,warning_id,cost-allocation,"recovery_plan_split: calculated.recovery_plan_split, component_required_recovery: calculated.component_required_recovery,"
lib\calculations\cost-allocation\costAllocationInputBuilder.js,costAllocationInputBuilder.js,lib,53,component_required_recovery,snake_case,object_key,warning_id,cost-allocation,"recovery_plan_split: recovery_outputs?.recovery_plan_split ?? null, component_required_recovery: recovery_outputs?.component_required_recovery ?? null,"
lib\calculations\cost-allocation\costAllocationInputBuilder.js,costAllocationInputBuilder.js,lib,54,component_required_recovery,snake_case,warning_id,warning_id,cost-allocation,"component_required_recovery: recovery_outputs?.component_required_recovery ?? null, labour_recovery_cost: safe_number(recovery_outputs?.labour_recovery_cost),"
lib\calculations\cost-allocation\costAllocationValidation.js,costAllocationValidation.js,lib,221,component_required_recovery,snake_case,warning_id,warning_id,cost-allocation,export function has_component_required_recovery(component_required_recovery) { return (
lib\calculations\cost-allocation\costAllocationValidation.js,costAllocationValidation.js,lib,223,component_required_recovery,snake_case,warning_id,warning_id,cost-allocation,"return ( component_required_recovery && typeof component_required_recovery === ""object"" &&"
lib\calculations\cost-allocation\costAllocationValidation.js,costAllocationValidation.js,lib,224,component_required_recovery,snake_case,warning_id,warning_id,cost-allocation,"component_required_recovery && typeof component_required_recovery === ""object"" && component_required_recovery.labour &&"
lib\calculations\cost-allocation\costAllocationValidation.js,costAllocationValidation.js,lib,225,component_required_recovery,snake_case,warning_id,warning_id,cost-allocation,"typeof component_required_recovery === ""object"" && component_required_recovery.labour && component_required_recovery.asset &&"
lib\calculations\cost-allocation\costAllocationValidation.js,costAllocationValidation.js,lib,226,component_required_recovery,snake_case,warning_id,warning_id,cost-allocation,component_required_recovery.labour && component_required_recovery.asset && component_required_recovery.material &&
lib\calculations\cost-allocation\costAllocationValidation.js,costAllocationValidation.js,lib,227,component_required_recovery,snake_case,warning_id,warning_id,cost-allocation,component_required_recovery.asset && component_required_recovery.material && component_required_recovery.overhead
lib\calculations\cost-allocation\costAllocationValidation.js,costAllocationValidation.js,lib,228,component_required_recovery,snake_case,warning_id,warning_id,cost-allocation,component_required_recovery.material && component_required_recovery.overhead );
lib\calculations\costAllocationRules.js,costAllocationRules.js,lib,213,component_required_recovery,snake_case,warning_id,warning_id,cost-allocation,const missing_component_required_recovery = !has_component_required_recovery(inputs.component_required_recovery);
lib\calculations\recoveryOutcomeCalculations.js,recoveryOutcomeCalculations.js,lib,105,cost_allocation,snake_case,snake_case_reference,warning_id,cost-allocation,"), ...as_array(cost_allocation.allocation_warnings).map((warning) => normalise_warning(warning, ""Cost Allocation"")"
lib\calculations\recoveryOutcomeCalculations.js,recoveryOutcomeCalculations.js,lib,108,cost_allocation,snake_case,snake_case_reference,warning_id,cost-allocation,"), ...as_array(cost_allocation.duplicate_link_warnings).map((warning) => normalise_warning(warning, ""Cost Allocation"")"
lib\calculations\recoveryOutcomeCalculations.js,recoveryOutcomeCalculations.js,lib,111,cost_allocation,snake_case,snake_case_reference,warning_id,cost-allocation,"), ...as_array(cost_allocation.orphan_warnings).map((warning) => normalise_warning(warning, ""Cost Allocation"")"
lib\calculations\recoveryOutcomeCalculations.js,recoveryOutcomeCalculations.js,lib,114,cost_allocation,snake_case,snake_case_reference,warning_id,cost-allocation,"), ...as_array(cost_allocation.group_validation_warnings).map((warning) => normalise_warning(warning, ""Cost Allocation"")"
lib\calculations\recoveryOutcomeCalculations.js,recoveryOutcomeCalculations.js,lib,425,cost_allocation,snake_case,snake_case_reference,warning_id,cost-allocation,"if (!cost_allocation.allocation_status) { warnings.push(make_warning(""missing_allocation_status"", ""Business Outcome""));"
lib\calculations\recoveryOutcomeCalculations.js,recoveryOutcomeCalculations.js,lib,441,cost_allocation,snake_case,snake_case_reference,warning_id,cost-allocation,if (cost_allocation.external_delivery_required) { warnings.push(
lib\calculations\recoveryOutcomeCalculations.js,recoveryOutcomeCalculations.js,lib,553,cost_allocation,snake_case,snake_case_reference,warning_id,cost-allocation,"allocation_dependency_type: cost_allocation.allocation_dependency_type || ""unknown"", allocation_warnings: as_array(cost_allocation.allocation_warnings),"
lib\calculations\recoveryOutcomeCalculations.js,recoveryOutcomeCalculations.js,lib,554,cost_allocation,snake_case,snake_case_reference,warning_id,cost-allocation,"cost_allocation.allocation_dependency_type || ""unknown"", allocation_warnings: as_array(cost_allocation.allocation_warnings),"
lib\calculations\recoveryOutcomeCalculations.js,recoveryOutcomeCalculations.js,lib,589,cost_allocation,snake_case,snake_case_reference,warning_id,cost-allocation,"duplicate_link_warnings: as_array( cost_allocation.duplicate_link_warnings ),"
lib\calculations\recoveryOutcomeCalculations.js,recoveryOutcomeCalculations.js,lib,591,cost_allocation,snake_case,snake_case_reference,warning_id,cost-allocation,"), orphan_warnings: as_array(cost_allocation.orphan_warnings), group_validation_warnings: as_array("
lib\calculations\recoveryOutcomeCalculations.js,recoveryOutcomeCalculations.js,lib,593,cost_allocation,snake_case,snake_case_reference,warning_id,cost-allocation,"group_validation_warnings: as_array( cost_allocation.group_validation_warnings ),"
lib\calculations\recoveryOutcomeCalculations.js,recoveryOutcomeCalculations.js,lib,97,cost_allocation,snake_case,snake_case_reference,warning_id,cost-allocation,"function collect_warnings({ recovery_summary = {}, cost_allocation = {} }) { return ["
lib\recovery\recoveryRiskWarningSystem.js,recoveryRiskWarningSystem.js,lib,183,cost_allocation,snake_case,snake_case_reference,warning_id,cost-allocation,"export function check_recovery_share_total({ module = ""cost_allocation"", share_rows = [],"
lib\recovery\recoveryRiskWarningSystem.js,recoveryRiskWarningSystem.js,lib,299,cost_allocation,snake_case,snake_case_reference,warning_id,cost-allocation,"export function check_recovery_driver_rows({ module = ""cost_allocation"", driver_rows = [],"
lib\recovery\recoveryRiskWarningSystem.js,recoveryRiskWarningSystem.js,lib,388,cost_allocation,snake_case,snake_case_reference,warning_id,cost-allocation,"export function build_recovery_share_warning_system({ module = ""cost_allocation"", share_rows = [],"
components\cost-allocation\CostAllocationEvidenceBreakdown.jsx,CostAllocationEvidenceBreakdown.jsx,components,605,current_section,snake_case,snake_case_reference,warning_id,cost-allocation,"if (current_section === ""structural_warnings"") { return ("
lib\selectors\cost-allocation\costAllocationCardSections.js,costAllocationCardSections.js,lib,293,division_cost_rows,snake_case,object_key,warning_id,cost-allocation,"active_operational_groups, division_cost_rows: division_counts.division_cost_rows, duplicate_link_warnings: calculated?.duplicate_link_warnings ?? [],"
lib\selectors\cost-allocation\costAllocationCardSections.js,costAllocationCardSections.js,lib,272,division_counts,snake_case,snake_case_reference,warning_id,cost-allocation,"unique_warnings, division_counts, active_operational_groups,"
lib\selectors\cost-allocation\costAllocationCardSections.js,costAllocationCardSections.js,lib,293,division_counts,snake_case,snake_case_reference,warning_id,cost-allocation,"active_operational_groups, division_cost_rows: division_counts.division_cost_rows, duplicate_link_warnings: calculated?.duplicate_link_warnings ?? [],"
lib\calculations\cost-allocation\costAllocationWarnings.js,costAllocationWarnings.js,lib,198,duplicate_advanced_capability_links,snake_case,snake_case_reference,warning_id,cost-allocation,"make_allocation_warning( ""duplicate_advanced_capability_links"", ""Duplicate advanced capability links exist. This does not block the group-first builder, but should be reviewed before using capability-link validation."""
components\cost-allocation\CostAllocationEvidenceBreakdown.jsx,CostAllocationEvidenceBreakdown.jsx,components,136,empty_message,snake_case,snake_case_reference,warning_id,cost-allocation,"function ChecklistSection({ kicker, title, help_text, warnings, empty_message }) { return ("
components\cost-allocation\CostAllocationEvidenceBreakdown.jsx,CostAllocationEvidenceBreakdown.jsx,components,148,empty_message,snake_case,snake_case_reference,warning_id,cost-allocation,<WarningList warnings={warnings} empty_message={empty_message} /> </div>
components\cost-allocation\CostAllocationEvidenceBreakdown.jsx,CostAllocationEvidenceBreakdown.jsx,components,600,empty_message,snake_case,snake_case_reference,warning_id,cost-allocation,"warnings={evidence?.setup_warnings} empty_message=""No setup checklist items are currently active."" />"
components\cost-allocation\CostAllocationEvidenceBreakdown.jsx,CostAllocationEvidenceBreakdown.jsx,components,612,empty_message,snake_case,snake_case_reference,warning_id,cost-allocation,"warnings={evidence?.structural_warnings} empty_message=""No structural warnings are currently active."" />"
components\cost-allocation\CostAllocationEvidenceBreakdown.jsx,CostAllocationEvidenceBreakdown.jsx,components,77,empty_message,snake_case,snake_case_reference,warning_id,cost-allocation,"function WarningList({ warnings = [], empty_message }) { if (!Array.isArray(warnings) || warnings.length === 0) {"
lib\calculations\cost-allocation\costAllocationWarnings.js,costAllocationWarnings.js,lib,141,external_delivery_enabled,snake_case,snake_case_reference,warning_id,cost-allocation,if (external_delivery_required && !external_delivery_enabled) { structural_warnings.push(
lib\calculations\cost-allocation\costAllocationWarnings.js,costAllocationWarnings.js,lib,18,external_delivery_enabled,snake_case,snake_case_reference,warning_id,cost-allocation,"external_delivery_required, external_delivery_enabled, has_asset_structure_issue,"
lib\calculations\cost-allocation\costAllocationWarnings.js,costAllocationWarnings.js,lib,144,external_delivery_not_defined,snake_case,snake_case_reference,warning_id,cost-allocation,"make_allocation_warning( ""external_delivery_not_defined"", ""External delivery is required, but no external delivery assumption has been confirmed."""
components\cost-allocation\CostAllocationEvidenceBreakdown.jsx,CostAllocationEvidenceBreakdown.jsx,components,221,external_delivery_required,snake_case,warning_id,warning_id,cost-allocation,"label=""External delivery required"" value={yesNo(delivery_summary?.external_delivery_required)} />"
hooks\cost-allocation\useCostAllocationOutputContract.js,useCostAllocationOutputContract.js,hooks,127,external_delivery_required,snake_case,object_key,warning_id,cost-allocation,"external_delivery_enabled: calculated.external_delivery_enabled, external_delivery_required: calculated.external_delivery_required, internal_capacity_shortfall: calculated.internal_capacity_shortfall,"
lib\calculations\cost-allocation\costAllocationStatus.js,costAllocationStatus.js,lib,12,external_delivery_required,snake_case,warning_id,warning_id,cost-allocation,"if (external_delivery_required) { dependency_types.push(""external_delivery"");"
lib\calculations\cost-allocation\costAllocationStatus.js,costAllocationStatus.js,lib,3,external_delivery_required,snake_case,warning_id,warning_id,cost-allocation,"has_internal_capacity_shortfall, external_delivery_required, has_asset_structure_issue,"
lib\calculations\cost-allocation\costAllocationWarnings.js,costAllocationWarnings.js,lib,132,external_delivery_required,snake_case,warning_id,warning_id,cost-allocation,if (external_delivery_required) { structural_warnings.push(
lib\calculations\cost-allocation\costAllocationWarnings.js,costAllocationWarnings.js,lib,135,external_delivery_required,snake_case,warning_id,warning_id,cost-allocation,"make_allocation_warning( ""external_delivery_required"", ""This recovery plan requires visible external delivery capacity."""
lib\calculations\cost-allocation\costAllocationWarnings.js,costAllocationWarnings.js,lib,141,external_delivery_required,snake_case,warning_id,warning_id,cost-allocation,if (external_delivery_required && !external_delivery_enabled) { structural_warnings.push(
lib\calculations\cost-allocation\costAllocationWarnings.js,costAllocationWarnings.js,lib,17,external_delivery_required,snake_case,warning_id,warning_id,cost-allocation,"has_internal_capacity_shortfall, external_delivery_required, external_delivery_enabled,"
lib\calculations\costAllocationRules.js,costAllocationRules.js,lib,241,external_delivery_required,snake_case,declaration,warning_id,cost-allocation,const has_internal_capacity_shortfall = false; const external_delivery_required = false;
lib\calculations\costAllocationRules.js,costAllocationRules.js,lib,254,external_delivery_required,snake_case,warning_id,warning_id,cost-allocation,"has_internal_capacity_shortfall, external_delivery_required, has_asset_structure_issue,"
lib\calculations\costAllocationRules.js,costAllocationRules.js,lib,295,external_delivery_required,snake_case,warning_id,warning_id,cost-allocation,"has_internal_capacity_shortfall, external_delivery_required, external_delivery_enabled: inputs.external_delivery_enabled === true,"
lib\calculations\costAllocationRules.js,costAllocationRules.js,lib,430,external_delivery_required,snake_case,warning_id,warning_id,cost-allocation,"external_delivery_enabled: inputs.external_delivery_enabled === true, external_delivery_required, internal_capacity_shortfall: has_internal_capacity_shortfall,"
lib\selectors\cost-allocation\costAllocationCardSections.js,costAllocationCardSections.js,lib,17,external_delivery_required,snake_case,warning_id,warning_id,cost-allocation,"external_delivery_enabled, external_delivery_required, warning_count,"
lib\selectors\cost-allocation\costAllocationCardSections.js,costAllocationCardSections.js,lib,178,external_delivery_required,snake_case,warning_id,warning_id,cost-allocation,"external_delivery_enabled, external_delivery_required, status_copy,"
lib\selectors\cost-allocation\costAllocationCardSections.js,costAllocationCardSections.js,lib,192,external_delivery_required,snake_case,warning_id,warning_id,cost-allocation,"external_delivery_enabled, external_delivery_required,"
lib\selectors\cost-allocation\costAllocationCardSections.js,costAllocationCardSections.js,lib,364,external_delivery_required,snake_case,object_key,warning_id,cost-allocation,"external_delivery_enabled: calculated?.external_delivery_enabled === true, external_delivery_required: calculated?.external_delivery_required === true, internal_capacity_shortfall:"
lib\selectors\cost-allocation\costAllocationCardSections.js,costAllocationCardSections.js,lib,38,external_delivery_required,snake_case,warning_id,warning_id,cost-allocation,"allocation_dependency_type, external_delivery_required, external_delivery_enabled,"
lib\selectors\cost-allocation\costAllocationCardSections.js,costAllocationCardSections.js,lib,50,external_delivery_required,snake_case,warning_id,warning_id,cost-allocation,"external_delivery_enabled, external_delivery_required, warning_count,"
lib\selectors\cost-allocation\costAllocationCardSelectors.js,costAllocationCardSelectors.js,lib,133,external_delivery_required,snake_case,warning_id,warning_id,cost-allocation,"external_delivery_enabled, external_delivery_required,"
lib\selectors\cost-allocation\costAllocationCardSelectors.js,costAllocationCardSelectors.js,lib,89,external_delivery_required,snake_case,declaration,warning_id,cost-allocation,calculated?.external_delivery_enabled === true; const external_delivery_required = calculated?.external_delivery_required === true;
lib\selectors\cost-allocation\costAllocationCardSelectors.js,costAllocationCardSelectors.js,lib,90,external_delivery_required,snake_case,warning_id,warning_id,cost-allocation,const external_delivery_required = calculated?.external_delivery_required === true;
lib\selectors\cost-allocation\costAllocationDisplayHelpers.js,costAllocationDisplayHelpers.js,lib,81,external_delivery_required,snake_case,warning_id,warning_id,cost-allocation,"allocation_dependency_type, external_delivery_required, external_delivery_enabled,"
lib\selectors\cost-allocation\costAllocationDisplayHelpers.js,costAllocationDisplayHelpers.js,lib,85,external_delivery_required,snake_case,warning_id,warning_id,cost-allocation,"}) { if (external_delivery_required && !external_delivery_enabled) { return ""Confirm the external delivery source required by this structure."";"
components\cost-allocation\CostAllocationStatusStrip.jsx,CostAllocationStatusStrip.jsx,components,124,flat_warnings_count,snake_case,warning_id,warning_id,cost-allocation,const warning_count = flat_warnings_count || status?.warnings_count ||
components\cost-allocation\CostAllocationStatusStrip.jsx,CostAllocationStatusStrip.jsx,components,65,flat_warnings_count,snake_case,warning_id,warning_id,cost-allocation,"working_units_count: flat_working_units_count, warnings_count: flat_warnings_count, total_grouped_operating_cost = 0,"
components\cost-allocation\CostAllocationStatusStrip.jsx,CostAllocationStatusStrip.jsx,components,64,flat_working_units_count,snake_case,snake_case_reference,warning_id,cost-allocation,"operating_groups_count: flat_operating_groups_count, working_units_count: flat_working_units_count, warnings_count: flat_warnings_count,"
lib\selectors\cost-allocation\costAllocationCardSelectors.js,costAllocationCardSelectors.js,lib,6,get_status_copy,snake_case,snake_case_reference,warning_id,cost-allocation,"get_recovery_model_label, get_status_copy, get_unique_warnings,"
lib\calculations\costAllocationRules.js,costAllocationRules.js,lib,38,get_structure_valid,snake_case,snake_case_reference,warning_id,cost-allocation,"get_orphan_warnings, get_structure_valid, has_component_required_recovery,"
lib\selectors\cost-allocation\costAllocationDisplayHelpers.js,costAllocationDisplayHelpers.js,lib,153,get_warning_message,snake_case,warning_id,warning_id,cost-allocation,"export function get_warning_message(warning) { if (warning && typeof warning === ""object"") {"
lib\selectors\cost-allocation\costAllocationDisplayHelpers.js,costAllocationDisplayHelpers.js,lib,179,get_warning_message,snake_case,warning_id,warning_id,cost-allocation,warning_groups.flat().forEach((warning) => { const message = get_warning_message(warning).trim();
lib\selectors\cost-allocation\costAllocationDisplayHelpers.js,costAllocationDisplayHelpers.js,lib,256,get_warning_message,snake_case,warning_id,warning_id,cost-allocation,"message: get_warning_message(allocation_warnings?.[0]) || ""The visible operating structure does not currently support downstream use."","
lib\selectors\cost-allocation\costAllocationCardSections.js,costAllocationCardSections.js,lib,430,group_first_counts,snake_case,snake_case_reference,warning_id,cost-allocation,"allocation_warnings, group_first_counts, } = context;"
lib\calculations\cost-allocation\costAllocationValidation.js,costAllocationValidation.js,lib,142,group_name,snake_case,snake_case_reference,warning_id,cost-allocation,"make_warning( `${group?.group_name ?? ""Group""} is invalid: missing required assets (${missing_asset_ids.join("", "")}).` )"
lib\calculations\cost-allocation\costAllocationValidation.js,costAllocationValidation.js,lib,150,group_name,snake_case,snake_case_reference,warning_id,cost-allocation,"make_warning( `${group?.group_name ?? ""Group""} is invalid: missing required staff (${missing_staff_ids.join("", "")}).` )"
components\cost-allocation\CostAllocationEvidenceBreakdown.jsx,CostAllocationEvidenceBreakdown.jsx,components,136,help_text,snake_case,snake_case_reference,warning_id,cost-allocation,"function ChecklistSection({ kicker, title, help_text, warnings, empty_message }) { return ("
components\cost-allocation\CostAllocationEvidenceBreakdown.jsx,CostAllocationEvidenceBreakdown.jsx,components,598,help_text,snake_case,snake_case_reference,warning_id,cost-allocation,"title=""Setup items needing review"" help_text=""Complete these items to make the operating structure reliable."" warnings={evidence?.setup_warnings}"
components\cost-allocation\CostAllocationEvidenceBreakdown.jsx,CostAllocationEvidenceBreakdown.jsx,components,610,help_text,snake_case,snake_case_reference,warning_id,cost-allocation,"title=""Operating group and source-pool warnings"" help_text=""These are operating group, productive source-pool, or recovery dependency issues that may prevent the structure from being relied on downstream."" warnings={evidence?.structural_warnings}"
components\cost-allocation\CostAllocationEvidenceBreakdown.jsx,CostAllocationEvidenceBreakdown.jsx,components,217,internal_capacity_shortfall,snake_case,warning_id,warning_id,cost-allocation,"label=""Internal capacity shortfall"" value={yesNo(delivery_summary?.internal_capacity_shortfall)} />"
hooks\cost-allocation\useCostAllocationOutputContract.js,useCostAllocationOutputContract.js,hooks,128,internal_capacity_shortfall,snake_case,object_key,warning_id,cost-allocation,"external_delivery_required: calculated.external_delivery_required, internal_capacity_shortfall: calculated.internal_capacity_shortfall, };"
lib\calculations\cost-allocation\costAllocationWarnings.js,costAllocationWarnings.js,lib,126,internal_capacity_shortfall,snake_case,warning_id,warning_id,cost-allocation,"make_allocation_warning( ""internal_capacity_shortfall"", ""The recovery plan requires internal productive capacity beyond the current operating groups."""
lib\calculations\costAllocationRules.js,costAllocationRules.js,lib,431,internal_capacity_shortfall,snake_case,object_key,warning_id,cost-allocation,"external_delivery_required, internal_capacity_shortfall: has_internal_capacity_shortfall,"
lib\selectors\cost-allocation\costAllocationCardSections.js,costAllocationCardSections.js,lib,15,internal_capacity_shortfall,snake_case,warning_id,warning_id,cost-allocation,"structure_valid, internal_capacity_shortfall, external_delivery_enabled,"
lib\selectors\cost-allocation\costAllocationCardSections.js,costAllocationCardSections.js,lib,176,internal_capacity_shortfall,snake_case,warning_id,warning_id,cost-allocation,"structure_valid, internal_capacity_shortfall, external_delivery_enabled,"
lib\selectors\cost-allocation\costAllocationCardSections.js,costAllocationCardSections.js,lib,190,internal_capacity_shortfall,snake_case,warning_id,warning_id,cost-allocation,"structure_valid, internal_capacity_shortfall, external_delivery_enabled,"
lib\selectors\cost-allocation\costAllocationCardSections.js,costAllocationCardSections.js,lib,32,internal_capacity_shortfall,snake_case,warning_id,warning_id,cost-allocation,"allocation_dependency_type, internal_capacity_shortfall, setup_warnings_count,"
lib\selectors\cost-allocation\costAllocationCardSections.js,costAllocationCardSections.js,lib,365,internal_capacity_shortfall,snake_case,object_key,warning_id,cost-allocation,"external_delivery_required: calculated?.external_delivery_required === true, internal_capacity_shortfall: calculated?.internal_capacity_shortfall === true,"
lib\selectors\cost-allocation\costAllocationCardSections.js,costAllocationCardSections.js,lib,366,internal_capacity_shortfall,snake_case,warning_id,warning_id,cost-allocation,"internal_capacity_shortfall: calculated?.internal_capacity_shortfall === true, };"
lib\selectors\cost-allocation\costAllocationCardSections.js,costAllocationCardSections.js,lib,40,internal_capacity_shortfall,snake_case,warning_id,warning_id,cost-allocation,"external_delivery_enabled, internal_capacity_shortfall, structure_valid,"
lib\selectors\cost-allocation\costAllocationCardSections.js,costAllocationCardSections.js,lib,48,internal_capacity_shortfall,snake_case,warning_id,warning_id,cost-allocation,"structure_valid, internal_capacity_shortfall, external_delivery_enabled,"
lib\selectors\cost-allocation\costAllocationCardSelectors.js,costAllocationCardSelectors.js,lib,131,internal_capacity_shortfall,snake_case,warning_id,warning_id,cost-allocation,"structure_valid, internal_capacity_shortfall, external_delivery_enabled,"
lib\selectors\cost-allocation\costAllocationCardSelectors.js,costAllocationCardSelectors.js,lib,85,internal_capacity_shortfall,snake_case,declaration,warning_id,cost-allocation,const structure_valid = Boolean(calculated?.structure_valid); const internal_capacity_shortfall = calculated?.internal_capacity_shortfall === true;
lib\selectors\cost-allocation\costAllocationCardSelectors.js,costAllocationCardSelectors.js,lib,86,internal_capacity_shortfall,snake_case,warning_id,warning_id,cost-allocation,const internal_capacity_shortfall = calculated?.internal_capacity_shortfall === true; const external_delivery_enabled =
lib\selectors\cost-allocation\costAllocationDisplayHelpers.js,costAllocationDisplayHelpers.js,lib,103,internal_capacity_shortfall,snake_case,warning_id,warning_id,cost-allocation,"allocation_dependency_type, internal_capacity_shortfall, setup_warnings_count = 0,"
lib\selectors\cost-allocation\costAllocationDisplayHelpers.js,costAllocationDisplayHelpers.js,lib,121,internal_capacity_shortfall,snake_case,warning_id,warning_id,cost-allocation,if (internal_capacity_shortfall) { reason_parts.push(
lib\calculations\cost-allocation\costAllocationValidation.js,costAllocationValidation.js,lib,142,invalid,plain,object_key,warning_id,cost-allocation,"make_warning( `${group?.group_name ?? ""Group""} is invalid: missing required assets (${missing_asset_ids.join("", "")}).` )"
lib\calculations\cost-allocation\costAllocationValidation.js,costAllocationValidation.js,lib,150,invalid,plain,object_key,warning_id,cost-allocation,"make_warning( `${group?.group_name ?? ""Group""} is invalid: missing required staff (${missing_staff_ids.join("", "")}).` )"
lib\calculations\cost-allocation\costAllocationWarnings.js,costAllocationWarnings.js,lib,207,invalid_operating_groups,snake_case,snake_case_reference,warning_id,cost-allocation,"make_allocation_warning( ""invalid_operating_groups"", ""One or more operating groups are invalid."""
lib\calculations\cost-allocation\costAllocationWarnings.js,costAllocationWarnings.js,lib,204,invalid_operational_groups,snake_case,snake_case_reference,warning_id,cost-allocation,if (invalid_operational_groups > 0) { structural_warnings.push(
lib\calculations\cost-allocation\costAllocationWarnings.js,costAllocationWarnings.js,lib,28,invalid_operational_groups,snake_case,snake_case_reference,warning_id,cost-allocation,"duplicate_link_warnings = [], invalid_operational_groups, }) {"
lib\calculations\costAllocationRules.js,costAllocationRules.js,lib,306,invalid_operational_groups,snake_case,snake_case_reference,warning_id,cost-allocation,"duplicate_link_warnings, invalid_operational_groups, });"
lib\calculations\cost-allocation\costAllocationWarnings.js,costAllocationWarnings.js,lib,117,low_operating_group_coverage,snake_case,snake_case_reference,warning_id,cost-allocation,"make_allocation_warning( ""low_operating_group_coverage"", ""Operating group coverage is low for the visible allocation structure."""
lib\calculations\cost-allocation\costAllocationWarnings.js,costAllocationWarnings.js,lib,1,make_allocation_warning,snake_case,warning_id,warning_id,cost-allocation,"export function make_allocation_warning(warning_key, message) { return {"
lib\calculations\cost-allocation\costAllocationWarnings.js,costAllocationWarnings.js,lib,107,make_allocation_warning,snake_case,warning_id,warning_id,cost-allocation,"structural_warnings.push( make_allocation_warning( ""low_productive_asset_coverage"","
lib\calculations\cost-allocation\costAllocationWarnings.js,costAllocationWarnings.js,lib,116,make_allocation_warning,snake_case,warning_id,warning_id,cost-allocation,"structural_warnings.push( make_allocation_warning( ""low_operating_group_coverage"","
lib\calculations\cost-allocation\costAllocationWarnings.js,costAllocationWarnings.js,lib,125,make_allocation_warning,snake_case,warning_id,warning_id,cost-allocation,"structural_warnings.push( make_allocation_warning( ""internal_capacity_shortfall"","
lib\calculations\cost-allocation\costAllocationWarnings.js,costAllocationWarnings.js,lib,134,make_allocation_warning,snake_case,warning_id,warning_id,cost-allocation,"structural_warnings.push( make_allocation_warning( ""external_delivery_required"","
lib\calculations\cost-allocation\costAllocationWarnings.js,costAllocationWarnings.js,lib,143,make_allocation_warning,snake_case,warning_id,warning_id,cost-allocation,"structural_warnings.push( make_allocation_warning( ""external_delivery_not_defined"","
lib\calculations\cost-allocation\costAllocationWarnings.js,costAllocationWarnings.js,lib,152,make_allocation_warning,snake_case,warning_id,warning_id,cost-allocation,"structural_warnings.push( make_allocation_warning( ""asset_recovery_without_productive_asset_structure"","
lib\calculations\cost-allocation\costAllocationWarnings.js,costAllocationWarnings.js,lib,161,make_allocation_warning,snake_case,warning_id,warning_id,cost-allocation,"structural_warnings.push( make_allocation_warning( ""productive_asset_zero_utilisation"","
lib\calculations\cost-allocation\costAllocationWarnings.js,costAllocationWarnings.js,lib,170,make_allocation_warning,snake_case,warning_id,warning_id,cost-allocation,"structural_warnings.push( make_allocation_warning( ""operating_group_asset_without_labour_driver"","
lib\calculations\cost-allocation\costAllocationWarnings.js,costAllocationWarnings.js,lib,179,make_allocation_warning,snake_case,warning_id,warning_id,cost-allocation,"structural_warnings.push( make_allocation_warning( ""operating_group_labour_without_productive_capacity"","
lib\calculations\cost-allocation\costAllocationWarnings.js,costAllocationWarnings.js,lib,188,make_allocation_warning,snake_case,warning_id,warning_id,cost-allocation,"structural_warnings.push( make_allocation_warning( ""unassigned_operating_cost"","
lib\calculations\cost-allocation\costAllocationWarnings.js,costAllocationWarnings.js,lib,197,make_allocation_warning,snake_case,warning_id,warning_id,cost-allocation,"structural_warnings.push( make_allocation_warning( ""duplicate_advanced_capability_links"","
lib\calculations\cost-allocation\costAllocationWarnings.js,costAllocationWarnings.js,lib,206,make_allocation_warning,snake_case,warning_id,warning_id,cost-allocation,"structural_warnings.push( make_allocation_warning( ""invalid_operating_groups"","
lib\calculations\cost-allocation\costAllocationWarnings.js,costAllocationWarnings.js,lib,35,make_allocation_warning,snake_case,warning_id,warning_id,cost-allocation,"setup_warnings.push( make_allocation_warning( ""recovery_summary_not_ready"","
lib\calculations\cost-allocation\costAllocationWarnings.js,costAllocationWarnings.js,lib,44,make_allocation_warning,snake_case,warning_id,warning_id,cost-allocation,"setup_warnings.push( make_allocation_warning( ""missing_recovery_plan_target"","
lib\calculations\cost-allocation\costAllocationWarnings.js,costAllocationWarnings.js,lib,53,make_allocation_warning,snake_case,warning_id,warning_id,cost-allocation,"setup_warnings.push( make_allocation_warning( ""missing_component_required_recovery"","
lib\calculations\cost-allocation\costAllocationWarnings.js,costAllocationWarnings.js,lib,62,make_allocation_warning,snake_case,warning_id,warning_id,cost-allocation,"setup_warnings.push( make_allocation_warning( ""structure_incomplete"","
lib\calculations\cost-allocation\costAllocationWarnings.js,costAllocationWarnings.js,lib,71,make_allocation_warning,snake_case,warning_id,warning_id,cost-allocation,"setup_warnings.push( make_allocation_warning( ""no_labour_cost_available"","
lib\calculations\cost-allocation\costAllocationWarnings.js,costAllocationWarnings.js,lib,80,make_allocation_warning,snake_case,warning_id,warning_id,cost-allocation,"setup_warnings.push( make_allocation_warning( ""no_productive_labour_driver_available"","
lib\calculations\cost-allocation\costAllocationWarnings.js,costAllocationWarnings.js,lib,89,make_allocation_warning,snake_case,warning_id,warning_id,cost-allocation,"setup_warnings.push( make_allocation_warning( ""no_operational_groups_created"","
lib\calculations\cost-allocation\costAllocationWarnings.js,costAllocationWarnings.js,lib,98,make_allocation_warning,snake_case,warning_id,warning_id,cost-allocation,"structural_warnings.push( make_allocation_warning( ""low_productive_labour_coverage"","
lib\calculations\cost-allocation\costAllocationValidation.js,costAllocationValidation.js,lib,100,make_warning,snake_case,warning_id,warning_id,cost-allocation,"orphan_warnings.push( make_warning( `${asset?.asset_name ?? ""Asset""} is not included in any active group.`"
lib\calculations\cost-allocation\costAllocationValidation.js,costAllocationValidation.js,lib,141,make_warning,snake_case,warning_id,warning_id,cost-allocation,"group_validation_warnings.push( make_warning( `${group?.group_name ?? ""Group""} is invalid: missing required assets (${missing_asset_ids.join("", "")}).`"
lib\calculations\cost-allocation\costAllocationValidation.js,costAllocationValidation.js,lib,149,make_warning,snake_case,warning_id,warning_id,cost-allocation,"group_validation_warnings.push( make_warning( `${group?.group_name ?? ""Group""} is invalid: missing required staff (${missing_staff_ids.join("", "")}).`"
lib\calculations\cost-allocation\costAllocationValidation.js,costAllocationValidation.js,lib,3,make_warning,snake_case,warning_id,warning_id,cost-allocation,function make_warning(message) { return message;
lib\calculations\cost-allocation\costAllocationValidation.js,costAllocationValidation.js,lib,32,make_warning,snake_case,warning_id,warning_id,cost-allocation,"duplicate_link_warnings.push( make_warning( `Duplicate active link detected for asset_id ""${link?.asset_id}"" and staff_id ""${link?.staff_id}"".`"
lib\calculations\cost-allocation\costAllocationValidation.js,costAllocationValidation.js,lib,74,make_warning,snake_case,warning_id,warning_id,cost-allocation,"orphan_warnings.push( make_warning( `${staff?.staff_name ?? ""Staff""} is not linked to any asset.`"
lib\calculations\cost-allocation\costAllocationValidation.js,costAllocationValidation.js,lib,82,make_warning,snake_case,warning_id,warning_id,cost-allocation,"orphan_warnings.push( make_warning( `${staff?.staff_name ?? ""Staff""} is not included in any active group.`"
lib\calculations\cost-allocation\costAllocationValidation.js,costAllocationValidation.js,lib,92,make_warning,snake_case,warning_id,warning_id,cost-allocation,"orphan_warnings.push( make_warning( `${asset?.asset_name ?? ""Asset""} is not linked to any staff.`"
lib\calculations\costAllocationRules.js,costAllocationRules.js,lib,263,message,plain,object_key,warning_id,cost-allocation,"warning_key: ""productive_labour_pool_over_allocated"", message: ""Productive Labour Pool is over-allocated. Reduce assigned labour percentage before relying on this allocation."","
lib\calculations\costAllocationRules.js,costAllocationRules.js,lib,271,message,plain,object_key,warning_id,cost-allocation,"warning_key: ""productive_asset_pool_over_allocated"", message: ""Productive Asset Pool is over-allocated. Reduce asset assignment percentages before relying on this allocation."","
lib\calculations\costAllocationRules.js,costAllocationRules.js,lib,279,message,plain,object_key,warning_id,cost-allocation,"warning_key: ""overhead_pool_over_allocated"", message: ""Overhead Pool is over-allocated. Reduce assigned overhead before relying on this allocation."","
lib\selectors\cost-allocation\costAllocationDisplayHelpers.js,costAllocationDisplayHelpers.js,lib,179,message,plain,declaration,warning_id,cost-allocation,warning_groups.flat().forEach((warning) => { const message = get_warning_message(warning).trim();
lib\selectors\cost-allocation\costAllocationDisplayHelpers.js,costAllocationDisplayHelpers.js,lib,215,message,plain,object_key,warning_id,cost-allocation,"title: ""Operating structure needs review"", message: ""The setup checklist is clear, but structural warnings remain in the operating structure."","
lib\selectors\cost-allocation\costAllocationDisplayHelpers.js,costAllocationDisplayHelpers.js,lib,255,message,plain,object_key,warning_id,cost-allocation,"title: ""Cost allocation is not currently supported"", message: get_warning_message(allocation_warnings?.[0]) ||"
lib\selectors\cost-allocation\costAllocationDisplayHelpers.js,costAllocationDisplayHelpers.js,lib,263,message,plain,object_key,warning_id,cost-allocation,"title: ""Allocation evidence needs review"", message: ""Review source-pool assignments, remaining balances, and structural warnings before relying on this allocation profile."","
lib\calculations\cost-allocation\costAllocationStatus.js,costAllocationStatus.js,lib,34,missing_component_required_recovery,snake_case,warning_id,warning_id,cost-allocation,"missing_recovery_plan_target, missing_component_required_recovery, structure_valid,"
lib\calculations\cost-allocation\costAllocationStatus.js,costAllocationStatus.js,lib,44,missing_component_required_recovery,snake_case,warning_id,warning_id,cost-allocation,missing_recovery_plan_target || missing_component_required_recovery || has_asset_structure_issue ||
lib\calculations\cost-allocation\costAllocationWarnings.js,costAllocationWarnings.js,lib,11,missing_component_required_recovery,snake_case,warning_id,warning_id,cost-allocation,"missing_recovery_plan_target, missing_component_required_recovery, structure_valid,"
lib\calculations\cost-allocation\costAllocationWarnings.js,costAllocationWarnings.js,lib,51,missing_component_required_recovery,snake_case,warning_id,warning_id,cost-allocation,if (missing_component_required_recovery) { setup_warnings.push(
lib\calculations\cost-allocation\costAllocationWarnings.js,costAllocationWarnings.js,lib,54,missing_component_required_recovery,snake_case,warning_id,warning_id,cost-allocation,"make_allocation_warning( ""missing_component_required_recovery"", ""Component required recovery is missing from Recovery Summary."""
lib\calculations\costAllocationRules.js,costAllocationRules.js,lib,212,missing_component_required_recovery,snake_case,declaration,warning_id,cost-allocation,const missing_component_required_recovery = !has_component_required_recovery(inputs.component_required_recovery);
lib\calculations\costAllocationRules.js,costAllocationRules.js,lib,287,missing_component_required_recovery,snake_case,warning_id,warning_id,cost-allocation,"missing_recovery_plan_target, missing_component_required_recovery, structure_valid,"
lib\calculations\costAllocationRules.js,costAllocationRules.js,lib,321,missing_component_required_recovery,snake_case,warning_id,warning_id,cost-allocation,"missing_recovery_plan_target, missing_component_required_recovery, structure_valid,"
lib\calculations\cost-allocation\costAllocationWarnings.js,costAllocationWarnings.js,lib,10,missing_recovery_plan_target,snake_case,snake_case_reference,warning_id,cost-allocation,"recovery_summary_ready, missing_recovery_plan_target, missing_component_required_recovery,"
lib\calculations\cost-allocation\costAllocationWarnings.js,costAllocationWarnings.js,lib,42,missing_recovery_plan_target,snake_case,snake_case_reference,warning_id,cost-allocation,if (missing_recovery_plan_target) { setup_warnings.push(
lib\calculations\cost-allocation\costAllocationWarnings.js,costAllocationWarnings.js,lib,45,missing_recovery_plan_target,snake_case,snake_case_reference,warning_id,cost-allocation,"make_allocation_warning( ""missing_recovery_plan_target"", ""Recovery plan target per driver is missing from Recovery Summary."""
lib\calculations\cost-allocation\costAllocationWarnings.js,costAllocationWarnings.js,lib,90,no_operational_groups_created,snake_case,snake_case_reference,warning_id,cost-allocation,"make_allocation_warning( ""no_operational_groups_created"", ""No operating groups have been created yet."""
lib\selectors\cost-allocation\costAllocationStatusSelectors.js,costAllocationStatusSelectors.js,lib,21,not_supported,snake_case,snake_case_reference,warning_id,cost-allocation,"const status_copy = get_status_copy( calculated?.allocation_status ?? ""not_supported"", setup_warnings.length,"
lib\calculations\cost-allocation\costAllocationValidation.js,costAllocationValidation.js,lib,30,pair_key,snake_case,snake_case_reference,warning_id,cost-allocation,if (seen_pairs.has(pair_key)) { duplicate_link_warnings.push(
hooks\cost-allocation\useCostAllocationOutputContract.js,useCostAllocationOutputContract.js,hooks,73,ready_with_dependency,snake_case,snake_case_reference,warning_id,cost-allocation,"calculated.allocation_status === ""ready"" || calculated.allocation_status === ""ready_with_dependency"", cost_allocation_warnings: calculated.allocation_warnings,"
lib\selectors\cost-allocation\costAllocationDisplayHelpers.js,costAllocationDisplayHelpers.js,lib,23,reason,plain,object_key,warning_id,cost-allocation,"status_label: ""Structure needs review"", reason: ""The setup checklist is clear, but structural warnings remain in the operating structure."","
lib\calculations\cost-allocation\costAllocationInputBuilder.js,costAllocationInputBuilder.js,lib,48,recovery_model,snake_case,object_key,warning_id,cost-allocation,"safe_array(recovery_outputs?.recovery_summary_warnings), recovery_model: recovery_outputs?.recovery_model ?? ""labour_only"", recovery_plan_target_per_driver: safe_number("
lib\calculations\cost-allocation\costAllocationInputBuilder.js,costAllocationInputBuilder.js,lib,45,recovery_outputs,snake_case,snake_case_reference,warning_id,cost-allocation,"recovery_summary_status: recovery_outputs?.recovery_summary_status ?? ""blocked"", recovery_summary_warnings:"
lib\calculations\cost-allocation\costAllocationInputBuilder.js,costAllocationInputBuilder.js,lib,47,recovery_outputs,snake_case,snake_case_reference,warning_id,cost-allocation,"recovery_summary_warnings: safe_array(recovery_outputs?.recovery_summary_warnings), recovery_model: recovery_outputs?.recovery_model ?? ""labour_only"","
lib\calculations\cost-allocation\costAllocationInputBuilder.js,costAllocationInputBuilder.js,lib,48,recovery_outputs,snake_case,snake_case_reference,warning_id,cost-allocation,"safe_array(recovery_outputs?.recovery_summary_warnings), recovery_model: recovery_outputs?.recovery_model ?? ""labour_only"", recovery_plan_target_per_driver: safe_number("
lib\recovery\recoveryRiskWarningSystem.js,recoveryRiskWarningSystem.js,lib,189,recovery_share_total_percent,snake_case,declaration,warning_id,cost-allocation,"const recovery_share_total_percent = round_percent( rows.reduce((total, row) => total + to_number(row.share_percent), 0)"
lib\recovery\recoveryRiskWarningSystem.js,recoveryRiskWarningSystem.js,lib,195,recovery_share_total_percent,snake_case,snake_case_reference,warning_id,cost-allocation,"0, round_percent(100 - recovery_share_total_percent) );"
lib\recovery\recoveryRiskWarningSystem.js,recoveryRiskWarningSystem.js,lib,200,recovery_share_total_percent,snake_case,snake_case_reference,warning_id,cost-allocation,"0, round_percent(recovery_share_total_percent - 100) );"
lib\recovery\recoveryRiskWarningSystem.js,recoveryRiskWarningSystem.js,lib,205,recovery_share_total_percent,snake_case,snake_case_reference,warning_id,cost-allocation,if (recovery_share_total_percent < 100 - tolerance_percent) { warnings.push(
lib\recovery\recoveryRiskWarningSystem.js,recoveryRiskWarningSystem.js,lib,215,recovery_share_total_percent,snake_case,snake_case_reference,warning_id,cost-allocation,"headline: ""Recovery shares are below 100%"", message: `Recovery shares total ${recovery_share_total_percent}%, leaving ${unallocated_share_percent}% unallocated.`, plain_english:"
lib\recovery\recoveryRiskWarningSystem.js,recoveryRiskWarningSystem.js,lib,228,recovery_share_total_percent,snake_case,snake_case_reference,warning_id,cost-allocation,"context: { recovery_share_total_percent, unallocated_share_percent,"
lib\recovery\recoveryRiskWarningSystem.js,recoveryRiskWarningSystem.js,lib,236,recovery_share_total_percent,snake_case,snake_case_reference,warning_id,cost-allocation,if (recovery_share_total_percent > 100 + tolerance_percent) { warnings.push(
lib\recovery\recoveryRiskWarningSystem.js,recoveryRiskWarningSystem.js,lib,246,recovery_share_total_percent,snake_case,snake_case_reference,warning_id,cost-allocation,"headline: ""Recovery shares are above 100%"", message: `Recovery shares total ${recovery_share_total_percent}%, which over-allocates the recovery burden by ${over_allocated_share_percent}%.`, plain_english:"
lib\recovery\recoveryRiskWarningSystem.js,recoveryRiskWarningSystem.js,lib,258,recovery_share_total_percent,snake_case,snake_case_reference,warning_id,cost-allocation,"context: { recovery_share_total_percent, unallocated_share_percent,"
lib\recovery\recoveryRiskWarningSystem.js,recoveryRiskWarningSystem.js,lib,266,recovery_share_total_percent,snake_case,snake_case_reference,warning_id,cost-allocation,if (Math.abs(recovery_share_total_percent - 100) <= tolerance_percent) { warnings.push(
lib\recovery\recoveryRiskWarningSystem.js,recoveryRiskWarningSystem.js,lib,282,recovery_share_total_percent,snake_case,snake_case_reference,warning_id,cost-allocation,"context: { recovery_share_total_percent, unallocated_share_percent,"
lib\recovery\recoveryRiskWarningSystem.js,recoveryRiskWarningSystem.js,lib,291,recovery_share_total_percent,snake_case,snake_case_reference,warning_id,cost-allocation,"return { recovery_share_total_percent, unallocated_share_percent,"
lib\recovery\recoveryRiskWarningSystem.js,recoveryRiskWarningSystem.js,lib,411,recovery_share_total_percent,snake_case,object_key,warning_id,cost-allocation,"module, recovery_share_total_percent: share_total_result.recovery_share_total_percent,"
lib\recovery\recoveryRiskWarningSystem.js,recoveryRiskWarningSystem.js,lib,412,recovery_share_total_percent,snake_case,snake_case_reference,warning_id,cost-allocation,"recovery_share_total_percent: share_total_result.recovery_share_total_percent, unallocated_share_percent: share_total_result.unallocated_share_percent,"
components\cost-allocation\CostAllocationStatusStrip.jsx,CostAllocationStatusStrip.jsx,components,153,remaining_source_pool,snake_case,snake_case_reference,warning_id,cost-allocation,const has_remaining_source_pool = Number(remaining_source_pool || 0) > 1; const has_warnings = Number(warning_count || 0) > 0;
components\cost-allocation\CostAllocationEvidenceBreakdown.jsx,CostAllocationEvidenceBreakdown.jsx,components,273,review_required,snake_case,warning_id,warning_id,cost-allocation,"<p className=""ui-help""> {row.allocation_status || ""review_required""} </p>"
components\cost-allocation\CostAllocationGroupsCard.jsx,CostAllocationGroupsCard.jsx,components,89,review_required,snake_case,warning_id,warning_id,cost-allocation,"total_division_cost: 0, allocation_status: ""review_required"", }"
hooks\cost-allocation\useCostAllocationAssignmentCards.js,useCostAllocationAssignmentCards.js,hooks,166,review_required,snake_case,warning_id,warning_id,cost-allocation,"calculated?.labour_pool_status || ""review_required"","
hooks\cost-allocation\useCostAllocationAssignmentCards.js,useCostAllocationAssignmentCards.js,hooks,172,review_required,snake_case,warning_id,warning_id,cost-allocation,"calculated?.labour_pool_status || ""review_required"", };"
hooks\cost-allocation\useCostAllocationAssignmentCards.js,useCostAllocationAssignmentCards.js,hooks,240,review_required,snake_case,warning_id,warning_id,cost-allocation,"calculated?.asset_pool_status || ""review_required"", };"
hooks\cost-allocation\useCostAllocationAssignmentCards.js,useCostAllocationAssignmentCards.js,hooks,283,review_required,snake_case,warning_id,warning_id,cost-allocation,"calculated?.overhead_pool_status || ""review_required"", };"
lib\calculations\cost-allocation\costAllocationDivisionBuilders.js,costAllocationDivisionBuilders.js,lib,157,review_required,snake_case,warning_id,warning_id,cost-allocation,"is_valid, allocation_status: is_valid ? ""assigned"" : ""review_required"", };"
lib\calculations\cost-allocation\costAllocationPoolBuilders.js,costAllocationPoolBuilders.js,lib,576,review_required,snake_case,warning_id,warning_id,cost-allocation,"allocation_status: total_group_cost > 0 ? ""assigned"" : ""review_required"", };"
lib\selectors\cost-allocation\costAllocationCardSections.js,costAllocationCardSections.js,lib,166,review_required,snake_case,warning_id,warning_id,cost-allocation,"calculated?.productive_labour_pool?.allocation_status ?? ""review_required"", };"
lib\selectors\cost-allocation\costAllocationDisplayHelpers.js,costAllocationDisplayHelpers.js,lib,147,review_required,snake_case,object_key,warning_id,cost-allocation,"assigned: ""Assigned"", review_required: ""Review required"", };"
lib\calculations\cost-allocation\costAllocationInputBuilder.js,costAllocationInputBuilder.js,lib,47,safe_array,snake_case,snake_case_reference,warning_id,cost-allocation,"recovery_summary_warnings: safe_array(recovery_outputs?.recovery_summary_warnings), recovery_model: recovery_outputs?.recovery_model ?? ""labour_only"","
lib\calculations\cost-allocation\costAllocationValidation.js,costAllocationValidation.js,lib,182,safe_array,snake_case,snake_case_reference,warning_id,cost-allocation,}) { if (safe_array(duplicate_link_warnings).length > 0) { return false;
lib\calculations\costAllocationRules.js,costAllocationRules.js,lib,310,safe_array,snake_case,snake_case_reference,warning_id,cost-allocation,"const setup_warnings = [ ...safe_array(built_warnings.setup_warnings), ...source_pool_warnings,"
lib\calculations\costAllocationRules.js,costAllocationRules.js,lib,314,safe_array,snake_case,snake_case_reference,warning_id,cost-allocation,const structural_warnings = safe_array(built_warnings.structural_warnings);
lib\selectors\cost-allocation\costAllocationDisplayHelpers.js,costAllocationDisplayHelpers.js,lib,175,seen,plain,declaration,warning_id,cost-allocation,export function get_unique_warnings(warning_groups = []) { const seen = new Set(); const warnings = [];
lib\calculations\cost-allocation\costAllocationValidation.js,costAllocationValidation.js,lib,24,seen_pairs,snake_case,declaration,warning_id,cost-allocation,export function get_duplicate_link_warnings(active_links) { const seen_pairs = new Set(); const duplicate_link_warnings = [];
lib\calculations\cost-allocation\costAllocationValidation.js,costAllocationValidation.js,lib,30,seen_pairs,snake_case,snake_case_reference,warning_id,cost-allocation,if (seen_pairs.has(pair_key)) { duplicate_link_warnings.push(
components\cost-allocation\CostAllocationMainCard.jsx,CostAllocationMainCard.jsx,components,245,set_active_check,snake_case,snake_case_reference,warning_id,cost-allocation,"} onClick={() => set_active_check(""structural_warnings"")} >"
components\cost-allocation\CostAllocationMainCard.jsx,CostAllocationMainCard.jsx,components,152,setup_count,snake_case,declaration,warning_id,cost-allocation,const setup_count = Array.isArray(evidence?.setup_warnings) ? evidence.setup_warnings.length
components\cost-allocation\CostAllocationMainCard.jsx,CostAllocationMainCard.jsx,components,160,setup_count,snake_case,snake_case_reference,warning_id,cost-allocation,const warning_count = setup_count + structural_count;
components\cost-allocation\CostAllocationStatusStrip.jsx,CostAllocationStatusStrip.jsx,components,111,setup_warning_count,snake_case,declaration,warning_id,cost-allocation,const setup_warning_count = Array.isArray(outcome?.setup_warnings) ? outcome.setup_warnings.length
components\cost-allocation\CostAllocationStatusStrip.jsx,CostAllocationStatusStrip.jsx,components,128,setup_warning_count,snake_case,warning_id,warning_id,cost-allocation,outcome?.warnings_count || setup_warning_count + structural_warning_count || 0;
lib\selectors\cost-allocation\costAllocationCardSections.js,costAllocationCardSections.js,lib,19,setup_warnings_count,snake_case,warning_id,warning_id,cost-allocation,"warning_count, setup_warnings_count, structural_warnings_count,"
lib\selectors\cost-allocation\costAllocationCardSections.js,costAllocationCardSections.js,lib,267,setup_warnings_count,snake_case,warning_id,warning_id,cost-allocation,"allocation_warnings, setup_warnings_count, structural_warnings_count,"
lib\selectors\cost-allocation\costAllocationCardSections.js,costAllocationCardSections.js,lib,282,setup_warnings_count,snake_case,warning_id,warning_id,cost-allocation,"allocation_warnings, setup_warnings_count, structural_warnings_count,"
lib\selectors\cost-allocation\costAllocationCardSections.js,costAllocationCardSections.js,lib,33,setup_warnings_count,snake_case,warning_id,warning_id,cost-allocation,"internal_capacity_shortfall, setup_warnings_count, structural_warnings_count,"
lib\selectors\cost-allocation\costAllocationCardSections.js,costAllocationCardSections.js,lib,52,setup_warnings_count,snake_case,warning_id,warning_id,cost-allocation,"warning_count, setup_warnings_count, structural_warnings_count,"
lib\selectors\cost-allocation\costAllocationCardSelectors.js,costAllocationCardSelectors.js,lib,136,setup_warnings_count,snake_case,warning_id,warning_id,cost-allocation,"warning_count, setup_warnings_count, structural_warnings_count,"
lib\selectors\cost-allocation\costAllocationCardSelectors.js,costAllocationCardSelectors.js,lib,93,setup_warnings_count,snake_case,declaration,warning_id,cost-allocation,const warning_count = allocation_warnings.length; const setup_warnings_count = setup_warnings.length; const structural_warnings_count = structural_warnings.length;
lib\selectors\cost-allocation\costAllocationCardSelectors.js,costAllocationCardSelectors.js,lib,98,setup_warnings_count,snake_case,warning_id,warning_id,cost-allocation,"allocation_status, setup_warnings_count, structural_warnings_count"
lib\selectors\cost-allocation\costAllocationDisplayHelpers.js,costAllocationDisplayHelpers.js,lib,10,setup_warnings_count,snake_case,warning_id,warning_id,cost-allocation,) { if (setup_warnings_count > 0) { return {
lib\selectors\cost-allocation\costAllocationDisplayHelpers.js,costAllocationDisplayHelpers.js,lib,104,setup_warnings_count,snake_case,warning_id,warning_id,cost-allocation,"internal_capacity_shortfall, setup_warnings_count = 0, structural_warnings_count = 0,"
lib\selectors\cost-allocation\costAllocationDisplayHelpers.js,costAllocationDisplayHelpers.js,lib,109,setup_warnings_count,snake_case,warning_id,warning_id,cost-allocation,"allocation_status, setup_warnings_count, structural_warnings_count"
lib\selectors\cost-allocation\costAllocationDisplayHelpers.js,costAllocationDisplayHelpers.js,lib,201,setup_warnings_count,snake_case,warning_id,warning_id,cost-allocation,"allocation_warnings, setup_warnings_count = 0, structural_warnings_count = 0,"
lib\selectors\cost-allocation\costAllocationDisplayHelpers.js,costAllocationDisplayHelpers.js,lib,204,setup_warnings_count,snake_case,warning_id,warning_id,cost-allocation,}) { if (setup_warnings_count > 0) { return {
lib\selectors\cost-allocation\costAllocationDisplayHelpers.js,costAllocationDisplayHelpers.js,lib,7,setup_warnings_count,snake_case,warning_id,warning_id,cost-allocation,"allocation_status, setup_warnings_count = 0, structural_warnings_count = 0"
lib\selectors\cost-allocation\costAllocationStatusSelectors.js,costAllocationStatusSelectors.js,lib,85,setup_warnings_count,snake_case,object_key,warning_id,cost-allocation,"setup_warnings_count: setup_warnings.length, structural_warnings_count: structural_warnings.length,"
lib\selectors\cost-allocation\costAllocationDisplayHelpers.js,costAllocationDisplayHelpers.js,lib,189,source,plain,object_key,warning_id,cost-allocation,"message, source: warning?.warning_key || warning?.source || """", });"
lib\selectors\cost-allocation\costAllocationCardSections.js,costAllocationCardSections.js,lib,21,status_copy,snake_case,snake_case_reference,warning_id,cost-allocation,"structural_warnings_count, status_copy, group_first_counts,"
lib\selectors\cost-allocation\costAllocationCardSelectors.js,costAllocationCardSelectors.js,lib,139,status_copy,snake_case,snake_case_reference,warning_id,cost-allocation,"status_copy, unique_setup_warnings,"
components\cost-allocation\CostAllocationMainCard.jsx,CostAllocationMainCard.jsx,components,156,structural_count,snake_case,declaration,warning_id,cost-allocation,const structural_count = Array.isArray(evidence?.structural_warnings) ? evidence.structural_warnings.length
components\cost-allocation\CostAllocationMainCard.jsx,CostAllocationMainCard.jsx,components,160,structural_count,snake_case,snake_case_reference,warning_id,cost-allocation,const warning_count = setup_count + structural_count;
components\cost-allocation\CostAllocationStatusStrip.jsx,CostAllocationStatusStrip.jsx,components,117,structural_warning_count,snake_case,declaration,warning_id,cost-allocation,const structural_warning_count = Array.isArray(outcome?.structural_warnings) ? outcome.structural_warnings.length
components\cost-allocation\CostAllocationStatusStrip.jsx,CostAllocationStatusStrip.jsx,components,128,structural_warning_count,snake_case,warning_id,warning_id,cost-allocation,outcome?.warnings_count || setup_warning_count + structural_warning_count || 0;
lib\selectors\cost-allocation\costAllocationCardSections.js,costAllocationCardSections.js,lib,20,structural_warnings_count,snake_case,warning_id,warning_id,cost-allocation,"setup_warnings_count, structural_warnings_count, status_copy,"
lib\selectors\cost-allocation\costAllocationCardSections.js,costAllocationCardSections.js,lib,268,structural_warnings_count,snake_case,warning_id,warning_id,cost-allocation,"setup_warnings_count, structural_warnings_count, unique_setup_warnings,"
lib\selectors\cost-allocation\costAllocationCardSections.js,costAllocationCardSections.js,lib,283,structural_warnings_count,snake_case,warning_id,warning_id,cost-allocation,"setup_warnings_count, structural_warnings_count, }),"
lib\selectors\cost-allocation\costAllocationCardSections.js,costAllocationCardSections.js,lib,34,structural_warnings_count,snake_case,warning_id,warning_id,cost-allocation,"setup_warnings_count, structural_warnings_count, }),"
lib\selectors\cost-allocation\costAllocationCardSections.js,costAllocationCardSections.js,lib,53,structural_warnings_count,snake_case,warning_id,warning_id,cost-allocation,"setup_warnings_count, structural_warnings_count,"
lib\selectors\cost-allocation\costAllocationCardSelectors.js,costAllocationCardSelectors.js,lib,137,structural_warnings_count,snake_case,warning_id,warning_id,cost-allocation,"setup_warnings_count, structural_warnings_count,"
lib\selectors\cost-allocation\costAllocationCardSelectors.js,costAllocationCardSelectors.js,lib,94,structural_warnings_count,snake_case,declaration,warning_id,cost-allocation,const setup_warnings_count = setup_warnings.length; const structural_warnings_count = structural_warnings.length;
lib\selectors\cost-allocation\costAllocationCardSelectors.js,costAllocationCardSelectors.js,lib,99,structural_warnings_count,snake_case,warning_id,warning_id,cost-allocation,"setup_warnings_count, structural_warnings_count );"
lib\selectors\cost-allocation\costAllocationDisplayHelpers.js,costAllocationDisplayHelpers.js,lib,105,structural_warnings_count,snake_case,warning_id,warning_id,cost-allocation,"setup_warnings_count = 0, structural_warnings_count = 0, }) {"
lib\selectors\cost-allocation\costAllocationDisplayHelpers.js,costAllocationDisplayHelpers.js,lib,110,structural_warnings_count,snake_case,warning_id,warning_id,cost-allocation,"setup_warnings_count, structural_warnings_count );"
lib\selectors\cost-allocation\costAllocationDisplayHelpers.js,costAllocationDisplayHelpers.js,lib,19,structural_warnings_count,snake_case,warning_id,warning_id,cost-allocation,if (structural_warnings_count > 0) { return {
lib\selectors\cost-allocation\costAllocationDisplayHelpers.js,costAllocationDisplayHelpers.js,lib,202,structural_warnings_count,snake_case,warning_id,warning_id,cost-allocation,"setup_warnings_count = 0, structural_warnings_count = 0, }) {"
lib\selectors\cost-allocation\costAllocationDisplayHelpers.js,costAllocationDisplayHelpers.js,lib,212,structural_warnings_count,snake_case,warning_id,warning_id,cost-allocation,if (structural_warnings_count > 0) { return {
lib\selectors\cost-allocation\costAllocationDisplayHelpers.js,costAllocationDisplayHelpers.js,lib,8,structural_warnings_count,snake_case,warning_id,warning_id,cost-allocation,"setup_warnings_count = 0, structural_warnings_count = 0 ) {"
lib\selectors\cost-allocation\costAllocationStatusSelectors.js,costAllocationStatusSelectors.js,lib,86,structural_warnings_count,snake_case,object_key,warning_id,cost-allocation,"setup_warnings_count: setup_warnings.length, structural_warnings_count: structural_warnings.length, warnings_count: allocation_warnings.length,"
lib\calculations\cost-allocation\costAllocationWarnings.js,costAllocationWarnings.js,lib,63,structure_incomplete,snake_case,snake_case_reference,warning_id,cost-allocation,"make_allocation_warning( ""structure_incomplete"", ""Complete the operating groups and productive source-pool assignments required for the selected recovery plan."""
lib\calculations\cost-allocation\costAllocationWarnings.js,costAllocationWarnings.js,lib,12,structure_valid,snake_case,snake_case_reference,warning_id,cost-allocation,"missing_component_required_recovery, structure_valid, has_low_staff_coverage,"
lib\calculations\cost-allocation\costAllocationWarnings.js,costAllocationWarnings.js,lib,60,structure_valid,snake_case,snake_case_reference,warning_id,cost-allocation,if (!structure_valid) { setup_warnings.push(
lib\selectors\cost-allocation\costAllocationCardSections.js,costAllocationCardSections.js,lib,265,structure_valid,snake_case,snake_case_reference,warning_id,cost-allocation,"allocation_status, structure_valid, allocation_warnings,"
lib\selectors\cost-allocation\costAllocationCardSections.js,costAllocationCardSections.js,lib,280,structure_valid,snake_case,snake_case_reference,warning_id,cost-allocation,"allocation_status, structure_valid, allocation_warnings,"
lib\selectors\cost-allocation\costAllocationDisplayHelpers.js,costAllocationDisplayHelpers.js,lib,199,structure_valid,snake_case,snake_case_reference,warning_id,cost-allocation,"allocation_status, structure_valid, allocation_warnings,"
components\cost-allocation\CostAllocationStatusStrip.jsx,CostAllocationStatusStrip.jsx,components,66,total_grouped_operating_cost,snake_case,snake_case_reference,warning_id,cost-allocation,"warnings_count: flat_warnings_count, total_grouped_operating_cost = 0, total_unassigned_cost = 0,"
lib\calculations\cost-allocation\costAllocationValidation.js,costAllocationValidation.js,lib,175,total_operational_groups,snake_case,snake_case_reference,warning_id,cost-allocation,"duplicate_link_warnings, total_operational_groups, invalid_operational_groups,"
lib\calculations\costAllocationRules.js,costAllocationRules.js,lib,189,total_operational_groups,snake_case,snake_case_reference,warning_id,cost-allocation,"duplicate_link_warnings, total_operational_groups, invalid_operational_groups,"
lib\calculations\cost-allocation\costAllocationWarnings.js,costAllocationWarnings.js,lib,189,unassigned_operating_cost,snake_case,snake_case_reference,warning_id,cost-allocation,"make_allocation_warning( ""unassigned_operating_cost"", ""Some productive labour, asset, or overhead cost remains outside operating groups."""
lib\calculations\costAllocationRules.js,costAllocationRules.js,lib,98,validate_groups,snake_case,snake_case_reference,warning_id,cost-allocation,"const { validated_groups, group_validation_warnings } = validate_groups({ active_groups: active_operational_groups,"
lib\calculations\cost-allocation\costAllocationValidation.js,costAllocationValidation.js,lib,116,validated_groups,snake_case,declaration,warning_id,cost-allocation,const group_validation_warnings = []; const validated_groups = [];
lib\calculations\cost-allocation\costAllocationValidation.js,costAllocationValidation.js,lib,166,validated_groups,snake_case,snake_case_reference,warning_id,cost-allocation,"return { validated_groups, group_validation_warnings,"
lib\calculations\costAllocationRules.js,costAllocationRules.js,lib,98,validated_groups,snake_case,destructured_name,warning_id,cost-allocation,"const { validated_groups, group_validation_warnings } = validate_groups({ active_groups: active_operational_groups,"
components\cost-allocation\CostAllocationMainCard.jsx,CostAllocationMainCard.jsx,components,160,warning_count,snake_case,declaration,warning_id,cost-allocation,const warning_count = setup_count + structural_count;
components\cost-allocation\CostAllocationMainCard.jsx,CostAllocationMainCard.jsx,components,182,warning_count,snake_case,snake_case_reference,warning_id,cost-allocation,> Show checks ({formatCount(warning_count)}) </button>
components\cost-allocation\CostAllocationStatusStrip.jsx,CostAllocationStatusStrip.jsx,components,123,warning_count,snake_case,declaration,warning_id,cost-allocation,const warning_count = flat_warnings_count ||
components\cost-allocation\CostAllocationStatusStrip.jsx,CostAllocationStatusStrip.jsx,components,126,warning_count,snake_case,snake_case_reference,warning_id,cost-allocation,status?.warnings_count || outcome?.warning_count || outcome?.warnings_count ||
components\cost-allocation\CostAllocationStatusStrip.jsx,CostAllocationStatusStrip.jsx,components,154,warning_count,snake_case,snake_case_reference,warning_id,cost-allocation,const has_remaining_source_pool = Number(remaining_source_pool || 0) > 1; const has_warnings = Number(warning_count || 0) > 0;
components\cost-allocation\CostAllocationStatusStrip.jsx,CostAllocationStatusStrip.jsx,components,218,warning_count,snake_case,snake_case_reference,warning_id,cost-allocation,"label=""Warnings"" value={formatCount(warning_count)} help={has_warnings ? ""Review before relying."" : ""No active warnings.""}"
lib\selectors\cost-allocation\costAllocationCardSections.js,costAllocationCardSections.js,lib,18,warning_count,snake_case,snake_case_reference,warning_id,cost-allocation,"external_delivery_required, warning_count, setup_warnings_count,"
lib\selectors\cost-allocation\costAllocationCardSections.js,costAllocationCardSections.js,lib,51,warning_count,snake_case,snake_case_reference,warning_id,cost-allocation,"external_delivery_required, warning_count, setup_warnings_count,"
lib\selectors\cost-allocation\costAllocationCardSelectors.js,costAllocationCardSelectors.js,lib,135,warning_count,snake_case,snake_case_reference,warning_id,cost-allocation,"warning_count, setup_warnings_count,"
lib\selectors\cost-allocation\costAllocationCardSelectors.js,costAllocationCardSelectors.js,lib,92,warning_count,snake_case,declaration,warning_id,cost-allocation,const warning_count = allocation_warnings.length; const setup_warnings_count = setup_warnings.length;
lib\selectors\cost-allocation\costAllocationDisplayHelpers.js,costAllocationDisplayHelpers.js,lib,174,warning_groups,snake_case,snake_case_reference,warning_id,cost-allocation,export function get_unique_warnings(warning_groups = []) { const seen = new Set();
lib\selectors\cost-allocation\costAllocationDisplayHelpers.js,costAllocationDisplayHelpers.js,lib,178,warning_groups,snake_case,snake_case_reference,warning_id,cost-allocation,warning_groups.flat().forEach((warning) => { const message = get_warning_message(warning).trim();
components\cost-allocation\CostAllocationEvidenceBreakdown.jsx,CostAllocationEvidenceBreakdown.jsx,components,95,warning_key,snake_case,snake_case_reference,warning_id,cost-allocation,warning?.label || warning?.warning_key || warning?.key ||
lib\calculations\cost-allocation\costAllocationWarnings.js,costAllocationWarnings.js,lib,1,warning_key,snake_case,snake_case_reference,warning_id,cost-allocation,"export function make_allocation_warning(warning_key, message) { return {"
lib\calculations\cost-allocation\costAllocationWarnings.js,costAllocationWarnings.js,lib,3,warning_key,snake_case,snake_case_reference,warning_id,cost-allocation,"return { warning_key, message,"
lib\calculations\costAllocationRules.js,costAllocationRules.js,lib,262,warning_key,snake_case,object_key,warning_id,cost-allocation,"source_pool_warnings.push({ warning_key: ""productive_labour_pool_over_allocated"", message:"
lib\calculations\costAllocationRules.js,costAllocationRules.js,lib,270,warning_key,snake_case,object_key,warning_id,cost-allocation,"source_pool_warnings.push({ warning_key: ""productive_asset_pool_over_allocated"", message:"
lib\calculations\costAllocationRules.js,costAllocationRules.js,lib,278,warning_key,snake_case,object_key,warning_id,cost-allocation,"source_pool_warnings.push({ warning_key: ""overhead_pool_over_allocated"", message:"
lib\selectors\cost-allocation\costAllocationDisplayHelpers.js,costAllocationDisplayHelpers.js,lib,155,warning_key,snake_case,snake_case_reference,warning_id,cost-allocation,"if (warning && typeof warning === ""object"") { return warning.message || warning.label || warning.warning_key || """"; }"
lib\selectors\cost-allocation\costAllocationDisplayHelpers.js,costAllocationDisplayHelpers.js,lib,189,warning_key,snake_case,snake_case_reference,warning_id,cost-allocation,"message, source: warning?.warning_key || warning?.source || """", });"
components\cost-allocation\CostAllocationStatusStrip.jsx,CostAllocationStatusStrip.jsx,components,125,warnings_count,snake_case,snake_case_reference,warning_id,cost-allocation,flat_warnings_count || status?.warnings_count || outcome?.warning_count ||
components\cost-allocation\CostAllocationStatusStrip.jsx,CostAllocationStatusStrip.jsx,components,127,warnings_count,snake_case,snake_case_reference,warning_id,cost-allocation,outcome?.warning_count || outcome?.warnings_count || setup_warning_count + structural_warning_count ||
components\cost-allocation\CostAllocationStatusStrip.jsx,CostAllocationStatusStrip.jsx,components,65,warnings_count,snake_case,object_key,warning_id,cost-allocation,"working_units_count: flat_working_units_count, warnings_count: flat_warnings_count, total_grouped_operating_cost = 0,"
lib\selectors\cost-allocation\costAllocationStatusSelectors.js,costAllocationStatusSelectors.js,lib,87,warnings_count,snake_case,object_key,warning_id,cost-allocation,"structural_warnings_count: structural_warnings.length, warnings_count: allocation_warnings.length, warnings: allocation_warnings,"
components\cost-allocation\CostAllocationStatusStrip.jsx,CostAllocationStatusStrip.jsx,components,64,working_units_count,snake_case,object_key,warning_id,cost-allocation,"operating_groups_count: flat_operating_groups_count, working_units_count: flat_working_units_count, warnings_count: flat_warnings_count,"
components\cost-summary\CostSummaryStatusStrip.jsx,CostSummaryStatusStrip.jsx,components,115,checks,plain,object_key,warning_id,cost-summary,"<p className=""ui-help""> Warning checks: {warning_checks.length}. Review before relying on downstream decisions."
lib\calculations\businessSummaryCalculations.js,businessSummaryCalculations.js,lib,147,cost_summary_required_recovery_rate,snake_case,warning_id,warning_id,cost-summary,recovery_hours_used > 0 ? actual_recovery_rate - cost_summary_required_recovery_rate : 0;
lib\calculations\businessSummaryCalculations.js,businessSummaryCalculations.js,lib,159,cost_summary_required_recovery_rate,snake_case,warning_id,warning_id,cost-summary,"? safe_divide(operating_cost_total, recovery_hours_used) : cost_summary_required_recovery_rate;"
lib\calculations\businessSummaryCalculations.js,businessSummaryCalculations.js,lib,216,cost_summary_required_recovery_rate,snake_case,warning_id,warning_id,cost-summary,"required_recovery_rate: cost_summary_required_recovery_rate, productive_hour_required_recovery_rate,"
lib\calculations\businessSummaryCalculations.js,businessSummaryCalculations.js,lib,73,cost_summary_required_recovery_rate,snake_case,declaration,warning_id,cost-summary,const units_sold_total = to_number(units_sold_annual); const cost_summary_required_recovery_rate = to_number(required_recovery_rate); const recovery_hours_used =
hooks\cost-allocation\useCostAllocationOutputContract.js,useCostAllocationOutputContract.js,hooks,100,group_required_recovery_rate,snake_case,object_key,warning_id,cost-summary,"group_recovery_basis_label: calculated.group_recovery_basis_label, group_required_recovery_rate: calculated.group_required_recovery_rate,"
hooks\useCostAllocation.js,useCostAllocation.js,hooks,463,group_required_recovery_rate,snake_case,object_key,warning_id,cost-summary,"group_recovery_basis_label: calculated.group_recovery_basis_label, group_required_recovery_rate: calculated.group_required_recovery_rate,"
lib\selectors\costSummarySelectors.js,costSummarySelectors.js,lib,132,missing_modules,snake_case,declaration,warning_id,cost-summary,const warnings = []; const missing_modules = []; const has_labour_data = Object.prototype.hasOwnProperty.call(
lib\selectors\costSummarySelectors.js,costSummarySelectors.js,lib,151,missing_modules,snake_case,snake_case_reference,warning_id,cost-summary,"warnings.push(""Labour output is missing. Fix Labour before trusting Cost Summary.""); missing_modules.push(""Labour""); }"
lib\selectors\costSummarySelectors.js,costSummarySelectors.js,lib,156,missing_modules,snake_case,snake_case_reference,warning_id,cost-summary,"warnings.push(""Assets output is missing. Fix Assets before trusting Cost Summary.""); missing_modules.push(""Assets""); }"
lib\selectors\costSummarySelectors.js,costSummarySelectors.js,lib,198,missing_modules,snake_case,snake_case_reference,warning_id,cost-summary,": ""0"", missing_modules, warnings: [...warnings, ...warning_checks],"
components\cost-summary\CostSummaryStatusStrip.jsx,CostSummaryStatusStrip.jsx,components,109,modules,plain,object_key,warning_id,cost-summary,"<p className=""ui-help""> Warning modules: {warning_modules.join("", "")}. </p>"
lib\selectors\businessSummarySelectors.js,businessSummarySelectors.js,lib,60,no_cost_summary_data,snake_case,snake_case_reference,warning_id,cost-summary,"warnings.push({ warning_id: ""no_cost_summary_data"", message: ""Operating Costs are zero in the Cost Summary output."","
lib\selectors\quoteEngineSelectors.js,quoteEngineSelectors.js,lib,96,no_required_recovery_rate,snake_case,warning_id,warning_id,cost-summary,"warnings.push({ warning_id: ""no_required_recovery_rate"", message:"
lib\calculations\businessSummaryCalculations.js,businessSummaryCalculations.js,lib,156,productive_hour_required_recovery_rate,snake_case,declaration,warning_id,cost-summary,*/ const productive_hour_required_recovery_rate = recovery_hours_used > 0
lib\calculations\businessSummaryCalculations.js,businessSummaryCalculations.js,lib,168,productive_hour_required_recovery_rate,snake_case,warning_id,warning_id,cost-summary,recovery_hours_used > 0 ? current_margin_per_hour - productive_hour_required_recovery_rate : 0;
lib\calculations\businessSummaryCalculations.js,businessSummaryCalculations.js,lib,217,productive_hour_required_recovery_rate,snake_case,warning_id,warning_id,cost-summary,"required_recovery_rate: cost_summary_required_recovery_rate, productive_hour_required_recovery_rate, actual_recovery_rate,"
lib\recovery\recoveryRiskWarningSystem.js,recoveryRiskWarningSystem.js,lib,426,required_recovery_rate,snake_case,snake_case_reference,warning_id,cost-summary,"current_recovery_rate = 0, required_recovery_rate = 0, labour_recovery_clean = true,"
lib\recovery\recoveryRiskWarningSystem.js,recoveryRiskWarningSystem.js,lib,439,required_recovery_rate,snake_case,snake_case_reference,warning_id,cost-summary,const safe_current_recovery_rate = round_currency(current_recovery_rate); const safe_required_recovery_rate = round_currency(required_recovery_rate); const recovery_rate_gap = round_currency(
lib\recovery\recoveryRiskWarningSystem.js,recoveryRiskWarningSystem.js,lib,532,required_recovery_rate,snake_case,object_key,warning_id,cost-summary,"current_recovery_rate: safe_current_recovery_rate, required_recovery_rate: safe_required_recovery_rate, recovery_rate_gap,"
lib\selectors\quoteEngineSelectors.js,quoteEngineSelectors.js,lib,161,required_recovery_rate,snake_case,snake_case_reference,warning_id,cost-summary,"} else if ( Math.abs(quote_gap) <= Math.max(1, Math.abs(required_recovery_rate) * 0.1) || (Array.isArray(upstream.business_summary_warnings) &&"
lib\selectors\quoteEngineSelectors.js,quoteEngineSelectors.js,lib,151,required_recovery_rate_is_zero,snake_case,warning_id,warning_id,cost-summary,labour_hours_is_zero || required_recovery_rate_is_zero || model_untrusted;
lib\selectors\quoteEngineSelectors.js,quoteEngineSelectors.js,lib,43,required_recovery_rate_is_zero,snake_case,declaration,warning_id,cost-summary,const labour_hours_is_zero = labour_hours_allowed <= 0; const required_recovery_rate_is_zero = required_recovery_rate <= 0;
lib\selectors\quoteEngineSelectors.js,quoteEngineSelectors.js,lib,94,required_recovery_rate_is_zero,snake_case,warning_id,warning_id,cost-summary,if (required_recovery_rate_is_zero) { warnings.push({
lib\recovery\recoveryRiskWarningSystem.js,recoveryRiskWarningSystem.js,lib,510,required_recovery_rate_not_met,snake_case,snake_case_reference,warning_id,cost-summary,"build_recovery_warning({ warning_id: ""required_recovery_rate_not_met"", severity: WARNING_SEVERITY.BLOCKING,"
components\cost-allocation\divisions\CostAllocationDivisionCostSummary.jsx,CostAllocationDivisionCostSummary.jsx,components,60,review_required,snake_case,warning_id,warning_id,cost-summary,"value={formatMoney(row.total_division_cost)} help={row.allocation_status || ""review_required""} />"
lib\recovery\recoveryRiskWarningSystem.js,recoveryRiskWarningSystem.js,lib,439,safe_required_recovery_rate,snake_case,declaration,warning_id,cost-summary,const safe_current_recovery_rate = round_currency(current_recovery_rate); const safe_required_recovery_rate = round_currency(required_recovery_rate); const recovery_rate_gap = round_currency(
lib\recovery\recoveryRiskWarningSystem.js,recoveryRiskWarningSystem.js,lib,441,safe_required_recovery_rate,snake_case,warning_id,warning_id,cost-summary,const recovery_rate_gap = round_currency( safe_current_recovery_rate - safe_required_recovery_rate );
lib\recovery\recoveryRiskWarningSystem.js,recoveryRiskWarningSystem.js,lib,507,safe_required_recovery_rate,snake_case,warning_id,warning_id,cost-summary,if (safe_current_recovery_rate < safe_required_recovery_rate) { warnings.push(
lib\recovery\recoveryRiskWarningSystem.js,recoveryRiskWarningSystem.js,lib,517,safe_required_recovery_rate,snake_case,warning_id,warning_id,cost-summary,"headline: ""Required recovery level is not being met"", message: `Current recovery is $${safe_current_recovery_rate.toLocaleString()}/hr against a required $${safe_required_recovery_rate.toLocaleString()}/hr.`, plain_english:"
lib\recovery\recoveryRiskWarningSystem.js,recoveryRiskWarningSystem.js,lib,532,safe_required_recovery_rate,snake_case,warning_id,warning_id,cost-summary,"current_recovery_rate: safe_current_recovery_rate, required_recovery_rate: safe_required_recovery_rate, recovery_rate_gap,"
lib\recovery\recoveryRiskWarningSystem.js,recoveryRiskWarningSystem.js,lib,435,safe_total_cost_burden,snake_case,declaration,warning_id,cost-summary,const safe_margin_pool = round_currency(margin_pool); const safe_total_cost_burden = round_currency(total_cost_burden); const recovery_gap = round_currency(safe_margin_pool - safe_total_cost_burden);
lib\recovery\recoveryRiskWarningSystem.js,recoveryRiskWarningSystem.js,lib,436,safe_total_cost_burden,snake_case,snake_case_reference,warning_id,cost-summary,const safe_total_cost_burden = round_currency(total_cost_burden); const recovery_gap = round_currency(safe_margin_pool - safe_total_cost_burden);
lib\recovery\recoveryRiskWarningSystem.js,recoveryRiskWarningSystem.js,lib,472,safe_total_cost_burden,snake_case,snake_case_reference,warning_id,cost-summary,if (safe_margin_pool < safe_total_cost_burden) { warnings.push(
lib\recovery\recoveryRiskWarningSystem.js,recoveryRiskWarningSystem.js,lib,500,safe_total_cost_burden,snake_case,snake_case_reference,warning_id,cost-summary,"margin_pool: safe_margin_pool, total_cost_burden: safe_total_cost_burden, recovery_gap,"
components\business-modelling\BusinessModellingScenarioResult.jsx,BusinessModellingScenarioResult.jsx,components,69,scenario_required_recovery_rate,snake_case,warning_id,warning_id,cost-summary,"<div className=""labour-summary-table-value""> {formatCurrency(scenario_result.scenario_required_recovery_rate)} / hr </div>"
hooks\useBusinessModelling.js,useBusinessModelling.js,hooks,198,scenario_required_recovery_rate,snake_case,object_key,warning_id,cost-summary,"baseline_snapshot.total_productive_output, scenario_required_recovery_rate: baseline_snapshot.required_recovery_rate,"
hooks\useBusinessModelling.js,useBusinessModelling.js,hooks,293,scenario_required_recovery_rate,snake_case,warning_id,warning_id,cost-summary,if (active_scenario?.scenario_required_recovery_rate === 0) { warnings.push({
hooks\useBusinessModelling.js,useBusinessModelling.js,hooks,507,scenario_required_recovery_rate,snake_case,object_key,warning_id,cost-summary,"scenario_net_position: active_scenario?.scenario_net_position, scenario_required_recovery_rate: active_scenario?.scenario_required_recovery_rate,"
hooks\useBusinessModelling.js,useBusinessModelling.js,hooks,508,scenario_required_recovery_rate,snake_case,warning_id,warning_id,cost-summary,"scenario_required_recovery_rate: active_scenario?.scenario_required_recovery_rate, scenario_margin_per_productive_hour:"
lib\calculations\businessModellingCalculations.js,businessModellingCalculations.js,lib,144,scenario_required_recovery_rate,snake_case,declaration,warning_id,cost-summary,"const scenario_required_recovery_rate = safeDivide( scenario_total_cost_burden,"
lib\calculations\businessModellingCalculations.js,businessModellingCalculations.js,lib,157,scenario_required_recovery_rate,snake_case,warning_id,warning_id,cost-summary,? 0 : scenario_required_recovery_rate / (1 - margin_target_decimal);
lib\calculations\businessModellingCalculations.js,businessModellingCalculations.js,lib,216,scenario_required_recovery_rate,snake_case,warning_id,warning_id,cost-summary,if (scenario_required_recovery_rate === 0) { warnings.push({
lib\calculations\businessModellingCalculations.js,businessModellingCalculations.js,lib,245,scenario_required_recovery_rate,snake_case,warning_id,warning_id,cost-summary,"scenario_total_productive_output, scenario_required_recovery_rate, scenario_target_charge_out_rate,"
lib\selectors\businessModellingSelectors.js,businessModellingSelectors.js,lib,101,scenario_required_recovery_rate,snake_case,object_key,warning_id,cost-summary,"), scenario_required_recovery_rate: toNumber( source.scenario_required_recovery_rate"
lib\selectors\businessModellingSelectors.js,businessModellingSelectors.js,lib,102,scenario_required_recovery_rate,snake_case,warning_id,warning_id,cost-summary,"scenario_required_recovery_rate: toNumber( source.scenario_required_recovery_rate ),"
lib\selectors\businessModellingSelectors.js,businessModellingSelectors.js,lib,169,scenario_required_recovery_rate,snake_case,warning_id,warning_id,cost-summary,"selected_model_required_recovery_rate: toNumber(selected?.scenario_required_recovery_rate) || toNumber(selected?.required_recovery_rate),"
hooks\useBusinessModelling.js,useBusinessModelling.js,hooks,295,scenario_required_recovery_rate_zero,snake_case,warning_id,warning_id,cost-summary,"warnings.push({ warning_id: ""scenario_required_recovery_rate_zero"", message:"
lib\calculations\businessModellingCalculations.js,businessModellingCalculations.js,lib,218,scenario_required_recovery_rate_zero,snake_case,warning_id,warning_id,cost-summary,"warnings.push({ warning_id: ""scenario_required_recovery_rate_zero"", message:"
hooks\useBusinessModelling.js,useBusinessModelling.js,hooks,529,selected_model_required_recovery_rate,snake_case,object_key,warning_id,cost-summary,"selected_model_output.selected_model_total_productive_output, selected_model_required_recovery_rate: selected_model_output.selected_model_required_recovery_rate,"
hooks\useBusinessModelling.js,useBusinessModelling.js,hooks,530,selected_model_required_recovery_rate,snake_case,warning_id,warning_id,cost-summary,"selected_model_required_recovery_rate: selected_model_output.selected_model_required_recovery_rate, selected_model_margin_per_productive_hour:"
lib\selectors\businessModellingSelectors.js,businessModellingSelectors.js,lib,168,selected_model_required_recovery_rate,snake_case,object_key,warning_id,cost-summary,"toNumber(selected?.total_productive_output), selected_model_required_recovery_rate: toNumber(selected?.scenario_required_recovery_rate) ||"
components\recovery-summary\RecoverySummaryMainCard.jsx,RecoverySummaryMainCard.jsx,components,38,total_cost_burden,snake_case,snake_case_reference,warning_id,cost-summary,margin_pool={values.margin_pool} total_cost_burden={values.total_cost_burden} primary_recovery_warning={primary_recovery_warning}
components\recovery-summary\main-card\RecoveryOutcomeDetail.jsx,RecoveryOutcomeDetail.jsx,components,112,total_cost_burden,snake_case,snake_case_reference,warning_id,cost-summary,"margin_pool, total_cost_burden, primary_recovery_warning,"
components\recovery-summary\main-card\recoverySummaryWarningHelpers.js,recoverySummaryWarningHelpers.js,components,121,total_cost_burden,snake_case,snake_case_reference,warning_id,cost-summary,"export function get_annual_recovery_gap({ margin_pool, total_cost_burden }) { return Number(margin_pool ?? 0) - Number(total_cost_burden ?? 0);"
components\recovery-summary\main-card\recoverySummaryWarningHelpers.js,recoverySummaryWarningHelpers.js,components,122,total_cost_burden,snake_case,snake_case_reference,warning_id,cost-summary,"export function get_annual_recovery_gap({ margin_pool, total_cost_burden }) { return Number(margin_pool ?? 0) - Number(total_cost_burden ?? 0); }"
components\recovery-summary\recoverySummaryWarningDetails.js,recoverySummaryWarningDetails.js,components,30,total_cost_burden,snake_case,snake_case_reference,warning_id,cost-summary,"label: ""Total Cost Burden"", value: format_currency(total_cost_burden), },"
components\recovery-summary\recoverySummaryWarningDetails.js,recoverySummaryWarningDetails.js,components,6,total_cost_burden,snake_case,snake_case_reference,warning_id,cost-summary,"margin_pool, total_cost_burden, net_position,"
lib\recovery\recoveryRiskWarningSystem.js,recoveryRiskWarningSystem.js,lib,424,total_cost_burden,snake_case,snake_case_reference,warning_id,cost-summary,"margin_pool = 0, total_cost_burden = 0, current_recovery_rate = 0,"
lib\recovery\recoveryRiskWarningSystem.js,recoveryRiskWarningSystem.js,lib,435,total_cost_burden,snake_case,snake_case_reference,warning_id,cost-summary,const safe_margin_pool = round_currency(margin_pool); const safe_total_cost_burden = round_currency(total_cost_burden); const recovery_gap = round_currency(safe_margin_pool - safe_total_cost_burden);
lib\recovery\recoveryRiskWarningSystem.js,recoveryRiskWarningSystem.js,lib,500,total_cost_burden,snake_case,object_key,warning_id,cost-summary,"margin_pool: safe_margin_pool, total_cost_burden: safe_total_cost_burden, recovery_gap,"
lib\selectors\businessSummarySelectors.js,businessSummarySelectors.js,lib,58,total_cost_burden,snake_case,snake_case_reference,warning_id,cost-summary,if (total_cost_burden === 0) { warnings.push({
lib\calculations\recoverySummaryCalculations.js,recoverySummaryCalculations.js,lib,776,total_people_cost_annual,snake_case,snake_case_reference,warning_id,cost-summary,"if (recovery_mode === ""hours_based"" && total_people_cost_annual <= 0) { warnings.push(""missing_labour_cost"");"
lib\calculations\costSummaryCalculations.js,costSummaryCalculations.js,lib,74,zero,plain,object_key,warning_id,cost-summary,"opening_hours_warnings.push( ""Opening Hours missing or zero: macro_required_operating_hour_rate unavailable"" );"
lib\selectors\employeeOverheadSelectors.js,employeeOverheadSelectors.js,lib,28,active_profile,snake_case,snake_case_reference,warning_id,employee-overheads-legacy,"if (selected_staff_id && !active_profile) { warnings.push(""No overheads saved yet"");"
lib\selectors\employeeOverheadSelectors.js,employeeOverheadSelectors.js,lib,36,active_profile,snake_case,snake_case_reference,warning_id,employee-overheads-legacy,"selected_staff_found: Boolean(selected_staff_id), has_linked_overhead_profile: Boolean(active_profile), warnings,"
components\general-overheads\GeneralOverheadStatusStrip.jsx,GeneralOverheadStatusStrip.jsx,components,5,active_profile_name,snake_case,snake_case_reference,warning_id,general-overheads,"warnings, active_profile_name, saved_profile_count,"
lib\selectors\general-overheads\generalOverheadCardSelector.js,generalOverheadCardSelector.js,lib,42,active_profile_name,snake_case,object_key,warning_id,general-overheads,"warnings, active_profile_name: overhead_state.overhead_profile_name || ""Untitled Profile"","
hooks\useGeneralOverheads.js,useGeneralOverheads.js,hooks,511,allocation_outputs,snake_case,snake_case_reference,warning_id,general-overheads,"unallocated_overhead_amount: allocation_outputs.unallocated_overhead_amount, allocation_pool_warnings: allocation_outputs.allocation_pool_warnings,"
hooks\useGeneralOverheads.js,useGeneralOverheads.js,hooks,512,allocation_outputs,snake_case,snake_case_reference,warning_id,general-overheads,"allocation_outputs.unallocated_overhead_amount, allocation_pool_warnings: allocation_outputs.allocation_pool_warnings, allocation_pool_summaries: allocation_outputs.allocation_pool_summaries,"
hooks\useGeneralOverheads.js,useGeneralOverheads.js,hooks,513,allocation_outputs,snake_case,snake_case_reference,warning_id,general-overheads,"allocation_pool_warnings: allocation_outputs.allocation_pool_warnings, allocation_pool_summaries: allocation_outputs.allocation_pool_summaries, };"
hooks\useGeneralOverheads.js,useGeneralOverheads.js,hooks,513,allocation_pool_summaries,snake_case,object_key,warning_id,general-overheads,"allocation_pool_warnings: allocation_outputs.allocation_pool_warnings, allocation_pool_summaries: allocation_outputs.allocation_pool_summaries, };"
lib\selectors\general-overheads\generalOverheadPoolSelectors.js,generalOverheadPoolSelectors.js,lib,110,allocation_rows,snake_case,snake_case_reference,warning_id,general-overheads,"allocation_pool_warnings: build_allocation_pool_warnings( allocation_rows, grouped_rows"
lib\selectors\general-overheads\generalOverheadPoolSelectors.js,generalOverheadPoolSelectors.js,lib,8,build_grouped_rows,snake_case,snake_case_reference,warning_id,general-overheads,"import { build_grouped_rows } from ""./generalOverheadAllocationSelectors""; import { build_allocation_pool_warnings } from ""./generalOverheadWarnings"";"
lib\selectors\general-overheads\generalOverheadWarnings.js,generalOverheadWarnings.js,lib,25,category_key,snake_case,object_key,warning_id,general-overheads,"message: `${group.category_label} has more allocated than the P&L source total.`, category_key: group.category_key, });"
lib\selectors\general-overheads\generalOverheadWarnings.js,generalOverheadWarnings.js,lib,33,category_key,snake_case,object_key,warning_id,general-overheads,"message: `${group.category_label} is partially assigned. The remaining amount stays in General Overheads.`, category_key: group.category_key, });"
lib\selectors\general-overheads\generalOverheadWarnings.js,generalOverheadWarnings.js,lib,24,category_label,snake_case,snake_case_reference,warning_id,general-overheads,"warning_key: ""asset_pool_over_allocated"", message: `${group.category_label} has more allocated than the P&L source total.`, category_key: group.category_key,"
lib\selectors\general-overheads\generalOverheadWarnings.js,generalOverheadWarnings.js,lib,32,category_label,snake_case,snake_case_reference,warning_id,general-overheads,"warning_key: ""asset_pool_partially_allocated"", message: `${group.category_label} is partially assigned. The remaining amount stays in General Overheads.`, category_key: group.category_key,"
components\model-readiness\ModelReadinessAuditPanel.jsx,ModelReadinessAuditPanel.jsx,components,205,employee_overhead_mapping_variance,snake_case,object_key,warning_id,general-overheads,employee_overhead_mapping_variance: status.employee_overhead_mapping_variance ??
components\model-readiness\ModelReadinessAuditPanel.jsx,ModelReadinessAuditPanel.jsx,components,206,employee_overhead_mapping_variance,snake_case,warning_id,warning_id,general-overheads,employee_overhead_mapping_variance: status.employee_overhead_mapping_variance ?? reconciliation.employee_overhead_mapping_variance ??
components\model-readiness\ModelReadinessAuditPanel.jsx,ModelReadinessAuditPanel.jsx,components,207,employee_overhead_mapping_variance,snake_case,warning_id,warning_id,general-overheads,"status.employee_overhead_mapping_variance ?? reconciliation.employee_overhead_mapping_variance ?? 0,"
lib\audit\buildLiveAuditSnapshotExport.js,buildLiveAuditSnapshotExport.js,lib,130,employee_overhead_mapping_variance,snake_case,object_key,warning_id,general-overheads,"), employee_overhead_mapping_variance: roundMoney( getValue(explainedVariance, ""employee_overhead_mapping_variance"", 0)"
lib\audit\buildLiveAuditSnapshotExport.js,buildLiveAuditSnapshotExport.js,lib,131,employee_overhead_mapping_variance,snake_case,warning_id,warning_id,general-overheads,"employee_overhead_mapping_variance: roundMoney( getValue(explainedVariance, ""employee_overhead_mapping_variance"", 0) ),"
components\model-readiness\ModelReadinessAuditPanel.jsx,ModelReadinessAuditPanel.jsx,components,210,general_overhead_mapping_variance,snake_case,object_key,warning_id,general-overheads,general_overhead_mapping_variance: status.general_overhead_mapping_variance ??
components\model-readiness\ModelReadinessAuditPanel.jsx,ModelReadinessAuditPanel.jsx,components,211,general_overhead_mapping_variance,snake_case,warning_id,warning_id,general-overheads,general_overhead_mapping_variance: status.general_overhead_mapping_variance ?? reconciliation.general_overhead_mapping_variance ??
components\model-readiness\ModelReadinessAuditPanel.jsx,ModelReadinessAuditPanel.jsx,components,212,general_overhead_mapping_variance,snake_case,warning_id,warning_id,general-overheads,"status.general_overhead_mapping_variance ?? reconciliation.general_overhead_mapping_variance ?? 0,"
lib\audit\buildLiveAuditSnapshotExport.js,buildLiveAuditSnapshotExport.js,lib,133,general_overhead_mapping_variance,snake_case,object_key,warning_id,general-overheads,"), general_overhead_mapping_variance: roundMoney( getValue(explainedVariance, ""general_overhead_mapping_variance"", 0)"
lib\audit\buildLiveAuditSnapshotExport.js,buildLiveAuditSnapshotExport.js,lib,134,general_overhead_mapping_variance,snake_case,warning_id,warning_id,general-overheads,"general_overhead_mapping_variance: roundMoney( getValue(explainedVariance, ""general_overhead_mapping_variance"", 0) ),"
lib\selectors\general-overheads\generalOverheadWarnings.js,generalOverheadWarnings.js,lib,20,group_summaries,snake_case,snake_case_reference,warning_id,general-overheads,"group_summaries.forEach((group) => { if (group.allocation_pool_status === ""over_allocated"") {"
lib\selectors\general-overheads\generalOverheadWarnings.js,generalOverheadWarnings.js,lib,3,group_summaries,snake_case,snake_case_reference,warning_id,general-overheads,"export function build_allocation_pool_warnings(rows = [], group_summaries = []) { const warnings = [];"
lib\selectors\general-overheads\generalOverheadWarnings.js,generalOverheadWarnings.js,lib,15,line_id,snake_case,object_key,warning_id,general-overheads,"message: `${row.line_label} needs a system allocation type before it can support downstream asset modelling.`, line_id: row.line_id, });"
lib\selectors\general-overheads\generalOverheadWarnings.js,generalOverheadWarnings.js,lib,14,line_label,snake_case,snake_case_reference,warning_id,general-overheads,"warning_key: ""overhead_line_needs_allocation_type"", message: `${row.line_label} needs a system allocation type before it can support downstream asset modelling.`, line_id: row.line_id,"
lib\selectors\general-overheads\generalOverheadWarnings.js,generalOverheadWarnings.js,lib,14,message,plain,object_key,warning_id,general-overheads,"warning_key: ""overhead_line_needs_allocation_type"", message: `${row.line_label} needs a system allocation type before it can support downstream asset modelling.`, line_id: row.line_id,"
lib\selectors\general-overheads\generalOverheadWarnings.js,generalOverheadWarnings.js,lib,24,message,plain,object_key,warning_id,general-overheads,"warning_key: ""asset_pool_over_allocated"", message: `${group.category_label} has more allocated than the P&L source total.`, category_key: group.category_key,"
lib\selectors\general-overheads\generalOverheadWarnings.js,generalOverheadWarnings.js,lib,32,message,plain,object_key,warning_id,general-overheads,"warning_key: ""asset_pool_partially_allocated"", message: `${group.category_label} is partially assigned. The remaining amount stays in General Overheads.`, category_key: group.category_key,"
components\general-overheads\GeneralOverheadSummaryCard.jsx,GeneralOverheadSummaryCard.jsx,components,19,not_reviewed,snake_case,quoted_object_key,warning_id,general-overheads,"return ""Does not contain asset finance interest""; case ""not_reviewed"": return ""Interest not reviewed"";"
hooks\useGeneralOverheads.js,useGeneralOverheads.js,hooks,95,not_reviewed,snake_case,quoted_object_key,warning_id,general-overheads,"case ""unknown"": case ""not_reviewed"": case undefined:"
hooks\useGeneralOverheads.js,useGeneralOverheads.js,hooks,99,not_reviewed,snake_case,warning_id,warning_id,general-overheads,"case """": return ""not_reviewed""; default:"
lib\selectors\general-overheads\generalOverheadWarnings.js,generalOverheadWarnings.js,lib,21,over_allocated,snake_case,snake_case_reference,warning_id,general-overheads,"group_summaries.forEach((group) => { if (group.allocation_pool_status === ""over_allocated"") { warnings.push({"
lib\calculations\recoverySummaryCalculations.js,recoverySummaryCalculations.js,lib,765,overhead_absorption_high,snake_case,snake_case_reference,warning_id,general-overheads,"if (overhead_absorption_review.overhead_absorption_level === ""high"") { warnings.push(""overhead_absorption_high""); }"
lib\calculations\recoverySummaryCalculations.js,recoverySummaryCalculations.js,lib,760,overhead_absorption_level,snake_case,snake_case_reference,warning_id,general-overheads,"if (overhead_absorption_review.overhead_absorption_level === ""medium"") { warnings.push(""overhead_absorption_review"");"
lib\calculations\recoverySummaryCalculations.js,recoverySummaryCalculations.js,lib,764,overhead_absorption_level,snake_case,snake_case_reference,warning_id,general-overheads,"if (overhead_absorption_review.overhead_absorption_level === ""high"") { warnings.push(""overhead_absorption_high"");"
lib\calculations\recoverySummaryCalculations.js,recoverySummaryCalculations.js,lib,658,overhead_absorption_review,snake_case,declaration,warning_id,general-overheads,"const overhead_absorption_review = build_overhead_absorption_diagnostics({ overhead_absorbed_percent,"
lib\calculations\recoverySummaryCalculations.js,recoverySummaryCalculations.js,lib,760,overhead_absorption_review,snake_case,warning_id,warning_id,general-overheads,"if (overhead_absorption_review.overhead_absorption_level === ""medium"") { warnings.push(""overhead_absorption_review"");"
lib\calculations\recoverySummaryCalculations.js,recoverySummaryCalculations.js,lib,761,overhead_absorption_review,snake_case,warning_id,warning_id,general-overheads,"if (overhead_absorption_review.overhead_absorption_level === ""medium"") { warnings.push(""overhead_absorption_review""); }"
lib\calculations\recoverySummaryCalculations.js,recoverySummaryCalculations.js,lib,764,overhead_absorption_review,snake_case,warning_id,warning_id,general-overheads,"if (overhead_absorption_review.overhead_absorption_level === ""high"") { warnings.push(""overhead_absorption_high"");"
lib\calculations\recoverySummaryCalculations.js,recoverySummaryCalculations.js,lib,970,overhead_absorption_review,snake_case,warning_id,warning_id,general-overheads,"overhead_absorption_level: overhead_absorption_review.overhead_absorption_level, overhead_absorption_title:"
lib\calculations\recoverySummaryCalculations.js,recoverySummaryCalculations.js,lib,972,overhead_absorption_review,snake_case,warning_id,warning_id,general-overheads,"overhead_absorption_title: overhead_absorption_review.overhead_absorption_title, overhead_absorption_message:"
lib\calculations\recoverySummaryCalculations.js,recoverySummaryCalculations.js,lib,974,overhead_absorption_review,snake_case,warning_id,warning_id,general-overheads,"overhead_absorption_message: overhead_absorption_review.overhead_absorption_message, overhead_absorption_diagnostics:"
lib\calculations\recoverySummaryCalculations.js,recoverySummaryCalculations.js,lib,976,overhead_absorption_review,snake_case,warning_id,warning_id,general-overheads,"overhead_absorption_diagnostics: overhead_absorption_review.overhead_absorption_diagnostics,"
lib\selectors\recoverySummarySelectors.js,recoverySummarySelectors.js,lib,82,overhead_absorption_review,snake_case,object_key,warning_id,general-overheads,"overhead_absorption_review: ""Some recovery is not yet assigned to labour, assets, or materials / products."","
lib\selectors\general-overheads\generalOverheadWarnings.js,generalOverheadWarnings.js,lib,13,overhead_line_needs_allocation_type,snake_case,snake_case_reference,warning_id,general-overheads,"warnings.push({ warning_key: ""overhead_line_needs_allocation_type"", message: `${row.line_label} needs a system allocation type before it can support downstream asset modelling.`,"
lib\calculations\costAllocationRules.js,costAllocationRules.js,lib,276,overhead_pool_over_allocated,snake_case,snake_case_reference,warning_id,general-overheads,if (overhead_pool_over_allocated) { source_pool_warnings.push({
lib\calculations\costAllocationRules.js,costAllocationRules.js,lib,278,overhead_pool_over_allocated,snake_case,snake_case_reference,warning_id,general-overheads,"source_pool_warnings.push({ warning_key: ""overhead_pool_over_allocated"", message:"
lib\selectors\general-overheads\generalOverheadCardSelector.js,generalOverheadCardSelector.js,lib,17,overhead_profile_name,snake_case,snake_case_reference,warning_id,general-overheads,"if (!overhead_state.overhead_profile_name?.trim()) { warnings.push(""Profile name is missing."");"
lib\selectors\general-overheads\generalOverheadCardSelector.js,generalOverheadCardSelector.js,lib,17,overhead_state,snake_case,snake_case_reference,warning_id,general-overheads,"if (!overhead_state.overhead_profile_name?.trim()) { warnings.push(""Profile name is missing."");"
components\business-summary\BusinessSummaryMacroPositionCard.jsx,BusinessSummaryMacroPositionCard.jsx,components,177,overhead_variance,snake_case,warning_id,warning_id,general-overheads,"asset_finance_variance = 0, overhead_variance = 0, other_income_treatment = 0,"
components\business-summary\BusinessSummaryMacroPositionCard.jsx,BusinessSummaryMacroPositionCard.jsx,components,211,overhead_variance,snake_case,warning_id,warning_id,general-overheads,"label=""Less overhead variance"" value={-Math.abs(to_number(overhead_variance))} />"
components\business-summary\BusinessSummaryMacroPositionCard.jsx,BusinessSummaryMacroPositionCard.jsx,components,254,overhead_variance,snake_case,declaration,warning_id,general-overheads,const overhead_variance = to_number(total_business_overheads) - adjusted_overheads_benchmark;
components\business-summary\BusinessSummaryMacroPositionCard.jsx,BusinessSummaryMacroPositionCard.jsx,components,258,overhead_variance,snake_case,warning_id,warning_id,general-overheads,const operational_pressure_adjustment = labour_variance + asset_finance_variance + overhead_variance;
components\business-summary\BusinessSummaryMacroPositionCard.jsx,BusinessSummaryMacroPositionCard.jsx,components,308,overhead_variance,snake_case,warning_id,warning_id,general-overheads,"module_total={total_business_overheads} variance={overhead_variance} benchmark_label=""Adjusted P&L overhead benchmark"""
components\business-summary\BusinessSummaryMacroPositionCard.jsx,BusinessSummaryMacroPositionCard.jsx,components,337,overhead_variance,snake_case,warning_id,warning_id,general-overheads,asset_finance_variance={asset_finance_variance} overhead_variance={overhead_variance} other_income_treatment={other_income_treatment}
components\model-readiness\ModelReadinessVarianceBreakdown.jsx,ModelReadinessVarianceBreakdown.jsx,components,190,overhead_variance,snake_case,declaration,warning_id,general-overheads,const overhead_variance = module_overheads - pnl_overheads_adjusted;
components\model-readiness\ModelReadinessVarianceBreakdown.jsx,ModelReadinessVarianceBreakdown.jsx,components,193,overhead_variance,snake_case,warning_id,warning_id,general-overheads,const overhead_is_reconciled_after_exclusion = Math.abs(overhead_variance) < 1;
components\model-readiness\ModelReadinessVarianceBreakdown.jsx,ModelReadinessVarianceBreakdown.jsx,components,246,overhead_variance,snake_case,warning_id,warning_id,general-overheads,"module_total: module_overheads, variance: overhead_variance, benchmark_label: ""Adjusted P&L overhead benchmark"","
lib\selectors\general-overheads\generalOverheadWarnings.js,generalOverheadWarnings.js,lib,29,partially_allocated,snake_case,snake_case_reference,warning_id,general-overheads,"if (group.allocation_pool_status === ""partially_allocated"") { warnings.push({"
lib\selectors\general-overheads\generalOverheadCardSelector.js,generalOverheadCardSelector.js,lib,21,saved_overheads,snake_case,snake_case_reference,warning_id,general-overheads,"if ((saved_overheads ?? []).length === 0) { warnings.push(""No saved overhead profiles yet."");"
hooks\useGeneralOverheads.js,useGeneralOverheads.js,hooks,119,source_review_subcategory,snake_case,object_key,warning_id,general-overheads,"source_line_name: line?.line_name || """", source_review_subcategory: line?.review_subcategory || """", source_category: line?.category || """","
hooks\useGeneralOverheads.js,useGeneralOverheads.js,hooks,272,source_review_subcategory,snake_case,object_key,warning_id,general-overheads,"source_line_name: line?.line_name || """", source_review_subcategory: line?.review_subcategory || """", source_category: line?.category || """","
lib\calculations\generalOverheadCalculations.js,generalOverheadCalculations.js,lib,175,source_review_subcategory,snake_case,object_key,warning_id,general-overheads,"source_line_name: item.source_line_name || """", source_review_subcategory: item.source_review_subcategory || """", source_category: item.source_category || """","
lib\calculations\generalOverheadCalculations.js,generalOverheadCalculations.js,lib,194,source_review_subcategory,snake_case,object_key,warning_id,general-overheads,"source_line_name: item.source_line_name || """", source_review_subcategory: item.source_review_subcategory || """", source_category: item.source_category || """","
lib\selectors\general-overheads\generalOverheadAllocationSelectors.js,generalOverheadAllocationSelectors.js,lib,29,source_review_subcategory,snake_case,warning_id,warning_id,general-overheads,"return String( row.label || row.source_line_name || row.source_review_subcategory || """" ).toLowerCase();"
lib\selectors\general-overheads\generalOverheadAllocationSelectors.js,generalOverheadAllocationSelectors.js,lib,296,source_review_subcategory,snake_case,object_key,warning_id,general-overheads,"source_line_name: `${category_label} redistribution`, source_review_subcategory: category_key, source_module: ""general_overheads_redistribution"","
lib\selectors\general-overheads\generalOverheadWarnings.js,generalOverheadWarnings.js,lib,8,system_allocation_type,snake_case,snake_case_reference,warning_id,general-overheads,"if ( row.system_allocation_type === ""unallocated_needs_review"" && to_number(row.amount) !== 0 &&"
lib\selectors\general-overheads\generalOverheadWarnings.js,generalOverheadWarnings.js,lib,1,to_number,snake_case,snake_case_reference,warning_id,general-overheads,"import { to_number } from ""./generalOverheadFormatting"";"
lib\selectors\general-overheads\generalOverheadWarnings.js,generalOverheadWarnings.js,lib,9,to_number,snake_case,snake_case_reference,warning_id,general-overheads,"row.system_allocation_type === ""unallocated_needs_review"" && to_number(row.amount) !== 0 && !row.is_balanced_parent_pool"
lib\selectors\general-overheads\generalOverheadAllocationSelectors.js,generalOverheadAllocationSelectors.js,lib,101,unallocated_needs_review,snake_case,warning_id,warning_id,general-overheads,"return row.key === ""insurance_compliance_cost"" ? ""unallocated_needs_review"" : ""business_overhead"";"
lib\selectors\general-overheads\generalOverheadAllocationSelectors.js,generalOverheadAllocationSelectors.js,lib,106,unallocated_needs_review,snake_case,warning_id,warning_id,general-overheads,"if (category_key === ""vehicles_running"") { return ""unallocated_needs_review""; }"
lib\selectors\general-overheads\generalOverheadAllocationSelectors.js,generalOverheadAllocationSelectors.js,lib,134,unallocated_needs_review,snake_case,warning_id,warning_id,general-overheads,"if (row.is_custom || category_key === ""other_unallocated"") { return ""unallocated_needs_review""; }"
lib\selectors\general-overheads\generalOverheadAllocationSelectors.js,generalOverheadAllocationSelectors.js,lib,461,unallocated_needs_review,snake_case,warning_id,warning_id,general-overheads,"!is_balanced_parent && system_allocation_type !== ""unallocated_needs_review"" && to_number(input_amount) > 0;"
lib\selectors\general-overheads\generalOverheadAllocationSelectors.js,generalOverheadAllocationSelectors.js,lib,483,unallocated_needs_review,snake_case,warning_id,warning_id,general-overheads,"SYSTEM_ALLOCATION_LABELS[system_allocation_type] || SYSTEM_ALLOCATION_LABELS.unallocated_needs_review, is_asset_related_pool,"
lib\selectors\general-overheads\generalOverheadDefinitions.js,generalOverheadDefinitions.js,lib,187,unallocated_needs_review,snake_case,warning_id,warning_id,general-overheads,"{ key: ""sales_overhead"", label: ""Sales overhead"" }, { key: ""unallocated_needs_review"", label: ""Unallocated / needs review"" }, ];"
lib\selectors\general-overheads\generalOverheadPoolSelectors.js,generalOverheadPoolSelectors.js,lib,77,unallocated_needs_review,snake_case,warning_id,warning_id,general-overheads,"(row) => row.system_allocation_type === ""unallocated_needs_review"" && to_number(row.amount) !== 0 &&"
lib\selectors\general-overheads\generalOverheadWarnings.js,generalOverheadWarnings.js,lib,8,unallocated_needs_review,snake_case,warning_id,warning_id,general-overheads,"if ( row.system_allocation_type === ""unallocated_needs_review"" && to_number(row.amount) !== 0 &&"
hooks\useGeneralOverheads.js,useGeneralOverheads.js,hooks,511,unallocated_overhead_amount,snake_case,snake_case_reference,warning_id,general-overheads,"unallocated_overhead_amount: allocation_outputs.unallocated_overhead_amount, allocation_pool_warnings: allocation_outputs.allocation_pool_warnings,"
components\general-overheads\GeneralOverheadStatusStrip.jsx,GeneralOverheadStatusStrip.jsx,components,26,warning_count,snake_case,snake_case_reference,warning_id,general-overheads,"<span className=""ui-pill""> {is_ready ? ""Ready"" : `${warning_count} warnings`} </span>"
components\general-overheads\GeneralOverheadStatusStrip.jsx,GeneralOverheadStatusStrip.jsx,components,3,warning_count,snake_case,snake_case_reference,warning_id,general-overheads,"is_ready, warning_count, warnings,"
lib\selectors\general-overheads\generalOverheadCardSelector.js,generalOverheadCardSelector.js,lib,40,warning_count,snake_case,object_key,warning_id,general-overheads,"is_ready: warnings.length === 0, warning_count: warnings.length, warnings,"
lib\selectors\general-overheads\generalOverheadWarnings.js,generalOverheadWarnings.js,lib,13,warning_key,snake_case,object_key,warning_id,general-overheads,"warnings.push({ warning_key: ""overhead_line_needs_allocation_type"", message: `${row.line_label} needs a system allocation type before it can support downstream asset modelling.`,"
lib\selectors\general-overheads\generalOverheadWarnings.js,generalOverheadWarnings.js,lib,23,warning_key,snake_case,object_key,warning_id,general-overheads,"warnings.push({ warning_key: ""asset_pool_over_allocated"", message: `${group.category_label} has more allocated than the P&L source total.`,"
lib\selectors\general-overheads\generalOverheadWarnings.js,generalOverheadWarnings.js,lib,31,warning_key,snake_case,object_key,warning_id,general-overheads,"warnings.push({ warning_key: ""asset_pool_partially_allocated"", message: `${group.category_label} is partially assigned. The remaining amount stays in General Overheads.`,"
lib\calculations\costAllocationRules.js,costAllocationRules.js,lib,95,active_asset_labour_links,snake_case,snake_case_reference,warning_id,labour,const duplicate_link_warnings = get_duplicate_link_warnings( active_asset_labour_links );
lib\selectors\employeeOverheadSelectors.js,employeeOverheadSelectors.js,lib,20,active_labour_profiles,snake_case,snake_case_reference,warning_id,labour,"if (active_labour_profiles.length === 0) { warnings.push(""No active Labour profiles"");"
lib\calculations\cost-allocation\costAllocationValidation.js,costAllocationValidation.js,lib,46,active_staff,snake_case,snake_case_reference,warning_id,labour,"export function get_orphan_warnings({ active_staff, active_assets,"
lib\calculations\costAllocationRules.js,costAllocationRules.js,lib,201,active_staff,snake_case,snake_case_reference,warning_id,labour,"const orphan_warnings = get_orphan_warnings({ active_staff, active_assets,"
components\labour\LabourCompactWorkspaceCard.jsx,LabourCompactWorkspaceCard.jsx,components,369,body,plain,object_key,warning_id,labour,"title: ""Review path"", body: ""Review missing inputs, reconciliation status, and warnings before relying on this Labour output."","
lib\actions\rate-builder\rateBuilderLabourRateModelActions.js,rateBuilderLabourRateModelActions.js,lib,228,build_duplicated_labour_rate_model_payload,snake_case,warning_id,warning_id,labour,"const duplicated_model = create_labour_rate_model( build_duplicated_labour_rate_model_payload({ active_model,"
lib\actions\rate-builder\rateBuilderLabourRateModelActions.js,rateBuilderLabourRateModelActions.js,lib,5,build_duplicated_labour_rate_model_payload,snake_case,warning_id,warning_id,labour,"RECOVERY_ALLOWANCE_RATE, build_duplicated_labour_rate_model_payload, build_new_labour_rate_model_payload,"
lib\selectors\rate-builder\rateBuilderLabourModelSelectors.js,rateBuilderLabourModelSelectors.js,lib,173,build_duplicated_labour_rate_model_payload,snake_case,warning_id,warning_id,labour,"export function build_duplicated_labour_rate_model_payload({ active_model,"
components\rate-builder\RateBuilderLabourRatesResultPanel.jsx,RateBuilderLabourRatesResultPanel.jsx,components,17,current_rate_gap_to_minimum,snake_case,warning_id,warning_id,labour,"effective_labour_cost_rate, current_rate_gap_to_minimum, current_rate_above_minimum,"
components\rate-builder\RateBuilderLabourRatesResultPanel.jsx,RateBuilderLabourRatesResultPanel.jsx,components,89,current_rate_gap_to_minimum,snake_case,warning_id,warning_id,labour,? `Surplus: ${format_currency( current_rate_gap_to_minimum )} / ${labour_unit_label}`
components\rate-builder\RateBuilderLabourRatesResultPanel.jsx,RateBuilderLabourRatesResultPanel.jsx,components,92,current_rate_gap_to_minimum,snake_case,warning_id,warning_id,labour,: `Leak: ${format_currency( Math.abs(current_rate_gap_to_minimum) )} / ${labour_unit_label}`}
lib\selectors\rate-builder\rateBuilderLabourModelSelectors.js,rateBuilderLabourModelSelectors.js,lib,114,current_rate_gap_to_minimum,snake_case,declaration,warning_id,labour,const current_rate_gap_to_minimum = current_charge_out_rate - minimum_recoverable_charge_out_rate;
lib\selectors\rate-builder\rateBuilderLabourModelSelectors.js,rateBuilderLabourModelSelectors.js,lib,117,current_rate_gap_to_minimum,snake_case,warning_id,warning_id,labour,const current_rate_above_minimum = current_rate_gap_to_minimum >= 0;
lib\selectors\rate-builder\rateBuilderLabourModelSelectors.js,rateBuilderLabourModelSelectors.js,lib,121,current_rate_gap_to_minimum,snake_case,warning_id,warning_id,labour,current_charge_out_rate > 0 ? (current_rate_gap_to_minimum / current_charge_out_rate) * 100 : 0;
lib\selectors\rate-builder\rateBuilderLabourModelSelectors.js,rateBuilderLabourModelSelectors.js,lib,128,current_rate_gap_to_minimum,snake_case,warning_id,warning_id,labour,"minimum_recoverable_charge_out_rate, current_rate_gap_to_minimum, current_rate_above_minimum,"
components\labour-rate-reality-check\LabourRateRealityCheckMainCard.jsx,LabourRateRealityCheckMainCard.jsx,components,51,detail_rows,snake_case,snake_case_reference,warning_id,labour,"annual_snapshot, detail_rows = [], soft_warning,"
lib\selectors\quoteEngineSelectors.js,quoteEngineSelectors.js,lib,107,estimated_labour_below_model,snake_case,snake_case_reference,warning_id,labour,"warnings.push({ warning_id: ""estimated_labour_below_model"", message:"
lib\selectors\quoteEngineSelectors.js,quoteEngineSelectors.js,lib,86,estimated_labour_cost_total,snake_case,snake_case_reference,warning_id,labour,if (estimated_labour_cost_total <= 0) { warnings.push({
lib\calculations\revenueSummaryCalculations.js,revenueSummaryCalculations.js,lib,14,get_labour_variance_note,snake_case,warning_id,warning_id,labour,function get_labour_variance_note(labour_variance = 0) { if (labour_variance === 0) {
lib\calculations\revenueSummaryCalculations.js,revenueSummaryCalculations.js,lib,194,get_labour_variance_note,snake_case,warning_id,warning_id,labour,"labour_variance_percent, labour_variance_note: get_labour_variance_note(labour_variance),"
components\labour\LabourCompactWorkspaceCard.jsx,LabourCompactWorkspaceCard.jsx,components,106,get_review_value,snake_case,warning_id,warning_id,labour,function get_review_value(labour = {}) { const warning_count = to_number(labour.status?.warning_count);
components\labour\LabourCompactWorkspaceCard.jsx,LabourCompactWorkspaceCard.jsx,components,447,get_review_value,snake_case,warning_id,warning_id,labour,"label=""Review path"" value={get_review_value(labour)} helper={labour.status?.reconciliation_label || ""Current checks""}"
lib\calculations\cost-allocation\costAllocationValidation.js,costAllocationValidation.js,lib,80,grouped_staff_ids,snake_case,snake_case_reference,warning_id,labour,if (!grouped_staff_ids.has(staff?.staff_id)) { orphan_warnings.push(
components\rate-builder\RateBuilderLabourRatesSetupCard.jsx,RateBuilderLabourRatesSetupCard.jsx,components,51,handle_duplicate_model,snake_case,warning_id,warning_id,labour,"className=""ui-button-secondary"" onClick={actions.handle_duplicate_model} >"
hooks\rate-builder\useRateBuilderLabourRates.js,useRateBuilderLabourRates.js,hooks,200,handle_duplicate_model,snake_case,warning_id,warning_id,labour,function handle_duplicate_model() { duplicate_labour_rate_model({
hooks\rate-builder\useRateBuilderLabourRates.js,useRateBuilderLabourRates.js,hooks,241,handle_duplicate_model,snake_case,warning_id,warning_id,labour,"handle_new_model, handle_duplicate_model, handle_delete_model,"
lib\selectors\labour\labourStatusSelectors.js,labourStatusSelectors.js,lib,65,hours_per_week,snake_case,snake_case_reference,warning_id,labour,"if (!has_positive_number(state.hours_per_week)) { warnings.push(""Hours per week must be greater than 0."");"
lib\selectors\labour\labourStatusSelectors.js,labourStatusSelectors.js,lib,61,inputs_enabled,snake_case,snake_case_reference,warning_id,labour,"if (!inputs_enabled) { warnings.push(""Create a profile before editing Labour inputs."");"
components\labour\ProductiveStaffTypeRatesPanel.jsx,ProductiveStaffTypeRatesPanel.jsx,components,32,invalid_zero_productive_hours,snake_case,warning_id,warning_id,labour,"if (rate_status === ""invalid_zero_productive_hours"") { return ""Needs productive hours"";"
lib\calculations\labourCalculations.js,labourCalculations.js,lib,51,invalid_zero_productive_hours,snake_case,warning_id,warning_id,labour,"if (total_annual_cost > 0 && total_productive_hours <= 0) { return ""invalid_zero_productive_hours""; }"
lib\calculations\labourCalculations.js,labourCalculations.js,lib,68,invalid_zero_productive_hours,snake_case,warning_id,warning_id,labour,"productive_staff_type_rates.forEach((rate) => { if (rate.rate_status === ""invalid_zero_productive_hours"") { warnings.push({"
lib\calculations\recoverySummaryCalculations.js,recoverySummaryCalculations.js,lib,772,labour_based,snake_case,snake_case_reference,warning_id,labour,"if (business_type === ""labour_based"" && recovery_hours_used <= 0) { warnings.push(""no_productive_output"");"
lib\selectors\labour\labourStatusSelectors.js,labourStatusSelectors.js,lib,59,labour_class,snake_case,snake_case_reference,warning_id,labour,"if (!has_value(state.staff_role)) warnings.push(""Staff role is missing.""); if (!has_value(state.labour_class)) warnings.push(""Labour class is missing."");"
lib\calculations\revenueRealityCalculations.js,revenueRealityCalculations.js,lib,77,labour_consumes_most_margin,snake_case,snake_case_reference,warning_id,labour,"make_warning( ""labour_consumes_most_margin"", ""Labour consumes most of P&L GP, leaving limited margin for assets, overheads, and profit."""
lib\calculations\revenueRealityCalculations.js,revenueRealityCalculations.js,lib,74,labour_consumption_percent,snake_case,snake_case_reference,warning_id,labour,if (labour_consumption_percent >= 80 && labour_consumption_percent < 100) { warnings.push(
lib\calculations\quoteEngineCalculations.js,quoteEngineCalculations.js,lib,158,labour_cost_variance,snake_case,warning_id,warning_id,labour,"model_labour_cost_total, labour_cost_variance, productive_labour_cost_rate,"
lib\calculations\quoteEngineCalculations.js,quoteEngineCalculations.js,lib,87,labour_cost_variance,snake_case,declaration,warning_id,labour,const labour_cost_variance = labour_cost_total - model_labour_cost_total;
lib\selectors\quoteEngineSelectors.js,quoteEngineSelectors.js,lib,103,labour_cost_variance,snake_case,declaration,warning_id,labour,if (model_labour_cost_total > 0 && estimated_labour_cost_total > 0) { const labour_cost_variance = toNumber(calculations.labour_cost_variance);
lib\selectors\quoteEngineSelectors.js,quoteEngineSelectors.js,lib,105,labour_cost_variance,snake_case,warning_id,warning_id,labour,if (labour_cost_variance < 0) { warnings.push({
lib\selectors\quoteEngineSelectors.js,quoteEngineSelectors.js,lib,353,labour_cost_variance,snake_case,warning_id,warning_id,labour,"label: ""Labour cost variance"", value: formatCurrency(calculations.labour_cost_variance), },"
lib\selectors\quoteEngineSelectors.js,quoteEngineSelectors.js,lib,565,labour_cost_variance,snake_case,object_key,warning_id,labour,"model_labour_cost_total: calculations.model_labour_cost_total, labour_cost_variance: calculations.labour_cost_variance,"
lib\calculations\revenueRealityCalculations.js,revenueRealityCalculations.js,lib,68,labour_exceeds_margin,snake_case,snake_case_reference,warning_id,labour,"make_warning( ""labour_exceeds_margin"", ""Labour cost exceeds P&L GP. The business is short before assets and overheads are paid."""
lib\selectors\quoteEngineSelectors.js,quoteEngineSelectors.js,lib,150,labour_hours_is_zero,snake_case,warning_id,warning_id,labour,quote_price_total_is_zero || labour_hours_is_zero || required_recovery_rate_is_zero ||
lib\selectors\quoteEngineSelectors.js,quoteEngineSelectors.js,lib,42,labour_hours_is_zero,snake_case,declaration,warning_id,labour,const quote_price_total_is_zero = quote_price_total <= 0; const labour_hours_is_zero = labour_hours_allowed <= 0; const required_recovery_rate_is_zero = required_recovery_rate <= 0;
lib\selectors\quoteEngineSelectors.js,quoteEngineSelectors.js,lib,78,labour_hours_is_zero,snake_case,warning_id,warning_id,labour,if (labour_hours_is_zero) { warnings.push({
components\model-readiness\ModelReadinessAuditPanel.jsx,ModelReadinessAuditPanel.jsx,components,185,labour_model_variance,snake_case,object_key,warning_id,labour,labour_model_variance: status.labour_model_variance ??
components\model-readiness\ModelReadinessAuditPanel.jsx,ModelReadinessAuditPanel.jsx,components,186,labour_model_variance,snake_case,warning_id,warning_id,labour,labour_model_variance: status.labour_model_variance ?? reconciliation.labour_model_variance ??
components\model-readiness\ModelReadinessAuditPanel.jsx,ModelReadinessAuditPanel.jsx,components,187,labour_model_variance,snake_case,warning_id,warning_id,labour,"status.labour_model_variance ?? reconciliation.labour_model_variance ?? 0,"
lib\audit\buildLiveAuditSnapshotExport.js,buildLiveAuditSnapshotExport.js,lib,118,labour_model_variance,snake_case,object_key,warning_id,labour,"return { labour_model_variance: roundMoney( getValue(explainedVariance, ""labour_model_variance"", 0)"
lib\audit\buildLiveAuditSnapshotExport.js,buildLiveAuditSnapshotExport.js,lib,119,labour_model_variance,snake_case,warning_id,warning_id,labour,"labour_model_variance: roundMoney( getValue(explainedVariance, ""labour_model_variance"", 0) ),"
lib\calculations\cost-allocation\costAllocationInputBuilder.js,costAllocationInputBuilder.js,lib,48,labour_only,snake_case,snake_case_reference,warning_id,labour,"safe_array(recovery_outputs?.recovery_summary_warnings), recovery_model: recovery_outputs?.recovery_model ?? ""labour_only"", recovery_plan_target_per_driver: safe_number("
lib\calculations\costAllocationRules.js,costAllocationRules.js,lib,260,labour_pool_over_allocated,snake_case,snake_case_reference,warning_id,labour,if (labour_pool_over_allocated) { source_pool_warnings.push({
lib\calculations\quickStartCalculations.js,quickStartCalculations.js,lib,97,labour_rate,snake_case,snake_case_reference,warning_id,labour,"warning_count: labour_rate > 0 && hours_per_week > 0 ? 0 : 1, };"
lib\selectors\labour\labourStatusSelectors.js,labourStatusSelectors.js,lib,69,labour_rate,snake_case,snake_case_reference,warning_id,labour,"if (!has_positive_number(state.labour_rate)) { warnings.push(""Labour rate must be greater than 0."");"
lib\calculations\recoverySummaryCalculations.js,recoverySummaryCalculations.js,lib,291,labour_recovery_base_missing,snake_case,warning_id,warning_id,labour,"diagnostics.push({ diagnostic_key: ""labour_recovery_base_missing"", title: ""Labour recovery is selected but recovery hours are missing"","
lib\recovery\recoveryRiskWarningSystem.js,recoveryRiskWarningSystem.js,lib,427,labour_recovery_clean,snake_case,snake_case_reference,warning_id,labour,"required_recovery_rate = 0, labour_recovery_clean = true, asset_recovery_clean = true,"
lib\recovery\recoveryRiskWarningSystem.js,recoveryRiskWarningSystem.js,lib,539,labour_recovery_clean,snake_case,snake_case_reference,warning_id,labour,if (!labour_recovery_clean || !asset_recovery_clean || !material_recovery_clean) { warnings.push(
lib\recovery\recoveryRiskWarningSystem.js,recoveryRiskWarningSystem.js,lib,564,labour_recovery_clean,snake_case,snake_case_reference,warning_id,labour,"...context, labour_recovery_clean, asset_recovery_clean,"
hooks\useRecoverySummary.js,useRecoverySummary.js,hooks,129,labour_recovery_gap,snake_case,object_key,warning_id,labour,"labour_recovery_status: calculated.labour_recovery_status, labour_recovery_gap: calculated.labour_recovery_gap, asset_recovery_cost: calculated.asset_recovery_cost,"
lib\calculations\recoverySummaryCalculations.js,recoverySummaryCalculations.js,lib,612,labour_recovery_gap,snake_case,declaration,warning_id,labour,": round_currency(labour_recovery_cost / recovery_hours_used); const labour_recovery_gap = recovery_mode === ""hours_based"" && no_recovery_hours"
lib\calculations\recoverySummaryCalculations.js,recoverySummaryCalculations.js,lib,948,labour_recovery_gap,snake_case,warning_id,warning_id,labour,"labour_recovery_status, labour_recovery_gap, asset_recovery_cost,"
lib\selectors\recoverySummarySelectors.js,recoverySummarySelectors.js,lib,621,labour_recovery_gap,snake_case,object_key,warning_id,labour,"labour_recovery_status: calculated.labour_recovery_status ?? ""not_selected"", labour_recovery_gap: calculated.labour_recovery_gap ?? 0, asset_recovery_cost: calculated.asset_recovery_cost ?? 0,"
lib\calculations\recoverySummaryCalculations.js,recoverySummaryCalculations.js,lib,828,labour_recovery_without_labour,snake_case,snake_case_reference,warning_id,labour,"if (labour_recovery_without_labour) { warnings.push(""labour_share_without_productive_output"");"
components\recovery-summary\recoverySummaryWarningDetails.js,recoverySummaryWarningDetails.js,components,179,labour_share_without_productive_output,snake_case,object_key,warning_id,labour,"labour_share_without_productive_output: { title: ""Labour recovery has no labour base"","
lib\calculations\recoverySummaryCalculations.js,recoverySummaryCalculations.js,lib,829,labour_share_without_productive_output,snake_case,snake_case_reference,warning_id,labour,"if (labour_recovery_without_labour) { warnings.push(""labour_share_without_productive_output""); }"
hooks\useRevenueReality.js,useRevenueReality.js,hooks,77,labour_shortfall_against_margin,snake_case,object_key,warning_id,labour,"calculations.labour_consumption_percent, labour_shortfall_against_margin: calculations.labour_shortfall_against_margin,"
hooks\useRevenueReality.js,useRevenueReality.js,hooks,78,labour_shortfall_against_margin,snake_case,warning_id,warning_id,labour,"labour_shortfall_against_margin: calculations.labour_shortfall_against_margin, revenue_reality_ready: calculations.revenue_reality_ready,"
lib\calculations\revenueRealityCalculations.js,revenueRealityCalculations.js,lib,139,labour_shortfall_against_margin,snake_case,declaration,warning_id,labour,"safe_divide(stress_tested_margin_after_labour, material_margin) * 100; const labour_shortfall_against_margin = Math.max( labour_cost - material_margin,"
lib\calculations\revenueRealityCalculations.js,revenueRealityCalculations.js,lib,176,labour_shortfall_against_margin,snake_case,warning_id,warning_id,labour,"remaining_margin_percent, labour_shortfall_against_margin, revenue_reality_ready: revenue_reality_warnings.length === 0,"
components\business-summary\BusinessSummaryMacroPositionCard.jsx,BusinessSummaryMacroPositionCard.jsx,components,175,labour_variance,snake_case,warning_id,warning_id,labour,"pnl_net_profit = 0, labour_variance = 0, asset_finance_variance = 0,"
components\business-summary\BusinessSummaryMacroPositionCard.jsx,BusinessSummaryMacroPositionCard.jsx,components,201,labour_variance,snake_case,warning_id,warning_id,labour,"label=""Less labour variance"" value={-Math.abs(to_number(labour_variance))} />"
components\business-summary\BusinessSummaryMacroPositionCard.jsx,BusinessSummaryMacroPositionCard.jsx,components,243,labour_variance,snake_case,declaration,warning_id,labour,}) { const labour_variance = to_number(total_people_cost_annual) - to_number(labour_benchmark_total);
components\business-summary\BusinessSummaryMacroPositionCard.jsx,BusinessSummaryMacroPositionCard.jsx,components,258,labour_variance,snake_case,warning_id,warning_id,labour,const operational_pressure_adjustment = labour_variance + asset_finance_variance + overhead_variance;
components\business-summary\BusinessSummaryMacroPositionCard.jsx,BusinessSummaryMacroPositionCard.jsx,components,288,labour_variance,snake_case,warning_id,warning_id,labour,"module_total={total_people_cost_annual} variance={labour_variance} benchmark_label=""P&L labour benchmark"""
components\business-summary\BusinessSummaryMacroPositionCard.jsx,BusinessSummaryMacroPositionCard.jsx,components,335,labour_variance,snake_case,warning_id,warning_id,labour,pnl_net_profit={pnl_net_profit} labour_variance={labour_variance} asset_finance_variance={asset_finance_variance}
components\revenue-summary\RevenueSummaryMainCard.jsx,RevenueSummaryMainCard.jsx,components,143,labour_variance,snake_case,warning_id,warning_id,labour,"<div className=""text-sm font-medium text-[var(--text-primary)]""> {format_currency(labour_variance)} ·{"" ""} {format_percent(labour_variance_percent)}"
components\revenue-summary\RevenueSummaryMainCard.jsx,RevenueSummaryMainCard.jsx,components,77,labour_variance,snake_case,warning_id,warning_id,labour,"labour_variance = 0, labour_variance_percent = 0,"
lib\calculations\revenueSummaryCalculations.js,revenueSummaryCalculations.js,lib,123,labour_variance,snake_case,declaration,warning_id,labour,const labour_variance = round_currency( pnl_direct_labour - total_people_cost_annual
lib\calculations\revenueSummaryCalculations.js,revenueSummaryCalculations.js,lib,129,labour_variance,snake_case,warning_id,warning_id,labour,total_people_cost_annual > 0 ? round_percent((labour_variance / total_people_cost_annual) * 100) : 0;
lib\calculations\revenueSummaryCalculations.js,revenueSummaryCalculations.js,lib,14,labour_variance,snake_case,warning_id,warning_id,labour,function get_labour_variance_note(labour_variance = 0) { if (labour_variance === 0) {
lib\calculations\revenueSummaryCalculations.js,revenueSummaryCalculations.js,lib,15,labour_variance,snake_case,warning_id,warning_id,labour,"function get_labour_variance_note(labour_variance = 0) { if (labour_variance === 0) { return ""Model labour and P&L labour currently align closely."";"
lib\calculations\revenueSummaryCalculations.js,revenueSummaryCalculations.js,lib,192,labour_variance,snake_case,warning_id,warning_id,labour,"labour_variance, labour_variance_percent,"
lib\calculations\revenueSummaryCalculations.js,revenueSummaryCalculations.js,lib,194,labour_variance,snake_case,warning_id,warning_id,labour,"labour_variance_percent, labour_variance_note: get_labour_variance_note(labour_variance),"
lib\selectors\revenueSummarySelectors.js,revenueSummarySelectors.js,lib,79,labour_variance,snake_case,object_key,warning_id,labour,"labour_variance: calculated.labour_variance ?? 0, labour_variance_percent: calculated.labour_variance_percent ?? 0,"
lib\selectors\labour\labourStatusSelectors.js,labourStatusSelectors.js,lib,126,labour_variance_amount,snake_case,object_key,warning_id,labour,"module_total: reconciliation.module_total, labour_variance_amount: reconciliation.labour_variance_amount, labour_variance_percent: reconciliation.labour_variance_percent,"
lib\selectors\labour\labourStatusSelectors.js,labourStatusSelectors.js,lib,136,labour_variance_amount,snake_case,warning_id,warning_id,labour,"labour_variance_amount_label: format_currency( reconciliation.labour_variance_amount ),"
lib\selectors\labour\labourStatusSelectors.js,labourStatusSelectors.js,lib,19,labour_variance_amount,snake_case,declaration,warning_id,labour,const labour_variance_amount = module_value - benchmark; const labour_variance_percent =
lib\selectors\labour\labourStatusSelectors.js,labourStatusSelectors.js,lib,21,labour_variance_amount,snake_case,warning_id,warning_id,labour,const labour_variance_percent = benchmark > 0 ? (Math.abs(labour_variance_amount) / benchmark) * 100 : 0;
lib\selectors\labour\labourStatusSelectors.js,labourStatusSelectors.js,lib,40,labour_variance_amount,snake_case,warning_id,warning_id,labour,"module_total: module_value, labour_variance_amount, labour_variance_percent,"
components\labour\LabourCompactWorkspaceCard.jsx,LabourCompactWorkspaceCard.jsx,components,241,labour_variance_amount_label,snake_case,warning_id,warning_id,labour,"label: ""Variance amount"", value: labour.status?.labour_variance_amount_label || ""$0"", },"
components\labour\LabourStatusStrip.jsx,LabourStatusStrip.jsx,components,136,labour_variance_amount_label,snake_case,warning_id,warning_id,labour,"<div className=""ui-label"">Variance amount</div> <div>{labour_variance_amount_label}</div> </div>"
components\labour\LabourStatusStrip.jsx,LabourStatusStrip.jsx,components,30,labour_variance_amount_label,snake_case,warning_id,warning_id,labour,"module_total_label = ""$0"", labour_variance_amount_label = ""$0"", labour_variance_percent_label = ""0%"","
lib\selectors\labour\labourStatusSelectors.js,labourStatusSelectors.js,lib,135,labour_variance_amount_label,snake_case,object_key,warning_id,labour,"module_total_label: format_currency(reconciliation.module_total), labour_variance_amount_label: format_currency( reconciliation.labour_variance_amount"
components\revenue-summary\RevenueSummaryMainCard.jsx,RevenueSummaryMainCard.jsx,components,146,labour_variance_note,snake_case,warning_id,warning_id,labour,</div> <FieldHelp>{labour_variance_note}</FieldHelp> </div>
components\revenue-summary\RevenueSummaryMainCard.jsx,RevenueSummaryMainCard.jsx,components,79,labour_variance_note,snake_case,warning_id,warning_id,labour,"labour_variance_percent = 0, labour_variance_note = """","
lib\calculations\revenueSummaryCalculations.js,revenueSummaryCalculations.js,lib,194,labour_variance_note,snake_case,object_key,warning_id,labour,"labour_variance_percent, labour_variance_note: get_labour_variance_note(labour_variance),"
lib\selectors\revenueSummarySelectors.js,revenueSummarySelectors.js,lib,81,labour_variance_note,snake_case,object_key,warning_id,labour,"labour_variance_percent: calculated.labour_variance_percent ?? 0, labour_variance_note: calculated.labour_variance_note ?? """","
components\revenue-summary\RevenueSummaryMainCard.jsx,RevenueSummaryMainCard.jsx,components,144,labour_variance_percent,snake_case,warning_id,warning_id,labour,"{format_currency(labour_variance)} ·{"" ""} {format_percent(labour_variance_percent)} </div>"
components\revenue-summary\RevenueSummaryMainCard.jsx,RevenueSummaryMainCard.jsx,components,78,labour_variance_percent,snake_case,warning_id,warning_id,labour,"labour_variance = 0, labour_variance_percent = 0, labour_variance_note = """","
lib\calculations\revenueSummaryCalculations.js,revenueSummaryCalculations.js,lib,127,labour_variance_percent,snake_case,declaration,warning_id,labour,const labour_variance_percent = total_people_cost_annual > 0
lib\calculations\revenueSummaryCalculations.js,revenueSummaryCalculations.js,lib,193,labour_variance_percent,snake_case,warning_id,warning_id,labour,"labour_variance, labour_variance_percent, labour_variance_note: get_labour_variance_note(labour_variance),"
lib\selectors\labour\labourStatusSelectors.js,labourStatusSelectors.js,lib,127,labour_variance_percent,snake_case,object_key,warning_id,labour,"labour_variance_amount: reconciliation.labour_variance_amount, labour_variance_percent: reconciliation.labour_variance_percent, labour_status: reconciliation.labour_status,"
lib\selectors\labour\labourStatusSelectors.js,labourStatusSelectors.js,lib,139,labour_variance_percent,snake_case,warning_id,warning_id,labour,"labour_variance_percent_label: format_percent( reconciliation.labour_variance_percent, 1"
lib\selectors\labour\labourStatusSelectors.js,labourStatusSelectors.js,lib,20,labour_variance_percent,snake_case,declaration,warning_id,labour,const labour_variance_amount = module_value - benchmark; const labour_variance_percent = benchmark > 0 ? (Math.abs(labour_variance_amount) / benchmark) * 100 : 0;
lib\selectors\labour\labourStatusSelectors.js,labourStatusSelectors.js,lib,26,labour_variance_percent,snake_case,warning_id,warning_id,labour,"if (labour_variance_percent <= 1) { labour_status = ""green"";"
lib\selectors\labour\labourStatusSelectors.js,labourStatusSelectors.js,lib,29,labour_variance_percent,snake_case,warning_id,warning_id,labour,"labour_ready = true; } else if (labour_variance_percent <= 5) { labour_status = ""amber"";"
lib\selectors\labour\labourStatusSelectors.js,labourStatusSelectors.js,lib,41,labour_variance_percent,snake_case,warning_id,warning_id,labour,"labour_variance_amount, labour_variance_percent, labour_status,"
lib\selectors\revenueSummarySelectors.js,revenueSummarySelectors.js,lib,80,labour_variance_percent,snake_case,object_key,warning_id,labour,"labour_variance: calculated.labour_variance ?? 0, labour_variance_percent: calculated.labour_variance_percent ?? 0, labour_variance_note: calculated.labour_variance_note ?? """","
components\labour\LabourCompactWorkspaceCard.jsx,LabourCompactWorkspaceCard.jsx,components,245,labour_variance_percent_label,snake_case,warning_id,warning_id,labour,"label: ""Variance percent"", value: labour.status?.labour_variance_percent_label || ""0%"", },"
components\labour\LabourStatusStrip.jsx,LabourStatusStrip.jsx,components,141,labour_variance_percent_label,snake_case,warning_id,warning_id,labour,"<div className=""ui-label"">Variance percent</div> <div>{labour_variance_percent_label}</div> </div>"
components\labour\LabourStatusStrip.jsx,LabourStatusStrip.jsx,components,31,labour_variance_percent_label,snake_case,warning_id,warning_id,labour,"labour_variance_amount_label = ""$0"", labour_variance_percent_label = ""0%"","
lib\selectors\labour\labourStatusSelectors.js,labourStatusSelectors.js,lib,138,labour_variance_percent_label,snake_case,object_key,warning_id,labour,"), labour_variance_percent_label: format_percent( reconciliation.labour_variance_percent,"
lib\calculations\cost-allocation\costAllocationValidation.js,costAllocationValidation.js,lib,72,linked_staff_ids,snake_case,snake_case_reference,warning_id,labour,safe_array(active_staff).forEach((staff) => { if (!linked_staff_ids.has(staff?.staff_id)) { orphan_warnings.push(
lib\calculations\cost-allocation\costAllocationWarnings.js,costAllocationWarnings.js,lib,99,low_productive_labour_coverage,snake_case,snake_case_reference,warning_id,labour,"make_allocation_warning( ""low_productive_labour_coverage"", ""Productive labour group coverage is low for the visible operating groups."""
lib\calculations\labourCalculations.js,labourCalculations.js,lib,404,margin_gap,snake_case,declaration,warning_id,labour,const margin_gap = charge_out_rate - minimum_charge_out_rate; const profit_per_hour = charge_out_rate - productive_labour_cost_rate;
lib\calculations\labourCalculations.js,labourCalculations.js,lib,444,margin_gap,snake_case,warning_id,warning_id,labour,"actual_margin_percent, margin_gap, profit_per_hour,"
lib\calculations\labourCalculations.js,labourCalculations.js,lib,100,message,plain,object_key,warning_id,labour,"warning_key: ""total_productive_hours_zero"", message: ""Total productive labour hours are zero, so weighted productive labour rates cannot be used yet."","
lib\calculations\labourCalculations.js,labourCalculations.js,lib,71,message,plain,object_key,warning_id,labour,"warning_key: ""productive_staff_type_zero_hours"", message: `${rate.staff_type_name} has annual labour cost but no productive hours. Assign productive hours before using this rate.`, staff_type_name: rate.staff_type_name,"
lib\calculations\labourCalculations.js,labourCalculations.js,lib,79,message,plain,object_key,warning_id,labour,"warning_key: ""productive_staff_type_zero_cost"", message: `${rate.staff_type_name} has productive hours but no annual labour cost. Review labour cost setup.`, staff_type_name: rate.staff_type_name,"
lib\calculations\labourCalculations.js,labourCalculations.js,lib,87,message,plain,object_key,warning_id,labour,"warning_key: ""productive_staff_type_unassigned"", message: ""Productive staff have no staff type assigned. Assign staff type before using staff type rates."","
lib\selectors\labourRateRealityCheckSelectors.js,labourRateRealityCheckSelectors.js,lib,40,missing_inputs,snake_case,snake_case_reference,warning_id,labour,"readiness_label: ready ? ""Ready"" : ""Waiting"", warning_count: missing_inputs.length, warnings: ready ? [] : missing_inputs,"
lib\selectors\labourRateRealityCheckSelectors.js,labourRateRealityCheckSelectors.js,lib,41,missing_inputs,snake_case,snake_case_reference,warning_id,labour,"warning_count: missing_inputs.length, warnings: ready ? [] : missing_inputs, summary: ready"
lib\calculations\recoverySummaryCalculations.js,recoverySummaryCalculations.js,lib,777,missing_labour_cost,snake_case,snake_case_reference,warning_id,labour,"if (recovery_mode === ""hours_based"" && total_people_cost_annual <= 0) { warnings.push(""missing_labour_cost""); }"
lib\calculations\revenueRealityCalculations.js,revenueRealityCalculations.js,lib,50,missing_labour_cost,snake_case,snake_case_reference,warning_id,labour,"make_warning( ""missing_labour_cost"", ""Labour cost is missing, so the stress-tested margin after labour cannot be calculated."""
lib\calculations\cost-allocation\costAllocationValidation.js,costAllocationValidation.js,lib,150,missing_staff_ids,snake_case,snake_case_reference,warning_id,labour,"make_warning( `${group?.group_name ?? ""Group""} is invalid: missing required staff (${missing_staff_ids.join("", "")}).` )"
lib\selectors\quoteEngineSelectors.js,quoteEngineSelectors.js,lib,88,no_estimated_labour_cost,snake_case,snake_case_reference,warning_id,labour,"warnings.push({ warning_id: ""no_estimated_labour_cost"", message:"
lib\calculations\cost-allocation\costAllocationWarnings.js,costAllocationWarnings.js,lib,72,no_labour_cost_available,snake_case,snake_case_reference,warning_id,labour,"make_allocation_warning( ""no_labour_cost_available"", ""No productive labour cost is available for Cost Allocation."""
lib\selectors\quoteEngineSelectors.js,quoteEngineSelectors.js,lib,80,no_labour_hours,snake_case,snake_case_reference,warning_id,labour,"warnings.push({ warning_id: ""no_labour_hours"", message:"
lib\calculations\cost-allocation\costAllocationWarnings.js,costAllocationWarnings.js,lib,81,no_productive_labour_driver_available,snake_case,snake_case_reference,warning_id,labour,"make_allocation_warning( ""no_productive_labour_driver_available"", ""No productive labour group is available for operating groups."""
lib\calculations\cost-allocation\costAllocationWarnings.js,costAllocationWarnings.js,lib,171,operating_group_asset_without_labour_driver,snake_case,snake_case_reference,warning_id,labour,"make_allocation_warning( ""operating_group_asset_without_labour_driver"", ""One or more operating groups has productive assets but no labour driver."""
lib\calculations\cost-allocation\costAllocationWarnings.js,costAllocationWarnings.js,lib,180,operating_group_labour_without_productive_capacity,snake_case,snake_case_reference,warning_id,labour,"make_allocation_warning( ""operating_group_labour_without_productive_capacity"", ""One or more operating groups has labour selected but no productive capacity."""
lib\storage\labourStorage.js,labourStorage.js,lib,75,other_review_required,snake_case,warning_id,warning_id,labour,"{ staff_type_id: ""other_review_required"", staff_type_name: ""Other / Review required"","
lib\selectors\labour\labourStatusSelectors.js,labourStatusSelectors.js,lib,77,productive_hours,snake_case,snake_case_reference,warning_id,labour,"if (Number(outputs.productive_hours ?? 0) <= 0) { warnings.push(""Productive hours are zero or below."");"
lib\calculations\costAllocationRules.js,costAllocationRules.js,lib,262,productive_labour_pool_over_allocated,snake_case,snake_case_reference,warning_id,labour,"source_pool_warnings.push({ warning_key: ""productive_labour_pool_over_allocated"", message:"
lib\selectors\labour\labourOutputContractSelectors.js,labourOutputContractSelectors.js,lib,106,productive_staff_type_rate_outputs,snake_case,snake_case_reference,warning_id,labour,const base_productive_staff_type_rates = productive_staff_type_rate_outputs.productive_staff_type_rates; const productive_staff_type_rate_warnings =
lib\selectors\labour\labourOutputContractSelectors.js,labourOutputContractSelectors.js,lib,108,productive_staff_type_rate_outputs,snake_case,snake_case_reference,warning_id,labour,const productive_staff_type_rate_warnings = productive_staff_type_rate_outputs.productive_staff_type_rate_warnings;
components\labour\ProductiveStaffTypeRatesPanel.jsx,ProductiveStaffTypeRatesPanel.jsx,components,64,productive_staff_type_rates,snake_case,snake_case_reference,warning_id,labour,}) { const has_staff_type_rates = productive_staff_type_rates.length > 0; const has_warnings = productive_staff_type_rate_warnings.length > 0;
lib\calculations\labourCalculations.js,labourCalculations.js,lib,210,productive_staff_type_rates,snake_case,snake_case_reference,warning_id,labour,"build_productive_staff_type_rate_warnings({ productive_staff_type_rates, total_productive_labour_hours,"
lib\calculations\labourCalculations.js,labourCalculations.js,lib,62,productive_staff_type_rates,snake_case,snake_case_reference,warning_id,labour,"function build_productive_staff_type_rate_warnings({ productive_staff_type_rates = [], total_productive_labour_hours = 0,"
lib\selectors\labour\labourOutputContractSelectors.js,labourOutputContractSelectors.js,lib,106,productive_staff_type_rates,snake_case,snake_case_reference,warning_id,labour,const base_productive_staff_type_rates = productive_staff_type_rate_outputs.productive_staff_type_rates; const productive_staff_type_rate_warnings =
lib\selectors\labour\labourOutputContractSelectors.js,labourOutputContractSelectors.js,lib,228,productive_staff_type_rates,snake_case,snake_case_reference,warning_id,labour,"productive_staff_type_rates, productive_staff_type_rate_warnings,"
lib\calculations\labourCalculations.js,labourCalculations.js,lib,86,productive_staff_type_unassigned,snake_case,snake_case_reference,warning_id,labour,"warnings.push({ warning_key: ""productive_staff_type_unassigned"", message:"
lib\calculations\labourCalculations.js,labourCalculations.js,lib,78,productive_staff_type_zero_cost,snake_case,warning_id,warning_id,labour,"warnings.push({ warning_key: ""productive_staff_type_zero_cost"", message: `${rate.staff_type_name} has productive hours but no annual labour cost. Review labour cost setup.`,"
lib\calculations\labourCalculations.js,labourCalculations.js,lib,70,productive_staff_type_zero_hours,snake_case,warning_id,warning_id,labour,"warnings.push({ warning_key: ""productive_staff_type_zero_hours"", message: `${rate.staff_type_name} has annual labour cost but no productive hours. Assign productive hours before using this rate.`,"
lib\selectors\labour\labourStatusSelectors.js,labourStatusSelectors.js,lib,73,productivity_percent,snake_case,snake_case_reference,warning_id,labour,"if (!has_positive_number(state.productivity_percent)) { warnings.push(""Productivity percent must be greater than 0."");"
lib\calculations\rateBuilderLabourRateCalculations.js,rateBuilderLabourRateCalculations.js,lib,60,rate_gap,snake_case,declaration,warning_id,labour,const rate_gap = current_charge_out_rate - suggested_charge_out_rate;
lib\calculations\rateBuilderLabourRateCalculations.js,rateBuilderLabourRateCalculations.js,lib,63,rate_gap,snake_case,warning_id,warning_id,labour,const above_target = rate_gap >= 0;
lib\calculations\rateBuilderLabourRateCalculations.js,rateBuilderLabourRateCalculations.js,lib,76,rate_gap,snake_case,object_key,warning_id,labour,"current_margin_percent: round_percent(current_margin_percent), rate_gap: round_currency(rate_gap), above_target,"
components\labour-rate-reality-check\LabourRateRealityCheckStatusStrip.jsx,LabourRateRealityCheckStatusStrip.jsx,components,21,readiness_label,snake_case,snake_case_reference,warning_id,labour,"<div className=""ui-actions""> <span className=""ui-pill"">{readiness_label}</span> <span className=""ui-pill"">{warning_count} warnings</span>"
components\labour-rate-reality-check\LabourRateRealityCheckStatusStrip.jsx,LabourRateRealityCheckStatusStrip.jsx,components,5,readiness_label,snake_case,snake_case_reference,warning_id,labour,"title, readiness_label, warning_count,"
lib\selectors\labourRateRealityCheckSelectors.js,labourRateRealityCheckSelectors.js,lib,39,readiness_label,snake_case,object_key,warning_id,labour,"title: ready ? ""Reality check ready"" : ""Enter your rate to see the drop"", readiness_label: ready ? ""Ready"" : ""Waiting"", warning_count: missing_inputs.length,"
app\business-summary\page.jsx,page.jsx,app,66,required_labour_burden_rate,snake_case,snake_case_reference,warning_id,labour,business_summary_warnings={status.business_summary_warnings} required_labour_burden_rate={card.required_labour_burden_rate} macro_required_operating_hour_rate={card.macro_required_operating_hour_rate}
lib\calculations\labourCalculations.js,labourCalculations.js,lib,84,review_unassigned_staff_type,snake_case,snake_case_reference,warning_id,labour,"if (rate.rate_status === ""review_unassigned_staff_type"") { warnings.push({"
components\labour\ProductiveStaffTypeRatesPanel.jsx,ProductiveStaffTypeRatesPanel.jsx,components,36,review_zero_cost,snake_case,warning_id,warning_id,labour,"if (rate_status === ""review_zero_cost"") { return ""Review zero cost"";"
lib\calculations\labourCalculations.js,labourCalculations.js,lib,55,review_zero_cost,snake_case,warning_id,warning_id,labour,"if (total_productive_hours > 0 && total_annual_cost <= 0) { return ""review_zero_cost""; }"
lib\calculations\labourCalculations.js,labourCalculations.js,lib,76,review_zero_cost,snake_case,warning_id,warning_id,labour,"if (rate.rate_status === ""review_zero_cost"") { warnings.push({"
hooks\useBusinessModelling.js,useBusinessModelling.js,hooks,285,scenario_total_productive_output,snake_case,snake_case_reference,warning_id,labour,if (active_scenario?.scenario_total_productive_output === 0) { warnings.push({
lib\calculations\businessModellingCalculations.js,businessModellingCalculations.js,lib,208,scenario_total_productive_output,snake_case,snake_case_reference,warning_id,labour,if (scenario_total_productive_output === 0) { warnings.push({
lib\selectors\employeeOverheadSelectors.js,employeeOverheadSelectors.js,lib,24,selected_staff_id,snake_case,snake_case_reference,warning_id,labour,"if (!selected_staff_id) { warnings.push(""No selected staff"");"
lib\selectors\employeeOverheadSelectors.js,employeeOverheadSelectors.js,lib,28,selected_staff_id,snake_case,snake_case_reference,warning_id,labour,"if (selected_staff_id && !active_profile) { warnings.push(""No overheads saved yet"");"
components\labour-rate-reality-check\LabourRateRealityCheckMainCard.jsx,LabourRateRealityCheckMainCard.jsx,components,156,soft_warning,snake_case,warning_id,warning_id,labour,"<p className=""ui-help"">{soft_warning}</p>"
components\labour-rate-reality-check\LabourRateRealityCheckMainCard.jsx,LabourRateRealityCheckMainCard.jsx,components,52,soft_warning,snake_case,warning_id,warning_id,labour,"detail_rows = [], soft_warning, cta,"
lib\selectors\labourRateRealityCheckSelectors.js,labourRateRealityCheckSelectors.js,lib,109,soft_warning,snake_case,object_key,warning_id,labour,"soft_warning: ""Based on standard NZ time off. Does not include ACC, vehicle, tools, insurance, or gaps between jobs."","
lib\calculations\cost-allocation\costAllocationValidation.js,costAllocationValidation.js,lib,33,staff_id,snake_case,snake_case_reference,warning_id,labour,"make_warning( `Duplicate active link detected for asset_id ""${link?.asset_id}"" and staff_id ""${link?.staff_id}"".` )"
lib\calculations\cost-allocation\costAllocationValidation.js,costAllocationValidation.js,lib,72,staff_id,snake_case,snake_case_reference,warning_id,labour,safe_array(active_staff).forEach((staff) => { if (!linked_staff_ids.has(staff?.staff_id)) { orphan_warnings.push(
lib\calculations\cost-allocation\costAllocationValidation.js,costAllocationValidation.js,lib,80,staff_id,snake_case,snake_case_reference,warning_id,labour,if (!grouped_staff_ids.has(staff?.staff_id)) { orphan_warnings.push(
lib\calculations\cost-allocation\costAllocationValidation.js,costAllocationValidation.js,lib,75,staff_name,snake_case,snake_case_reference,warning_id,labour,"make_warning( `${staff?.staff_name ?? ""Staff""} is not linked to any asset.` )"
lib\calculations\cost-allocation\costAllocationValidation.js,costAllocationValidation.js,lib,83,staff_name,snake_case,snake_case_reference,warning_id,labour,"make_warning( `${staff?.staff_name ?? ""Staff""} is not included in any active group.` )"
lib\selectors\labour\labourStatusSelectors.js,labourStatusSelectors.js,lib,57,staff_name,snake_case,snake_case_reference,warning_id,labour,"if (!has_value(state.staff_name)) warnings.push(""Staff name is missing.""); if (!has_value(state.staff_role)) warnings.push(""Staff role is missing."");"
lib\calculations\cost-allocation\costAllocationValidation.js,costAllocationValidation.js,lib,147,staff_requirement_met,snake_case,snake_case_reference,warning_id,labour,if (!staff_requirement_met) { group_validation_warnings.push(
lib\selectors\labour\labourStatusSelectors.js,labourStatusSelectors.js,lib,58,staff_role,snake_case,snake_case_reference,warning_id,labour,"if (!has_value(state.staff_name)) warnings.push(""Staff name is missing.""); if (!has_value(state.staff_role)) warnings.push(""Staff role is missing.""); if (!has_value(state.labour_class)) warnings.push(""Labour class is missing."");"
components\labour\ProductiveStaffTypeRatesPanel.jsx,ProductiveStaffTypeRatesPanel.jsx,components,143,staff_type_name,snake_case,snake_case_reference,warning_id,labour,"<div key={`${warning.warning_key}-${warning.staff_type_name || ""all""}`} className=""ui-warning"""
lib\calculations\labourCalculations.js,labourCalculations.js,lib,71,staff_type_name,snake_case,snake_case_reference,warning_id,labour,"warning_key: ""productive_staff_type_zero_hours"", message: `${rate.staff_type_name} has annual labour cost but no productive hours. Assign productive hours before using this rate.`, staff_type_name: rate.staff_type_name,"
lib\calculations\labourCalculations.js,labourCalculations.js,lib,79,staff_type_name,snake_case,snake_case_reference,warning_id,labour,"warning_key: ""productive_staff_type_zero_cost"", message: `${rate.staff_type_name} has productive hours but no annual labour cost. Review labour cost setup.`, staff_type_name: rate.staff_type_name,"
components\revenue-reality\RevenueRealityStatusStrip.jsx,RevenueRealityStatusStrip.jsx,components,17,stress_tested_margin_after_labour,snake_case,snake_case_reference,warning_id,labour,"total_labour_cost_annual = 0, stress_tested_margin_after_labour = 0, warning_count = 0,"
lib\selectors\labourRateRealityCheckSelectors.js,labourRateRealityCheckSelectors.js,lib,42,summary,plain,object_key,warning_id,labour,"warnings: ready ? [] : missing_inputs, summary: ready ? `${format_currency_precise(outputs.headline_rate)} → ${format_currency_precise(outputs.equivalent_rate)}`"
components\labour\LabourCompactWorkspaceCard.jsx,LabourCompactWorkspaceCard.jsx,components,107,to_number,snake_case,snake_case_reference,warning_id,labour,"function get_review_value(labour = {}) { const warning_count = to_number(labour.status?.warning_count); return `${warning_count} issue${warning_count === 1 ? """" : ""s""}`;"
lib\calculations\revenueRealityCalculations.js,revenueRealityCalculations.js,lib,47,total_labour_cost_annual,snake_case,snake_case_reference,warning_id,labour,if (total_labour_cost_annual <= 0) { warnings.push(
lib\calculations\revenueRealityCalculations.js,revenueRealityCalculations.js,lib,65,total_labour_cost_annual,snake_case,snake_case_reference,warning_id,labour,if (total_labour_cost_annual > 0 && material_margin - total_labour_cost_annual < 0) { warnings.push(
lib\selectors\labour\labourStatusSelectors.js,labourStatusSelectors.js,lib,81,total_labour_cost_annual,snake_case,snake_case_reference,warning_id,labour,"if (Number(outputs.total_labour_cost_annual ?? 0) <= 0) { warnings.push(""Annual labour cost is zero or below."");"
lib\calculations\labourCalculations.js,labourCalculations.js,lib,99,total_productive_hours_zero,snake_case,warning_id,warning_id,labour,"warnings.push({ warning_key: ""total_productive_hours_zero"", message:"
components\labour\ProductiveStaffTypeRatesPanel.jsx,ProductiveStaffTypeRatesPanel.jsx,components,61,total_productive_paid_hours,snake_case,snake_case_reference,warning_id,labour,"total_productive_labour_cost = 0, total_productive_paid_hours = 0, productive_staff_type_rate_warnings = [],"
lib\calculations\labourCalculations.js,labourCalculations.js,lib,133,unassigned_productive_review,snake_case,warning_id,warning_id,labour,"const staff_type_name = String(staff?.staff_type_name || """").trim(); const group_id = staff_type_id || ""unassigned_productive_review""; const group_name = staff_type_id"
lib\calculations\labourCalculations.js,labourCalculations.js,lib,46,unassigned_productive_review,snake_case,warning_id,warning_id,labour,"}) { if (staff_type_id === ""unassigned_productive_review"") { return ""review_unassigned_staff_type"";"
components\labour-rate-reality-check\LabourRateRealityCheckStatusStrip.jsx,LabourRateRealityCheckStatusStrip.jsx,components,22,warning_count,snake_case,snake_case_reference,warning_id,labour,"<span className=""ui-pill"">{readiness_label}</span> <span className=""ui-pill"">{warning_count} warnings</span> </div>"
components\labour-rate-reality-check\LabourRateRealityCheckStatusStrip.jsx,LabourRateRealityCheckStatusStrip.jsx,components,6,warning_count,snake_case,snake_case_reference,warning_id,labour,"readiness_label, warning_count, warnings = [],"
components\labour\LabourCompactWorkspaceCard.jsx,LabourCompactWorkspaceCard.jsx,components,107,warning_count,snake_case,declaration,warning_id,labour,"function get_review_value(labour = {}) { const warning_count = to_number(labour.status?.warning_count); return `${warning_count} issue${warning_count === 1 ? """" : ""s""}`;"
components\labour\LabourCompactWorkspaceCard.jsx,LabourCompactWorkspaceCard.jsx,components,108,warning_count,snake_case,snake_case_reference,warning_id,labour,"const warning_count = to_number(labour.status?.warning_count); return `${warning_count} issue${warning_count === 1 ? """" : ""s""}`; }"
components\labour\LabourStatusStrip.jsx,LabourStatusStrip.jsx,components,151,warning_count,snake_case,snake_case_reference,warning_id,labour,"{warning_count > 0 ? ( <div className=""ui-panel"">"
components\labour\LabourStatusStrip.jsx,LabourStatusStrip.jsx,components,156,warning_count,snake_case,snake_case_reference,warning_id,labour,"<p className=""ui-help""> {warning_count} issue{warning_count === 1 ? """" : ""s""} detected. </p>"
components\labour\LabourStatusStrip.jsx,LabourStatusStrip.jsx,components,33,warning_count,snake_case,snake_case_reference,warning_id,labour,"warning_count = 0, warnings = [],"
lib\selectors\labourRateRealityCheckSelectors.js,labourRateRealityCheckSelectors.js,lib,40,warning_count,snake_case,object_key,warning_id,labour,"readiness_label: ready ? ""Ready"" : ""Waiting"", warning_count: missing_inputs.length, warnings: ready ? [] : missing_inputs,"
lib\selectors\labour\labourStatusSelectors.js,labourStatusSelectors.js,lib,102,warning_count,snake_case,object_key,warning_id,labour,"is_ready: warnings.length === 0 && reconciliation.labour_status === ""green"", warning_count: warnings.length, warnings,"
components\labour\ProductiveStaffTypeRatesPanel.jsx,ProductiveStaffTypeRatesPanel.jsx,components,143,warning_key,snake_case,snake_case_reference,warning_id,labour,"<div key={`${warning.warning_key}-${warning.staff_type_name || ""all""}`} className=""ui-warning"""
lib\calculations\labourCalculations.js,labourCalculations.js,lib,70,warning_key,snake_case,object_key,warning_id,labour,"warnings.push({ warning_key: ""productive_staff_type_zero_hours"", message: `${rate.staff_type_name} has annual labour cost but no productive hours. Assign productive hours before using this rate.`,"
lib\calculations\labourCalculations.js,labourCalculations.js,lib,78,warning_key,snake_case,object_key,warning_id,labour,"warnings.push({ warning_key: ""productive_staff_type_zero_cost"", message: `${rate.staff_type_name} has productive hours but no annual labour cost. Review labour cost setup.`,"
lib\calculations\labourCalculations.js,labourCalculations.js,lib,86,warning_key,snake_case,object_key,warning_id,labour,"warnings.push({ warning_key: ""productive_staff_type_unassigned"", message:"
lib\calculations\labourCalculations.js,labourCalculations.js,lib,99,warning_key,snake_case,object_key,warning_id,labour,"warnings.push({ warning_key: ""total_productive_hours_zero"", message:"
app\cost-summary\page.jsx,page.jsx,app,28,blocking_modules,snake_case,snake_case_reference,warning_id,model-readiness,model_readiness_status={status.model_readiness_status} blocking_modules={status.blocking_modules} warning_modules={status.warning_modules}
app\model-readiness\page.jsx,page.jsx,app,37,blocking_modules,snake_case,snake_case_reference,warning_id,model-readiness,"[""model_readiness_status"", status.model_readiness_status], [""blocking_modules"", status.blocking_modules], [""warning_modules"", status.warning_modules],"
components\cost-summary\CostSummaryStatusStrip.jsx,CostSummaryStatusStrip.jsx,components,44,blocking_modules,snake_case,snake_case_reference,warning_id,model-readiness,"model_readiness_status = ""blocked"", blocking_modules = [], warning_modules = [],"
components\model-readiness\ModelReadinessAuditPanel.jsx,ModelReadinessAuditPanel.jsx,components,180,blocking_modules,snake_case,object_key,warning_id,model-readiness,"blocking_modules: status.blocking_modules ?? [], warning_modules: status.warning_modules ?? [],"
components\model-readiness\ModelReadinessStatusStrip.jsx,ModelReadinessStatusStrip.jsx,components,53,blocking_modules,snake_case,snake_case_reference,warning_id,model-readiness,"model_readiness_status = ""blocked"", blocking_modules = [], warning_modules = [],"
hooks\useCostSummary.js,useCostSummary.js,hooks,173,blocking_modules,snake_case,object_key,warning_id,model-readiness,"model_readiness.model_readiness_status ?? ""blocked"", blocking_modules: model_readiness.blocking_modules ?? [], warning_modules: model_readiness.warning_modules ?? [],"
hooks\useCostSummary.js,useCostSummary.js,hooks,82,blocking_modules,snake_case,object_key,warning_id,model-readiness,"model_readiness_input.model_readiness_status ?? ""blocked"", blocking_modules: model_readiness_input.blocking_modules ?? [], warning_modules: model_readiness_input.warning_modules ?? [],"
lib\selectors\costSummarySelectors.js,costSummarySelectors.js,lib,203,blocking_modules,snake_case,object_key,warning_id,model-readiness,"model_readiness_status, blocking_modules: model_readiness.blocking_modules ?? [], warning_modules: model_readiness.warning_modules ?? [],"
components\model-readiness\ModelReadinessAuditPanel.jsx,ModelReadinessAuditPanel.jsx,components,215,cost_of_sales_mapping_variance,snake_case,object_key,warning_id,model-readiness,cost_of_sales_mapping_variance: status.cost_of_sales_mapping_variance ??
components\model-readiness\ModelReadinessAuditPanel.jsx,ModelReadinessAuditPanel.jsx,components,216,cost_of_sales_mapping_variance,snake_case,warning_id,warning_id,model-readiness,cost_of_sales_mapping_variance: status.cost_of_sales_mapping_variance ?? reconciliation.cost_of_sales_mapping_variance ??
components\model-readiness\ModelReadinessAuditPanel.jsx,ModelReadinessAuditPanel.jsx,components,217,cost_of_sales_mapping_variance,snake_case,warning_id,warning_id,model-readiness,"status.cost_of_sales_mapping_variance ?? reconciliation.cost_of_sales_mapping_variance ?? 0,"
components\model-readiness\ModelReadinessAuditPanel.jsx,ModelReadinessAuditPanel.jsx,components,200,depreciation_exclusion_variance,snake_case,object_key,warning_id,model-readiness,depreciation_exclusion_variance: status.depreciation_exclusion_variance ??
components\model-readiness\ModelReadinessAuditPanel.jsx,ModelReadinessAuditPanel.jsx,components,201,depreciation_exclusion_variance,snake_case,warning_id,warning_id,model-readiness,depreciation_exclusion_variance: status.depreciation_exclusion_variance ?? reconciliation.depreciation_exclusion_variance ??
components\model-readiness\ModelReadinessAuditPanel.jsx,ModelReadinessAuditPanel.jsx,components,202,depreciation_exclusion_variance,snake_case,warning_id,warning_id,model-readiness,"status.depreciation_exclusion_variance ?? reconciliation.depreciation_exclusion_variance ?? 0,"
components\model-readiness\ModelReadinessAuditPanel.jsx,ModelReadinessAuditPanel.jsx,components,176,explained_variance,snake_case,declaration,warning_id,model-readiness,"const explained_variance = { model_ready: status.model_ready === true,"
components\model-readiness\ModelReadinessAuditPanel.jsx,ModelReadinessAuditPanel.jsx,components,240,explained_variance,snake_case,warning_id,warning_id,model-readiness,"costSummaryData: cost_summary_data, explainedVariance: explained_variance, notes:"
components\model-readiness\ModelReadinessVarianceBreakdown.jsx,ModelReadinessVarianceBreakdown.jsx,components,114,get_variance_level,snake_case,warning_id,warning_id,model-readiness,"const variance_percent = get_variance_percent(variance, pnl); const variance_level = get_variance_level(variance, pnl, override_title); const direction_text = direction_override || get_direction_text(variance);"
components\model-readiness\ModelReadinessVarianceBreakdown.jsx,ModelReadinessVarianceBreakdown.jsx,components,29,get_variance_level,snake_case,warning_id,warning_id,model-readiness,"function get_variance_level(variance, benchmark, override_title = """") { const variance_amount = Math.abs(to_number(variance));"
components\model-readiness\ModelReadinessVarianceBreakdown.jsx,ModelReadinessVarianceBreakdown.jsx,components,113,get_variance_percent,snake_case,warning_id,warning_id,model-readiness,"}) { const variance_percent = get_variance_percent(variance, pnl); const variance_level = get_variance_level(variance, pnl, override_title);"
components\model-readiness\ModelReadinessVarianceBreakdown.jsx,ModelReadinessVarianceBreakdown.jsx,components,19,get_variance_percent,snake_case,warning_id,warning_id,model-readiness,"function get_variance_percent(variance, benchmark) { const base = Math.abs(to_number(benchmark));"
components\model-readiness\ModelReadinessVarianceBreakdown.jsx,ModelReadinessVarianceBreakdown.jsx,components,31,get_variance_percent,snake_case,warning_id,warning_id,model-readiness,"const variance_amount = Math.abs(to_number(variance)); const variance_percent = get_variance_percent(variance, benchmark);"
hooks\useCostSummary.js,useCostSummary.js,hooks,173,model_readiness,snake_case,snake_case_reference,warning_id,model-readiness,"model_readiness.model_readiness_status ?? ""blocked"", blocking_modules: model_readiness.blocking_modules ?? [], warning_modules: model_readiness.warning_modules ?? [],"
hooks\useCostSummary.js,useCostSummary.js,hooks,174,model_readiness,snake_case,snake_case_reference,warning_id,model-readiness,"blocking_modules: model_readiness.blocking_modules ?? [], warning_modules: model_readiness.warning_modules ?? [], blocking_checks: model_readiness.blocking_checks ?? [],"
hooks\useCostSummary.js,useCostSummary.js,hooks,175,model_readiness,snake_case,snake_case_reference,warning_id,model-readiness,"warning_modules: model_readiness.warning_modules ?? [], blocking_checks: model_readiness.blocking_checks ?? [], warning_checks: model_readiness.warning_checks ?? [],"
hooks\useCostSummary.js,useCostSummary.js,hooks,176,model_readiness,snake_case,snake_case_reference,warning_id,model-readiness,"blocking_checks: model_readiness.blocking_checks ?? [], warning_checks: model_readiness.warning_checks ?? [],"
lib\selectors\costSummarySelectors.js,costSummarySelectors.js,lib,183,model_readiness,snake_case,snake_case_reference,warning_id,model-readiness,: []; const warning_checks = Array.isArray(model_readiness.warning_checks) ? model_readiness.warning_checks
lib\selectors\costSummarySelectors.js,costSummarySelectors.js,lib,184,model_readiness,snake_case,snake_case_reference,warning_id,model-readiness,const warning_checks = Array.isArray(model_readiness.warning_checks) ? model_readiness.warning_checks : [];
lib\selectors\costSummarySelectors.js,costSummarySelectors.js,lib,203,model_readiness,snake_case,snake_case_reference,warning_id,model-readiness,"model_readiness_status, blocking_modules: model_readiness.blocking_modules ?? [], warning_modules: model_readiness.warning_modules ?? [],"
lib\selectors\costSummarySelectors.js,costSummarySelectors.js,lib,204,model_readiness,snake_case,snake_case_reference,warning_id,model-readiness,"blocking_modules: model_readiness.blocking_modules ?? [], warning_modules: model_readiness.warning_modules ?? [], blocking_checks,"
hooks\useCostSummary.js,useCostSummary.js,hooks,82,model_readiness_input,snake_case,snake_case_reference,warning_id,model-readiness,"model_readiness_input.model_readiness_status ?? ""blocked"", blocking_modules: model_readiness_input.blocking_modules ?? [], warning_modules: model_readiness_input.warning_modules ?? [],"
hooks\useCostSummary.js,useCostSummary.js,hooks,83,model_readiness_input,snake_case,snake_case_reference,warning_id,model-readiness,"blocking_modules: model_readiness_input.blocking_modules ?? [], warning_modules: model_readiness_input.warning_modules ?? [], blocking_checks: model_readiness_input.blocking_checks ?? [],"
hooks\useCostSummary.js,useCostSummary.js,hooks,84,model_readiness_input,snake_case,snake_case_reference,warning_id,model-readiness,"warning_modules: model_readiness_input.warning_modules ?? [], blocking_checks: model_readiness_input.blocking_checks ?? [], warning_checks: model_readiness_input.warning_checks ?? [],"
hooks\useCostSummary.js,useCostSummary.js,hooks,85,model_readiness_input,snake_case,snake_case_reference,warning_id,model-readiness,"blocking_checks: model_readiness_input.blocking_checks ?? [], warning_checks: model_readiness_input.warning_checks ?? [], };"
components\model-readiness\ModelReadinessStatusStrip.jsx,ModelReadinessStatusStrip.jsx,components,57,module_total_business_costs,snake_case,snake_case_reference,warning_id,model-readiness,"warning_checks = [], module_total_business_costs = 0, pnl_business_cost_variance_percent = 0,"
lib\calculations\modelReadinessCalculations.js,modelReadinessCalculations.js,lib,13,ready,plain,status_value,warning_id,model-readiness,"? ""warning"" : ""ready"" : ""blocked"";"
components\model-readiness\ModelReadinessAuditPanel.jsx,ModelReadinessAuditPanel.jsx,components,225,rounding_variance,snake_case,object_key,warning_id,model-readiness,rounding_variance: status.rounding_variance ??
components\model-readiness\ModelReadinessAuditPanel.jsx,ModelReadinessAuditPanel.jsx,components,226,rounding_variance,snake_case,warning_id,warning_id,model-readiness,rounding_variance: status.rounding_variance ?? reconciliation.rounding_variance ??
components\model-readiness\ModelReadinessAuditPanel.jsx,ModelReadinessAuditPanel.jsx,components,227,rounding_variance,snake_case,warning_id,warning_id,model-readiness,"status.rounding_variance ?? reconciliation.rounding_variance ?? 0,"
components\model-readiness\ModelReadinessStatusStrip.jsx,ModelReadinessStatusStrip.jsx,components,67,status_message,snake_case,declaration,warning_id,model-readiness,"const status_message = model_ready ? model_readiness_status === ""warning"""
components\model-readiness\ModelReadinessStatusStrip.jsx,ModelReadinessStatusStrip.jsx,components,61,status_title,snake_case,declaration,warning_id,model-readiness,"const status_title = model_ready ? model_readiness_status === ""warning"""
components\model-readiness\ModelReadinessAuditPanel.jsx,ModelReadinessAuditPanel.jsx,components,220,timing_variance,snake_case,object_key,warning_id,model-readiness,timing_variance: status.timing_variance ??
components\model-readiness\ModelReadinessAuditPanel.jsx,ModelReadinessAuditPanel.jsx,components,221,timing_variance,snake_case,warning_id,warning_id,model-readiness,timing_variance: status.timing_variance ?? reconciliation.timing_variance ??
components\model-readiness\ModelReadinessAuditPanel.jsx,ModelReadinessAuditPanel.jsx,components,222,timing_variance,snake_case,warning_id,warning_id,model-readiness,"status.timing_variance ?? reconciliation.timing_variance ?? 0,"
components\model-readiness\ModelReadinessVarianceBreakdown.jsx,ModelReadinessVarianceBreakdown.jsx,components,209,total_variance,snake_case,declaration,warning_id,model-readiness,const total_variance = module_total - pnl_total;
components\model-readiness\ModelReadinessVarianceBreakdown.jsx,ModelReadinessVarianceBreakdown.jsx,components,216,total_variance,snake_case,warning_id,warning_id,model-readiness,"module_total, variance: total_variance, benchmark_label: ""P&L benchmark"","
components\model-readiness\ModelReadinessAuditPanel.jsx,ModelReadinessAuditPanel.jsx,components,230,unmapped_variance,snake_case,object_key,warning_id,model-readiness,unmapped_variance: status.unmapped_variance ??
components\model-readiness\ModelReadinessAuditPanel.jsx,ModelReadinessAuditPanel.jsx,components,231,unmapped_variance,snake_case,warning_id,warning_id,model-readiness,unmapped_variance: status.unmapped_variance ?? reconciliation.unmapped_variance ??
components\model-readiness\ModelReadinessAuditPanel.jsx,ModelReadinessAuditPanel.jsx,components,232,unmapped_variance,snake_case,warning_id,warning_id,model-readiness,"status.unmapped_variance ?? reconciliation.unmapped_variance ?? 0,"
app\cost-summary\page.jsx,page.jsx,app,29,warning_modules,snake_case,snake_case_reference,warning_id,model-readiness,blocking_modules={status.blocking_modules} warning_modules={status.warning_modules} blocking_checks={status.blocking_checks}
app\dev\model-readiness\page.jsx,page.jsx,app,91,warning_modules,snake_case,snake_case_reference,warning_id,model-readiness,"[ ""warning_modules"", Array.isArray(status.warning_modules)"
app\dev\model-readiness\page.jsx,page.jsx,app,92,warning_modules,snake_case,snake_case_reference,warning_id,model-readiness,"""warning_modules"", Array.isArray(status.warning_modules) ? status.warning_modules.join("", "")"
app\dev\model-readiness\page.jsx,page.jsx,app,93,warning_modules,snake_case,snake_case_reference,warning_id,model-readiness,"Array.isArray(status.warning_modules) ? status.warning_modules.join("", "") : status.warning_modules,"
app\dev\model-readiness\page.jsx,page.jsx,app,94,warning_modules,snake_case,snake_case_reference,warning_id,model-readiness,"? status.warning_modules.join("", "") : status.warning_modules, ],"
app\model-readiness\page.jsx,page.jsx,app,38,warning_modules,snake_case,snake_case_reference,warning_id,model-readiness,"[""blocking_modules"", status.blocking_modules], [""warning_modules"", status.warning_modules], ["
components\cost-summary\CostSummaryStatusStrip.jsx,CostSummaryStatusStrip.jsx,components,107,warning_modules,snake_case,snake_case_reference,warning_id,model-readiness,"{warning_modules.length > 0 ? ( <p className=""ui-help"">"
components\cost-summary\CostSummaryStatusStrip.jsx,CostSummaryStatusStrip.jsx,components,109,warning_modules,snake_case,snake_case_reference,warning_id,model-readiness,"<p className=""ui-help""> Warning modules: {warning_modules.join("", "")}. </p>"
components\cost-summary\CostSummaryStatusStrip.jsx,CostSummaryStatusStrip.jsx,components,45,warning_modules,snake_case,snake_case_reference,warning_id,model-readiness,"blocking_modules = [], warning_modules = [], blocking_checks = [],"
components\model-readiness\ModelReadinessAuditPanel.jsx,ModelReadinessAuditPanel.jsx,components,181,warning_modules,snake_case,object_key,warning_id,model-readiness,"blocking_modules: status.blocking_modules ?? [], warning_modules: status.warning_modules ?? [], blocking_checks: status.blocking_checks ?? [],"
components\model-readiness\ModelReadinessStatusStrip.jsx,ModelReadinessStatusStrip.jsx,components,113,warning_modules,snake_case,snake_case_reference,warning_id,model-readiness,"{warning_modules.length > 0 ? ( <div className=""ui-panel ui-stack-sm"">"
components\model-readiness\ModelReadinessStatusStrip.jsx,ModelReadinessStatusStrip.jsx,components,117,warning_modules,snake_case,snake_case_reference,warning_id,model-readiness,"<p className=""ui-help""> {warning_modules.join("", "")} </p>"
components\model-readiness\ModelReadinessStatusStrip.jsx,ModelReadinessStatusStrip.jsx,components,54,warning_modules,snake_case,snake_case_reference,warning_id,model-readiness,"blocking_modules = [], warning_modules = [], blocking_checks = [],"
hooks\useCostSummary.js,useCostSummary.js,hooks,174,warning_modules,snake_case,object_key,warning_id,model-readiness,"blocking_modules: model_readiness.blocking_modules ?? [], warning_modules: model_readiness.warning_modules ?? [], blocking_checks: model_readiness.blocking_checks ?? [],"
hooks\useCostSummary.js,useCostSummary.js,hooks,83,warning_modules,snake_case,object_key,warning_id,model-readiness,"blocking_modules: model_readiness_input.blocking_modules ?? [], warning_modules: model_readiness_input.warning_modules ?? [], blocking_checks: model_readiness_input.blocking_checks ?? [],"
lib\selectors\costSummarySelectors.js,costSummarySelectors.js,lib,204,warning_modules,snake_case,object_key,warning_id,model-readiness,"blocking_modules: model_readiness.blocking_modules ?? [], warning_modules: model_readiness.warning_modules ?? [], blocking_checks,"
components\recovery-summary\RecoverySummaryNoteDrilldown.jsx,RecoverySummaryNoteDrilldown.jsx,components,35,audit_location,snake_case,snake_case_reference,warning_id,module-reconciliation,return ( warning?.audit_location || warning?.module ||
lib\recovery\recoveryRiskWarningSystem.js,recoveryRiskWarningSystem.js,lib,226,audit_location,snake_case,object_key,warning_id,module-reconciliation,"""Cost Allocation cannot be trusted until recovery shares total 100%."", audit_location: ""Cost Allocation recovery share setup"", context: {"
lib\recovery\recoveryRiskWarningSystem.js,recoveryRiskWarningSystem.js,lib,256,audit_location,snake_case,object_key,warning_id,module-reconciliation,"""Cost Allocation cannot be trusted until recovery shares total 100%."", audit_location: ""Cost Allocation recovery share setup"", context: {"
lib\recovery\recoveryRiskWarningSystem.js,recoveryRiskWarningSystem.js,lib,330,audit_location,snake_case,object_key,warning_id,module-reconciliation,"effect: ""The recovery burden may be understated."", audit_location: ""Cost Allocation recovery driver setup"", context: row,"
lib\recovery\recoveryRiskWarningSystem.js,recoveryRiskWarningSystem.js,lib,352,audit_location,snake_case,object_key,warning_id,module-reconciliation,"effect: ""The recovery rate cannot be trusted."", audit_location: ""Cost Allocation recovery driver setup"", context: row,"
lib\recovery\recoveryRiskWarningSystem.js,recoveryRiskWarningSystem.js,lib,375,audit_location,snake_case,object_key,warning_id,module-reconciliation,"effect: ""The required recovery rate cannot be calculated reliably."", audit_location: ""Cost Allocation recovery driver setup"", context: row,"
lib\recovery\recoveryRiskWarningSystem.js,recoveryRiskWarningSystem.js,lib,466,audit_location,snake_case,object_key,warning_id,module-reconciliation,"""Do not rely on Cost Allocation until Business Summary is trusted."", audit_location: ""Business Summary"", context,"
lib\recovery\recoveryRiskWarningSystem.js,recoveryRiskWarningSystem.js,lib,496,audit_location,snake_case,object_key,warning_id,module-reconciliation,"""Cost Allocation receives a recovery pressure gap from Recovery Summary."", audit_location: ""Recovery Summary margin pool test"", context: {"
lib\recovery\recoveryRiskWarningSystem.js,recoveryRiskWarningSystem.js,lib,528,audit_location,snake_case,object_key,warning_id,module-reconciliation,"""Cost Allocation must test whether the operating structure can support this required recovery level."", audit_location: ""Recovery Summary recovery rate test"", context: {"
lib\recovery\recoveryRiskWarningSystem.js,recoveryRiskWarningSystem.js,lib,561,audit_location,snake_case,object_key,warning_id,module-reconciliation,"""Business Outcome should later test actual recovery by stream."", audit_location: ""Recovery Summary recovery stream tests"", context: {"
lib\recovery\recoveryRiskWarningSystem.js,recoveryRiskWarningSystem.js,lib,589,audit_location,snake_case,object_key,warning_id,module-reconciliation,"""Cost Allocation can test the operating structure against this recovery strategy."", audit_location: ""Recovery Summary"", context,"
lib\recovery\recoveryRiskWarningSystem.js,recoveryRiskWarningSystem.js,lib,64,audit_location,snake_case,snake_case_reference,warning_id,module-reconciliation,"carry_forward_message, audit_location, context = {},"
lib\recovery\recoveryRiskWarningSystem.js,recoveryRiskWarningSystem.js,lib,88,audit_location,snake_case,object_key,warning_id,module-reconciliation,"carry_forward_message: carry_forward_message || """", audit_location: audit_location || """","
app\cost-summary\page.jsx,page.jsx,app,30,blocking_checks,snake_case,snake_case_reference,warning_id,module-reconciliation,warning_modules={status.warning_modules} blocking_checks={status.blocking_checks} warning_checks={status.warning_checks}
components\cost-summary\CostSummaryStatusStrip.jsx,CostSummaryStatusStrip.jsx,components,46,blocking_checks,snake_case,snake_case_reference,warning_id,module-reconciliation,"warning_modules = [], blocking_checks = [], warning_checks = [],"
components\model-readiness\ModelReadinessAuditPanel.jsx,ModelReadinessAuditPanel.jsx,components,182,blocking_checks,snake_case,object_key,warning_id,module-reconciliation,"warning_modules: status.warning_modules ?? [], blocking_checks: status.blocking_checks ?? [], warning_checks: status.warning_checks ?? [],"
components\model-readiness\ModelReadinessStatusStrip.jsx,ModelReadinessStatusStrip.jsx,components,55,blocking_checks,snake_case,snake_case_reference,warning_id,module-reconciliation,"warning_modules = [], blocking_checks = [], warning_checks = [],"
hooks\useCostSummary.js,useCostSummary.js,hooks,175,blocking_checks,snake_case,object_key,warning_id,module-reconciliation,"warning_modules: model_readiness.warning_modules ?? [], blocking_checks: model_readiness.blocking_checks ?? [], warning_checks: model_readiness.warning_checks ?? [],"
hooks\useCostSummary.js,useCostSummary.js,hooks,84,blocking_checks,snake_case,object_key,warning_id,module-reconciliation,"warning_modules: model_readiness_input.warning_modules ?? [], blocking_checks: model_readiness_input.blocking_checks ?? [], warning_checks: model_readiness_input.warning_checks ?? [],"
lib\reconciliation\reconciliationRules.js,reconciliationRules.js,lib,372,blocking_checks,snake_case,snake_case_reference,warning_id,module-reconciliation,"reconciliation_checks, blocking_checks, warning_checks,"
lib\selectors\costSummarySelectors.js,costSummarySelectors.js,lib,205,blocking_checks,snake_case,snake_case_reference,warning_id,module-reconciliation,"warning_modules: model_readiness.warning_modules ?? [], blocking_checks, warning_checks,"
lib\reconciliation\reconciliationRules.js,reconciliationRules.js,lib,374,blocking_modules,snake_case,snake_case_reference,warning_id,module-reconciliation,"warning_checks, blocking_modules, warning_modules,"
lib\reconciliation\reconciliationRules.js,reconciliationRules.js,lib,166,business_cost_variance,snake_case,warning_id,warning_id,module-reconciliation,"return { id: ""business_cost_variance"", module: ""Model Readiness"","
lib\reconciliation\reconciliationRules.js,reconciliationRules.js,lib,395,business_cost_variance_amount,snake_case,object_key,warning_id,module-reconciliation,"business_cost_variance_amount: business_cost_variance_check.variance_amount, business_cost_variance_percent:"
lib\reconciliation\reconciliationRules.js,reconciliationRules.js,lib,303,business_cost_variance_check,snake_case,declaration,warning_id,module-reconciliation,"const business_cost_variance_check = getBusinessCostVarianceCheck({ pnl_business_cost: total_business_costs,"
lib\reconciliation\reconciliationRules.js,reconciliationRules.js,lib,314,business_cost_variance_check,snake_case,warning_id,warning_id,module-reconciliation,"legacy_running_cost_check, business_cost_variance_check, ];"
lib\reconciliation\reconciliationRules.js,reconciliationRules.js,lib,391,business_cost_variance_check,snake_case,warning_id,warning_id,module-reconciliation,"pnl_business_cost_variance: business_cost_variance_check.variance_amount, pnl_business_cost_variance_percent:"
lib\reconciliation\reconciliationRules.js,reconciliationRules.js,lib,393,business_cost_variance_check,snake_case,warning_id,warning_id,module-reconciliation,"pnl_business_cost_variance_percent: business_cost_variance_check.variance_percent,"
lib\reconciliation\reconciliationRules.js,reconciliationRules.js,lib,395,business_cost_variance_check,snake_case,warning_id,warning_id,module-reconciliation,"business_cost_variance_amount: business_cost_variance_check.variance_amount, business_cost_variance_percent:"
lib\reconciliation\reconciliationRules.js,reconciliationRules.js,lib,397,business_cost_variance_check,snake_case,warning_id,warning_id,module-reconciliation,"business_cost_variance_percent: business_cost_variance_check.variance_percent,"
lib\reconciliation\reconciliationRules.js,reconciliationRules.js,lib,402,business_cost_variance_check,snake_case,warning_id,warning_id,module-reconciliation,"full_pnl_business_cost_variance: business_cost_variance_check.full_pnl_variance_amount, full_pnl_business_cost_variance_percent:"
lib\reconciliation\reconciliationRules.js,reconciliationRules.js,lib,404,business_cost_variance_check,snake_case,warning_id,warning_id,module-reconciliation,"full_pnl_business_cost_variance_percent: business_cost_variance_check.full_pnl_variance_percent,"
lib\reconciliation\reconciliationRules.js,reconciliationRules.js,lib,396,business_cost_variance_percent,snake_case,object_key,warning_id,module-reconciliation,"business_cost_variance_amount: business_cost_variance_check.variance_amount, business_cost_variance_percent: business_cost_variance_check.variance_percent,"
lib\reconciliation\reconciliationRules.js,reconciliationRules.js,lib,183,comparison_total,snake_case,snake_case_reference,warning_id,module-reconciliation,"is_warning: false, comparison_total, setup_module_benchmark_total,"
lib\reconciliation\reconciliationRules.js,reconciliationRules.js,lib,321,reconciliation_checks,snake_case,snake_case_reference,warning_id,module-reconciliation,const warning_checks = reconciliation_checks .filter((check) => check.is_warning && !check.is_blocking)
lib\reconciliation\reconciliationRules.js,reconciliationRules.js,lib,335,reconciliation_checks,snake_case,snake_case_reference,warning_id,module-reconciliation,...new Set( reconciliation_checks .filter((check) => check.is_warning && !check.is_blocking)
app\cost-summary\page.jsx,page.jsx,app,31,warning_checks,snake_case,snake_case_reference,warning_id,module-reconciliation,blocking_checks={status.blocking_checks} warning_checks={status.warning_checks} macro_required_operating_hour_rate={card.macro_required_operating_hour_rate}
components\cost-summary\CostSummaryStatusStrip.jsx,CostSummaryStatusStrip.jsx,components,113,warning_checks,snake_case,snake_case_reference,warning_id,module-reconciliation,"{warning_checks.length > 0 ? ( <p className=""ui-help"">"
components\cost-summary\CostSummaryStatusStrip.jsx,CostSummaryStatusStrip.jsx,components,115,warning_checks,snake_case,snake_case_reference,warning_id,module-reconciliation,"<p className=""ui-help""> Warning checks: {warning_checks.length}. Review before relying on downstream decisions."
components\cost-summary\CostSummaryStatusStrip.jsx,CostSummaryStatusStrip.jsx,components,47,warning_checks,snake_case,snake_case_reference,warning_id,module-reconciliation,"blocking_checks = [], warning_checks = [], macro_required_operating_hour_rate = 0,"
components\model-readiness\ModelReadinessAuditPanel.jsx,ModelReadinessAuditPanel.jsx,components,183,warning_checks,snake_case,object_key,warning_id,module-reconciliation,"blocking_checks: status.blocking_checks ?? [], warning_checks: status.warning_checks ?? [],"
components\model-readiness\ModelReadinessAuditPanel.jsx,ModelReadinessAuditPanel.jsx,components,303,warning_checks,snake_case,snake_case_reference,warning_id,module-reconciliation,"label=""Warning checks"" value={(status.warning_checks ?? []).length} />"
components\model-readiness\ModelReadinessStatusStrip.jsx,ModelReadinessStatusStrip.jsx,components,130,warning_checks,snake_case,snake_case_reference,warning_id,module-reconciliation,"title=""Warnings"" checks={warning_checks} tone=""warning"""
components\model-readiness\ModelReadinessStatusStrip.jsx,ModelReadinessStatusStrip.jsx,components,56,warning_checks,snake_case,snake_case_reference,warning_id,module-reconciliation,"blocking_checks = [], warning_checks = [], module_total_business_costs = 0,"
hooks\useCostSummary.js,useCostSummary.js,hooks,176,warning_checks,snake_case,object_key,warning_id,module-reconciliation,"blocking_checks: model_readiness.blocking_checks ?? [], warning_checks: model_readiness.warning_checks ?? [],"
hooks\useCostSummary.js,useCostSummary.js,hooks,85,warning_checks,snake_case,object_key,warning_id,module-reconciliation,"blocking_checks: model_readiness_input.blocking_checks ?? [], warning_checks: model_readiness_input.warning_checks ?? [], };"
lib\calculations\modelReadinessCalculations.js,modelReadinessCalculations.js,lib,11,warning_checks,snake_case,snake_case_reference,warning_id,module-reconciliation,"const model_readiness_status = model_ready ? warning_checks.length > 0 ? ""warning"""
lib\calculations\modelReadinessCalculations.js,modelReadinessCalculations.js,lib,5,warning_checks,snake_case,declaration,warning_id,module-reconciliation,: []; const warning_checks = Array.isArray(reconciliation_status.warning_checks) ? reconciliation_status.warning_checks
lib\calculations\modelReadinessCalculations.js,modelReadinessCalculations.js,lib,6,warning_checks,snake_case,snake_case_reference,warning_id,module-reconciliation,const warning_checks = Array.isArray(reconciliation_status.warning_checks) ? reconciliation_status.warning_checks : [];
lib\reconciliation\reconciliationRules.js,reconciliationRules.js,lib,321,warning_checks,snake_case,declaration,warning_id,module-reconciliation,const warning_checks = reconciliation_checks .filter((check) => check.is_warning && !check.is_blocking)
lib\reconciliation\reconciliationRules.js,reconciliationRules.js,lib,373,warning_checks,snake_case,snake_case_reference,warning_id,module-reconciliation,"blocking_checks, warning_checks, blocking_modules,"
lib\selectors\costSummarySelectors.js,costSummarySelectors.js,lib,183,warning_checks,snake_case,declaration,warning_id,module-reconciliation,: []; const warning_checks = Array.isArray(model_readiness.warning_checks) ? model_readiness.warning_checks
lib\selectors\costSummarySelectors.js,costSummarySelectors.js,lib,184,warning_checks,snake_case,snake_case_reference,warning_id,module-reconciliation,const warning_checks = Array.isArray(model_readiness.warning_checks) ? model_readiness.warning_checks : [];
lib\selectors\costSummarySelectors.js,costSummarySelectors.js,lib,199,warning_checks,snake_case,snake_case_reference,warning_id,module-reconciliation,"missing_modules, warnings: [...warnings, ...warning_checks], is_ready: model_ready && has_recovery_hours,"
lib\selectors\costSummarySelectors.js,costSummarySelectors.js,lib,206,warning_checks,snake_case,snake_case_reference,warning_id,module-reconciliation,"blocking_checks, warning_checks, };"
lib\reconciliation\reconciliationRules.js,reconciliationRules.js,lib,333,warning_modules,snake_case,declaration,warning_id,module-reconciliation,const warning_modules = [ ...new Set(
lib\reconciliation\reconciliationRules.js,reconciliationRules.js,lib,375,warning_modules,snake_case,snake_case_reference,warning_id,module-reconciliation,"blocking_modules, warning_modules,"
lib\calculations\openingHoursCalculations.js,openingHoursCalculations.js,lib,270,blocked,plain,status_value,warning_id,opening-hours,"if (has_blocking_warning) { opening_hours_status = ""blocked""; } else if (warnings.length > 0) {"
lib\calculations\openingHoursCalculations.js,openingHoursCalculations.js,lib,276,blocked,plain,status_value,warning_id,opening-hours,"const opening_hours_model_trust_state = has_blocking_warning ? ""blocked"" : warnings.length > 0"
lib\calculations\openingHoursCalculations.js,openingHoursCalculations.js,lib,143,build_warning,snake_case,warning_id,warning_id,opening-hours,"warnings.push( build_warning({ warning_id: ""opening_hours_shutdown_exceeds_year"","
lib\calculations\openingHoursCalculations.js,openingHoursCalculations.js,lib,191,build_warning,snake_case,warning_id,warning_id,opening-hours,"warnings.push( build_warning({ warning_id: ""opening_hours_negative_net_hours"","
lib\calculations\openingHoursCalculations.js,openingHoursCalculations.js,lib,206,build_warning,snake_case,warning_id,warning_id,opening-hours,"warnings.push( build_warning({ warning_id: ""opening_hours_missing"","
lib\calculations\openingHoursCalculations.js,openingHoursCalculations.js,lib,219,build_warning,snake_case,warning_id,warning_id,opening-hours,"warnings.push( build_warning({ warning_id: ""opening_hours_no_open_days"","
lib\calculations\openingHoursCalculations.js,openingHoursCalculations.js,lib,232,build_warning,snake_case,warning_id,warning_id,opening-hours,"warnings.push( build_warning({ warning_id: ""opening_hours_zero_weekly_hours"","
lib\calculations\openingHoursCalculations.js,openingHoursCalculations.js,lib,252,build_warning,snake_case,warning_id,warning_id,opening-hours,"warnings.push( build_warning({ warning_id: ""opening_hours_default_used"","
lib\calculations\openingHoursCalculations.js,openingHoursCalculations.js,lib,66,build_warning,snake_case,warning_id,warning_id,opening-hours,"function build_warning({ warning_id,"
lib\calculations\openingHoursCalculations.js,openingHoursCalculations.js,lib,97,build_warning,snake_case,warning_id,warning_id,opening-hours,"warnings.push( build_warning({ warning_id: ""opening_hours_invalid_time_range"","
lib\calculations\openingHoursCalculations.js,openingHoursCalculations.js,lib,95,day_result,snake_case,snake_case_reference,warning_id,opening-hours,if (day_result.invalid_time_range) { warnings.push(
lib\calculations\openingHoursCalculations.js,openingHoursCalculations.js,lib,250,default_used,snake_case,snake_case_reference,warning_id,opening-hours,if (default_used) { warnings.push(
components\opening-hours\OpeningHoursMainCard.jsx,OpeningHoursMainCard.jsx,components,9,downstream_rows,snake_case,snake_case_reference,warning_id,opening-hours,"calendar_notes, downstream_rows, warnings,"
lib\calculations\openingHoursCalculations.js,openingHoursCalculations.js,lib,95,invalid_time_range,snake_case,snake_case_reference,warning_id,opening-hours,if (day_result.invalid_time_range) { warnings.push(
app\business-summary\page.jsx,page.jsx,app,126,macro_required_operating_hour_rate,snake_case,warning_id,warning_id,opening-hours,required_labour_burden_rate={card.required_labour_burden_rate} macro_required_operating_hour_rate={card.macro_required_operating_hour_rate} net_annual_business_open_hours={card.net_annual_business_open_hours}
app\business-summary\page.jsx,page.jsx,app,67,macro_required_operating_hour_rate,snake_case,warning_id,warning_id,opening-hours,required_labour_burden_rate={card.required_labour_burden_rate} macro_required_operating_hour_rate={card.macro_required_operating_hour_rate} net_annual_business_open_hours={card.net_annual_business_open_hours}
app\cost-summary\page.jsx,page.jsx,app,32,macro_required_operating_hour_rate,snake_case,warning_id,warning_id,opening-hours,warning_checks={status.warning_checks} macro_required_operating_hour_rate={card.macro_required_operating_hour_rate} net_annual_business_open_hours={card.net_annual_business_open_hours}
app\cost-summary\page.jsx,page.jsx,app,48,macro_required_operating_hour_rate,snake_case,warning_id,warning_id,opening-hours,total_recovery_hours={card.total_recovery_hours} macro_required_operating_hour_rate={card.macro_required_operating_hour_rate} net_annual_business_open_hours={card.net_annual_business_open_hours}
components\business-summary\BusinessSummaryCard.jsx,BusinessSummaryCard.jsx,components,200,macro_required_operating_hour_rate,snake_case,warning_id,warning_id,opening-hours,"<div className=""labour-summary-table-value""> {formatCurrency(macro_required_operating_hour_rate)} $/open hr </div>"
components\business-summary\BusinessSummaryCard.jsx,BusinessSummaryCard.jsx,components,68,macro_required_operating_hour_rate,snake_case,warning_id,warning_id,opening-hours,"required_labour_burden_rate = 0, macro_required_operating_hour_rate = 0, net_annual_business_open_hours = 0,"
components\business-summary\BusinessSummaryStatusStrip.jsx,BusinessSummaryStatusStrip.jsx,components,15,macro_required_operating_hour_rate,snake_case,warning_id,warning_id,opening-hours,"net_position = 0, macro_required_operating_hour_rate = 0, net_annual_business_open_hours = 0,"
components\business-summary\BusinessSummaryStatusStrip.jsx,BusinessSummaryStatusStrip.jsx,components,20,macro_required_operating_hour_rate,snake_case,warning_id,warning_id,opening-hours,}) { const macro_val = formatCurrency(macro_required_operating_hour_rate); const macro_hours = Number(net_annual_business_open_hours || 0).toFixed(1);
components\cost-summary\CostSummaryCard.jsx,CostSummaryCard.jsx,components,303,macro_required_operating_hour_rate,snake_case,warning_id,warning_id,opening-hours,"total_recovery_hours = 0, macro_required_operating_hour_rate = 0, net_annual_business_open_hours = 0,"
components\cost-summary\CostSummaryCard.jsx,CostSummaryCard.jsx,components,508,macro_required_operating_hour_rate,snake_case,warning_id,warning_id,opening-hours,"timeScale === ""hour"" ? macro_required_operating_hour_rate : timeScale === ""year"""
components\cost-summary\CostSummaryCard.jsx,CostSummaryCard.jsx,components,683,macro_required_operating_hour_rate,snake_case,warning_id,warning_id,opening-hours,"<div className=""labour-summary-table-value""> {formatMoney(macro_required_operating_hour_rate)} / open hr </div>"
components\cost-summary\CostSummaryStatusStrip.jsx,CostSummaryStatusStrip.jsx,components,48,macro_required_operating_hour_rate,snake_case,warning_id,warning_id,opening-hours,"warning_checks = [], macro_required_operating_hour_rate = 0, net_annual_business_open_hours = 0,"
components\cost-summary\CostSummaryStatusStrip.jsx,CostSummaryStatusStrip.jsx,components,56,macro_required_operating_hour_rate,snake_case,warning_id,warning_id,opening-hours,const macro_pressure_value = formatCurrency( macro_required_operating_hour_rate );
hooks\useCostSummary.js,useCostSummary.js,hooks,162,macro_required_operating_hour_rate,snake_case,object_key,warning_id,opening-hours,"calculations.required_labour_burden_rate ?? 0, macro_required_operating_hour_rate: calculations.macro_required_operating_hour_rate ?? 0,"
hooks\useCostSummary.js,useCostSummary.js,hooks,163,macro_required_operating_hour_rate,snake_case,warning_id,warning_id,opening-hours,"macro_required_operating_hour_rate: calculations.macro_required_operating_hour_rate ?? 0, net_annual_business_open_hours:"
lib\calculations\costSummaryCalculations.js,costSummaryCalculations.js,lib,66,macro_required_operating_hour_rate,snake_case,declaration,warning_id,opening-hours,let macro_required_operating_hour_rate = 0; if (net_annual_business_open_hours > 0) {
lib\calculations\costSummaryCalculations.js,costSummaryCalculations.js,lib,68,macro_required_operating_hour_rate,snake_case,warning_id,warning_id,opening-hours,if (net_annual_business_open_hours > 0) { macro_required_operating_hour_rate = total_cost_burden / net_annual_business_open_hours;
lib\calculations\costSummaryCalculations.js,costSummaryCalculations.js,lib,72,macro_required_operating_hour_rate,snake_case,warning_id,warning_id,opening-hours,// Do not fall back to labour productive hours silently. macro_required_operating_hour_rate = 0; opening_hours_warnings.push(
lib\calculations\costSummaryCalculations.js,costSummaryCalculations.js,lib,74,macro_required_operating_hour_rate,snake_case,warning_id,warning_id,opening-hours,"opening_hours_warnings.push( ""Opening Hours missing or zero: macro_required_operating_hour_rate unavailable"" );"
lib\calculations\costSummaryCalculations.js,costSummaryCalculations.js,lib,97,macro_required_operating_hour_rate,snake_case,warning_id,warning_id,opening-hours,"net_annual_business_open_hours, macro_required_operating_hour_rate, opening_hours_warnings,"
lib\selectors\businessSummarySelectors.js,businessSummarySelectors.js,lib,264,macro_required_operating_hour_rate,snake_case,object_key,warning_id,opening-hours,"), macro_required_operating_hour_rate: toNumber( calculations.macro_required_operating_hour_rate"
lib\selectors\businessSummarySelectors.js,businessSummarySelectors.js,lib,265,macro_required_operating_hour_rate,snake_case,warning_id,warning_id,opening-hours,"macro_required_operating_hour_rate: toNumber( calculations.macro_required_operating_hour_rate ),"
lib\selectors\costSummarySelectors.js,costSummarySelectors.js,lib,248,macro_required_operating_hour_rate,snake_case,object_key,warning_id,opening-hours,"required_labour_burden_rate: calculations.required_labour_burden_rate, macro_required_operating_hour_rate: calculations.macro_required_operating_hour_rate,"
lib\selectors\costSummarySelectors.js,costSummarySelectors.js,lib,249,macro_required_operating_hour_rate,snake_case,warning_id,warning_id,opening-hours,"macro_required_operating_hour_rate: calculations.macro_required_operating_hour_rate, net_annual_business_open_hours: calculations.net_annual_business_open_hours,"
components\business-summary\BusinessSummaryStatusStrip.jsx,BusinessSummaryStatusStrip.jsx,components,16,net_annual_business_open_hours,snake_case,snake_case_reference,warning_id,opening-hours,"macro_required_operating_hour_rate = 0, net_annual_business_open_hours = 0, warning_count = 0,"
lib\selectors\openingHoursSelectors.js,openingHoursSelectors.js,lib,20,net_annual_business_open_hours,snake_case,snake_case_reference,warning_id,opening-hours,"net_annual_business_open_hours: opening_hours.net_annual_business_open_hours, warnings: opening_hours.opening_hours_warnings || [],"
lib\calculations\openingHoursCalculations.js,openingHoursCalculations.js,lib,217,open_day_count,snake_case,snake_case_reference,warning_id,opening-hours,if (open_day_count === 0) { warnings.push(
lib\calculations\openingHoursCalculations.js,openingHoursCalculations.js,lib,76,opening_hours,snake_case,snake_case_reference,warning_id,opening-hours,"warning_id, source_module: ""opening_hours"", severity,"
lib\selectors\openingHoursSelectors.js,openingHoursSelectors.js,lib,15,opening_hours,snake_case,snake_case_reference,warning_id,opening-hours,"opening_hours_model_trust_state: opening_hours.opening_hours_model_trust_state, warning_count: opening_hours.opening_hours_warning_count,"
lib\selectors\openingHoursSelectors.js,openingHoursSelectors.js,lib,16,opening_hours,snake_case,snake_case_reference,warning_id,opening-hours,"opening_hours.opening_hours_model_trust_state, warning_count: opening_hours.opening_hours_warning_count, standard_weekly_open_hours: opening_hours.standard_weekly_open_hours,"
lib\selectors\openingHoursSelectors.js,openingHoursSelectors.js,lib,17,opening_hours,snake_case,snake_case_reference,warning_id,opening-hours,"warning_count: opening_hours.opening_hours_warning_count, standard_weekly_open_hours: opening_hours.standard_weekly_open_hours, annual_open_weeks: opening_hours.annual_open_weeks,"
lib\selectors\openingHoursSelectors.js,openingHoursSelectors.js,lib,20,opening_hours,snake_case,snake_case_reference,warning_id,opening-hours,"net_annual_business_open_hours: opening_hours.net_annual_business_open_hours, warnings: opening_hours.opening_hours_warnings || [],"
lib\selectors\openingHoursSelectors.js,openingHoursSelectors.js,lib,21,opening_hours,snake_case,snake_case_reference,warning_id,opening-hours,"opening_hours.net_annual_business_open_hours, warnings: opening_hours.opening_hours_warnings || [], };"
lib\selectors\openingHoursSelectors.js,openingHoursSelectors.js,lib,94,opening_hours,snake_case,snake_case_reference,warning_id,opening-hours,"warnings: opening_hours.opening_hours_warnings || [], };"
lib\calculations\openingHoursCalculations.js,openingHoursCalculations.js,lib,253,opening_hours_default_used,snake_case,snake_case_reference,warning_id,opening-hours,"build_warning({ warning_id: ""opening_hours_default_used"", severity: ""info"","
lib\calculations\openingHoursCalculations.js,openingHoursCalculations.js,lib,98,opening_hours_invalid_time_range,snake_case,warning_id,warning_id,opening-hours,"build_warning({ warning_id: ""opening_hours_invalid_time_range"", severity: ""critical"","
lib\calculations\openingHoursCalculations.js,openingHoursCalculations.js,lib,207,opening_hours_missing,snake_case,warning_id,warning_id,opening-hours,"build_warning({ warning_id: ""opening_hours_missing"", severity: ""critical"","
lib\calculations\openingHoursCalculations.js,openingHoursCalculations.js,lib,192,opening_hours_negative_net_hours,snake_case,snake_case_reference,warning_id,opening-hours,"build_warning({ warning_id: ""opening_hours_negative_net_hours"", severity: ""critical"","
lib\calculations\openingHoursCalculations.js,openingHoursCalculations.js,lib,220,opening_hours_no_open_days,snake_case,snake_case_reference,warning_id,opening-hours,"build_warning({ warning_id: ""opening_hours_no_open_days"", severity: ""critical"","
lib\calculations\openingHoursCalculations.js,openingHoursCalculations.js,lib,144,opening_hours_shutdown_exceeds_year,snake_case,snake_case_reference,warning_id,opening-hours,"build_warning({ warning_id: ""opening_hours_shutdown_exceeds_year"", severity: ""critical"","
lib\calculations\openingHoursCalculations.js,openingHoursCalculations.js,lib,312,opening_hours_warning_count,snake_case,object_key,warning_id,opening-hours,"opening_hours_warnings: warnings, opening_hours_warning_count: warnings.length, opening_hours_model_trust_state,"
lib\selectors\openingHoursSelectors.js,openingHoursSelectors.js,lib,16,opening_hours_warning_count,snake_case,warning_id,warning_id,opening-hours,"opening_hours.opening_hours_model_trust_state, warning_count: opening_hours.opening_hours_warning_count, standard_weekly_open_hours: opening_hours.standard_weekly_open_hours,"
lib\calculations\openingHoursCalculations.js,openingHoursCalculations.js,lib,233,opening_hours_zero_weekly_hours,snake_case,warning_id,warning_id,opening-hours,"build_warning({ warning_id: ""opening_hours_zero_weekly_hours"", severity: ""critical"","
lib\calculations\openingHoursCalculations.js,openingHoursCalculations.js,lib,279,ready,plain,status_value,warning_id,opening-hours,"? ""warning"" : ""ready"";"
components\opening-hours\OpeningHoursMainCard.jsx,OpeningHoursMainCard.jsx,components,351,review_action,snake_case,snake_case_reference,warning_id,opening-hours,"<p>{warning.message}</p> <p className=""ui-help"">{warning.review_action}</p> </div>"
lib\calculations\openingHoursCalculations.js,openingHoursCalculations.js,lib,145,severity,plain,object_key,warning_id,opening-hours,"warning_id: ""opening_hours_shutdown_exceeds_year"", severity: ""critical"", message:"
lib\calculations\openingHoursCalculations.js,openingHoursCalculations.js,lib,193,severity,plain,object_key,warning_id,opening-hours,"warning_id: ""opening_hours_negative_net_hours"", severity: ""critical"", message:"
lib\calculations\openingHoursCalculations.js,openingHoursCalculations.js,lib,208,severity,plain,object_key,warning_id,opening-hours,"warning_id: ""opening_hours_missing"", severity: ""critical"", message: ""No opening hours setup exists."","
lib\calculations\openingHoursCalculations.js,openingHoursCalculations.js,lib,221,severity,plain,object_key,warning_id,opening-hours,"warning_id: ""opening_hours_no_open_days"", severity: ""critical"", message: ""No open business days are selected."","
lib\calculations\openingHoursCalculations.js,openingHoursCalculations.js,lib,234,severity,plain,object_key,warning_id,opening-hours,"warning_id: ""opening_hours_zero_weekly_hours"", severity: ""critical"", message: ""Standard weekly open hours are zero."","
lib\calculations\openingHoursCalculations.js,openingHoursCalculations.js,lib,254,severity,plain,object_key,warning_id,opening-hours,"warning_id: ""opening_hours_default_used"", severity: ""info"", message:"
lib\calculations\openingHoursCalculations.js,openingHoursCalculations.js,lib,99,severity,plain,object_key,warning_id,opening-hours,"warning_id: ""opening_hours_invalid_time_range"", severity: ""critical"", message: `${day.day_name} has an invalid opening or closing time.`,"
lib\calculations\openingHoursCalculations.js,openingHoursCalculations.js,lib,76,source_module,snake_case,object_key,warning_id,opening-hours,"warning_id, source_module: ""opening_hours"", severity,"
lib\calculations\openingHoursCalculations.js,openingHoursCalculations.js,lib,204,standard_week_days,snake_case,snake_case_reference,warning_id,opening-hours,if (standard_week_days.length === 0) { warnings.push(
components\opening-hours\OpeningHoursStatusStrip.jsx,OpeningHoursStatusStrip.jsx,components,6,standard_weekly_open_hours,snake_case,snake_case_reference,warning_id,opening-hours,"warning_count, standard_weekly_open_hours, annual_open_weeks,"
lib\calculations\openingHoursCalculations.js,openingHoursCalculations.js,lib,230,standard_weekly_open_hours,snake_case,snake_case_reference,warning_id,opening-hours,if (standard_weekly_open_hours === 0) { warnings.push(
lib\selectors\openingHoursSelectors.js,openingHoursSelectors.js,lib,17,standard_weekly_open_hours,snake_case,object_key,warning_id,opening-hours,"warning_count: opening_hours.opening_hours_warning_count, standard_weekly_open_hours: opening_hours.standard_weekly_open_hours, annual_open_weeks: opening_hours.annual_open_weeks,"
components\opening-hours\OpeningHoursStatusStrip.jsx,OpeningHoursStatusStrip.jsx,components,36,warning_count,snake_case,snake_case_reference,warning_id,opening-hours,"<span className=""ui-help"">Warnings</span> <strong>{warning_count || 0}</strong> </div>"
components\opening-hours\OpeningHoursStatusStrip.jsx,OpeningHoursStatusStrip.jsx,components,5,warning_count,snake_case,snake_case_reference,warning_id,opening-hours,"opening_hours_model_trust_state, warning_count, standard_weekly_open_hours,"
lib\selectors\openingHoursSelectors.js,openingHoursSelectors.js,lib,16,warning_count,snake_case,object_key,warning_id,opening-hours,"opening_hours.opening_hours_model_trust_state, warning_count: opening_hours.opening_hours_warning_count, standard_weekly_open_hours: opening_hours.standard_weekly_open_hours,"
components\opening-hours\OpeningHoursMainCard.jsx,OpeningHoursMainCard.jsx,components,346,warning_id,snake_case,snake_case_reference,warning_id,opening-hours,"{(warnings || []).map((warning) => ( <div key={warning.warning_id} className=""ui-readonly""> <span className=""ui-label"">"
components\opening-hours\OpeningHoursMainCard.jsx,OpeningHoursMainCard.jsx,components,348,warning_id,snake_case,snake_case_reference,warning_id,opening-hours,"<span className=""ui-label""> {warning.severity} — {warning.warning_id} </span>"
lib\calculations\openingHoursCalculations.js,openingHoursCalculations.js,lib,144,warning_id,snake_case,object_key,warning_id,opening-hours,"build_warning({ warning_id: ""opening_hours_shutdown_exceeds_year"", severity: ""critical"","
lib\calculations\openingHoursCalculations.js,openingHoursCalculations.js,lib,192,warning_id,snake_case,object_key,warning_id,opening-hours,"build_warning({ warning_id: ""opening_hours_negative_net_hours"", severity: ""critical"","
lib\calculations\openingHoursCalculations.js,openingHoursCalculations.js,lib,207,warning_id,snake_case,object_key,warning_id,opening-hours,"build_warning({ warning_id: ""opening_hours_missing"", severity: ""critical"","
lib\calculations\openingHoursCalculations.js,openingHoursCalculations.js,lib,220,warning_id,snake_case,object_key,warning_id,opening-hours,"build_warning({ warning_id: ""opening_hours_no_open_days"", severity: ""critical"","
lib\calculations\openingHoursCalculations.js,openingHoursCalculations.js,lib,233,warning_id,snake_case,object_key,warning_id,opening-hours,"build_warning({ warning_id: ""opening_hours_zero_weekly_hours"", severity: ""critical"","
lib\calculations\openingHoursCalculations.js,openingHoursCalculations.js,lib,253,warning_id,snake_case,object_key,warning_id,opening-hours,"build_warning({ warning_id: ""opening_hours_default_used"", severity: ""info"","
lib\calculations\openingHoursCalculations.js,openingHoursCalculations.js,lib,67,warning_id,snake_case,snake_case_reference,warning_id,opening-hours,"function build_warning({ warning_id, severity = ""warning"","
lib\calculations\openingHoursCalculations.js,openingHoursCalculations.js,lib,75,warning_id,snake_case,snake_case_reference,warning_id,opening-hours,"return { warning_id, source_module: ""opening_hours"","
lib\calculations\openingHoursCalculations.js,openingHoursCalculations.js,lib,98,warning_id,snake_case,object_key,warning_id,opening-hours,"build_warning({ warning_id: ""opening_hours_invalid_time_range"", severity: ""critical"","
components\p-and-l\ProfitAndLossReconciliationPanel.jsx,ProfitAndLossReconciliationPanel.jsx,components,50,Balanced,PascalCase,quoted_object_key,warning_id,p-and-l,"<span className={is_balanced ? ""ui-pill-success"" : ""ui-pill-warning""}> {is_balanced ? ""Balanced"" : ""Needs Review""} </span>"
components\p-and-l\ProfitAndLossMainCard.jsx,ProfitAndLossMainCard.jsx,components,356,blocked_message,snake_case,snake_case_reference,warning_id,p-and-l,"gating_enabled={gating_enabled} blocked_message=""Resolve warnings before continuing to Overheads."" on_click={on_continue_to_overheads}"
components\p-and-l\ProfitAndLossMainCard.jsx,ProfitAndLossMainCard.jsx,components,168,can_continue_to_overheads,snake_case,declaration,warning_id,p-and-l,"}) { const can_continue_to_overheads = summary.pnl_ready === ""Ready"" && warnings.length === 0;"
components\p-and-l\ProfitAndLossStatusStrip.jsx,ProfitAndLossStatusStrip.jsx,components,11,default,plain,object_key,warning_id,p-and-l,"return ""ui-pill ui-pill-warning""; default: return ""ui-pill"";"
components\p-and-l\ProfitAndLossCostOfSalesLineRow.jsx,ProfitAndLossCostOfSalesLineRow.jsx,components,114,direct_cost_review_required,snake_case,warning_id,warning_id,p-and-l,"""review_subcategory"", ""direct_cost_review_required"", );"
components\p-and-l\ProfitAndLossQuickImportPanel.jsx,ProfitAndLossQuickImportPanel.jsx,components,819,draft_import,snake_case,snake_case_reference,warning_id,p-and-l,"<div className=""ui-kicker theme-warn"">Import warnings</div> {draft_import.unmatched_lines.slice(0, 8).map((line, index) => ( <div key={`${line}_${index}`} className=""ui-help"">"
lib\reconciliation\reconciliationRules.js,reconciliationRules.js,lib,401,full_pnl_business_cost_variance,snake_case,object_key,warning_id,p-and-l,"full_pnl_business_cost_variance: business_cost_variance_check.full_pnl_variance_amount,"
lib\reconciliation\reconciliationRules.js,reconciliationRules.js,lib,403,full_pnl_business_cost_variance_percent,snake_case,object_key,warning_id,p-and-l,"business_cost_variance_check.full_pnl_variance_amount, full_pnl_business_cost_variance_percent: business_cost_variance_check.full_pnl_variance_percent,"
lib\reconciliation\reconciliationRules.js,reconciliationRules.js,lib,154,full_pnl_variance_amount,snake_case,declaration,warning_id,p-and-l,const full_pnl_variance_amount = module_total_business_costs - pnl_business_cost;
lib\reconciliation\reconciliationRules.js,reconciliationRules.js,lib,159,full_pnl_variance_amount,snake_case,warning_id,warning_id,p-and-l,pnl_business_cost > 0 ? (Math.abs(full_pnl_variance_amount) / pnl_business_cost) * 100 : 0;
lib\reconciliation\reconciliationRules.js,reconciliationRules.js,lib,188,full_pnl_variance_amount,snake_case,warning_id,warning_id,p-and-l,"variance_percent, full_pnl_variance_amount, full_pnl_variance_percent,"
lib\reconciliation\reconciliationRules.js,reconciliationRules.js,lib,402,full_pnl_variance_amount,snake_case,warning_id,warning_id,p-and-l,"full_pnl_business_cost_variance: business_cost_variance_check.full_pnl_variance_amount, full_pnl_business_cost_variance_percent:"
lib\reconciliation\reconciliationRules.js,reconciliationRules.js,lib,157,full_pnl_variance_percent,snake_case,declaration,warning_id,p-and-l,const full_pnl_variance_percent = pnl_business_cost > 0
lib\reconciliation\reconciliationRules.js,reconciliationRules.js,lib,163,full_pnl_variance_percent,snake_case,warning_id,warning_id,p-and-l,const has_material_unexplained_variance = variance_percent > 1 || full_pnl_variance_percent > 1;
lib\reconciliation\reconciliationRules.js,reconciliationRules.js,lib,189,full_pnl_variance_percent,snake_case,warning_id,warning_id,p-and-l,"full_pnl_variance_amount, full_pnl_variance_percent, };"
lib\reconciliation\reconciliationRules.js,reconciliationRules.js,lib,404,full_pnl_variance_percent,snake_case,warning_id,warning_id,p-and-l,"full_pnl_business_cost_variance_percent: business_cost_variance_check.full_pnl_variance_percent,"
components\p-and-l\ProfitAndLossMainCard.jsx,ProfitAndLossMainCard.jsx,components,355,gating_enabled,snake_case,snake_case_reference,warning_id,p-and-l,"can_continue={can_continue_to_overheads} gating_enabled={gating_enabled} blocked_message=""Resolve warnings before continuing to Overheads."""
components\p-and-l\ProfitAndLossQuickImportPanel.jsx,ProfitAndLossQuickImportPanel.jsx,components,52,imported_cogs_review_required,snake_case,warning_id,warning_id,p-and-l,"return cleaned ? `imported_cogs_${cleaned}` : ""imported_cogs_review_required""; }"
lib\p-and-l\profitAndLossExcelImporter.js,profitAndLossExcelImporter.js,lib,76,imported_cogs_review_required,snake_case,warning_id,warning_id,p-and-l,"return clean_name ? `imported_cogs_${clean_name}` : ""imported_cogs_review_required""; }"
components\p-and-l\ProfitAndLossProgressPanel.jsx,ProfitAndLossProgressPanel.jsx,components,12,imported_review_required,snake_case,warning_id,warning_id,p-and-l,"""review_required"", ""imported_review_required"", ""__review_required"","
lib\calculations\profitAndLossCalculations.js,profitAndLossCalculations.js,lib,31,imported_review_required,snake_case,warning_id,warning_id,p-and-l,"""review_required"", ""imported_review_required"", ""__review_required"","
lib\selectors\profitAndLossSelectors.js,profitAndLossSelectors.js,lib,60,imported_review_required,snake_case,warning_id,warning_id,p-and-l,"""review_required"", ""imported_review_required"", ""__review_required"","
components\rate-builder\RateBuilderPnlLabourBenchmarkCard.jsx,RateBuilderPnlLabourBenchmarkCard.jsx,components,120,labour_recovery_shortfall,snake_case,warning_id,warning_id,p-and-l,{has_labour_recovery_leak ? format_currency(labour_recovery_shortfall) : format_currency(labour_recovery_surplus)}
components\rate-builder\RateBuilderPnlLabourBenchmarkCard.jsx,RateBuilderPnlLabourBenchmarkCard.jsx,components,54,labour_recovery_shortfall,snake_case,declaration,warning_id,p-and-l,const labour_recovery_shortfall = total_productive_labour_cost - labour_recovery_pool;
components\rate-builder\RateBuilderPnlLabourBenchmarkCard.jsx,RateBuilderPnlLabourBenchmarkCard.jsx,components,58,labour_recovery_shortfall,snake_case,warning_id,warning_id,p-and-l,const has_labour_recovery_leak = pnl_benchmark_ready && labour_recovery_shortfall > 0;
components\rate-builder\RateBuilderPnlLabourBenchmarkCard.jsx,RateBuilderPnlLabourBenchmarkCard.jsx,components,61,labour_recovery_shortfall,snake_case,warning_id,warning_id,p-and-l,const labour_recovery_surplus = pnl_benchmark_ready && labour_recovery_shortfall < 0 ? Math.abs(labour_recovery_shortfall)
components\rate-builder\RateBuilderPnlLabourBenchmarkCard.jsx,RateBuilderPnlLabourBenchmarkCard.jsx,components,62,labour_recovery_shortfall,snake_case,warning_id,warning_id,p-and-l,pnl_benchmark_ready && labour_recovery_shortfall < 0 ? Math.abs(labour_recovery_shortfall) : 0;
components\p-and-l\ProfitAndLossOperatingExpenseGroup.jsx,ProfitAndLossOperatingExpenseGroup.jsx,components,516,not_reviewed,snake_case,quoted_object_key,warning_id,p-and-l,"return ""This line does not contain asset finance interest.""; case ""not_reviewed"": case ""unknown"":"
components\p-and-l\ProfitAndLossOperatingExpenseGroup.jsx,ProfitAndLossOperatingExpenseGroup.jsx,components,530,not_reviewed,snake_case,quoted_object_key,warning_id,p-and-l,"case ""unknown"": case ""not_reviewed"": case undefined:"
components\p-and-l\ProfitAndLossOperatingExpenseGroup.jsx,ProfitAndLossOperatingExpenseGroup.jsx,components,534,not_reviewed,snake_case,warning_id,warning_id,p-and-l,"case """": return ""not_reviewed""; default:"
components\p-and-l\ProfitAndLossOperatingExpenseGroup.jsx,ProfitAndLossOperatingExpenseGroup.jsx,components,718,not_reviewed,snake_case,warning_id,warning_id,p-and-l,"> <option value=""not_reviewed"">Not reviewed</option> <option value=""contains_asset_finance_interest"">"
components\p-and-l\ProfitAndLossOperatingExpenseGroup.jsx,ProfitAndLossOperatingExpenseGroup.jsx,components,729,not_reviewed,snake_case,warning_id,warning_id,p-and-l,"{get_interest_treatment_help_text( line.interest_treatment || ""not_reviewed"", )}"
components\p-and-l\ProfitAndLossQuickImportPanel.jsx,ProfitAndLossQuickImportPanel.jsx,components,388,not_reviewed,snake_case,warning_id,warning_id,p-and-l,"category, interest_treatment: item.interest_treatment || ""not_reviewed"", review_subcategory,"
lib\calculations\profitAndLossCalculations.js,profitAndLossCalculations.js,lib,116,not_reviewed,snake_case,quoted_object_key,warning_id,p-and-l,"case ""unknown"": case ""not_reviewed"": case undefined:"
lib\calculations\profitAndLossCalculations.js,profitAndLossCalculations.js,lib,120,not_reviewed,snake_case,warning_id,warning_id,p-and-l,"case """": return ""not_reviewed""; default:"
lib\calculations\profitAndLossCalculations.js,profitAndLossCalculations.js,lib,137,not_reviewed,snake_case,warning_id,warning_id,p-and-l,"is_interest_line(line) && normalise_interest_treatment(line?.interest_treatment) === ""not_reviewed"" );"
lib\storage\profitAndLossProfileStorage.js,profitAndLossProfileStorage.js,lib,60,not_reviewed,snake_case,quoted_object_key,warning_id,p-and-l,"case ""unknown"": case ""not_reviewed"": case undefined:"
lib\storage\profitAndLossProfileStorage.js,profitAndLossProfileStorage.js,lib,64,not_reviewed,snake_case,warning_id,warning_id,p-and-l,"case """": return ""not_reviewed""; default:"
lib\storage\profitAndLossStorage.js,profitAndLossStorage.js,lib,195,not_reviewed,snake_case,quoted_object_key,warning_id,p-and-l,"case ""unknown"": case ""not_reviewed"": case undefined:"
lib\storage\profitAndLossStorage.js,profitAndLossStorage.js,lib,199,not_reviewed,snake_case,warning_id,warning_id,p-and-l,"case """": return ""not_reviewed""; default:"
lib\storage\profitAndLossStorage.js,profitAndLossStorage.js,lib,23,not_reviewed,snake_case,warning_id,warning_id,p-and-l,"category = ""unassigned"", interest_treatment = ""not_reviewed"", review_subcategory = """","
lib\storage\profitAndLossStorage.js,profitAndLossStorage.js,lib,354,not_reviewed,snake_case,warning_id,warning_id,p-and-l,"category: ""assets"", interest_treatment: ""not_reviewed"", }),"
components\p-and-l\ProfitAndLossMainCard.jsx,ProfitAndLossMainCard.jsx,components,357,on_click,snake_case,snake_case_reference,warning_id,p-and-l,"blocked_message=""Resolve warnings before continuing to Overheads."" on_click={on_continue_to_overheads} />"
components\p-and-l\ProfitAndLossMainCard.jsx,ProfitAndLossMainCard.jsx,components,357,on_continue_to_overheads,snake_case,snake_case_reference,warning_id,p-and-l,"blocked_message=""Resolve warnings before continuing to Overheads."" on_click={on_continue_to_overheads} />"
components\p-and-l\ProfitAndLossOperatingExpenseGroup.jsx,ProfitAndLossOperatingExpenseGroup.jsx,components,144,other_review_required,snake_case,warning_id,warning_id,p-and-l,"{ value: ""other_review_required"", category: ""review_required"","
components\p-and-l\ProfitAndLossOperatingExpenseGroup.jsx,ProfitAndLossOperatingExpenseGroup.jsx,components,146,other_review_required,snake_case,warning_id,warning_id,p-and-l,"category: ""review_required"", review_subcategory: ""other_review_required"", label: ""Other / Review Required"","
components\p-and-l\ProfitAndLossOperatingExpenseGroup.jsx,ProfitAndLossOperatingExpenseGroup.jsx,components,365,other_review_required,snake_case,warning_id,warning_id,p-and-l,"category: ""review_required"", subcategory: ""other_review_required"", label: ""Other / Review Required"","
lib\p-and-l\profitAndLossClassificationRules.js,profitAndLossClassificationRules.js,lib,420,other_review_required,snake_case,warning_id,warning_id,p-and-l,"category: ""review_required"", subcategory: ""other_review_required"", label: ""Other / Review Required"","
lib\p-and-l\profitAndLossGroupingRules.js,profitAndLossGroupingRules.js,lib,91,other_review_required,snake_case,quoted_object_key,warning_id,p-and-l,"case ""other_review_required"": return ""other_unallocated"";"
app\dev\model-readiness\page.jsx,page.jsx,app,97,pnl_business_cost_variance,snake_case,warning_id,warning_id,p-and-l,"[""module_total_business_costs"", status.module_total_business_costs], [""pnl_business_cost_variance"", status.pnl_business_cost_variance], ["
app\model-readiness\page.jsx,page.jsx,app,45,pnl_business_cost_variance,snake_case,warning_id,warning_id,p-and-l,"[ ""pnl_business_cost_variance"", status.pnl_business_cost_variance,"
app\model-readiness\page.jsx,page.jsx,app,46,pnl_business_cost_variance,snake_case,warning_id,warning_id,p-and-l,"""pnl_business_cost_variance"", status.pnl_business_cost_variance, ""currency"","
lib\reconciliation\moduleReconciliation.js,moduleReconciliation.js,lib,34,pnl_business_cost_variance,snake_case,object_key,warning_id,p-and-l,"module_total_business_costs: reconciliation.module_total_business_costs, pnl_business_cost_variance: reconciliation.pnl_business_cost_variance, pnl_business_cost_variance_percent:"
lib\reconciliation\reconciliationRules.js,reconciliationRules.js,lib,391,pnl_business_cost_variance,snake_case,object_key,warning_id,p-and-l,"pnl_business_cost_variance: business_cost_variance_check.variance_amount, pnl_business_cost_variance_percent:"
app\dev\model-readiness\page.jsx,page.jsx,app,100,pnl_business_cost_variance_percent,snake_case,warning_id,warning_id,p-and-l,"""pnl_business_cost_variance_percent"", status.pnl_business_cost_variance_percent, ],"
app\dev\model-readiness\page.jsx,page.jsx,app,99,pnl_business_cost_variance_percent,snake_case,warning_id,warning_id,p-and-l,"[ ""pnl_business_cost_variance_percent"", status.pnl_business_cost_variance_percent,"
app\model-readiness\page.jsx,page.jsx,app,50,pnl_business_cost_variance_percent,snake_case,warning_id,warning_id,p-and-l,"[ ""pnl_business_cost_variance_percent"", status.pnl_business_cost_variance_percent,"
app\model-readiness\page.jsx,page.jsx,app,51,pnl_business_cost_variance_percent,snake_case,warning_id,warning_id,p-and-l,"""pnl_business_cost_variance_percent"", status.pnl_business_cost_variance_percent, ""percent"","
components\model-readiness\ModelReadinessStatusStrip.jsx,ModelReadinessStatusStrip.jsx,components,58,pnl_business_cost_variance_percent,snake_case,warning_id,warning_id,p-and-l,"module_total_business_costs = 0, pnl_business_cost_variance_percent = 0, } = status;"
components\model-readiness\ModelReadinessStatusStrip.jsx,ModelReadinessStatusStrip.jsx,components,95,pnl_business_cost_variance_percent,snake_case,warning_id,warning_id,p-and-l,"label=""P&L variance"" value={formatPercent(pnl_business_cost_variance_percent)} />"
lib\reconciliation\moduleReconciliation.js,moduleReconciliation.js,lib,35,pnl_business_cost_variance_percent,snake_case,object_key,warning_id,p-and-l,"pnl_business_cost_variance: reconciliation.pnl_business_cost_variance, pnl_business_cost_variance_percent: reconciliation.pnl_business_cost_variance_percent,"
lib\reconciliation\moduleReconciliation.js,moduleReconciliation.js,lib,36,pnl_business_cost_variance_percent,snake_case,warning_id,warning_id,p-and-l,"pnl_business_cost_variance_percent: reconciliation.pnl_business_cost_variance_percent, total_acc_levy_annual: reconciliation.total_acc_levy_annual,"
lib\reconciliation\reconciliationRules.js,reconciliationRules.js,lib,392,pnl_business_cost_variance_percent,snake_case,object_key,warning_id,p-and-l,"pnl_business_cost_variance: business_cost_variance_check.variance_amount, pnl_business_cost_variance_percent: business_cost_variance_check.variance_percent,"
lib\actions\rate-builder\rateBuilderLabourRateModelActions.js,rateBuilderLabourRateModelActions.js,lib,177,pnl_recovery_gap_to_cost_rate,snake_case,object_key,warning_id,p-and-l,"selected_source.pnl_implied_recovered_rate, pnl_recovery_gap_to_cost_rate: selected_source.pnl_recovery_gap_to_cost_rate,"
lib\actions\rate-builder\rateBuilderLabourRateModelActions.js,rateBuilderLabourRateModelActions.js,lib,178,pnl_recovery_gap_to_cost_rate,snake_case,warning_id,warning_id,p-and-l,"pnl_recovery_gap_to_cost_rate: selected_source.pnl_recovery_gap_to_cost_rate,"
lib\calculations\labourCalculations.js,labourCalculations.js,lib,264,pnl_recovery_gap_to_cost_rate,snake_case,object_key,warning_id,p-and-l,"pnl_implied_recovered_rate, pnl_recovery_gap_to_cost_rate: pnl_implied_recovered_rate - weighted_productive_hourly_rate,"
lib\selectors\rate-builder\rateBuilderLabourModelSelectors.js,rateBuilderLabourModelSelectors.js,lib,155,pnl_recovery_gap_to_cost_rate,snake_case,object_key,warning_id,p-and-l,"pnl_implied_recovered_rate: first_source?.pnl_implied_recovered_rate || 0, pnl_recovery_gap_to_cost_rate: first_source?.pnl_recovery_gap_to_cost_rate || 0,"
lib\selectors\rate-builder\rateBuilderLabourModelSelectors.js,rateBuilderLabourModelSelectors.js,lib,156,pnl_recovery_gap_to_cost_rate,snake_case,warning_id,warning_id,p-and-l,"pnl_recovery_gap_to_cost_rate: first_source?.pnl_recovery_gap_to_cost_rate || 0,"
lib\selectors\rate-builder\rateBuilderLabourModelSelectors.js,rateBuilderLabourModelSelectors.js,lib,85,pnl_recovery_gap_to_cost_rate,snake_case,object_key,warning_id,p-and-l,"selected_labour_source.pnl_implied_recovered_rate, pnl_recovery_gap_to_cost_rate: selected_labour_source.pnl_recovery_gap_to_cost_rate,"
lib\selectors\rate-builder\rateBuilderLabourModelSelectors.js,rateBuilderLabourModelSelectors.js,lib,86,pnl_recovery_gap_to_cost_rate,snake_case,warning_id,warning_id,p-and-l,"pnl_recovery_gap_to_cost_rate: selected_labour_source.pnl_recovery_gap_to_cost_rate,"
lib\selectors\rate-builder\rateBuilderLabourSourceSelectors.js,rateBuilderLabourSourceSelectors.js,lib,210,pnl_recovery_gap_to_cost_rate,snake_case,object_key,warning_id,p-and-l,"pnl_implied_recovered_rate: pnl_derived_recovered_labour_rate, pnl_recovery_gap_to_cost_rate: pnl_derived_recovered_labour_rate - weighted_all_productive_labour_rate,"
lib\selectors\rate-builder\rateBuilderLabourSourceSelectors.js,rateBuilderLabourSourceSelectors.js,lib,246,pnl_recovery_gap_to_cost_rate,snake_case,object_key,warning_id,p-and-l,"pnl_implied_recovered_rate: to_number(rate.pnl_implied_recovered_rate), pnl_recovery_gap_to_cost_rate: to_number( rate.pnl_recovery_gap_to_cost_rate"
lib\selectors\rate-builder\rateBuilderLabourSourceSelectors.js,rateBuilderLabourSourceSelectors.js,lib,247,pnl_recovery_gap_to_cost_rate,snake_case,warning_id,warning_id,p-and-l,"pnl_recovery_gap_to_cost_rate: to_number( rate.pnl_recovery_gap_to_cost_rate ),"
lib\selectors\rate-builder\rateBuilderLabourSourceSelectors.js,rateBuilderLabourSourceSelectors.js,lib,275,pnl_recovery_gap_to_cost_rate,snake_case,object_key,warning_id,p-and-l,"pnl_implied_recovered_rate: 0, pnl_recovery_gap_to_cost_rate: 0, gross_profit: 0,"
components\rate-builder\RateBuilderPnlLabourBenchmarkCard.jsx,RateBuilderPnlLabourBenchmarkCard.jsx,components,183,pnl_recovery_gap_to_labour_cost,snake_case,warning_id,warning_id,p-and-l,? `Surplus: ${format_currency( pnl_recovery_gap_to_labour_cost )} / ${labour_unit_label}`
components\rate-builder\RateBuilderPnlLabourBenchmarkCard.jsx,RateBuilderPnlLabourBenchmarkCard.jsx,components,186,pnl_recovery_gap_to_labour_cost,snake_case,warning_id,warning_id,p-and-l,: `Leak: ${format_currency( Math.abs(pnl_recovery_gap_to_labour_cost) )} / ${labour_unit_label}`
components\rate-builder\RateBuilderPnlLabourBenchmarkCard.jsx,RateBuilderPnlLabourBenchmarkCard.jsx,components,68,pnl_recovery_gap_to_labour_cost,snake_case,declaration,warning_id,p-and-l,const pnl_recovery_gap_to_labour_cost = pnl_implied_recovered_rate - source_cost_rate;
components\rate-builder\RateBuilderPnlLabourBenchmarkCard.jsx,RateBuilderPnlLabourBenchmarkCard.jsx,components,72,pnl_recovery_gap_to_labour_cost,snake_case,warning_id,warning_id,p-and-l,const pnl_recovery_is_above_labour_cost = pnl_benchmark_ready && pnl_recovery_gap_to_labour_cost >= 0;
components\p-and-l\ProfitAndLossProgressPanel.jsx,ProfitAndLossProgressPanel.jsx,components,136,review_count,snake_case,snake_case_reference,warning_id,p-and-l,"const pnl_ready = summary?.pnl_ready || ""Not ready""; const has_warnings = warnings.length > 0 || review_count > 0;"
components\p-and-l\ProfitAndLossCostOfSalesLineRow.jsx,ProfitAndLossCostOfSalesLineRow.jsx,components,110,review_required,snake_case,warning_id,warning_id,p-and-l,"if (selected_value === ""review_required"") { actions.update_pnl_line("
components\p-and-l\ProfitAndLossCostOfSalesLineRow.jsx,ProfitAndLossCostOfSalesLineRow.jsx,components,149,review_required,snake_case,warning_id,warning_id,p-and-l,"<option value=""review_required"">Review required</option> <option value=""excluded"">Excluded / Non-Mirra Cost</option>"
components\p-and-l\ProfitAndLossLineRow.jsx,ProfitAndLossLineRow.jsx,components,43,review_required,snake_case,warning_id,warning_id,p-and-l,"(line.category === ""unassigned"" || !line.category) ? ""review_required"" : line.category;"
components\p-and-l\ProfitAndLossLineRow.jsx,ProfitAndLossLineRow.jsx,components,98,review_required,snake_case,warning_id,warning_id,p-and-l,"); } else if (selectedValue === ""review_required"") { actions.update_pnl_line("
components\p-and-l\ProfitAndLossOperatingExpenseGroup.jsx,ProfitAndLossOperatingExpenseGroup.jsx,components,145,review_required,snake_case,warning_id,warning_id,p-and-l,"value: ""other_review_required"", category: ""review_required"", review_subcategory: ""other_review_required"","
components\p-and-l\ProfitAndLossOperatingExpenseGroup.jsx,ProfitAndLossOperatingExpenseGroup.jsx,components,364,review_required,snake_case,warning_id,warning_id,p-and-l,"return { category: ""review_required"", subcategory: ""other_review_required"","
components\p-and-l\ProfitAndLossOperatingExpenseGroup.jsx,ProfitAndLossOperatingExpenseGroup.jsx,components,417,review_required,snake_case,warning_id,warning_id,p-and-l,"{ value: ""review_required"", label: ""WIP / Accounting Adjustment"","
components\p-and-l\ProfitAndLossOperatingExpenseGroup.jsx,ProfitAndLossOperatingExpenseGroup.jsx,components,419,review_required,snake_case,warning_id,warning_id,p-and-l,"label: ""WIP / Accounting Adjustment"", category: ""review_required"", review_subcategory: ""wip_accounting_adjustment"","
components\p-and-l\ProfitAndLossOperatingExpenseGroup.jsx,ProfitAndLossOperatingExpenseGroup.jsx,components,486,review_required,snake_case,quoted_object_key,warning_id,p-and-l,"return ""Feeds the Assets benchmark. Use for vehicle, plant, finance, running costs, repairs, maintenance, licences, registrations, and ownership costs.""; case ""review_required"": return ""Review required. This line needs further review before model assignment."";"
components\p-and-l\ProfitAndLossOperatingExpenseGroup.jsx,ProfitAndLossOperatingExpenseGroup.jsx,components,556,review_required,snake_case,warning_id,warning_id,p-and-l,"(line.category === ""unassigned"" || !line.category) ? ""review_required"" : line.category || ""unassigned"";"
components\p-and-l\ProfitAndLossOperatingExpenseGroup.jsx,ProfitAndLossOperatingExpenseGroup.jsx,components,622,review_required,snake_case,warning_id,warning_id,p-and-l,"); } else if (selectedValue === ""review_required"") { actions.update_pnl_line("
components\p-and-l\ProfitAndLossProgressPanel.jsx,ProfitAndLossProgressPanel.jsx,components,11,review_required,snake_case,warning_id,warning_id,p-and-l,""""", ""review_required"", ""imported_review_required"","
components\p-and-l\ProfitAndLossProgressPanel.jsx,ProfitAndLossProgressPanel.jsx,components,40,review_required,snake_case,warning_id,warning_id,p-and-l,"if (category === ""review_required"") return true; if (category === ""unassigned"") return true;"
components\p-and-l\ProfitAndLossQuickImportPanel.jsx,ProfitAndLossQuickImportPanel.jsx,components,301,review_required,snake_case,warning_id,warning_id,p-and-l,"direct_cost_category_id: """", review_subcategory: ""review_required"", };"
components\p-and-l\ProfitAndLossQuickImportPanel.jsx,ProfitAndLossQuickImportPanel.jsx,components,363,review_required,snake_case,warning_id,warning_id,p-and-l,") { review_subcategory = review_subcategory || ""review_required""; }"
components\p-and-l\ProfitAndLossQuickImportPanel.jsx,ProfitAndLossQuickImportPanel.jsx,components,367,review_required,snake_case,warning_id,warning_id,p-and-l,"if (section === ""operating_expenses"" && category === ""unassigned"") { review_subcategory = review_subcategory || ""review_required""; }"
components\p-and-l\ProfitAndLossQuickImportPanel.jsx,ProfitAndLossQuickImportPanel.jsx,components,89,review_required,snake_case,warning_id,warning_id,p-and-l,"direct_cost_category_id: """", review_subcategory: ""review_required"", };"
components\p-and-l\ProfitAndLossSectionBlock.jsx,ProfitAndLossSectionBlock.jsx,components,103,review_required,snake_case,warning_id,warning_id,p-and-l,"""category"", ""review_required"", );"
lib\calculations\profitAndLossCalculations.js,profitAndLossCalculations.js,lib,30,review_required,snake_case,warning_id,warning_id,p-and-l,""""", ""review_required"", ""imported_review_required"","
lib\calculations\profitAndLossCalculations.js,profitAndLossCalculations.js,lib,78,review_required,snake_case,warning_id,warning_id,p-and-l,"get_legacy_direct_cost_category_id(line.category) || ""review_required"" );"
lib\calculations\profitAndLossCalculations.js,profitAndLossCalculations.js,lib,85,review_required,snake_case,warning_id,warning_id,p-and-l,"if (category === ""unassigned"" || category === ""review_required"") { return true;"
lib\p-and-l\profitAndLossClassificationRules.js,profitAndLossClassificationRules.js,lib,204,review_required,snake_case,quoted_object_key,warning_id,p-and-l,"return ""Feeds the General Overheads benchmark. Use for business-wide overheads, staff overheads, shared vehicle running costs, office, admin, insurance, and compliance.""; case ""review_required"": return ""Review required. This line needs further review before model assignment."";"
lib\p-and-l\profitAndLossClassificationRules.js,profitAndLossClassificationRules.js,lib,419,review_required,snake_case,warning_id,warning_id,p-and-l,"return { category: ""review_required"", subcategory: ""other_review_required"","
lib\p-and-l\profitAndLossClassificationRules.js,profitAndLossClassificationRules.js,lib,432,review_required,snake_case,warning_id,warning_id,p-and-l,"{ value: ""review_required"", label: ""WIP / Accounting Adjustment"","
lib\p-and-l\profitAndLossClassificationRules.js,profitAndLossClassificationRules.js,lib,478,review_required,snake_case,warning_id,warning_id,p-and-l,"? ""Excluded"" : category === ""review_required"" ? ""Review Required"""
lib\p-and-l\profitAndLossGroupingRules.js,profitAndLossGroupingRules.js,lib,280,review_required,snake_case,warning_id,warning_id,p-and-l,"direct_cost_category_id !== ""__review_required"" && direct_cost_category_id !== ""review_required"" && direct_cost_category_id !== ""__unassigned"" &&"
lib\p-and-l\profitAndLossGroupingRules.js,profitAndLossGroupingRules.js,lib,291,review_required,snake_case,warning_id,warning_id,p-and-l,"if (category === ""review_required"") { return ""__review_required"";"
lib\p-and-l\profitAndLossGroupingRules.js,profitAndLossGroupingRules.js,lib,314,review_required,snake_case,warning_id,warning_id,p-and-l,"const reserved_category_ids = [ ""review_required"", ""__review_required"","
lib\p-and-l\profitAndLossGroupingRules.js,profitAndLossGroupingRules.js,lib,49,review_required,snake_case,warning_id,warning_id,p-and-l,"if ( category === ""review_required"" || category === ""unassigned"" ||"
lib\selectors\profitAndLossSelectors.js,profitAndLossSelectors.js,lib,115,review_required,snake_case,warning_id,warning_id,p-and-l,"current_category: normalise_category(line.category) === ""review_required"" ? ""Review Required"""
lib\selectors\profitAndLossSelectors.js,profitAndLossSelectors.js,lib,59,review_required,snake_case,warning_id,warning_id,p-and-l,""""", ""review_required"", ""imported_review_required"","
lib\selectors\profitAndLossSelectors.js,profitAndLossSelectors.js,lib,86,review_required,snake_case,warning_id,warning_id,p-and-l,"if (category === ""unassigned"" || category === ""review_required"") { return true;"
lib\storage\profitAndLossStorage.js,profitAndLossStorage.js,lib,115,review_required,snake_case,warning_id,warning_id,p-and-l,"{ category_id: ""review_required"", category_name: ""Review required"","
lib\calculations\profitAndLossCalculations.js,profitAndLossCalculations.js,lib,350,review_required_count,snake_case,object_key,warning_id,p-and-l,"review_required_lines, review_required_count: review_required_lines.length,"
lib\calculations\profitAndLossCalculations.js,profitAndLossCalculations.js,lib,288,review_required_lines,snake_case,declaration,warning_id,p-and-l,const unreviewed_interest_total = sum_line_amounts(unreviewed_interest_lines); const review_required_lines = pnl_lines.filter(is_review_assignment_line);
lib\calculations\profitAndLossCalculations.js,profitAndLossCalculations.js,lib,298,review_required_lines,snake_case,warning_id,warning_id,p-and-l,const pnl_ready = review_required_lines.length === 0;
lib\calculations\profitAndLossCalculations.js,profitAndLossCalculations.js,lib,349,review_required_lines,snake_case,warning_id,warning_id,p-and-l,"unreviewed_interest_total, review_required_lines, review_required_count: review_required_lines.length,"
lib\calculations\profitAndLossCalculations.js,profitAndLossCalculations.js,lib,350,review_required_lines,snake_case,warning_id,warning_id,p-and-l,"review_required_lines, review_required_count: review_required_lines.length,"
components\p-and-l\ProfitAndLossMainCard.jsx,ProfitAndLossMainCard.jsx,components,162,unassigned_details,snake_case,snake_case_reference,warning_id,p-and-l,"warnings = [], unassigned_details = {}, save_message = """","
components\p-and-l\ProfitAndLossMainCard.jsx,ProfitAndLossMainCard.jsx,components,372,unassigned_details,snake_case,snake_case_reference,warning_id,p-and-l,"warnings = [], unassigned_details = {}, profiles = [],"
components\p-and-l\ProfitAndLossMainCard.jsx,ProfitAndLossMainCard.jsx,components,435,unassigned_details,snake_case,snake_case_reference,warning_id,p-and-l,warnings={warnings} unassigned_details={unassigned_details} save_message={save_message}
lib\selectors\profitAndLossSelectors.js,profitAndLossSelectors.js,lib,225,unassigned_details,snake_case,snake_case_reference,warning_id,p-and-l,"warnings, unassigned_details, profiles,"
components\p-and-l\ProfitAndLossQuickImportPanel.jsx,ProfitAndLossQuickImportPanel.jsx,components,819,unmatched_lines,snake_case,snake_case_reference,warning_id,p-and-l,"<div className=""ui-kicker theme-warn"">Import warnings</div> {draft_import.unmatched_lines.slice(0, 8).map((line, index) => ( <div key={`${line}_${index}`} className=""ui-help"">"
components\p-and-l\ProfitAndLossStatusStrip.jsx,ProfitAndLossStatusStrip.jsx,components,9,warn,plain,quoted_object_key,warning_id,p-and-l,"return ""ui-pill ui-pill-danger""; case ""warn"": return ""ui-pill ui-pill-warning"";"
lib\selectors\quoteEngineSelectors.js,quoteEngineSelectors.js,lib,487,adjusted_business_recovery_required_total,snake_case,declaration,warning_id,quote-engine-legacy,const adjusted_business_recovery_required_total = adjusted_labour_hours_allowed * toNumber(calculations.required_recovery_rate);
lib\selectors\quoteEngineSelectors.js,quoteEngineSelectors.js,lib,491,adjusted_business_recovery_required_total,snake_case,warning_id,warning_id,quote-engine-legacy,const adjusted_quote_gap = adjusted_quote_margin_pool - adjusted_business_recovery_required_total;
components\quote-engine\QuoteEngineRepairPanel.jsx,QuoteEngineRepairPanel.jsx,components,98,adjusted_quote_gap,snake_case,warning_id,warning_id,quote-engine-legacy,"<span className=""ui-label"">Adjusted quote gap</span> <div>{formatCurrency(repair.adjusted_quote_gap)}</div> </div>"
lib\selectors\quoteEngineSelectors.js,quoteEngineSelectors.js,lib,490,adjusted_quote_gap,snake_case,declaration,warning_id,quote-engine-legacy,const adjusted_quote_gap = adjusted_quote_margin_pool - adjusted_business_recovery_required_total;
lib\selectors\quoteEngineSelectors.js,quoteEngineSelectors.js,lib,495,adjusted_quote_gap,snake_case,warning_id,warning_id,quote-engine-legacy,const gap_closed_amount = adjusted_quote_gap - original_quote_gap;
lib\selectors\quoteEngineSelectors.js,quoteEngineSelectors.js,lib,504,adjusted_quote_gap,snake_case,warning_id,warning_id,quote-engine-legacy,"original_quote_gap, adjusted_quote_gap, remaining_quote_gap: adjusted_quote_gap,"
lib\selectors\quoteEngineSelectors.js,quoteEngineSelectors.js,lib,505,adjusted_quote_gap,snake_case,warning_id,warning_id,quote-engine-legacy,"adjusted_quote_gap, remaining_quote_gap: adjusted_quote_gap, gap_closed_amount,"
components\quote-engine\QuoteEngineStatusStrip.jsx,QuoteEngineStatusStrip.jsx,components,27,blocked,plain,status_value,warning_id,quote-engine-legacy,"quote_warnings = [], model_readiness_status = ""blocked"", model_trust_state = ""blocked"","
components\quote-engine\QuoteEngineSideCard.jsx,QuoteEngineSideCard.jsx,components,69,business_recovery_required_total,snake_case,warning_id,warning_id,quote-engine-legacy,"<span className=""ui-label"">Cost Summary recovery required</span> <div>{summary.business_recovery_required_total}</div> </div>"
lib\calculations\quoteEngineCalculations.js,quoteEngineCalculations.js,lib,105,business_recovery_required_total,snake_case,declaration,warning_id,quote-engine-legacy,const business_recovery_required_total = labour_hours_allowed * required_recovery_rate;
lib\calculations\quoteEngineCalculations.js,quoteEngineCalculations.js,lib,118,business_recovery_required_total,snake_case,warning_id,warning_id,quote-engine-legacy,const quote_gap = quote_margin_pool - business_recovery_required_total;
lib\calculations\quoteEngineCalculations.js,quoteEngineCalculations.js,lib,126,business_recovery_required_total,snake_case,warning_id,warning_id,quote-engine-legacy,const required_price_at_allowed_hours = estimated_job_cost_total + business_recovery_required_total;
lib\calculations\quoteEngineCalculations.js,quoteEngineCalculations.js,lib,167,business_recovery_required_total,snake_case,warning_id,warning_id,quote-engine-legacy,"business_recovery_required_total, achieved_margin_per_hour,"
lib\selectors\quoteEngineSelectors.js,quoteEngineSelectors.js,lib,177,business_recovery_required_total,snake_case,object_key,warning_id,quote-engine-legacy,"quote_margin_pool: formatCurrency(quote_margin_pool), business_recovery_required_total: formatCurrency( calculations.business_recovery_required_total"
lib\selectors\quoteEngineSelectors.js,quoteEngineSelectors.js,lib,178,business_recovery_required_total,snake_case,warning_id,warning_id,quote-engine-legacy,"business_recovery_required_total: formatCurrency( calculations.business_recovery_required_total ),"
lib\selectors\quoteEngineSelectors.js,quoteEngineSelectors.js,lib,404,business_recovery_required_total,snake_case,warning_id,warning_id,quote-engine-legacy,"value: formatCurrency( calculations.business_recovery_required_total ),"
lib\selectors\quoteEngineSelectors.js,quoteEngineSelectors.js,lib,419,business_recovery_required_total,snake_case,warning_id,warning_id,quote-engine-legacy,"value: formatCurrency( calculations.business_recovery_required_total ),"
lib\selectors\quoteEngineSelectors.js,quoteEngineSelectors.js,lib,573,business_recovery_required_total,snake_case,object_key,warning_id,quote-engine-legacy,"business_recovery_required_total: calculations.business_recovery_required_total,"
lib\selectors\quoteEngineSelectors.js,quoteEngineSelectors.js,lib,574,business_recovery_required_total,snake_case,warning_id,warning_id,quote-engine-legacy,"business_recovery_required_total: calculations.business_recovery_required_total,"
lib\selectors\quoteEngineSelectors.js,quoteEngineSelectors.js,lib,56,client_name,snake_case,snake_case_reference,warning_id,quote-engine-legacy,if (!calculations.client_name) { warnings.push({
lib\selectors\quoteEngineSelectors.js,quoteEngineSelectors.js,lib,122,estimated_job_cost_total,snake_case,snake_case_reference,warning_id,quote-engine-legacy,if (estimated_job_cost_total === 0) { warnings.push({
app\quote-engine\page.jsx,page.jsx,app,45,hourly_gap,snake_case,warning_id,warning_id,quote-engine-legacy,required_recovery_rate={status.required_recovery_rate} hourly_gap={status.hourly_gap} quote_gap={status.quote_gap}
components\quote-engine\QuoteEngineSideCard.jsx,QuoteEngineSideCard.jsx,components,80,hourly_gap,snake_case,warning_id,warning_id,quote-engine-legacy,"<span className=""ui-label"">Hourly recovery surplus / shortfall</span> <div>{summary.hourly_gap}</div> </div>"
components\quote-engine\QuoteEngineStatusStrip.jsx,QuoteEngineStatusStrip.jsx,components,30,hourly_gap,snake_case,warning_id,warning_id,quote-engine-legacy,"required_recovery_rate = 0, hourly_gap = 0, quote_gap = 0,"
components\quote-engine\QuoteEngineStatusStrip.jsx,QuoteEngineStatusStrip.jsx,components,61,hourly_gap,snake_case,warning_id,warning_id,quote-engine-legacy,"<div className=""ui-label"">Hourly gap</div> <div>{formatCurrency(hourly_gap)} / hr</div> </div>"
lib\calculations\quoteEngineCalculations.js,quoteEngineCalculations.js,lib,113,hourly_gap,snake_case,declaration,warning_id,quote-engine-legacy,const hourly_gap = labour_hours_allowed > 0
lib\calculations\quoteEngineCalculations.js,quoteEngineCalculations.js,lib,170,hourly_gap,snake_case,warning_id,warning_id,quote-engine-legacy,"required_recovery_rate, hourly_gap, quote_gap,"
lib\selectors\quoteEngineSelectors.js,quoteEngineSelectors.js,lib,185,hourly_gap,snake_case,object_key,warning_id,quote-engine-legacy,"required_recovery_rate: formatCurrency(required_recovery_rate), hourly_gap: formatCurrency(calculations.hourly_gap), max_viable_hours: formatNumber(calculations.max_viable_hours),"
lib\selectors\quoteEngineSelectors.js,quoteEngineSelectors.js,lib,198,hourly_gap,snake_case,object_key,warning_id,quote-engine-legacy,"required_recovery_rate, hourly_gap: calculations.hourly_gap, quote_gap,"
lib\selectors\quoteEngineSelectors.js,quoteEngineSelectors.js,lib,441,hourly_gap,snake_case,warning_id,warning_id,quote-engine-legacy,"label: ""Hourly gap"", value: formatCurrency(calculations.hourly_gap), },"
lib\selectors\quoteEngineSelectors.js,quoteEngineSelectors.js,lib,578,hourly_gap,snake_case,object_key,warning_id,quote-engine-legacy,"required_recovery_rate: calculations.required_recovery_rate, hourly_gap: calculations.hourly_gap, quote_gap: calculations.quote_gap,"
lib\selectors\quoteEngineSelectors.js,quoteEngineSelectors.js,lib,48,job_name,snake_case,snake_case_reference,warning_id,quote-engine-legacy,if (!calculations.job_name && !calculations.job_number) { warnings.push({
lib\selectors\quoteEngineSelectors.js,quoteEngineSelectors.js,lib,48,job_number,snake_case,snake_case_reference,warning_id,quote-engine-legacy,if (!calculations.job_name && !calculations.job_number) { warnings.push({
lib\selectors\quoteEngineSelectors.js,quoteEngineSelectors.js,lib,108,message,plain,object_key,warning_id,quote-engine-legacy,"warning_id: ""estimated_labour_below_model"", message: ""Estimated labour cost is below the model labour cost for the allowed hours."","
lib\selectors\quoteEngineSelectors.js,quoteEngineSelectors.js,lib,117,message,plain,object_key,warning_id,quote-engine-legacy,"warning_id: ""negative_margin_pool"", message: ""Margin pool is negative; this quote is losing money before recovery."","
lib\selectors\quoteEngineSelectors.js,quoteEngineSelectors.js,lib,125,message,plain,object_key,warning_id,quote-engine-legacy,"warning_id: ""zero_estimated_job_cost"", message: ""Estimated job cost is zero. Confirm COG and labour cost inputs before trusting results."","
lib\selectors\quoteEngineSelectors.js,quoteEngineSelectors.js,lib,133,message,plain,object_key,warning_id,quote-engine-legacy,"warning_id: ""untrusted_model"", message: ""Upstream model readiness is blocked or not trusted."", });"
lib\selectors\quoteEngineSelectors.js,quoteEngineSelectors.js,lib,143,message,plain,object_key,warning_id,quote-engine-legacy,"warning_id: ""model_warning_present"", message: ""The business model baseline has warnings that may affect quote trust."","
lib\selectors\quoteEngineSelectors.js,quoteEngineSelectors.js,lib,51,message,plain,object_key,warning_id,quote-engine-legacy,"warning_id: ""missing_job_identity"", message: ""Job name and job number are missing. Save a job identity before relying on quote history."","
lib\selectors\quoteEngineSelectors.js,quoteEngineSelectors.js,lib,59,message,plain,object_key,warning_id,quote-engine-legacy,"warning_id: ""missing_client_name"", message: ""Client name is missing. Add a client before converting this quote to a live job."","
lib\selectors\quoteEngineSelectors.js,quoteEngineSelectors.js,lib,67,message,plain,object_key,warning_id,quote-engine-legacy,"warning_id: ""missing_quote_date"", message: ""Quote date is missing."", });"
lib\selectors\quoteEngineSelectors.js,quoteEngineSelectors.js,lib,74,message,plain,object_key,warning_id,quote-engine-legacy,"warning_id: ""no_quote_price"", message: ""Quote price is missing, so margin metrics cannot be trusted."", });"
lib\selectors\quoteEngineSelectors.js,quoteEngineSelectors.js,lib,81,message,plain,object_key,warning_id,quote-engine-legacy,"warning_id: ""no_labour_hours"", message: ""Allowed labour hours are zero. Hours-based recovery cannot be tested."","
lib\selectors\quoteEngineSelectors.js,quoteEngineSelectors.js,lib,89,message,plain,object_key,warning_id,quote-engine-legacy,"warning_id: ""no_estimated_labour_cost"", message: ""Estimated labour cost is missing. Labour cost variance cannot be tested."","
lib\selectors\quoteEngineSelectors.js,quoteEngineSelectors.js,lib,97,message,plain,object_key,warning_id,quote-engine-legacy,"warning_id: ""no_required_recovery_rate"", message: ""Required recovery rate is zero, so the quote gap cannot be validated."","
lib\selectors\quoteEngineSelectors.js,quoteEngineSelectors.js,lib,58,missing_client_name,snake_case,snake_case_reference,warning_id,quote-engine-legacy,"warnings.push({ warning_id: ""missing_client_name"", message:"
lib\selectors\quoteEngineSelectors.js,quoteEngineSelectors.js,lib,50,missing_job_identity,snake_case,snake_case_reference,warning_id,quote-engine-legacy,"warnings.push({ warning_id: ""missing_job_identity"", message:"
lib\selectors\quoteEngineSelectors.js,quoteEngineSelectors.js,lib,66,missing_quote_date,snake_case,snake_case_reference,warning_id,quote-engine-legacy,"warnings.push({ warning_id: ""missing_quote_date"", message: ""Quote date is missing."","
lib\selectors\quoteEngineSelectors.js,quoteEngineSelectors.js,lib,130,model_untrusted,snake_case,snake_case_reference,warning_id,quote-engine-legacy,if (model_untrusted) { warnings.push({
lib\selectors\quoteEngineSelectors.js,quoteEngineSelectors.js,lib,142,model_warning_present,snake_case,warning_id,warning_id,quote-engine-legacy,"warnings.push({ warning_id: ""model_warning_present"", message:"
lib\selectors\quoteEngineSelectors.js,quoteEngineSelectors.js,lib,73,no_quote_price,snake_case,snake_case_reference,warning_id,quote-engine-legacy,"warnings.push({ warning_id: ""no_quote_price"", message: ""Quote price is missing, so margin metrics cannot be trusted."","
components\quote-engine\QuoteEngineRepairPanel.jsx,QuoteEngineRepairPanel.jsx,components,94,original_quote_gap,snake_case,warning_id,warning_id,quote-engine-legacy,"<span className=""ui-label"">Original quote gap</span> <div>{formatCurrency(repair.original_quote_gap)}</div> </div>"
lib\selectors\quoteEngineSelectors.js,quoteEngineSelectors.js,lib,493,original_quote_gap,snake_case,declaration,warning_id,quote-engine-legacy,const original_quote_gap = toNumber(calculations.quote_gap);
lib\selectors\quoteEngineSelectors.js,quoteEngineSelectors.js,lib,495,original_quote_gap,snake_case,warning_id,warning_id,quote-engine-legacy,const gap_closed_amount = adjusted_quote_gap - original_quote_gap;
lib\selectors\quoteEngineSelectors.js,quoteEngineSelectors.js,lib,498,original_quote_gap,snake_case,warning_id,warning_id,quote-engine-legacy,const gap_closed_percent = original_quote_gap === 0 ? 0
lib\selectors\quoteEngineSelectors.js,quoteEngineSelectors.js,lib,500,original_quote_gap,snake_case,warning_id,warning_id,quote-engine-legacy,? 0 : (gap_closed_amount / Math.abs(original_quote_gap)) * 100;
lib\selectors\quoteEngineSelectors.js,quoteEngineSelectors.js,lib,503,original_quote_gap,snake_case,warning_id,warning_id,quote-engine-legacy,"return { original_quote_gap, adjusted_quote_gap,"
components\quote-engine\QuoteEngineSideCard.jsx,QuoteEngineSideCard.jsx,components,98,price_gap,snake_case,warning_id,warning_id,quote-engine-legacy,"<span className=""ui-label"">Price movement required</span> <div>{summary.price_gap}</div> </div>"
lib\calculations\quoteEngineCalculations.js,quoteEngineCalculations.js,lib,128,price_gap,snake_case,declaration,warning_id,quote-engine-legacy,const price_gap = required_price_at_allowed_hours - quote_price_total;
lib\calculations\quoteEngineCalculations.js,quoteEngineCalculations.js,lib,174,price_gap,snake_case,warning_id,warning_id,quote-engine-legacy,"required_price_at_allowed_hours, price_gap,"
lib\selectors\quoteEngineSelectors.js,quoteEngineSelectors.js,lib,190,price_gap,snake_case,object_key,warning_id,quote-engine-legacy,"), price_gap: formatCurrency(calculations.price_gap), },"
lib\selectors\quoteEngineSelectors.js,quoteEngineSelectors.js,lib,584,price_gap,snake_case,object_key,warning_id,quote-engine-legacy,"calculations.required_price_at_allowed_hours, price_gap: calculations.price_gap,"
lib\selectors\quoteEngineSelectors.js,quoteEngineSelectors.js,lib,64,quote_date,snake_case,snake_case_reference,warning_id,quote-engine-legacy,if (!calculations.quote_date) { warnings.push({
app\quote-engine\page.jsx,page.jsx,app,46,quote_gap,snake_case,warning_id,warning_id,quote-engine-legacy,hourly_gap={status.hourly_gap} quote_gap={status.quote_gap} />
components\quote-engine\QuoteEngineSideCard.jsx,QuoteEngineSideCard.jsx,components,76,quote_gap,snake_case,warning_id,warning_id,quote-engine-legacy,"<span className=""ui-label"">Recovery surplus / shortfall</span> <div>{summary.quote_gap}</div> </div>"
components\quote-engine\QuoteEngineStatusStrip.jsx,QuoteEngineStatusStrip.jsx,components,31,quote_gap,snake_case,warning_id,warning_id,quote-engine-legacy,"hourly_gap = 0, quote_gap = 0, }) {"
components\quote-engine\QuoteEngineStatusStrip.jsx,QuoteEngineStatusStrip.jsx,components,68,quote_gap,snake_case,warning_id,warning_id,quote-engine-legacy,"<div className=""ui-label"">Quote gap</div> <div>{formatCurrency(quote_gap)}</div> </div>"
lib\calculations\quoteEngineCalculations.js,quoteEngineCalculations.js,lib,118,quote_gap,snake_case,declaration,warning_id,quote-engine-legacy,const quote_gap = quote_margin_pool - business_recovery_required_total;
lib\calculations\quoteEngineCalculations.js,quoteEngineCalculations.js,lib,171,quote_gap,snake_case,warning_id,warning_id,quote-engine-legacy,"hourly_gap, quote_gap, max_viable_hours,"
lib\selectors\quoteEngineSelectors.js,quoteEngineSelectors.js,lib,158,quote_gap,snake_case,warning_id,warning_id,quote-engine-legacy,"quote_result_status = ""invalid""; } else if (quote_margin_pool >= 0 && quote_gap < 0) { quote_result_status = ""leaking"";"
lib\selectors\quoteEngineSelectors.js,quoteEngineSelectors.js,lib,161,quote_gap,snake_case,warning_id,warning_id,quote-engine-legacy,"} else if ( Math.abs(quote_gap) <= Math.max(1, Math.abs(required_recovery_rate) * 0.1) || (Array.isArray(upstream.business_summary_warnings) &&"
lib\selectors\quoteEngineSelectors.js,quoteEngineSelectors.js,lib,180,quote_gap,snake_case,object_key,warning_id,quote-engine-legacy,"), quote_gap: formatCurrency(quote_gap), achieved_margin_per_hour: formatCurrency("
lib\selectors\quoteEngineSelectors.js,quoteEngineSelectors.js,lib,199,quote_gap,snake_case,warning_id,warning_id,quote-engine-legacy,"hourly_gap: calculations.hourly_gap, quote_gap, };"
lib\selectors\quoteEngineSelectors.js,quoteEngineSelectors.js,lib,35,quote_gap,snake_case,declaration,warning_id,quote-engine-legacy,const quote_margin_pool = toNumber(calculations.quote_margin_pool); const quote_gap = toNumber(calculations.quote_gap); const estimated_labour_cost_total = toNumber(
lib\selectors\quoteEngineSelectors.js,quoteEngineSelectors.js,lib,424,quote_gap,snake_case,warning_id,warning_id,quote-engine-legacy,"label: ""Quote gap"", value: formatCurrency(calculations.quote_gap), },"
lib\selectors\quoteEngineSelectors.js,quoteEngineSelectors.js,lib,493,quote_gap,snake_case,warning_id,warning_id,quote-engine-legacy,const original_quote_gap = toNumber(calculations.quote_gap);
lib\selectors\quoteEngineSelectors.js,quoteEngineSelectors.js,lib,579,quote_gap,snake_case,object_key,warning_id,quote-engine-legacy,"hourly_gap: calculations.hourly_gap, quote_gap: calculations.quote_gap,"
hooks\useQuoteEngine.js,useQuoteEngine.js,hooks,402,quote_model_used,snake_case,object_key,warning_id,quote-engine-legacy,"quote_warnings: status.quote_warnings, quote_model_used: calculations.quote_model_used, quote_model_trust_state: calculations.quote_model_trust_state,"
lib\selectors\quoteEngineSelectors.js,quoteEngineSelectors.js,lib,588,quote_model_used,snake_case,object_key,warning_id,quote-engine-legacy,"quote_warnings: calculations.quote_warnings, quote_model_used: calculations.quote_model_used, quote_model_trust_state: calculations.quote_model_trust_state,"
lib\selectors\quoteEngineSelectors.js,quoteEngineSelectors.js,lib,149,quote_price_total_is_zero,snake_case,warning_id,warning_id,quote-engine-legacy,const has_invalid_input = quote_price_total_is_zero || labour_hours_is_zero ||
lib\selectors\quoteEngineSelectors.js,quoteEngineSelectors.js,lib,41,quote_price_total_is_zero,snake_case,declaration,warning_id,quote-engine-legacy,const quote_price_total_is_zero = quote_price_total <= 0; const labour_hours_is_zero = labour_hours_allowed <= 0;
lib\selectors\quoteEngineSelectors.js,quoteEngineSelectors.js,lib,71,quote_price_total_is_zero,snake_case,warning_id,warning_id,quote-engine-legacy,if (quote_price_total_is_zero) { warnings.push({
lib\selectors\quoteEngineSelectors.js,quoteEngineSelectors.js,lib,171,quote_warning_count,snake_case,object_key,warning_id,quote-engine-legacy,"quote_warnings: warnings, quote_warning_count: warnings.length,"
components\quote-engine\QuoteEngineRepairPanel.jsx,QuoteEngineRepairPanel.jsx,components,105,remaining_quote_gap,snake_case,warning_id,warning_id,quote-engine-legacy,"<span className=""ui-label"">Remaining quote gap</span> <div>{formatCurrency(repair.remaining_quote_gap)}</div> </div>"
lib\selectors\quoteEngineSelectors.js,quoteEngineSelectors.js,lib,505,remaining_quote_gap,snake_case,object_key,warning_id,quote-engine-legacy,"adjusted_quote_gap, remaining_quote_gap: adjusted_quote_gap, gap_closed_amount,"
lib\selectors\quoteEngineSelectors.js,quoteEngineSelectors.js,lib,132,untrusted_model,snake_case,snake_case_reference,warning_id,quote-engine-legacy,"warnings.push({ warning_id: ""untrusted_model"", message: ""Upstream model readiness is blocked or not trusted."","
components\quote-engine\QuoteEngineStatusStrip.jsx,QuoteEngineStatusStrip.jsx,components,80,warning_id,snake_case,snake_case_reference,warning_id,quote-engine-legacy,"{quote_warnings.slice(0, 4).map((warning) => ( <p key={warning.warning_id} className=""ui-help""> {warning.message}"
lib\selectors\quoteEngineSelectors.js,quoteEngineSelectors.js,lib,107,warning_id,snake_case,object_key,warning_id,quote-engine-legacy,"warnings.push({ warning_id: ""estimated_labour_below_model"", message:"
lib\selectors\quoteEngineSelectors.js,quoteEngineSelectors.js,lib,116,warning_id,snake_case,object_key,warning_id,quote-engine-legacy,"warnings.push({ warning_id: ""negative_margin_pool"", message:"
lib\selectors\quoteEngineSelectors.js,quoteEngineSelectors.js,lib,124,warning_id,snake_case,object_key,warning_id,quote-engine-legacy,"warnings.push({ warning_id: ""zero_estimated_job_cost"", message:"
lib\selectors\quoteEngineSelectors.js,quoteEngineSelectors.js,lib,132,warning_id,snake_case,object_key,warning_id,quote-engine-legacy,"warnings.push({ warning_id: ""untrusted_model"", message: ""Upstream model readiness is blocked or not trusted."","
lib\selectors\quoteEngineSelectors.js,quoteEngineSelectors.js,lib,142,warning_id,snake_case,object_key,warning_id,quote-engine-legacy,"warnings.push({ warning_id: ""model_warning_present"", message:"
lib\selectors\quoteEngineSelectors.js,quoteEngineSelectors.js,lib,50,warning_id,snake_case,object_key,warning_id,quote-engine-legacy,"warnings.push({ warning_id: ""missing_job_identity"", message:"
lib\selectors\quoteEngineSelectors.js,quoteEngineSelectors.js,lib,58,warning_id,snake_case,object_key,warning_id,quote-engine-legacy,"warnings.push({ warning_id: ""missing_client_name"", message:"
lib\selectors\quoteEngineSelectors.js,quoteEngineSelectors.js,lib,66,warning_id,snake_case,object_key,warning_id,quote-engine-legacy,"warnings.push({ warning_id: ""missing_quote_date"", message: ""Quote date is missing."","
lib\selectors\quoteEngineSelectors.js,quoteEngineSelectors.js,lib,73,warning_id,snake_case,object_key,warning_id,quote-engine-legacy,"warnings.push({ warning_id: ""no_quote_price"", message: ""Quote price is missing, so margin metrics cannot be trusted."","
lib\selectors\quoteEngineSelectors.js,quoteEngineSelectors.js,lib,80,warning_id,snake_case,object_key,warning_id,quote-engine-legacy,"warnings.push({ warning_id: ""no_labour_hours"", message:"
lib\selectors\quoteEngineSelectors.js,quoteEngineSelectors.js,lib,88,warning_id,snake_case,object_key,warning_id,quote-engine-legacy,"warnings.push({ warning_id: ""no_estimated_labour_cost"", message:"
lib\selectors\quoteEngineSelectors.js,quoteEngineSelectors.js,lib,96,warning_id,snake_case,object_key,warning_id,quote-engine-legacy,"warnings.push({ warning_id: ""no_required_recovery_rate"", message:"
lib\selectors\quoteEngineSelectors.js,quoteEngineSelectors.js,lib,124,zero_estimated_job_cost,snake_case,snake_case_reference,warning_id,quote-engine-legacy,"warnings.push({ warning_id: ""zero_estimated_job_cost"", message:"
lib\calculations\recoveryOutcomeCalculations.js,recoveryOutcomeCalculations.js,lib,429,activity_driver_value,snake_case,snake_case_reference,warning_id,recovery-outcome-legacy,"if (to_number(recovery_summary.activity_driver_value) <= 0) { warnings.push(make_warning(""missing_activity_driver"", ""Business Outcome""));"
lib\calculations\recoveryOutcomeCalculations.js,recoveryOutcomeCalculations.js,lib,553,allocation_dependency_type,snake_case,snake_case_reference,warning_id,recovery-outcome-legacy,"allocation_dependency_type: cost_allocation.allocation_dependency_type || ""unknown"", allocation_warnings: as_array(cost_allocation.allocation_warnings),"
lib\selectors\recoveryOutcomeSelectors.js,recoveryOutcomeSelectors.js,lib,79,allocation_dependency_type,snake_case,object_key,warning_id,recovery-outcome-legacy,"allocation_status: outputs.allocation_status, allocation_dependency_type: outputs.allocation_dependency_type, allocation_warnings: outputs.allocation_warnings,"
lib\calculations\recoveryOutcomeCalculations.js,recoveryOutcomeCalculations.js,lib,102,as_array,snake_case,snake_case_reference,warning_id,recovery-outcome-legacy,"), ...as_array(recovery_summary.warnings).map((warning) => normalise_warning(warning, ""Recovery Summary"")"
lib\calculations\recoveryOutcomeCalculations.js,recoveryOutcomeCalculations.js,lib,105,as_array,snake_case,snake_case_reference,warning_id,recovery-outcome-legacy,"), ...as_array(cost_allocation.allocation_warnings).map((warning) => normalise_warning(warning, ""Cost Allocation"")"
lib\calculations\recoveryOutcomeCalculations.js,recoveryOutcomeCalculations.js,lib,108,as_array,snake_case,snake_case_reference,warning_id,recovery-outcome-legacy,"), ...as_array(cost_allocation.duplicate_link_warnings).map((warning) => normalise_warning(warning, ""Cost Allocation"")"
lib\calculations\recoveryOutcomeCalculations.js,recoveryOutcomeCalculations.js,lib,111,as_array,snake_case,snake_case_reference,warning_id,recovery-outcome-legacy,"), ...as_array(cost_allocation.orphan_warnings).map((warning) => normalise_warning(warning, ""Cost Allocation"")"
lib\calculations\recoveryOutcomeCalculations.js,recoveryOutcomeCalculations.js,lib,114,as_array,snake_case,snake_case_reference,warning_id,recovery-outcome-legacy,"), ...as_array(cost_allocation.group_validation_warnings).map((warning) => normalise_warning(warning, ""Cost Allocation"")"
lib\calculations\recoveryOutcomeCalculations.js,recoveryOutcomeCalculations.js,lib,554,as_array,snake_case,snake_case_reference,warning_id,recovery-outcome-legacy,"cost_allocation.allocation_dependency_type || ""unknown"", allocation_warnings: as_array(cost_allocation.allocation_warnings),"
lib\calculations\recoveryOutcomeCalculations.js,recoveryOutcomeCalculations.js,lib,588,as_array,snake_case,snake_case_reference,warning_id,recovery-outcome-legacy,duplicate_link_warnings: as_array( cost_allocation.duplicate_link_warnings
lib\calculations\recoveryOutcomeCalculations.js,recoveryOutcomeCalculations.js,lib,591,as_array,snake_case,snake_case_reference,warning_id,recovery-outcome-legacy,"), orphan_warnings: as_array(cost_allocation.orphan_warnings), group_validation_warnings: as_array("
lib\calculations\recoveryOutcomeCalculations.js,recoveryOutcomeCalculations.js,lib,592,as_array,snake_case,snake_case_reference,warning_id,recovery-outcome-legacy,"orphan_warnings: as_array(cost_allocation.orphan_warnings), group_validation_warnings: as_array( cost_allocation.group_validation_warnings"
lib\calculations\recoveryOutcomeCalculations.js,recoveryOutcomeCalculations.js,lib,99,as_array,snake_case,snake_case_reference,warning_id,recovery-outcome-legacy,"return [ ...as_array(recovery_summary.recovery_summary_warnings).map((warning) => normalise_warning(warning, ""Recovery Summary"")"
components\recovery-outcome\RecoveryOutcomeStatusStrip.jsx,RecoveryOutcomeStatusStrip.jsx,components,57,bad,plain,quoted_object_key,warning_id,recovery-outcome-legacy,"label={`Warnings: ${warning_count}`} tone={warning_count > 0 ? ""bad"" : ""good""} />"
lib\calculations\recoveryOutcomeCalculations.js,recoveryOutcomeCalculations.js,lib,597,business_model_health,snake_case,snake_case_reference,warning_id,recovery-outcome-legacy,"dependency_level, business_model_health, decision_warnings,"
components\recovery-outcome\RecoveryOutcomeAnalysisCard.jsx,RecoveryOutcomeAnalysisCard.jsx,components,221,cost_reduction_required_at_current_rates_display,snake_case,warning_id,warning_id,recovery-outcome-legacy,"label=""Cost Reduction Needed At Current Rates"" value={cost_reduction_required_at_current_rates_display} />"
components\recovery-outcome\RecoveryOutcomeAnalysisCard.jsx,RecoveryOutcomeAnalysisCard.jsx,components,43,cost_reduction_required_at_current_rates_display,snake_case,warning_id,warning_id,recovery-outcome-legacy,"extra_hours_required_at_current_rates_display, cost_reduction_required_at_current_rates_display, required_average_rate_increase_display,"
components\recovery-outcome\RecoveryOutcomeStatusStrip.jsx,RecoveryOutcomeStatusStrip.jsx,components,16,dependency_level,snake_case,snake_case_reference,warning_id,recovery-outcome-legacy,"structure_tone = ""bad"", dependency_level = ""unknown"", warning_count = 0,"
lib\selectors\recoveryOutcomeSelectors.js,recoveryOutcomeSelectors.js,lib,24,dependency_level,snake_case,object_key,warning_id,recovery-outcome-legacy,"structure_tone: get_structure_tone(outputs.structure_valid), dependency_level: outputs.dependency_level ?? ""unknown"", warning_count: Array.isArray(outputs.decision_warnings)"
lib\calculations\recoveryOutcomeCalculations.js,recoveryOutcomeCalculations.js,lib,443,external_delivery_dependency,snake_case,snake_case_reference,warning_id,recovery-outcome-legacy,"warnings.push( make_warning(""external_delivery_dependency"", ""Business Outcome"") );"
lib\calculations\recoveryOutcomeCalculations.js,recoveryOutcomeCalculations.js,lib,451,external_delivery_not_defined,snake_case,snake_case_reference,warning_id,recovery-outcome-legacy,") { warnings.push(make_warning(""external_delivery_not_defined"", ""Business Outcome"")); }"
components\recovery-outcome\RecoveryOutcomeMainCard.jsx,RecoveryOutcomeMainCard.jsx,components,237,external_delivery_required,snake_case,warning_id,warning_id,recovery-outcome-legacy,"label=""External Delivery Required"" value={allocation_context.external_delivery_required ? ""Yes"" : ""No""} />"
lib\calculations\recoveryOutcomeCalculations.js,recoveryOutcomeCalculations.js,lib,441,external_delivery_required,snake_case,warning_id,warning_id,recovery-outcome-legacy,if (cost_allocation.external_delivery_required) { warnings.push(
lib\calculations\recoveryOutcomeCalculations.js,recoveryOutcomeCalculations.js,lib,448,external_delivery_required,snake_case,warning_id,warning_id,recovery-outcome-legacy,if ( cost_allocation.external_delivery_required && !cost_allocation.external_delivery_enabled
lib\calculations\recoveryOutcomeCalculations.js,recoveryOutcomeCalculations.js,lib,581,external_delivery_required,snake_case,object_key,warning_id,recovery-outcome-legacy,"), external_delivery_required: Boolean( cost_allocation.external_delivery_required"
lib\calculations\recoveryOutcomeCalculations.js,recoveryOutcomeCalculations.js,lib,582,external_delivery_required,snake_case,warning_id,warning_id,recovery-outcome-legacy,"external_delivery_required: Boolean( cost_allocation.external_delivery_required ),"
lib\selectors\recoveryOutcomeSelectors.js,recoveryOutcomeSelectors.js,lib,92,external_delivery_required,snake_case,object_key,warning_id,recovery-outcome-legacy,"external_delivery_enabled: outputs.external_delivery_enabled, external_delivery_required: outputs.external_delivery_required, internal_capacity_shortfall: outputs.internal_capacity_shortfall,"
components\recovery-outcome\RecoveryOutcomeAnalysisCard.jsx,RecoveryOutcomeAnalysisCard.jsx,components,217,extra_hours_required_at_current_rates_display,snake_case,warning_id,warning_id,recovery-outcome-legacy,"label=""Extra Recoverable Hours Needed At Current Rates"" value={extra_hours_required_at_current_rates_display} />"
components\recovery-outcome\RecoveryOutcomeAnalysisCard.jsx,RecoveryOutcomeAnalysisCard.jsx,components,42,extra_hours_required_at_current_rates_display,snake_case,warning_id,warning_id,recovery-outcome-legacy,"shortfall_amount_display, extra_hours_required_at_current_rates_display, cost_reduction_required_at_current_rates_display,"
lib\calculations\recoveryOutcomeCalculations.js,recoveryOutcomeCalculations.js,lib,67,fallback_source,snake_case,snake_case_reference,warning_id,recovery-outcome-legacy,"function normalise_warning(item, fallback_source = ""Upstream"") { if (!item) return null;"
lib\calculations\recoveryOutcomeCalculations.js,recoveryOutcomeCalculations.js,lib,71,fallback_source,snake_case,snake_case_reference,warning_id,recovery-outcome-legacy,"if (typeof item === ""string"") { return make_warning(item, fallback_source); }"
lib\calculations\recoveryOutcomeCalculations.js,recoveryOutcomeCalculations.js,lib,85,fallback_source,snake_case,snake_case_reference,warning_id,recovery-outcome-legacy,"warning_key, source: item.source || item.module || fallback_source, message:"
lib\calculations\recoveryOutcomeCalculations.js,recoveryOutcomeCalculations.js,lib,94,fallback_source,snake_case,snake_case_reference,warning_id,recovery-outcome-legacy,"return make_warning(String(item), fallback_source); }"
components\recovery-outcome\RecoveryOutcomeMainCard.jsx,RecoveryOutcomeMainCard.jsx,components,242,internal_capacity_shortfall,snake_case,warning_id,warning_id,recovery-outcome-legacy,value={format_currency( allocation_context.internal_capacity_shortfall )}
lib\calculations\recoveryOutcomeCalculations.js,recoveryOutcomeCalculations.js,lib,584,internal_capacity_shortfall,snake_case,object_key,warning_id,recovery-outcome-legacy,"), internal_capacity_shortfall: round_currency( cost_allocation.internal_capacity_shortfall"
lib\calculations\recoveryOutcomeCalculations.js,recoveryOutcomeCalculations.js,lib,585,internal_capacity_shortfall,snake_case,warning_id,warning_id,recovery-outcome-legacy,"internal_capacity_shortfall: round_currency( cost_allocation.internal_capacity_shortfall ),"
lib\selectors\recoveryOutcomeSelectors.js,recoveryOutcomeSelectors.js,lib,93,internal_capacity_shortfall,snake_case,object_key,warning_id,recovery-outcome-legacy,"external_delivery_required: outputs.external_delivery_required, internal_capacity_shortfall: outputs.internal_capacity_shortfall, },"
lib\calculations\recoveryOutcomeCalculations.js,recoveryOutcomeCalculations.js,lib,406,make_warning,snake_case,warning_id,warning_id,recovery-outcome-legacy,"if (primary_constraint_key !== ""healthy"") { warnings.unshift(make_warning(primary_constraint_key, ""Business Outcome"")); }"
lib\calculations\recoveryOutcomeCalculations.js,recoveryOutcomeCalculations.js,lib,411,make_warning,snake_case,warning_id,warning_id,recovery-outcome-legacy,"warnings.push( make_warning(""missing_recovery_plan_target"", ""Business Outcome"") );"
lib\calculations\recoveryOutcomeCalculations.js,recoveryOutcomeCalculations.js,lib,416,make_warning,snake_case,warning_id,warning_id,recovery-outcome-legacy,"if (!recovery_summary.recovery_plan_split) { warnings.push(make_warning(""missing_recovery_plan_split"", ""Business Outcome"")); }"
lib\calculations\recoveryOutcomeCalculations.js,recoveryOutcomeCalculations.js,lib,421,make_warning,snake_case,warning_id,warning_id,recovery-outcome-legacy,"warnings.push( make_warning(""missing_component_required_recovery"", ""Business Outcome"") );"
lib\calculations\recoveryOutcomeCalculations.js,recoveryOutcomeCalculations.js,lib,426,make_warning,snake_case,warning_id,warning_id,recovery-outcome-legacy,"if (!cost_allocation.allocation_status) { warnings.push(make_warning(""missing_allocation_status"", ""Business Outcome"")); }"
lib\calculations\recoveryOutcomeCalculations.js,recoveryOutcomeCalculations.js,lib,430,make_warning,snake_case,warning_id,warning_id,recovery-outcome-legacy,"if (to_number(recovery_summary.activity_driver_value) <= 0) { warnings.push(make_warning(""missing_activity_driver"", ""Business Outcome"")); }"
lib\calculations\recoveryOutcomeCalculations.js,recoveryOutcomeCalculations.js,lib,434,make_warning,snake_case,warning_id,warning_id,recovery-outcome-legacy,"if (to_number(recovery_summary.net_position) < 0) { warnings.push(make_warning(""negative_net_position"", ""Business Outcome"")); }"
lib\calculations\recoveryOutcomeCalculations.js,recoveryOutcomeCalculations.js,lib,438,make_warning,snake_case,warning_id,warning_id,recovery-outcome-legacy,"if (to_number(recovery_summary.recovery_gap_per_driver) < 0) { warnings.push(make_warning(""negative_recovery_gap"", ""Business Outcome"")); }"
lib\calculations\recoveryOutcomeCalculations.js,recoveryOutcomeCalculations.js,lib,443,make_warning,snake_case,warning_id,warning_id,recovery-outcome-legacy,"warnings.push( make_warning(""external_delivery_dependency"", ""Business Outcome"") );"
lib\calculations\recoveryOutcomeCalculations.js,recoveryOutcomeCalculations.js,lib,451,make_warning,snake_case,warning_id,warning_id,recovery-outcome-legacy,") { warnings.push(make_warning(""external_delivery_not_defined"", ""Business Outcome"")); }"
lib\calculations\recoveryOutcomeCalculations.js,recoveryOutcomeCalculations.js,lib,59,make_warning,snake_case,warning_id,warning_id,recovery-outcome-legacy,"function make_warning(warning_key, source = ""Business Outcome"", message) { return {"
lib\calculations\recoveryOutcomeCalculations.js,recoveryOutcomeCalculations.js,lib,71,make_warning,snake_case,warning_id,warning_id,recovery-outcome-legacy,"if (typeof item === ""string"") { return make_warning(item, fallback_source); }"
lib\calculations\recoveryOutcomeCalculations.js,recoveryOutcomeCalculations.js,lib,94,make_warning,snake_case,warning_id,warning_id,recovery-outcome-legacy,"return make_warning(String(item), fallback_source); }"
components\recovery-outcome\RecoveryOutcomeMainCard.jsx,RecoveryOutcomeMainCard.jsx,components,40,message,plain,declaration,warning_id,recovery-outcome-legacy,"function WarningRow({ warning }) { const message = typeof warning === ""string"""
lib\calculations\recoveryOutcomeCalculations.js,recoveryOutcomeCalculations.js,lib,63,message,plain,object_key,warning_id,recovery-outcome-legacy,"source, message: message || warning_message_from_key(warning_key), };"
lib\calculations\recoveryOutcomeCalculations.js,recoveryOutcomeCalculations.js,lib,23,messages,plain,declaration,warning_id,recovery-outcome-legacy,function warning_message_from_key(key) { const messages = { model_not_trusted:
lib\calculations\recoveryOutcomeCalculations.js,recoveryOutcomeCalculations.js,lib,430,missing_activity_driver,snake_case,snake_case_reference,warning_id,recovery-outcome-legacy,"if (to_number(recovery_summary.activity_driver_value) <= 0) { warnings.push(make_warning(""missing_activity_driver"", ""Business Outcome"")); }"
lib\calculations\recoveryOutcomeCalculations.js,recoveryOutcomeCalculations.js,lib,416,missing_recovery_plan_split,snake_case,snake_case_reference,warning_id,recovery-outcome-legacy,"if (!recovery_summary.recovery_plan_split) { warnings.push(make_warning(""missing_recovery_plan_split"", ""Business Outcome"")); }"
lib\calculations\recoveryOutcomeCalculations.js,recoveryOutcomeCalculations.js,lib,411,missing_recovery_plan_target,snake_case,snake_case_reference,warning_id,recovery-outcome-legacy,"warnings.push( make_warning(""missing_recovery_plan_target"", ""Business Outcome"") );"
lib\calculations\recoveryOutcomeCalculations.js,recoveryOutcomeCalculations.js,lib,42,negative_recovery_gap,snake_case,object_key,warning_id,recovery-outcome-legacy,"""Net position is negative."", negative_recovery_gap: ""Current margin per driver is below required recovery per driver."","
lib\calculations\recoveryOutcomeCalculations.js,recoveryOutcomeCalculations.js,lib,438,negative_recovery_gap,snake_case,warning_id,warning_id,recovery-outcome-legacy,"if (to_number(recovery_summary.recovery_gap_per_driver) < 0) { warnings.push(make_warning(""negative_recovery_gap"", ""Business Outcome"")); }"
lib\calculations\recoveryOutcomeCalculations.js,recoveryOutcomeCalculations.js,lib,100,normalise_warning,snake_case,warning_id,warning_id,recovery-outcome-legacy,"...as_array(recovery_summary.recovery_summary_warnings).map((warning) => normalise_warning(warning, ""Recovery Summary"") ),"
lib\calculations\recoveryOutcomeCalculations.js,recoveryOutcomeCalculations.js,lib,103,normalise_warning,snake_case,warning_id,warning_id,recovery-outcome-legacy,"...as_array(recovery_summary.warnings).map((warning) => normalise_warning(warning, ""Recovery Summary"") ),"
lib\calculations\recoveryOutcomeCalculations.js,recoveryOutcomeCalculations.js,lib,106,normalise_warning,snake_case,warning_id,warning_id,recovery-outcome-legacy,"...as_array(cost_allocation.allocation_warnings).map((warning) => normalise_warning(warning, ""Cost Allocation"") ),"
lib\calculations\recoveryOutcomeCalculations.js,recoveryOutcomeCalculations.js,lib,109,normalise_warning,snake_case,warning_id,warning_id,recovery-outcome-legacy,"...as_array(cost_allocation.duplicate_link_warnings).map((warning) => normalise_warning(warning, ""Cost Allocation"") ),"
lib\calculations\recoveryOutcomeCalculations.js,recoveryOutcomeCalculations.js,lib,112,normalise_warning,snake_case,warning_id,warning_id,recovery-outcome-legacy,"...as_array(cost_allocation.orphan_warnings).map((warning) => normalise_warning(warning, ""Cost Allocation"") ),"
lib\calculations\recoveryOutcomeCalculations.js,recoveryOutcomeCalculations.js,lib,115,normalise_warning,snake_case,warning_id,warning_id,recovery-outcome-legacy,"...as_array(cost_allocation.group_validation_warnings).map((warning) => normalise_warning(warning, ""Cost Allocation"") ),"
lib\calculations\recoveryOutcomeCalculations.js,recoveryOutcomeCalculations.js,lib,67,normalise_warning,snake_case,warning_id,warning_id,recovery-outcome-legacy,"function normalise_warning(item, fallback_source = ""Upstream"") { if (!item) return null;"
components\recovery-outcome\RecoveryOutcomeMainCard.jsx,RecoveryOutcomeMainCard.jsx,components,63,outcome_context,snake_case,snake_case_reference,warning_id,recovery-outcome-legacy,"allocation_context = {}, outcome_context = {}, warnings = [],"
lib\calculations\recoveryOutcomeCalculations.js,recoveryOutcomeCalculations.js,lib,476,primary_constraint,snake_case,snake_case_reference,warning_id,recovery-outcome-legacy,"decision_warnings: base_warnings, primary_constraint_key: primary_constraint.key, recovery_summary,"
lib\calculations\recoveryOutcomeCalculations.js,recoveryOutcomeCalculations.js,lib,399,primary_constraint_key,snake_case,snake_case_reference,warning_id,recovery-outcome-legacy,"decision_warnings, primary_constraint_key, recovery_summary = {},"
lib\calculations\recoveryOutcomeCalculations.js,recoveryOutcomeCalculations.js,lib,405,primary_constraint_key,snake_case,snake_case_reference,warning_id,recovery-outcome-legacy,"if (primary_constraint_key !== ""healthy"") { warnings.unshift(make_warning(primary_constraint_key, ""Business Outcome""));"
lib\calculations\recoveryOutcomeCalculations.js,recoveryOutcomeCalculations.js,lib,406,primary_constraint_key,snake_case,snake_case_reference,warning_id,recovery-outcome-legacy,"if (primary_constraint_key !== ""healthy"") { warnings.unshift(make_warning(primary_constraint_key, ""Business Outcome"")); }"
lib\calculations\recoveryOutcomeCalculations.js,recoveryOutcomeCalculations.js,lib,476,primary_constraint_key,snake_case,object_key,warning_id,recovery-outcome-legacy,"decision_warnings: base_warnings, primary_constraint_key: primary_constraint.key, recovery_summary,"
components\recovery-outcome\RecoveryOutcomeAnalysisCard.jsx,RecoveryOutcomeAnalysisCard.jsx,components,38,recovery_gap,snake_case,warning_id,warning_id,recovery-outcome-legacy,"required_recovery_rate_display, recovery_gap, recovery_gap_display,"
components\recovery-outcome\RecoveryOutcomeAnalysisCard.jsx,RecoveryOutcomeAnalysisCard.jsx,components,55,recovery_gap,snake_case,warning_id,warning_id,recovery-outcome-legacy,"const recoveryGapTone = Number(recovery_gap || 0) >= 0 ? ""success"" : ""danger"";"
components\recovery-outcome\RecoveryOutcomeAnalysisCard.jsx,RecoveryOutcomeAnalysisCard.jsx,components,195,recovery_gap_display,snake_case,warning_id,warning_id,recovery-outcome-legacy,"label=""Recovery Gap"" value={recovery_gap_display} tone={recoveryGapTone}"
components\recovery-outcome\RecoveryOutcomeAnalysisCard.jsx,RecoveryOutcomeAnalysisCard.jsx,components,39,recovery_gap_display,snake_case,warning_id,warning_id,recovery-outcome-legacy,"recovery_gap, recovery_gap_display,"
lib\calculations\recoveryOutcomeCalculations.js,recoveryOutcomeCalculations.js,lib,345,recovery_gap_negative,snake_case,warning_id,warning_id,recovery-outcome-legacy,"status: ""at_risk"", key: ""recovery_gap_negative"", title: ""Recovery gap is negative"","
components\recovery-outcome\RecoveryOutcomeMainCard.jsx,RecoveryOutcomeMainCard.jsx,components,157,recovery_gap_per_driver,snake_case,warning_id,warning_id,recovery-outcome-legacy,"label=""Recovery Gap Per Driver"" value={format_currency(recovery_context.recovery_gap_per_driver)} />"
lib\calculations\recoveryOutcomeCalculations.js,recoveryOutcomeCalculations.js,lib,202,recovery_gap_per_driver,snake_case,declaration,warning_id,recovery-outcome-legacy,const net_position = to_number(recovery_summary.net_position); const recovery_gap_per_driver = to_number( recovery_summary.recovery_gap_per_driver
lib\calculations\recoveryOutcomeCalculations.js,recoveryOutcomeCalculations.js,lib,203,recovery_gap_per_driver,snake_case,warning_id,warning_id,recovery-outcome-legacy,const recovery_gap_per_driver = to_number( recovery_summary.recovery_gap_per_driver );
lib\calculations\recoveryOutcomeCalculations.js,recoveryOutcomeCalculations.js,lib,342,recovery_gap_per_driver,snake_case,warning_id,warning_id,recovery-outcome-legacy,if (is_material_negative(recovery_gap_per_driver)) { return {
lib\calculations\recoveryOutcomeCalculations.js,recoveryOutcomeCalculations.js,lib,437,recovery_gap_per_driver,snake_case,warning_id,warning_id,recovery-outcome-legacy,"if (to_number(recovery_summary.recovery_gap_per_driver) < 0) { warnings.push(make_warning(""negative_recovery_gap"", ""Business Outcome""));"
lib\calculations\recoveryOutcomeCalculations.js,recoveryOutcomeCalculations.js,lib,523,recovery_gap_per_driver,snake_case,object_key,warning_id,recovery-outcome-legacy,"), recovery_gap_per_driver: round_currency( recovery_summary.recovery_gap_per_driver"
lib\calculations\recoveryOutcomeCalculations.js,recoveryOutcomeCalculations.js,lib,524,recovery_gap_per_driver,snake_case,warning_id,warning_id,recovery-outcome-legacy,"recovery_gap_per_driver: round_currency( recovery_summary.recovery_gap_per_driver ),"
lib\selectors\recoveryOutcomeSelectors.js,recoveryOutcomeSelectors.js,lib,62,recovery_gap_per_driver,snake_case,object_key,warning_id,recovery-outcome-legacy,"current_margin_per_driver: outputs.current_margin_per_driver, recovery_gap_per_driver: outputs.recovery_gap_per_driver, labour_share_percent: outputs.labour_share_percent,"
lib\calculations\recoveryOutcomeCalculations.js,recoveryOutcomeCalculations.js,lib,415,recovery_plan_split,snake_case,snake_case_reference,warning_id,recovery-outcome-legacy,"if (!recovery_summary.recovery_plan_split) { warnings.push(make_warning(""missing_recovery_plan_split"", ""Business Outcome""));"
lib\calculations\recoveryOutcomeCalculations.js,recoveryOutcomeCalculations.js,lib,409,recovery_plan_target_per_driver,snake_case,snake_case_reference,warning_id,recovery-outcome-legacy,if (!recovery_summary.recovery_plan_target_per_driver) { warnings.push(
components\recovery-outcome\RecoveryOutcomeAnalysisCard.jsx,RecoveryOutcomeAnalysisCard.jsx,components,33,revenue_gap,snake_case,warning_id,warning_id,recovery-outcome-legacy,"required_revenue_display, revenue_gap, revenue_gap_display,"
components\recovery-outcome\RecoveryOutcomeAnalysisCard.jsx,RecoveryOutcomeAnalysisCard.jsx,components,52,revenue_gap,snake_case,warning_id,warning_id,recovery-outcome-legacy,"const revenueGapTone = Number(revenue_gap || 0) >= 0 ? ""success"" : ""danger"";"
components\recovery-outcome\RecoveryOutcomeAnalysisCard.jsx,RecoveryOutcomeAnalysisCard.jsx,components,169,revenue_gap_display,snake_case,warning_id,warning_id,recovery-outcome-legacy,"label=""Revenue Gap"" value={revenue_gap_display} tone={revenueGapTone}"
components\recovery-outcome\RecoveryOutcomeAnalysisCard.jsx,RecoveryOutcomeAnalysisCard.jsx,components,34,revenue_gap_display,snake_case,warning_id,warning_id,recovery-outcome-legacy,"revenue_gap, revenue_gap_display,"
lib\calculations\recoveryOutcomeCalculations.js,recoveryOutcomeCalculations.js,lib,236,share_model_invalid,snake_case,warning_id,warning_id,recovery-outcome-legacy,"status: ""not_viable"", key: ""share_model_invalid"", title: ""Recovery split is invalid"","
lib\calculations\recoveryOutcomeCalculations.js,recoveryOutcomeCalculations.js,lib,247,share_model_invalid,snake_case,warning_id,warning_id,recovery-outcome-legacy,"status: ""not_viable"", key: ""share_model_invalid"", title: ""Component recovery is missing"","
components\recovery-outcome\RecoveryOutcomeMainCard.jsx,RecoveryOutcomeMainCard.jsx,components,45,source,plain,declaration,warning_id,recovery-outcome-legacy,"const source = typeof warning === ""string"""
lib\calculations\recoveryOutcomeCalculations.js,recoveryOutcomeCalculations.js,lib,85,source,plain,object_key,warning_id,recovery-outcome-legacy,"warning_key, source: item.source || item.module || fallback_source, message:"
lib\selectors\recoveryOutcomeSelectors.js,recoveryOutcomeSelectors.js,lib,81,structure_valid,snake_case,object_key,warning_id,recovery-outcome-legacy,"allocation_warnings: outputs.allocation_warnings, structure_valid: outputs.structure_valid, staff_coverage_percent: outputs.staff_coverage_percent,"
lib\calculations\recoveryOutcomeCalculations.js,recoveryOutcomeCalculations.js,lib,429,to_number,snake_case,snake_case_reference,warning_id,recovery-outcome-legacy,"if (to_number(recovery_summary.activity_driver_value) <= 0) { warnings.push(make_warning(""missing_activity_driver"", ""Business Outcome""));"
lib\calculations\recoveryOutcomeCalculations.js,recoveryOutcomeCalculations.js,lib,433,to_number,snake_case,snake_case_reference,warning_id,recovery-outcome-legacy,"if (to_number(recovery_summary.net_position) < 0) { warnings.push(make_warning(""negative_net_position"", ""Business Outcome""));"
lib\calculations\recoveryOutcomeCalculations.js,recoveryOutcomeCalculations.js,lib,437,to_number,snake_case,snake_case_reference,warning_id,recovery-outcome-legacy,"if (to_number(recovery_summary.recovery_gap_per_driver) < 0) { warnings.push(make_warning(""negative_recovery_gap"", ""Business Outcome""));"
components\recovery-outcome\RecoveryOutcomeStatusStrip.jsx,RecoveryOutcomeStatusStrip.jsx,components,17,warning_count,snake_case,snake_case_reference,warning_id,recovery-outcome-legacy,"dependency_level = ""unknown"", warning_count = 0, }) {"
components\recovery-outcome\RecoveryOutcomeStatusStrip.jsx,RecoveryOutcomeStatusStrip.jsx,components,56,warning_count,snake_case,snake_case_reference,warning_id,recovery-outcome-legacy,"<Pill label={`Warnings: ${warning_count}`} tone={warning_count > 0 ? ""bad"" : ""good""}"
components\recovery-outcome\RecoveryOutcomeStatusStrip.jsx,RecoveryOutcomeStatusStrip.jsx,components,57,warning_count,snake_case,snake_case_reference,warning_id,recovery-outcome-legacy,"label={`Warnings: ${warning_count}`} tone={warning_count > 0 ? ""bad"" : ""good""} />"
lib\selectors\recoveryOutcomeSelectors.js,recoveryOutcomeSelectors.js,lib,25,warning_count,snake_case,object_key,warning_id,recovery-outcome-legacy,"dependency_level: outputs.dependency_level ?? ""unknown"", warning_count: Array.isArray(outputs.decision_warnings) ? outputs.decision_warnings.length"
components\recovery-outcome\RecoveryOutcomeMainCard.jsx,RecoveryOutcomeMainCard.jsx,components,299,warning_key,snake_case,snake_case_reference,warning_id,recovery-outcome-legacy,"warnings.map((warning, index) => ( <WarningRow key={`${warning?.warning_key || ""warning""}-${index}`} warning={warning} /> ))"
components\recovery-outcome\RecoveryOutcomeMainCard.jsx,RecoveryOutcomeMainCard.jsx,components,43,warning_key,snake_case,snake_case_reference,warning_id,recovery-outcome-legacy,"? warning : warning?.message || warning?.warning_key || ""Warning"";"
lib\calculations\recoveryOutcomeCalculations.js,recoveryOutcomeCalculations.js,lib,59,warning_key,snake_case,snake_case_reference,warning_id,recovery-outcome-legacy,"function make_warning(warning_key, source = ""Business Outcome"", message) { return {"
lib\calculations\recoveryOutcomeCalculations.js,recoveryOutcomeCalculations.js,lib,61,warning_key,snake_case,snake_case_reference,warning_id,recovery-outcome-legacy,"return { warning_key, source,"
lib\calculations\recoveryOutcomeCalculations.js,recoveryOutcomeCalculations.js,lib,63,warning_key,snake_case,snake_case_reference,warning_id,recovery-outcome-legacy,"source, message: message || warning_message_from_key(warning_key), };"
lib\calculations\recoveryOutcomeCalculations.js,recoveryOutcomeCalculations.js,lib,75,warning_key,snake_case,declaration,warning_id,recovery-outcome-legacy,if (is_object(item)) { const warning_key = item.warning_key ||
lib\calculations\recoveryOutcomeCalculations.js,recoveryOutcomeCalculations.js,lib,76,warning_key,snake_case,snake_case_reference,warning_id,recovery-outcome-legacy,const warning_key = item.warning_key || item.key ||
lib\calculations\recoveryOutcomeCalculations.js,recoveryOutcomeCalculations.js,lib,84,warning_key,snake_case,snake_case_reference,warning_id,recovery-outcome-legacy,"return { warning_key, source: item.source || item.module || fallback_source,"
lib\calculations\recoveryOutcomeCalculations.js,recoveryOutcomeCalculations.js,lib,90,warning_key,snake_case,snake_case_reference,warning_id,recovery-outcome-legacy,"item.label || warning_message_from_key(warning_key), };"
lib\calculations\recoveryOutcomeCalculations.js,recoveryOutcomeCalculations.js,lib,22,warning_message_from_key,snake_case,snake_case_reference,warning_id,recovery-outcome-legacy,function warning_message_from_key(key) { const messages = {
lib\calculations\recoveryOutcomeCalculations.js,recoveryOutcomeCalculations.js,lib,63,warning_message_from_key,snake_case,snake_case_reference,warning_id,recovery-outcome-legacy,"source, message: message || warning_message_from_key(warning_key), };"
lib\calculations\recoveryOutcomeCalculations.js,recoveryOutcomeCalculations.js,lib,90,warning_message_from_key,snake_case,snake_case_reference,warning_id,recovery-outcome-legacy,"item.label || warning_message_from_key(warning_key), };"
lib\recovery\recoveryRiskWarningSystem.js,recoveryRiskWarningSystem.js,lib,2,BLOCKING,PascalCase,object_key,warning_id,recovery-summary,"const WARNING_SEVERITY = { BLOCKING: ""blocking"", REVIEW: ""review"","
lib\recovery\recoveryRiskWarningSystem.js,recoveryRiskWarningSystem.js,lib,13,DRIVER,PascalCase,object_key,warning_id,recovery-summary,"SHARE_TOTAL: 50, DRIVER: 60, INFO: 90,"
lib\recovery\recoveryRiskWarningSystem.js,recoveryRiskWarningSystem.js,lib,9,GROSS_PROFIT,constant,object_key,warning_id,recovery-summary,"SOURCE_TRUST: 10, GROSS_PROFIT: 20, RECOVERY_RATE: 30,"
lib\recovery\recoveryRiskWarningSystem.js,recoveryRiskWarningSystem.js,lib,14,INFO,PascalCase,object_key,warning_id,recovery-summary,"DRIVER: 60, INFO: 90, };"
lib\recovery\recoveryRiskWarningSystem.js,recoveryRiskWarningSystem.js,lib,4,INFO,PascalCase,object_key,warning_id,recovery-summary,"REVIEW: ""review"", INFO: ""info"", };"
components\recovery-summary\main-card\recoverySummaryWarningHelpers.js,recoverySummaryWarningHelpers.js,components,1,MODEL_CONFIDENCE_WARNING_IDS,constant,declaration,warning_id,recovery-summary,"const MODEL_CONFIDENCE_WARNING_IDS = new Set([ ""business_summary_not_trusted"","
lib\recovery\recoveryRiskWarningSystem.js,recoveryRiskWarningSystem.js,lib,10,RECOVERY_RATE,constant,object_key,warning_id,recovery-summary,"GROSS_PROFIT: 20, RECOVERY_RATE: 30, RECOVERY_STREAM: 40,"
lib\recovery\recoveryRiskWarningSystem.js,recoveryRiskWarningSystem.js,lib,11,RECOVERY_STREAM,constant,object_key,warning_id,recovery-summary,"RECOVERY_RATE: 30, RECOVERY_STREAM: 40, SHARE_TOTAL: 50,"
lib\recovery\recoveryRiskWarningSystem.js,recoveryRiskWarningSystem.js,lib,3,REVIEW,PascalCase,object_key,warning_id,recovery-summary,"BLOCKING: ""blocking"", REVIEW: ""review"", INFO: ""info"","
lib\recovery\recoveryRiskWarningSystem.js,recoveryRiskWarningSystem.js,lib,12,SHARE_TOTAL,constant,object_key,warning_id,recovery-summary,"RECOVERY_STREAM: 40, SHARE_TOTAL: 50, DRIVER: 60,"
lib\recovery\recoveryRiskWarningSystem.js,recoveryRiskWarningSystem.js,lib,8,SOURCE_TRUST,constant,object_key,warning_id,recovery-summary,"const WARNING_PRIORITY = { SOURCE_TRUST: 10, GROSS_PROFIT: 20,"
lib\recovery\recoveryRiskWarningSystem.js,recoveryRiskWarningSystem.js,lib,7,WARNING_PRIORITY,constant,declaration,warning_id,recovery-summary,"const WARNING_PRIORITY = { SOURCE_TRUST: 10,"
lib\recovery\recoveryRiskWarningSystem.js,recoveryRiskWarningSystem.js,lib,1,WARNING_SEVERITY,constant,declaration,warning_id,recovery-summary,"const WARNING_SEVERITY = { BLOCKING: ""blocking"","
components\recovery-summary\RecoverySummaryNoteDrilldown.jsx,RecoverySummaryNoteDrilldown.jsx,components,138,active_failure_id,snake_case,snake_case_reference,warning_id,recovery-summary,"failure_rows.find( (warning, index) => get_warning_id(warning, index) === active_failure_id ) || failure_rows[0];"
components\recovery-summary\RecoverySummaryNoteDrilldown.jsx,RecoverySummaryNoteDrilldown.jsx,components,183,active_failure_id,snake_case,snake_case_reference,warning_id,recovery-summary,"className={`recovery-summary-interactive recovery-summary-note-button ${ active_failure_id === warning_id ? ""is-active"" : """" }`}"
components\recovery-summary\RecoverySummaryNoteDrilldown.jsx,RecoverySummaryNoteDrilldown.jsx,components,132,active_warning_key,snake_case,array_destructured_name,warning_id,recovery-summary,"const [active_warning_key, set_active_warning_key] = useState( warning_items[0]?.warning_key ?? null"
components\recovery-summary\RecoverySummaryNoteDrilldown.jsx,RecoverySummaryNoteDrilldown.jsx,components,143,active_warning_key,snake_case,warning_id,warning_id,recovery-summary,warning_items.find( (warning) => warning.warning_key === active_warning_key ) || warning_items[0];
components\recovery-summary\RecoverySummaryNoteDrilldown.jsx,RecoverySummaryNoteDrilldown.jsx,components,311,active_warning_key,snake_case,warning_id,warning_id,recovery-summary,"className={`recovery-summary-interactive recovery-summary-note-button ${ active_warning_key === warning.warning_key ? ""is-active"""
components\recovery-summary\main-card\recoverySummaryWarningHelpers.js,recoverySummaryWarningHelpers.js,components,110,activity_driver_label,snake_case,snake_case_reference,warning_id,recovery-summary,"activity_driver_type, activity_driver_label ) {"
components\recovery-summary\main-card\recoverySummaryWarningHelpers.js,recoverySummaryWarningHelpers.js,components,112,activity_driver_label,snake_case,snake_case_reference,warning_id,recovery-summary,) { if (activity_driver_label) { return activity_driver_label;
components\recovery-summary\main-card\recoverySummaryWarningHelpers.js,recoverySummaryWarningHelpers.js,components,113,activity_driver_label,snake_case,snake_case_reference,warning_id,recovery-summary,if (activity_driver_label) { return activity_driver_label; }
components\recovery-summary\main-card\recoverySummaryWarningHelpers.js,recoverySummaryWarningHelpers.js,components,109,activity_driver_type,snake_case,snake_case_reference,warning_id,recovery-summary,"export function get_recovery_driver_label( activity_driver_type, activity_driver_label"
components\recovery-summary\main-card\recoverySummaryWarningHelpers.js,recoverySummaryWarningHelpers.js,components,116,activity_driver_type,snake_case,snake_case_reference,warning_id,recovery-summary,"return activity_driver_type === ""units"" ? ""Units sold"""
lib\calculations\recoverySummaryCalculations.js,recoverySummaryCalculations.js,lib,768,activity_driver_value,snake_case,snake_case_reference,warning_id,recovery-summary,"if (activity_driver_value <= 0) { warnings.push(""no_activity_driver"");"
components\recovery-summary\recoverySummaryWarningDetails.js,recoverySummaryWarningDetails.js,components,109,actual_maths,snake_case,object_key,warning_id,recovery-summary,"calculation_title: ""Business Summary readiness"", actual_maths: [], formula: ""Business Summary Ready = true"","
components\recovery-summary\recoverySummaryWarningDetails.js,recoverySummaryWarningDetails.js,components,120,actual_maths,snake_case,object_key,warning_id,recovery-summary,"calculation_title: ""Model readiness rule"", actual_maths: [], formula: ""Model Readiness = ready or warning"","
components\recovery-summary\recoverySummaryWarningDetails.js,recoverySummaryWarningDetails.js,components,131,actual_maths,snake_case,object_key,warning_id,recovery-summary,"calculation_title: ""Recovery driver rule"", actual_maths: [], formula: ""Total Cost Burden ÷ Activity Driver = Required Recovery"","
components\recovery-summary\recoverySummaryWarningDetails.js,recoverySummaryWarningDetails.js,components,142,actual_maths,snake_case,object_key,warning_id,recovery-summary,"calculation_title: ""Required recovery rule"", actual_maths: [], formula: ""Required Recovery = Total Cost Burden ÷ Activity Driver"","
components\recovery-summary\recoverySummaryWarningDetails.js,recoverySummaryWarningDetails.js,components,153,actual_maths,snake_case,object_key,warning_id,recovery-summary,"calculation_title: ""Recovery hours rule"", actual_maths: [], formula: ""Required Recovery Per Hour = Total Cost Burden ÷ Recovery Hours"","
components\recovery-summary\recoverySummaryWarningDetails.js,recoverySummaryWarningDetails.js,components,164,actual_maths,snake_case,object_key,warning_id,recovery-summary,"calculation_title: ""Units sold rule"", actual_maths: [], formula: ""Required Recovery Per Unit = Total Cost Burden ÷ Units Sold"","
components\recovery-summary\recoverySummaryWarningDetails.js,recoverySummaryWarningDetails.js,components,175,actual_maths,snake_case,object_key,warning_id,recovery-summary,"calculation_title: ""Asset recovery rule"", actual_maths: [], formula: ""Asset Recovery Cost = Total Cost Burden × Asset Share"","
components\recovery-summary\recoverySummaryWarningDetails.js,recoverySummaryWarningDetails.js,components,186,actual_maths,snake_case,object_key,warning_id,recovery-summary,"calculation_title: ""Labour recovery rule"", actual_maths: [], formula: ""Labour Recovery Rate = Labour Recovery Cost ÷ Recovery Hours"","
components\recovery-summary\recoverySummaryWarningDetails.js,recoverySummaryWarningDetails.js,components,199,actual_maths,snake_case,object_key,warning_id,recovery-summary,"calculation_title: ""Recovery note"", actual_maths: [], formula: ""No formula available."","
components\recovery-summary\recoverySummaryWarningDetails.js,recoverySummaryWarningDetails.js,components,23,actual_maths,snake_case,object_key,warning_id,recovery-summary,"calculation_title: ""Carry-forward position"", actual_maths: [ {"
components\recovery-summary\recoverySummaryWarningDetails.js,recoverySummaryWarningDetails.js,components,48,actual_maths,snake_case,object_key,warning_id,recovery-summary,"calculation_title: ""Carry-forward recovery pressure"", actual_maths: [ {"
components\recovery-summary\recoverySummaryWarningDetails.js,recoverySummaryWarningDetails.js,components,73,actual_maths,snake_case,object_key,warning_id,recovery-summary,"calculation_title: ""Carry-forward margin position"", actual_maths: [ {"
components\recovery-summary\recoverySummaryWarningDetails.js,recoverySummaryWarningDetails.js,components,98,actual_maths,snake_case,object_key,warning_id,recovery-summary,"calculation_title: ""Recovery split rule"", actual_maths: [], formula: ""Labour Share + Asset Share + Absorbed Overhead Share = 100%"","
components\recovery-summary\main-card\RecoveryOutcomeDetail.jsx,RecoveryOutcomeDetail.jsx,components,101,annual_gap,snake_case,warning_id,warning_id,recovery-summary,"<p className=""ui-help""> {annual_gap >= 0 ? ""Margin pool and recovery rate are currently above the required recovery burden."""
components\recovery-summary\main-card\RecoveryOutcomeDetail.jsx,RecoveryOutcomeDetail.jsx,components,116,annual_gap,snake_case,declaration,warning_id,recovery-summary,"}) { const annual_gap = get_annual_recovery_gap({ margin_pool,"
components\recovery-summary\main-card\RecoveryOutcomeDetail.jsx,RecoveryOutcomeDetail.jsx,components,162,annual_gap,snake_case,warning_id,warning_id,recovery-summary,"<div className=""labour-summary-table-value""> {format_currency(annual_gap)} </div>"
components\recovery-summary\main-card\RecoveryOutcomeDetail.jsx,RecoveryOutcomeDetail.jsx,components,65,annual_gap,snake_case,declaration,warning_id,recovery-summary,"}) { const annual_gap = get_annual_recovery_gap({ margin_pool,"
lib\selectors\recoverySummarySelectors.js,recoverySummarySelectors.js,lib,302,blocked,plain,status_value,warning_id,recovery-summary,"has_blocking_driver || has_blocking_warning ? ""blocked"" : calculated.model_trust_state !== ""ready"" &&"
hooks\useRecoverySummary.js,useRecoverySummary.js,hooks,232,blocking_recovery_warning_count,snake_case,object_key,warning_id,recovery-summary,"has_review_recovery_warning: card.has_review_recovery_warning, blocking_recovery_warning_count: card.blocking_recovery_warning_count, review_recovery_warning_count: card.review_recovery_warning_count,"
lib\recovery\recoveryRiskWarningSystem.js,recoveryRiskWarningSystem.js,lib,605,blocking_recovery_warning_count,snake_case,object_key,warning_id,recovery-summary,"has_review_recovery_warning: hierarchy.has_review_warning, blocking_recovery_warning_count: hierarchy.blocking_warning_count, review_recovery_warning_count: hierarchy.review_warning_count,"
lib\selectors\recoverySummarySelectors.js,recoverySummarySelectors.js,lib,700,blocking_recovery_warning_count,snake_case,object_key,warning_id,recovery-summary,"blocking_recovery_warning_count: recovery_warning_system.blocking_recovery_warning_count ?? 0,"
lib\selectors\recoverySummarySelectors.js,recoverySummarySelectors.js,lib,701,blocking_recovery_warning_count,snake_case,warning_id,warning_id,recovery-summary,"blocking_recovery_warning_count: recovery_warning_system.blocking_recovery_warning_count ?? 0,"
lib\recovery\recoveryRiskWarningSystem.js,recoveryRiskWarningSystem.js,lib,111,blocking_share_warning_count,snake_case,warning_id,warning_id,recovery-summary,"share_warning_count: rows.length, blocking_share_warning_count, review_share_warning_count,"
lib\recovery\recoveryRiskWarningSystem.js,recoveryRiskWarningSystem.js,lib,114,blocking_share_warning_count,snake_case,warning_id,warning_id,recovery-summary,"info_share_warning_count, has_blocking_share_warnings: blocking_share_warning_count > 0, has_review_share_warnings: review_share_warning_count > 0,"
lib\recovery\recoveryRiskWarningSystem.js,recoveryRiskWarningSystem.js,lib,97,blocking_share_warning_count,snake_case,declaration,warning_id,recovery-summary,const blocking_share_warning_count = rows.filter( (warning) => warning.severity === WARNING_SEVERITY.BLOCKING
lib\recovery\recoveryRiskWarningSystem.js,recoveryRiskWarningSystem.js,lib,175,blocking_warning_count,snake_case,object_key,warning_id,recovery-summary,"has_review_warning: review_warnings.length > 0, blocking_warning_count: blocking_warnings.length, review_warning_count: review_warnings.length,"
lib\recovery\recoveryRiskWarningSystem.js,recoveryRiskWarningSystem.js,lib,605,blocking_warning_count,snake_case,warning_id,warning_id,recovery-summary,"has_review_recovery_warning: hierarchy.has_review_warning, blocking_recovery_warning_count: hierarchy.blocking_warning_count, review_recovery_warning_count: hierarchy.review_warning_count,"
lib\selectors\recoverySummarySelectors.js,recoverySummarySelectors.js,lib,266,blocking_warning_keys,snake_case,declaration,warning_id,recovery-summary,"const blocking_warning_keys = new Set([ ""business_summary_not_ready"","
lib\selectors\recoverySummarySelectors.js,recoverySummarySelectors.js,lib,294,blocking_warning_keys,snake_case,warning_id,warning_id,recovery-summary,const has_blocking_warning = warning_items.some((warning) => blocking_warning_keys.has(warning.warning_key) );
lib\recovery\recoveryRiskWarningSystem.js,recoveryRiskWarningSystem.js,lib,387,build_recovery_share_warning_system,snake_case,warning_id,warning_id,recovery-summary,"export function build_recovery_share_warning_system({ module = ""cost_allocation"","
lib\recovery\recoveryRiskWarningSystem.js,recoveryRiskWarningSystem.js,lib,421,build_recovery_summary_warning_system,snake_case,warning_id,warning_id,recovery-summary,"export function build_recovery_summary_warning_system({ business_summary_trusted = true,"
lib\selectors\recoverySummarySelectors.js,recoverySummarySelectors.js,lib,1,build_recovery_summary_warning_system,snake_case,warning_id,warning_id,recovery-summary,"import { build_recovery_summary_warning_system } from ""@/lib/recovery/recoveryRiskWarningSystem"";"
lib\selectors\recoverySummarySelectors.js,recoverySummarySelectors.js,lib,455,build_recovery_summary_warning_system,snake_case,warning_id,warning_id,recovery-summary,"const recovery_warning_system = build_recovery_summary_warning_system({ business_summary_trusted: is_business_summary_trusted(calculated),"
lib\recovery\recoveryRiskWarningSystem.js,recoveryRiskWarningSystem.js,lib,207,build_recovery_warning,snake_case,warning_id,warning_id,recovery-summary,"warnings.push( build_recovery_warning({ warning_id: ""recovery_share_below_100"","
lib\recovery\recoveryRiskWarningSystem.js,recoveryRiskWarningSystem.js,lib,238,build_recovery_warning,snake_case,warning_id,warning_id,recovery-summary,"warnings.push( build_recovery_warning({ warning_id: ""recovery_share_above_100"","
lib\recovery\recoveryRiskWarningSystem.js,recoveryRiskWarningSystem.js,lib,268,build_recovery_warning,snake_case,warning_id,warning_id,recovery-summary,"warnings.push( build_recovery_warning({ warning_id: ""recovery_share_balanced"","
lib\recovery\recoveryRiskWarningSystem.js,recoveryRiskWarningSystem.js,lib,315,build_recovery_warning,snake_case,warning_id,warning_id,recovery-summary,"warnings.push( build_recovery_warning({ warning_id: `${cost_stream}_cost_without_share`,"
lib\recovery\recoveryRiskWarningSystem.js,recoveryRiskWarningSystem.js,lib,338,build_recovery_warning,snake_case,warning_id,warning_id,recovery-summary,"warnings.push( build_recovery_warning({ warning_id: `${cost_stream}_share_without_driver`,"
lib\recovery\recoveryRiskWarningSystem.js,recoveryRiskWarningSystem.js,lib,360,build_recovery_warning,snake_case,warning_id,warning_id,recovery-summary,"warnings.push( build_recovery_warning({ warning_id: `${cost_stream}_share_with_zero_driver_quantity`,"
lib\recovery\recoveryRiskWarningSystem.js,recoveryRiskWarningSystem.js,lib,446,build_recovery_warning,snake_case,warning_id,warning_id,recovery-summary,"warnings.push( build_recovery_warning({ warning_id: ""business_summary_not_trusted"","
lib\recovery\recoveryRiskWarningSystem.js,recoveryRiskWarningSystem.js,lib,474,build_recovery_warning,snake_case,warning_id,warning_id,recovery-summary,"warnings.push( build_recovery_warning({ warning_id: ""margin_pool_below_cost_burden"","
lib\recovery\recoveryRiskWarningSystem.js,recoveryRiskWarningSystem.js,lib,49,build_recovery_warning,snake_case,warning_id,warning_id,recovery-summary,"export function build_recovery_warning({ warning_id,"
lib\recovery\recoveryRiskWarningSystem.js,recoveryRiskWarningSystem.js,lib,509,build_recovery_warning,snake_case,warning_id,warning_id,recovery-summary,"warnings.push( build_recovery_warning({ warning_id: ""required_recovery_rate_not_met"","
lib\recovery\recoveryRiskWarningSystem.js,recoveryRiskWarningSystem.js,lib,541,build_recovery_warning,snake_case,warning_id,warning_id,recovery-summary,"warnings.push( build_recovery_warning({ warning_id: ""recovery_stream_cross_subsidy_risk"","
lib\recovery\recoveryRiskWarningSystem.js,recoveryRiskWarningSystem.js,lib,574,build_recovery_warning,snake_case,warning_id,warning_id,recovery-summary,"warnings.push( build_recovery_warning({ warning_id: ""recovery_strategy_can_be_carried_forward"","
lib\recovery\recoveryRiskWarningSystem.js,recoveryRiskWarningSystem.js,lib,144,build_recovery_warning_hierarchy,snake_case,warning_id,warning_id,recovery-summary,export function build_recovery_warning_hierarchy(warnings = []) { const sorted_warnings = sort_recovery_warnings_by_priority(warnings);
lib\recovery\recoveryRiskWarningSystem.js,recoveryRiskWarningSystem.js,lib,417,build_recovery_warning_hierarchy,snake_case,warning_id,warning_id,recovery-summary,"...build_share_warning_summary(warning_rows), ...build_recovery_warning_hierarchy(warning_rows), };"
lib\recovery\recoveryRiskWarningSystem.js,recoveryRiskWarningSystem.js,lib,595,build_recovery_warning_hierarchy,snake_case,warning_id,warning_id,recovery-summary,const hierarchy = build_recovery_warning_hierarchy(warnings);
lib\recovery\recoveryRiskWarningSystem.js,recoveryRiskWarningSystem.js,lib,416,build_share_warning_summary,snake_case,warning_id,warning_id,recovery-summary,"share_total_result.over_allocated_share_percent, ...build_share_warning_summary(warning_rows), ...build_recovery_warning_hierarchy(warning_rows),"
lib\recovery\recoveryRiskWarningSystem.js,recoveryRiskWarningSystem.js,lib,94,build_share_warning_summary,snake_case,warning_id,warning_id,recovery-summary,export function build_share_warning_summary(warnings = []) { const rows = Array.isArray(warnings) ? warnings : [];
components\recovery-summary\main-card\recoverySummaryWarningHelpers.js,recoverySummaryWarningHelpers.js,components,102,business_type,snake_case,snake_case_reference,warning_id,recovery-summary,"export function get_business_type_label(business_type) { return business_type === ""product_based"""
components\recovery-summary\main-card\recoverySummaryWarningHelpers.js,recoverySummaryWarningHelpers.js,components,103,business_type,snake_case,snake_case_reference,warning_id,recovery-summary,"export function get_business_type_label(business_type) { return business_type === ""product_based"" ? ""Product / unit-based business"""
lib\calculations\recoverySummaryCalculations.js,recoverySummaryCalculations.js,lib,748,business_type,snake_case,snake_case_reference,warning_id,recovery-summary,"if (!business_type) { warnings.push(""missing_business_type"");"
lib\calculations\recoverySummaryCalculations.js,recoverySummaryCalculations.js,lib,772,business_type,snake_case,snake_case_reference,warning_id,recovery-summary,"if (business_type === ""labour_based"" && recovery_hours_used <= 0) { warnings.push(""no_productive_output"");"
lib\calculations\recoverySummaryCalculations.js,recoverySummaryCalculations.js,lib,788,business_type,snake_case,snake_case_reference,warning_id,recovery-summary,"if (business_type === ""product_based"" && total_units <= 0) { warnings.push(""no_units_sold"");"
components\recovery-summary\recoverySummaryWarningDetails.js,recoverySummaryWarningDetails.js,components,108,calculation_title,snake_case,object_key,warning_id,recovery-summary,"""Review Business Summary first. Recovery Summary depends on the Business Summary result."", calculation_title: ""Business Summary readiness"", actual_maths: [],"
components\recovery-summary\recoverySummaryWarningDetails.js,recoverySummaryWarningDetails.js,components,119,calculation_title,snake_case,object_key,warning_id,recovery-summary,"""Review Model Readiness and the upstream setup pages before using this result."", calculation_title: ""Model readiness rule"", actual_maths: [],"
components\recovery-summary\recoverySummaryWarningDetails.js,recoverySummaryWarningDetails.js,components,130,calculation_title,snake_case,object_key,warning_id,recovery-summary,"""Review Business Setup and Business Summary. Labour-driven models need recovery hours. Product-driven models need units sold."", calculation_title: ""Recovery driver rule"", actual_maths: [],"
components\recovery-summary\recoverySummaryWarningDetails.js,recoverySummaryWarningDetails.js,components,141,calculation_title,snake_case,object_key,warning_id,recovery-summary,"""Review Business Summary. Recovery Summary needs a required recovery value before it can carry the strategy forward."", calculation_title: ""Required recovery rule"", actual_maths: [],"
components\recovery-summary\recoverySummaryWarningDetails.js,recoverySummaryWarningDetails.js,components,152,calculation_title,snake_case,object_key,warning_id,recovery-summary,"""Review Labour and Cost Summary. Recovery Summary needs a recovery-hour base before Cost Allocation can test the strategy."", calculation_title: ""Recovery hours rule"", actual_maths: [],"
components\recovery-summary\recoverySummaryWarningDetails.js,recoverySummaryWarningDetails.js,components,163,calculation_title,snake_case,object_key,warning_id,recovery-summary,"""Review Revenue / COGS and Business Summary in product-driven mode."", calculation_title: ""Units sold rule"", actual_maths: [],"
components\recovery-summary\recoverySummaryWarningDetails.js,recoverySummaryWarningDetails.js,components,174,calculation_title,snake_case,object_key,warning_id,recovery-summary,"""Review Assets before carrying an asset-supported recovery strategy into Cost Allocation."", calculation_title: ""Asset recovery rule"", actual_maths: [],"
components\recovery-summary\recoverySummaryWarningDetails.js,recoverySummaryWarningDetails.js,components,185,calculation_title,snake_case,object_key,warning_id,recovery-summary,"""Review Labour and Cost Summary before carrying a labour-led recovery strategy into Cost Allocation."", calculation_title: ""Labour recovery rule"", actual_maths: [],"
components\recovery-summary\recoverySummaryWarningDetails.js,recoverySummaryWarningDetails.js,components,198,calculation_title,snake_case,object_key,warning_id,recovery-summary,"""Review Business Summary for source values, then use Recovery Summary to carry the strategy forward."", calculation_title: ""Recovery note"", actual_maths: [],"
components\recovery-summary\recoverySummaryWarningDetails.js,recoverySummaryWarningDetails.js,components,22,calculation_title,snake_case,object_key,warning_id,recovery-summary,"""Use Business Summary Macro Position to audit revenue, direct costs, people cost, asset cost, and business overheads."", calculation_title: ""Carry-forward position"", actual_maths: ["
components\recovery-summary\recoverySummaryWarningDetails.js,recoverySummaryWarningDetails.js,components,47,calculation_title,snake_case,object_key,warning_id,recovery-summary,"""Use Business Summary to audit the current margin, required recovery, and recovery gap. Recovery Summary carries this pressure forward."", calculation_title: ""Carry-forward recovery pressure"", actual_maths: ["
components\recovery-summary\recoverySummaryWarningDetails.js,recoverySummaryWarningDetails.js,components,72,calculation_title,snake_case,object_key,warning_id,recovery-summary,"""Use Business Summary Macro Position to audit revenue, direct costs, and margin pool source values."", calculation_title: ""Carry-forward margin position"", actual_maths: ["
components\recovery-summary\recoverySummaryWarningDetails.js,recoverySummaryWarningDetails.js,components,97,calculation_title,snake_case,object_key,warning_id,recovery-summary,"""Review the Recovery Summary recovery split inputs before carrying this strategy forward."", calculation_title: ""Recovery split rule"", actual_maths: [],"
components\recovery-summary\RecoverySummaryNoteDrilldown.jsx,RecoverySummaryNoteDrilldown.jsx,components,46,carry_forward_message,snake_case,snake_case_reference,warning_id,recovery-summary,"function get_warning_carry_forward(warning) { return warning?.carry_forward_message || """"; }"
components\recovery-summary\main-card\RecoveryOutcomeDetail.jsx,RecoveryOutcomeDetail.jsx,components,25,carry_forward_message,snake_case,snake_case_reference,warning_id,recovery-summary,"primary_recovery_warning?.cascade_effect || primary_recovery_warning?.carry_forward_message || """""
lib\recovery\recoveryRiskWarningSystem.js,recoveryRiskWarningSystem.js,lib,224,carry_forward_message,snake_case,object_key,warning_id,recovery-summary,"""Required recovery rates may be understated because not all costs are allocated."", carry_forward_message: ""Cost Allocation cannot be trusted until recovery shares total 100%."","
lib\recovery\recoveryRiskWarningSystem.js,recoveryRiskWarningSystem.js,lib,254,carry_forward_message,snake_case,object_key,warning_id,recovery-summary,"""Required recovery rates may be overstated because costs are being over-allocated."", carry_forward_message: ""Cost Allocation cannot be trusted until recovery shares total 100%."","
lib\recovery\recoveryRiskWarningSystem.js,recoveryRiskWarningSystem.js,lib,464,carry_forward_message,snake_case,object_key,warning_id,recovery-summary,"""Margin pool, cost burden, and required recovery rate should be treated as provisional."", carry_forward_message: ""Do not rely on Cost Allocation until Business Summary is trusted."","
lib\recovery\recoveryRiskWarningSystem.js,recoveryRiskWarningSystem.js,lib,494,carry_forward_message,snake_case,object_key,warning_id,recovery-summary,"""The required recovery rate increases because the margin pool cannot carry the current structure."", carry_forward_message: ""Cost Allocation receives a recovery pressure gap from Recovery Summary."","
lib\recovery\recoveryRiskWarningSystem.js,recoveryRiskWarningSystem.js,lib,526,carry_forward_message,snake_case,object_key,warning_id,recovery-summary,"""The recovery shortfall will continue unless pricing, productivity, or cost structure changes."", carry_forward_message: ""Cost Allocation must test whether the operating structure can support this required recovery level."","
lib\recovery\recoveryRiskWarningSystem.js,recoveryRiskWarningSystem.js,lib,559,carry_forward_message,snake_case,object_key,warning_id,recovery-summary,"""Material margin may be masking labour or asset under-recovery."", carry_forward_message: ""Business Outcome should later test actual recovery by stream."","
lib\recovery\recoveryRiskWarningSystem.js,recoveryRiskWarningSystem.js,lib,587,carry_forward_message,snake_case,object_key,warning_id,recovery-summary,"""Continue to Cost Allocation to test whether the operating structure can deliver this recovery model."", carry_forward_message: ""Cost Allocation can test the operating structure against this recovery strategy."","
lib\recovery\recoveryRiskWarningSystem.js,recoveryRiskWarningSystem.js,lib,63,carry_forward_message,snake_case,snake_case_reference,warning_id,recovery-summary,"cascade_effect, carry_forward_message, audit_location,"
lib\recovery\recoveryRiskWarningSystem.js,recoveryRiskWarningSystem.js,lib,87,carry_forward_message,snake_case,object_key,warning_id,recovery-summary,"cascade_effect: cascade_effect || """", carry_forward_message: carry_forward_message || """", audit_location: audit_location || """","
components\recovery-summary\RecoverySummaryNoteDrilldown.jsx,RecoverySummaryNoteDrilldown.jsx,components,42,cascade_effect,snake_case,snake_case_reference,warning_id,recovery-summary,"function get_warning_cascade(warning) { return warning?.cascade_effect || """"; }"
components\recovery-summary\main-card\RecoveryOutcomeDetail.jsx,RecoveryOutcomeDetail.jsx,components,24,cascade_effect,snake_case,snake_case_reference,warning_id,recovery-summary,return ( primary_recovery_warning?.cascade_effect || primary_recovery_warning?.carry_forward_message ||
lib\recovery\recoveryRiskWarningSystem.js,recoveryRiskWarningSystem.js,lib,222,cascade_effect,snake_case,object_key,warning_id,recovery-summary,"effect: ""The recovery model is incomplete."", cascade_effect: ""Required recovery rates may be understated because not all costs are allocated."","
lib\recovery\recoveryRiskWarningSystem.js,recoveryRiskWarningSystem.js,lib,252,cascade_effect,snake_case,object_key,warning_id,recovery-summary,"effect: ""The recovery model is overstating the recovery burden."", cascade_effect: ""Required recovery rates may be overstated because costs are being over-allocated."","
lib\recovery\recoveryRiskWarningSystem.js,recoveryRiskWarningSystem.js,lib,462,cascade_effect,snake_case,object_key,warning_id,recovery-summary,"effect: ""Recovery calculations may be based on incomplete or unstable inputs."", cascade_effect: ""Margin pool, cost burden, and required recovery rate should be treated as provisional."","
lib\recovery\recoveryRiskWarningSystem.js,recoveryRiskWarningSystem.js,lib,492,cascade_effect,snake_case,object_key,warning_id,recovery-summary,"""The business is structurally under-recovered before allocation is tested."", cascade_effect: ""The required recovery rate increases because the margin pool cannot carry the current structure."","
lib\recovery\recoveryRiskWarningSystem.js,recoveryRiskWarningSystem.js,lib,524,cascade_effect,snake_case,object_key,warning_id,recovery-summary,"effect: ""Each recoverable hour is priced below the required recovery level."", cascade_effect: ""The recovery shortfall will continue unless pricing, productivity, or cost structure changes."","
lib\recovery\recoveryRiskWarningSystem.js,recoveryRiskWarningSystem.js,lib,557,cascade_effect,snake_case,object_key,warning_id,recovery-summary,"effect: ""The business may be hiding under-recovery inside another stream."", cascade_effect: ""Material margin may be masking labour or asset under-recovery."","
lib\recovery\recoveryRiskWarningSystem.js,recoveryRiskWarningSystem.js,lib,62,cascade_effect,snake_case,snake_case_reference,warning_id,recovery-summary,"effect, cascade_effect, carry_forward_message,"
lib\recovery\recoveryRiskWarningSystem.js,recoveryRiskWarningSystem.js,lib,86,cascade_effect,snake_case,object_key,warning_id,recovery-summary,"effect: effect || """", cascade_effect: cascade_effect || """", carry_forward_message: carry_forward_message || """","
lib\recovery\recoveryRiskWarningSystem.js,recoveryRiskWarningSystem.js,lib,220,cause,plain,object_key,warning_id,recovery-summary,"""Allocate the remaining recovery share before trusting the recovery model."", cause: ""Recovery share total is below 100%."", effect: ""The recovery model is incomplete."","
lib\recovery\recoveryRiskWarningSystem.js,recoveryRiskWarningSystem.js,lib,250,cause,plain,object_key,warning_id,recovery-summary,"review_action: ""Reduce recovery shares so the total equals 100%."", cause: ""Recovery share total is above 100%."", effect: ""The recovery model is overstating the recovery burden."","
lib\recovery\recoveryRiskWarningSystem.js,recoveryRiskWarningSystem.js,lib,328,cause,plain,object_key,warning_id,recovery-summary,"""Assign a recovery share or confirm this cost stream is intentionally excluded."", cause: ""Cost exists without a recovery share."", effect: ""The recovery burden may be understated."","
lib\recovery\recoveryRiskWarningSystem.js,recoveryRiskWarningSystem.js,lib,350,cause,plain,object_key,warning_id,recovery-summary,"review_action: ""Enable a recovery driver or remove this recovery share."", cause: ""Recovery share exists but driver is disabled."", effect: ""The recovery rate cannot be trusted."","
lib\recovery\recoveryRiskWarningSystem.js,recoveryRiskWarningSystem.js,lib,373,cause,plain,object_key,warning_id,recovery-summary,"""Enter a valid recovery driver quantity before relying on this recovery rate."", cause: ""Recovery share exists but driver quantity is zero."", effect: ""The required recovery rate cannot be calculated reliably."","
lib\recovery\recoveryRiskWarningSystem.js,recoveryRiskWarningSystem.js,lib,460,cause,plain,object_key,warning_id,recovery-summary,"""Review Business Summary before relying on the Recovery Summary result."", cause: ""The upstream commercial model is not trusted."", effect: ""Recovery calculations may be based on incomplete or unstable inputs."","
lib\recovery\recoveryRiskWarningSystem.js,recoveryRiskWarningSystem.js,lib,489,cause,plain,object_key,warning_id,recovery-summary,"""Review labour recovery, asset recovery, material margin, and overhead burden."", cause: ""Gross profit pool is smaller than the total cost burden."", effect:"
lib\recovery\recoveryRiskWarningSystem.js,recoveryRiskWarningSystem.js,lib,522,cause,plain,object_key,warning_id,recovery-summary,"""Review pricing, recoverable capacity, productive hours, and recovery assumptions."", cause: ""Current recovery rate is below required recovery rate."", effect: ""Each recoverable hour is priced below the required recovery level."","
lib\recovery\recoveryRiskWarningSystem.js,recoveryRiskWarningSystem.js,lib,555,cause,plain,object_key,warning_id,recovery-summary,"""Review labour recovery, asset recovery, and material margin separately."", cause: ""One or more recovery streams are not clean."", effect: ""The business may be hiding under-recovery inside another stream."","
lib\recovery\recoveryRiskWarningSystem.js,recoveryRiskWarningSystem.js,lib,84,cause,plain,object_key,warning_id,recovery-summary,"cause: cause || """", effect: effect || """","
lib\recovery\recoveryRiskWarningSystem.js,recoveryRiskWarningSystem.js,lib,298,check_recovery_driver_rows,snake_case,snake_case_reference,warning_id,recovery-summary,"export function check_recovery_driver_rows({ module = ""cost_allocation"","
lib\recovery\recoveryRiskWarningSystem.js,recoveryRiskWarningSystem.js,lib,399,check_recovery_driver_rows,snake_case,snake_case_reference,warning_id,recovery-summary,"const driver_result = check_recovery_driver_rows({ module,"
lib\recovery\recoveryRiskWarningSystem.js,recoveryRiskWarningSystem.js,lib,182,check_recovery_share_total,snake_case,snake_case_reference,warning_id,recovery-summary,"export function check_recovery_share_total({ module = ""cost_allocation"","
lib\recovery\recoveryRiskWarningSystem.js,recoveryRiskWarningSystem.js,lib,393,check_recovery_share_total,snake_case,snake_case_reference,warning_id,recovery-summary,"}) { const share_total_result = check_recovery_share_total({ module,"
components\recovery-summary\main-card\recoverySummaryWarningHelpers.js,recoverySummaryWarningHelpers.js,components,44,commercial_failures,snake_case,declaration,warning_id,recovery-summary,const commercial_failures = get_commercial_failure_path( recovery_failure_path
components\recovery-summary\main-card\recoverySummaryWarningHelpers.js,recoverySummaryWarningHelpers.js,components,48,commercial_failures,snake_case,snake_case_reference,warning_id,recovery-summary,return commercial_failures[0] || null; }
components\recovery-outcome\RecoveryOutcomeMainCard.jsx,RecoveryOutcomeMainCard.jsx,components,70,component_required_recovery,snake_case,warning_id,warning_id,recovery-summary,const component_recovery = recovery_context.component_required_recovery ?? {};
hooks\useRecoverySummary.js,useRecoverySummary.js,hooks,111,component_required_recovery,snake_case,object_key,warning_id,recovery-summary,"recovery_plan_split: calculated.recovery_plan_split, component_required_recovery: calculated.component_required_recovery,"
lib\calculations\recoveryOutcomeCalculations.js,recoveryOutcomeCalculations.js,lib,153,component_required_recovery,snake_case,warning_id,warning_id,recovery-summary,function has_component_required_recovery(component_required_recovery) { return (
lib\calculations\recoveryOutcomeCalculations.js,recoveryOutcomeCalculations.js,lib,155,component_required_recovery,snake_case,warning_id,warning_id,recovery-summary,return ( is_object(component_required_recovery) && is_object(component_required_recovery.labour) &&
lib\calculations\recoveryOutcomeCalculations.js,recoveryOutcomeCalculations.js,lib,156,component_required_recovery,snake_case,warning_id,warning_id,recovery-summary,is_object(component_required_recovery) && is_object(component_required_recovery.labour) && is_object(component_required_recovery.asset) &&
lib\calculations\recoveryOutcomeCalculations.js,recoveryOutcomeCalculations.js,lib,157,component_required_recovery,snake_case,warning_id,warning_id,recovery-summary,is_object(component_required_recovery.labour) && is_object(component_required_recovery.asset) && is_object(component_required_recovery.overhead)
lib\calculations\recoveryOutcomeCalculations.js,recoveryOutcomeCalculations.js,lib,158,component_required_recovery,snake_case,warning_id,warning_id,recovery-summary,is_object(component_required_recovery.asset) && is_object(component_required_recovery.overhead) );
lib\calculations\recoveryOutcomeCalculations.js,recoveryOutcomeCalculations.js,lib,168,component_required_recovery,snake_case,warning_id,warning_id,recovery-summary,const asset_recovery_cost = recovery_summary.component_required_recovery?.asset?.recovery_cost ?? recovery_summary.asset_recovery_cost;
lib\calculations\recoveryOutcomeCalculations.js,recoveryOutcomeCalculations.js,lib,195,component_required_recovery,snake_case,declaration,warning_id,recovery-summary,const recovery_plan_split = recovery_summary.recovery_plan_split; const component_required_recovery = recovery_summary.component_required_recovery;
lib\calculations\recoveryOutcomeCalculations.js,recoveryOutcomeCalculations.js,lib,196,component_required_recovery,snake_case,warning_id,warning_id,recovery-summary,const component_required_recovery = recovery_summary.component_required_recovery;
lib\calculations\recoveryOutcomeCalculations.js,recoveryOutcomeCalculations.js,lib,244,component_required_recovery,snake_case,warning_id,warning_id,recovery-summary,if (!has_component_required_recovery(component_required_recovery)) { return {
lib\calculations\recoveryOutcomeCalculations.js,recoveryOutcomeCalculations.js,lib,419,component_required_recovery,snake_case,warning_id,warning_id,recovery-summary,if (!recovery_summary.component_required_recovery) { warnings.push(
lib\calculations\recoveryOutcomeCalculations.js,recoveryOutcomeCalculations.js,lib,509,component_required_recovery,snake_case,object_key,warning_id,recovery-summary,"recovery_plan_split: recovery_summary.recovery_plan_split ?? {}, component_required_recovery: recovery_summary.component_required_recovery ?? {},"
lib\calculations\recoveryOutcomeCalculations.js,recoveryOutcomeCalculations.js,lib,510,component_required_recovery,snake_case,warning_id,warning_id,recovery-summary,"component_required_recovery: recovery_summary.component_required_recovery ?? {},"
lib\calculations\recoverySummaryCalculations.js,recoverySummaryCalculations.js,lib,712,component_required_recovery,snake_case,declaration,warning_id,recovery-summary,const component_required_recovery = { labour: {
lib\calculations\recoverySummaryCalculations.js,recoverySummaryCalculations.js,lib,848,component_required_recovery,snake_case,warning_id,warning_id,recovery-summary,"recovery_plan_split, component_required_recovery,"
lib\selectors\recoveryOutcomeSelectors.js,recoveryOutcomeSelectors.js,lib,55,component_required_recovery,snake_case,object_key,warning_id,recovery-summary,"recovery_plan_split: outputs.recovery_plan_split, component_required_recovery: outputs.component_required_recovery, business_type: outputs.business_type,"
lib\selectors\recoverySummarySelectors.js,recoverySummarySelectors.js,lib,616,component_required_recovery,snake_case,object_key,warning_id,recovery-summary,"recovery_plan_split: calculated.recovery_plan_split, component_required_recovery: calculated.component_required_recovery,"
lib\recovery\recoveryRiskWarningSystem.js,recoveryRiskWarningSystem.js,lib,227,context,plain,object_key,warning_id,recovery-summary,"audit_location: ""Cost Allocation recovery share setup"", context: { recovery_share_total_percent,"
lib\recovery\recoveryRiskWarningSystem.js,recoveryRiskWarningSystem.js,lib,257,context,plain,object_key,warning_id,recovery-summary,"audit_location: ""Cost Allocation recovery share setup"", context: { recovery_share_total_percent,"
lib\recovery\recoveryRiskWarningSystem.js,recoveryRiskWarningSystem.js,lib,281,context,plain,object_key,warning_id,recovery-summary,"""No share total action required. Review individual drivers before relying on the model."", context: { recovery_share_total_percent,"
lib\recovery\recoveryRiskWarningSystem.js,recoveryRiskWarningSystem.js,lib,331,context,plain,object_key,warning_id,recovery-summary,"audit_location: ""Cost Allocation recovery driver setup"", context: row, })"
lib\recovery\recoveryRiskWarningSystem.js,recoveryRiskWarningSystem.js,lib,353,context,plain,object_key,warning_id,recovery-summary,"audit_location: ""Cost Allocation recovery driver setup"", context: row, })"
lib\recovery\recoveryRiskWarningSystem.js,recoveryRiskWarningSystem.js,lib,376,context,plain,object_key,warning_id,recovery-summary,"audit_location: ""Cost Allocation recovery driver setup"", context: row, })"
lib\recovery\recoveryRiskWarningSystem.js,recoveryRiskWarningSystem.js,lib,497,context,plain,object_key,warning_id,recovery-summary,"audit_location: ""Recovery Summary margin pool test"", context: { ...context,"
lib\recovery\recoveryRiskWarningSystem.js,recoveryRiskWarningSystem.js,lib,529,context,plain,object_key,warning_id,recovery-summary,"audit_location: ""Recovery Summary recovery rate test"", context: { ...context,"
lib\recovery\recoveryRiskWarningSystem.js,recoveryRiskWarningSystem.js,lib,562,context,plain,object_key,warning_id,recovery-summary,"audit_location: ""Recovery Summary recovery stream tests"", context: { ...context,"
lib\recovery\recoveryRiskWarningSystem.js,recoveryRiskWarningSystem.js,lib,212,cost_stream,snake_case,object_key,warning_id,recovery-summary,"module, cost_stream: ""all"", driver: ""share_percent"","
lib\recovery\recoveryRiskWarningSystem.js,recoveryRiskWarningSystem.js,lib,243,cost_stream,snake_case,object_key,warning_id,recovery-summary,"module, cost_stream: ""all"", driver: ""share_percent"","
lib\recovery\recoveryRiskWarningSystem.js,recoveryRiskWarningSystem.js,lib,273,cost_stream,snake_case,object_key,warning_id,recovery-summary,"module, cost_stream: ""all"", driver: ""share_percent"","
lib\recovery\recoveryRiskWarningSystem.js,recoveryRiskWarningSystem.js,lib,306,cost_stream,snake_case,declaration,warning_id,recovery-summary,"rows.forEach((row) => { const cost_stream = row.cost_stream || ""general""; const driver = row.driver || row.driver_name || ""unknown"";"
lib\recovery\recoveryRiskWarningSystem.js,recoveryRiskWarningSystem.js,lib,316,cost_stream,snake_case,snake_case_reference,warning_id,recovery-summary,"build_recovery_warning({ warning_id: `${cost_stream}_cost_without_share`, severity: WARNING_SEVERITY.REVIEW,"
lib\recovery\recoveryRiskWarningSystem.js,recoveryRiskWarningSystem.js,lib,320,cost_stream,snake_case,snake_case_reference,warning_id,recovery-summary,"module, cost_stream, driver,"
lib\recovery\recoveryRiskWarningSystem.js,recoveryRiskWarningSystem.js,lib,322,cost_stream,snake_case,snake_case_reference,warning_id,recovery-summary,"driver, headline: `${cost_stream} has cost but no recovery share`, message: `${cost_stream} has cost assigned but no recovery share.`,"
lib\recovery\recoveryRiskWarningSystem.js,recoveryRiskWarningSystem.js,lib,323,cost_stream,snake_case,snake_case_reference,warning_id,recovery-summary,"headline: `${cost_stream} has cost but no recovery share`, message: `${cost_stream} has cost assigned but no recovery share.`, plain_english:"
lib\recovery\recoveryRiskWarningSystem.js,recoveryRiskWarningSystem.js,lib,339,cost_stream,snake_case,snake_case_reference,warning_id,recovery-summary,"build_recovery_warning({ warning_id: `${cost_stream}_share_without_driver`, severity: WARNING_SEVERITY.BLOCKING,"
lib\recovery\recoveryRiskWarningSystem.js,recoveryRiskWarningSystem.js,lib,343,cost_stream,snake_case,snake_case_reference,warning_id,recovery-summary,"module, cost_stream, driver,"
lib\recovery\recoveryRiskWarningSystem.js,recoveryRiskWarningSystem.js,lib,345,cost_stream,snake_case,snake_case_reference,warning_id,recovery-summary,"driver, headline: `${cost_stream} has share but no active driver`, message: `${cost_stream} has a recovery share but the recovery driver is disabled.`,"
lib\recovery\recoveryRiskWarningSystem.js,recoveryRiskWarningSystem.js,lib,346,cost_stream,snake_case,snake_case_reference,warning_id,recovery-summary,"headline: `${cost_stream} has share but no active driver`, message: `${cost_stream} has a recovery share but the recovery driver is disabled.`, plain_english:"
lib\recovery\recoveryRiskWarningSystem.js,recoveryRiskWarningSystem.js,lib,361,cost_stream,snake_case,snake_case_reference,warning_id,recovery-summary,"build_recovery_warning({ warning_id: `${cost_stream}_share_with_zero_driver_quantity`, severity: WARNING_SEVERITY.BLOCKING,"
lib\recovery\recoveryRiskWarningSystem.js,recoveryRiskWarningSystem.js,lib,365,cost_stream,snake_case,snake_case_reference,warning_id,recovery-summary,"module, cost_stream, driver,"
lib\recovery\recoveryRiskWarningSystem.js,recoveryRiskWarningSystem.js,lib,367,cost_stream,snake_case,snake_case_reference,warning_id,recovery-summary,"driver, headline: `${cost_stream} has zero driver quantity`, message: `${cost_stream} has a recovery share but the selected driver quantity is zero.`,"
lib\recovery\recoveryRiskWarningSystem.js,recoveryRiskWarningSystem.js,lib,368,cost_stream,snake_case,snake_case_reference,warning_id,recovery-summary,"headline: `${cost_stream} has zero driver quantity`, message: `${cost_stream} has a recovery share but the selected driver quantity is zero.`, plain_english:"
lib\recovery\recoveryRiskWarningSystem.js,recoveryRiskWarningSystem.js,lib,451,cost_stream,snake_case,object_key,warning_id,recovery-summary,"module: ""recovery_summary"", cost_stream: ""all"", driver: ""business_summary"","
lib\recovery\recoveryRiskWarningSystem.js,recoveryRiskWarningSystem.js,lib,479,cost_stream,snake_case,object_key,warning_id,recovery-summary,"module: ""recovery_summary"", cost_stream: ""all"", driver: ""gross_profit"","
lib\recovery\recoveryRiskWarningSystem.js,recoveryRiskWarningSystem.js,lib,514,cost_stream,snake_case,object_key,warning_id,recovery-summary,"module: ""recovery_summary"", cost_stream: ""all"", driver: ""recovery_rate"","
lib\recovery\recoveryRiskWarningSystem.js,recoveryRiskWarningSystem.js,lib,54,cost_stream,snake_case,snake_case_reference,warning_id,recovery-summary,"module = ""recovery"", cost_stream = ""general"", driver = ""unknown"","
lib\recovery\recoveryRiskWarningSystem.js,recoveryRiskWarningSystem.js,lib,546,cost_stream,snake_case,object_key,warning_id,recovery-summary,"module: ""recovery_summary"", cost_stream: ""all"", driver: ""recovery_streams"","
lib\recovery\recoveryRiskWarningSystem.js,recoveryRiskWarningSystem.js,lib,579,cost_stream,snake_case,object_key,warning_id,recovery-summary,"module: ""recovery_summary"", cost_stream: ""all"", driver: ""recovery_strategy"","
lib\recovery\recoveryRiskWarningSystem.js,recoveryRiskWarningSystem.js,lib,74,cost_stream,snake_case,snake_case_reference,warning_id,recovery-summary,"module, cost_stream, driver,"
lib\recovery\recoveryRiskWarningSystem.js,recoveryRiskWarningSystem.js,lib,309,cost_value,snake_case,declaration,warning_id,recovery-summary,const share_percent = to_number(row.share_percent); const cost_value = to_number(row.cost_value); const driver_quantity = to_number(row.driver_quantity);
lib\recovery\recoveryRiskWarningSystem.js,recoveryRiskWarningSystem.js,lib,313,cost_value,snake_case,snake_case_reference,warning_id,recovery-summary,if (cost_value > 0 && share_percent <= 0) { warnings.push(
components\recovery-summary\recoverySummaryWarningDetails.js,recoverySummaryWarningDetails.js,components,51,current_margin_per_driver,snake_case,snake_case_reference,warning_id,recovery-summary,"label: ""Current Margin"", value: format_currency(current_margin_per_driver), },"
components\recovery-summary\recoverySummaryWarningDetails.js,recoverySummaryWarningDetails.js,components,8,current_margin_per_driver,snake_case,snake_case_reference,warning_id,recovery-summary,"net_position, current_margin_per_driver, required_recovery_per_driver,"
lib\recovery\recoveryRiskWarningSystem.js,recoveryRiskWarningSystem.js,lib,425,current_recovery_rate,snake_case,snake_case_reference,warning_id,recovery-summary,"total_cost_burden = 0, current_recovery_rate = 0, required_recovery_rate = 0,"
lib\recovery\recoveryRiskWarningSystem.js,recoveryRiskWarningSystem.js,lib,438,current_recovery_rate,snake_case,snake_case_reference,warning_id,recovery-summary,const safe_current_recovery_rate = round_currency(current_recovery_rate); const safe_required_recovery_rate = round_currency(required_recovery_rate);
lib\recovery\recoveryRiskWarningSystem.js,recoveryRiskWarningSystem.js,lib,531,current_recovery_rate,snake_case,object_key,warning_id,recovery-summary,"...context, current_recovery_rate: safe_current_recovery_rate, required_recovery_rate: safe_required_recovery_rate,"
components\recovery-summary\recoverySummaryWarningDetails.js,recoverySummaryWarningDetails.js,components,15,detail_map,snake_case,declaration,warning_id,recovery-summary,const detail_map = { negative_net_position: {
components\recovery-summary\recoverySummaryWarningDetails.js,recoverySummaryWarningDetails.js,components,192,detail_map,snake_case,snake_case_reference,warning_id,recovery-summary,"return ( detail_map[warning_key] || { title: ""Recovery note"","
lib\recovery\recoveryRiskWarningSystem.js,recoveryRiskWarningSystem.js,lib,213,driver,plain,object_key,warning_id,recovery-summary,"cost_stream: ""all"", driver: ""share_percent"", headline: ""Recovery shares are below 100%"","
lib\recovery\recoveryRiskWarningSystem.js,recoveryRiskWarningSystem.js,lib,244,driver,plain,object_key,warning_id,recovery-summary,"cost_stream: ""all"", driver: ""share_percent"", headline: ""Recovery shares are above 100%"","
lib\recovery\recoveryRiskWarningSystem.js,recoveryRiskWarningSystem.js,lib,274,driver,plain,object_key,warning_id,recovery-summary,"cost_stream: ""all"", driver: ""share_percent"", headline: ""Recovery shares total 100%"","
lib\recovery\recoveryRiskWarningSystem.js,recoveryRiskWarningSystem.js,lib,307,driver,plain,declaration,warning_id,recovery-summary,"const cost_stream = row.cost_stream || ""general""; const driver = row.driver || row.driver_name || ""unknown""; const share_percent = to_number(row.share_percent);"
lib\recovery\recoveryRiskWarningSystem.js,recoveryRiskWarningSystem.js,lib,452,driver,plain,object_key,warning_id,recovery-summary,"cost_stream: ""all"", driver: ""business_summary"", headline: ""Business Summary is not trusted yet"","
lib\recovery\recoveryRiskWarningSystem.js,recoveryRiskWarningSystem.js,lib,480,driver,plain,object_key,warning_id,recovery-summary,"cost_stream: ""all"", driver: ""gross_profit"", headline: ""Gross profit is below total cost burden"","
lib\recovery\recoveryRiskWarningSystem.js,recoveryRiskWarningSystem.js,lib,515,driver,plain,object_key,warning_id,recovery-summary,"cost_stream: ""all"", driver: ""recovery_rate"", headline: ""Required recovery level is not being met"","
lib\recovery\recoveryRiskWarningSystem.js,recoveryRiskWarningSystem.js,lib,547,driver,plain,object_key,warning_id,recovery-summary,"cost_stream: ""all"", driver: ""recovery_streams"", headline: ""Recovery streams need review"","
lib\recovery\recoveryRiskWarningSystem.js,recoveryRiskWarningSystem.js,lib,580,driver,plain,object_key,warning_id,recovery-summary,"cost_stream: ""all"", driver: ""recovery_strategy"", headline: ""Recovery strategy can be carried forward"","
lib\recovery\recoveryRiskWarningSystem.js,recoveryRiskWarningSystem.js,lib,311,driver_enabled,snake_case,declaration,warning_id,recovery-summary,const driver_quantity = to_number(row.driver_quantity); const driver_enabled = row.driver_enabled !== false;
lib\recovery\recoveryRiskWarningSystem.js,recoveryRiskWarningSystem.js,lib,336,driver_enabled,snake_case,snake_case_reference,warning_id,recovery-summary,if (share_percent > 0 && !driver_enabled) { warnings.push(
lib\recovery\recoveryRiskWarningSystem.js,recoveryRiskWarningSystem.js,lib,307,driver_name,snake_case,snake_case_reference,warning_id,recovery-summary,"const cost_stream = row.cost_stream || ""general""; const driver = row.driver || row.driver_name || ""unknown""; const share_percent = to_number(row.share_percent);"
lib\recovery\recoveryRiskWarningSystem.js,recoveryRiskWarningSystem.js,lib,310,driver_quantity,snake_case,declaration,warning_id,recovery-summary,const cost_value = to_number(row.cost_value); const driver_quantity = to_number(row.driver_quantity); const driver_enabled = row.driver_enabled !== false;
lib\recovery\recoveryRiskWarningSystem.js,recoveryRiskWarningSystem.js,lib,358,driver_quantity,snake_case,snake_case_reference,warning_id,recovery-summary,if (share_percent > 0 && driver_quantity <= 0) { warnings.push(
lib\recovery\recoveryRiskWarningSystem.js,recoveryRiskWarningSystem.js,lib,399,driver_result,snake_case,declaration,warning_id,recovery-summary,"const driver_result = check_recovery_driver_rows({ module,"
lib\recovery\recoveryRiskWarningSystem.js,recoveryRiskWarningSystem.js,lib,406,driver_result,snake_case,snake_case_reference,warning_id,recovery-summary,"...share_total_result.share_total_warnings, ...driver_result.driver_warning_rows, ];"
lib\recovery\recoveryRiskWarningSystem.js,recoveryRiskWarningSystem.js,lib,300,driver_rows,snake_case,snake_case_reference,warning_id,recovery-summary,"module = ""cost_allocation"", driver_rows = [], }) {"
lib\recovery\recoveryRiskWarningSystem.js,recoveryRiskWarningSystem.js,lib,302,driver_rows,snake_case,object_key,warning_id,recovery-summary,}) { const rows = Array.isArray(driver_rows) ? driver_rows : []; const warnings = [];
lib\recovery\recoveryRiskWarningSystem.js,recoveryRiskWarningSystem.js,lib,390,driver_rows,snake_case,snake_case_reference,warning_id,recovery-summary,"share_rows = [], driver_rows = [], tolerance_percent = 0.01,"
lib\recovery\recoveryRiskWarningSystem.js,recoveryRiskWarningSystem.js,lib,401,driver_rows,snake_case,snake_case_reference,warning_id,recovery-summary,"module, driver_rows, });"
lib\recovery\recoveryRiskWarningSystem.js,recoveryRiskWarningSystem.js,lib,383,driver_warning_rows,snake_case,object_key,warning_id,recovery-summary,"return { driver_warning_rows: warnings, };"
lib\recovery\recoveryRiskWarningSystem.js,recoveryRiskWarningSystem.js,lib,406,driver_warning_rows,snake_case,warning_id,warning_id,recovery-summary,"...share_total_result.share_total_warnings, ...driver_result.driver_warning_rows, ];"
lib\recovery\recoveryRiskWarningSystem.js,recoveryRiskWarningSystem.js,lib,221,effect,plain,object_key,warning_id,recovery-summary,"cause: ""Recovery share total is below 100%."", effect: ""The recovery model is incomplete."", cascade_effect:"
lib\recovery\recoveryRiskWarningSystem.js,recoveryRiskWarningSystem.js,lib,251,effect,plain,object_key,warning_id,recovery-summary,"cause: ""Recovery share total is above 100%."", effect: ""The recovery model is overstating the recovery burden."", cascade_effect:"
lib\recovery\recoveryRiskWarningSystem.js,recoveryRiskWarningSystem.js,lib,329,effect,plain,object_key,warning_id,recovery-summary,"cause: ""Cost exists without a recovery share."", effect: ""The recovery burden may be understated."", audit_location: ""Cost Allocation recovery driver setup"","
lib\recovery\recoveryRiskWarningSystem.js,recoveryRiskWarningSystem.js,lib,351,effect,plain,object_key,warning_id,recovery-summary,"cause: ""Recovery share exists but driver is disabled."", effect: ""The recovery rate cannot be trusted."", audit_location: ""Cost Allocation recovery driver setup"","
lib\recovery\recoveryRiskWarningSystem.js,recoveryRiskWarningSystem.js,lib,374,effect,plain,object_key,warning_id,recovery-summary,"cause: ""Recovery share exists but driver quantity is zero."", effect: ""The required recovery rate cannot be calculated reliably."", audit_location: ""Cost Allocation recovery driver setup"","
lib\recovery\recoveryRiskWarningSystem.js,recoveryRiskWarningSystem.js,lib,461,effect,plain,object_key,warning_id,recovery-summary,"cause: ""The upstream commercial model is not trusted."", effect: ""Recovery calculations may be based on incomplete or unstable inputs."", cascade_effect:"
lib\recovery\recoveryRiskWarningSystem.js,recoveryRiskWarningSystem.js,lib,490,effect,plain,object_key,warning_id,recovery-summary,"cause: ""Gross profit pool is smaller than the total cost burden."", effect: ""The business is structurally under-recovered before allocation is tested."","
lib\recovery\recoveryRiskWarningSystem.js,recoveryRiskWarningSystem.js,lib,523,effect,plain,object_key,warning_id,recovery-summary,"cause: ""Current recovery rate is below required recovery rate."", effect: ""Each recoverable hour is priced below the required recovery level."", cascade_effect:"
lib\recovery\recoveryRiskWarningSystem.js,recoveryRiskWarningSystem.js,lib,556,effect,plain,object_key,warning_id,recovery-summary,"cause: ""One or more recovery streams are not clean."", effect: ""The business may be hiding under-recovery inside another stream."", cascade_effect:"
lib\recovery\recoveryRiskWarningSystem.js,recoveryRiskWarningSystem.js,lib,85,effect,plain,object_key,warning_id,recovery-summary,"cause: cause || """", effect: effect || """", cascade_effect: cascade_effect || """","
components\recovery-summary\RecoverySummaryMainCard.jsx,RecoverySummaryMainCard.jsx,components,273,effective_failure_path,snake_case,snake_case_reference,warning_id,recovery-summary,} warning_count={effective_failure_path.length} warning_items={warning_items}
components\recovery-summary\RecoverySummaryMainCard.jsx,RecoverySummaryMainCard.jsx,components,277,effective_failure_path,snake_case,snake_case_reference,warning_id,recovery-summary,primary_recovery_warning={primary_commercial_warning} recovery_failure_path={effective_failure_path} model_confidence_warnings={model_confidence_warnings}
components\recovery-summary\RecoverySummaryMainCard.jsx,RecoverySummaryMainCard.jsx,components,154,effective_warning_count,snake_case,declaration,warning_id,recovery-summary,const effective_warning_count = recovery_warning_count ?? warning_count ?? recovery_failure_path.length ?? 0;
components\recovery-summary\RecoverySummaryMainCard.jsx,RecoverySummaryMainCard.jsx,components,164,effective_warning_count,snake_case,warning_id,warning_id,recovery-summary,"recovery_ready, warning_count: effective_warning_count, primary_commercial_warning,"
components\recovery-summary\recoverySummaryWarningDetails.js,recoverySummaryWarningDetails.js,components,35,emphasis,plain,object_key,warning_id,recovery-summary,"value: format_currency(net_position), emphasis: true, },"
components\recovery-summary\recoverySummaryWarningDetails.js,recoverySummaryWarningDetails.js,components,60,emphasis,plain,object_key,warning_id,recovery-summary,"value: format_currency(recovery_gap_per_driver), emphasis: true, },"
components\recovery-summary\recoverySummaryWarningDetails.js,recoverySummaryWarningDetails.js,components,85,emphasis,plain,object_key,warning_id,recovery-summary,"value: format_currency(margin_pool), emphasis: true, },"
components\recovery-summary\RecoverySummaryNoteDrilldown.jsx,RecoverySummaryNoteDrilldown.jsx,components,125,failure_rows,snake_case,snake_case_reference,warning_id,recovery-summary,"const initial_failure_id = has_failure_path ? get_warning_id(failure_rows[0], 0) : null;"
components\recovery-summary\RecoverySummaryNoteDrilldown.jsx,RecoverySummaryNoteDrilldown.jsx,components,137,failure_rows,snake_case,snake_case_reference,warning_id,recovery-summary,"const selected_failure = failure_rows.find( (warning, index) => get_warning_id(warning, index) === active_failure_id"
components\recovery-summary\RecoverySummaryNoteDrilldown.jsx,RecoverySummaryNoteDrilldown.jsx,components,139,failure_rows,snake_case,snake_case_reference,warning_id,recovery-summary,"(warning, index) => get_warning_id(warning, index) === active_failure_id ) || failure_rows[0];"
components\recovery-summary\RecoverySummaryNoteDrilldown.jsx,RecoverySummaryNoteDrilldown.jsx,components,171,failure_rows,snake_case,snake_case_reference,warning_id,recovery-summary,"<div className=""ui-stack-sm""> {failure_rows.map((warning, index) => { const warning_id = get_warning_id(warning, index);"
components\recovery-summary\recoverySummaryWarningDetails.js,recoverySummaryWarningDetails.js,components,1,format_currency,snake_case,snake_case_reference,warning_id,recovery-summary,"import { format_currency } from ""@/components/recovery-summary/recoverySummaryFormatters"";"
components\recovery-summary\recoverySummaryWarningDetails.js,recoverySummaryWarningDetails.js,components,26,format_currency,snake_case,snake_case_reference,warning_id,recovery-summary,"label: ""Margin Pool"", value: format_currency(margin_pool), },"
components\recovery-summary\recoverySummaryWarningDetails.js,recoverySummaryWarningDetails.js,components,30,format_currency,snake_case,snake_case_reference,warning_id,recovery-summary,"label: ""Total Cost Burden"", value: format_currency(total_cost_burden), },"
components\recovery-summary\recoverySummaryWarningDetails.js,recoverySummaryWarningDetails.js,components,34,format_currency,snake_case,snake_case_reference,warning_id,recovery-summary,"label: ""Net Position"", value: format_currency(net_position), emphasis: true,"
components\recovery-summary\recoverySummaryWarningDetails.js,recoverySummaryWarningDetails.js,components,51,format_currency,snake_case,snake_case_reference,warning_id,recovery-summary,"label: ""Current Margin"", value: format_currency(current_margin_per_driver), },"
components\recovery-summary\recoverySummaryWarningDetails.js,recoverySummaryWarningDetails.js,components,55,format_currency,snake_case,snake_case_reference,warning_id,recovery-summary,"label: ""Required Recovery"", value: format_currency(required_recovery_per_driver), },"
components\recovery-summary\recoverySummaryWarningDetails.js,recoverySummaryWarningDetails.js,components,59,format_currency,snake_case,snake_case_reference,warning_id,recovery-summary,"label: ""Recovery Gap"", value: format_currency(recovery_gap_per_driver), emphasis: true,"
components\recovery-summary\recoverySummaryWarningDetails.js,recoverySummaryWarningDetails.js,components,76,format_currency,snake_case,snake_case_reference,warning_id,recovery-summary,"label: ""Revenue"", value: format_currency(total_revenue), },"
components\recovery-summary\recoverySummaryWarningDetails.js,recoverySummaryWarningDetails.js,components,80,format_currency,snake_case,snake_case_reference,warning_id,recovery-summary,"label: ""Direct Costs"", value: format_currency(total_direct_costs), },"
components\recovery-summary\recoverySummaryWarningDetails.js,recoverySummaryWarningDetails.js,components,84,format_currency,snake_case,snake_case_reference,warning_id,recovery-summary,"label: ""Margin Pool"", value: format_currency(margin_pool), emphasis: true,"
components\recovery-summary\recoverySummaryWarningDetails.js,recoverySummaryWarningDetails.js,components,110,formula,plain,object_key,warning_id,recovery-summary,"actual_maths: [], formula: ""Business Summary Ready = true"", },"
components\recovery-summary\recoverySummaryWarningDetails.js,recoverySummaryWarningDetails.js,components,121,formula,plain,object_key,warning_id,recovery-summary,"actual_maths: [], formula: ""Model Readiness = ready or warning"", },"
components\recovery-summary\recoverySummaryWarningDetails.js,recoverySummaryWarningDetails.js,components,132,formula,plain,object_key,warning_id,recovery-summary,"actual_maths: [], formula: ""Total Cost Burden ÷ Activity Driver = Required Recovery"", },"
components\recovery-summary\recoverySummaryWarningDetails.js,recoverySummaryWarningDetails.js,components,143,formula,plain,object_key,warning_id,recovery-summary,"actual_maths: [], formula: ""Required Recovery = Total Cost Burden ÷ Activity Driver"", },"
components\recovery-summary\recoverySummaryWarningDetails.js,recoverySummaryWarningDetails.js,components,154,formula,plain,object_key,warning_id,recovery-summary,"actual_maths: [], formula: ""Required Recovery Per Hour = Total Cost Burden ÷ Recovery Hours"", },"
components\recovery-summary\recoverySummaryWarningDetails.js,recoverySummaryWarningDetails.js,components,165,formula,plain,object_key,warning_id,recovery-summary,"actual_maths: [], formula: ""Required Recovery Per Unit = Total Cost Burden ÷ Units Sold"", },"
components\recovery-summary\recoverySummaryWarningDetails.js,recoverySummaryWarningDetails.js,components,176,formula,plain,object_key,warning_id,recovery-summary,"actual_maths: [], formula: ""Asset Recovery Cost = Total Cost Burden × Asset Share"", },"
components\recovery-summary\recoverySummaryWarningDetails.js,recoverySummaryWarningDetails.js,components,187,formula,plain,object_key,warning_id,recovery-summary,"actual_maths: [], formula: ""Labour Recovery Rate = Labour Recovery Cost ÷ Recovery Hours"", },"
components\recovery-summary\recoverySummaryWarningDetails.js,recoverySummaryWarningDetails.js,components,200,formula,plain,object_key,warning_id,recovery-summary,"actual_maths: [], formula: ""No formula available."", }"
components\recovery-summary\recoverySummaryWarningDetails.js,recoverySummaryWarningDetails.js,components,38,formula,plain,object_key,warning_id,recovery-summary,"], formula: ""Margin Pool - Total Cost Burden = Net Position"", },"
components\recovery-summary\recoverySummaryWarningDetails.js,recoverySummaryWarningDetails.js,components,63,formula,plain,object_key,warning_id,recovery-summary,"], formula: ""Current Margin - Required Recovery = Recovery Gap"", },"
components\recovery-summary\recoverySummaryWarningDetails.js,recoverySummaryWarningDetails.js,components,88,formula,plain,object_key,warning_id,recovery-summary,"], formula: ""Revenue - Direct Costs = Margin Pool"", },"
components\recovery-summary\recoverySummaryWarningDetails.js,recoverySummaryWarningDetails.js,components,99,formula,plain,object_key,warning_id,recovery-summary,"actual_maths: [], formula: ""Labour Share + Asset Share + Absorbed Overhead Share = 100%"", },"
components\recovery-summary\main-card\RecoveryOutcomeDetail.jsx,RecoveryOutcomeDetail.jsx,components,116,get_annual_recovery_gap,snake_case,warning_id,warning_id,recovery-summary,"}) { const annual_gap = get_annual_recovery_gap({ margin_pool,"
components\recovery-summary\main-card\RecoveryOutcomeDetail.jsx,RecoveryOutcomeDetail.jsx,components,4,get_annual_recovery_gap,snake_case,warning_id,warning_id,recovery-summary,"} from ""@/components/recovery-summary/recoverySummaryFormatters""; import { get_annual_recovery_gap } from ""@/components/recovery-summary/main-card/recoverySummaryWarningHelpers"";"
components\recovery-summary\main-card\RecoveryOutcomeDetail.jsx,RecoveryOutcomeDetail.jsx,components,65,get_annual_recovery_gap,snake_case,warning_id,warning_id,recovery-summary,"}) { const annual_gap = get_annual_recovery_gap({ margin_pool,"
components\recovery-summary\main-card\recoverySummaryWarningHelpers.js,recoverySummaryWarningHelpers.js,components,121,get_annual_recovery_gap,snake_case,warning_id,warning_id,recovery-summary,"export function get_annual_recovery_gap({ margin_pool, total_cost_burden }) { return Number(margin_pool ?? 0) - Number(total_cost_burden ?? 0);"
components\recovery-summary\main-card\recoverySummaryWarningHelpers.js,recoverySummaryWarningHelpers.js,components,102,get_business_type_label,snake_case,snake_case_reference,warning_id,recovery-summary,"export function get_business_type_label(business_type) { return business_type === ""product_based"""
components\recovery-summary\RecoverySummaryMainCard.jsx,RecoverySummaryMainCard.jsx,components,12,get_commercial_failure_path,snake_case,snake_case_reference,warning_id,recovery-summary,"get_business_type_label, get_commercial_failure_path, get_model_confidence_warnings,"
components\recovery-summary\main-card\recoverySummaryWarningHelpers.js,recoverySummaryWarningHelpers.js,components,13,get_commercial_failure_path,snake_case,snake_case_reference,warning_id,recovery-summary,export function get_commercial_failure_path(recovery_failure_path = []) { const rows = Array.isArray(recovery_failure_path)
components\recovery-summary\main-card\recoverySummaryWarningHelpers.js,recoverySummaryWarningHelpers.js,components,44,get_commercial_failure_path,snake_case,snake_case_reference,warning_id,recovery-summary,const commercial_failures = get_commercial_failure_path( recovery_failure_path
components\recovery-summary\main-card\recoverySummaryWarningHelpers.js,recoverySummaryWarningHelpers.js,components,52,get_commercial_failure_path,snake_case,snake_case_reference,warning_id,recovery-summary,"export function has_commercial_blocking_warning(recovery_failure_path = []) { return get_commercial_failure_path(recovery_failure_path).some( (warning) => warning.severity === ""blocking"""
components\recovery-summary\main-card\recoverySummaryWarningHelpers.js,recoverySummaryWarningHelpers.js,components,64,get_commercial_failure_path,snake_case,snake_case_reference,warning_id,recovery-summary,const has_commercial_failure = get_commercial_failure_path(recovery_failure_path).length > 0;
components\recovery-summary\RecoverySummaryMainCard.jsx,RecoverySummaryMainCard.jsx,components,14,get_primary_commercial_warning,snake_case,warning_id,warning_id,recovery-summary,"get_model_confidence_warnings, get_primary_commercial_warning, get_recovery_driver_label,"
components\recovery-summary\RecoverySummaryMainCard.jsx,RecoverySummaryMainCard.jsx,components,149,get_primary_commercial_warning,snake_case,warning_id,warning_id,recovery-summary,"const primary_commercial_warning = get_primary_commercial_warning({ primary_recovery_warning,"
components\recovery-summary\main-card\recoverySummaryWarningHelpers.js,recoverySummaryWarningHelpers.js,components,33,get_primary_commercial_warning,snake_case,warning_id,warning_id,recovery-summary,"export function get_primary_commercial_warning({ primary_recovery_warning,"
components\recovery-summary\main-card\RecoveryOutcomeDetail.jsx,RecoveryOutcomeDetail.jsx,components,22,get_primary_warning_cascade,snake_case,warning_id,warning_id,recovery-summary,function get_primary_warning_cascade(primary_recovery_warning) { return (
components\recovery-summary\main-card\RecoveryOutcomeDetail.jsx,RecoveryOutcomeDetail.jsx,components,83,get_primary_warning_cascade,snake_case,warning_id,warning_id,recovery-summary,"{get_primary_warning_cascade(primary_recovery_warning) ? ( <p className=""text-sm font-medium text-[var(--text-primary)]"">"
components\recovery-summary\main-card\RecoveryOutcomeDetail.jsx,RecoveryOutcomeDetail.jsx,components,85,get_primary_warning_cascade,snake_case,warning_id,warning_id,recovery-summary,"<p className=""text-sm font-medium text-[var(--text-primary)]""> {get_primary_warning_cascade(primary_recovery_warning)} </p>"
components\recovery-summary\main-card\RecoveryOutcomeDetail.jsx,RecoveryOutcomeDetail.jsx,components,14,get_primary_warning_explanation,snake_case,warning_id,warning_id,recovery-summary,function get_primary_warning_explanation(primary_recovery_warning) { return (
components\recovery-summary\main-card\RecoveryOutcomeDetail.jsx,RecoveryOutcomeDetail.jsx,components,80,get_primary_warning_explanation,snake_case,warning_id,warning_id,recovery-summary,"<p className=""ui-help""> {get_primary_warning_explanation(primary_recovery_warning)} </p>"
components\recovery-summary\main-card\RecoveryOutcomeDetail.jsx,RecoveryOutcomeDetail.jsx,components,6,get_primary_warning_label,snake_case,warning_id,warning_id,recovery-summary,function get_primary_warning_label(primary_recovery_warning) { return (
components\recovery-summary\main-card\RecoveryOutcomeDetail.jsx,RecoveryOutcomeDetail.jsx,components,76,get_primary_warning_label,snake_case,warning_id,warning_id,recovery-summary,"<p className=""text-base font-semibold text-[var(--text-primary)]""> {get_primary_warning_label(primary_recovery_warning)} </p>"
components\recovery-summary\RecoverySummaryMainCard.jsx,RecoverySummaryMainCard.jsx,components,15,get_recovery_driver_label,snake_case,snake_case_reference,warning_id,recovery-summary,"get_primary_commercial_warning, get_recovery_driver_label, get_status_label,"
components\recovery-summary\main-card\recoverySummaryWarningHelpers.js,recoverySummaryWarningHelpers.js,components,108,get_recovery_driver_label,snake_case,snake_case_reference,warning_id,recovery-summary,"export function get_recovery_driver_label( activity_driver_type,"
components\recovery-summary\RecoverySummaryMainCard.jsx,RecoverySummaryMainCard.jsx,components,16,get_status_label,snake_case,snake_case_reference,warning_id,recovery-summary,"get_recovery_driver_label, get_status_label, } from ""@/components/recovery-summary/main-card/recoverySummaryWarningHelpers"";"
components\recovery-summary\main-card\recoverySummaryWarningHelpers.js,recoverySummaryWarningHelpers.js,components,57,get_status_label,snake_case,snake_case_reference,warning_id,recovery-summary,"export function get_status_label({ recovery_ready,"
components\recovery-summary\main-card\recoverySummaryWarningHelpers.js,recoverySummaryWarningHelpers.js,components,92,get_status_tone,snake_case,snake_case_reference,warning_id,recovery-summary,"export function get_status_tone(status_label) { if (status_label === ""Not recoverable"") return ""critical"";"
components\recovery-summary\RecoverySummaryNoteDrilldown.jsx,RecoverySummaryNoteDrilldown.jsx,components,260,get_warning_carry_forward,snake_case,warning_id,warning_id,recovery-summary,"{get_warning_carry_forward(selected_failure) ? ( <div className=""ui-readonly"">"
components\recovery-summary\RecoverySummaryNoteDrilldown.jsx,RecoverySummaryNoteDrilldown.jsx,components,265,get_warning_carry_forward,snake_case,warning_id,warning_id,recovery-summary,"<p className=""text-sm font-medium text-[var(--text-primary)]""> {get_warning_carry_forward(selected_failure)} </p>"
components\recovery-summary\RecoverySummaryNoteDrilldown.jsx,RecoverySummaryNoteDrilldown.jsx,components,45,get_warning_carry_forward,snake_case,warning_id,warning_id,recovery-summary,"function get_warning_carry_forward(warning) { return warning?.carry_forward_message || """";"
components\recovery-summary\RecoverySummaryNoteDrilldown.jsx,RecoverySummaryNoteDrilldown.jsx,components,242,get_warning_cascade,snake_case,warning_id,warning_id,recovery-summary,"{get_warning_cascade(selected_failure) ? ( <div className=""ui-readonly"">"
components\recovery-summary\RecoverySummaryNoteDrilldown.jsx,RecoverySummaryNoteDrilldown.jsx,components,247,get_warning_cascade,snake_case,warning_id,warning_id,recovery-summary,"<p className=""text-sm font-medium text-[var(--text-primary)]""> {get_warning_cascade(selected_failure)} </p>"
components\recovery-summary\RecoverySummaryNoteDrilldown.jsx,RecoverySummaryNoteDrilldown.jsx,components,41,get_warning_cascade,snake_case,warning_id,warning_id,recovery-summary,"function get_warning_cascade(warning) { return warning?.cascade_effect || """";"
components\recovery-summary\RecoverySummaryNoteDrilldown.jsx,RecoverySummaryNoteDrilldown.jsx,components,147,get_warning_detail,snake_case,warning_id,warning_id,recovery-summary,"const selected_detail = selected_warning ? get_warning_detail(selected_warning.warning_key, values) : null;"
components\recovery-summary\RecoverySummaryNoteDrilldown.jsx,RecoverySummaryNoteDrilldown.jsx,components,5,get_warning_detail,snake_case,warning_id,warning_id,recovery-summary,"import { get_warning_detail } from ""@/components/recovery-summary/recoverySummaryWarningDetails"";"
components\recovery-summary\recoverySummaryWarningDetails.js,recoverySummaryWarningDetails.js,components,3,get_warning_detail,snake_case,warning_id,warning_id,recovery-summary,"export function get_warning_detail(warning_key, values = {}) { const {"
components\recovery-summary\RecoverySummaryNoteDrilldown.jsx,RecoverySummaryNoteDrilldown.jsx,components,125,get_warning_id,snake_case,warning_id,warning_id,recovery-summary,"const initial_failure_id = has_failure_path ? get_warning_id(failure_rows[0], 0) : null;"
components\recovery-summary\RecoverySummaryNoteDrilldown.jsx,RecoverySummaryNoteDrilldown.jsx,components,138,get_warning_id,snake_case,warning_id,warning_id,recovery-summary,"failure_rows.find( (warning, index) => get_warning_id(warning, index) === active_failure_id ) || failure_rows[0];"
components\recovery-summary\RecoverySummaryNoteDrilldown.jsx,RecoverySummaryNoteDrilldown.jsx,components,172,get_warning_id,snake_case,warning_id,warning_id,recovery-summary,"{failure_rows.map((warning, index) => { const warning_id = get_warning_id(warning, index); const is_primary ="
components\recovery-summary\RecoverySummaryNoteDrilldown.jsx,RecoverySummaryNoteDrilldown.jsx,components,49,get_warning_id,snake_case,warning_id,warning_id,recovery-summary,"function get_warning_id(warning, index) { return warning?.warning_id || warning?.warning_key || `warning-${index}`;"
lib\selectors\recoverySummarySelectors.js,recoverySummarySelectors.js,lib,286,get_warning_label,snake_case,warning_id,warning_id,recovery-summary,"warning_key, label: get_warning_label(warning_key), }));"
lib\selectors\recoverySummarySelectors.js,recoverySummarySelectors.js,lib,59,get_warning_label,snake_case,warning_id,warning_id,recovery-summary,function get_warning_label(warning_key) { const warning_map = {
components\recovery-summary\RecoverySummaryNoteDrilldown.jsx,RecoverySummaryNoteDrilldown.jsx,components,218,get_warning_meaning,snake_case,warning_id,warning_id,recovery-summary,"<p className=""text-sm font-medium text-[var(--text-primary)]""> {get_warning_meaning(selected_failure)} </p>"
components\recovery-summary\RecoverySummaryNoteDrilldown.jsx,RecoverySummaryNoteDrilldown.jsx,components,24,get_warning_meaning,snake_case,warning_id,warning_id,recovery-summary,function get_warning_meaning(warning) { return (
components\recovery-summary\RecoverySummaryNoteDrilldown.jsx,RecoverySummaryNoteDrilldown.jsx,components,256,get_warning_source,snake_case,warning_id,warning_id,recovery-summary,"<p className=""text-sm font-medium text-[var(--text-primary)]""> {get_warning_source(selected_failure)} </p>"
components\recovery-summary\RecoverySummaryNoteDrilldown.jsx,RecoverySummaryNoteDrilldown.jsx,components,33,get_warning_source,snake_case,warning_id,warning_id,recovery-summary,function get_warning_source(warning) { return (
components\recovery-summary\RecoverySummaryNoteDrilldown.jsx,RecoverySummaryNoteDrilldown.jsx,components,191,get_warning_title,snake_case,warning_id,warning_id,recovery-summary,"<p className=""text-sm font-medium text-[var(--text-primary)]""> {get_warning_title(warning)} </p>"
components\recovery-summary\RecoverySummaryNoteDrilldown.jsx,RecoverySummaryNoteDrilldown.jsx,components,20,get_warning_title,snake_case,warning_id,warning_id,recovery-summary,"function get_warning_title(warning) { return warning?.headline || warning?.message || ""Recovery issue"";"
components\recovery-summary\RecoverySummaryNoteDrilldown.jsx,RecoverySummaryNoteDrilldown.jsx,components,210,get_warning_title,snake_case,warning_id,warning_id,recovery-summary,"<h4 className=""text-base font-semibold text-[var(--text-primary)]""> {get_warning_title(selected_failure)} </h4>"
lib\recovery\recoveryRiskWarningSystem.js,recoveryRiskWarningSystem.js,lib,480,gross_profit,snake_case,snake_case_reference,warning_id,recovery-summary,"cost_stream: ""all"", driver: ""gross_profit"", headline: ""Gross profit is below total cost burden"","
lib\recovery\recoveryRiskWarningSystem.js,recoveryRiskWarningSystem.js,lib,214,headline,plain,object_key,warning_id,recovery-summary,"driver: ""share_percent"", headline: ""Recovery shares are below 100%"", message: `Recovery shares total ${recovery_share_total_percent}%, leaving ${unallocated_share_percent}% unallocated.`,"
lib\recovery\recoveryRiskWarningSystem.js,recoveryRiskWarningSystem.js,lib,245,headline,plain,object_key,warning_id,recovery-summary,"driver: ""share_percent"", headline: ""Recovery shares are above 100%"", message: `Recovery shares total ${recovery_share_total_percent}%, which over-allocates the recovery burden by ${over_allocated_share_percent}%.`,"
lib\recovery\recoveryRiskWarningSystem.js,recoveryRiskWarningSystem.js,lib,275,headline,plain,object_key,warning_id,recovery-summary,"driver: ""share_percent"", headline: ""Recovery shares total 100%"", message: ""Recovery shares total 100%."","
lib\recovery\recoveryRiskWarningSystem.js,recoveryRiskWarningSystem.js,lib,322,headline,plain,object_key,warning_id,recovery-summary,"driver, headline: `${cost_stream} has cost but no recovery share`, message: `${cost_stream} has cost assigned but no recovery share.`,"
lib\recovery\recoveryRiskWarningSystem.js,recoveryRiskWarningSystem.js,lib,345,headline,plain,object_key,warning_id,recovery-summary,"driver, headline: `${cost_stream} has share but no active driver`, message: `${cost_stream} has a recovery share but the recovery driver is disabled.`,"
lib\recovery\recoveryRiskWarningSystem.js,recoveryRiskWarningSystem.js,lib,367,headline,plain,object_key,warning_id,recovery-summary,"driver, headline: `${cost_stream} has zero driver quantity`, message: `${cost_stream} has a recovery share but the selected driver quantity is zero.`,"
lib\recovery\recoveryRiskWarningSystem.js,recoveryRiskWarningSystem.js,lib,453,headline,plain,object_key,warning_id,recovery-summary,"driver: ""business_summary"", headline: ""Business Summary is not trusted yet"", message:"
lib\recovery\recoveryRiskWarningSystem.js,recoveryRiskWarningSystem.js,lib,481,headline,plain,object_key,warning_id,recovery-summary,"driver: ""gross_profit"", headline: ""Gross profit is below total cost burden"", message: `Margin pool is below total cost burden by $${Math.abs("
lib\recovery\recoveryRiskWarningSystem.js,recoveryRiskWarningSystem.js,lib,516,headline,plain,object_key,warning_id,recovery-summary,"driver: ""recovery_rate"", headline: ""Required recovery level is not being met"", message: `Current recovery is $${safe_current_recovery_rate.toLocaleString()}/hr against a required $${safe_required_recovery_rate.toLocaleString()}/hr.`,"
lib\recovery\recoveryRiskWarningSystem.js,recoveryRiskWarningSystem.js,lib,548,headline,plain,object_key,warning_id,recovery-summary,"driver: ""recovery_streams"", headline: ""Recovery streams need review"", message:"
lib\recovery\recoveryRiskWarningSystem.js,recoveryRiskWarningSystem.js,lib,581,headline,plain,object_key,warning_id,recovery-summary,"driver: ""recovery_strategy"", headline: ""Recovery strategy can be carried forward"", message: ""Recovery strategy can be carried forward."","
lib\recovery\recoveryRiskWarningSystem.js,recoveryRiskWarningSystem.js,lib,78,headline,plain,object_key,warning_id,recovery-summary,"message: resolved_message, headline: headline || resolved_message, plain_english: plain_english || resolved_message,"
lib\recovery\recoveryRiskWarningSystem.js,recoveryRiskWarningSystem.js,lib,595,hierarchy,plain,declaration,warning_id,recovery-summary,const hierarchy = build_recovery_warning_hierarchy(warnings);
lib\calculations\recoverySummaryCalculations.js,recoverySummaryCalculations.js,lib,776,hours_based,snake_case,snake_case_reference,warning_id,recovery-summary,"if (recovery_mode === ""hours_based"" && total_people_cost_annual <= 0) { warnings.push(""missing_labour_cost"");"
lib\calculations\recoverySummaryCalculations.js,recoverySummaryCalculations.js,lib,816,hours_based,snake_case,snake_case_reference,warning_id,recovery-summary,"if (material_recovery_included && recovery_mode !== ""hours_based"") { warnings.push(""material_margin_unverified"");"
lib\calculations\recoverySummaryCalculations.js,recoverySummaryCalculations.js,lib,820,hours_based,snake_case,snake_case_reference,warning_id,recovery-summary,"if (asset_recovery_included && recovery_mode !== ""hours_based"") { warnings.push(""asset_utilisation_unverified"");"
hooks\useRecoverySummary.js,useRecoverySummary.js,hooks,234,info_recovery_warning_count,snake_case,object_key,warning_id,recovery-summary,"review_recovery_warning_count: card.review_recovery_warning_count, info_recovery_warning_count: card.info_recovery_warning_count, recovery_warning_count: card.recovery_warning_count,"
lib\recovery\recoveryRiskWarningSystem.js,recoveryRiskWarningSystem.js,lib,607,info_recovery_warning_count,snake_case,object_key,warning_id,recovery-summary,"review_recovery_warning_count: hierarchy.review_warning_count, info_recovery_warning_count: hierarchy.info_warning_count, recovery_warning_count: hierarchy.warning_count,"
lib\selectors\recoverySummarySelectors.js,recoverySummarySelectors.js,lib,706,info_recovery_warning_count,snake_case,object_key,warning_id,recovery-summary,"info_recovery_warning_count: recovery_warning_system.info_recovery_warning_count ?? 0,"
lib\selectors\recoverySummarySelectors.js,recoverySummarySelectors.js,lib,707,info_recovery_warning_count,snake_case,warning_id,warning_id,recovery-summary,"info_recovery_warning_count: recovery_warning_system.info_recovery_warning_count ?? 0,"
lib\recovery\recoveryRiskWarningSystem.js,recoveryRiskWarningSystem.js,lib,105,info_share_warning_count,snake_case,declaration,warning_id,recovery-summary,const info_share_warning_count = rows.filter( (warning) => warning.severity === WARNING_SEVERITY.INFO
lib\recovery\recoveryRiskWarningSystem.js,recoveryRiskWarningSystem.js,lib,113,info_share_warning_count,snake_case,warning_id,warning_id,recovery-summary,"review_share_warning_count, info_share_warning_count, has_blocking_share_warnings: blocking_share_warning_count > 0,"
lib\recovery\recoveryRiskWarningSystem.js,recoveryRiskWarningSystem.js,lib,177,info_warning_count,snake_case,object_key,warning_id,recovery-summary,"review_warning_count: review_warnings.length, info_warning_count: info_warnings.length, warning_count: sorted_warnings.length,"
lib\recovery\recoveryRiskWarningSystem.js,recoveryRiskWarningSystem.js,lib,607,info_warning_count,snake_case,warning_id,warning_id,recovery-summary,"review_recovery_warning_count: hierarchy.review_warning_count, info_recovery_warning_count: hierarchy.info_warning_count, recovery_warning_count: hierarchy.warning_count,"
components\recovery-summary\RecoverySummaryNoteDrilldown.jsx,RecoverySummaryNoteDrilldown.jsx,components,124,initial_failure_id,snake_case,declaration,warning_id,recovery-summary,"const initial_failure_id = has_failure_path ? get_warning_id(failure_rows[0], 0)"
components\recovery-summary\recoverySummaryWarningDetails.js,recoverySummaryWarningDetails.js,components,25,label,plain,object_key,warning_id,recovery-summary,"{ label: ""Margin Pool"", value: format_currency(margin_pool),"
components\recovery-summary\recoverySummaryWarningDetails.js,recoverySummaryWarningDetails.js,components,29,label,plain,object_key,warning_id,recovery-summary,"{ label: ""Total Cost Burden"", value: format_currency(total_cost_burden),"
components\recovery-summary\recoverySummaryWarningDetails.js,recoverySummaryWarningDetails.js,components,33,label,plain,object_key,warning_id,recovery-summary,"{ label: ""Net Position"", value: format_currency(net_position),"
components\recovery-summary\recoverySummaryWarningDetails.js,recoverySummaryWarningDetails.js,components,50,label,plain,object_key,warning_id,recovery-summary,"{ label: ""Current Margin"", value: format_currency(current_margin_per_driver),"
components\recovery-summary\recoverySummaryWarningDetails.js,recoverySummaryWarningDetails.js,components,54,label,plain,object_key,warning_id,recovery-summary,"{ label: ""Required Recovery"", value: format_currency(required_recovery_per_driver),"
components\recovery-summary\recoverySummaryWarningDetails.js,recoverySummaryWarningDetails.js,components,58,label,plain,object_key,warning_id,recovery-summary,"{ label: ""Recovery Gap"", value: format_currency(recovery_gap_per_driver),"
components\recovery-summary\recoverySummaryWarningDetails.js,recoverySummaryWarningDetails.js,components,75,label,plain,object_key,warning_id,recovery-summary,"{ label: ""Revenue"", value: format_currency(total_revenue),"
components\recovery-summary\recoverySummaryWarningDetails.js,recoverySummaryWarningDetails.js,components,79,label,plain,object_key,warning_id,recovery-summary,"{ label: ""Direct Costs"", value: format_currency(total_direct_costs),"
components\recovery-summary\recoverySummaryWarningDetails.js,recoverySummaryWarningDetails.js,components,83,label,plain,object_key,warning_id,recovery-summary,"{ label: ""Margin Pool"", value: format_currency(margin_pool),"
lib\selectors\recoverySummarySelectors.js,recoverySummarySelectors.js,lib,286,label,plain,object_key,warning_id,recovery-summary,"warning_key, label: get_warning_label(warning_key), }));"
lib\calculations\recoverySummaryCalculations.js,recoverySummaryCalculations.js,lib,792,margin_per_unit,snake_case,snake_case_reference,warning_id,recovery-summary,"if (is_product_based && margin_per_unit <= 0) { warnings.push(""no_positive_margin_per_unit"");"
lib\calculations\recoverySummaryCalculations.js,recoverySummaryCalculations.js,lib,817,material_margin_unverified,snake_case,snake_case_reference,warning_id,recovery-summary,"if (material_recovery_included && recovery_mode !== ""hours_based"") { warnings.push(""material_margin_unverified""); }"
lib\recovery\recoveryRiskWarningSystem.js,recoveryRiskWarningSystem.js,lib,429,material_recovery_clean,snake_case,snake_case_reference,warning_id,recovery-summary,"asset_recovery_clean = true, material_recovery_clean = true, context = {},"
lib\recovery\recoveryRiskWarningSystem.js,recoveryRiskWarningSystem.js,lib,539,material_recovery_clean,snake_case,snake_case_reference,warning_id,recovery-summary,if (!labour_recovery_clean || !asset_recovery_clean || !material_recovery_clean) { warnings.push(
lib\recovery\recoveryRiskWarningSystem.js,recoveryRiskWarningSystem.js,lib,566,material_recovery_clean,snake_case,snake_case_reference,warning_id,recovery-summary,"asset_recovery_clean, material_recovery_clean, },"
lib\calculations\recoverySummaryCalculations.js,recoverySummaryCalculations.js,lib,816,material_recovery_included,snake_case,snake_case_reference,warning_id,recovery-summary,"if (material_recovery_included && recovery_mode !== ""hours_based"") { warnings.push(""material_margin_unverified"");"
components\recovery-summary\recoverySummaryWarningDetails.js,recoverySummaryWarningDetails.js,components,104,meaning,plain,object_key,warning_id,recovery-summary,"title: ""Business Summary is not ready"", meaning: ""Recovery Summary is waiting for a usable Business Summary result before it can produce a reliable recovery strategy."","
components\recovery-summary\recoverySummaryWarningDetails.js,recoverySummaryWarningDetails.js,components,115,meaning,plain,object_key,warning_id,recovery-summary,"title: ""Upstream model is not trusted"", meaning: ""The model has upstream readiness issues, so the recovery strategy should not be treated as final."","
components\recovery-summary\recoverySummaryWarningDetails.js,recoverySummaryWarningDetails.js,components,126,meaning,plain,object_key,warning_id,recovery-summary,"title: ""No recovery driver is available"", meaning: ""The system does not yet have a valid activity base to express the recovery burden."","
components\recovery-summary\recoverySummaryWarningDetails.js,recoverySummaryWarningDetails.js,components,137,meaning,plain,object_key,warning_id,recovery-summary,"title: ""Required recovery level is missing"", meaning: ""The system cannot calculate the required recovery level for the selected driver."","
components\recovery-summary\recoverySummaryWarningDetails.js,recoverySummaryWarningDetails.js,components,148,meaning,plain,object_key,warning_id,recovery-summary,"title: ""No productive output is available"", meaning: ""Labour-driven recovery cannot be expressed without productive output or recovery hours."","
components\recovery-summary\recoverySummaryWarningDetails.js,recoverySummaryWarningDetails.js,components,159,meaning,plain,object_key,warning_id,recovery-summary,"title: ""No units sold value is available"", meaning: ""Product-driven recovery cannot be expressed without annual units sold."","
components\recovery-summary\recoverySummaryWarningDetails.js,recoverySummaryWarningDetails.js,components,170,meaning,plain,object_key,warning_id,recovery-summary,"title: ""Asset recovery has no asset base"", meaning: ""The recovery split assigns burden to assets, but there is no usable asset recovery base available."","
components\recovery-summary\recoverySummaryWarningDetails.js,recoverySummaryWarningDetails.js,components,18,meaning,plain,object_key,warning_id,recovery-summary,"title: ""Margin pool is below total cost burden"", meaning: ""Business Summary is showing that the margin pool generated by the business is not enough to cover the total cost burden."","
components\recovery-summary\recoverySummaryWarningDetails.js,recoverySummaryWarningDetails.js,components,181,meaning,plain,object_key,warning_id,recovery-summary,"title: ""Labour recovery has no labour base"", meaning: ""The recovery split assigns burden to labour, but there is no usable recovery-hour base available."","
components\recovery-summary\recoverySummaryWarningDetails.js,recoverySummaryWarningDetails.js,components,194,meaning,plain,object_key,warning_id,recovery-summary,"title: ""Recovery note"", meaning: ""This note is attached to the current recovery strategy and should be reviewed."","
components\recovery-summary\recoverySummaryWarningDetails.js,recoverySummaryWarningDetails.js,components,43,meaning,plain,object_key,warning_id,recovery-summary,"title: ""Required recovery level is not being met"", meaning: ""Business Summary is showing that current margin is below the required recovery level for the selected driver."","
components\recovery-summary\recoverySummaryWarningDetails.js,recoverySummaryWarningDetails.js,components,68,meaning,plain,object_key,warning_id,recovery-summary,"title: ""Direct costs are higher than revenue"", meaning: ""Business Summary is showing a negative margin pool before the operating cost burden is recovered."","
components\recovery-summary\recoverySummaryWarningDetails.js,recoverySummaryWarningDetails.js,components,93,meaning,plain,object_key,warning_id,recovery-summary,"title: ""Recovery split does not total 100%"", meaning: ""The recovery burden cannot be assigned correctly until the labour, asset, and absorbed overhead shares total 100%."","
lib\recovery\recoveryRiskWarningSystem.js,recoveryRiskWarningSystem.js,lib,215,message,plain,object_key,warning_id,recovery-summary,"headline: ""Recovery shares are below 100%"", message: `Recovery shares total ${recovery_share_total_percent}%, leaving ${unallocated_share_percent}% unallocated.`, plain_english:"
lib\recovery\recoveryRiskWarningSystem.js,recoveryRiskWarningSystem.js,lib,246,message,plain,object_key,warning_id,recovery-summary,"headline: ""Recovery shares are above 100%"", message: `Recovery shares total ${recovery_share_total_percent}%, which over-allocates the recovery burden by ${over_allocated_share_percent}%.`, plain_english:"
lib\recovery\recoveryRiskWarningSystem.js,recoveryRiskWarningSystem.js,lib,276,message,plain,object_key,warning_id,recovery-summary,"headline: ""Recovery shares total 100%"", message: ""Recovery shares total 100%."", plain_english:"
lib\recovery\recoveryRiskWarningSystem.js,recoveryRiskWarningSystem.js,lib,323,message,plain,object_key,warning_id,recovery-summary,"headline: `${cost_stream} has cost but no recovery share`, message: `${cost_stream} has cost assigned but no recovery share.`, plain_english:"
lib\recovery\recoveryRiskWarningSystem.js,recoveryRiskWarningSystem.js,lib,346,message,plain,object_key,warning_id,recovery-summary,"headline: `${cost_stream} has share but no active driver`, message: `${cost_stream} has a recovery share but the recovery driver is disabled.`, plain_english:"
lib\recovery\recoveryRiskWarningSystem.js,recoveryRiskWarningSystem.js,lib,368,message,plain,object_key,warning_id,recovery-summary,"headline: `${cost_stream} has zero driver quantity`, message: `${cost_stream} has a recovery share but the selected driver quantity is zero.`, plain_english:"
lib\recovery\recoveryRiskWarningSystem.js,recoveryRiskWarningSystem.js,lib,454,message,plain,object_key,warning_id,recovery-summary,"headline: ""Business Summary is not trusted yet"", message: ""Business Summary has not produced a trusted commercial model yet."","
lib\recovery\recoveryRiskWarningSystem.js,recoveryRiskWarningSystem.js,lib,482,message,plain,object_key,warning_id,recovery-summary,"headline: ""Gross profit is below total cost burden"", message: `Margin pool is below total cost burden by $${Math.abs( recovery_gap"
lib\recovery\recoveryRiskWarningSystem.js,recoveryRiskWarningSystem.js,lib,517,message,plain,object_key,warning_id,recovery-summary,"headline: ""Required recovery level is not being met"", message: `Current recovery is $${safe_current_recovery_rate.toLocaleString()}/hr against a required $${safe_required_recovery_rate.toLocaleString()}/hr.`, plain_english:"
lib\recovery\recoveryRiskWarningSystem.js,recoveryRiskWarningSystem.js,lib,549,message,plain,object_key,warning_id,recovery-summary,"headline: ""Recovery streams need review"", message: ""One or more recovery streams may be carrying cost that should stand on its own."","
lib\recovery\recoveryRiskWarningSystem.js,recoveryRiskWarningSystem.js,lib,582,message,plain,object_key,warning_id,recovery-summary,"headline: ""Recovery strategy can be carried forward"", message: ""Recovery strategy can be carried forward."", plain_english:"
lib\recovery\recoveryRiskWarningSystem.js,recoveryRiskWarningSystem.js,lib,77,message,plain,object_key,warning_id,recovery-summary,"message: resolved_message, headline: headline || resolved_message,"
lib\calculations\recoverySummaryCalculations.js,recoverySummaryCalculations.js,lib,749,missing_business_type,snake_case,snake_case_reference,warning_id,recovery-summary,"if (!business_type) { warnings.push(""missing_business_type""); }"
lib\calculations\recoveryOutcomeCalculations.js,recoveryOutcomeCalculations.js,lib,34,missing_component_required_recovery,snake_case,object_key,warning_id,recovery-summary,"""The recovery plan split is missing or invalid."", missing_component_required_recovery: ""Component required recovery is missing."","
lib\calculations\recoveryOutcomeCalculations.js,recoveryOutcomeCalculations.js,lib,421,missing_component_required_recovery,snake_case,warning_id,warning_id,recovery-summary,"warnings.push( make_warning(""missing_component_required_recovery"", ""Business Outcome"") );"
lib\recovery\recoveryRiskWarningSystem.js,recoveryRiskWarningSystem.js,lib,450,module,plain,object_key,warning_id,recovery-summary,"priority: WARNING_PRIORITY.SOURCE_TRUST, module: ""recovery_summary"", cost_stream: ""all"","
lib\recovery\recoveryRiskWarningSystem.js,recoveryRiskWarningSystem.js,lib,478,module,plain,object_key,warning_id,recovery-summary,"priority: WARNING_PRIORITY.GROSS_PROFIT, module: ""recovery_summary"", cost_stream: ""all"","
lib\recovery\recoveryRiskWarningSystem.js,recoveryRiskWarningSystem.js,lib,513,module,plain,object_key,warning_id,recovery-summary,"priority: WARNING_PRIORITY.RECOVERY_RATE, module: ""recovery_summary"", cost_stream: ""all"","
lib\recovery\recoveryRiskWarningSystem.js,recoveryRiskWarningSystem.js,lib,545,module,plain,object_key,warning_id,recovery-summary,"priority: WARNING_PRIORITY.RECOVERY_STREAM, module: ""recovery_summary"", cost_stream: ""all"","
lib\recovery\recoveryRiskWarningSystem.js,recoveryRiskWarningSystem.js,lib,578,module,plain,object_key,warning_id,recovery-summary,"priority: WARNING_PRIORITY.INFO, module: ""recovery_summary"", cost_stream: ""all"","
components\recovery-summary\recoverySummaryWarningDetails.js,recoverySummaryWarningDetails.js,components,124,no_activity_driver,snake_case,object_key,warning_id,recovery-summary,"no_activity_driver: { title: ""No recovery driver is available"","
lib\calculations\recoverySummaryCalculations.js,recoverySummaryCalculations.js,lib,769,no_activity_driver,snake_case,snake_case_reference,warning_id,recovery-summary,"if (activity_driver_value <= 0) { warnings.push(""no_activity_driver""); }"
lib\selectors\recoverySummarySelectors.js,recoverySummarySelectors.js,lib,290,no_activity_driver,snake_case,snake_case_reference,warning_id,recovery-summary,"const has_blocking_driver = (calculated.warnings ?? []).includes(""no_activity_driver"") || (calculated.warnings ?? []).includes(""no_required_recovery_per_driver"");"
lib\calculations\recoverySummaryCalculations.js,recoverySummaryCalculations.js,lib,793,no_positive_margin_per_unit,snake_case,snake_case_reference,warning_id,recovery-summary,"if (is_product_based && margin_per_unit <= 0) { warnings.push(""no_positive_margin_per_unit""); }"
components\recovery-summary\recoverySummaryWarningDetails.js,recoverySummaryWarningDetails.js,components,146,no_productive_output,snake_case,object_key,warning_id,recovery-summary,"no_productive_output: { title: ""No productive output is available"","
lib\calculations\recoverySummaryCalculations.js,recoverySummaryCalculations.js,lib,773,no_productive_output,snake_case,snake_case_reference,warning_id,recovery-summary,"if (business_type === ""labour_based"" && recovery_hours_used <= 0) { warnings.push(""no_productive_output""); }"
components\recovery-summary\recoverySummaryWarningDetails.js,recoverySummaryWarningDetails.js,components,135,no_required_recovery_per_driver,snake_case,object_key,warning_id,recovery-summary,"no_required_recovery_per_driver: { title: ""Required recovery level is missing"","
lib\calculations\recoverySummaryCalculations.js,recoverySummaryCalculations.js,lib,801,no_required_recovery_per_driver,snake_case,warning_id,warning_id,recovery-summary,"if (required_recovery_per_driver <= 0) { warnings.push(""no_required_recovery_per_driver""); }"
lib\selectors\recoverySummarySelectors.js,recoverySummarySelectors.js,lib,103,no_required_recovery_per_driver,snake_case,object_key,warning_id,recovery-summary,"no_required_recovery_per_driver: ""Required recovery per driver is not available from Business Summary."","
lib\selectors\recoverySummarySelectors.js,recoverySummarySelectors.js,lib,277,no_required_recovery_per_driver,snake_case,warning_id,warning_id,recovery-summary,"""no_positive_margin_per_unit"", ""no_required_recovery_per_driver"", ""labour_share_without_productive_output"","
lib\selectors\recoverySummarySelectors.js,recoverySummarySelectors.js,lib,291,no_required_recovery_per_driver,snake_case,warning_id,warning_id,recovery-summary,"(calculated.warnings ?? []).includes(""no_activity_driver"") || (calculated.warnings ?? []).includes(""no_required_recovery_per_driver"");"
components\recovery-summary\recoverySummaryWarningDetails.js,recoverySummaryWarningDetails.js,components,157,no_units_sold,snake_case,object_key,warning_id,recovery-summary,"no_units_sold: { title: ""No units sold value is available"","
lib\calculations\recoverySummaryCalculations.js,recoverySummaryCalculations.js,lib,789,no_units_sold,snake_case,snake_case_reference,warning_id,recovery-summary,"if (business_type === ""product_based"" && total_units <= 0) { warnings.push(""no_units_sold""); }"
lib\recovery\recoveryRiskWarningSystem.js,recoveryRiskWarningSystem.js,lib,124,normalise_priority,snake_case,snake_case_reference,warning_id,recovery-summary,"return [...rows].sort((a, b) => { const priority_a = normalise_priority(a?.priority); const priority_b = normalise_priority(b?.priority);"
lib\recovery\recoveryRiskWarningSystem.js,recoveryRiskWarningSystem.js,lib,125,normalise_priority,snake_case,snake_case_reference,warning_id,recovery-summary,const priority_a = normalise_priority(a?.priority); const priority_b = normalise_priority(b?.priority);
lib\recovery\recoveryRiskWarningSystem.js,recoveryRiskWarningSystem.js,lib,44,normalise_priority,snake_case,snake_case_reference,warning_id,recovery-summary,function normalise_priority(priority) { const parsed = Number(priority);
lib\recovery\recoveryRiskWarningSystem.js,recoveryRiskWarningSystem.js,lib,72,normalise_priority,snake_case,snake_case_reference,warning_id,recovery-summary,"severity: normalise_severity(severity), priority: normalise_priority(priority), module,"
lib\recovery\recoveryRiskWarningSystem.js,recoveryRiskWarningSystem.js,lib,32,normalise_severity,snake_case,snake_case_reference,warning_id,recovery-summary,function normalise_severity(severity) { if (
lib\recovery\recoveryRiskWarningSystem.js,recoveryRiskWarningSystem.js,lib,71,normalise_severity,snake_case,snake_case_reference,warning_id,recovery-summary,"warning_id, severity: normalise_severity(severity), priority: normalise_priority(priority),"
lib\selectors\recoverySummarySelectors.js,recoverySummarySelectors.js,lib,305,not_trusted,snake_case,snake_case_reference,warning_id,recovery-summary,"calculated.model_trust_state !== ""warning"" ? ""not_trusted"" : warning_items.length === 0"
lib\recovery\recoveryRiskWarningSystem.js,recoveryRiskWarningSystem.js,lib,198,over_allocated_share_percent,snake_case,declaration,warning_id,recovery-summary,"const over_allocated_share_percent = Math.max( 0,"
lib\recovery\recoveryRiskWarningSystem.js,recoveryRiskWarningSystem.js,lib,230,over_allocated_share_percent,snake_case,snake_case_reference,warning_id,recovery-summary,"unallocated_share_percent, over_allocated_share_percent, },"
lib\recovery\recoveryRiskWarningSystem.js,recoveryRiskWarningSystem.js,lib,246,over_allocated_share_percent,snake_case,snake_case_reference,warning_id,recovery-summary,"headline: ""Recovery shares are above 100%"", message: `Recovery shares total ${recovery_share_total_percent}%, which over-allocates the recovery burden by ${over_allocated_share_percent}%.`, plain_english:"
lib\recovery\recoveryRiskWarningSystem.js,recoveryRiskWarningSystem.js,lib,260,over_allocated_share_percent,snake_case,snake_case_reference,warning_id,recovery-summary,"unallocated_share_percent, over_allocated_share_percent, },"
lib\recovery\recoveryRiskWarningSystem.js,recoveryRiskWarningSystem.js,lib,284,over_allocated_share_percent,snake_case,snake_case_reference,warning_id,recovery-summary,"unallocated_share_percent, over_allocated_share_percent, },"
lib\recovery\recoveryRiskWarningSystem.js,recoveryRiskWarningSystem.js,lib,293,over_allocated_share_percent,snake_case,snake_case_reference,warning_id,recovery-summary,"unallocated_share_percent, over_allocated_share_percent, share_total_warnings: warnings,"
lib\recovery\recoveryRiskWarningSystem.js,recoveryRiskWarningSystem.js,lib,414,over_allocated_share_percent,snake_case,object_key,warning_id,recovery-summary,"unallocated_share_percent: share_total_result.unallocated_share_percent, over_allocated_share_percent: share_total_result.over_allocated_share_percent,"
lib\recovery\recoveryRiskWarningSystem.js,recoveryRiskWarningSystem.js,lib,415,over_allocated_share_percent,snake_case,snake_case_reference,warning_id,recovery-summary,"over_allocated_share_percent: share_total_result.over_allocated_share_percent, ...build_share_warning_summary(warning_rows),"
lib\recovery\recoveryRiskWarningSystem.js,recoveryRiskWarningSystem.js,lib,18,parsed,plain,declaration,warning_id,recovery-summary,function to_number(value) { const parsed = Number(value); return Number.isFinite(parsed) ? parsed : 0;
lib\recovery\recoveryRiskWarningSystem.js,recoveryRiskWarningSystem.js,lib,19,parsed,plain,object_key,warning_id,recovery-summary,const parsed = Number(value); return Number.isFinite(parsed) ? parsed : 0; }
lib\recovery\recoveryRiskWarningSystem.js,recoveryRiskWarningSystem.js,lib,23,parsed,plain,declaration,warning_id,recovery-summary,function round_currency(value) { const parsed = Number(value); return Number.isFinite(parsed) ? Number(parsed.toFixed(2)) : 0;
lib\recovery\recoveryRiskWarningSystem.js,recoveryRiskWarningSystem.js,lib,28,parsed,plain,declaration,warning_id,recovery-summary,function round_percent(value) { const parsed = Number(value); return Number.isFinite(parsed) ? Number(parsed.toFixed(2)) : 0;
lib\recovery\recoveryRiskWarningSystem.js,recoveryRiskWarningSystem.js,lib,45,parsed,plain,declaration,warning_id,recovery-summary,function normalise_priority(priority) { const parsed = Number(priority); return Number.isFinite(parsed) ? parsed : WARNING_PRIORITY.INFO;
lib\recovery\recoveryRiskWarningSystem.js,recoveryRiskWarningSystem.js,lib,46,parsed,plain,object_key,warning_id,recovery-summary,const parsed = Number(priority); return Number.isFinite(parsed) ? parsed : WARNING_PRIORITY.INFO; }
components\recovery-summary\RecoverySummaryNoteDrilldown.jsx,RecoverySummaryNoteDrilldown.jsx,components,26,plain_english,snake_case,snake_case_reference,warning_id,recovery-summary,return ( warning?.plain_english || warning?.effect ||
components\recovery-summary\main-card\RecoveryOutcomeDetail.jsx,RecoveryOutcomeDetail.jsx,components,16,plain_english,snake_case,snake_case_reference,warning_id,recovery-summary,return ( primary_recovery_warning?.plain_english || primary_recovery_warning?.effect ||
components\recovery-summary\main-card\RecoveryOutcomeDetail.jsx,RecoveryOutcomeDetail.jsx,components,52,plain_english,snake_case,snake_case_reference,warning_id,recovery-summary,"<p className=""ui-help""> {primary_confidence_warning.plain_english || primary_confidence_warning.effect ||"
lib\recovery\recoveryRiskWarningSystem.js,recoveryRiskWarningSystem.js,lib,216,plain_english,snake_case,object_key,warning_id,recovery-summary,"message: `Recovery shares total ${recovery_share_total_percent}%, leaving ${unallocated_share_percent}% unallocated.`, plain_english: ""Some of the recovery burden has not been assigned to a recovery stream."","
lib\recovery\recoveryRiskWarningSystem.js,recoveryRiskWarningSystem.js,lib,247,plain_english,snake_case,object_key,warning_id,recovery-summary,"message: `Recovery shares total ${recovery_share_total_percent}%, which over-allocates the recovery burden by ${over_allocated_share_percent}%.`, plain_english: ""The same recovery burden is being over-allocated across the recovery streams."","
lib\recovery\recoveryRiskWarningSystem.js,recoveryRiskWarningSystem.js,lib,277,plain_english,snake_case,object_key,warning_id,recovery-summary,"message: ""Recovery shares total 100%."", plain_english: ""The recovery burden has been fully assigned across the selected recovery streams."","
lib\recovery\recoveryRiskWarningSystem.js,recoveryRiskWarningSystem.js,lib,324,plain_english,snake_case,object_key,warning_id,recovery-summary,"message: `${cost_stream} has cost assigned but no recovery share.`, plain_english: ""This cost stream exists, but it is not currently being recovered through the model."","
lib\recovery\recoveryRiskWarningSystem.js,recoveryRiskWarningSystem.js,lib,347,plain_english,snake_case,object_key,warning_id,recovery-summary,"message: `${cost_stream} has a recovery share but the recovery driver is disabled.`, plain_english: ""This cost stream is meant to recover cost, but the driver needed to calculate recovery is disabled."","
lib\recovery\recoveryRiskWarningSystem.js,recoveryRiskWarningSystem.js,lib,369,plain_english,snake_case,object_key,warning_id,recovery-summary,"message: `${cost_stream} has a recovery share but the selected driver quantity is zero.`, plain_english: ""This cost stream has recovery assigned, but there is no driver quantity to spread the cost across."","
lib\recovery\recoveryRiskWarningSystem.js,recoveryRiskWarningSystem.js,lib,456,plain_english,snake_case,object_key,warning_id,recovery-summary,"""Business Summary has not produced a trusted commercial model yet."", plain_english: ""Recovery Summary cannot give a final recovery position until the source model is trusted."","
lib\recovery\recoveryRiskWarningSystem.js,recoveryRiskWarningSystem.js,lib,485,plain_english,snake_case,object_key,warning_id,recovery-summary,").toLocaleString()}.`, plain_english: ""The business does not currently generate enough gross profit to carry its structure."","
lib\recovery\recoveryRiskWarningSystem.js,recoveryRiskWarningSystem.js,lib,518,plain_english,snake_case,object_key,warning_id,recovery-summary,"message: `Current recovery is $${safe_current_recovery_rate.toLocaleString()}/hr against a required $${safe_required_recovery_rate.toLocaleString()}/hr.`, plain_english: ""The selected recovery driver is not carrying enough recovery per hour."","
lib\recovery\recoveryRiskWarningSystem.js,recoveryRiskWarningSystem.js,lib,551,plain_english,snake_case,object_key,warning_id,recovery-summary,"""One or more recovery streams may be carrying cost that should stand on its own."", plain_english: ""Labour, assets, and materials should recover their own burden rather than hiding pressure inside another stream."","
lib\recovery\recoveryRiskWarningSystem.js,recoveryRiskWarningSystem.js,lib,58,plain_english,snake_case,snake_case_reference,warning_id,recovery-summary,"headline, plain_english, review_action,"
lib\recovery\recoveryRiskWarningSystem.js,recoveryRiskWarningSystem.js,lib,583,plain_english,snake_case,object_key,warning_id,recovery-summary,"message: ""Recovery strategy can be carried forward."", plain_english: ""The recovery model has passed the main Recovery Summary checks."","
lib\recovery\recoveryRiskWarningSystem.js,recoveryRiskWarningSystem.js,lib,79,plain_english,snake_case,object_key,warning_id,recovery-summary,"headline: headline || resolved_message, plain_english: plain_english || resolved_message,"
components\recovery-summary\RecoverySummaryMainCard.jsx,RecoverySummaryMainCard.jsx,components,149,primary_commercial_warning,snake_case,declaration,warning_id,recovery-summary,"const primary_commercial_warning = get_primary_commercial_warning({ primary_recovery_warning,"
components\recovery-summary\RecoverySummaryMainCard.jsx,RecoverySummaryMainCard.jsx,components,165,primary_commercial_warning,snake_case,warning_id,warning_id,recovery-summary,"warning_count: effective_warning_count, primary_commercial_warning, recovery_failure_path,"
components\recovery-summary\RecoverySummaryMainCard.jsx,RecoverySummaryMainCard.jsx,components,276,primary_commercial_warning,snake_case,warning_id,warning_id,recovery-summary,values={values} primary_recovery_warning={primary_commercial_warning} recovery_failure_path={effective_failure_path}
components\recovery-summary\main-card\recoverySummaryWarningHelpers.js,recoverySummaryWarningHelpers.js,components,60,primary_commercial_warning,snake_case,warning_id,warning_id,recovery-summary,"warning_count, primary_commercial_warning, recovery_failure_path = [],"
components\recovery-summary\main-card\recoverySummaryWarningHelpers.js,recoverySummaryWarningHelpers.js,components,73,primary_commercial_warning,snake_case,warning_id,warning_id,recovery-summary,"if (primary_commercial_warning?.severity === ""review"") { return ""Marginal"";"
components\recovery-summary\main-card\RecoveryOutcomeDetail.jsx,RecoveryOutcomeDetail.jsx,components,39,primary_confidence_warning,snake_case,declaration,warning_id,recovery-summary,const primary_confidence_warning = model_confidence_warnings[0];
components\recovery-summary\main-card\RecoveryOutcomeDetail.jsx,RecoveryOutcomeDetail.jsx,components,46,primary_confidence_warning,snake_case,warning_id,warning_id,recovery-summary,"<p className=""text-sm font-semibold text-[var(--text-primary)]""> {primary_confidence_warning.headline || primary_confidence_warning.message ||"
components\recovery-summary\main-card\RecoveryOutcomeDetail.jsx,RecoveryOutcomeDetail.jsx,components,47,primary_confidence_warning,snake_case,warning_id,warning_id,recovery-summary,"{primary_confidence_warning.headline || primary_confidence_warning.message || ""Source model needs review""}"
components\recovery-summary\main-card\RecoveryOutcomeDetail.jsx,RecoveryOutcomeDetail.jsx,components,52,primary_confidence_warning,snake_case,warning_id,warning_id,recovery-summary,"<p className=""ui-help""> {primary_confidence_warning.plain_english || primary_confidence_warning.effect ||"
components\recovery-summary\main-card\RecoveryOutcomeDetail.jsx,RecoveryOutcomeDetail.jsx,components,53,primary_confidence_warning,snake_case,warning_id,warning_id,recovery-summary,"{primary_confidence_warning.plain_english || primary_confidence_warning.effect || ""The recovery result is provisional until the upstream model is trusted.""}"
components\recovery-summary\RecoverySummaryMainCard.jsx,RecoverySummaryMainCard.jsx,components,102,primary_recovery_warning,snake_case,warning_id,warning_id,recovery-summary,values={values} primary_recovery_warning={primary_recovery_warning} recovery_failure_path={recovery_failure_path}
components\recovery-summary\RecoverySummaryMainCard.jsx,RecoverySummaryMainCard.jsx,components,117,primary_recovery_warning,snake_case,warning_id,warning_id,recovery-summary,"recovery_warning_count, primary_recovery_warning, recovery_failure_path = [],"
components\recovery-summary\RecoverySummaryMainCard.jsx,RecoverySummaryMainCard.jsx,components,150,primary_recovery_warning,snake_case,warning_id,warning_id,recovery-summary,"const primary_commercial_warning = get_primary_commercial_warning({ primary_recovery_warning, recovery_failure_path,"
components\recovery-summary\RecoverySummaryMainCard.jsx,RecoverySummaryMainCard.jsx,components,27,primary_recovery_warning,snake_case,warning_id,warning_id,recovery-summary,"values, primary_recovery_warning, recovery_failure_path,"
components\recovery-summary\RecoverySummaryMainCard.jsx,RecoverySummaryMainCard.jsx,components,276,primary_recovery_warning,snake_case,warning_id,warning_id,recovery-summary,values={values} primary_recovery_warning={primary_commercial_warning} recovery_failure_path={effective_failure_path}
components\recovery-summary\RecoverySummaryMainCard.jsx,RecoverySummaryMainCard.jsx,components,39,primary_recovery_warning,snake_case,warning_id,warning_id,recovery-summary,total_cost_burden={values.total_cost_burden} primary_recovery_warning={primary_recovery_warning} model_confidence_warnings={model_confidence_warnings}
components\recovery-summary\RecoverySummaryNoteDrilldown.jsx,RecoverySummaryNoteDrilldown.jsx,components,116,primary_recovery_warning,snake_case,warning_id,warning_id,recovery-summary,"values = {}, primary_recovery_warning = null, recovery_failure_path = [],"
components\recovery-summary\RecoverySummaryNoteDrilldown.jsx,RecoverySummaryNoteDrilldown.jsx,components,174,primary_recovery_warning,snake_case,warning_id,warning_id,recovery-summary,const is_primary = primary_recovery_warning?.warning_id === warning.warning_id || index === 0;
components\recovery-summary\RecoverySummaryNoteDrilldown.jsx,RecoverySummaryNoteDrilldown.jsx,components,204,primary_recovery_warning,snake_case,warning_id,warning_id,recovery-summary,"{selected_failure.warning_id === primary_recovery_warning?.warning_id ? ""Primary failure"""
components\recovery-summary\main-card\RecoveryOutcomeDetail.jsx,RecoveryOutcomeDetail.jsx,components,113,primary_recovery_warning,snake_case,warning_id,warning_id,recovery-summary,"total_cost_burden, primary_recovery_warning, model_confidence_warnings,"
components\recovery-summary\main-card\RecoveryOutcomeDetail.jsx,RecoveryOutcomeDetail.jsx,components,135,primary_recovery_warning,snake_case,warning_id,warning_id,recovery-summary,<CommercialRecoveryPosition primary_recovery_warning={primary_recovery_warning} margin_pool={margin_pool}
components\recovery-summary\main-card\RecoveryOutcomeDetail.jsx,RecoveryOutcomeDetail.jsx,components,14,primary_recovery_warning,snake_case,warning_id,warning_id,recovery-summary,function get_primary_warning_explanation(primary_recovery_warning) { return (
components\recovery-summary\main-card\RecoveryOutcomeDetail.jsx,RecoveryOutcomeDetail.jsx,components,16,primary_recovery_warning,snake_case,warning_id,warning_id,recovery-summary,return ( primary_recovery_warning?.plain_english || primary_recovery_warning?.effect ||
components\recovery-summary\main-card\RecoveryOutcomeDetail.jsx,RecoveryOutcomeDetail.jsx,components,17,primary_recovery_warning,snake_case,warning_id,warning_id,recovery-summary,"primary_recovery_warning?.plain_english || primary_recovery_warning?.effect || ""Recovery Summary has identified pressure that should be reviewed before relying on this result."""
components\recovery-summary\main-card\RecoveryOutcomeDetail.jsx,RecoveryOutcomeDetail.jsx,components,22,primary_recovery_warning,snake_case,warning_id,warning_id,recovery-summary,function get_primary_warning_cascade(primary_recovery_warning) { return (
components\recovery-summary\main-card\RecoveryOutcomeDetail.jsx,RecoveryOutcomeDetail.jsx,components,24,primary_recovery_warning,snake_case,warning_id,warning_id,recovery-summary,return ( primary_recovery_warning?.cascade_effect || primary_recovery_warning?.carry_forward_message ||
components\recovery-summary\main-card\RecoveryOutcomeDetail.jsx,RecoveryOutcomeDetail.jsx,components,25,primary_recovery_warning,snake_case,warning_id,warning_id,recovery-summary,"primary_recovery_warning?.cascade_effect || primary_recovery_warning?.carry_forward_message || """""
components\recovery-summary\main-card\RecoveryOutcomeDetail.jsx,RecoveryOutcomeDetail.jsx,components,6,primary_recovery_warning,snake_case,warning_id,warning_id,recovery-summary,function get_primary_warning_label(primary_recovery_warning) { return (
components\recovery-summary\main-card\RecoveryOutcomeDetail.jsx,RecoveryOutcomeDetail.jsx,components,61,primary_recovery_warning,snake_case,warning_id,warning_id,recovery-summary,"function CommercialRecoveryPosition({ primary_recovery_warning, margin_pool,"
components\recovery-summary\main-card\RecoveryOutcomeDetail.jsx,RecoveryOutcomeDetail.jsx,components,70,primary_recovery_warning,snake_case,warning_id,warning_id,recovery-summary,if (primary_recovery_warning) { return (
components\recovery-summary\main-card\RecoveryOutcomeDetail.jsx,RecoveryOutcomeDetail.jsx,components,76,primary_recovery_warning,snake_case,warning_id,warning_id,recovery-summary,"<p className=""text-base font-semibold text-[var(--text-primary)]""> {get_primary_warning_label(primary_recovery_warning)} </p>"
components\recovery-summary\main-card\RecoveryOutcomeDetail.jsx,RecoveryOutcomeDetail.jsx,components,8,primary_recovery_warning,snake_case,warning_id,warning_id,recovery-summary,return ( primary_recovery_warning?.headline || primary_recovery_warning?.message ||
components\recovery-summary\main-card\RecoveryOutcomeDetail.jsx,RecoveryOutcomeDetail.jsx,components,80,primary_recovery_warning,snake_case,warning_id,warning_id,recovery-summary,"<p className=""ui-help""> {get_primary_warning_explanation(primary_recovery_warning)} </p>"
components\recovery-summary\main-card\RecoveryOutcomeDetail.jsx,RecoveryOutcomeDetail.jsx,components,83,primary_recovery_warning,snake_case,warning_id,warning_id,recovery-summary,"{get_primary_warning_cascade(primary_recovery_warning) ? ( <p className=""text-sm font-medium text-[var(--text-primary)]"">"
components\recovery-summary\main-card\RecoveryOutcomeDetail.jsx,RecoveryOutcomeDetail.jsx,components,85,primary_recovery_warning,snake_case,warning_id,warning_id,recovery-summary,"<p className=""text-sm font-medium text-[var(--text-primary)]""> {get_primary_warning_cascade(primary_recovery_warning)} </p>"
components\recovery-summary\main-card\RecoveryOutcomeDetail.jsx,RecoveryOutcomeDetail.jsx,components,9,primary_recovery_warning,snake_case,warning_id,warning_id,recovery-summary,"primary_recovery_warning?.headline || primary_recovery_warning?.message || ""Recovery strategy needs review"""
components\recovery-summary\main-card\recoverySummaryWarningHelpers.js,recoverySummaryWarningHelpers.js,components,34,primary_recovery_warning,snake_case,warning_id,warning_id,recovery-summary,"export function get_primary_commercial_warning({ primary_recovery_warning, recovery_failure_path = [],"
components\recovery-summary\main-card\recoverySummaryWarningHelpers.js,recoverySummaryWarningHelpers.js,components,38,primary_recovery_warning,snake_case,warning_id,warning_id,recovery-summary,if ( primary_recovery_warning && !is_model_confidence_warning(primary_recovery_warning)
components\recovery-summary\main-card\recoverySummaryWarningHelpers.js,recoverySummaryWarningHelpers.js,components,39,primary_recovery_warning,snake_case,warning_id,warning_id,recovery-summary,primary_recovery_warning && !is_model_confidence_warning(primary_recovery_warning) ) {
components\recovery-summary\main-card\recoverySummaryWarningHelpers.js,recoverySummaryWarningHelpers.js,components,41,primary_recovery_warning,snake_case,warning_id,warning_id,recovery-summary,) { return primary_recovery_warning; }
hooks\useRecoverySummary.js,useRecoverySummary.js,hooks,226,primary_recovery_warning,snake_case,object_key,warning_id,recovery-summary,"recovery_warning_rows: card.recovery_warning_rows, primary_recovery_warning: card.primary_recovery_warning, cascade_recovery_warnings: card.cascade_recovery_warnings,"
lib\recovery\recoveryRiskWarningSystem.js,recoveryRiskWarningSystem.js,lib,599,primary_recovery_warning,snake_case,object_key,warning_id,recovery-summary,"recovery_warning_rows: warnings, primary_recovery_warning: hierarchy.primary_warning, cascade_recovery_warnings: hierarchy.cascade_warnings,"
lib\selectors\recoverySummarySelectors.js,recoverySummarySelectors.js,lib,682,primary_recovery_warning,snake_case,object_key,warning_id,recovery-summary,"primary_recovery_warning: recovery_warning_system.primary_recovery_warning ?? null,"
lib\selectors\recoverySummarySelectors.js,recoverySummarySelectors.js,lib,683,primary_recovery_warning,snake_case,warning_id,warning_id,recovery-summary,"primary_recovery_warning: recovery_warning_system.primary_recovery_warning ?? null,"
lib\recovery\recoveryRiskWarningSystem.js,recoveryRiskWarningSystem.js,lib,159,primary_warning,snake_case,declaration,warning_id,recovery-summary,const primary_warning = blocking_warnings[0] || review_warnings[0] || info_warnings[0] || null;
lib\recovery\recoveryRiskWarningSystem.js,recoveryRiskWarningSystem.js,lib,162,primary_warning,snake_case,warning_id,warning_id,recovery-summary,const cascade_warnings = primary_warning ? sorted_warnings.filter(
lib\recovery\recoveryRiskWarningSystem.js,recoveryRiskWarningSystem.js,lib,164,primary_warning,snake_case,warning_id,warning_id,recovery-summary,? sorted_warnings.filter( (warning) => warning.warning_id !== primary_warning.warning_id )
lib\recovery\recoveryRiskWarningSystem.js,recoveryRiskWarningSystem.js,lib,169,primary_warning,snake_case,warning_id,warning_id,recovery-summary,"return { primary_warning, cascade_warnings,"
lib\recovery\recoveryRiskWarningSystem.js,recoveryRiskWarningSystem.js,lib,172,primary_warning,snake_case,warning_id,warning_id,recovery-summary,"recovery_failure_path: sorted_warnings, has_primary_warning: Boolean(primary_warning), has_blocking_warning: blocking_warnings.length > 0,"
lib\recovery\recoveryRiskWarningSystem.js,recoveryRiskWarningSystem.js,lib,599,primary_warning,snake_case,warning_id,warning_id,recovery-summary,"recovery_warning_rows: warnings, primary_recovery_warning: hierarchy.primary_warning, cascade_recovery_warnings: hierarchy.cascade_warnings,"
lib\recovery\recoveryRiskWarningSystem.js,recoveryRiskWarningSystem.js,lib,210,priority,plain,object_key,warning_id,recovery-summary,"severity: WARNING_SEVERITY.BLOCKING, priority: WARNING_PRIORITY.SHARE_TOTAL, module,"
lib\recovery\recoveryRiskWarningSystem.js,recoveryRiskWarningSystem.js,lib,241,priority,plain,object_key,warning_id,recovery-summary,"severity: WARNING_SEVERITY.BLOCKING, priority: WARNING_PRIORITY.SHARE_TOTAL, module,"
lib\recovery\recoveryRiskWarningSystem.js,recoveryRiskWarningSystem.js,lib,271,priority,plain,object_key,warning_id,recovery-summary,"severity: WARNING_SEVERITY.INFO, priority: WARNING_PRIORITY.INFO, module,"
lib\recovery\recoveryRiskWarningSystem.js,recoveryRiskWarningSystem.js,lib,318,priority,plain,object_key,warning_id,recovery-summary,"severity: WARNING_SEVERITY.REVIEW, priority: WARNING_PRIORITY.DRIVER, module,"
lib\recovery\recoveryRiskWarningSystem.js,recoveryRiskWarningSystem.js,lib,341,priority,plain,object_key,warning_id,recovery-summary,"severity: WARNING_SEVERITY.BLOCKING, priority: WARNING_PRIORITY.DRIVER, module,"
lib\recovery\recoveryRiskWarningSystem.js,recoveryRiskWarningSystem.js,lib,363,priority,plain,object_key,warning_id,recovery-summary,"severity: WARNING_SEVERITY.BLOCKING, priority: WARNING_PRIORITY.DRIVER, module,"
lib\recovery\recoveryRiskWarningSystem.js,recoveryRiskWarningSystem.js,lib,449,priority,plain,object_key,warning_id,recovery-summary,"severity: WARNING_SEVERITY.BLOCKING, priority: WARNING_PRIORITY.SOURCE_TRUST, module: ""recovery_summary"","
lib\recovery\recoveryRiskWarningSystem.js,recoveryRiskWarningSystem.js,lib,477,priority,plain,object_key,warning_id,recovery-summary,"severity: WARNING_SEVERITY.BLOCKING, priority: WARNING_PRIORITY.GROSS_PROFIT, module: ""recovery_summary"","
lib\recovery\recoveryRiskWarningSystem.js,recoveryRiskWarningSystem.js,lib,512,priority,plain,object_key,warning_id,recovery-summary,"severity: WARNING_SEVERITY.BLOCKING, priority: WARNING_PRIORITY.RECOVERY_RATE, module: ""recovery_summary"","
lib\recovery\recoveryRiskWarningSystem.js,recoveryRiskWarningSystem.js,lib,544,priority,plain,object_key,warning_id,recovery-summary,"severity: WARNING_SEVERITY.REVIEW, priority: WARNING_PRIORITY.RECOVERY_STREAM, module: ""recovery_summary"","
lib\recovery\recoveryRiskWarningSystem.js,recoveryRiskWarningSystem.js,lib,577,priority,plain,object_key,warning_id,recovery-summary,"severity: WARNING_SEVERITY.INFO, priority: WARNING_PRIORITY.INFO, module: ""recovery_summary"","
lib\recovery\recoveryRiskWarningSystem.js,recoveryRiskWarningSystem.js,lib,72,priority,plain,object_key,warning_id,recovery-summary,"severity: normalise_severity(severity), priority: normalise_priority(priority), module,"
lib\recovery\recoveryRiskWarningSystem.js,recoveryRiskWarningSystem.js,lib,124,priority_a,snake_case,declaration,warning_id,recovery-summary,"return [...rows].sort((a, b) => { const priority_a = normalise_priority(a?.priority); const priority_b = normalise_priority(b?.priority);"
lib\recovery\recoveryRiskWarningSystem.js,recoveryRiskWarningSystem.js,lib,127,priority_a,snake_case,snake_case_reference,warning_id,recovery-summary,if (priority_a !== priority_b) { return priority_a - priority_b;
lib\recovery\recoveryRiskWarningSystem.js,recoveryRiskWarningSystem.js,lib,128,priority_a,snake_case,snake_case_reference,warning_id,recovery-summary,if (priority_a !== priority_b) { return priority_a - priority_b; }
lib\recovery\recoveryRiskWarningSystem.js,recoveryRiskWarningSystem.js,lib,125,priority_b,snake_case,declaration,warning_id,recovery-summary,const priority_a = normalise_priority(a?.priority); const priority_b = normalise_priority(b?.priority);
lib\recovery\recoveryRiskWarningSystem.js,recoveryRiskWarningSystem.js,lib,127,priority_b,snake_case,snake_case_reference,warning_id,recovery-summary,if (priority_a !== priority_b) { return priority_a - priority_b;
lib\recovery\recoveryRiskWarningSystem.js,recoveryRiskWarningSystem.js,lib,128,priority_b,snake_case,snake_case_reference,warning_id,recovery-summary,if (priority_a !== priority_b) { return priority_a - priority_b; }
components\recovery-summary\main-card\recoverySummaryWarningHelpers.js,recoverySummaryWarningHelpers.js,components,103,product_based,snake_case,snake_case_reference,warning_id,recovery-summary,"export function get_business_type_label(business_type) { return business_type === ""product_based"" ? ""Product / unit-based business"""
lib\calculations\recoverySummaryCalculations.js,recoverySummaryCalculations.js,lib,788,product_based,snake_case,snake_case_reference,warning_id,recovery-summary,"if (business_type === ""product_based"" && total_units <= 0) { warnings.push(""no_units_sold"");"
components\recovery-summary\RecoverySummaryMainCard.jsx,RecoverySummaryMainCard.jsx,components,279,product_mode_active,snake_case,snake_case_reference,warning_id,recovery-summary,model_confidence_warnings={model_confidence_warnings} product_mode_active={product_mode_active} card={detail_card}
components\recovery-summary\RecoverySummaryMainCard.jsx,RecoverySummaryMainCard.jsx,components,30,product_mode_active,snake_case,snake_case_reference,warning_id,recovery-summary,"model_confidence_warnings, product_mode_active, card,"
components\recovery-summary\RecoverySummaryMainCard.jsx,RecoverySummaryMainCard.jsx,components,87,product_required_cost_label,snake_case,warning_id,warning_id,recovery-summary,product_unit_margin_label={card.product_unit_margin_label} product_required_cost_label={card.product_required_cost_label} product_surplus_gap_label={card.product_surplus_gap_label}
components\recovery-summary\RecoverySummaryStatusStrip.jsx,RecoverySummaryStatusStrip.jsx,components,123,product_required_cost_label,snake_case,warning_id,warning_id,recovery-summary,"<div className=""labour-summary-table-label""> {product_required_cost_label} </div>"
components\recovery-summary\RecoverySummaryStatusStrip.jsx,RecoverySummaryStatusStrip.jsx,components,297,product_required_cost_label,snake_case,warning_id,warning_id,recovery-summary,"product_unit_margin_label, product_required_cost_label, product_surplus_gap_label,"
components\recovery-summary\RecoverySummaryStatusStrip.jsx,RecoverySummaryStatusStrip.jsx,components,340,product_required_cost_label,snake_case,warning_id,warning_id,recovery-summary,product_unit_margin_label={product_unit_margin_label} product_required_cost_label={product_required_cost_label} product_surplus_gap_label={product_surplus_gap_label}
components\recovery-summary\RecoverySummaryStatusStrip.jsx,RecoverySummaryStatusStrip.jsx,components,76,product_required_cost_label,snake_case,warning_id,warning_id,recovery-summary,"product_unit_margin_label = ""Margin per unit"", product_required_cost_label = ""Required cost per unit"", product_surplus_gap_label = ""Surplus / gap per unit"","
components\recovery-summary\main-card\RecoverySupportingEvidenceDetail.jsx,RecoverySupportingEvidenceDetail.jsx,components,123,product_required_cost_label,snake_case,warning_id,warning_id,recovery-summary,"<div className=""labour-summary-table-label""> {product_required_cost_label} </div>"
components\recovery-summary\main-card\RecoverySupportingEvidenceDetail.jsx,RecoverySupportingEvidenceDetail.jsx,components,297,product_required_cost_label,snake_case,warning_id,warning_id,recovery-summary,"product_unit_margin_label, product_required_cost_label, product_surplus_gap_label,"
components\recovery-summary\main-card\RecoverySupportingEvidenceDetail.jsx,RecoverySupportingEvidenceDetail.jsx,components,340,product_required_cost_label,snake_case,warning_id,warning_id,recovery-summary,product_unit_margin_label={product_unit_margin_label} product_required_cost_label={product_required_cost_label} product_surplus_gap_label={product_surplus_gap_label}
components\recovery-summary\main-card\RecoverySupportingEvidenceDetail.jsx,RecoverySupportingEvidenceDetail.jsx,components,76,product_required_cost_label,snake_case,warning_id,warning_id,recovery-summary,"product_unit_margin_label = ""Margin per unit"", product_required_cost_label = ""Required cost per unit"", product_surplus_gap_label = ""Surplus / gap per unit"","
hooks\useRecoverySummary.js,useRecoverySummary.js,hooks,219,product_required_cost_label,snake_case,object_key,warning_id,recovery-summary,"product_unit_margin_label: calculated.product_unit_margin_label, product_required_cost_label: calculated.product_required_cost_label, product_surplus_gap_label: calculated.product_surplus_gap_label,"
lib\calculations\recoverySummaryCalculations.js,recoverySummaryCalculations.js,lib,50,product_required_cost_label,snake_case,object_key,warning_id,recovery-summary,"product_unit_margin_label: ""Weighted margin per blended unit"", product_required_cost_label: ""Required cost per blended unit"", product_surplus_gap_label: ""Surplus / gap per blended unit"","
lib\calculations\recoverySummaryCalculations.js,recoverySummaryCalculations.js,lib,74,product_required_cost_label,snake_case,object_key,warning_id,recovery-summary,"product_unit_margin_label: `${label_prefix}Margin per ${unit_type_label}`, product_required_cost_label: `Required cost per ${unit_type_label}`, product_surplus_gap_label: `Surplus / gap per ${unit_type_label}`,"
lib\selectors\recoverySummarySelectors.js,recoverySummarySelectors.js,lib,580,product_required_cost_label,snake_case,object_key,warning_id,recovery-summary,"calculated.product_unit_margin_label ?? ""Margin per unit"", product_required_cost_label: calculated.product_required_cost_label ?? ""Required cost per unit"","
lib\selectors\recoverySummarySelectors.js,recoverySummarySelectors.js,lib,581,product_required_cost_label,snake_case,warning_id,warning_id,recovery-summary,"product_required_cost_label: calculated.product_required_cost_label ?? ""Required cost per unit"", product_surplus_gap_label:"
components\recovery-summary\RecoverySummaryMainCard.jsx,RecoverySummaryMainCard.jsx,components,88,product_surplus_gap_label,snake_case,warning_id,warning_id,recovery-summary,product_required_cost_label={card.product_required_cost_label} product_surplus_gap_label={card.product_surplus_gap_label} product_total_units_label={card.product_total_units_label}
components\recovery-summary\RecoverySummaryStatusStrip.jsx,RecoverySummaryStatusStrip.jsx,components,141,product_surplus_gap_label,snake_case,warning_id,warning_id,recovery-summary,"<div className=""labour-summary-table-label""> {product_surplus_gap_label} </div>"
components\recovery-summary\RecoverySummaryStatusStrip.jsx,RecoverySummaryStatusStrip.jsx,components,298,product_surplus_gap_label,snake_case,warning_id,warning_id,recovery-summary,"product_required_cost_label, product_surplus_gap_label, product_total_units_label,"
components\recovery-summary\RecoverySummaryStatusStrip.jsx,RecoverySummaryStatusStrip.jsx,components,341,product_surplus_gap_label,snake_case,warning_id,warning_id,recovery-summary,product_required_cost_label={product_required_cost_label} product_surplus_gap_label={product_surplus_gap_label} product_total_units_label={product_total_units_label}
components\recovery-summary\RecoverySummaryStatusStrip.jsx,RecoverySummaryStatusStrip.jsx,components,77,product_surplus_gap_label,snake_case,warning_id,warning_id,recovery-summary,"product_required_cost_label = ""Required cost per unit"", product_surplus_gap_label = ""Surplus / gap per unit"", product_total_units_label = ""Total units"","
components\recovery-summary\main-card\RecoverySupportingEvidenceDetail.jsx,RecoverySupportingEvidenceDetail.jsx,components,141,product_surplus_gap_label,snake_case,warning_id,warning_id,recovery-summary,"<div className=""labour-summary-table-label""> {product_surplus_gap_label} </div>"
components\recovery-summary\main-card\RecoverySupportingEvidenceDetail.jsx,RecoverySupportingEvidenceDetail.jsx,components,298,product_surplus_gap_label,snake_case,warning_id,warning_id,recovery-summary,"product_required_cost_label, product_surplus_gap_label, product_total_units_label,"
components\recovery-summary\main-card\RecoverySupportingEvidenceDetail.jsx,RecoverySupportingEvidenceDetail.jsx,components,341,product_surplus_gap_label,snake_case,warning_id,warning_id,recovery-summary,product_required_cost_label={product_required_cost_label} product_surplus_gap_label={product_surplus_gap_label} product_total_units_label={product_total_units_label}
components\recovery-summary\main-card\RecoverySupportingEvidenceDetail.jsx,RecoverySupportingEvidenceDetail.jsx,components,77,product_surplus_gap_label,snake_case,warning_id,warning_id,recovery-summary,"product_required_cost_label = ""Required cost per unit"", product_surplus_gap_label = ""Surplus / gap per unit"", product_total_units_label = ""Total units"","
hooks\useRecoverySummary.js,useRecoverySummary.js,hooks,220,product_surplus_gap_label,snake_case,object_key,warning_id,recovery-summary,"product_required_cost_label: calculated.product_required_cost_label, product_surplus_gap_label: calculated.product_surplus_gap_label, product_total_units_label: calculated.product_total_units_label,"
lib\calculations\recoverySummaryCalculations.js,recoverySummaryCalculations.js,lib,51,product_surplus_gap_label,snake_case,object_key,warning_id,recovery-summary,"product_required_cost_label: ""Required cost per blended unit"", product_surplus_gap_label: ""Surplus / gap per blended unit"", product_total_units_label: ""Total units"","
lib\calculations\recoverySummaryCalculations.js,recoverySummaryCalculations.js,lib,75,product_surplus_gap_label,snake_case,object_key,warning_id,recovery-summary,"product_required_cost_label: `Required cost per ${unit_type_label}`, product_surplus_gap_label: `Surplus / gap per ${unit_type_label}`, product_total_units_label: `Total units: ${unit_type_label}`,"
lib\selectors\recoverySummarySelectors.js,recoverySummarySelectors.js,lib,582,product_surplus_gap_label,snake_case,object_key,warning_id,recovery-summary,"calculated.product_required_cost_label ?? ""Required cost per unit"", product_surplus_gap_label: calculated.product_surplus_gap_label ?? ""Surplus / gap per unit"","
lib\selectors\recoverySummarySelectors.js,recoverySummarySelectors.js,lib,583,product_surplus_gap_label,snake_case,warning_id,warning_id,recovery-summary,"product_surplus_gap_label: calculated.product_surplus_gap_label ?? ""Surplus / gap per unit"", product_total_units_label:"
lib\calculations\recoverySummaryCalculations.js,recoverySummaryCalculations.js,lib,797,product_unit_shortfall,snake_case,warning_id,warning_id,recovery-summary,"if (is_product_based && unit_surplus_or_gap < 0) { warnings.push(""product_unit_shortfall""); }"
lib\selectors\recoverySummarySelectors.js,recoverySummarySelectors.js,lib,100,product_unit_shortfall,snake_case,object_key,warning_id,recovery-summary,"product_unit_shortfall: ""Current unit volume is below the break-even unit requirement."","
lib\calculations\recoverySummaryCalculations.js,recoverySummaryCalculations.js,lib,744,ready,plain,status_value,warning_id,recovery-summary,"if (model_trust_state !== ""ready"" && model_trust_state !== ""warning"") { warnings.push(""upstream_model_not_ready"");"
lib\selectors\recoverySummarySelectors.js,recoverySummarySelectors.js,lib,228,ready,plain,status_value,warning_id,recovery-summary,"return ( calculated.model_trust_state === ""ready"" || calculated.model_trust_state === ""warning"""
lib\selectors\recoverySummarySelectors.js,recoverySummarySelectors.js,lib,303,ready,plain,status_value,warning_id,recovery-summary,"? ""blocked"" : calculated.model_trust_state !== ""ready"" && calculated.model_trust_state !== ""warning"""
lib\selectors\recoverySummarySelectors.js,recoverySummarySelectors.js,lib,307,ready,plain,status_value,warning_id,recovery-summary,": warning_items.length === 0 ? ""ready"" : ""ready_with_warnings"";"
lib\selectors\recoverySummarySelectors.js,recoverySummarySelectors.js,lib,311,ready,plain,status_value,warning_id,recovery-summary,"const recovery_summary_ready = recovery_summary_status === ""ready"" || recovery_summary_status === ""ready_with_warnings"";"
components\recovery-summary\RecoverySummaryMainCard.jsx,RecoverySummaryMainCard.jsx,components,23,recovery_driver_label,snake_case,snake_case_reference,warning_id,recovery-summary,"business_type_label, recovery_driver_label, warning_count,"
components\recovery-summary\RecoverySummaryMainCard.jsx,RecoverySummaryMainCard.jsx,components,103,recovery_failure_path,snake_case,snake_case_reference,warning_id,recovery-summary,primary_recovery_warning={primary_recovery_warning} recovery_failure_path={recovery_failure_path} />
components\recovery-summary\RecoverySummaryMainCard.jsx,RecoverySummaryMainCard.jsx,components,118,recovery_failure_path,snake_case,snake_case_reference,warning_id,recovery-summary,"primary_recovery_warning, recovery_failure_path = [],"
components\recovery-summary\RecoverySummaryMainCard.jsx,RecoverySummaryMainCard.jsx,components,147,recovery_failure_path,snake_case,snake_case_reference,warning_id,recovery-summary,const model_confidence_warnings = get_model_confidence_warnings(recovery_failure_path);
components\recovery-summary\RecoverySummaryMainCard.jsx,RecoverySummaryMainCard.jsx,components,151,recovery_failure_path,snake_case,snake_case_reference,warning_id,recovery-summary,"primary_recovery_warning, recovery_failure_path, });"
components\recovery-summary\RecoverySummaryMainCard.jsx,RecoverySummaryMainCard.jsx,components,155,recovery_failure_path,snake_case,snake_case_reference,warning_id,recovery-summary,const effective_warning_count = recovery_warning_count ?? warning_count ?? recovery_failure_path.length ?? 0;
components\recovery-summary\RecoverySummaryMainCard.jsx,RecoverySummaryMainCard.jsx,components,166,recovery_failure_path,snake_case,snake_case_reference,warning_id,recovery-summary,"primary_commercial_warning, recovery_failure_path, });"
components\recovery-summary\RecoverySummaryMainCard.jsx,RecoverySummaryMainCard.jsx,components,277,recovery_failure_path,snake_case,snake_case_reference,warning_id,recovery-summary,primary_recovery_warning={primary_commercial_warning} recovery_failure_path={effective_failure_path} model_confidence_warnings={model_confidence_warnings}
components\recovery-summary\RecoverySummaryMainCard.jsx,RecoverySummaryMainCard.jsx,components,28,recovery_failure_path,snake_case,snake_case_reference,warning_id,recovery-summary,"primary_recovery_warning, recovery_failure_path, model_confidence_warnings,"
components\recovery-summary\RecoverySummaryNoteDrilldown.jsx,RecoverySummaryNoteDrilldown.jsx,components,117,recovery_failure_path,snake_case,snake_case_reference,warning_id,recovery-summary,"primary_recovery_warning = null, recovery_failure_path = [], }) {"
components\recovery-summary\main-card\recoverySummaryWarningHelpers.js,recoverySummaryWarningHelpers.js,components,13,recovery_failure_path,snake_case,snake_case_reference,warning_id,recovery-summary,export function get_commercial_failure_path(recovery_failure_path = []) { const rows = Array.isArray(recovery_failure_path)
components\recovery-summary\main-card\recoverySummaryWarningHelpers.js,recoverySummaryWarningHelpers.js,components,14,recovery_failure_path,snake_case,snake_case_reference,warning_id,recovery-summary,export function get_commercial_failure_path(recovery_failure_path = []) { const rows = Array.isArray(recovery_failure_path) ? recovery_failure_path
components\recovery-summary\main-card\recoverySummaryWarningHelpers.js,recoverySummaryWarningHelpers.js,components,15,recovery_failure_path,snake_case,snake_case_reference,warning_id,recovery-summary,const rows = Array.isArray(recovery_failure_path) ? recovery_failure_path : [];
components\recovery-summary\main-card\recoverySummaryWarningHelpers.js,recoverySummaryWarningHelpers.js,components,21,recovery_failure_path,snake_case,snake_case_reference,warning_id,recovery-summary,export function get_model_confidence_warnings(recovery_failure_path = []) { const rows = Array.isArray(recovery_failure_path)
components\recovery-summary\main-card\recoverySummaryWarningHelpers.js,recoverySummaryWarningHelpers.js,components,22,recovery_failure_path,snake_case,snake_case_reference,warning_id,recovery-summary,export function get_model_confidence_warnings(recovery_failure_path = []) { const rows = Array.isArray(recovery_failure_path) ? recovery_failure_path
components\recovery-summary\main-card\recoverySummaryWarningHelpers.js,recoverySummaryWarningHelpers.js,components,23,recovery_failure_path,snake_case,snake_case_reference,warning_id,recovery-summary,const rows = Array.isArray(recovery_failure_path) ? recovery_failure_path : [];
components\recovery-summary\main-card\recoverySummaryWarningHelpers.js,recoverySummaryWarningHelpers.js,components,29,recovery_failure_path,snake_case,snake_case_reference,warning_id,recovery-summary,export function has_model_confidence_warning(recovery_failure_path = []) { return get_model_confidence_warnings(recovery_failure_path).length > 0;
components\recovery-summary\main-card\recoverySummaryWarningHelpers.js,recoverySummaryWarningHelpers.js,components,30,recovery_failure_path,snake_case,snake_case_reference,warning_id,recovery-summary,export function has_model_confidence_warning(recovery_failure_path = []) { return get_model_confidence_warnings(recovery_failure_path).length > 0; }
components\recovery-summary\main-card\recoverySummaryWarningHelpers.js,recoverySummaryWarningHelpers.js,components,35,recovery_failure_path,snake_case,snake_case_reference,warning_id,recovery-summary,"primary_recovery_warning, recovery_failure_path = [], }) {"
components\recovery-summary\main-card\recoverySummaryWarningHelpers.js,recoverySummaryWarningHelpers.js,components,45,recovery_failure_path,snake_case,snake_case_reference,warning_id,recovery-summary,const commercial_failures = get_commercial_failure_path( recovery_failure_path );
components\recovery-summary\main-card\recoverySummaryWarningHelpers.js,recoverySummaryWarningHelpers.js,components,51,recovery_failure_path,snake_case,snake_case_reference,warning_id,recovery-summary,export function has_commercial_blocking_warning(recovery_failure_path = []) { return get_commercial_failure_path(recovery_failure_path).some(
components\recovery-summary\main-card\recoverySummaryWarningHelpers.js,recoverySummaryWarningHelpers.js,components,52,recovery_failure_path,snake_case,snake_case_reference,warning_id,recovery-summary,"export function has_commercial_blocking_warning(recovery_failure_path = []) { return get_commercial_failure_path(recovery_failure_path).some( (warning) => warning.severity === ""blocking"""
components\recovery-summary\main-card\recoverySummaryWarningHelpers.js,recoverySummaryWarningHelpers.js,components,61,recovery_failure_path,snake_case,snake_case_reference,warning_id,recovery-summary,"primary_commercial_warning, recovery_failure_path = [], }) {"
components\recovery-summary\main-card\recoverySummaryWarningHelpers.js,recoverySummaryWarningHelpers.js,components,64,recovery_failure_path,snake_case,snake_case_reference,warning_id,recovery-summary,const has_commercial_failure = get_commercial_failure_path(recovery_failure_path).length > 0;
components\recovery-summary\main-card\recoverySummaryWarningHelpers.js,recoverySummaryWarningHelpers.js,components,67,recovery_failure_path,snake_case,snake_case_reference,warning_id,recovery-summary,const has_confidence_warning = has_model_confidence_warning(recovery_failure_path);
components\recovery-summary\main-card\recoverySummaryWarningHelpers.js,recoverySummaryWarningHelpers.js,components,69,recovery_failure_path,snake_case,snake_case_reference,warning_id,recovery-summary,"if (has_commercial_blocking_warning(recovery_failure_path)) { return ""Not recoverable"";"
hooks\useRecoverySummary.js,useRecoverySummary.js,hooks,228,recovery_failure_path,snake_case,object_key,warning_id,recovery-summary,"cascade_recovery_warnings: card.cascade_recovery_warnings, recovery_failure_path: card.recovery_failure_path, has_primary_recovery_warning: card.has_primary_recovery_warning,"
lib\recovery\recoveryRiskWarningSystem.js,recoveryRiskWarningSystem.js,lib,171,recovery_failure_path,snake_case,object_key,warning_id,recovery-summary,"cascade_warnings, recovery_failure_path: sorted_warnings, has_primary_warning: Boolean(primary_warning),"
lib\recovery\recoveryRiskWarningSystem.js,recoveryRiskWarningSystem.js,lib,601,recovery_failure_path,snake_case,object_key,warning_id,recovery-summary,"cascade_recovery_warnings: hierarchy.cascade_warnings, recovery_failure_path: hierarchy.recovery_failure_path, has_primary_recovery_warning: hierarchy.has_primary_warning,"
lib\selectors\recoverySummarySelectors.js,recoverySummarySelectors.js,lib,688,recovery_failure_path,snake_case,object_key,warning_id,recovery-summary,"recovery_failure_path: recovery_warning_system.recovery_failure_path ?? [],"
lib\selectors\recoverySummarySelectors.js,recoverySummarySelectors.js,lib,689,recovery_failure_path,snake_case,snake_case_reference,warning_id,recovery-summary,"recovery_failure_path: recovery_warning_system.recovery_failure_path ?? [],"
components\recovery-summary\main-card\RecoveryDriverDetail.jsx,RecoveryDriverDetail.jsx,components,13,recovery_gap,snake_case,declaration,warning_id,recovery-summary,}) { const recovery_gap = Number(profit_or_deficit_per_recovery_hour ?? 0); const recovery_gap_abs = Math.abs(recovery_gap);
components\recovery-summary\main-card\RecoveryDriverDetail.jsx,RecoveryDriverDetail.jsx,components,14,recovery_gap,snake_case,warning_id,warning_id,recovery-summary,const recovery_gap = Number(profit_or_deficit_per_recovery_hour ?? 0); const recovery_gap_abs = Math.abs(recovery_gap);
components\recovery-summary\main-card\RecoveryDriverDetail.jsx,RecoveryDriverDetail.jsx,components,17,recovery_gap,snake_case,warning_id,warning_id,recovery-summary,const recovery_result_text = recovery_gap < 0 ? `Every recoverable hour is currently ${format_rate(
components\recovery-summary\main-card\RecoveryDriverDetail.jsx,RecoveryDriverDetail.jsx,components,21,recovery_gap,snake_case,warning_id,warning_id,recovery-summary,)} below the required recovery rate.` : recovery_gap > 0 ? `Every recoverable hour is currently ${format_rate(
components\recovery-summary\main-card\RecoveryDriverDetail.jsx,RecoveryDriverDetail.jsx,components,23,recovery_gap,snake_case,warning_id,warning_id,recovery-summary,? `Every recoverable hour is currently ${format_rate( recovery_gap )} above the required recovery rate.`
lib\recovery\recoveryRiskWarningSystem.js,recoveryRiskWarningSystem.js,lib,436,recovery_gap,snake_case,declaration,warning_id,recovery-summary,const safe_total_cost_burden = round_currency(total_cost_burden); const recovery_gap = round_currency(safe_margin_pool - safe_total_cost_burden);
lib\recovery\recoveryRiskWarningSystem.js,recoveryRiskWarningSystem.js,lib,483,recovery_gap,snake_case,warning_id,warning_id,recovery-summary,"message: `Margin pool is below total cost burden by $${Math.abs( recovery_gap ).toLocaleString()}.`,"
lib\recovery\recoveryRiskWarningSystem.js,recoveryRiskWarningSystem.js,lib,501,recovery_gap,snake_case,warning_id,warning_id,recovery-summary,"total_cost_burden: safe_total_cost_burden, recovery_gap, },"
components\recovery-summary\main-card\RecoveryDriverDetail.jsx,RecoveryDriverDetail.jsx,components,14,recovery_gap_abs,snake_case,declaration,warning_id,recovery-summary,const recovery_gap = Number(profit_or_deficit_per_recovery_hour ?? 0); const recovery_gap_abs = Math.abs(recovery_gap);
components\recovery-summary\main-card\RecoveryDriverDetail.jsx,RecoveryDriverDetail.jsx,components,19,recovery_gap_abs,snake_case,warning_id,warning_id,recovery-summary,? `Every recoverable hour is currently ${format_rate( recovery_gap_abs )} below the required recovery rate.`
components\recovery-summary\recoverySummaryWarningDetails.js,recoverySummaryWarningDetails.js,components,41,recovery_gap_negative,snake_case,object_key,warning_id,recovery-summary,"recovery_gap_negative: { title: ""Required recovery level is not being met"","
lib\calculations\recoverySummaryCalculations.js,recoverySummaryCalculations.js,lib,813,recovery_gap_negative,snake_case,warning_id,warning_id,recovery-summary,"if (recovery_gap_per_driver < 0) { warnings.push(""recovery_gap_negative""); }"
lib\selectors\recoverySummarySelectors.js,recoverySummarySelectors.js,lib,112,recovery_gap_negative,snake_case,object_key,warning_id,recovery-summary,"recovery_gap_negative: ""The business is not currently generating enough margin to meet its required recovery level."","
components\recovery-summary\RecoverySummaryMainCard.jsx,RecoverySummaryMainCard.jsx,components,131,recovery_gap_per_driver,snake_case,warning_id,warning_id,recovery-summary,"required_recovery_per_driver, recovery_gap_per_driver,"
components\recovery-summary\RecoverySummaryMainCard.jsx,RecoverySummaryMainCard.jsx,components,188,recovery_gap_per_driver,snake_case,warning_id,warning_id,recovery-summary,"required_recovery_per_driver, recovery_gap_per_driver, total_revenue,"
components\recovery-summary\recoverySummaryWarningDetails.js,recoverySummaryWarningDetails.js,components,10,recovery_gap_per_driver,snake_case,warning_id,warning_id,recovery-summary,"required_recovery_per_driver, recovery_gap_per_driver, total_revenue,"
components\recovery-summary\recoverySummaryWarningDetails.js,recoverySummaryWarningDetails.js,components,59,recovery_gap_per_driver,snake_case,warning_id,warning_id,recovery-summary,"label: ""Recovery Gap"", value: format_currency(recovery_gap_per_driver), emphasis: true,"
hooks\useRecoverySummary.js,useRecoverySummary.js,hooks,106,recovery_gap_per_driver,snake_case,object_key,warning_id,recovery-summary,"current_margin_per_driver: calculated.current_margin_per_driver, recovery_gap_per_driver: calculated.recovery_gap_per_driver,"
lib\calculations\recoverySummaryCalculations.js,recoverySummaryCalculations.js,lib,385,recovery_gap_per_driver,snake_case,declaration,warning_id,recovery-summary,const current_margin_per_driver = to_number(input.current_margin_per_driver); const recovery_gap_per_driver = to_number(input.recovery_gap_per_driver);
lib\calculations\recoverySummaryCalculations.js,recoverySummaryCalculations.js,lib,812,recovery_gap_per_driver,snake_case,warning_id,warning_id,recovery-summary,"if (recovery_gap_per_driver < 0) { warnings.push(""recovery_gap_negative"");"
lib\calculations\recoverySummaryCalculations.js,recoverySummaryCalculations.js,lib,844,recovery_gap_per_driver,snake_case,object_key,warning_id,recovery-summary,"current_margin_per_driver: round_currency(current_margin_per_driver), recovery_gap_per_driver: round_currency(recovery_gap_per_driver),"
lib\selectors\recoverySummarySelectors.js,recoverySummarySelectors.js,lib,503,recovery_gap_per_driver,snake_case,object_key,warning_id,recovery-summary,"current_margin_per_driver: calculated.current_margin_per_driver ?? 0, recovery_gap_per_driver: calculated.recovery_gap_per_driver ?? 0, recovery_plan_target_per_driver:"
lib\calculations\recoverySummaryCalculations.js,recoverySummaryCalculations.js,lib,772,recovery_hours_used,snake_case,snake_case_reference,warning_id,recovery-summary,"if (business_type === ""labour_based"" && recovery_hours_used <= 0) { warnings.push(""no_productive_output"");"
lib\calculations\recoverySummaryCalculations.js,recoverySummaryCalculations.js,lib,776,recovery_mode,snake_case,snake_case_reference,warning_id,recovery-summary,"if (recovery_mode === ""hours_based"" && total_people_cost_annual <= 0) { warnings.push(""missing_labour_cost"");"
lib\calculations\recoverySummaryCalculations.js,recoverySummaryCalculations.js,lib,816,recovery_mode,snake_case,snake_case_reference,warning_id,recovery-summary,"if (material_recovery_included && recovery_mode !== ""hours_based"") { warnings.push(""material_margin_unverified"");"
lib\calculations\recoverySummaryCalculations.js,recoverySummaryCalculations.js,lib,820,recovery_mode,snake_case,snake_case_reference,warning_id,recovery-summary,"if (asset_recovery_included && recovery_mode !== ""hours_based"") { warnings.push(""asset_utilisation_unverified"");"
lib\recovery\recoveryRiskWarningSystem.js,recoveryRiskWarningSystem.js,lib,515,recovery_rate,snake_case,snake_case_reference,warning_id,recovery-summary,"cost_stream: ""all"", driver: ""recovery_rate"", headline: ""Required recovery level is not being met"","
lib\recovery\recoveryRiskWarningSystem.js,recoveryRiskWarningSystem.js,lib,440,recovery_rate_gap,snake_case,declaration,warning_id,recovery-summary,const safe_required_recovery_rate = round_currency(required_recovery_rate); const recovery_rate_gap = round_currency( safe_current_recovery_rate - safe_required_recovery_rate
lib\recovery\recoveryRiskWarningSystem.js,recoveryRiskWarningSystem.js,lib,533,recovery_rate_gap,snake_case,warning_id,warning_id,recovery-summary,"required_recovery_rate: safe_required_recovery_rate, recovery_rate_gap, },"
lib\recovery\recoveryRiskWarningSystem.js,recoveryRiskWarningSystem.js,lib,239,recovery_share_above_100,snake_case,snake_case_reference,warning_id,recovery-summary,"build_recovery_warning({ warning_id: ""recovery_share_above_100"", severity: WARNING_SEVERITY.BLOCKING,"
lib\recovery\recoveryRiskWarningSystem.js,recoveryRiskWarningSystem.js,lib,269,recovery_share_balanced,snake_case,snake_case_reference,warning_id,recovery-summary,"build_recovery_warning({ warning_id: ""recovery_share_balanced"", severity: WARNING_SEVERITY.INFO,"
lib\recovery\recoveryRiskWarningSystem.js,recoveryRiskWarningSystem.js,lib,208,recovery_share_below_100,snake_case,snake_case_reference,warning_id,recovery-summary,"build_recovery_warning({ warning_id: ""recovery_share_below_100"", severity: WARNING_SEVERITY.BLOCKING,"
lib\recovery\recoveryRiskWarningSystem.js,recoveryRiskWarningSystem.js,lib,580,recovery_strategy,snake_case,snake_case_reference,warning_id,recovery-summary,"cost_stream: ""all"", driver: ""recovery_strategy"", headline: ""Recovery strategy can be carried forward"","
lib\recovery\recoveryRiskWarningSystem.js,recoveryRiskWarningSystem.js,lib,575,recovery_strategy_can_be_carried_forward,snake_case,snake_case_reference,warning_id,recovery-summary,"build_recovery_warning({ warning_id: ""recovery_strategy_can_be_carried_forward"", severity: WARNING_SEVERITY.INFO,"
lib\recovery\recoveryRiskWarningSystem.js,recoveryRiskWarningSystem.js,lib,542,recovery_stream_cross_subsidy_risk,snake_case,snake_case_reference,warning_id,recovery-summary,"build_recovery_warning({ warning_id: ""recovery_stream_cross_subsidy_risk"", severity: WARNING_SEVERITY.REVIEW,"
lib\recovery\recoveryRiskWarningSystem.js,recoveryRiskWarningSystem.js,lib,547,recovery_streams,snake_case,snake_case_reference,warning_id,recovery-summary,"cost_stream: ""all"", driver: ""recovery_streams"", headline: ""Recovery streams need review"","
lib\calculations\recoveryOutcomeCalculations.js,recoveryOutcomeCalculations.js,lib,102,recovery_summary,snake_case,snake_case_reference,warning_id,recovery-summary,"), ...as_array(recovery_summary.warnings).map((warning) => normalise_warning(warning, ""Recovery Summary"")"
lib\calculations\recoveryOutcomeCalculations.js,recoveryOutcomeCalculations.js,lib,409,recovery_summary,snake_case,snake_case_reference,warning_id,recovery-summary,if (!recovery_summary.recovery_plan_target_per_driver) { warnings.push(
lib\calculations\recoveryOutcomeCalculations.js,recoveryOutcomeCalculations.js,lib,415,recovery_summary,snake_case,snake_case_reference,warning_id,recovery-summary,"if (!recovery_summary.recovery_plan_split) { warnings.push(make_warning(""missing_recovery_plan_split"", ""Business Outcome""));"
lib\calculations\recoveryOutcomeCalculations.js,recoveryOutcomeCalculations.js,lib,419,recovery_summary,snake_case,snake_case_reference,warning_id,recovery-summary,if (!recovery_summary.component_required_recovery) { warnings.push(
lib\calculations\recoveryOutcomeCalculations.js,recoveryOutcomeCalculations.js,lib,429,recovery_summary,snake_case,snake_case_reference,warning_id,recovery-summary,"if (to_number(recovery_summary.activity_driver_value) <= 0) { warnings.push(make_warning(""missing_activity_driver"", ""Business Outcome""));"
lib\calculations\recoveryOutcomeCalculations.js,recoveryOutcomeCalculations.js,lib,433,recovery_summary,snake_case,snake_case_reference,warning_id,recovery-summary,"if (to_number(recovery_summary.net_position) < 0) { warnings.push(make_warning(""negative_net_position"", ""Business Outcome""));"
lib\calculations\recoveryOutcomeCalculations.js,recoveryOutcomeCalculations.js,lib,437,recovery_summary,snake_case,snake_case_reference,warning_id,recovery-summary,"if (to_number(recovery_summary.recovery_gap_per_driver) < 0) { warnings.push(make_warning(""negative_recovery_gap"", ""Business Outcome""));"
lib\calculations\recoveryOutcomeCalculations.js,recoveryOutcomeCalculations.js,lib,470,recovery_summary,snake_case,snake_case_reference,warning_id,recovery-summary,"const base_warnings = collect_warnings({ recovery_summary, cost_allocation,"
lib\calculations\recoveryOutcomeCalculations.js,recoveryOutcomeCalculations.js,lib,97,recovery_summary,snake_case,snake_case_reference,warning_id,recovery-summary,"function collect_warnings({ recovery_summary = {}, cost_allocation = {} }) { return ["
lib\calculations\recoveryOutcomeCalculations.js,recoveryOutcomeCalculations.js,lib,99,recovery_summary,snake_case,snake_case_reference,warning_id,recovery-summary,"return [ ...as_array(recovery_summary.recovery_summary_warnings).map((warning) => normalise_warning(warning, ""Recovery Summary"")"
lib\recovery\recoveryRiskWarningSystem.js,recoveryRiskWarningSystem.js,lib,450,recovery_summary,snake_case,snake_case_reference,warning_id,recovery-summary,"priority: WARNING_PRIORITY.SOURCE_TRUST, module: ""recovery_summary"", cost_stream: ""all"","
lib\recovery\recoveryRiskWarningSystem.js,recoveryRiskWarningSystem.js,lib,478,recovery_summary,snake_case,snake_case_reference,warning_id,recovery-summary,"priority: WARNING_PRIORITY.GROSS_PROFIT, module: ""recovery_summary"", cost_stream: ""all"","
lib\recovery\recoveryRiskWarningSystem.js,recoveryRiskWarningSystem.js,lib,513,recovery_summary,snake_case,snake_case_reference,warning_id,recovery-summary,"priority: WARNING_PRIORITY.RECOVERY_RATE, module: ""recovery_summary"", cost_stream: ""all"","
lib\recovery\recoveryRiskWarningSystem.js,recoveryRiskWarningSystem.js,lib,545,recovery_summary,snake_case,snake_case_reference,warning_id,recovery-summary,"priority: WARNING_PRIORITY.RECOVERY_STREAM, module: ""recovery_summary"", cost_stream: ""all"","
lib\recovery\recoveryRiskWarningSystem.js,recoveryRiskWarningSystem.js,lib,578,recovery_summary,snake_case,snake_case_reference,warning_id,recovery-summary,"priority: WARNING_PRIORITY.INFO, module: ""recovery_summary"", cost_stream: ""all"","
lib\selectors\recoverySummarySelectors.js,recoverySummarySelectors.js,lib,351,recovery_summary_usable,snake_case,object_key,warning_id,recovery-summary,"recovery_summary_warnings: warning_items, recovery_summary_usable: recovery_summary_ready, has_blocking_warnings: has_blocking_warning,"
components\recovery-summary\RecoverySummaryRequirementBlock.jsx,RecoverySummaryRequirementBlock.jsx,components,162,recovery_variance_display,snake_case,warning_id,warning_id,recovery-summary,"<div className=""labour-summary-table-value""> {recovery_variance_display} </div>"
components\recovery-summary\RecoverySummaryRequirementBlock.jsx,RecoverySummaryRequirementBlock.jsx,components,54,recovery_variance_display,snake_case,declaration,warning_id,recovery-summary,"const recovery_variance_display = format_rate( profit_or_deficit_per_recovery_hour,"
components\recovery-summary\RecoverySummaryMainCard.jsx,RecoverySummaryMainCard.jsx,components,116,recovery_warning_count,snake_case,warning_id,warning_id,recovery-summary,"recovery_warning_count, primary_recovery_warning,"
components\recovery-summary\RecoverySummaryMainCard.jsx,RecoverySummaryMainCard.jsx,components,155,recovery_warning_count,snake_case,warning_id,warning_id,recovery-summary,const effective_warning_count = recovery_warning_count ?? warning_count ?? recovery_failure_path.length ?? 0;
hooks\useRecoverySummary.js,useRecoverySummary.js,hooks,235,recovery_warning_count,snake_case,object_key,warning_id,recovery-summary,"info_recovery_warning_count: card.info_recovery_warning_count, recovery_warning_count: card.recovery_warning_count,"
lib\recovery\recoveryRiskWarningSystem.js,recoveryRiskWarningSystem.js,lib,608,recovery_warning_count,snake_case,object_key,warning_id,recovery-summary,"info_recovery_warning_count: hierarchy.info_warning_count, recovery_warning_count: hierarchy.warning_count, };"
lib\selectors\recoverySummarySelectors.js,recoverySummarySelectors.js,lib,709,recovery_warning_count,snake_case,object_key,warning_id,recovery-summary,"recovery_warning_count: recovery_warning_system.recovery_warning_count ?? 0,"
lib\selectors\recoverySummarySelectors.js,recoverySummarySelectors.js,lib,710,recovery_warning_count,snake_case,warning_id,warning_id,recovery-summary,"recovery_warning_count: recovery_warning_system.recovery_warning_count ?? 0,"
hooks\useRecoverySummary.js,useRecoverySummary.js,hooks,225,recovery_warning_rows,snake_case,object_key,warning_id,recovery-summary,"recovery_warning_rows: card.recovery_warning_rows, primary_recovery_warning: card.primary_recovery_warning,"
lib\recovery\recoveryRiskWarningSystem.js,recoveryRiskWarningSystem.js,lib,598,recovery_warning_rows,snake_case,object_key,warning_id,recovery-summary,"return { recovery_warning_rows: warnings, primary_recovery_warning: hierarchy.primary_warning,"
lib\selectors\recoverySummarySelectors.js,recoverySummarySelectors.js,lib,679,recovery_warning_rows,snake_case,object_key,warning_id,recovery-summary,"recovery_warning_rows: recovery_warning_system.recovery_warning_rows ?? [],"
lib\selectors\recoverySummarySelectors.js,recoverySummarySelectors.js,lib,680,recovery_warning_rows,snake_case,warning_id,warning_id,recovery-summary,"recovery_warning_rows: recovery_warning_system.recovery_warning_rows ?? [],"
lib\selectors\recoverySummarySelectors.js,recoverySummarySelectors.js,lib,455,recovery_warning_system,snake_case,declaration,warning_id,recovery-summary,"const recovery_warning_system = build_recovery_summary_warning_system({ business_summary_trusted: is_business_summary_trusted(calculated),"
lib\selectors\recoverySummarySelectors.js,recoverySummarySelectors.js,lib,680,recovery_warning_system,snake_case,warning_id,warning_id,recovery-summary,"recovery_warning_rows: recovery_warning_system.recovery_warning_rows ?? [],"
lib\selectors\recoverySummarySelectors.js,recoverySummarySelectors.js,lib,683,recovery_warning_system,snake_case,warning_id,warning_id,recovery-summary,"primary_recovery_warning: recovery_warning_system.primary_recovery_warning ?? null,"
lib\selectors\recoverySummarySelectors.js,recoverySummarySelectors.js,lib,686,recovery_warning_system,snake_case,warning_id,warning_id,recovery-summary,"cascade_recovery_warnings: recovery_warning_system.cascade_recovery_warnings ?? [],"
lib\selectors\recoverySummarySelectors.js,recoverySummarySelectors.js,lib,689,recovery_warning_system,snake_case,warning_id,warning_id,recovery-summary,"recovery_failure_path: recovery_warning_system.recovery_failure_path ?? [],"
lib\selectors\recoverySummarySelectors.js,recoverySummarySelectors.js,lib,692,recovery_warning_system,snake_case,warning_id,warning_id,recovery-summary,"has_primary_recovery_warning: recovery_warning_system.has_primary_recovery_warning === true,"
lib\selectors\recoverySummarySelectors.js,recoverySummarySelectors.js,lib,695,recovery_warning_system,snake_case,warning_id,warning_id,recovery-summary,"has_blocking_recovery_warning: recovery_warning_system.has_blocking_recovery_warning === true,"
lib\selectors\recoverySummarySelectors.js,recoverySummarySelectors.js,lib,698,recovery_warning_system,snake_case,warning_id,warning_id,recovery-summary,"has_review_recovery_warning: recovery_warning_system.has_review_recovery_warning === true,"
lib\selectors\recoverySummarySelectors.js,recoverySummarySelectors.js,lib,701,recovery_warning_system,snake_case,warning_id,warning_id,recovery-summary,"blocking_recovery_warning_count: recovery_warning_system.blocking_recovery_warning_count ?? 0,"
lib\selectors\recoverySummarySelectors.js,recoverySummarySelectors.js,lib,704,recovery_warning_system,snake_case,warning_id,warning_id,recovery-summary,"review_recovery_warning_count: recovery_warning_system.review_recovery_warning_count ?? 0,"
lib\selectors\recoverySummarySelectors.js,recoverySummarySelectors.js,lib,707,recovery_warning_system,snake_case,warning_id,warning_id,recovery-summary,"info_recovery_warning_count: recovery_warning_system.info_recovery_warning_count ?? 0,"
lib\selectors\recoverySummarySelectors.js,recoverySummarySelectors.js,lib,710,recovery_warning_system,snake_case,warning_id,warning_id,recovery-summary,"recovery_warning_count: recovery_warning_system.recovery_warning_count ?? 0,"
components\recovery-summary\recoverySummaryWarningDetails.js,recoverySummaryWarningDetails.js,components,55,required_recovery_per_driver,snake_case,snake_case_reference,warning_id,recovery-summary,"label: ""Required Recovery"", value: format_currency(required_recovery_per_driver), },"
components\recovery-summary\recoverySummaryWarningDetails.js,recoverySummaryWarningDetails.js,components,9,required_recovery_per_driver,snake_case,snake_case_reference,warning_id,recovery-summary,"current_margin_per_driver, required_recovery_per_driver, recovery_gap_per_driver,"
lib\calculations\recoverySummaryCalculations.js,recoverySummaryCalculations.js,lib,800,required_recovery_per_driver,snake_case,snake_case_reference,warning_id,recovery-summary,"if (required_recovery_per_driver <= 0) { warnings.push(""no_required_recovery_per_driver"");"
lib\recovery\recoveryRiskWarningSystem.js,recoveryRiskWarningSystem.js,lib,67,resolved_message,snake_case,declaration,warning_id,recovery-summary,"}) { const resolved_message = message || ""Review this recovery setup."";"
lib\recovery\recoveryRiskWarningSystem.js,recoveryRiskWarningSystem.js,lib,77,resolved_message,snake_case,snake_case_reference,warning_id,recovery-summary,"message: resolved_message, headline: headline || resolved_message,"
lib\recovery\recoveryRiskWarningSystem.js,recoveryRiskWarningSystem.js,lib,78,resolved_message,snake_case,snake_case_reference,warning_id,recovery-summary,"message: resolved_message, headline: headline || resolved_message, plain_english: plain_english || resolved_message,"
lib\recovery\recoveryRiskWarningSystem.js,recoveryRiskWarningSystem.js,lib,79,resolved_message,snake_case,snake_case_reference,warning_id,recovery-summary,"headline: headline || resolved_message, plain_english: plain_english || resolved_message,"
lib\recovery\recoveryRiskWarningSystem.js,recoveryRiskWarningSystem.js,lib,218,review_action,snake_case,object_key,warning_id,recovery-summary,"""Some of the recovery burden has not been assigned to a recovery stream."", review_action: ""Allocate the remaining recovery share before trusting the recovery model."","
lib\recovery\recoveryRiskWarningSystem.js,recoveryRiskWarningSystem.js,lib,249,review_action,snake_case,object_key,warning_id,recovery-summary,"""The same recovery burden is being over-allocated across the recovery streams."", review_action: ""Reduce recovery shares so the total equals 100%."", cause: ""Recovery share total is above 100%."","
lib\recovery\recoveryRiskWarningSystem.js,recoveryRiskWarningSystem.js,lib,279,review_action,snake_case,object_key,warning_id,recovery-summary,"""The recovery burden has been fully assigned across the selected recovery streams."", review_action: ""No share total action required. Review individual drivers before relying on the model."","
lib\recovery\recoveryRiskWarningSystem.js,recoveryRiskWarningSystem.js,lib,326,review_action,snake_case,object_key,warning_id,recovery-summary,"""This cost stream exists, but it is not currently being recovered through the model."", review_action: ""Assign a recovery share or confirm this cost stream is intentionally excluded."","
lib\recovery\recoveryRiskWarningSystem.js,recoveryRiskWarningSystem.js,lib,349,review_action,snake_case,object_key,warning_id,recovery-summary,"""This cost stream is meant to recover cost, but the driver needed to calculate recovery is disabled."", review_action: ""Enable a recovery driver or remove this recovery share."", cause: ""Recovery share exists but driver is disabled."","
lib\recovery\recoveryRiskWarningSystem.js,recoveryRiskWarningSystem.js,lib,371,review_action,snake_case,object_key,warning_id,recovery-summary,"""This cost stream has recovery assigned, but there is no driver quantity to spread the cost across."", review_action: ""Enter a valid recovery driver quantity before relying on this recovery rate."","
lib\recovery\recoveryRiskWarningSystem.js,recoveryRiskWarningSystem.js,lib,458,review_action,snake_case,object_key,warning_id,recovery-summary,"""Recovery Summary cannot give a final recovery position until the source model is trusted."", review_action: ""Review Business Summary before relying on the Recovery Summary result."","
lib\recovery\recoveryRiskWarningSystem.js,recoveryRiskWarningSystem.js,lib,487,review_action,snake_case,object_key,warning_id,recovery-summary,"""The business does not currently generate enough gross profit to carry its structure."", review_action: ""Review labour recovery, asset recovery, material margin, and overhead burden."","
lib\recovery\recoveryRiskWarningSystem.js,recoveryRiskWarningSystem.js,lib,520,review_action,snake_case,object_key,warning_id,recovery-summary,"""The selected recovery driver is not carrying enough recovery per hour."", review_action: ""Review pricing, recoverable capacity, productive hours, and recovery assumptions."","
lib\recovery\recoveryRiskWarningSystem.js,recoveryRiskWarningSystem.js,lib,553,review_action,snake_case,object_key,warning_id,recovery-summary,"""Labour, assets, and materials should recover their own burden rather than hiding pressure inside another stream."", review_action: ""Review labour recovery, asset recovery, and material margin separately."","
lib\recovery\recoveryRiskWarningSystem.js,recoveryRiskWarningSystem.js,lib,585,review_action,snake_case,object_key,warning_id,recovery-summary,"""The recovery model has passed the main Recovery Summary checks."", review_action: ""Continue to Cost Allocation to test whether the operating structure can deliver this recovery model."","
lib\recovery\recoveryRiskWarningSystem.js,recoveryRiskWarningSystem.js,lib,59,review_action,snake_case,snake_case_reference,warning_id,recovery-summary,"plain_english, review_action, cause,"
lib\recovery\recoveryRiskWarningSystem.js,recoveryRiskWarningSystem.js,lib,81,review_action,snake_case,object_key,warning_id,recovery-summary,"review_action: review_action || ""Review the recovery setup before relying on this result."","
lib\recovery\recoveryRiskWarningSystem.js,recoveryRiskWarningSystem.js,lib,82,review_action,snake_case,snake_case_reference,warning_id,recovery-summary,"review_action: review_action || ""Review the recovery setup before relying on this result."","
hooks\useRecoverySummary.js,useRecoverySummary.js,hooks,233,review_recovery_warning_count,snake_case,object_key,warning_id,recovery-summary,"blocking_recovery_warning_count: card.blocking_recovery_warning_count, review_recovery_warning_count: card.review_recovery_warning_count, info_recovery_warning_count: card.info_recovery_warning_count,"
lib\recovery\recoveryRiskWarningSystem.js,recoveryRiskWarningSystem.js,lib,606,review_recovery_warning_count,snake_case,object_key,warning_id,recovery-summary,"blocking_recovery_warning_count: hierarchy.blocking_warning_count, review_recovery_warning_count: hierarchy.review_warning_count, info_recovery_warning_count: hierarchy.info_warning_count,"
lib\selectors\recoverySummarySelectors.js,recoverySummarySelectors.js,lib,703,review_recovery_warning_count,snake_case,object_key,warning_id,recovery-summary,"review_recovery_warning_count: recovery_warning_system.review_recovery_warning_count ?? 0,"
lib\selectors\recoverySummarySelectors.js,recoverySummarySelectors.js,lib,704,review_recovery_warning_count,snake_case,warning_id,warning_id,recovery-summary,"review_recovery_warning_count: recovery_warning_system.review_recovery_warning_count ?? 0,"
lib\recovery\recoveryRiskWarningSystem.js,recoveryRiskWarningSystem.js,lib,101,review_share_warning_count,snake_case,declaration,warning_id,recovery-summary,const review_share_warning_count = rows.filter( (warning) => warning.severity === WARNING_SEVERITY.REVIEW
lib\recovery\recoveryRiskWarningSystem.js,recoveryRiskWarningSystem.js,lib,112,review_share_warning_count,snake_case,warning_id,warning_id,recovery-summary,"blocking_share_warning_count, review_share_warning_count, info_share_warning_count,"
lib\recovery\recoveryRiskWarningSystem.js,recoveryRiskWarningSystem.js,lib,115,review_share_warning_count,snake_case,warning_id,warning_id,recovery-summary,"has_blocking_share_warnings: blocking_share_warning_count > 0, has_review_share_warnings: review_share_warning_count > 0, share_warning_rows: rows,"
lib\recovery\recoveryRiskWarningSystem.js,recoveryRiskWarningSystem.js,lib,176,review_warning_count,snake_case,object_key,warning_id,recovery-summary,"blocking_warning_count: blocking_warnings.length, review_warning_count: review_warnings.length, info_warning_count: info_warnings.length,"
lib\recovery\recoveryRiskWarningSystem.js,recoveryRiskWarningSystem.js,lib,606,review_warning_count,snake_case,warning_id,warning_id,recovery-summary,"blocking_recovery_warning_count: hierarchy.blocking_warning_count, review_recovery_warning_count: hierarchy.review_warning_count, info_recovery_warning_count: hierarchy.info_warning_count,"
lib\recovery\recoveryRiskWarningSystem.js,recoveryRiskWarningSystem.js,lib,22,round_currency,snake_case,snake_case_reference,warning_id,recovery-summary,function round_currency(value) { const parsed = Number(value);
lib\recovery\recoveryRiskWarningSystem.js,recoveryRiskWarningSystem.js,lib,434,round_currency,snake_case,snake_case_reference,warning_id,recovery-summary,const safe_margin_pool = round_currency(margin_pool); const safe_total_cost_burden = round_currency(total_cost_burden);
lib\recovery\recoveryRiskWarningSystem.js,recoveryRiskWarningSystem.js,lib,435,round_currency,snake_case,snake_case_reference,warning_id,recovery-summary,const safe_margin_pool = round_currency(margin_pool); const safe_total_cost_burden = round_currency(total_cost_burden); const recovery_gap = round_currency(safe_margin_pool - safe_total_cost_burden);
lib\recovery\recoveryRiskWarningSystem.js,recoveryRiskWarningSystem.js,lib,436,round_currency,snake_case,snake_case_reference,warning_id,recovery-summary,const safe_total_cost_burden = round_currency(total_cost_burden); const recovery_gap = round_currency(safe_margin_pool - safe_total_cost_burden);
lib\recovery\recoveryRiskWarningSystem.js,recoveryRiskWarningSystem.js,lib,438,round_currency,snake_case,snake_case_reference,warning_id,recovery-summary,const safe_current_recovery_rate = round_currency(current_recovery_rate); const safe_required_recovery_rate = round_currency(required_recovery_rate);
lib\recovery\recoveryRiskWarningSystem.js,recoveryRiskWarningSystem.js,lib,439,round_currency,snake_case,snake_case_reference,warning_id,recovery-summary,const safe_current_recovery_rate = round_currency(current_recovery_rate); const safe_required_recovery_rate = round_currency(required_recovery_rate); const recovery_rate_gap = round_currency(
lib\recovery\recoveryRiskWarningSystem.js,recoveryRiskWarningSystem.js,lib,440,round_currency,snake_case,snake_case_reference,warning_id,recovery-summary,const safe_required_recovery_rate = round_currency(required_recovery_rate); const recovery_rate_gap = round_currency( safe_current_recovery_rate - safe_required_recovery_rate
lib\recovery\recoveryRiskWarningSystem.js,recoveryRiskWarningSystem.js,lib,189,round_percent,snake_case,snake_case_reference,warning_id,recovery-summary,"const recovery_share_total_percent = round_percent( rows.reduce((total, row) => total + to_number(row.share_percent), 0)"
lib\recovery\recoveryRiskWarningSystem.js,recoveryRiskWarningSystem.js,lib,195,round_percent,snake_case,snake_case_reference,warning_id,recovery-summary,"0, round_percent(100 - recovery_share_total_percent) );"
lib\recovery\recoveryRiskWarningSystem.js,recoveryRiskWarningSystem.js,lib,200,round_percent,snake_case,snake_case_reference,warning_id,recovery-summary,"0, round_percent(recovery_share_total_percent - 100) );"
lib\recovery\recoveryRiskWarningSystem.js,recoveryRiskWarningSystem.js,lib,27,round_percent,snake_case,snake_case_reference,warning_id,recovery-summary,function round_percent(value) { const parsed = Number(value);
components\recovery-summary\main-card\recoverySummaryWarningHelpers.js,recoverySummaryWarningHelpers.js,components,14,rows,plain,declaration,warning_id,recovery-summary,export function get_commercial_failure_path(recovery_failure_path = []) { const rows = Array.isArray(recovery_failure_path) ? recovery_failure_path
components\recovery-summary\main-card\recoverySummaryWarningHelpers.js,recoverySummaryWarningHelpers.js,components,22,rows,plain,declaration,warning_id,recovery-summary,export function get_model_confidence_warnings(recovery_failure_path = []) { const rows = Array.isArray(recovery_failure_path) ? recovery_failure_path
lib\recovery\recoveryRiskWarningSystem.js,recoveryRiskWarningSystem.js,lib,121,rows,plain,declaration,warning_id,recovery-summary,export function sort_recovery_warnings_by_priority(warnings = []) { const rows = Array.isArray(warnings) ? warnings : [];
lib\recovery\recoveryRiskWarningSystem.js,recoveryRiskWarningSystem.js,lib,187,rows,plain,declaration,warning_id,recovery-summary,}) { const rows = Array.isArray(share_rows) ? share_rows : [];
lib\recovery\recoveryRiskWarningSystem.js,recoveryRiskWarningSystem.js,lib,302,rows,plain,declaration,warning_id,recovery-summary,}) { const rows = Array.isArray(driver_rows) ? driver_rows : []; const warnings = [];
lib\recovery\recoveryRiskWarningSystem.js,recoveryRiskWarningSystem.js,lib,95,rows,plain,declaration,warning_id,recovery-summary,export function build_share_warning_summary(warnings = []) { const rows = Array.isArray(warnings) ? warnings : [];
lib\recovery\recoveryRiskWarningSystem.js,recoveryRiskWarningSystem.js,lib,438,safe_current_recovery_rate,snake_case,declaration,warning_id,recovery-summary,const safe_current_recovery_rate = round_currency(current_recovery_rate); const safe_required_recovery_rate = round_currency(required_recovery_rate);
lib\recovery\recoveryRiskWarningSystem.js,recoveryRiskWarningSystem.js,lib,441,safe_current_recovery_rate,snake_case,snake_case_reference,warning_id,recovery-summary,const recovery_rate_gap = round_currency( safe_current_recovery_rate - safe_required_recovery_rate );
lib\recovery\recoveryRiskWarningSystem.js,recoveryRiskWarningSystem.js,lib,507,safe_current_recovery_rate,snake_case,snake_case_reference,warning_id,recovery-summary,if (safe_current_recovery_rate < safe_required_recovery_rate) { warnings.push(
lib\recovery\recoveryRiskWarningSystem.js,recoveryRiskWarningSystem.js,lib,517,safe_current_recovery_rate,snake_case,snake_case_reference,warning_id,recovery-summary,"headline: ""Required recovery level is not being met"", message: `Current recovery is $${safe_current_recovery_rate.toLocaleString()}/hr against a required $${safe_required_recovery_rate.toLocaleString()}/hr.`, plain_english:"
lib\recovery\recoveryRiskWarningSystem.js,recoveryRiskWarningSystem.js,lib,531,safe_current_recovery_rate,snake_case,snake_case_reference,warning_id,recovery-summary,"...context, current_recovery_rate: safe_current_recovery_rate, required_recovery_rate: safe_required_recovery_rate,"
components\recovery-summary\RecoverySummaryNoteDrilldown.jsx,RecoverySummaryNoteDrilldown.jsx,components,146,selected_detail,snake_case,declaration,warning_id,recovery-summary,"const selected_detail = selected_warning ? get_warning_detail(selected_warning.warning_key, values)"
components\recovery-summary\RecoverySummaryNoteDrilldown.jsx,RecoverySummaryNoteDrilldown.jsx,components,333,selected_detail,snake_case,snake_case_reference,warning_id,recovery-summary,<LegacyWarningDetail selected_detail={selected_detail} />
components\recovery-summary\RecoverySummaryNoteDrilldown.jsx,RecoverySummaryNoteDrilldown.jsx,components,53,selected_detail,snake_case,snake_case_reference,warning_id,recovery-summary,function LegacyWarningDetail({ selected_detail }) { if (!selected_detail) {
components\recovery-summary\RecoverySummaryNoteDrilldown.jsx,RecoverySummaryNoteDrilldown.jsx,components,54,selected_detail,snake_case,snake_case_reference,warning_id,recovery-summary,function LegacyWarningDetail({ selected_detail }) { if (!selected_detail) { return (
components\recovery-summary\RecoverySummaryNoteDrilldown.jsx,RecoverySummaryNoteDrilldown.jsx,components,203,selected_failure,snake_case,snake_case_reference,warning_id,recovery-summary,"<p className=""ui-label""> {selected_failure.warning_id === primary_recovery_warning?.warning_id"
components\recovery-summary\RecoverySummaryNoteDrilldown.jsx,RecoverySummaryNoteDrilldown.jsx,components,210,selected_failure,snake_case,snake_case_reference,warning_id,recovery-summary,"<h4 className=""text-base font-semibold text-[var(--text-primary)]""> {get_warning_title(selected_failure)} </h4>"
components\recovery-summary\RecoverySummaryNoteDrilldown.jsx,RecoverySummaryNoteDrilldown.jsx,components,218,selected_failure,snake_case,snake_case_reference,warning_id,recovery-summary,"<p className=""text-sm font-medium text-[var(--text-primary)]""> {get_warning_meaning(selected_failure)} </p>"
components\recovery-summary\RecoverySummaryNoteDrilldown.jsx,RecoverySummaryNoteDrilldown.jsx,components,242,selected_failure,snake_case,snake_case_reference,warning_id,recovery-summary,"{get_warning_cascade(selected_failure) ? ( <div className=""ui-readonly"">"
components\recovery-summary\RecoverySummaryNoteDrilldown.jsx,RecoverySummaryNoteDrilldown.jsx,components,247,selected_failure,snake_case,snake_case_reference,warning_id,recovery-summary,"<p className=""text-sm font-medium text-[var(--text-primary)]""> {get_warning_cascade(selected_failure)} </p>"
components\recovery-summary\RecoverySummaryNoteDrilldown.jsx,RecoverySummaryNoteDrilldown.jsx,components,256,selected_failure,snake_case,snake_case_reference,warning_id,recovery-summary,"<p className=""text-sm font-medium text-[var(--text-primary)]""> {get_warning_source(selected_failure)} </p>"
components\recovery-summary\RecoverySummaryNoteDrilldown.jsx,RecoverySummaryNoteDrilldown.jsx,components,260,selected_failure,snake_case,snake_case_reference,warning_id,recovery-summary,"{get_warning_carry_forward(selected_failure) ? ( <div className=""ui-readonly"">"
components\recovery-summary\RecoverySummaryNoteDrilldown.jsx,RecoverySummaryNoteDrilldown.jsx,components,265,selected_failure,snake_case,snake_case_reference,warning_id,recovery-summary,"<p className=""text-sm font-medium text-[var(--text-primary)]""> {get_warning_carry_forward(selected_failure)} </p>"
components\recovery-summary\RecoverySummaryNoteDrilldown.jsx,RecoverySummaryNoteDrilldown.jsx,components,141,selected_warning,snake_case,declaration,warning_id,recovery-summary,const selected_warning = warning_items.find(
components\recovery-summary\RecoverySummaryNoteDrilldown.jsx,RecoverySummaryNoteDrilldown.jsx,components,146,selected_warning,snake_case,warning_id,warning_id,recovery-summary,"const selected_detail = selected_warning ? get_warning_detail(selected_warning.warning_key, values)"
components\recovery-summary\RecoverySummaryNoteDrilldown.jsx,RecoverySummaryNoteDrilldown.jsx,components,147,selected_warning,snake_case,warning_id,warning_id,recovery-summary,"const selected_detail = selected_warning ? get_warning_detail(selected_warning.warning_key, values) : null;"
components\recovery-summary\RecoverySummaryNoteDrilldown.jsx,RecoverySummaryNoteDrilldown.jsx,components,181,set_active_failure_id,snake_case,snake_case_reference,warning_id,recovery-summary,"type=""button"" onClick={() => set_active_failure_id(warning_id)} className={`recovery-summary-interactive recovery-summary-note-button ${"
components\recovery-summary\RecoverySummaryNoteDrilldown.jsx,RecoverySummaryNoteDrilldown.jsx,components,132,set_active_warning_key,snake_case,array_destructured_name,warning_id,recovery-summary,"const [active_warning_key, set_active_warning_key] = useState( warning_items[0]?.warning_key ?? null"
components\recovery-summary\RecoverySummaryNoteDrilldown.jsx,RecoverySummaryNoteDrilldown.jsx,components,309,set_active_warning_key,snake_case,warning_id,warning_id,recovery-summary,"type=""button"" onClick={() => set_active_warning_key(warning.warning_key)} className={`recovery-summary-interactive recovery-summary-note-button ${"
lib\recovery\recoveryRiskWarningSystem.js,recoveryRiskWarningSystem.js,lib,209,severity,plain,object_key,warning_id,recovery-summary,"warning_id: ""recovery_share_below_100"", severity: WARNING_SEVERITY.BLOCKING, priority: WARNING_PRIORITY.SHARE_TOTAL,"
lib\recovery\recoveryRiskWarningSystem.js,recoveryRiskWarningSystem.js,lib,240,severity,plain,object_key,warning_id,recovery-summary,"warning_id: ""recovery_share_above_100"", severity: WARNING_SEVERITY.BLOCKING, priority: WARNING_PRIORITY.SHARE_TOTAL,"
lib\recovery\recoveryRiskWarningSystem.js,recoveryRiskWarningSystem.js,lib,270,severity,plain,object_key,warning_id,recovery-summary,"warning_id: ""recovery_share_balanced"", severity: WARNING_SEVERITY.INFO, priority: WARNING_PRIORITY.INFO,"
lib\recovery\recoveryRiskWarningSystem.js,recoveryRiskWarningSystem.js,lib,317,severity,plain,object_key,warning_id,recovery-summary,"warning_id: `${cost_stream}_cost_without_share`, severity: WARNING_SEVERITY.REVIEW, priority: WARNING_PRIORITY.DRIVER,"
lib\recovery\recoveryRiskWarningSystem.js,recoveryRiskWarningSystem.js,lib,340,severity,plain,object_key,warning_id,recovery-summary,"warning_id: `${cost_stream}_share_without_driver`, severity: WARNING_SEVERITY.BLOCKING, priority: WARNING_PRIORITY.DRIVER,"
lib\recovery\recoveryRiskWarningSystem.js,recoveryRiskWarningSystem.js,lib,362,severity,plain,object_key,warning_id,recovery-summary,"warning_id: `${cost_stream}_share_with_zero_driver_quantity`, severity: WARNING_SEVERITY.BLOCKING, priority: WARNING_PRIORITY.DRIVER,"
lib\recovery\recoveryRiskWarningSystem.js,recoveryRiskWarningSystem.js,lib,448,severity,plain,object_key,warning_id,recovery-summary,"warning_id: ""business_summary_not_trusted"", severity: WARNING_SEVERITY.BLOCKING, priority: WARNING_PRIORITY.SOURCE_TRUST,"
lib\recovery\recoveryRiskWarningSystem.js,recoveryRiskWarningSystem.js,lib,476,severity,plain,object_key,warning_id,recovery-summary,"warning_id: ""margin_pool_below_cost_burden"", severity: WARNING_SEVERITY.BLOCKING, priority: WARNING_PRIORITY.GROSS_PROFIT,"
lib\recovery\recoveryRiskWarningSystem.js,recoveryRiskWarningSystem.js,lib,511,severity,plain,object_key,warning_id,recovery-summary,"warning_id: ""required_recovery_rate_not_met"", severity: WARNING_SEVERITY.BLOCKING, priority: WARNING_PRIORITY.RECOVERY_RATE,"
lib\recovery\recoveryRiskWarningSystem.js,recoveryRiskWarningSystem.js,lib,543,severity,plain,object_key,warning_id,recovery-summary,"warning_id: ""recovery_stream_cross_subsidy_risk"", severity: WARNING_SEVERITY.REVIEW, priority: WARNING_PRIORITY.RECOVERY_STREAM,"
lib\recovery\recoveryRiskWarningSystem.js,recoveryRiskWarningSystem.js,lib,576,severity,plain,object_key,warning_id,recovery-summary,"warning_id: ""recovery_strategy_can_be_carried_forward"", severity: WARNING_SEVERITY.INFO, priority: WARNING_PRIORITY.INFO,"
lib\recovery\recoveryRiskWarningSystem.js,recoveryRiskWarningSystem.js,lib,71,severity,plain,object_key,warning_id,recovery-summary,"warning_id, severity: normalise_severity(severity), priority: normalise_priority(priority),"
lib\recovery\recoveryRiskWarningSystem.js,recoveryRiskWarningSystem.js,lib,131,severity_rank,snake_case,declaration,warning_id,recovery-summary,"const severity_rank = { [WARNING_SEVERITY.BLOCKING]: 1,"
lib\recovery\recoveryRiskWarningSystem.js,recoveryRiskWarningSystem.js,lib,138,severity_rank,snake_case,snake_case_reference,warning_id,recovery-summary,return ( (severity_rank[a?.severity] || 99) - (severity_rank[b?.severity] || 99)
lib\recovery\recoveryRiskWarningSystem.js,recoveryRiskWarningSystem.js,lib,139,severity_rank,snake_case,snake_case_reference,warning_id,recovery-summary,(severity_rank[a?.severity] || 99) - (severity_rank[b?.severity] || 99) );
components\recovery-summary\recoverySummaryWarningDetails.js,recoverySummaryWarningDetails.js,components,91,share_not_balanced,snake_case,object_key,warning_id,recovery-summary,"share_not_balanced: { title: ""Recovery split does not total 100%"","
hooks\useRecoverySummary.js,useRecoverySummary.js,hooks,238,share_not_balanced,snake_case,object_key,warning_id,recovery-summary,"warnings: calculated.warnings, share_not_balanced: calculated.share_not_balanced, no_productive_output: calculated.no_productive_output,"
lib\calculations\recoverySummaryCalculations.js,recoverySummaryCalculations.js,lib,756,share_not_balanced,snake_case,snake_case_reference,warning_id,recovery-summary,"if (share_not_balanced) { warnings.push(""share_not_balanced"");"
lib\calculations\recoverySummaryCalculations.js,recoverySummaryCalculations.js,lib,757,share_not_balanced,snake_case,snake_case_reference,warning_id,recovery-summary,"if (share_not_balanced) { warnings.push(""share_not_balanced""); }"
lib\recovery\recoveryRiskWarningSystem.js,recoveryRiskWarningSystem.js,lib,190,share_percent,snake_case,snake_case_reference,warning_id,recovery-summary,"const recovery_share_total_percent = round_percent( rows.reduce((total, row) => total + to_number(row.share_percent), 0) );"
lib\recovery\recoveryRiskWarningSystem.js,recoveryRiskWarningSystem.js,lib,213,share_percent,snake_case,snake_case_reference,warning_id,recovery-summary,"cost_stream: ""all"", driver: ""share_percent"", headline: ""Recovery shares are below 100%"","
lib\recovery\recoveryRiskWarningSystem.js,recoveryRiskWarningSystem.js,lib,244,share_percent,snake_case,snake_case_reference,warning_id,recovery-summary,"cost_stream: ""all"", driver: ""share_percent"", headline: ""Recovery shares are above 100%"","
lib\recovery\recoveryRiskWarningSystem.js,recoveryRiskWarningSystem.js,lib,274,share_percent,snake_case,snake_case_reference,warning_id,recovery-summary,"cost_stream: ""all"", driver: ""share_percent"", headline: ""Recovery shares total 100%"","
lib\recovery\recoveryRiskWarningSystem.js,recoveryRiskWarningSystem.js,lib,308,share_percent,snake_case,declaration,warning_id,recovery-summary,"const driver = row.driver || row.driver_name || ""unknown""; const share_percent = to_number(row.share_percent); const cost_value = to_number(row.cost_value);"
lib\recovery\recoveryRiskWarningSystem.js,recoveryRiskWarningSystem.js,lib,313,share_percent,snake_case,snake_case_reference,warning_id,recovery-summary,if (cost_value > 0 && share_percent <= 0) { warnings.push(
lib\recovery\recoveryRiskWarningSystem.js,recoveryRiskWarningSystem.js,lib,336,share_percent,snake_case,snake_case_reference,warning_id,recovery-summary,if (share_percent > 0 && !driver_enabled) { warnings.push(
lib\recovery\recoveryRiskWarningSystem.js,recoveryRiskWarningSystem.js,lib,358,share_percent,snake_case,snake_case_reference,warning_id,recovery-summary,if (share_percent > 0 && driver_quantity <= 0) { warnings.push(
lib\recovery\recoveryRiskWarningSystem.js,recoveryRiskWarningSystem.js,lib,184,share_rows,snake_case,snake_case_reference,warning_id,recovery-summary,"module = ""cost_allocation"", share_rows = [], tolerance_percent = 0.01,"
lib\recovery\recoveryRiskWarningSystem.js,recoveryRiskWarningSystem.js,lib,187,share_rows,snake_case,object_key,warning_id,recovery-summary,}) { const rows = Array.isArray(share_rows) ? share_rows : [];
lib\recovery\recoveryRiskWarningSystem.js,recoveryRiskWarningSystem.js,lib,389,share_rows,snake_case,snake_case_reference,warning_id,recovery-summary,"module = ""cost_allocation"", share_rows = [], driver_rows = [],"
lib\recovery\recoveryRiskWarningSystem.js,recoveryRiskWarningSystem.js,lib,395,share_rows,snake_case,snake_case_reference,warning_id,recovery-summary,"module, share_rows, tolerance_percent,"
lib\recovery\recoveryRiskWarningSystem.js,recoveryRiskWarningSystem.js,lib,393,share_total_result,snake_case,declaration,warning_id,recovery-summary,"}) { const share_total_result = check_recovery_share_total({ module,"
lib\recovery\recoveryRiskWarningSystem.js,recoveryRiskWarningSystem.js,lib,405,share_total_result,snake_case,snake_case_reference,warning_id,recovery-summary,"const warning_rows = [ ...share_total_result.share_total_warnings, ...driver_result.driver_warning_rows,"
lib\recovery\recoveryRiskWarningSystem.js,recoveryRiskWarningSystem.js,lib,412,share_total_result,snake_case,snake_case_reference,warning_id,recovery-summary,"recovery_share_total_percent: share_total_result.recovery_share_total_percent, unallocated_share_percent: share_total_result.unallocated_share_percent,"
lib\recovery\recoveryRiskWarningSystem.js,recoveryRiskWarningSystem.js,lib,413,share_total_result,snake_case,snake_case_reference,warning_id,recovery-summary,"share_total_result.recovery_share_total_percent, unallocated_share_percent: share_total_result.unallocated_share_percent, over_allocated_share_percent:"
lib\recovery\recoveryRiskWarningSystem.js,recoveryRiskWarningSystem.js,lib,415,share_total_result,snake_case,snake_case_reference,warning_id,recovery-summary,"over_allocated_share_percent: share_total_result.over_allocated_share_percent, ...build_share_warning_summary(warning_rows),"
lib\recovery\recoveryRiskWarningSystem.js,recoveryRiskWarningSystem.js,lib,110,share_warning_count,snake_case,object_key,warning_id,recovery-summary,"return { share_warning_count: rows.length, blocking_share_warning_count,"
lib\recovery\recoveryRiskWarningSystem.js,recoveryRiskWarningSystem.js,lib,116,share_warning_rows,snake_case,object_key,warning_id,recovery-summary,"has_review_share_warnings: review_share_warning_count > 0, share_warning_rows: rows, };"
lib\recovery\recoveryRiskWarningSystem.js,recoveryRiskWarningSystem.js,lib,120,sort_recovery_warnings_by_priority,snake_case,warning_id,warning_id,recovery-summary,export function sort_recovery_warnings_by_priority(warnings = []) { const rows = Array.isArray(warnings) ? warnings : [];
lib\recovery\recoveryRiskWarningSystem.js,recoveryRiskWarningSystem.js,lib,145,sort_recovery_warnings_by_priority,snake_case,warning_id,warning_id,recovery-summary,export function build_recovery_warning_hierarchy(warnings = []) { const sorted_warnings = sort_recovery_warnings_by_priority(warnings);
components\recovery-summary\recoverySummaryWarningDetails.js,recoverySummaryWarningDetails.js,components,106,source,plain,object_key,warning_id,recovery-summary,"""Recovery Summary is waiting for a usable Business Summary result before it can produce a reliable recovery strategy."", source: ""Review Business Summary first. Recovery Summary depends on the Business Summary result."","
components\recovery-summary\recoverySummaryWarningDetails.js,recoverySummaryWarningDetails.js,components,117,source,plain,object_key,warning_id,recovery-summary,"""The model has upstream readiness issues, so the recovery strategy should not be treated as final."", source: ""Review Model Readiness and the upstream setup pages before using this result."","
components\recovery-summary\recoverySummaryWarningDetails.js,recoverySummaryWarningDetails.js,components,128,source,plain,object_key,warning_id,recovery-summary,"""The system does not yet have a valid activity base to express the recovery burden."", source: ""Review Business Setup and Business Summary. Labour-driven models need recovery hours. Product-driven models need units sold."","
components\recovery-summary\recoverySummaryWarningDetails.js,recoverySummaryWarningDetails.js,components,139,source,plain,object_key,warning_id,recovery-summary,"""The system cannot calculate the required recovery level for the selected driver."", source: ""Review Business Summary. Recovery Summary needs a required recovery value before it can carry the strategy forward."","
components\recovery-summary\recoverySummaryWarningDetails.js,recoverySummaryWarningDetails.js,components,150,source,plain,object_key,warning_id,recovery-summary,"""Labour-driven recovery cannot be expressed without productive output or recovery hours."", source: ""Review Labour and Cost Summary. Recovery Summary needs a recovery-hour base before Cost Allocation can test the strategy."","
components\recovery-summary\recoverySummaryWarningDetails.js,recoverySummaryWarningDetails.js,components,161,source,plain,object_key,warning_id,recovery-summary,"""Product-driven recovery cannot be expressed without annual units sold."", source: ""Review Revenue / COGS and Business Summary in product-driven mode."","
components\recovery-summary\recoverySummaryWarningDetails.js,recoverySummaryWarningDetails.js,components,172,source,plain,object_key,warning_id,recovery-summary,"""The recovery split assigns burden to assets, but there is no usable asset recovery base available."", source: ""Review Assets before carrying an asset-supported recovery strategy into Cost Allocation."","
components\recovery-summary\recoverySummaryWarningDetails.js,recoverySummaryWarningDetails.js,components,183,source,plain,object_key,warning_id,recovery-summary,"""The recovery split assigns burden to labour, but there is no usable recovery-hour base available."", source: ""Review Labour and Cost Summary before carrying a labour-led recovery strategy into Cost Allocation."","
components\recovery-summary\recoverySummaryWarningDetails.js,recoverySummaryWarningDetails.js,components,196,source,plain,object_key,warning_id,recovery-summary,"""This note is attached to the current recovery strategy and should be reviewed."", source: ""Review Business Summary for source values, then use Recovery Summary to carry the strategy forward."","
components\recovery-summary\recoverySummaryWarningDetails.js,recoverySummaryWarningDetails.js,components,20,source,plain,object_key,warning_id,recovery-summary,"""Business Summary is showing that the margin pool generated by the business is not enough to cover the total cost burden."", source: ""Use Business Summary Macro Position to audit revenue, direct costs, people cost, asset cost, and business overheads."","
components\recovery-summary\recoverySummaryWarningDetails.js,recoverySummaryWarningDetails.js,components,45,source,plain,object_key,warning_id,recovery-summary,"""Business Summary is showing that current margin is below the required recovery level for the selected driver."", source: ""Use Business Summary to audit the current margin, required recovery, and recovery gap. Recovery Summary carries this pressure forward."","
components\recovery-summary\recoverySummaryWarningDetails.js,recoverySummaryWarningDetails.js,components,70,source,plain,object_key,warning_id,recovery-summary,"""Business Summary is showing a negative margin pool before the operating cost burden is recovered."", source: ""Use Business Summary Macro Position to audit revenue, direct costs, and margin pool source values."","
components\recovery-summary\recoverySummaryWarningDetails.js,recoverySummaryWarningDetails.js,components,95,source,plain,object_key,warning_id,recovery-summary,"""The recovery burden cannot be assigned correctly until the labour, asset, and absorbed overhead shares total 100%."", source: ""Review the Recovery Summary recovery split inputs before carrying this strategy forward."","
components\recovery-summary\main-card\recoverySummaryWarningHelpers.js,recoverySummaryWarningHelpers.js,components,92,status_label,snake_case,snake_case_reference,warning_id,recovery-summary,"export function get_status_tone(status_label) { if (status_label === ""Not recoverable"") return ""critical"";"
components\recovery-summary\main-card\recoverySummaryWarningHelpers.js,recoverySummaryWarningHelpers.js,components,93,status_label,snake_case,snake_case_reference,warning_id,recovery-summary,"export function get_status_tone(status_label) { if (status_label === ""Not recoverable"") return ""critical""; if (status_label === ""Marginal"") return ""warning"";"
components\recovery-summary\main-card\recoverySummaryWarningHelpers.js,recoverySummaryWarningHelpers.js,components,94,status_label,snake_case,snake_case_reference,warning_id,recovery-summary,"if (status_label === ""Not recoverable"") return ""critical""; if (status_label === ""Marginal"") return ""warning""; if (status_label === ""Provisional"") return ""warning"";"
components\recovery-summary\main-card\recoverySummaryWarningHelpers.js,recoverySummaryWarningHelpers.js,components,95,status_label,snake_case,snake_case_reference,warning_id,recovery-summary,"if (status_label === ""Marginal"") return ""warning""; if (status_label === ""Provisional"") return ""warning""; if (status_label === ""Recoverable"") return ""success"";"
components\recovery-summary\main-card\recoverySummaryWarningHelpers.js,recoverySummaryWarningHelpers.js,components,96,status_label,snake_case,snake_case_reference,warning_id,recovery-summary,"if (status_label === ""Provisional"") return ""warning""; if (status_label === ""Recoverable"") return ""success""; if (status_label === ""Usable with warnings"") return ""warning"";"
components\recovery-summary\main-card\recoverySummaryWarningHelpers.js,recoverySummaryWarningHelpers.js,components,97,status_label,snake_case,snake_case_reference,warning_id,recovery-summary,"if (status_label === ""Recoverable"") return ""success""; if (status_label === ""Usable with warnings"") return ""warning"";"
components\recovery-summary\recoverySummaryWarningDetails.js,recoverySummaryWarningDetails.js,components,103,title,plain,object_key,warning_id,recovery-summary,"business_summary_not_ready: { title: ""Business Summary is not ready"", meaning:"
components\recovery-summary\recoverySummaryWarningDetails.js,recoverySummaryWarningDetails.js,components,114,title,plain,object_key,warning_id,recovery-summary,"upstream_model_not_ready: { title: ""Upstream model is not trusted"", meaning:"
components\recovery-summary\recoverySummaryWarningDetails.js,recoverySummaryWarningDetails.js,components,125,title,plain,object_key,warning_id,recovery-summary,"no_activity_driver: { title: ""No recovery driver is available"", meaning:"
components\recovery-summary\recoverySummaryWarningDetails.js,recoverySummaryWarningDetails.js,components,136,title,plain,object_key,warning_id,recovery-summary,"no_required_recovery_per_driver: { title: ""Required recovery level is missing"", meaning:"
components\recovery-summary\recoverySummaryWarningDetails.js,recoverySummaryWarningDetails.js,components,147,title,plain,object_key,warning_id,recovery-summary,"no_productive_output: { title: ""No productive output is available"", meaning:"
components\recovery-summary\recoverySummaryWarningDetails.js,recoverySummaryWarningDetails.js,components,158,title,plain,object_key,warning_id,recovery-summary,"no_units_sold: { title: ""No units sold value is available"", meaning:"
components\recovery-summary\recoverySummaryWarningDetails.js,recoverySummaryWarningDetails.js,components,169,title,plain,object_key,warning_id,recovery-summary,"asset_share_without_asset_recovery_base: { title: ""Asset recovery has no asset base"", meaning:"
components\recovery-summary\recoverySummaryWarningDetails.js,recoverySummaryWarningDetails.js,components,17,title,plain,object_key,warning_id,recovery-summary,"negative_net_position: { title: ""Margin pool is below total cost burden"", meaning:"
components\recovery-summary\recoverySummaryWarningDetails.js,recoverySummaryWarningDetails.js,components,180,title,plain,object_key,warning_id,recovery-summary,"labour_share_without_productive_output: { title: ""Labour recovery has no labour base"", meaning:"
components\recovery-summary\recoverySummaryWarningDetails.js,recoverySummaryWarningDetails.js,components,193,title,plain,object_key,warning_id,recovery-summary,"detail_map[warning_key] || { title: ""Recovery note"", meaning:"
components\recovery-summary\recoverySummaryWarningDetails.js,recoverySummaryWarningDetails.js,components,42,title,plain,object_key,warning_id,recovery-summary,"recovery_gap_negative: { title: ""Required recovery level is not being met"", meaning:"
components\recovery-summary\recoverySummaryWarningDetails.js,recoverySummaryWarningDetails.js,components,67,title,plain,object_key,warning_id,recovery-summary,"negative_margin_pool: { title: ""Direct costs are higher than revenue"", meaning:"
components\recovery-summary\recoverySummaryWarningDetails.js,recoverySummaryWarningDetails.js,components,92,title,plain,object_key,warning_id,recovery-summary,"share_not_balanced: { title: ""Recovery split does not total 100%"", meaning:"
lib\recovery\recoveryRiskWarningSystem.js,recoveryRiskWarningSystem.js,lib,17,to_number,snake_case,snake_case_reference,warning_id,recovery-summary,function to_number(value) { const parsed = Number(value);
lib\recovery\recoveryRiskWarningSystem.js,recoveryRiskWarningSystem.js,lib,190,to_number,snake_case,snake_case_reference,warning_id,recovery-summary,"const recovery_share_total_percent = round_percent( rows.reduce((total, row) => total + to_number(row.share_percent), 0) );"
lib\recovery\recoveryRiskWarningSystem.js,recoveryRiskWarningSystem.js,lib,308,to_number,snake_case,snake_case_reference,warning_id,recovery-summary,"const driver = row.driver || row.driver_name || ""unknown""; const share_percent = to_number(row.share_percent); const cost_value = to_number(row.cost_value);"
lib\recovery\recoveryRiskWarningSystem.js,recoveryRiskWarningSystem.js,lib,309,to_number,snake_case,snake_case_reference,warning_id,recovery-summary,const share_percent = to_number(row.share_percent); const cost_value = to_number(row.cost_value); const driver_quantity = to_number(row.driver_quantity);
lib\recovery\recoveryRiskWarningSystem.js,recoveryRiskWarningSystem.js,lib,310,to_number,snake_case,snake_case_reference,warning_id,recovery-summary,const cost_value = to_number(row.cost_value); const driver_quantity = to_number(row.driver_quantity); const driver_enabled = row.driver_enabled !== false;
lib\recovery\recoveryRiskWarningSystem.js,recoveryRiskWarningSystem.js,lib,185,tolerance_percent,snake_case,snake_case_reference,warning_id,recovery-summary,"share_rows = [], tolerance_percent = 0.01, }) {"
lib\recovery\recoveryRiskWarningSystem.js,recoveryRiskWarningSystem.js,lib,205,tolerance_percent,snake_case,snake_case_reference,warning_id,recovery-summary,if (recovery_share_total_percent < 100 - tolerance_percent) { warnings.push(
lib\recovery\recoveryRiskWarningSystem.js,recoveryRiskWarningSystem.js,lib,236,tolerance_percent,snake_case,snake_case_reference,warning_id,recovery-summary,if (recovery_share_total_percent > 100 + tolerance_percent) { warnings.push(
lib\recovery\recoveryRiskWarningSystem.js,recoveryRiskWarningSystem.js,lib,266,tolerance_percent,snake_case,snake_case_reference,warning_id,recovery-summary,if (Math.abs(recovery_share_total_percent - 100) <= tolerance_percent) { warnings.push(
lib\recovery\recoveryRiskWarningSystem.js,recoveryRiskWarningSystem.js,lib,391,tolerance_percent,snake_case,snake_case_reference,warning_id,recovery-summary,"driver_rows = [], tolerance_percent = 0.01, }) {"
lib\recovery\recoveryRiskWarningSystem.js,recoveryRiskWarningSystem.js,lib,396,tolerance_percent,snake_case,snake_case_reference,warning_id,recovery-summary,"share_rows, tolerance_percent, });"
components\recovery-summary\RecoverySummaryMainCard.jsx,RecoverySummaryMainCard.jsx,components,82,total_annual_surplus_or_gap,snake_case,warning_id,warning_id,recovery-summary,unit_surplus_or_gap={card.unit_surplus_or_gap} total_annual_surplus_or_gap={card.total_annual_surplus_or_gap} required_units_if_margin_fixed={card.required_units_if_margin_fixed}
components\recovery-summary\RecoverySummaryStatusStrip.jsx,RecoverySummaryStatusStrip.jsx,components,153,total_annual_surplus_or_gap,snake_case,warning_id,warning_id,recovery-summary,"<div className=""labour-summary-table-value""> {format_currency(total_annual_surplus_or_gap)} </div>"
components\recovery-summary\RecoverySummaryStatusStrip.jsx,RecoverySummaryStatusStrip.jsx,components,292,total_annual_surplus_or_gap,snake_case,warning_id,warning_id,recovery-summary,"unit_surplus_or_gap, total_annual_surplus_or_gap, required_units_if_margin_fixed,"
components\recovery-summary\RecoverySummaryStatusStrip.jsx,RecoverySummaryStatusStrip.jsx,components,335,total_annual_surplus_or_gap,snake_case,warning_id,warning_id,recovery-summary,unit_surplus_or_gap={unit_surplus_or_gap} total_annual_surplus_or_gap={total_annual_surplus_or_gap} required_units_if_margin_fixed={required_units_if_margin_fixed}
components\recovery-summary\RecoverySummaryStatusStrip.jsx,RecoverySummaryStatusStrip.jsx,components,71,total_annual_surplus_or_gap,snake_case,warning_id,warning_id,recovery-summary,"unit_surplus_or_gap = 0, total_annual_surplus_or_gap = 0, required_units_if_margin_fixed = 0,"
components\recovery-summary\main-card\RecoverySupportingEvidenceDetail.jsx,RecoverySupportingEvidenceDetail.jsx,components,153,total_annual_surplus_or_gap,snake_case,warning_id,warning_id,recovery-summary,"<div className=""labour-summary-table-value""> {format_currency(total_annual_surplus_or_gap)} </div>"
components\recovery-summary\main-card\RecoverySupportingEvidenceDetail.jsx,RecoverySupportingEvidenceDetail.jsx,components,292,total_annual_surplus_or_gap,snake_case,warning_id,warning_id,recovery-summary,"unit_surplus_or_gap, total_annual_surplus_or_gap, required_units_if_margin_fixed,"
components\recovery-summary\main-card\RecoverySupportingEvidenceDetail.jsx,RecoverySupportingEvidenceDetail.jsx,components,335,total_annual_surplus_or_gap,snake_case,warning_id,warning_id,recovery-summary,unit_surplus_or_gap={unit_surplus_or_gap} total_annual_surplus_or_gap={total_annual_surplus_or_gap} required_units_if_margin_fixed={required_units_if_margin_fixed}
components\recovery-summary\main-card\RecoverySupportingEvidenceDetail.jsx,RecoverySupportingEvidenceDetail.jsx,components,71,total_annual_surplus_or_gap,snake_case,warning_id,warning_id,recovery-summary,"unit_surplus_or_gap = 0, total_annual_surplus_or_gap = 0, required_units_if_margin_fixed = 0,"
hooks\useRecoverySummary.js,useRecoverySummary.js,hooks,206,total_annual_surplus_or_gap,snake_case,object_key,warning_id,recovery-summary,"unit_surplus_or_gap: calculated.unit_surplus_or_gap, total_annual_surplus_or_gap: calculated.total_annual_surplus_or_gap, required_units_if_margin_fixed:"
lib\calculations\recoverySummaryCalculations.js,recoverySummaryCalculations.js,lib,482,total_annual_surplus_or_gap,snake_case,declaration,warning_id,recovery-summary,); const total_annual_surplus_or_gap = round_currency( unit_surplus_or_gap * total_units
lib\calculations\recoverySummaryCalculations.js,recoverySummaryCalculations.js,lib,905,total_annual_surplus_or_gap,snake_case,warning_id,warning_id,recovery-summary,"unit_surplus_or_gap, total_annual_surplus_or_gap, required_units_to_break_even: round_currency("
lib\selectors\recoverySummarySelectors.js,recoverySummarySelectors.js,lib,561,total_annual_surplus_or_gap,snake_case,object_key,warning_id,recovery-summary,"unit_surplus_or_gap: calculated.unit_surplus_or_gap ?? 0, total_annual_surplus_or_gap: calculated.total_annual_surplus_or_gap ?? 0,"
lib\selectors\recoverySummarySelectors.js,recoverySummarySelectors.js,lib,562,total_annual_surplus_or_gap,snake_case,warning_id,warning_id,recovery-summary,"total_annual_surplus_or_gap: calculated.total_annual_surplus_or_gap ?? 0, required_units_if_margin_fixed:"
components\recovery-summary\recoverySummaryWarningDetails.js,recoverySummaryWarningDetails.js,components,11,total_revenue,snake_case,snake_case_reference,warning_id,recovery-summary,"recovery_gap_per_driver, total_revenue, total_direct_costs,"
components\recovery-summary\recoverySummaryWarningDetails.js,recoverySummaryWarningDetails.js,components,76,total_revenue,snake_case,snake_case_reference,warning_id,recovery-summary,"label: ""Revenue"", value: format_currency(total_revenue), },"
lib\calculations\recoverySummaryCalculations.js,recoverySummaryCalculations.js,lib,752,total_revenue,snake_case,snake_case_reference,warning_id,recovery-summary,"if (total_revenue <= 0 && margin_pool <= 0) { warnings.push(""missing_revenue_cogs_data"");"
lib\calculations\recoverySummaryCalculations.js,recoverySummaryCalculations.js,lib,788,total_units,snake_case,snake_case_reference,warning_id,recovery-summary,"if (business_type === ""product_based"" && total_units <= 0) { warnings.push(""no_units_sold"");"
lib\recovery\recoveryRiskWarningSystem.js,recoveryRiskWarningSystem.js,lib,193,unallocated_share_percent,snake_case,declaration,warning_id,recovery-summary,"const unallocated_share_percent = Math.max( 0,"
lib\recovery\recoveryRiskWarningSystem.js,recoveryRiskWarningSystem.js,lib,215,unallocated_share_percent,snake_case,snake_case_reference,warning_id,recovery-summary,"headline: ""Recovery shares are below 100%"", message: `Recovery shares total ${recovery_share_total_percent}%, leaving ${unallocated_share_percent}% unallocated.`, plain_english:"
lib\recovery\recoveryRiskWarningSystem.js,recoveryRiskWarningSystem.js,lib,229,unallocated_share_percent,snake_case,snake_case_reference,warning_id,recovery-summary,"recovery_share_total_percent, unallocated_share_percent, over_allocated_share_percent,"
lib\recovery\recoveryRiskWarningSystem.js,recoveryRiskWarningSystem.js,lib,259,unallocated_share_percent,snake_case,snake_case_reference,warning_id,recovery-summary,"recovery_share_total_percent, unallocated_share_percent, over_allocated_share_percent,"
lib\recovery\recoveryRiskWarningSystem.js,recoveryRiskWarningSystem.js,lib,283,unallocated_share_percent,snake_case,snake_case_reference,warning_id,recovery-summary,"recovery_share_total_percent, unallocated_share_percent, over_allocated_share_percent,"
lib\recovery\recoveryRiskWarningSystem.js,recoveryRiskWarningSystem.js,lib,292,unallocated_share_percent,snake_case,snake_case_reference,warning_id,recovery-summary,"recovery_share_total_percent, unallocated_share_percent, over_allocated_share_percent,"
lib\recovery\recoveryRiskWarningSystem.js,recoveryRiskWarningSystem.js,lib,413,unallocated_share_percent,snake_case,object_key,warning_id,recovery-summary,"share_total_result.recovery_share_total_percent, unallocated_share_percent: share_total_result.unallocated_share_percent, over_allocated_share_percent:"
components\recovery-summary\RecoverySummaryMainCard.jsx,RecoverySummaryMainCard.jsx,components,81,unit_surplus_or_gap,snake_case,warning_id,warning_id,recovery-summary,required_cost_per_unit={card.required_cost_per_unit} unit_surplus_or_gap={card.unit_surplus_or_gap} total_annual_surplus_or_gap={card.total_annual_surplus_or_gap}
components\recovery-summary\RecoverySummaryStatusStrip.jsx,RecoverySummaryStatusStrip.jsx,components,144,unit_surplus_or_gap,snake_case,warning_id,warning_id,recovery-summary,"<div className=""labour-summary-table-value""> {format_currency(unit_surplus_or_gap)} {product_rate_suffix} </div>"
components\recovery-summary\RecoverySummaryStatusStrip.jsx,RecoverySummaryStatusStrip.jsx,components,291,unit_surplus_or_gap,snake_case,warning_id,warning_id,recovery-summary,"required_cost_per_unit, unit_surplus_or_gap, total_annual_surplus_or_gap,"
components\recovery-summary\RecoverySummaryStatusStrip.jsx,RecoverySummaryStatusStrip.jsx,components,334,unit_surplus_or_gap,snake_case,warning_id,warning_id,recovery-summary,required_cost_per_unit={required_cost_per_unit} unit_surplus_or_gap={unit_surplus_or_gap} total_annual_surplus_or_gap={total_annual_surplus_or_gap}
components\recovery-summary\RecoverySummaryStatusStrip.jsx,RecoverySummaryStatusStrip.jsx,components,70,unit_surplus_or_gap,snake_case,warning_id,warning_id,recovery-summary,"required_cost_per_unit = 0, unit_surplus_or_gap = 0, total_annual_surplus_or_gap = 0,"
components\recovery-summary\main-card\RecoverySupportingEvidenceDetail.jsx,RecoverySupportingEvidenceDetail.jsx,components,144,unit_surplus_or_gap,snake_case,warning_id,warning_id,recovery-summary,"<div className=""labour-summary-table-value""> {format_currency(unit_surplus_or_gap)} {product_rate_suffix} </div>"
components\recovery-summary\main-card\RecoverySupportingEvidenceDetail.jsx,RecoverySupportingEvidenceDetail.jsx,components,291,unit_surplus_or_gap,snake_case,warning_id,warning_id,recovery-summary,"required_cost_per_unit, unit_surplus_or_gap, total_annual_surplus_or_gap,"
components\recovery-summary\main-card\RecoverySupportingEvidenceDetail.jsx,RecoverySupportingEvidenceDetail.jsx,components,334,unit_surplus_or_gap,snake_case,warning_id,warning_id,recovery-summary,required_cost_per_unit={required_cost_per_unit} unit_surplus_or_gap={unit_surplus_or_gap} total_annual_surplus_or_gap={total_annual_surplus_or_gap}
components\recovery-summary\main-card\RecoverySupportingEvidenceDetail.jsx,RecoverySupportingEvidenceDetail.jsx,components,70,unit_surplus_or_gap,snake_case,warning_id,warning_id,recovery-summary,"required_cost_per_unit = 0, unit_surplus_or_gap = 0, total_annual_surplus_or_gap = 0,"
hooks\useRecoverySummary.js,useRecoverySummary.js,hooks,205,unit_surplus_or_gap,snake_case,object_key,warning_id,recovery-summary,"required_cost_per_unit: calculated.required_cost_per_unit, unit_surplus_or_gap: calculated.unit_surplus_or_gap, total_annual_surplus_or_gap: calculated.total_annual_surplus_or_gap,"
lib\calculations\recoverySummaryCalculations.js,recoverySummaryCalculations.js,lib,479,unit_surplus_or_gap,snake_case,declaration,warning_id,recovery-summary,total_units > 0 ? round_currency(total_cost_burden / total_units) : 0; const unit_surplus_or_gap = round_currency( margin_per_unit - required_cost_per_unit
lib\calculations\recoverySummaryCalculations.js,recoverySummaryCalculations.js,lib,483,unit_surplus_or_gap,snake_case,warning_id,warning_id,recovery-summary,const total_annual_surplus_or_gap = round_currency( unit_surplus_or_gap * total_units );
lib\calculations\recoverySummaryCalculations.js,recoverySummaryCalculations.js,lib,494,unit_surplus_or_gap,snake_case,warning_id,warning_id,recovery-summary,"? ""not_recoverable"" : unit_surplus_or_gap < 0 ? ""shortfall"""
lib\calculations\recoverySummaryCalculations.js,recoverySummaryCalculations.js,lib,796,unit_surplus_or_gap,snake_case,warning_id,warning_id,recovery-summary,"if (is_product_based && unit_surplus_or_gap < 0) { warnings.push(""product_unit_shortfall"");"
lib\calculations\recoverySummaryCalculations.js,recoverySummaryCalculations.js,lib,904,unit_surplus_or_gap,snake_case,warning_id,warning_id,recovery-summary,"required_cost_per_unit, unit_surplus_or_gap, total_annual_surplus_or_gap,"
lib\selectors\recoverySummarySelectors.js,recoverySummarySelectors.js,lib,560,unit_surplus_or_gap,snake_case,object_key,warning_id,recovery-summary,"required_cost_per_unit: calculated.required_cost_per_unit ?? 0, unit_surplus_or_gap: calculated.unit_surplus_or_gap ?? 0, total_annual_surplus_or_gap:"
hooks\useRecoverySummary.js,useRecoverySummary.js,hooks,199,unit_surplus_or_shortfall,snake_case,object_key,warning_id,recovery-summary,"calculated.required_units_to_break_even, unit_surplus_or_shortfall: calculated.unit_surplus_or_shortfall,"
hooks\useRecoverySummary.js,useRecoverySummary.js,hooks,200,unit_surplus_or_shortfall,snake_case,warning_id,warning_id,recovery-summary,"unit_surplus_or_shortfall: calculated.unit_surplus_or_shortfall, product_recovery_ready: calculated.product_recovery_ready,"
lib\calculations\recoverySummaryCalculations.js,recoverySummaryCalculations.js,lib,487,unit_surplus_or_shortfall,snake_case,declaration,warning_id,recovery-summary,margin_per_unit > 0 ? total_cost_burden / margin_per_unit : 0; const unit_surplus_or_shortfall = total_units - required_units_to_break_even; const required_units_if_margin_fixed = required_units_to_break_even;
lib\calculations\recoverySummaryCalculations.js,recoverySummaryCalculations.js,lib,522,unit_surplus_or_shortfall,snake_case,warning_id,warning_id,recovery-summary,is_numeric_input(margin_per_unit) && is_numeric_input(unit_surplus_or_shortfall) && is_numeric_input(input.margin_pool);
lib\calculations\recoverySummaryCalculations.js,recoverySummaryCalculations.js,lib,915,unit_surplus_or_shortfall,snake_case,object_key,warning_id,recovery-summary,"), unit_surplus_or_shortfall: round_currency(unit_surplus_or_shortfall), product_recovery_ready,"
lib\selectors\recoverySummarySelectors.js,recoverySummarySelectors.js,lib,556,unit_surplus_or_shortfall,snake_case,object_key,warning_id,recovery-summary,"calculated.required_units_to_break_even ?? 0, unit_surplus_or_shortfall: calculated.unit_surplus_or_shortfall ?? 0,"
lib\selectors\recoverySummarySelectors.js,recoverySummarySelectors.js,lib,557,unit_surplus_or_shortfall,snake_case,warning_id,warning_id,recovery-summary,"unit_surplus_or_shortfall: calculated.unit_surplus_or_shortfall ?? 0, total_units: calculated.total_units ?? calculated.units_sold_annual ?? 0,"
components\recovery-summary\recoverySummaryWarningDetails.js,recoverySummaryWarningDetails.js,components,26,value,plain,object_key,warning_id,recovery-summary,"label: ""Margin Pool"", value: format_currency(margin_pool), },"
components\recovery-summary\recoverySummaryWarningDetails.js,recoverySummaryWarningDetails.js,components,30,value,plain,object_key,warning_id,recovery-summary,"label: ""Total Cost Burden"", value: format_currency(total_cost_burden), },"
components\recovery-summary\recoverySummaryWarningDetails.js,recoverySummaryWarningDetails.js,components,34,value,plain,object_key,warning_id,recovery-summary,"label: ""Net Position"", value: format_currency(net_position), emphasis: true,"
components\recovery-summary\recoverySummaryWarningDetails.js,recoverySummaryWarningDetails.js,components,51,value,plain,object_key,warning_id,recovery-summary,"label: ""Current Margin"", value: format_currency(current_margin_per_driver), },"
components\recovery-summary\recoverySummaryWarningDetails.js,recoverySummaryWarningDetails.js,components,55,value,plain,object_key,warning_id,recovery-summary,"label: ""Required Recovery"", value: format_currency(required_recovery_per_driver), },"
components\recovery-summary\recoverySummaryWarningDetails.js,recoverySummaryWarningDetails.js,components,59,value,plain,object_key,warning_id,recovery-summary,"label: ""Recovery Gap"", value: format_currency(recovery_gap_per_driver), emphasis: true,"
components\recovery-summary\recoverySummaryWarningDetails.js,recoverySummaryWarningDetails.js,components,76,value,plain,object_key,warning_id,recovery-summary,"label: ""Revenue"", value: format_currency(total_revenue), },"
components\recovery-summary\recoverySummaryWarningDetails.js,recoverySummaryWarningDetails.js,components,80,value,plain,object_key,warning_id,recovery-summary,"label: ""Direct Costs"", value: format_currency(total_direct_costs), },"
components\recovery-summary\recoverySummaryWarningDetails.js,recoverySummaryWarningDetails.js,components,84,value,plain,object_key,warning_id,recovery-summary,"label: ""Margin Pool"", value: format_currency(margin_pool), emphasis: true,"
app\recovery-summary\page.jsx,page.jsx,app,29,warning_count,snake_case,snake_case_reference,warning_id,recovery-summary,recovery_ready={status.recovery_ready} warning_count={status.warning_count} warning_items={status.warning_items}
components\recovery-summary\RecoverySummaryMainCard.jsx,RecoverySummaryMainCard.jsx,components,113,warning_count,snake_case,snake_case_reference,warning_id,recovery-summary,"recovery_ready, warning_count, warning_items = [],"
components\recovery-summary\RecoverySummaryMainCard.jsx,RecoverySummaryMainCard.jsx,components,155,warning_count,snake_case,snake_case_reference,warning_id,recovery-summary,const effective_warning_count = recovery_warning_count ?? warning_count ?? recovery_failure_path.length ?? 0;
components\recovery-summary\RecoverySummaryMainCard.jsx,RecoverySummaryMainCard.jsx,components,164,warning_count,snake_case,object_key,warning_id,recovery-summary,"recovery_ready, warning_count: effective_warning_count, primary_commercial_warning,"
components\recovery-summary\RecoverySummaryMainCard.jsx,RecoverySummaryMainCard.jsx,components,24,warning_count,snake_case,snake_case_reference,warning_id,recovery-summary,"recovery_driver_label, warning_count, warning_items,"
components\recovery-summary\RecoverySummaryMainCard.jsx,RecoverySummaryMainCard.jsx,components,273,warning_count,snake_case,snake_case_reference,warning_id,recovery-summary,} warning_count={effective_failure_path.length} warning_items={warning_items}
components\recovery-summary\RecoverySummaryMainCard.jsx,RecoverySummaryMainCard.jsx,components,99,warning_count,snake_case,snake_case_reference,warning_id,recovery-summary,<RecoverySummaryNoteDrilldown warning_count={warning_count} warning_items={warning_items}
components\recovery-summary\RecoverySummaryNoteDrilldown.jsx,RecoverySummaryNoteDrilldown.jsx,components,113,warning_count,snake_case,snake_case_reference,warning_id,recovery-summary,"export default function RecoverySummaryNoteDrilldown({ warning_count, warning_items = [],"
components\recovery-summary\RecoverySummaryNoteDrilldown.jsx,RecoverySummaryNoteDrilldown.jsx,components,293,warning_count,snake_case,snake_case_reference,warning_id,recovery-summary,"<h3 className=""text-lg font-semibold text-[var(--text-primary)]""> {warning_count} active note{warning_count === 1 ? """" : ""s""} </h3>"
components\recovery-summary\main-card\recoverySummaryWarningHelpers.js,recoverySummaryWarningHelpers.js,components,59,warning_count,snake_case,snake_case_reference,warning_id,recovery-summary,"recovery_ready, warning_count, primary_commercial_warning,"
components\recovery-summary\main-card\recoverySummaryWarningHelpers.js,recoverySummaryWarningHelpers.js,components,81,warning_count,snake_case,snake_case_reference,warning_id,recovery-summary,"if (recovery_ready && warning_count > 0) { return ""Usable with warnings"";"
lib\recovery\recoveryRiskWarningSystem.js,recoveryRiskWarningSystem.js,lib,178,warning_count,snake_case,object_key,warning_id,recovery-summary,"info_warning_count: info_warnings.length, warning_count: sorted_warnings.length, };"
lib\recovery\recoveryRiskWarningSystem.js,recoveryRiskWarningSystem.js,lib,608,warning_count,snake_case,snake_case_reference,warning_id,recovery-summary,"info_recovery_warning_count: hierarchy.info_warning_count, recovery_warning_count: hierarchy.warning_count, };"
lib\selectors\recoverySummarySelectors.js,recoverySummarySelectors.js,lib,367,warning_count,snake_case,object_key,warning_id,recovery-summary,"recovery_ready: recovery_summary_ready, warning_count: warning_items.length, warning_items,"
components\recovery-summary\RecoverySummaryNoteDrilldown.jsx,RecoverySummaryNoteDrilldown.jsx,components,172,warning_id,snake_case,declaration,warning_id,recovery-summary,"{failure_rows.map((warning, index) => { const warning_id = get_warning_id(warning, index); const is_primary ="
components\recovery-summary\RecoverySummaryNoteDrilldown.jsx,RecoverySummaryNoteDrilldown.jsx,components,174,warning_id,snake_case,snake_case_reference,warning_id,recovery-summary,const is_primary = primary_recovery_warning?.warning_id === warning.warning_id || index === 0;
components\recovery-summary\RecoverySummaryNoteDrilldown.jsx,RecoverySummaryNoteDrilldown.jsx,components,179,warning_id,snake_case,snake_case_reference,warning_id,recovery-summary,"<button key={warning_id} type=""button"""
components\recovery-summary\RecoverySummaryNoteDrilldown.jsx,RecoverySummaryNoteDrilldown.jsx,components,181,warning_id,snake_case,snake_case_reference,warning_id,recovery-summary,"type=""button"" onClick={() => set_active_failure_id(warning_id)} className={`recovery-summary-interactive recovery-summary-note-button ${"
components\recovery-summary\RecoverySummaryNoteDrilldown.jsx,RecoverySummaryNoteDrilldown.jsx,components,183,warning_id,snake_case,snake_case_reference,warning_id,recovery-summary,"className={`recovery-summary-interactive recovery-summary-note-button ${ active_failure_id === warning_id ? ""is-active"" : """" }`}"
components\recovery-summary\RecoverySummaryNoteDrilldown.jsx,RecoverySummaryNoteDrilldown.jsx,components,203,warning_id,snake_case,snake_case_reference,warning_id,recovery-summary,"<p className=""ui-label""> {selected_failure.warning_id === primary_recovery_warning?.warning_id"
components\recovery-summary\RecoverySummaryNoteDrilldown.jsx,RecoverySummaryNoteDrilldown.jsx,components,204,warning_id,snake_case,snake_case_reference,warning_id,recovery-summary,"{selected_failure.warning_id === primary_recovery_warning?.warning_id ? ""Primary failure"""
components\recovery-summary\RecoverySummaryNoteDrilldown.jsx,RecoverySummaryNoteDrilldown.jsx,components,50,warning_id,snake_case,snake_case_reference,warning_id,recovery-summary,"function get_warning_id(warning, index) { return warning?.warning_id || warning?.warning_key || `warning-${index}`; }"
components\recovery-summary\main-card\recoverySummaryWarningHelpers.js,recoverySummaryWarningHelpers.js,components,9,warning_id,snake_case,snake_case_reference,warning_id,recovery-summary,return MODEL_CONFIDENCE_WARNING_IDS.has( warning.warning_id || warning.warning_key );
lib\recovery\recoveryRiskWarningSystem.js,recoveryRiskWarningSystem.js,lib,164,warning_id,snake_case,snake_case_reference,warning_id,recovery-summary,? sorted_warnings.filter( (warning) => warning.warning_id !== primary_warning.warning_id )
lib\recovery\recoveryRiskWarningSystem.js,recoveryRiskWarningSystem.js,lib,208,warning_id,snake_case,object_key,warning_id,recovery-summary,"build_recovery_warning({ warning_id: ""recovery_share_below_100"", severity: WARNING_SEVERITY.BLOCKING,"
lib\recovery\recoveryRiskWarningSystem.js,recoveryRiskWarningSystem.js,lib,239,warning_id,snake_case,object_key,warning_id,recovery-summary,"build_recovery_warning({ warning_id: ""recovery_share_above_100"", severity: WARNING_SEVERITY.BLOCKING,"
lib\recovery\recoveryRiskWarningSystem.js,recoveryRiskWarningSystem.js,lib,269,warning_id,snake_case,object_key,warning_id,recovery-summary,"build_recovery_warning({ warning_id: ""recovery_share_balanced"", severity: WARNING_SEVERITY.INFO,"
lib\recovery\recoveryRiskWarningSystem.js,recoveryRiskWarningSystem.js,lib,316,warning_id,snake_case,object_key,warning_id,recovery-summary,"build_recovery_warning({ warning_id: `${cost_stream}_cost_without_share`, severity: WARNING_SEVERITY.REVIEW,"
lib\recovery\recoveryRiskWarningSystem.js,recoveryRiskWarningSystem.js,lib,339,warning_id,snake_case,object_key,warning_id,recovery-summary,"build_recovery_warning({ warning_id: `${cost_stream}_share_without_driver`, severity: WARNING_SEVERITY.BLOCKING,"
lib\recovery\recoveryRiskWarningSystem.js,recoveryRiskWarningSystem.js,lib,361,warning_id,snake_case,object_key,warning_id,recovery-summary,"build_recovery_warning({ warning_id: `${cost_stream}_share_with_zero_driver_quantity`, severity: WARNING_SEVERITY.BLOCKING,"
lib\recovery\recoveryRiskWarningSystem.js,recoveryRiskWarningSystem.js,lib,447,warning_id,snake_case,object_key,warning_id,recovery-summary,"build_recovery_warning({ warning_id: ""business_summary_not_trusted"", severity: WARNING_SEVERITY.BLOCKING,"
lib\recovery\recoveryRiskWarningSystem.js,recoveryRiskWarningSystem.js,lib,475,warning_id,snake_case,object_key,warning_id,recovery-summary,"build_recovery_warning({ warning_id: ""margin_pool_below_cost_burden"", severity: WARNING_SEVERITY.BLOCKING,"
lib\recovery\recoveryRiskWarningSystem.js,recoveryRiskWarningSystem.js,lib,50,warning_id,snake_case,snake_case_reference,warning_id,recovery-summary,"export function build_recovery_warning({ warning_id, severity = WARNING_SEVERITY.REVIEW,"
lib\recovery\recoveryRiskWarningSystem.js,recoveryRiskWarningSystem.js,lib,510,warning_id,snake_case,object_key,warning_id,recovery-summary,"build_recovery_warning({ warning_id: ""required_recovery_rate_not_met"", severity: WARNING_SEVERITY.BLOCKING,"
lib\recovery\recoveryRiskWarningSystem.js,recoveryRiskWarningSystem.js,lib,542,warning_id,snake_case,object_key,warning_id,recovery-summary,"build_recovery_warning({ warning_id: ""recovery_stream_cross_subsidy_risk"", severity: WARNING_SEVERITY.REVIEW,"
lib\recovery\recoveryRiskWarningSystem.js,recoveryRiskWarningSystem.js,lib,575,warning_id,snake_case,object_key,warning_id,recovery-summary,"build_recovery_warning({ warning_id: ""recovery_strategy_can_be_carried_forward"", severity: WARNING_SEVERITY.INFO,"
lib\recovery\recoveryRiskWarningSystem.js,recoveryRiskWarningSystem.js,lib,70,warning_id,snake_case,snake_case_reference,warning_id,recovery-summary,"return { warning_id, severity: normalise_severity(severity),"
app\recovery-summary\page.jsx,page.jsx,app,30,warning_items,snake_case,snake_case_reference,warning_id,recovery-summary,warning_count={status.warning_count} warning_items={status.warning_items} />
components\recovery-summary\RecoverySummaryMainCard.jsx,RecoverySummaryMainCard.jsx,components,100,warning_items,snake_case,snake_case_reference,warning_id,recovery-summary,warning_count={warning_count} warning_items={warning_items} values={values}
components\recovery-summary\RecoverySummaryMainCard.jsx,RecoverySummaryMainCard.jsx,components,114,warning_items,snake_case,snake_case_reference,warning_id,recovery-summary,"warning_count, warning_items = [],"
components\recovery-summary\RecoverySummaryMainCard.jsx,RecoverySummaryMainCard.jsx,components,25,warning_items,snake_case,snake_case_reference,warning_id,recovery-summary,"warning_count, warning_items, values,"
components\recovery-summary\RecoverySummaryMainCard.jsx,RecoverySummaryMainCard.jsx,components,274,warning_items,snake_case,snake_case_reference,warning_id,recovery-summary,warning_count={effective_failure_path.length} warning_items={warning_items} values={values}
components\recovery-summary\RecoverySummaryNoteDrilldown.jsx,RecoverySummaryNoteDrilldown.jsx,components,114,warning_items,snake_case,snake_case_reference,warning_id,recovery-summary,"warning_count, warning_items = [], values = {},"
components\recovery-summary\RecoverySummaryNoteDrilldown.jsx,RecoverySummaryNoteDrilldown.jsx,components,133,warning_items,snake_case,snake_case_reference,warning_id,recovery-summary,"const [active_warning_key, set_active_warning_key] = useState( warning_items[0]?.warning_key ?? null );"
components\recovery-summary\RecoverySummaryNoteDrilldown.jsx,RecoverySummaryNoteDrilldown.jsx,components,142,warning_items,snake_case,snake_case_reference,warning_id,recovery-summary,const selected_warning = warning_items.find( (warning) => warning.warning_key === active_warning_key
components\recovery-summary\RecoverySummaryNoteDrilldown.jsx,RecoverySummaryNoteDrilldown.jsx,components,144,warning_items,snake_case,snake_case_reference,warning_id,recovery-summary,(warning) => warning.warning_key === active_warning_key ) || warning_items[0];
components\recovery-summary\RecoverySummaryNoteDrilldown.jsx,RecoverySummaryNoteDrilldown.jsx,components,302,warning_items,snake_case,snake_case_reference,warning_id,recovery-summary,"{warning_items.length > 0 ? ( <div className=""ui-split-2"">"
components\recovery-summary\RecoverySummaryNoteDrilldown.jsx,RecoverySummaryNoteDrilldown.jsx,components,305,warning_items,snake_case,snake_case_reference,warning_id,recovery-summary,"<div className=""ui-stack-sm""> {warning_items.map((warning) => ( <button"
lib\selectors\recoverySummarySelectors.js,recoverySummarySelectors.js,lib,284,warning_items,snake_case,declaration,warning_id,recovery-summary,"export function buildRecoverySummaryStatus({ calculated = {} } = {}) { const warning_items = (calculated.warnings ?? []).map((warning_key) => ({ warning_key,"
lib\selectors\recoverySummarySelectors.js,recoverySummarySelectors.js,lib,293,warning_items,snake_case,snake_case_reference,warning_id,recovery-summary,const has_blocking_warning = warning_items.some((warning) => blocking_warning_keys.has(warning.warning_key)
lib\selectors\recoverySummarySelectors.js,recoverySummarySelectors.js,lib,298,warning_items,snake_case,snake_case_reference,warning_id,recovery-summary,const has_commercial_warnings = warning_items.length > 0 && !has_blocking_warning;
lib\selectors\recoverySummarySelectors.js,recoverySummarySelectors.js,lib,306,warning_items,snake_case,snake_case_reference,warning_id,recovery-summary,"? ""not_trusted"" : warning_items.length === 0 ? ""ready"""
lib\selectors\recoverySummarySelectors.js,recoverySummarySelectors.js,lib,350,warning_items,snake_case,snake_case_reference,warning_id,recovery-summary,"recovery_summary_status, recovery_summary_warnings: warning_items, recovery_summary_usable: recovery_summary_ready,"
lib\selectors\recoverySummarySelectors.js,recoverySummarySelectors.js,lib,367,warning_items,snake_case,snake_case_reference,warning_id,recovery-summary,"recovery_ready: recovery_summary_ready, warning_count: warning_items.length, warning_items,"
lib\selectors\recoverySummarySelectors.js,recoverySummarySelectors.js,lib,368,warning_items,snake_case,snake_case_reference,warning_id,recovery-summary,"warning_count: warning_items.length, warning_items, };"
components\recovery-summary\RecoverySummaryNoteDrilldown.jsx,RecoverySummaryNoteDrilldown.jsx,components,133,warning_key,snake_case,snake_case_reference,warning_id,recovery-summary,"const [active_warning_key, set_active_warning_key] = useState( warning_items[0]?.warning_key ?? null );"
components\recovery-summary\RecoverySummaryNoteDrilldown.jsx,RecoverySummaryNoteDrilldown.jsx,components,143,warning_key,snake_case,snake_case_reference,warning_id,recovery-summary,warning_items.find( (warning) => warning.warning_key === active_warning_key ) || warning_items[0];
components\recovery-summary\RecoverySummaryNoteDrilldown.jsx,RecoverySummaryNoteDrilldown.jsx,components,147,warning_key,snake_case,snake_case_reference,warning_id,recovery-summary,"const selected_detail = selected_warning ? get_warning_detail(selected_warning.warning_key, values) : null;"
components\recovery-summary\RecoverySummaryNoteDrilldown.jsx,RecoverySummaryNoteDrilldown.jsx,components,307,warning_key,snake_case,snake_case_reference,warning_id,recovery-summary,"<button key={warning.warning_key} type=""button"""
components\recovery-summary\RecoverySummaryNoteDrilldown.jsx,RecoverySummaryNoteDrilldown.jsx,components,309,warning_key,snake_case,snake_case_reference,warning_id,recovery-summary,"type=""button"" onClick={() => set_active_warning_key(warning.warning_key)} className={`recovery-summary-interactive recovery-summary-note-button ${"
components\recovery-summary\RecoverySummaryNoteDrilldown.jsx,RecoverySummaryNoteDrilldown.jsx,components,311,warning_key,snake_case,snake_case_reference,warning_id,recovery-summary,"className={`recovery-summary-interactive recovery-summary-note-button ${ active_warning_key === warning.warning_key ? ""is-active"""
components\recovery-summary\RecoverySummaryNoteDrilldown.jsx,RecoverySummaryNoteDrilldown.jsx,components,50,warning_key,snake_case,snake_case_reference,warning_id,recovery-summary,"function get_warning_id(warning, index) { return warning?.warning_id || warning?.warning_key || `warning-${index}`; }"
components\recovery-summary\main-card\recoverySummaryWarningHelpers.js,recoverySummaryWarningHelpers.js,components,9,warning_key,snake_case,snake_case_reference,warning_id,recovery-summary,return MODEL_CONFIDENCE_WARNING_IDS.has( warning.warning_id || warning.warning_key );
components\recovery-summary\recoverySummaryWarningDetails.js,recoverySummaryWarningDetails.js,components,192,warning_key,snake_case,snake_case_reference,warning_id,recovery-summary,"return ( detail_map[warning_key] || { title: ""Recovery note"","
components\recovery-summary\recoverySummaryWarningDetails.js,recoverySummaryWarningDetails.js,components,3,warning_key,snake_case,snake_case_reference,warning_id,recovery-summary,"export function get_warning_detail(warning_key, values = {}) { const {"
lib\selectors\recoverySummarySelectors.js,recoverySummarySelectors.js,lib,128,warning_key,snake_case,snake_case_reference,warning_id,recovery-summary,"return warning_map[warning_key] || ""Unknown recovery issue.""; }"
lib\selectors\recoverySummarySelectors.js,recoverySummarySelectors.js,lib,284,warning_key,snake_case,snake_case_reference,warning_id,recovery-summary,"export function buildRecoverySummaryStatus({ calculated = {} } = {}) { const warning_items = (calculated.warnings ?? []).map((warning_key) => ({ warning_key,"
lib\selectors\recoverySummarySelectors.js,recoverySummarySelectors.js,lib,285,warning_key,snake_case,snake_case_reference,warning_id,recovery-summary,"const warning_items = (calculated.warnings ?? []).map((warning_key) => ({ warning_key, label: get_warning_label(warning_key),"
lib\selectors\recoverySummarySelectors.js,recoverySummarySelectors.js,lib,286,warning_key,snake_case,snake_case_reference,warning_id,recovery-summary,"warning_key, label: get_warning_label(warning_key), }));"
lib\selectors\recoverySummarySelectors.js,recoverySummarySelectors.js,lib,294,warning_key,snake_case,snake_case_reference,warning_id,recovery-summary,const has_blocking_warning = warning_items.some((warning) => blocking_warning_keys.has(warning.warning_key) );
lib\selectors\recoverySummarySelectors.js,recoverySummarySelectors.js,lib,59,warning_key,snake_case,snake_case_reference,warning_id,recovery-summary,function get_warning_label(warning_key) { const warning_map = {
lib\selectors\recoverySummarySelectors.js,recoverySummarySelectors.js,lib,128,warning_map,snake_case,snake_case_reference,warning_id,recovery-summary,"return warning_map[warning_key] || ""Unknown recovery issue.""; }"
lib\selectors\recoverySummarySelectors.js,recoverySummarySelectors.js,lib,60,warning_map,snake_case,declaration,warning_id,recovery-summary,function get_warning_label(warning_key) { const warning_map = { business_summary_not_ready:
lib\recovery\recoveryRiskWarningSystem.js,recoveryRiskWarningSystem.js,lib,404,warning_rows,snake_case,declaration,warning_id,recovery-summary,"const warning_rows = [ ...share_total_result.share_total_warnings,"
lib\recovery\recoveryRiskWarningSystem.js,recoveryRiskWarningSystem.js,lib,416,warning_rows,snake_case,snake_case_reference,warning_id,recovery-summary,"share_total_result.over_allocated_share_percent, ...build_share_warning_summary(warning_rows), ...build_recovery_warning_hierarchy(warning_rows),"
lib\recovery\recoveryRiskWarningSystem.js,recoveryRiskWarningSystem.js,lib,417,warning_rows,snake_case,snake_case_reference,warning_id,recovery-summary,"...build_share_warning_summary(warning_rows), ...build_recovery_warning_hierarchy(warning_rows), };"
components\revenue-cogs\RevenueCogXeroImportPanel.jsx,RevenueCogXeroImportPanel.jsx,components,149,Note,PascalCase,object_key,warning_id,revenue-cogs,"<div className=""ui-alert ui-alert-warning""> <strong>Note:</strong> This report is ledger-account based. It is not a supplier invoice detail report. It does not include WIP, accruals, or"
lib\calculations\revenueCogsCalculations.js,revenueCogsCalculations.js,lib,139,average_sale_rate_per_unit,snake_case,snake_case_reference,warning_id,revenue-cogs,if (to_number(row.average_sale_rate_per_unit) <= 0) { warnings.push({
lib\calculations\revenueCogsCalculations.js,revenueCogsCalculations.js,lib,100,commercial_driver_mode,snake_case,snake_case_reference,warning_id,revenue-cogs,"if (commercial_driver_mode === ""hours_based"") { return warnings;"
lib\calculations\revenueCogsCalculations.js,revenueCogsCalculations.js,lib,209,commercial_driver_mode,snake_case,object_key,warning_id,revenue-cogs,"const unit_recovery_warnings = build_unit_driver_warnings({ commercial_driver_mode: resolved_commercial_driver_mode, unit_driver_rows: calculated_unit_driver_rows,"
lib\calculations\revenueCogsCalculations.js,revenueCogsCalculations.js,lib,95,commercial_driver_mode,snake_case,snake_case_reference,warning_id,revenue-cogs,"function build_unit_driver_warnings({ commercial_driver_mode, unit_driver_rows,"
lib\calculations\revenueCogsCalculations.js,revenueCogsCalculations.js,lib,147,derived_units_annual,snake_case,snake_case_reference,warning_id,revenue-cogs,if (to_number(row.derived_units_annual) <= 0) { warnings.push({
hooks\useRevenueCogs.js,useRevenueCogs.js,hooks,276,direct_cost_category_totals,snake_case,object_key,warning_id,revenue-cogs,"revenue_cogs_warnings: status.revenue_cogs_warnings, direct_cost_category_totals: calculations.direct_cost_category_totals,"
lib\calculations\revenueCogsCalculations.js,revenueCogsCalculations.js,lib,128,estimated_units_annual,snake_case,snake_case_reference,warning_id,revenue-cogs,"if (row.unit_type === ""each"") { if (to_number(row.estimated_units_annual) <= 0) { warnings.push({"
lib\calculations\revenueCogsCalculations.js,revenueCogsCalculations.js,lib,100,hours_based,snake_case,snake_case_reference,warning_id,revenue-cogs,"if (commercial_driver_mode === ""hours_based"") { return warnings;"
lib\calculations\revenueCogsCalculations.js,revenueCogsCalculations.js,lib,242,hours_based,snake_case,snake_case_reference,warning_id,revenue-cogs,"unit_recovery_ready: resolved_commercial_driver_mode === ""hours_based"" || unit_recovery_warnings.length === 0,"
lib\calculations\revenueCogsCalculations.js,revenueCogsCalculations.js,lib,249,hours_based,snake_case,snake_case_reference,warning_id,revenue-cogs,"product_recovery_ready: resolved_commercial_driver_mode !== ""hours_based"" && unit_recovery_warnings.length === 0,"
lib\imports\xeroCogImporter.js,xeroCogImporter.js,lib,6,imported_review_required,snake_case,warning_id,warning_id,revenue-cogs,"""review_required"", ""imported_review_required"", ""__review_required"","
app\revenue-cogs\page.jsx,page.jsx,app,100,margin_pool,snake_case,snake_case_reference,warning_id,revenue-cogs,total_direct_costs={status.total_direct_costs} margin_pool={status.margin_pool} warning_count={status.warning_count}
components\revenue-cogs\RevenueCogsStatusStrip.jsx,RevenueCogsStatusStrip.jsx,components,17,margin_pool,snake_case,snake_case_reference,warning_id,revenue-cogs,"total_direct_costs = 0, margin_pool = 0, warning_count = 0,"
lib\selectors\revenueCogsSelectors.js,revenueCogsSelectors.js,lib,112,margin_pool,snake_case,snake_case_reference,warning_id,revenue-cogs,if (margin_pool < 0) { warnings.push({
lib\calculations\revenueCogsCalculations.js,revenueCogsCalculations.js,lib,107,message,plain,object_key,warning_id,revenue-cogs,"warning_id: ""no_unit_drivers"", message: ""Unit-based mode is selected, but no commercial unit drivers have been entered."","
lib\calculations\revenueCogsCalculations.js,revenueCogsCalculations.js,lib,121,message,plain,object_key,warning_id,revenue-cogs,"warning_id: ""unit_revenue_split_not_100"", message: ""Unit driver revenue split should total 100% for unit-based recovery testing."","
lib\selectors\revenueCogsSelectors.js,revenueCogsSelectors.js,lib,100,message,plain,object_key,warning_id,revenue-cogs,"warning_id: ""no_revenue_data"", message: ""No revenue data is flowing from P&L revenue classification."", });"
lib\selectors\revenueCogsSelectors.js,revenueCogsSelectors.js,lib,107,message,plain,object_key,warning_id,revenue-cogs,"warning_id: ""no_direct_cost_data"", message: ""No direct cost data is flowing from P&L COGS classification."","
lib\selectors\revenueCogsSelectors.js,revenueCogsSelectors.js,lib,115,message,plain,object_key,warning_id,revenue-cogs,"warning_id: ""negative_margin_pool"", message: ""Direct Costs are greater than Revenue, so the Margin Pool is negative."","
lib\calculations\recoverySummaryCalculations.js,recoverySummaryCalculations.js,lib,753,missing_revenue_cogs_data,snake_case,snake_case_reference,warning_id,revenue-cogs,"if (total_revenue <= 0 && margin_pool <= 0) { warnings.push(""missing_revenue_cogs_data""); }"
lib\selectors\revenueCogsSelectors.js,revenueCogsSelectors.js,lib,114,negative_margin_pool,snake_case,snake_case_reference,warning_id,revenue-cogs,"warnings.push({ warning_id: ""negative_margin_pool"", message:"
lib\selectors\revenueCogsSelectors.js,revenueCogsSelectors.js,lib,106,no_direct_cost_data,snake_case,snake_case_reference,warning_id,revenue-cogs,"warnings.push({ warning_id: ""no_direct_cost_data"", message:"
lib\selectors\revenueCogsSelectors.js,revenueCogsSelectors.js,lib,99,no_revenue_data,snake_case,snake_case_reference,warning_id,revenue-cogs,"warnings.push({ warning_id: ""no_revenue_data"", message: ""No revenue data is flowing from P&L revenue classification."","
lib\calculations\revenueCogsCalculations.js,revenueCogsCalculations.js,lib,106,no_unit_drivers,snake_case,snake_case_reference,warning_id,revenue-cogs,"warnings.push({ warning_id: ""no_unit_drivers"", message:"
lib\calculations\revenueCogsCalculations.js,revenueCogsCalculations.js,lib,209,resolved_commercial_driver_mode,snake_case,snake_case_reference,warning_id,revenue-cogs,"const unit_recovery_warnings = build_unit_driver_warnings({ commercial_driver_mode: resolved_commercial_driver_mode, unit_driver_rows: calculated_unit_driver_rows,"
lib\calculations\revenueCogsCalculations.js,revenueCogsCalculations.js,lib,242,resolved_commercial_driver_mode,snake_case,snake_case_reference,warning_id,revenue-cogs,"unit_recovery_ready: resolved_commercial_driver_mode === ""hours_based"" || unit_recovery_warnings.length === 0,"
lib\calculations\revenueCogsCalculations.js,revenueCogsCalculations.js,lib,249,resolved_commercial_driver_mode,snake_case,snake_case_reference,warning_id,revenue-cogs,"product_recovery_ready: resolved_commercial_driver_mode !== ""hours_based"" && unit_recovery_warnings.length === 0,"
lib\calculations\revenueCogsCalculations.js,revenueCogsCalculations.js,lib,118,revenue_share_total,snake_case,snake_case_reference,warning_id,revenue-cogs,if (Math.abs(revenue_share_total - 100) > 0.1) { warnings.push({
components\revenue-cogs\RevenueCogXeroImportPanel.jsx,RevenueCogXeroImportPanel.jsx,components,361,review_required,snake_case,warning_id,warning_id,revenue-cogs,"<td>{row.include_in_cog ? ""Yes"" : ""No""}</td> <td>{row.review_required ? ""Required"" : ""No""}</td> </tr>"
components\revenue-cogs\RevenueCogXeroImportPanel.jsx,RevenueCogXeroImportPanel.jsx,components,548,review_required,snake_case,warning_id,warning_id,revenue-cogs,"<td>{row.include_in_cog ? ""Yes"" : ""No""}</td> <td>{row.review_required ? ""Required"" : ""No""}</td> </tr>"
lib\imports\xeroCogImporter.js,xeroCogImporter.js,lib,192,review_required,snake_case,object_key,warning_id,revenue-cogs,"include_in_cog: false, review_required: false, review_reason: """","
lib\imports\xeroCogImporter.js,xeroCogImporter.js,lib,198,review_required,snake_case,declaration,warning_id,revenue-cogs,const review_required = is_review_category( matched_line.direct_cost_category_id
lib\imports\xeroCogImporter.js,xeroCogImporter.js,lib,205,review_required,snake_case,quoted_object_key,warning_id,revenue-cogs,"pnl_default_group: ""direct_cost"", cog_import_treatment: review_required ? ""review_required"" : ""cog_included"", visible_by_default: true,"
lib\imports\xeroCogImporter.js,xeroCogImporter.js,lib,211,review_required,snake_case,warning_id,warning_id,revenue-cogs,"direct_cost_category_name: matched_line.direct_cost_category_name, include_in_cog: !review_required, review_required,"
lib\imports\xeroCogImporter.js,xeroCogImporter.js,lib,212,review_required,snake_case,warning_id,warning_id,revenue-cogs,"include_in_cog: !review_required, review_required, review_reason: review_required"
lib\imports\xeroCogImporter.js,xeroCogImporter.js,lib,213,review_required,snake_case,warning_id,warning_id,revenue-cogs,"review_required, review_reason: review_required ? ""This Xero account matches a P&L Cost of Sales line that is assigned to Review required."""
lib\imports\xeroCogImporter.js,xeroCogImporter.js,lib,249,review_required,snake_case,object_key,warning_id,revenue-cogs,"include_in_cog: account_match.include_in_cog, review_required: account_match.review_required, review_reason: account_match.review_reason,"
lib\imports\xeroCogImporter.js,xeroCogImporter.js,lib,281,review_required,snake_case,object_key,warning_id,revenue-cogs,"include_in_cog: false, review_required: false, });"
lib\imports\xeroCogImporter.js,xeroCogImporter.js,lib,294,review_required,snake_case,warning_id,warning_id,revenue-cogs,if (row.review_required) item.review_required = true; if (row.include_in_cog) item.include_in_cog = true;
lib\imports\xeroCogImporter.js,xeroCogImporter.js,lib,333,review_required,snake_case,warning_id,warning_id,revenue-cogs,"direct_cost_category_id: line.direct_cost_category_id || ""review_required"", direct_cost_category_name:"
lib\imports\xeroCogImporter.js,xeroCogImporter.js,lib,490,review_required,snake_case,warning_id,warning_id,revenue-cogs,const review_rows = account_summary.filter((row) => row.review_required); const cog_rows = account_summary.filter((row) => row.include_in_cog);
lib\imports\xeroCogImporter.js,xeroCogImporter.js,lib,5,review_required,snake_case,warning_id,warning_id,revenue-cogs,""""", ""review_required"", ""imported_review_required"","
lib\imports\xeroCogImporter.js,xeroCogImporter.js,lib,76,review_required,snake_case,warning_id,warning_id,revenue-cogs,"direct_cost_category_id: line.direct_cost_category_id || ""review_required"", direct_cost_category_name:"
lib\selectors\revenueCogsSelectors.js,revenueCogsSelectors.js,lib,45,review_required,snake_case,warning_id,warning_id,revenue-cogs,"line.review_subcategory || ""review_required"";"
lib\calculations\revenueCogsCalculations.js,revenueCogsCalculations.js,lib,128,to_number,snake_case,snake_case_reference,warning_id,revenue-cogs,"if (row.unit_type === ""each"") { if (to_number(row.estimated_units_annual) <= 0) { warnings.push({"
lib\calculations\revenueCogsCalculations.js,revenueCogsCalculations.js,lib,139,to_number,snake_case,snake_case_reference,warning_id,revenue-cogs,if (to_number(row.average_sale_rate_per_unit) <= 0) { warnings.push({
lib\calculations\revenueCogsCalculations.js,revenueCogsCalculations.js,lib,147,to_number,snake_case,snake_case_reference,warning_id,revenue-cogs,if (to_number(row.derived_units_annual) <= 0) { warnings.push({
components\revenue-cogs\RevenueCogXeroImportPanel.jsx,RevenueCogXeroImportPanel.jsx,components,219,top_review_rows,snake_case,declaration,warning_id,revenue-cogs,"const top_review_rows = useMemo(() => { return (import_result?.review_rows || []).slice(0, 15);"
components\revenue-cogs\RevenueCogXeroImportPanel.jsx,RevenueCogXeroImportPanel.jsx,components,457,top_review_rows,snake_case,warning_id,warning_id,revenue-cogs,"{top_review_rows.length > 0 ? ( <div className=""ui-panel ui-stack-sm"">"
components\revenue-cogs\RevenueCogXeroImportPanel.jsx,RevenueCogXeroImportPanel.jsx,components,476,top_review_rows,snake_case,warning_id,warning_id,revenue-cogs,"<tbody> {top_review_rows.map((row, index) => ( <tr key={`review-row-${row.account_name}-${index}`}>"
components\recovery-summary\recoverySummaryWarningDetails.js,recoverySummaryWarningDetails.js,components,12,total_direct_costs,snake_case,snake_case_reference,warning_id,revenue-cogs,"total_revenue, total_direct_costs, } = values;"
components\recovery-summary\recoverySummaryWarningDetails.js,recoverySummaryWarningDetails.js,components,80,total_direct_costs,snake_case,snake_case_reference,warning_id,revenue-cogs,"label: ""Direct Costs"", value: format_currency(total_direct_costs), },"
lib\calculations\revenueRealityCalculations.js,revenueRealityCalculations.js,lib,38,total_direct_costs,snake_case,snake_case_reference,warning_id,revenue-cogs,if (total_direct_costs <= 0) { warnings.push(
lib\selectors\revenueCogsSelectors.js,revenueCogsSelectors.js,lib,104,total_direct_costs,snake_case,snake_case_reference,warning_id,revenue-cogs,if (total_direct_costs === 0) { warnings.push({
lib\selectors\revenueCogsSelectors.js,revenueCogsSelectors.js,lib,128,total_revenue,snake_case,snake_case_reference,warning_id,revenue-cogs,"revenue_cogs_ready: all_warnings.length === 0, total_revenue, total_direct_costs,"
lib\selectors\revenueCogsSelectors.js,revenueCogsSelectors.js,lib,97,total_revenue,snake_case,snake_case_reference,warning_id,revenue-cogs,if (total_revenue === 0) { warnings.push({
components\revenue-cogs\RevenueCogsCard.jsx,RevenueCogsCard.jsx,components,533,unit_driver_id,snake_case,snake_case_reference,warning_id,revenue-cogs,"key={`${warning.warning_id}-${ warning.unit_driver_id || ""all"" }`}"
lib\calculations\revenueCogsCalculations.js,revenueCogsCalculations.js,lib,131,unit_driver_id,snake_case,object_key,warning_id,revenue-cogs,"warning_id: ""unit_quantity_missing"", unit_driver_id: row.id, message: `${row.unit_label} needs estimated units sold per year.`,"
lib\calculations\revenueCogsCalculations.js,revenueCogsCalculations.js,lib,142,unit_driver_id,snake_case,object_key,warning_id,revenue-cogs,"warning_id: ""unit_sale_rate_missing"", unit_driver_id: row.id, message: `${row.unit_label} needs an average sale rate per measurable unit.`,"
lib\calculations\revenueCogsCalculations.js,revenueCogsCalculations.js,lib,150,unit_driver_id,snake_case,object_key,warning_id,revenue-cogs,"warning_id: ""unit_volume_not_available"", unit_driver_id: row.id, message: `${row.unit_label} cannot derive annual units until the average sale rate is greater than zero.`,"
lib\calculations\revenueCogsCalculations.js,revenueCogsCalculations.js,lib,104,unit_driver_rows,snake_case,snake_case_reference,warning_id,revenue-cogs,if (unit_driver_rows.length === 0) { warnings.push({
lib\calculations\revenueCogsCalculations.js,revenueCogsCalculations.js,lib,130,unit_quantity_missing,snake_case,warning_id,warning_id,revenue-cogs,"warnings.push({ warning_id: ""unit_quantity_missing"", unit_driver_id: row.id,"
lib\calculations\revenueCogsCalculations.js,revenueCogsCalculations.js,lib,120,unit_revenue_split_not_100,snake_case,snake_case_reference,warning_id,revenue-cogs,"warnings.push({ warning_id: ""unit_revenue_split_not_100"", message:"
lib\calculations\revenueCogsCalculations.js,revenueCogsCalculations.js,lib,141,unit_sale_rate_missing,snake_case,warning_id,warning_id,revenue-cogs,"warnings.push({ warning_id: ""unit_sale_rate_missing"", unit_driver_id: row.id,"
lib\calculations\revenueCogsCalculations.js,revenueCogsCalculations.js,lib,149,unit_volume_not_available,snake_case,warning_id,warning_id,revenue-cogs,"warnings.push({ warning_id: ""unit_volume_not_available"", unit_driver_id: row.id,"
app\revenue-cogs\page.jsx,page.jsx,app,130,units_sold_annual,snake_case,snake_case_reference,warning_id,revenue-cogs,unit_recovery_warnings={card.unit_recovery_warnings} units_sold_annual={card.units_sold_annual} margin_per_unit={card.margin_per_unit}
app\revenue-cogs\page.jsx,page.jsx,app,101,warning_count,snake_case,snake_case_reference,warning_id,revenue-cogs,margin_pool={status.margin_pool} warning_count={status.warning_count} revenue_cogs_warnings={status.revenue_cogs_warnings}
components\revenue-cogs\RevenueCogsStatusStrip.jsx,RevenueCogsStatusStrip.jsx,components,18,warning_count,snake_case,snake_case_reference,warning_id,revenue-cogs,"margin_pool = 0, warning_count = 0, revenue_cogs_warnings = [],"
components\revenue-cogs\RevenueCogsStatusStrip.jsx,RevenueCogsStatusStrip.jsx,components,55,warning_count,snake_case,snake_case_reference,warning_id,revenue-cogs,"<div className=""labour-summary-table-label"">Warnings</div> <div className=""labour-summary-table-value"">{warning_count}</div> </div>"
lib\selectors\revenueCogsSelectors.js,revenueCogsSelectors.js,lib,135,warning_count,snake_case,object_key,warning_id,revenue-cogs,"unit_recovery_warnings: unit_warnings, warning_count: all_warnings.length, revenue_cogs_warnings: all_warnings,"
components\revenue-cogs\RevenueCogsCard.jsx,RevenueCogsCard.jsx,components,532,warning_id,snake_case,snake_case_reference,warning_id,revenue-cogs,"className=""ui-help"" key={`${warning.warning_id}-${ warning.unit_driver_id || ""all"""
components\revenue-cogs\RevenueCogsStatusStrip.jsx,RevenueCogsStatusStrip.jsx,components,62,warning_id,snake_case,snake_case_reference,warning_id,revenue-cogs,"{revenue_cogs_warnings.map((warning) => ( <p className=""ui-help"" key={warning.warning_id}> {warning.message}"
lib\calculations\revenueCogsCalculations.js,revenueCogsCalculations.js,lib,106,warning_id,snake_case,object_key,warning_id,revenue-cogs,"warnings.push({ warning_id: ""no_unit_drivers"", message:"
lib\calculations\revenueCogsCalculations.js,revenueCogsCalculations.js,lib,120,warning_id,snake_case,object_key,warning_id,revenue-cogs,"warnings.push({ warning_id: ""unit_revenue_split_not_100"", message:"
lib\calculations\revenueCogsCalculations.js,revenueCogsCalculations.js,lib,130,warning_id,snake_case,object_key,warning_id,revenue-cogs,"warnings.push({ warning_id: ""unit_quantity_missing"", unit_driver_id: row.id,"
lib\calculations\revenueCogsCalculations.js,revenueCogsCalculations.js,lib,141,warning_id,snake_case,object_key,warning_id,revenue-cogs,"warnings.push({ warning_id: ""unit_sale_rate_missing"", unit_driver_id: row.id,"
lib\calculations\revenueCogsCalculations.js,revenueCogsCalculations.js,lib,149,warning_id,snake_case,object_key,warning_id,revenue-cogs,"warnings.push({ warning_id: ""unit_volume_not_available"", unit_driver_id: row.id,"
lib\selectors\revenueCogsSelectors.js,revenueCogsSelectors.js,lib,106,warning_id,snake_case,object_key,warning_id,revenue-cogs,"warnings.push({ warning_id: ""no_direct_cost_data"", message:"
lib\selectors\revenueCogsSelectors.js,revenueCogsSelectors.js,lib,114,warning_id,snake_case,object_key,warning_id,revenue-cogs,"warnings.push({ warning_id: ""negative_margin_pool"", message:"
lib\selectors\revenueCogsSelectors.js,revenueCogsSelectors.js,lib,99,warning_id,snake_case,object_key,warning_id,revenue-cogs,"warnings.push({ warning_id: ""no_revenue_data"", message: ""No revenue data is flowing from P&L revenue classification."","
components\revenue-cogs\RevenueCogsCard.jsx,RevenueCogsCard.jsx,components,328,weighted_average_margin_per_unit,snake_case,snake_case_reference,warning_id,revenue-cogs,"total_derived_units_annual = 0, weighted_average_margin_per_unit = 0, unit_recovery_warnings = [],"
hooks\useRevenueReality.js,useRevenueReality.js,hooks,82,business_type,snake_case,object_key,warning_id,revenue-reality,"calculations.revenue_reality_warnings, business_type: calculations.business_type, is_hours_based: calculations.is_hours_based,"
lib\calculations\revenueRealityCalculations.js,revenueRealityCalculations.js,lib,179,business_type,snake_case,object_key,warning_id,revenue-reality,"revenue_reality_warnings, business_type: resolved_business_type, is_hours_based: resolved_is_hours_based,"
lib\calculations\revenueRealityCalculations.js,revenueRealityCalculations.js,lib,13,make_warning,snake_case,warning_id,warning_id,revenue-reality,"function make_warning(warning_id, message) { return {"
lib\calculations\revenueRealityCalculations.js,revenueRealityCalculations.js,lib,31,make_warning,snake_case,warning_id,warning_id,revenue-reality,"warnings.push( make_warning( ""missing_revenue"","
lib\calculations\revenueRealityCalculations.js,revenueRealityCalculations.js,lib,40,make_warning,snake_case,warning_id,warning_id,revenue-reality,"warnings.push( make_warning( ""missing_cogs"","
lib\calculations\revenueRealityCalculations.js,revenueRealityCalculations.js,lib,49,make_warning,snake_case,warning_id,warning_id,revenue-reality,"warnings.push( make_warning( ""missing_labour_cost"","
lib\calculations\revenueRealityCalculations.js,revenueRealityCalculations.js,lib,58,make_warning,snake_case,warning_id,warning_id,revenue-reality,"warnings.push( make_warning( ""negative_material_margin"","
lib\calculations\revenueRealityCalculations.js,revenueRealityCalculations.js,lib,67,make_warning,snake_case,warning_id,warning_id,revenue-reality,"warnings.push( make_warning( ""labour_exceeds_margin"","
lib\calculations\revenueRealityCalculations.js,revenueRealityCalculations.js,lib,76,make_warning,snake_case,warning_id,warning_id,revenue-reality,"warnings.push( make_warning( ""labour_consumes_most_margin"","
lib\calculations\revenueRealityCalculations.js,revenueRealityCalculations.js,lib,56,material_margin,snake_case,snake_case_reference,warning_id,revenue-reality,if (material_margin < 0) { warnings.push(
lib\calculations\revenueRealityCalculations.js,revenueRealityCalculations.js,lib,65,material_margin,snake_case,snake_case_reference,warning_id,revenue-reality,if (total_labour_cost_annual > 0 && material_margin - total_labour_cost_annual < 0) { warnings.push(
lib\calculations\revenueRealityCalculations.js,revenueRealityCalculations.js,lib,41,missing_cogs,snake_case,snake_case_reference,warning_id,revenue-reality,"make_warning( ""missing_cogs"", ""COGS / Direct Costs are missing. Confirm P&L classification before relying on this page."""
lib\calculations\revenueRealityCalculations.js,revenueRealityCalculations.js,lib,32,missing_revenue,snake_case,snake_case_reference,warning_id,revenue-reality,"make_warning( ""missing_revenue"", ""Revenue is missing, so Revenue Reality cannot be tested."""
lib\calculations\revenueRealityCalculations.js,revenueRealityCalculations.js,lib,59,negative_material_margin,snake_case,snake_case_reference,warning_id,revenue-reality,"make_warning( ""negative_material_margin"", ""COGS are greater than Revenue, so P&L GP / Material Margin is negative before labour is tested."""
lib\calculations\revenueRealityCalculations.js,revenueRealityCalculations.js,lib,179,resolved_business_type,snake_case,snake_case_reference,warning_id,revenue-reality,"revenue_reality_warnings, business_type: resolved_business_type, is_hours_based: resolved_is_hours_based,"
components\revenue-reality\RevenueRealityStatusStrip.jsx,RevenueRealityStatusStrip.jsx,components,12,status_title,snake_case,snake_case_reference,warning_id,revenue-reality,"export default function RevenueRealityStatusStrip({ status_title = ""Revenue Reality Has Warnings"", total_revenue = 0,"
lib\selectors\revenueRealitySelectors.js,revenueRealitySelectors.js,lib,95,status_title,snake_case,object_key,warning_id,revenue-reality,"calculations.revenue_reality_status ?? ""no_margin_data"", status_title: revenue_reality_warnings.length > 0"
components\revenue-reality\RevenueRealityStatusStrip.jsx,RevenueRealityStatusStrip.jsx,components,13,total_revenue,snake_case,snake_case_reference,warning_id,revenue-reality,"status_title = ""Revenue Reality Has Warnings"", total_revenue = 0, total_direct_costs = 0,"
lib\calculations\revenueRealityCalculations.js,revenueRealityCalculations.js,lib,152,total_revenue,snake_case,object_key,warning_id,revenue-reality,"const revenue_reality_warnings = build_revenue_reality_warnings({ total_revenue: revenue, total_direct_costs: direct_costs,"
lib\calculations\revenueRealityCalculations.js,revenueRealityCalculations.js,lib,21,total_revenue,snake_case,snake_case_reference,warning_id,revenue-reality,"function build_revenue_reality_warnings({ total_revenue, total_direct_costs,"
lib\calculations\revenueRealityCalculations.js,revenueRealityCalculations.js,lib,29,total_revenue,snake_case,snake_case_reference,warning_id,revenue-reality,if (total_revenue <= 0) { warnings.push(
app\revenue-reality\page.jsx,page.jsx,app,38,warning_count,snake_case,snake_case_reference,warning_id,revenue-reality,} warning_count={status.warning_count} revenue_reality_warnings={status.revenue_reality_warnings}
components\revenue-reality\RevenueRealityStatusStrip.jsx,RevenueRealityStatusStrip.jsx,components,18,warning_count,snake_case,snake_case_reference,warning_id,revenue-reality,"stress_tested_margin_after_labour = 0, warning_count = 0, revenue_reality_warnings = [],"
components\revenue-reality\RevenueRealityStatusStrip.jsx,RevenueRealityStatusStrip.jsx,components,70,warning_count,snake_case,snake_case_reference,warning_id,revenue-reality,"<div className=""labour-summary-table-label"">Warnings</div> <div className=""labour-summary-table-value"">{warning_count}</div> </div>"
lib\selectors\revenueRealitySelectors.js,revenueRealitySelectors.js,lib,108,warning_count,snake_case,object_key,warning_id,revenue-reality,"), warning_count: revenue_reality_warnings.length, revenue_reality_warnings,"
components\revenue-reality\RevenueRealityStatusStrip.jsx,RevenueRealityStatusStrip.jsx,components,77,warning_id,snake_case,snake_case_reference,warning_id,revenue-reality,"{revenue_reality_warnings.map((warning) => ( <p className=""ui-help"" key={warning.warning_id}> {warning.message}"
lib\calculations\revenueRealityCalculations.js,revenueRealityCalculations.js,lib,13,warning_id,snake_case,snake_case_reference,warning_id,revenue-reality,"function make_warning(warning_id, message) { return {"
lib\calculations\revenueRealityCalculations.js,revenueRealityCalculations.js,lib,15,warning_id,snake_case,snake_case_reference,warning_id,revenue-reality,"return { warning_id, message,"
