file_path,file_name,source_area,line_number,variable_name,variable_style,extraction_type,likely_role,module_hint,context
components\materials\MaterialsStatusStrip.jsx,MaterialsStatusStrip.jsx,components,62,Warnings,PascalCase,object_key,warnings_field,,"<Pill text={`Warnings: ${warning_count}`} tone={warning_count > 0 ? ""bad"" : ""good""}"
components\rates\square-metre\SquareMetreRateStatusStrip.jsx,SquareMetreRateStatusStrip.jsx,components,44,Warnings,PascalCase,object_key,warnings_field,,"<Pill text={`Warnings: ${warning_count}`} tone={warning_count > 0 ? ""bad"" : ""good""}"
components\revenue-summary\RevenueSummaryStatusStrip.jsx,RevenueSummaryStatusStrip.jsx,components,46,Warnings,PascalCase,object_key,warnings_field,,"<Pill text={`Warnings: ${warning_count}`} tone={warning_count > 0 ? ""bad"" : ""good""}"
lib\selectors\materialsSelectors.js,materialsSelectors.js,lib,19,is_active,snake_case,snake_case_reference,readiness_field,,"return { profile_active: Boolean(materials_state.is_active ?? true), annual_material_revenue: calculated.annual_material_revenue ?? 0,"
lib\selectors\revenueSummarySelectors.js,revenueSummarySelectors.js,lib,12,is_active,snake_case,snake_case_reference,readiness_field,,"return { profile_active: Boolean(revenue_summary_state.is_active ?? true), current_revenue: calculated.current_revenue ?? 0,"
lib\selectors\squareMetreRateSelectors.js,squareMetreRateSelectors.js,lib,16,is_active,snake_case,snake_case_reference,readiness_field,,"return { profile_active: Boolean(square_metre_rate_state.is_active ?? true), base_rate: calculated.base_rate ?? 0,"
lib\storage\materialsStorage.js,materialsStorage.js,lib,18,is_active,snake_case,object_key,readiness_field,,"effective_from: """", is_active: true, created_at: """","
lib\storage\revenueSummaryStorage.js,revenueSummaryStorage.js,lib,25,is_active,snake_case,object_key,readiness_field,,"effective_from: """", is_active: true, created_at: """","
lib\storage\squareMetreRateStorage.js,squareMetreRateStorage.js,lib,20,is_active,snake_case,object_key,readiness_field,,"effective_from: """", is_active: true, created_at: """","
components\common\SetupNextButton.jsx,SetupNextButton.jsx,components,10,is_blocked,snake_case,declaration,readiness_field,,}) { const is_blocked = gating_enabled && !can_continue;
components\common\SetupNextButton.jsx,SetupNextButton.jsx,components,17,is_blocked,snake_case,warning_id,readiness_field,,"className=""ui-button-secondary"" disabled={is_blocked} onClick={on_click}"
components\common\SetupNextButton.jsx,SetupNextButton.jsx,components,23,is_blocked,snake_case,warning_id,readiness_field,,"{is_blocked ? ( <div className=""ui-help theme-danger"">{blocked_message}</div>"
components\common\ReclassificationBoard.jsx,ReclassificationBoard.jsx,components,133,is_drag_target,snake_case,snake_case_reference,readiness_field,,on_drop={handle_drop} is_drag_target={ drag_state &&
components\common\ReclassificationBoard.jsx,ReclassificationBoard.jsx,components,164,is_drag_target,snake_case,snake_case_reference,readiness_field,,"on_drop, is_drag_target, }) {"
components\common\ReclassificationBoard.jsx,ReclassificationBoard.jsx,components,171,is_drag_target,snake_case,snake_case_reference,readiness_field,,"onDrop={on_drop} data-drag-target={is_drag_target ? ""true"" : ""false""} >"
components\common\ReclassificationBoard.jsx,ReclassificationBoard.jsx,components,61,is_reclassified,snake_case,snake_case_reference,readiness_field,,"{row.is_reclassified ? ( <div className=""ui-help"">"
app\demo-login\page.jsx,page.jsx,app,12,is_submitting,snake_case,array_destructured_name,readiness_field,,"const [error, setError] = useState(""""); const [is_submitting, set_is_submitting] = useState(false);"
app\demo-login\page.jsx,page.jsx,app,78,is_submitting,snake_case,snake_case_reference,readiness_field,,"type=""submit"" disabled={is_submitting} >"
app\demo-login\page.jsx,page.jsx,app,80,is_submitting,snake_case,snake_case_reference,readiness_field,,"> {is_submitting ? ""Checking..."" : ""Enter demo""} </button>"
app\api\acc\search\route.js,route.js,app,75,status,plain,object_key,status_field,,"}, { status: 500 } );"
app\api\demo-login\route.js,route.js,app,19,status,plain,object_key,status_field,,"{ error: ""Incorrect password."" }, { status: 401 } );"
app\api\demo-login\route.js,route.js,app,9,status,plain,object_key,status_field,,"{ error: ""Demo password is not configured."" }, { status: 500 } );"
app\materials\page.jsx,page.jsx,app,10,status,plain,destructured_name,status_field,,"export default function MaterialsPage() { const { status, card, summary } = useMaterials();"
app\rates\square-metre\page.jsx,page.jsx,app,10,status,plain,destructured_name,status_field,,"export default function SquareMetreRatePage() { const { status, card, summary } = useSquareMetreRate();"
app\revenue-summary\page.jsx,page.jsx,app,11,status,plain,destructured_name,status_field,,"export default function RevenueSummaryPage() { const { status, card, summary } = useRevenueSummary();"
hooks\useMaterials.js,useMaterials.js,hooks,29,status,plain,declaration,status_field,,"const status = useMemo(() => { return buildMaterialsStatus({ materials_state: safe_state, calculated });"
hooks\useRevenueSummary.js,useRevenueSummary.js,hooks,37,status,plain,declaration,status_field,,const status = useMemo(() => { return buildRevenueSummaryStatus({
hooks\useSquareMetreRate.js,useSquareMetreRate.js,hooks,30,status,plain,declaration,status_field,,const status = useMemo(() => { return buildSquareMetreRateStatus({
lib\calculations\materialsCalculations.js,materialsCalculations.js,lib,42,warnings,plain,declaration,warnings_field,,const warnings = [];
lib\calculations\revenueSummaryCalculations.js,revenueSummaryCalculations.js,lib,132,warnings,plain,declaration,warnings_field,,const warnings = [];
lib\calculations\squareMetreRateCalculations.js,squareMetreRateCalculations.js,lib,40,warnings,plain,declaration,warnings_field,,const warnings = [];
lib\selectors\materialsSelectors.js,materialsSelectors.js,lib,30,warnings,plain,object_key,warnings_field,,": 0, warnings: calculated.warnings ?? [], };"
lib\selectors\materialsSelectors.js,materialsSelectors.js,lib,55,warnings,plain,object_key,warnings_field,,"material_margin_percent: calculated.material_margin_percent ?? 0, warnings: calculated.warnings ?? [],"
lib\selectors\revenueSummarySelectors.js,revenueSummarySelectors.js,lib,21,warnings,plain,object_key,warnings_field,,": 0, warnings: calculated.warnings ?? [], };"
lib\selectors\revenueSummarySelectors.js,revenueSummarySelectors.js,lib,84,warnings,plain,object_key,warnings_field,,"target_split_total: calculated.target_split_total ?? 0, warnings: calculated.warnings ?? [],"
lib\selectors\squareMetreRateSelectors.js,squareMetreRateSelectors.js,lib,25,warnings,plain,object_key,warnings_field,,": 0, warnings: calculated.warnings ?? [], };"
lib\selectors\squareMetreRateSelectors.js,squareMetreRateSelectors.js,lib,58,warnings,plain,object_key,warnings_field,,"calculated.expected_recovery_contribution ?? 0, warnings: calculated.warnings ?? [],"
components\assets\AssetStatusStrip.jsx,AssetStatusStrip.jsx,components,44,Ready,PascalCase,quoted_object_key,readiness_field,assets,"label=""Module State"" value={is_ready ? ""Ready"" : ""Needs attention""} />"
lib\reconciliation\reconciliationRules.js,reconciliationRules.js,lib,105,active_assets_ready,snake_case,snake_case_reference,readiness_field,assets,"passed, message: active_assets_ready ? ""Assets are ready with active ownership-only asset records."""
lib\reconciliation\reconciliationRules.js,reconciliationRules.js,lib,112,active_assets_ready,snake_case,snake_case_reference,readiness_field,assets,": ""No active assets are saved and no explicit no-active-assets confirmation exists."", detail: active_assets_ready ? ""Active assets exist and the Assets module readiness flag is passing."""
lib\reconciliation\reconciliationRules.js,reconciliationRules.js,lib,95,active_assets_ready,snake_case,declaration,readiness_field,assets,const active_assets_ready = has_active_assets && assets_ready; const passed = active_assets_ready || no_assets_confirmed_ready;
lib\reconciliation\reconciliationRules.js,reconciliationRules.js,lib,96,active_assets_ready,snake_case,snake_case_reference,readiness_field,assets,const active_assets_ready = has_active_assets && assets_ready; const passed = active_assets_ready || no_assets_confirmed_ready;
lib\selectors\assetSelectors.js,assetSelectors.js,lib,326,active_assets_ready,snake_case,declaration,readiness_field,assets,const active_assets_ready = active_saved_assets.length > 0 && invalid_active_assets.length === 0;
lib\selectors\assetSelectors.js,assetSelectors.js,lib,457,active_assets_ready,snake_case,snake_case_reference,readiness_field,assets,const assets_ready = (active_assets_ready || no_active_assets_ready) && !asset_pool_over_allocated;
components\assets\AssetSummaryCard.jsx,AssetSummaryCard.jsx,components,86,allocation_status,snake_case,snake_case_reference,status_field,assets,"const is_over_allocated = pool.allocation_status === ""over_allocated"";"
lib\selectors\assetSelectors.js,assetSelectors.js,lib,132,allocation_status,snake_case,declaration,status_field,assets,const allocation_status = over_allocated_amount > 0
lib\selectors\assetSelectors.js,assetSelectors.js,lib,142,allocation_status,snake_case,snake_case_reference,status_field,assets,"const assignment_status = allocation_status === ""over_allocated"" ? ""Over assigned"""
lib\selectors\assetSelectors.js,assetSelectors.js,lib,146,allocation_status,snake_case,snake_case_reference,status_field,assets,"? ""Unassigned"" : allocation_status === ""under_allocated"" ? ""Partially assigned"""
lib\selectors\assetSelectors.js,assetSelectors.js,lib,162,allocation_status,snake_case,snake_case_reference,status_field,assets,"allocation_status, assignment_status,"
lib\selectors\assetSelectors.js,assetSelectors.js,lib,300,allocation_status,snake_case,snake_case_reference,status_field,assets,"const asset_pool_over_allocated = asset_pool_summary.some( (pool) => pool.allocation_status === ""over_allocated"" );"
lib\selectors\assetSelectors.js,assetSelectors.js,lib,305,allocation_status,snake_case,snake_case_reference,status_field,assets,"[""under_allocated"", ""no_source_pool"", ""review_required""].includes( pool.allocation_status )"
hooks\useAssets.js,useAssets.js,hooks,598,asset_overhead_assignment_warnings,snake_case,declaration,warnings_field,assets,); const asset_overhead_assignment_warnings = asset_overhead_pool_assignment_summary
hooks\useAssets.js,useAssets.js,hooks,640,asset_overhead_assignment_warnings,snake_case,warning_id,warnings_field,assets,"asset_review_required: asset_related_unassigned_cost > 0, asset_overhead_assignment_warnings, total_asset_recovery_cost_annual,"
lib\selectors\assetSelectors.js,assetSelectors.js,lib,309,asset_pool_guardrail_status,snake_case,declaration,status_field,assets,"const asset_pool_guardrail_status = asset_pool_over_allocated ? ""blocked"""
lib\selectors\assetSelectors.js,assetSelectors.js,lib,466,asset_pool_guardrail_status,snake_case,snake_case_reference,status_field,assets,"asset_pool_guardrail_status,"
hooks\cost-allocation\useCostAllocationAssignmentCards.js,useCostAllocationAssignmentCards.js,hooks,239,asset_pool_status,snake_case,snake_case_reference,status_field,assets,"calculated?.productive_asset_pool?.allocation_status || calculated?.asset_pool_status || ""review_required"","
lib\calculations\cost-allocation\costAllocationPoolBuilders.js,costAllocationPoolBuilders.js,lib,436,asset_pool_status,snake_case,object_key,status_field,assets,"total_over_allocated_asset_hours: over_allocated_asset_hours, asset_pool_status: allocation_status, };"
lib\calculations\costAllocationRules.js,costAllocationRules.js,lib,168,asset_pool_status,snake_case,snake_case_reference,status_field,assets,"const asset_pool_over_allocated = asset_assignment_result.asset_pool_status === ""over_allocated"";"
lib\calculations\costAllocationRules.js,costAllocationRules.js,lib,476,asset_pool_status,snake_case,object_key,status_field,assets,"asset_assignment_result.total_over_allocated_asset_hours, asset_pool_status: asset_assignment_result.asset_pool_status,"
lib\selectors\cost-allocation\costAllocationCardSections.js,costAllocationCardSections.js,lib,127,asset_pool_status,snake_case,snake_case_reference,status_field,assets,"recovery_cost: calculated?.total_grouped_asset_cost ?? 0, status_label: get_display_label(calculated?.asset_pool_status), message:"
components\recovery-summary\RecoverySummaryMainCard.jsx,RecoverySummaryMainCard.jsx,components,73,asset_recovery_status,snake_case,snake_case_reference,status_field,assets,required_asset_recovery_rate={card.required_asset_recovery_rate} asset_recovery_status={card.asset_recovery_status} material_margin_pool={card.material_margin_pool}
components\recovery-summary\RecoverySummaryStatusStrip.jsx,RecoverySummaryStatusStrip.jsx,components,198,asset_recovery_status,snake_case,snake_case_reference,status_field,assets,"required_asset_recovery_rate = 0, asset_recovery_status = ""ready"", material_margin_pool = 0,"
components\recovery-summary\RecoverySummaryStatusStrip.jsx,RecoverySummaryStatusStrip.jsx,components,230,asset_recovery_status,snake_case,snake_case_reference,status_field,assets,"question=""Can productive assets recover their own cost?"" status={asset_recovery_status} rows={["
components\recovery-summary\RecoverySummaryStatusStrip.jsx,RecoverySummaryStatusStrip.jsx,components,282,asset_recovery_status,snake_case,snake_case_reference,status_field,assets,"required_asset_recovery_rate, asset_recovery_status, material_margin_pool,"
components\recovery-summary\RecoverySummaryStatusStrip.jsx,RecoverySummaryStatusStrip.jsx,components,355,asset_recovery_status,snake_case,snake_case_reference,status_field,assets,required_asset_recovery_rate={required_asset_recovery_rate} asset_recovery_status={asset_recovery_status} material_margin_pool={material_margin_pool}
components\recovery-summary\main-card\RecoverySupportingEvidenceDetail.jsx,RecoverySupportingEvidenceDetail.jsx,components,198,asset_recovery_status,snake_case,snake_case_reference,status_field,assets,"required_asset_recovery_rate = 0, asset_recovery_status = ""ready"", material_margin_pool = 0,"
components\recovery-summary\main-card\RecoverySupportingEvidenceDetail.jsx,RecoverySupportingEvidenceDetail.jsx,components,230,asset_recovery_status,snake_case,snake_case_reference,status_field,assets,"question=""Can productive assets recover their own cost?"" status={asset_recovery_status} rows={["
components\recovery-summary\main-card\RecoverySupportingEvidenceDetail.jsx,RecoverySupportingEvidenceDetail.jsx,components,282,asset_recovery_status,snake_case,snake_case_reference,status_field,assets,"required_asset_recovery_rate, asset_recovery_status, material_margin_pool,"
components\recovery-summary\main-card\RecoverySupportingEvidenceDetail.jsx,RecoverySupportingEvidenceDetail.jsx,components,355,asset_recovery_status,snake_case,snake_case_reference,status_field,assets,required_asset_recovery_rate={required_asset_recovery_rate} asset_recovery_status={asset_recovery_status} material_margin_pool={material_margin_pool}
hooks\useRecoverySummary.js,useRecoverySummary.js,hooks,134,asset_recovery_status,snake_case,object_key,status_field,assets,"required_asset_recovery_rate: calculated.required_asset_recovery_rate, asset_recovery_status: calculated.asset_recovery_status, material_recovery_cost: calculated.material_recovery_cost,"
lib\calculations\recoverySummaryCalculations.js,recoverySummaryCalculations.js,lib,585,asset_recovery_status,snake_case,declaration,status_field,assets,": ""ready""; const asset_recovery_status = productive_asset_count <= 0 && productive_asset_cost <= 0"
lib\calculations\recoverySummaryCalculations.js,recoverySummaryCalculations.js,lib,650,asset_recovery_status,snake_case,snake_case_reference,status_field,assets,": ""margin_available""; const asset_utilisation_status = asset_recovery_status;"
lib\selectors\recoverySummarySelectors.js,recoverySummarySelectors.js,lib,537,asset_recovery_status,snake_case,object_key,status_field,assets,"calculated.required_asset_recovery_rate ?? 0, asset_recovery_status: calculated.asset_recovery_status ?? ""not_selected"","
components\assets\AssetForm.jsx,AssetForm.jsx,components,182,asset_status,snake_case,snake_case_reference,status_field,assets,"className=""ui-input"" value={asset_status} onChange={(event) =>"
components\assets\AssetForm.jsx,AssetForm.jsx,components,46,asset_status,snake_case,declaration,status_field,assets,"const asset_type = values.asset_type === ""support"" ? ""support"" : ""productive""; const asset_status = values.is_retired ? ""retired"" : ""active"";"
hooks\cost-allocation\useCostAllocationOutputContract.js,useCostAllocationOutputContract.js,hooks,38,asset_utilisation_status,snake_case,object_key,status_field,assets,"material_margin_status: calculated.material_margin_status, asset_utilisation_status: calculated.asset_utilisation_status,"
hooks\useRecoverySummary.js,useRecoverySummary.js,hooks,169,asset_utilisation_status,snake_case,object_key,status_field,assets,"material_margin_status: calculated.material_margin_status, asset_utilisation_status: calculated.asset_utilisation_status, material_recovery_included: calculated.material_recovery_included,"
lib\calculations\cost-allocation\costAllocationInputBuilder.js,costAllocationInputBuilder.js,lib,115,asset_utilisation_status,snake_case,object_key,status_field,assets,"recovery_outputs?.material_margin_status ?? ""not_selected"", asset_utilisation_status: recovery_outputs?.asset_utilisation_status ?? ""not_selected"","
lib\calculations\cost-allocation\costAllocationInputBuilder.js,costAllocationInputBuilder.js,lib,116,asset_utilisation_status,snake_case,snake_case_reference,status_field,assets,"asset_utilisation_status: recovery_outputs?.asset_utilisation_status ?? ""not_selected"", has_productive_asset_recovery_base:"
lib\calculations\recoverySummaryCalculations.js,recoverySummaryCalculations.js,lib,650,asset_utilisation_status,snake_case,declaration,status_field,assets,": ""margin_available""; const asset_utilisation_status = asset_recovery_status;"
lib\calculations\recoverySummaryCalculations.js,recoverySummaryCalculations.js,lib,965,asset_utilisation_status,snake_case,snake_case_reference,status_field,assets,"material_margin_status, asset_utilisation_status, material_recovery_included,"
lib\selectors\recoverySummarySelectors.js,recoverySummarySelectors.js,lib,652,asset_utilisation_status,snake_case,object_key,status_field,assets,"material_margin_status: calculated.material_margin_status ?? ""not_selected"", asset_utilisation_status: calculated.asset_utilisation_status ?? ""not_selected"","
lib\selectors\recoverySummarySelectors.js,recoverySummarySelectors.js,lib,653,asset_utilisation_status,snake_case,snake_case_reference,status_field,assets,"asset_utilisation_status: calculated.asset_utilisation_status ?? ""not_selected"", material_recovery_included: Boolean(calculated.material_recovery_included),"
app\dev\model-readiness\page.jsx,page.jsx,app,160,assets_ready,snake_case,snake_case_reference,readiness_field,assets,"[ ""assets_ready"", status.normalised_reconciliation_inputs?.assets_ready,"
app\dev\model-readiness\page.jsx,page.jsx,app,161,assets_ready,snake_case,snake_case_reference,readiness_field,assets,"""assets_ready"", status.normalised_reconciliation_inputs?.assets_ready, ],"
app\dev\model-readiness\page.jsx,page.jsx,app,80,assets_ready,snake_case,snake_case_reference,readiness_field,assets,"[""labour_ready"", status.labour_ready], [""assets_ready"", status.assets_ready], [""reconciliation_ready"", status.reconciliation_ready],"
app\model-readiness\page.jsx,page.jsx,app,33,assets_ready,snake_case,snake_case_reference,readiness_field,assets,"[""labour_ready"", status.labour_ready], [""assets_ready"", status.assets_ready], [""reconciliation_ready"", status.reconciliation_ready],"
app\model-readiness\page.jsx,page.jsx,app,93,assets_ready,snake_case,snake_case_reference,readiness_field,assets,"[""labour_ready"", status.normalised_reconciliation_inputs?.labour_ready], [""assets_ready"", status.normalised_reconciliation_inputs?.assets_ready], ["
hooks\useAssets.js,useAssets.js,hooks,610,assets_ready,snake_case,object_key,readiness_field,assets,"active_assets: asset_rows, assets_ready: Boolean(status.assets_ready), no_active_assets_confirmed:"
hooks\useAssets.js,useAssets.js,hooks,660,assets_ready,snake_case,snake_case_reference,readiness_field,assets,"saved_assets, status.assets_ready, asset_overhead_pools,"
lib\calculations\assetCalculations.js,assetCalculations.js,lib,438,assets_ready,snake_case,declaration,readiness_field,assets,"const benchmark_reconciled = reconciliation_state === ""green""; const assets_ready = Number.isFinite(total_asset_cost_annual);"
lib\calculations\assetCalculations.js,assetCalculations.js,lib,492,assets_ready,snake_case,snake_case_reference,readiness_field,assets,"benchmark_reconciled, assets_ready, };"
lib\reconciliation\reconciliationRules.js,reconciliationRules.js,lib,100,assets_ready,snake_case,snake_case_reference,readiness_field,assets,"id: ""assets_ready"", check_id: ""assets_ready"", module: ""Assets"","
lib\reconciliation\reconciliationRules.js,reconciliationRules.js,lib,362,assets_ready,snake_case,snake_case_reference,readiness_field,assets,"labour_ready, assets_ready,"
lib\reconciliation\reconciliationRules.js,reconciliationRules.js,lib,95,assets_ready,snake_case,snake_case_reference,readiness_field,assets,const active_assets_ready = has_active_assets && assets_ready; const passed = active_assets_ready || no_assets_confirmed_ready;
lib\reconciliation\reconciliationRules.js,reconciliationRules.js,lib,99,assets_ready,snake_case,snake_case_reference,readiness_field,assets,"return { id: ""assets_ready"", check_id: ""assets_ready"","
lib\selectors\assetSelectors.js,assetSelectors.js,lib,456,assets_ready,snake_case,declaration,readiness_field,assets,const assets_ready = (active_assets_ready || no_active_assets_ready) && !asset_pool_over_allocated;
lib\selectors\assetSelectors.js,assetSelectors.js,lib,460,assets_ready,snake_case,snake_case_reference,readiness_field,assets,"return { is_ready: assets_ready, assets_ready,"
lib\selectors\assetSelectors.js,assetSelectors.js,lib,461,assets_ready,snake_case,snake_case_reference,readiness_field,assets,"is_ready: assets_ready, assets_ready, no_active_assets_confirmed,"
hooks\useAssets.js,useAssets.js,hooks,600,assignment_status,snake_case,snake_case_reference,status_field,assets,"asset_overhead_pool_assignment_summary .filter((pool) => pool.assignment_status === ""over_assigned"") .map((pool) => ({"
hooks\useAssets.js,useAssets.js,hooks,99,assignment_status,snake_case,object_key,status_field,assets,"remaining_amount, assignment_status: assigned_amount === 0"
lib\selectors\assetSelectors.js,assetSelectors.js,lib,141,assignment_status,snake_case,declaration,status_field,assets,"const assignment_status = allocation_status === ""over_allocated"""
lib\selectors\assetSelectors.js,assetSelectors.js,lib,163,assignment_status,snake_case,snake_case_reference,status_field,assets,"allocation_status, assignment_status,"
components\assets\AssetForm.jsx,AssetForm.jsx,components,196,finance_status,snake_case,snake_case_reference,status_field,assets,"className=""ui-input"" value={finance_status} onChange={(event) =>"
components\assets\AssetForm.jsx,AssetForm.jsx,components,48,finance_status,snake_case,declaration,status_field,assets,"const finance_status = values.finance_paid_off ? ""paid_off"""
hooks\useAssets.js,useAssets.js,hooks,389,finance_status,snake_case,object_key,status_field,assets,"finance_active: asset.finance_active === true, finance_status: asset.finance_status ?? ""not_financed"", finance_start_date: asset.finance_start_date ?? """","
hooks\useAssets.js,useAssets.js,hooks,445,finance_status,snake_case,object_key,status_field,assets,"finance_active: asset.finance_active === true, finance_status: asset.finance_status ?? ""not_financed"", finance_start_date: asset.finance_start_date ?? """","
lib\calculations\assetCalculations.js,assetCalculations.js,lib,176,finance_status,snake_case,object_key,status_field,assets,"finance_active: false, finance_status: ""not_financed"", };"
lib\calculations\assetCalculations.js,assetCalculations.js,lib,186,finance_status,snake_case,object_key,status_field,assets,"finance_active: false, finance_status: ""paid_off"", };"
lib\calculations\assetCalculations.js,assetCalculations.js,lib,196,finance_status,snake_case,object_key,status_field,assets,"finance_active: false, finance_status: ""term_ended"", };"
lib\calculations\assetCalculations.js,assetCalculations.js,lib,205,finance_status,snake_case,object_key,status_field,assets,"finance_active: true, finance_status: finance_term_extended ? ""extended"" : ""active"", };"
lib\calculations\assetCalculations.js,assetCalculations.js,lib,358,finance_status,snake_case,snake_case_reference,status_field,assets,"finance_active, finance_status, } = get_finance_lifecycle({"
lib\calculations\assetCalculations.js,assetCalculations.js,lib,471,finance_status,snake_case,snake_case_reference,status_field,assets,"revised_term_months, finance_status,"
lib\selectors\assetSelectors.js,assetSelectors.js,lib,221,finance_status,snake_case,snake_case_reference,status_field,assets,"function get_finance_status_label(finance_status) { if (finance_status === ""active"") return ""Active"";"
lib\selectors\assetSelectors.js,assetSelectors.js,lib,222,finance_status,snake_case,snake_case_reference,status_field,assets,"function get_finance_status_label(finance_status) { if (finance_status === ""active"") return ""Active""; if (finance_status === ""extended"") return ""Extended"";"
lib\selectors\assetSelectors.js,assetSelectors.js,lib,223,finance_status,snake_case,snake_case_reference,status_field,assets,"if (finance_status === ""active"") return ""Active""; if (finance_status === ""extended"") return ""Extended""; if (finance_status === ""paid_off"") return ""Paid off"";"
lib\selectors\assetSelectors.js,assetSelectors.js,lib,224,finance_status,snake_case,snake_case_reference,status_field,assets,"if (finance_status === ""extended"") return ""Extended""; if (finance_status === ""paid_off"") return ""Paid off""; if (finance_status === ""term_ended"") return ""Term ended"";"
lib\selectors\assetSelectors.js,assetSelectors.js,lib,225,finance_status,snake_case,snake_case_reference,status_field,assets,"if (finance_status === ""paid_off"") return ""Paid off""; if (finance_status === ""term_ended"") return ""Term ended""; return ""Not financed"";"
lib\selectors\assetSelectors.js,assetSelectors.js,lib,230,finance_status,snake_case,snake_case_reference,status_field,assets,"function get_finance_lifecycle_note(calculations = {}) { if (calculations.finance_status === ""paid_off"") { return ""Finance has been paid off. Future interest, principal and finance payment are treated as zero."";"
lib\selectors\assetSelectors.js,assetSelectors.js,lib,234,finance_status,snake_case,snake_case_reference,status_field,assets,"if (calculations.finance_status === ""extended"") { return ""Finance term has been extended. Current finance outputs use the original term plus extension months."";"
lib\selectors\assetSelectors.js,assetSelectors.js,lib,238,finance_status,snake_case,snake_case_reference,status_field,assets,"if (calculations.finance_status === ""term_ended"") { return ""Finance term has ended. Future interest, principal and finance payment are treated as zero."";"
lib\selectors\assetSelectors.js,assetSelectors.js,lib,242,finance_status,snake_case,snake_case_reference,status_field,assets,"if (calculations.finance_status === ""active"") { return ""Finance is active. Interest is included as operating asset cost; principal is shown for cash-flow visibility."";"
lib\selectors\assetSelectors.js,assetSelectors.js,lib,598,finance_status,snake_case,snake_case_reference,status_field,assets,"? ""Paid off"" : calculations.finance_status === ""extended"" ? ""Term extended"""
lib\selectors\assetSelectors.js,assetSelectors.js,lib,726,finance_status,snake_case,snake_case_reference,status_field,assets,"label: ""Finance Status"", value: get_finance_status_label(calculations.finance_status), },"
lib\selectors\assetSelectors.js,assetSelectors.js,lib,840,finance_status,snake_case,object_key,status_field,assets,"lifecycle: asset_state.is_retired ? ""Retired"" : ""Active"", finance_status: get_finance_status_label(calculations.finance_status), finance_start_date: calculations.finance_start_date || ""-"","
lib\storage\assetStorage.js,assetStorage.js,lib,231,finance_status,snake_case,object_key,status_field,assets,"finance_active: Boolean(recalculated.finance_active), finance_status: recalculated.finance_status || input.finance_status || ""not_financed"","
lib\storage\assetStorage.js,assetStorage.js,lib,232,finance_status,snake_case,snake_case_reference,status_field,assets,"finance_status: recalculated.finance_status || input.finance_status || ""not_financed"","
lib\reconciliation\reconciliationRules.js,reconciliationRules.js,lib,109,has_active_assets,snake_case,snake_case_reference,readiness_field,assets,"? ""No active assets have been explicitly confirmed for this business model."" : has_active_assets ? ""Assets have active records but are not ready under the existing asset readiness checks."""
lib\reconciliation\reconciliationRules.js,reconciliationRules.js,lib,116,has_active_assets,snake_case,snake_case_reference,readiness_field,assets,"? ""no_active_assets_confirmed is true and total_asset_cost_annual is 0."" : has_active_assets ? ""Active asset setup must satisfy the existing valid readiness path."""
lib\reconciliation\reconciliationRules.js,reconciliationRules.js,lib,121,has_active_assets,snake_case,snake_case_reference,readiness_field,assets,"? ""No action required for Assets readiness."" : has_active_assets ? ""Review the active asset setup and resolve the existing Assets warnings."""
lib\reconciliation\reconciliationRules.js,reconciliationRules.js,lib,127,has_active_assets,snake_case,snake_case_reference,readiness_field,assets,"is_warning: false, has_active_assets, no_active_assets_confirmed,"
lib\reconciliation\reconciliationRules.js,reconciliationRules.js,lib,88,has_active_assets,snake_case,declaration,readiness_field,assets,const has_active_assets = active_assets.length > 0;
lib\reconciliation\reconciliationRules.js,reconciliationRules.js,lib,91,has_active_assets,snake_case,snake_case_reference,readiness_field,assets,const no_assets_confirmed_ready = !has_active_assets && no_active_assets_confirmed &&
lib\reconciliation\reconciliationRules.js,reconciliationRules.js,lib,95,has_active_assets,snake_case,snake_case_reference,readiness_field,assets,const active_assets_ready = has_active_assets && assets_ready; const passed = active_assets_ready || no_assets_confirmed_ready;
lib\selectors\costSummarySelectors.js,costSummarySelectors.js,lib,138,has_asset_data,snake_case,declaration,readiness_field,assets,"const has_asset_data = Object.prototype.hasOwnProperty.call( asset_data ?? {},"
lib\selectors\costSummarySelectors.js,costSummarySelectors.js,lib,154,has_asset_data,snake_case,snake_case_reference,readiness_field,assets,"if (!has_asset_data) { warnings.push(""Assets output is missing. Fix Assets before trusting Cost Summary."");"
lib\selectors\costSummarySelectors.js,costSummarySelectors.js,lib,189,has_asset_data,snake_case,snake_case_reference,readiness_field,assets,"labour_profiles_label: has_labour_data ? ""Connected"" : ""Missing"", asset_costs_label: has_asset_data ? ""Connected"" : ""Missing"", general_overheads_label: has_general_overhead_data ? ""Connected"" : ""Missing"","
hooks\useGeneralOverheads.js,useGeneralOverheads.js,hooks,470,has_asset_finance_interest_duplication,snake_case,declaration,readiness_field,assets,const has_asset_finance_interest_duplication = calculated.overhead_rows.some( (row) =>
hooks\useGeneralOverheads.js,useGeneralOverheads.js,hooks,482,has_asset_finance_interest_duplication,snake_case,snake_case_reference,readiness_field,assets,"category_totals.length > 0 && !has_asset_finance_interest_duplication, non_asset_interest_annual: calculated.non_asset_interest_annual ?? 0,"
hooks\cost-allocation\useCostAllocationGroupRecoveryRows.js,useCostAllocationGroupRecoveryRows.js,hooks,237,has_asset_rate,snake_case,object_key,readiness_field,assets,"has_labour_rate: labour_recovery_rate_per_hour > 0, has_asset_rate: asset_recovery_rate_per_hour > 0, has_running_cost: running_cost_rate_per_hour > 0,"
lib\calculations\recoverySummaryCalculations.js,recoverySummaryCalculations.js,lib,145,has_asset_recovery_base,snake_case,declaration,readiness_field,assets,const has_asset_recovery_base = has_productive_asset_recovery_base === true &&
lib\calculations\recoverySummaryCalculations.js,recoverySummaryCalculations.js,lib,155,has_asset_recovery_base,snake_case,snake_case_reference,readiness_field,assets,const asset_basis = has_asset_recovery_base ? to_number(productive_asset_cost) : 0;
lib\calculations\recoverySummaryCalculations.js,recoverySummaryCalculations.js,lib,169,has_asset_recovery_base,snake_case,snake_case_reference,readiness_field,assets,has_labour_recovery_base && has_asset_recovery_base && has_material_recovery_base
lib\calculations\recoverySummaryCalculations.js,recoverySummaryCalculations.js,lib,193,has_asset_recovery_base,snake_case,snake_case_reference,readiness_field,assets,if (has_labour_recovery_base && has_asset_recovery_base) { return {
lib\calculations\recoverySummaryCalculations.js,recoverySummaryCalculations.js,lib,204,has_asset_recovery_base,snake_case,snake_case_reference,readiness_field,assets,if (has_asset_recovery_base && has_material_recovery_base) { return {
lib\calculations\recoverySummaryCalculations.js,recoverySummaryCalculations.js,lib,226,has_asset_recovery_base,snake_case,snake_case_reference,readiness_field,assets,if (has_asset_recovery_base) { return {
lib\calculations\recoveryOutcomeCalculations.js,recoveryOutcomeCalculations.js,lib,162,has_asset_strategy_without_assets,snake_case,snake_case_reference,readiness_field,assets,"function has_asset_strategy_without_assets({ recovery_summary = {},"
lib\calculations\recoveryOutcomeCalculations.js,recoveryOutcomeCalculations.js,lib,290,has_asset_strategy_without_assets,snake_case,snake_case_reference,readiness_field,assets,"if ( has_asset_strategy_without_assets({ recovery_summary,"
lib\calculations\cost-allocation\costAllocationStatus.js,costAllocationStatus.js,lib,16,has_asset_structure_issue,snake_case,snake_case_reference,readiness_field,assets,"if (has_asset_structure_issue) { dependency_types.push(""asset_structure"");"
lib\calculations\cost-allocation\costAllocationStatus.js,costAllocationStatus.js,lib,36,has_asset_structure_issue,snake_case,snake_case_reference,readiness_field,assets,"structure_valid, has_asset_structure_issue, has_internal_capacity_shortfall,"
lib\calculations\cost-allocation\costAllocationStatus.js,costAllocationStatus.js,lib,4,has_asset_structure_issue,snake_case,snake_case_reference,readiness_field,assets,"external_delivery_required, has_asset_structure_issue, }) {"
lib\calculations\cost-allocation\costAllocationStatus.js,costAllocationStatus.js,lib,45,has_asset_structure_issue,snake_case,snake_case_reference,readiness_field,assets,missing_component_required_recovery || has_asset_structure_issue || !structure_valid
lib\calculations\cost-allocation\costAllocationWarnings.js,costAllocationWarnings.js,lib,150,has_asset_structure_issue,snake_case,snake_case_reference,readiness_field,assets,if (has_asset_structure_issue) { structural_warnings.push(
lib\calculations\cost-allocation\costAllocationWarnings.js,costAllocationWarnings.js,lib,19,has_asset_structure_issue,snake_case,snake_case_reference,readiness_field,assets,"external_delivery_enabled, has_asset_structure_issue, has_no_labour_cost,"
lib\calculations\costAllocationRules.js,costAllocationRules.js,lib,234,has_asset_structure_issue,snake_case,declaration,readiness_field,assets,const has_asset_structure_issue = asset_recovery_selected &&
lib\calculations\costAllocationRules.js,costAllocationRules.js,lib,255,has_asset_structure_issue,snake_case,snake_case_reference,readiness_field,assets,"external_delivery_required, has_asset_structure_issue, });"
lib\calculations\costAllocationRules.js,costAllocationRules.js,lib,297,has_asset_structure_issue,snake_case,snake_case_reference,readiness_field,assets,"external_delivery_enabled: inputs.external_delivery_enabled === true, has_asset_structure_issue, has_no_labour_cost,"
lib\calculations\costAllocationRules.js,costAllocationRules.js,lib,323,has_asset_structure_issue,snake_case,snake_case_reference,readiness_field,assets,"structure_valid, has_asset_structure_issue, has_internal_capacity_shortfall,"
lib\calculations\assetCalculations.js,assetCalculations.js,lib,143,has_finance,snake_case,snake_case_reference,readiness_field,assets,"function get_finance_lifecycle({ has_finance, finance_paid_off,"
lib\calculations\assetCalculations.js,assetCalculations.js,lib,170,has_finance,snake_case,snake_case_reference,readiness_field,assets,if (!has_finance) { return {
lib\calculations\assetCalculations.js,assetCalculations.js,lib,214,has_finance,snake_case,declaration,readiness_field,assets,}) { const has_finance = purchase_price > 0 && interest_rate > 0 && finance_term_years > 0;
lib\calculations\assetCalculations.js,assetCalculations.js,lib,217,has_finance,snake_case,snake_case_reference,readiness_field,assets,if (!has_finance) { return 0;
lib\calculations\assetCalculations.js,assetCalculations.js,lib,242,has_finance,snake_case,declaration,readiness_field,assets,}) { const has_finance = purchase_price > 0 && interest_rate > 0 && finance_term_years > 0;
lib\calculations\assetCalculations.js,assetCalculations.js,lib,245,has_finance,snake_case,snake_case_reference,readiness_field,assets,if (!has_finance || !finance_active) { return {
lib\calculations\assetCalculations.js,assetCalculations.js,lib,350,has_finance,snake_case,declaration,readiness_field,assets,const has_finance = purchase_price > 0 && interest_rate > 0 && finance_term_years > 0;
lib\calculations\assetCalculations.js,assetCalculations.js,lib,360,has_finance,snake_case,snake_case_reference,readiness_field,assets,"} = get_finance_lifecycle({ has_finance, finance_paid_off,"
lib\storage\assetStorage.js,assetStorage.js,lib,330,has_hydrated,snake_case,array_destructured_name,readiness_field,assets,"const [saved_assets, set_saved_assets] = useState(() => []); const [has_hydrated, set_has_hydrated] = useState(false);"
lib\storage\assetStorage.js,assetStorage.js,lib,342,has_hydrated,snake_case,snake_case_reference,readiness_field,assets,"useEffect(() => { if (!has_hydrated || typeof window === ""undefined"") { return;"
lib\storage\assetStorage.js,assetStorage.js,lib,350,has_hydrated,snake_case,snake_case_reference,readiness_field,assets,"); }, [asset_state, has_hydrated]);"
lib\storage\assetStorage.js,assetStorage.js,lib,353,has_hydrated,snake_case,snake_case_reference,readiness_field,assets,"useEffect(() => { if (!has_hydrated || typeof window === ""undefined"") { return;"
lib\storage\assetStorage.js,assetStorage.js,lib,361,has_hydrated,snake_case,snake_case_reference,readiness_field,assets,"); }, [saved_assets, has_hydrated]);"
lib\calculations\cost-allocation\costAllocationWarnings.js,costAllocationWarnings.js,lib,105,has_low_asset_coverage,snake_case,snake_case_reference,readiness_field,assets,if (has_low_asset_coverage) { structural_warnings.push(
lib\calculations\cost-allocation\costAllocationWarnings.js,costAllocationWarnings.js,lib,14,has_low_asset_coverage,snake_case,snake_case_reference,readiness_field,assets,"has_low_staff_coverage, has_low_asset_coverage, has_low_group_coverage,"
lib\calculations\costAllocationRules.js,costAllocationRules.js,lib,218,has_low_asset_coverage,snake_case,declaration,readiness_field,assets,const has_low_asset_coverage = productive_asset_count > 0 &&
lib\calculations\costAllocationRules.js,costAllocationRules.js,lib,292,has_low_asset_coverage,snake_case,snake_case_reference,readiness_field,assets,"has_low_staff_coverage, has_low_asset_coverage, has_low_group_coverage,"
lib\calculations\costAllocationRules.js,costAllocationRules.js,lib,327,has_low_asset_coverage,snake_case,snake_case_reference,readiness_field,assets,"has_low_coverage: has_low_staff_coverage || has_low_asset_coverage || has_low_group_coverage, });"
lib\selectors\assetSelectors.js,assetSelectors.js,lib,184,has_positive_number,snake_case,snake_case_reference,readiness_field,assets,const finance_fields_started = has_positive_number(asset?.purchase_price) || has_positive_number(asset?.interest_rate) ||
lib\selectors\assetSelectors.js,assetSelectors.js,lib,185,has_positive_number,snake_case,snake_case_reference,readiness_field,assets,has_positive_number(asset?.purchase_price) || has_positive_number(asset?.interest_rate) || has_positive_number(asset?.finance_term_years);
lib\selectors\assetSelectors.js,assetSelectors.js,lib,186,has_positive_number,snake_case,snake_case_reference,readiness_field,assets,has_positive_number(asset?.interest_rate) || has_positive_number(asset?.finance_term_years);
lib\selectors\assetSelectors.js,assetSelectors.js,lib,190,has_positive_number,snake_case,snake_case_reference,readiness_field,assets,!finance_fields_started || (has_positive_number(asset?.purchase_price) && has_positive_number(asset?.interest_rate) &&
lib\selectors\assetSelectors.js,assetSelectors.js,lib,191,has_positive_number,snake_case,snake_case_reference,readiness_field,assets,(has_positive_number(asset?.purchase_price) && has_positive_number(asset?.interest_rate) && has_positive_number(asset?.finance_term_years) &&
lib\selectors\assetSelectors.js,assetSelectors.js,lib,192,has_positive_number,snake_case,snake_case_reference,readiness_field,assets,has_positive_number(asset?.interest_rate) && has_positive_number(asset?.finance_term_years) && has_value(asset?.finance_start_date));
lib\selectors\assetSelectors.js,assetSelectors.js,lib,273,has_positive_number,snake_case,snake_case_reference,readiness_field,assets,const productive_assets_missing_utilisation = productive_active_assets.filter( (asset) => !has_positive_number(asset.utilisation_hours_per_week) );
lib\selectors\assetSelectors.js,assetSelectors.js,lib,29,has_positive_number,snake_case,snake_case_reference,readiness_field,assets,function has_positive_number(value) { return Number(value || 0) > 0;
lib\selectors\assetSelectors.js,assetSelectors.js,lib,346,has_positive_number,snake_case,snake_case_reference,readiness_field,assets,const finance_fields_started = has_positive_number(asset_state.purchase_price) || has_positive_number(asset_state.interest_rate) ||
lib\selectors\assetSelectors.js,assetSelectors.js,lib,347,has_positive_number,snake_case,snake_case_reference,readiness_field,assets,has_positive_number(asset_state.purchase_price) || has_positive_number(asset_state.interest_rate) || has_positive_number(asset_state.finance_term_years);
lib\selectors\assetSelectors.js,assetSelectors.js,lib,348,has_positive_number,snake_case,snake_case_reference,readiness_field,assets,has_positive_number(asset_state.interest_rate) || has_positive_number(asset_state.finance_term_years);
lib\selectors\assetSelectors.js,assetSelectors.js,lib,351,has_positive_number,snake_case,snake_case_reference,readiness_field,assets,"if (finance_fields_started) { if (!has_positive_number(asset_state.purchase_price)) { warnings.push(""Purchase price is required when finance inputs are used."");"
lib\selectors\assetSelectors.js,assetSelectors.js,lib,355,has_positive_number,snake_case,snake_case_reference,readiness_field,assets,"if (!has_positive_number(asset_state.interest_rate)) { warnings.push(""Interest rate is required when finance inputs are used."");"
lib\selectors\assetSelectors.js,assetSelectors.js,lib,359,has_positive_number,snake_case,snake_case_reference,readiness_field,assets,"if (!has_positive_number(asset_state.finance_term_years)) { warnings.push(""Finance term is required when finance inputs are used."");"
lib\selectors\assetSelectors.js,assetSelectors.js,lib,372,has_positive_number,snake_case,snake_case_reference,readiness_field,assets,asset_state.finance_term_extended === true && !has_positive_number(asset_state.revised_term_months) ) {
lib\selectors\assetSelectors.js,assetSelectors.js,lib,391,has_positive_number,snake_case,snake_case_reference,readiness_field,assets,"asset_type === ""productive"" && !has_positive_number(asset_state.utilisation_hours_per_week) ) {"
lib\selectors\assetSelectors.js,assetSelectors.js,lib,406,has_positive_number,snake_case,snake_case_reference,readiness_field,assets,"warnings.push(""No active assets explicitly confirmed.""); } else if (!has_positive_number(calculations.assets_benchmark_total)) { warnings.push(""Awaiting P&L asset benchmark. This is diagnostic only."");"
hooks\cost-allocation\useCostAllocationOutputContract.js,useCostAllocationOutputContract.js,hooks,40,has_productive_asset_recovery_base,snake_case,object_key,readiness_field,assets,"has_productive_asset_recovery_base: calculated.has_productive_asset_recovery_base,"
hooks\cost-allocation\useCostAllocationOutputContract.js,useCostAllocationOutputContract.js,hooks,41,has_productive_asset_recovery_base,snake_case,snake_case_reference,readiness_field,assets,"has_productive_asset_recovery_base: calculated.has_productive_asset_recovery_base, productive_asset_count: calculated.productive_asset_count,"
hooks\useAssets.js,useAssets.js,hooks,613,has_productive_asset_recovery_base,snake_case,object_key,readiness_field,assets,"asset_state.no_active_assets_confirmed === true, has_productive_asset_recovery_base: productive_assets.length > 0, productive_asset_count: productive_assets.length,"
hooks\useBusinessSummary.js,useBusinessSummary.js,hooks,202,has_productive_asset_recovery_base,snake_case,object_key,readiness_field,assets,"has_productive_asset_recovery_base: display_details.has_productive_asset_recovery_base,"
hooks\useBusinessSummary.js,useBusinessSummary.js,hooks,203,has_productive_asset_recovery_base,snake_case,snake_case_reference,readiness_field,assets,"has_productive_asset_recovery_base: display_details.has_productive_asset_recovery_base, productive_asset_count:"
lib\calculations\cost-allocation\costAllocationInputBuilder.js,costAllocationInputBuilder.js,lib,117,has_productive_asset_recovery_base,snake_case,object_key,readiness_field,assets,"recovery_outputs?.asset_utilisation_status ?? ""not_selected"", has_productive_asset_recovery_base: recovery_outputs?.has_productive_asset_recovery_base === true,"
lib\calculations\cost-allocation\costAllocationInputBuilder.js,costAllocationInputBuilder.js,lib,118,has_productive_asset_recovery_base,snake_case,snake_case_reference,readiness_field,assets,"has_productive_asset_recovery_base: recovery_outputs?.has_productive_asset_recovery_base === true, productive_asset_count: safe_number("
lib\calculations\recoverySummaryCalculations.js,recoverySummaryCalculations.js,lib,135,has_productive_asset_recovery_base,snake_case,snake_case_reference,readiness_field,assets,"productive_asset_cost, has_productive_asset_recovery_base, total_direct_costs,"
lib\calculations\recoverySummaryCalculations.js,recoverySummaryCalculations.js,lib,146,has_productive_asset_recovery_base,snake_case,snake_case_reference,readiness_field,assets,const has_asset_recovery_base = has_productive_asset_recovery_base === true && to_number(productive_asset_cost) > 0;
lib\calculations\recoverySummaryCalculations.js,recoverySummaryCalculations.js,lib,416,has_productive_asset_recovery_base,snake_case,declaration,readiness_field,assets,const has_productive_asset_recovery_base = input.has_productive_asset_recovery_base === true ||
lib\calculations\recoverySummaryCalculations.js,recoverySummaryCalculations.js,lib,417,has_productive_asset_recovery_base,snake_case,snake_case_reference,readiness_field,assets,const has_productive_asset_recovery_base = input.has_productive_asset_recovery_base === true || asset_contract.has_productive_asset_recovery_base === true;
lib\calculations\recoverySummaryCalculations.js,recoverySummaryCalculations.js,lib,418,has_productive_asset_recovery_base,snake_case,snake_case_reference,readiness_field,assets,input.has_productive_asset_recovery_base === true || asset_contract.has_productive_asset_recovery_base === true;
lib\calculations\recoverySummaryCalculations.js,recoverySummaryCalculations.js,lib,504,has_productive_asset_recovery_base,snake_case,snake_case_reference,readiness_field,assets,"productive_asset_cost, has_productive_asset_recovery_base, total_direct_costs,"
lib\calculations\recoverySummaryCalculations.js,recoverySummaryCalculations.js,lib,653,has_productive_asset_recovery_base,snake_case,snake_case_reference,readiness_field,assets,const asset_recovery_without_assets = asset_share_percent > 0 && !has_productive_asset_recovery_base;
lib\calculations\recoverySummaryCalculations.js,recoverySummaryCalculations.js,lib,877,has_productive_asset_recovery_base,snake_case,snake_case_reference,readiness_field,assets,"has_productive_asset_recovery_base, productive_asset_count,"
lib\selectors\recoverySummarySelectors.js,recoverySummarySelectors.js,lib,246,has_productive_asset_recovery_base,snake_case,snake_case_reference,readiness_field,assets,calculated.asset_recovery_included === true && calculated.has_productive_asset_recovery_base !== true ) {
lib\selectors\recoverySummarySelectors.js,recoverySummarySelectors.js,lib,523,has_productive_asset_recovery_base,snake_case,object_key,readiness_field,assets,"has_productive_asset_recovery_base: calculated.has_productive_asset_recovery_base === true,"
lib\selectors\recoverySummarySelectors.js,recoverySummarySelectors.js,lib,524,has_productive_asset_recovery_base,snake_case,snake_case_reference,readiness_field,assets,"has_productive_asset_recovery_base: calculated.has_productive_asset_recovery_base === true, productive_asset_count: calculated.productive_asset_count ?? 0,"
lib\calculations\cost-allocation\costAllocationWarnings.js,costAllocationWarnings.js,lib,159,has_productive_asset_zero_utilisation,snake_case,warning_id,readiness_field,assets,if (has_productive_asset_zero_utilisation) { structural_warnings.push(
lib\calculations\cost-allocation\costAllocationWarnings.js,costAllocationWarnings.js,lib,22,has_productive_asset_zero_utilisation,snake_case,warning_id,readiness_field,assets,"has_no_productive_labour_driver, has_productive_asset_zero_utilisation, has_asset_without_labour_driver_group,"
lib\calculations\costAllocationRules.js,costAllocationRules.js,lib,248,has_productive_asset_zero_utilisation,snake_case,declaration,readiness_field,assets,const has_productive_asset_zero_utilisation = false; const has_asset_without_labour_driver_group = false;
lib\calculations\costAllocationRules.js,costAllocationRules.js,lib,300,has_productive_asset_zero_utilisation,snake_case,warning_id,readiness_field,assets,"has_no_productive_labour_driver, has_productive_asset_zero_utilisation, has_asset_without_labour_driver_group,"
lib\calculations\cost-allocation\costAllocationValidation.js,costAllocationValidation.js,lib,199,has_productive_assets,snake_case,declaration,readiness_field,assets,const has_productive_assets = productive_asset_count > 0 && assigned_productive_asset_count > 0;
lib\calculations\cost-allocation\costAllocationValidation.js,costAllocationValidation.js,lib,207,has_productive_assets,snake_case,snake_case_reference,readiness_field,assets,"if (recovery_model === ""asset_led"") { return has_productive_assets; }"
lib\calculations\cost-allocation\costAllocationValidation.js,costAllocationValidation.js,lib,212,has_productive_assets,snake_case,snake_case_reference,readiness_field,assets,if (asset_recovery_selected) { return has_productive_assets && total_operational_groups > 0; }
lib\calculations\cost-allocation\costAllocationValidation.js,costAllocationValidation.js,lib,215,has_productive_assets,snake_case,snake_case_reference,readiness_field,assets,return has_productive_labour || has_productive_assets; }
lib\selectors\assetSelectors.js,assetSelectors.js,lib,200,has_valid_number,snake_case,snake_case_reference,readiness_field,assets,asset?.is_retired !== true && has_valid_number(asset?.total_asset_cost_annual) && finance_fields_valid
lib\selectors\assetSelectors.js,assetSelectors.js,lib,33,has_valid_number,snake_case,snake_case_reference,readiness_field,assets,function has_valid_number(value) { return Number.isFinite(Number(value));
lib\selectors\assetSelectors.js,assetSelectors.js,lib,193,has_value,snake_case,snake_case_reference,readiness_field,assets,has_positive_number(asset?.finance_term_years) && has_value(asset?.finance_start_date));
lib\selectors\assetSelectors.js,assetSelectors.js,lib,196,has_value,snake_case,snake_case_reference,readiness_field,assets,return ( has_value(asset?.asset_id) && has_value(asset?.asset_name) &&
lib\selectors\assetSelectors.js,assetSelectors.js,lib,197,has_value,snake_case,snake_case_reference,readiness_field,assets,has_value(asset?.asset_id) && has_value(asset?.asset_name) && has_value(asset?.asset_type) &&
lib\selectors\assetSelectors.js,assetSelectors.js,lib,198,has_value,snake_case,snake_case_reference,readiness_field,assets,has_value(asset?.asset_name) && has_value(asset?.asset_type) && asset?.is_retired !== true &&
lib\selectors\assetSelectors.js,assetSelectors.js,lib,25,has_value,snake_case,snake_case_reference,readiness_field,assets,"function has_value(value) { return value !== null && value !== undefined && value !== """";"
lib\selectors\assetSelectors.js,assetSelectors.js,lib,332,has_value,snake_case,snake_case_reference,readiness_field,assets,!no_active_assets_ready && !has_value(asset_state.asset_name) ) {
lib\selectors\assetSelectors.js,assetSelectors.js,lib,340,has_value,snake_case,snake_case_reference,readiness_field,assets,!no_active_assets_ready && !has_value(asset_state.effective_from) ) {
lib\selectors\assetSelectors.js,assetSelectors.js,lib,363,has_value,snake_case,snake_case_reference,readiness_field,assets,if (!has_value(asset_state.finance_start_date)) { warnings.push(
lib\selectors\assetSelectors.js,assetSelectors.js,lib,379,has_value,snake_case,snake_case_reference,readiness_field,assets,asset_state.finance_paid_off === true && !has_value(asset_state.finance_paid_off_date) ) {
components\assets\AssetForm.jsx,AssetForm.jsx,components,56,is_active,snake_case,snake_case_reference,readiness_field,assets,"const is_retired = next_status === ""retired""; on_change(""is_active"", !is_retired); on_change(""is_retired"", is_retired);"
hooks\useAssets.js,useAssets.js,hooks,412,is_active,snake_case,object_key,readiness_field,assets,"utilisation_fields.true_asset_cost_per_hour, is_active: !asset.is_retired, };"
hooks\useAssets.js,useAssets.js,hooks,459,is_active,snake_case,object_key,readiness_field,assets,"}, is_active: !asset.is_retired, }));"
lib\storage\assetProfileStorage.js,assetProfileStorage.js,lib,114,is_active,snake_case,object_key,readiness_field,assets,"...profile, is_active: profile.asset_profile_id === asset_profile_id, }))"
lib\storage\assetProfileStorage.js,assetProfileStorage.js,lib,56,is_active,snake_case,object_key,readiness_field,assets,"updated_at: timestamp, is_active: true, };"
lib\storage\assetProfileStorage.js,assetProfileStorage.js,lib,62,is_active,snake_case,object_key,readiness_field,assets,"...profile, is_active: false, })).concat(next_profile)"
lib\storage\assetProfileStorage.js,assetProfileStorage.js,lib,95,is_active,snake_case,object_key,readiness_field,assets,"...profile, is_active: profile.asset_profile_id === fallback_profile_id, }));"
lib\storage\assetStorage.js,assetStorage.js,lib,177,is_active,snake_case,object_key,readiness_field,assets,"typeof input.effective_from === ""string"" ? input.effective_from : """", is_active: input.is_active !== undefined ? Boolean(input.is_active) : true, is_retired: Boolean(input.is_retired),"
lib\storage\assetStorage.js,assetStorage.js,lib,401,is_active,snake_case,object_key,readiness_field,assets,"updated_at: timestamp, is_active: asset_state.is_active !== false, effective_from:"
lib\storage\assetStorage.js,assetStorage.js,lib,90,is_active,snake_case,object_key,readiness_field,assets,"effective_from: """", is_active: true, is_retired: false,"
lib\calculations\generalOverheadCalculations.js,generalOverheadCalculations.js,lib,204,is_asset_finance_interest,snake_case,declaration,readiness_field,assets,(row) => { const is_asset_finance_interest = is_asset_finance_interest_row(row);
lib\calculations\generalOverheadCalculations.js,generalOverheadCalculations.js,lib,208,is_asset_finance_interest,snake_case,snake_case_reference,readiness_field,assets,"...row, is_asset_finance_interest, active_amount: is_asset_finance_interest ? 0 : to_number(row.amount),"
lib\calculations\generalOverheadCalculations.js,generalOverheadCalculations.js,lib,209,is_asset_finance_interest,snake_case,snake_case_reference,readiness_field,assets,"is_asset_finance_interest, active_amount: is_asset_finance_interest ? 0 : to_number(row.amount), };"
lib\selectors\general-overheads\generalOverheadAllocationSelectors.js,generalOverheadAllocationSelectors.js,lib,36,is_asset_finance_interest,snake_case,snake_case_reference,readiness_field,assets,"if (row.is_asset_finance_interest) { return ""asset_finance_interest"";"
lib\calculations\generalOverheadCalculations.js,generalOverheadCalculations.js,lib,204,is_asset_finance_interest_row,snake_case,snake_case_reference,readiness_field,assets,(row) => { const is_asset_finance_interest = is_asset_finance_interest_row(row);
lib\calculations\generalOverheadCalculations.js,generalOverheadCalculations.js,lib,220,is_asset_finance_interest_row,snake_case,snake_case_reference,readiness_field,assets,"const non_asset_interest_annual = overhead_rows.reduce((sum, row) => { if (!is_interest_row(row) || is_asset_finance_interest_row(row)) { return sum;"
lib\calculations\generalOverheadCalculations.js,generalOverheadCalculations.js,lib,6,is_asset_finance_interest_row,snake_case,snake_case_reference,readiness_field,assets,function is_asset_finance_interest_row(row = {}) { return (
lib\selectors\recoverySummarySelectors.js,recoverySummarySelectors.js,lib,241,is_asset_recovery_clean,snake_case,snake_case_reference,readiness_field,assets,function is_asset_recovery_clean(calculated = {}) { if (calculated.asset_share_without_asset_recovery_base === true) return false;
lib\selectors\recoverySummarySelectors.js,recoverySummarySelectors.js,lib,473,is_asset_recovery_clean,snake_case,snake_case_reference,readiness_field,assets,"labour_recovery_clean: is_labour_recovery_clean(calculated), asset_recovery_clean: is_asset_recovery_clean(calculated), material_recovery_clean: is_material_recovery_clean(calculated),"
hooks\useGeneralOverheads.js,useGeneralOverheads.js,hooks,506,is_asset_related_pool,snake_case,snake_case_reference,readiness_field,assets,"asset_related_pool_rows: allocation_outputs.allocation_rows.filter( (row) => row.is_asset_related_pool ),"
lib\selectors\general-overheads\generalOverheadAllocationSelectors.js,generalOverheadAllocationSelectors.js,lib,284,is_asset_related_pool,snake_case,object_key,readiness_field,assets,"target.label, is_asset_related_pool: Boolean(allocation_pool_key), allocation_pool_key,"
lib\selectors\general-overheads\generalOverheadAllocationSelectors.js,generalOverheadAllocationSelectors.js,lib,458,is_asset_related_pool,snake_case,declaration,readiness_field,assets,"ASSET_POOL_BY_ALLOCATION_TYPE[system_allocation_type] || """"; const is_asset_related_pool = Boolean(allocation_pool_key); const is_assigned ="
lib\selectors\general-overheads\generalOverheadAllocationSelectors.js,generalOverheadAllocationSelectors.js,lib,484,is_asset_related_pool,snake_case,snake_case_reference,readiness_field,assets,"SYSTEM_ALLOCATION_LABELS.unallocated_needs_review, is_asset_related_pool, allocation_pool_key,"
lib\selectors\general-overheads\generalOverheadAllocationSelectors.js,generalOverheadAllocationSelectors.js,lib,571,is_asset_related_pool,snake_case,snake_case_reference,readiness_field,assets,return row.is_asset_related_pool ? total + to_number(row.amount)
lib\selectors\general-overheads\generalOverheadPoolSelectors.js,generalOverheadPoolSelectors.js,lib,21,is_asset_related_pool,snake_case,object_key,readiness_field,assets,"system_allocation_label: row.system_allocation_label, is_asset_related_pool: row.is_asset_related_pool, allocation_pool_key: row.allocation_pool_key,"
lib\selectors\general-overheads\generalOverheadPoolSelectors.js,generalOverheadPoolSelectors.js,lib,42,is_asset_related_pool,snake_case,snake_case_reference,readiness_field,assets,rows.forEach((row) => { if (!row?.is_asset_related_pool || !row?.allocation_pool_key) { return;
components\assets\AssetListCard.jsx,AssetListCard.jsx,components,35,is_current,snake_case,snake_case_reference,readiness_field,assets,"{asset.is_current && ( <div className=""ui-pill"">Loaded</div>"
lib\selectors\assetSelectors.js,assetSelectors.js,lib,642,is_current,snake_case,object_key,readiness_field,assets,": ""-"", is_current: asset.asset_id === asset_state.asset_id, }));"
components\cost-allocation\groups\CostAllocationGroupAssetBuilder.jsx,CostAllocationGroupAssetBuilder.jsx,components,90,is_fully_allocated,snake_case,declaration,readiness_field,assets,); const is_fully_allocated = remaining_percent <= 0;
components\cost-allocation\groups\CostAllocationGroupAssetBuilder.jsx,CostAllocationGroupAssetBuilder.jsx,components,93,is_fully_allocated,snake_case,snake_case_reference,readiness_field,assets,return ( <option key={id} value={id} disabled={is_fully_allocated}> {getAssetName(row)}
components\cost-allocation\groups\CostAllocationGroupAssetBuilder.jsx,CostAllocationGroupAssetBuilder.jsx,components,95,is_fully_allocated,snake_case,snake_case_reference,readiness_field,assets,"{getAssetName(row)} {is_fully_allocated ? "" — fully allocated"""
components\assets\AssetSummaryCard.jsx,AssetSummaryCard.jsx,components,100,is_over_allocated,snake_case,snake_case_reference,readiness_field,assets,"{is_over_allocated ? ( <div className=""ui-help"">"
components\assets\AssetSummaryCard.jsx,AssetSummaryCard.jsx,components,163,is_over_allocated,snake_case,snake_case_reference,readiness_field,assets,/> {is_over_allocated ? ( <SummaryRow
components\assets\AssetSummaryCard.jsx,AssetSummaryCard.jsx,components,85,is_over_allocated,snake_case,declaration,readiness_field,assets,"const is_over_allocated = pool.allocation_status === ""over_allocated"";"
components\assets\AssetStatusStrip.jsx,AssetStatusStrip.jsx,components,23,is_ready,snake_case,snake_case_reference,readiness_field,assets,"warnings, is_ready, }) {"
components\assets\AssetStatusStrip.jsx,AssetStatusStrip.jsx,components,44,is_ready,snake_case,snake_case_reference,readiness_field,assets,"label=""Module State"" value={is_ready ? ""Ready"" : ""Needs attention""} />"
lib\selectors\assetSelectors.js,assetSelectors.js,lib,460,is_ready,snake_case,object_key,readiness_field,assets,"return { is_ready: assets_ready, assets_ready,"
components\assets\AssetForm.jsx,AssetForm.jsx,components,46,is_retired,snake_case,snake_case_reference,readiness_field,assets,"const asset_type = values.asset_type === ""support"" ? ""support"" : ""productive""; const asset_status = values.is_retired ? ""retired"" : ""active"";"
components\assets\AssetForm.jsx,AssetForm.jsx,components,55,is_retired,snake_case,declaration,readiness_field,assets,"function handle_asset_status_change(next_status) { const is_retired = next_status === ""retired""; on_change(""is_active"", !is_retired);"
components\assets\AssetForm.jsx,AssetForm.jsx,components,56,is_retired,snake_case,snake_case_reference,readiness_field,assets,"const is_retired = next_status === ""retired""; on_change(""is_active"", !is_retired); on_change(""is_retired"", is_retired);"
components\assets\AssetForm.jsx,AssetForm.jsx,components,57,is_retired,snake_case,snake_case_reference,readiness_field,assets,"on_change(""is_active"", !is_retired); on_change(""is_retired"", is_retired); }"
components\assets\AssetSummaryCard.jsx,AssetSummaryCard.jsx,components,193,is_retired,snake_case,declaration,readiness_field,assets,"const lifecycle = meta.lifecycle || ""Active""; const is_retired = lifecycle === ""Retired"";"
components\assets\AssetSummaryCard.jsx,AssetSummaryCard.jsx,components,317,is_retired,snake_case,snake_case_reference,readiness_field,assets,"label=""Cost Included"" value={is_retired ? ""No"" : ""Yes""} />"
hooks\useAssets.js,useAssets.js,hooks,226,is_retired,snake_case,snake_case_reference,readiness_field,assets,(asset) => !asset.is_retired && asset.asset_id !== asset_state.asset_id )
hooks\useAssets.js,useAssets.js,hooks,356,is_retired,snake_case,snake_case_reference,readiness_field,assets,? saved_assets .filter((asset) => !asset.is_retired) .map((asset) => {
hooks\useAssets.js,useAssets.js,hooks,412,is_retired,snake_case,snake_case_reference,readiness_field,assets,"utilisation_fields.true_asset_cost_per_hour, is_active: !asset.is_retired, };"
hooks\useAssets.js,useAssets.js,hooks,420,is_retired,snake_case,snake_case_reference,readiness_field,assets,const live_assets = Array.isArray(saved_assets) ? saved_assets.filter((asset) => !asset.is_retired) : [];
hooks\useAssets.js,useAssets.js,hooks,459,is_retired,snake_case,snake_case_reference,readiness_field,assets,"}, is_active: !asset.is_retired, }));"
lib\calculations\assetCalculations.js,assetCalculations.js,lib,411,is_retired,snake_case,snake_case_reference,readiness_field,assets,const active_saved_assets = Array.isArray(saved_assets) ? saved_assets.filter((asset) => !asset.is_retired) : [];
lib\selectors\assetSelectors.js,assetSelectors.js,lib,199,is_retired,snake_case,snake_case_reference,readiness_field,assets,has_value(asset?.asset_type) && asset?.is_retired !== true && has_valid_number(asset?.total_asset_cost_annual) &&
lib\selectors\assetSelectors.js,assetSelectors.js,lib,398,is_retired,snake_case,snake_case_reference,readiness_field,assets,if (active_saved_assets.length === 0 && asset_state.is_retired) { warnings.push(
lib\selectors\assetSelectors.js,assetSelectors.js,lib,469,is_retired,snake_case,snake_case_reference,readiness_field,assets,"asset_name_label: asset_state.asset_name || ""Unnamed asset"", lifecycle_label: asset_state.is_retired ? ""Retired"" : ""Active"", asset_type_label: asset_type === ""support"" ? ""Support"" : ""Productive"","
lib\selectors\assetSelectors.js,assetSelectors.js,lib,520,is_retired,snake_case,snake_case_reference,readiness_field,assets,const active_saved_assets = Array.isArray(saved_assets) ? saved_assets.filter((asset) => !asset.is_retired) : [];
lib\selectors\assetSelectors.js,assetSelectors.js,lib,554,is_retired,snake_case,snake_case_reference,readiness_field,assets,const current_asset_is_active = asset_state.is_retired !== true;
lib\selectors\assetSelectors.js,assetSelectors.js,lib,619,is_retired,snake_case,snake_case_reference,readiness_field,assets,"effective_from: asset.effective_from || ""—"", lifecycle: asset.is_retired ? ""Retired"" : ""Active"", total_asset_cost_annual: format_currency("
lib\selectors\assetSelectors.js,assetSelectors.js,lib,66,is_retired,snake_case,snake_case_reference,readiness_field,assets,return Array.isArray(saved_assets) ? saved_assets.filter((asset) => !asset.is_retired) : [];
lib\selectors\assetSelectors.js,assetSelectors.js,lib,839,is_retired,snake_case,snake_case_reference,readiness_field,assets,"effective_from: asset_state.effective_from || ""—"", lifecycle: asset_state.is_retired ? ""Retired"" : ""Active"", finance_status: get_finance_status_label(calculations.finance_status),"
lib\storage\assetStorage.js,assetStorage.js,lib,178,is_retired,snake_case,object_key,readiness_field,assets,"is_active: input.is_active !== undefined ? Boolean(input.is_active) : true, is_retired: Boolean(input.is_retired),"
lib\storage\assetStorage.js,assetStorage.js,lib,467,is_retired,snake_case,snake_case_reference,readiness_field,assets,"const active_asset_count = useMemo(() => { return saved_assets.filter((asset) => !asset.is_retired).length; }, [saved_assets]);"
lib\storage\assetStorage.js,assetStorage.js,lib,91,is_retired,snake_case,object_key,readiness_field,assets,"is_active: true, is_retired: false, created_at: timestamp,"
lib\storage\assetProfileStorage.js,assetProfileStorage.js,lib,39,is_same_asset_as_active,snake_case,declaration,readiness_field,assets,const is_same_asset_as_active = current_active_profile &&
lib\storage\assetProfileStorage.js,assetProfileStorage.js,lib,44,is_same_asset_as_active,snake_case,snake_case_reference,readiness_field,assets,const next_version = is_same_asset_as_active ? Number(current_active_profile.profile_version || 1) + 1
components\cost-allocation\groups\CostAllocationGroupAssetBuilder.jsx,CostAllocationGroupAssetBuilder.jsx,components,192,is_unmatched,snake_case,snake_case_reference,readiness_field,assets,"{resolved_assignment.is_unmatched ? ( <p className=""ui-help"">"
lib\selectors\assetSelectors.js,assetSelectors.js,lib,182,is_valid_active_asset_record,snake_case,snake_case_reference,readiness_field,assets,function is_valid_active_asset_record(asset) { const finance_fields_started =
lib\selectors\assetSelectors.js,assetSelectors.js,lib,265,is_valid_active_asset_record,snake_case,snake_case_reference,readiness_field,assets,const invalid_active_assets = active_saved_assets.filter( (asset) => !is_valid_active_asset_record(asset) );
components\assets\AssetForm.jsx,AssetForm.jsx,components,54,next_status,snake_case,snake_case_reference,status_field,assets,"function handle_asset_status_change(next_status) { const is_retired = next_status === ""retired"";"
components\assets\AssetForm.jsx,AssetForm.jsx,components,55,next_status,snake_case,snake_case_reference,status_field,assets,"function handle_asset_status_change(next_status) { const is_retired = next_status === ""retired""; on_change(""is_active"", !is_retired);"
components\assets\AssetForm.jsx,AssetForm.jsx,components,79,next_status,snake_case,snake_case_reference,status_field,assets,"function handle_finance_status_change(next_status) { if (next_status === ""paid_off"") {"
components\assets\AssetForm.jsx,AssetForm.jsx,components,80,next_status,snake_case,snake_case_reference,status_field,assets,"function handle_finance_status_change(next_status) { if (next_status === ""paid_off"") { on_change(""finance_paid_off"", true);"
components\assets\AssetForm.jsx,AssetForm.jsx,components,89,next_status,snake_case,snake_case_reference,status_field,assets,"if (next_status === ""term_extended"") { on_change(""finance_paid_off"", false);"
lib\selectors\assetSelectors.js,assetSelectors.js,lib,321,no_active_assets_ready,snake_case,declaration,readiness_field,assets,const no_active_assets_ready = active_saved_assets.length === 0 &&
lib\selectors\assetSelectors.js,assetSelectors.js,lib,331,no_active_assets_ready,snake_case,snake_case_reference,readiness_field,assets,active_saved_assets.length === 0 && !no_active_assets_ready && !has_value(asset_state.asset_name)
lib\selectors\assetSelectors.js,assetSelectors.js,lib,339,no_active_assets_ready,snake_case,snake_case_reference,readiness_field,assets,active_saved_assets.length === 0 && !no_active_assets_ready && !has_value(asset_state.effective_from)
lib\selectors\assetSelectors.js,assetSelectors.js,lib,404,no_active_assets_ready,snake_case,snake_case_reference,readiness_field,assets,"if (no_active_assets_ready) { warnings.push(""No active assets explicitly confirmed."");"
lib\selectors\assetSelectors.js,assetSelectors.js,lib,457,no_active_assets_ready,snake_case,snake_case_reference,readiness_field,assets,const assets_ready = (active_assets_ready || no_active_assets_ready) && !asset_pool_over_allocated;
lib\reconciliation\reconciliationRules.js,reconciliationRules.js,lib,107,no_assets_confirmed_ready,snake_case,snake_case_reference,readiness_field,assets,"? ""Assets are ready with active ownership-only asset records."" : no_assets_confirmed_ready ? ""No active assets have been explicitly confirmed for this business model."""
lib\reconciliation\reconciliationRules.js,reconciliationRules.js,lib,114,no_assets_confirmed_ready,snake_case,snake_case_reference,readiness_field,assets,"? ""Active assets exist and the Assets module readiness flag is passing."" : no_assets_confirmed_ready ? ""no_active_assets_confirmed is true and total_asset_cost_annual is 0."""
lib\reconciliation\reconciliationRules.js,reconciliationRules.js,lib,90,no_assets_confirmed_ready,snake_case,declaration,readiness_field,assets,const no_assets_confirmed_ready = !has_active_assets &&
lib\reconciliation\reconciliationRules.js,reconciliationRules.js,lib,96,no_assets_confirmed_ready,snake_case,snake_case_reference,readiness_field,assets,const active_assets_ready = has_active_assets && assets_ready; const passed = active_assets_ready || no_assets_confirmed_ready;
app\assets\page.jsx,page.jsx,app,8,status,plain,destructured_name,status_field,assets,"export default function AssetsPage() { const { status, card } = useAssets();"
hooks\useAssets.js,useAssets.js,hooks,309,status,plain,declaration,status_field,assets,const status = useMemo(() => { return buildAssetStatus({
lib\selectors\assetSelectors.js,assetSelectors.js,lib,256,warnings,plain,declaration,warnings_field,assets,}) { const warnings = []; const active_saved_assets = get_active_saved_assets(saved_assets);
lib\selectors\businessModellingSelectors.js,businessModellingSelectors.js,lib,45,baselineDisplayTrustState,camelCase,declaration,trust_state_field,business-modelling,"const baselineTrustState = snapshot.model_trust_state || ""blocked""; const baselineDisplayTrustState = baselineTrustState !== ""blocked"" &&"
lib\selectors\businessModellingSelectors.js,businessModellingSelectors.js,lib,44,baselineTrustState,camelCase,declaration,trust_state_field,business-modelling,"const snapshot = baseline_snapshot ?? {}; const baselineTrustState = snapshot.model_trust_state || ""blocked""; const baselineDisplayTrustState ="
hooks\useBusinessModelling.js,useBusinessModelling.js,hooks,234,has_baseline,snake_case,snake_case_reference,readiness_field,business-modelling,"return has_baseline && has_scenario && summary_status !== ""blocked""; }, ["
hooks\useBusinessModelling.js,useBusinessModelling.js,hooks,232,has_scenario,snake_case,declaration,readiness_field,business-modelling,const has_baseline = Boolean(baseline_snapshot); const has_scenario = Boolean(active_scenario);
hooks\useBusinessModelling.js,useBusinessModelling.js,hooks,234,has_scenario,snake_case,snake_case_reference,readiness_field,business-modelling,"return has_baseline && has_scenario && summary_status !== ""blocked""; }, ["
app\business-modelling\page.jsx,page.jsx,app,61,modelling_ready,snake_case,snake_case_reference,readiness_field,business-modelling,per_hour_delta={status.per_hour_delta} modelling_ready={status.modelling_ready} modelling_warnings={status.modelling_warnings}
hooks\useBusinessModelling.js,useBusinessModelling.js,hooks,228,modelling_ready,snake_case,declaration,readiness_field,business-modelling,const modelling_ready = useMemo(() => { const summary_status =
hooks\useBusinessModelling.js,useBusinessModelling.js,hooks,497,modelling_ready,snake_case,snake_case_reference,readiness_field,business-modelling,"selected_model_output, modelling_ready, modelling_warnings,"
lib\selectors\businessModellingSelectors.js,businessModellingSelectors.js,lib,17,modelling_ready,snake_case,snake_case_reference,readiness_field,business-modelling,const warning_count = modelling_warnings.length; const status_label = modelling_ready ? warning_count > 0
lib\selectors\businessModellingSelectors.js,businessModellingSelectors.js,lib,37,modelling_ready,snake_case,snake_case_reference,readiness_field,business-modelling,"warning_count, modelling_ready, modelling_warnings,"
lib\selectors\businessModellingSelectors.js,businessModellingSelectors.js,lib,9,modelling_ready,snake_case,snake_case_reference,readiness_field,business-modelling,"active_scenario, modelling_ready, modelling_warnings,"
app\business-modelling\page.jsx,page.jsx,app,62,modelling_warnings,snake_case,warning_id,warnings_field,business-modelling,modelling_ready={status.modelling_ready} modelling_warnings={status.modelling_warnings} selectModel={selectModel}
components\business-modelling\BusinessModellingStatusStrip.jsx,BusinessModellingStatusStrip.jsx,components,106,modelling_warnings,snake_case,warning_id,warnings_field,business-modelling,"<div className=""labour-summary-table-value""> {modelling_warnings.length} </div>"
components\business-modelling\BusinessModellingStatusStrip.jsx,BusinessModellingStatusStrip.jsx,components,112,modelling_warnings,snake_case,warning_id,warnings_field,business-modelling,"{modelling_warnings.length > 0 ? ( <div className=""ui-stack-sm"">"
components\business-modelling\BusinessModellingStatusStrip.jsx,BusinessModellingStatusStrip.jsx,components,114,modelling_warnings,snake_case,warning_id,warnings_field,business-modelling,"<div className=""ui-stack-sm""> {modelling_warnings.map((warning) => ( <p className=""ui-help"" key={warning.warning_id}>"
components\business-modelling\BusinessModellingStatusStrip.jsx,BusinessModellingStatusStrip.jsx,components,32,modelling_warnings,snake_case,warning_id,warnings_field,business-modelling,"per_hour_delta, modelling_warnings, selectModel,"
hooks\useBusinessModelling.js,useBusinessModelling.js,hooks,241,modelling_warnings,snake_case,declaration,warnings_field,business-modelling,const modelling_warnings = useMemo(() => { const warnings = [];
hooks\useBusinessModelling.js,useBusinessModelling.js,hooks,325,modelling_warnings,snake_case,warning_id,warnings_field,business-modelling,"modelling_ready, modelling_warnings, selected_model_type,"
hooks\useBusinessModelling.js,useBusinessModelling.js,hooks,333,modelling_warnings,snake_case,warning_id,warnings_field,business-modelling,"modelling_ready, modelling_warnings, selected_model_type,"
hooks\useBusinessModelling.js,useBusinessModelling.js,hooks,498,modelling_warnings,snake_case,warning_id,warnings_field,business-modelling,"modelling_ready, modelling_warnings, baseline_snapshot,"
lib\selectors\businessModellingSelectors.js,businessModellingSelectors.js,lib,10,modelling_warnings,snake_case,warning_id,warnings_field,business-modelling,"modelling_ready, modelling_warnings, selected_model_type,"
lib\selectors\businessModellingSelectors.js,businessModellingSelectors.js,lib,16,modelling_warnings,snake_case,warning_id,warnings_field,business-modelling,"active_scenario && active_scenario.scenario_type !== ""baseline""; const warning_count = modelling_warnings.length; const status_label = modelling_ready"
lib\selectors\businessModellingSelectors.js,businessModellingSelectors.js,lib,38,modelling_warnings,snake_case,warning_id,warnings_field,business-modelling,"modelling_ready, modelling_warnings, };"
lib\calculations\businessModellingCalculations.js,businessModellingCalculations.js,lib,266,ready_with_warnings,snake_case,warning_id,warnings_field,business-modelling,": warnings.length > 0 ? ""ready_with_warnings"" : ""ready"","
lib\selectors\businessModellingSelectors.js,businessModellingSelectors.js,lib,19,ready_with_warnings,snake_case,warning_id,warnings_field,business-modelling,"? warning_count > 0 ? ""ready_with_warnings"" : ""ready"""
hooks\useBusinessModelling.js,useBusinessModelling.js,hooks,208,scenario_status,snake_case,object_key,status_field,business-modelling,"scenario_trust_state: baseline_snapshot.model_trust_state, scenario_status: baseline_snapshot.model_trust_state === ""blocked"""
hooks\useBusinessModelling.js,useBusinessModelling.js,hooks,513,scenario_status,snake_case,object_key,status_field,business-modelling,"active_scenario?.scenario_recovery_gap_per_hour, scenario_status: active_scenario?.scenario_status, selected_model_id: selected_model_output.selected_model_id,"
lib\calculations\businessModellingCalculations.js,businessModellingCalculations.js,lib,262,scenario_status,snake_case,object_key,status_field,business-modelling,"scenario_trust_state: baseline_snapshot.model_trust_state, scenario_status: baseline_snapshot.model_trust_state === ""blocked"""
lib\selectors\businessModellingSelectors.js,businessModellingSelectors.js,lib,110,scenario_status,snake_case,object_key,status_field,business-modelling,"), scenario_status: source.scenario_status, scenario_warnings: source.scenario_warnings || [],"
hooks\useBusinessModelling.js,useBusinessModelling.js,hooks,207,scenario_trust_state,snake_case,object_key,trust_state_field,business-modelling,"baseline_snapshot.weighted_productivity_percent || 100, scenario_trust_state: baseline_snapshot.model_trust_state, scenario_status:"
hooks\useBusinessModelling.js,useBusinessModelling.js,hooks,301,scenario_trust_state,snake_case,snake_case_reference,trust_state_field,business-modelling,"if (!active_scenario || active_scenario.scenario_trust_state === ""blocked"") { warnings.push({"
lib\calculations\businessModellingCalculations.js,businessModellingCalculations.js,lib,261,scenario_trust_state,snake_case,object_key,trust_state_field,business-modelling,"scenario_warnings: warnings, scenario_trust_state: baseline_snapshot.model_trust_state, scenario_status:"
lib\selectors\businessModellingSelectors.js,businessModellingSelectors.js,lib,112,scenario_trust_state,snake_case,object_key,trust_state_field,business-modelling,"scenario_warnings: source.scenario_warnings || [], scenario_trust_state: source.scenario_trust_state, };"
lib\selectors\businessModellingSelectors.js,businessModellingSelectors.js,lib,152,scenario_trust_state,snake_case,snake_case_reference,trust_state_field,business-modelling,"selected_model_trust_state: selected?.scenario_trust_state || selected?.model_trust_state || ""blocked"", selected_model_total_revenue:"
lib\selectors\businessModellingSelectors.js,businessModellingSelectors.js,lib,25,scenario_trust_state,snake_case,snake_case_reference,trust_state_field,business-modelling,"? ""ready"" : active_scenario?.scenario_trust_state || ""blocked"";"
components\business-modelling\BusinessModellingScenarioResult.jsx,BusinessModellingScenarioResult.jsx,components,87,scenario_warnings,snake_case,warning_id,warnings_field,business-modelling,"{scenario_result.scenario_warnings?.length > 0 ? ( <div className=""ui-stack-sm"">"
components\business-modelling\BusinessModellingScenarioResult.jsx,BusinessModellingScenarioResult.jsx,components,89,scenario_warnings,snake_case,warning_id,warnings_field,business-modelling,"<div className=""ui-stack-sm""> {scenario_result.scenario_warnings.map((warning) => ( <p className=""ui-help"" key={warning.warning_id}>"
hooks\useBusinessModelling.js,useBusinessModelling.js,hooks,212,scenario_warnings,snake_case,object_key,warnings_field,business-modelling,": ""ready"", scenario_warnings: baseline_snapshot.source_warnings || [], };"
lib\calculations\businessModellingCalculations.js,businessModellingCalculations.js,lib,260,scenario_warnings,snake_case,object_key,warnings_field,business-modelling,"scenario_warnings: warnings, scenario_trust_state: baseline_snapshot.model_trust_state,"
lib\selectors\businessModellingSelectors.js,businessModellingSelectors.js,lib,111,scenario_warnings,snake_case,object_key,warnings_field,business-modelling,"scenario_status: source.scenario_status, scenario_warnings: source.scenario_warnings || [], scenario_trust_state: source.scenario_trust_state,"
app\business-modelling\page.jsx,page.jsx,app,57,selected_scenario_status,snake_case,snake_case_reference,status_field,business-modelling,selected_model_trust_state={status.selected_model_trust_state} selected_scenario_status={status.selected_scenario_status} selected_scenario_modified={status.selected_scenario_modified}
components\business-modelling\BusinessModellingStatusStrip.jsx,BusinessModellingStatusStrip.jsx,components,28,selected_scenario_status,snake_case,snake_case_reference,status_field,business-modelling,"selected_model_trust_state, selected_scenario_status, selected_scenario_modified,"
components\business-modelling\BusinessModellingStatusStrip.jsx,BusinessModellingStatusStrip.jsx,components,76,selected_scenario_status,snake_case,snake_case_reference,status_field,business-modelling,"<div className=""labour-summary-table-label"">Model status</div> <div className=""labour-summary-table-value"">{selected_scenario_status}</div> </div>"
lib\selectors\businessModellingSelectors.js,businessModellingSelectors.js,lib,32,selected_scenario_status,snake_case,object_key,status_field,business-modelling,"selected_model_trust_state, selected_scenario_status: status_label, selected_scenario_modified: modified,"
lib\calculations\businessModellingCalculations.js,businessModellingCalculations.js,lib,51,source_model_status,snake_case,object_key,status_field,business-modelling,"source_model_status: business_summary_status, source_business_summary_status: business_summary_status,"
hooks\useBusinessModelling.js,useBusinessModelling.js,hooks,212,source_warnings,snake_case,warning_id,warnings_field,business-modelling,": ""ready"", scenario_warnings: baseline_snapshot.source_warnings || [], };"
lib\calculations\businessModellingCalculations.js,businessModellingCalculations.js,lib,53,source_warnings,snake_case,object_key,warnings_field,business-modelling,"source_business_summary_status: business_summary_status, source_warnings: business_summary_warnings, model_trust_state,"
lib\selectors\businessModellingSelectors.js,businessModellingSelectors.js,lib,47,source_warnings,snake_case,warning_id,warnings_field,business-modelling,"baselineTrustState !== ""blocked"" && (snapshot.source_warnings?.length ?? 0) === 0 ? ""ready"""
hooks\useBusinessModelling.js,useBusinessModelling.js,hooks,318,status,plain,declaration,status_field,business-modelling,const status = useMemo(() => { return buildBusinessModellingStatus({
hooks\useBusinessModelling.js,useBusinessModelling.js,hooks,234,summary_status,snake_case,snake_case_reference,status_field,business-modelling,"return has_baseline && has_scenario && summary_status !== ""blocked""; }, ["
hooks\useBusinessModelling.js,useBusinessModelling.js,hooks,242,warnings,plain,declaration,warnings_field,business-modelling,const modelling_warnings = useMemo(() => { const warnings = []; const summaryWarnings =
lib\calculations\businessModellingCalculations.js,businessModellingCalculations.js,lib,206,warnings,plain,declaration,warnings_field,business-modelling,const warnings = [];
hooks\useBusinessSetup.js,useBusinessSetup.js,hooks,82,is_labour_based,snake_case,object_key,readiness_field,business-setup,"business_type: business_setup_state.business_type, is_labour_based: business_setup_state.business_type === ""labour_based"", is_product_based: business_setup_state.business_type === ""product_based"","
hooks\useBusinessSetup.js,useBusinessSetup.js,hooks,93,is_labour_based,snake_case,object_key,readiness_field,business-setup,"business_type: business_setup_state.business_type, is_labour_based: business_setup_state.business_type === ""labour_based"", is_product_based: business_setup_state.business_type === ""product_based"","
hooks\useBusinessSetup.js,useBusinessSetup.js,hooks,83,is_product_based,snake_case,object_key,readiness_field,business-setup,"is_labour_based: business_setup_state.business_type === ""labour_based"", is_product_based: business_setup_state.business_type === ""product_based"", setup_completed: business_setup_state.setup_completed,"
hooks\useBusinessSetup.js,useBusinessSetup.js,hooks,94,is_product_based,snake_case,object_key,readiness_field,business-setup,"is_labour_based: business_setup_state.business_type === ""labour_based"", is_product_based: business_setup_state.business_type === ""product_based"", setup_completed: business_setup_state.setup_completed,"
components\business-setup\BusinessSetupMainCard.jsx,BusinessSetupMainCard.jsx,components,17,is_selected,snake_case,snake_case_reference,readiness_field,business-setup,onClick={() => onSelect(option.value)} aria-pressed={option.is_selected} >
components\business-setup\BusinessSetupMainCard.jsx,BusinessSetupMainCard.jsx,components,28,is_selected,snake_case,snake_case_reference,readiness_field,business-setup,"<div className={badge_classes}> {option.is_selected ? ""Selected"" : ""Select""} </div>"
components\business-setup\BusinessSetupMainCard.jsx,BusinessSetupMainCard.jsx,components,37,is_selected,snake_case,snake_case_reference,readiness_field,business-setup,return ( card.business_type_options.find((option) => option.is_selected) || card.business_type_options[0]
components\business-setup\BusinessSetupMainCard.jsx,BusinessSetupMainCard.jsx,components,4,is_selected,snake_case,snake_case_reference,readiness_field,business-setup,"function BusinessTypeOption({ option, onSelect }) { const option_classes = option.is_selected ? ""ui-panel ui-stack-sm business-setup-option business-setup-option--selected"""
components\business-setup\BusinessSetupMainCard.jsx,BusinessSetupMainCard.jsx,components,8,is_selected,snake_case,snake_case_reference,readiness_field,business-setup,"const badge_classes = option.is_selected ? ""business-setup-option__badge business-setup-option__badge--selected"""
lib\selectors\businessSetupSelectors.js,businessSetupSelectors.js,lib,77,is_selected,snake_case,object_key,readiness_field,business-setup,"driver_label: ""Activity driver: productive hours"", is_selected: business_type === ""labour_based"", },"
lib\selectors\businessSetupSelectors.js,businessSetupSelectors.js,lib,87,is_selected,snake_case,object_key,readiness_field,business-setup,"driver_label: ""Activity driver: units sold"", is_selected: business_type === ""product_based"", },"
lib\selectors\businessSetupSelectors.js,businessSetupSelectors.js,lib,48,setup_status,snake_case,object_key,status_field,business-setup,"return { setup_status: setup_completed ? ""complete"" : ""incomplete"", setup_status_label: setup_completed ? ""Setup complete"" : ""Setup incomplete"","
hooks\useBusinessSetup.js,useBusinessSetup.js,hooks,38,status,plain,declaration,status_field,business-setup,const status = useMemo(() => { return buildBusinessSetupStatus(business_setup_state);
lib\selectors\businessSetupSelectors.js,businessSetupSelectors.js,lib,37,warnings,plain,declaration,warnings_field,business-setup,const warnings = [];
components\recovery-summary\main-card\recoverySummaryWarningHelpers.js,recoverySummaryWarningHelpers.js,components,3,business_summary_not_ready,snake_case,snake_case_reference,readiness_field,business-summary,"""business_summary_not_trusted"", ""business_summary_not_ready"", ""upstream_model_not_ready"","
components\recovery-summary\recoverySummaryWarningDetails.js,recoverySummaryWarningDetails.js,components,102,business_summary_not_ready,snake_case,object_key,readiness_field,business-summary,"business_summary_not_ready: { title: ""Business Summary is not ready"","
lib\calculations\recoverySummaryCalculations.js,recoverySummaryCalculations.js,lib,741,business_summary_not_ready,snake_case,snake_case_reference,readiness_field,business-summary,") { warnings.push(""business_summary_not_ready""); }"
lib\selectors\recoverySummarySelectors.js,recoverySummarySelectors.js,lib,221,business_summary_not_ready,snake_case,snake_case_reference,readiness_field,business-summary,"if ( warnings.includes(""business_summary_not_ready"") || warnings.includes(""upstream_model_not_ready"")"
lib\selectors\recoverySummarySelectors.js,recoverySummarySelectors.js,lib,267,business_summary_not_ready,snake_case,snake_case_reference,readiness_field,business-summary,"const blocking_warning_keys = new Set([ ""business_summary_not_ready"", ""upstream_model_not_ready"","
lib\selectors\recoverySummarySelectors.js,recoverySummarySelectors.js,lib,61,business_summary_not_ready,snake_case,object_key,readiness_field,business-summary,"const warning_map = { business_summary_not_ready: ""Business Summary is not ready, so Recovery Summary is preview only."","
lib\calculations\recoverySummaryCalculations.js,recoverySummaryCalculations.js,lib,351,business_summary_ready,snake_case,declaration,readiness_field,business-summary,export function calculateRecoverySummary(input = {}) { const business_summary_ready = input.business_summary_ready === true; const revenue_cogs = input.revenue_cogs ?? {};
lib\calculations\recoverySummaryCalculations.js,recoverySummaryCalculations.js,lib,737,business_summary_ready,snake_case,snake_case_reference,readiness_field,business-summary,if ( !business_summary_ready && !has_valid_recovery_hour_result &&
lib\calculations\recoverySummaryCalculations.js,recoverySummaryCalculations.js,lib,833,business_summary_ready,snake_case,snake_case_reference,readiness_field,business-summary,"return { business_summary_ready, business_type,"
lib\selectors\businessSummarySelectors.js,businessSummarySelectors.js,lib,122,business_summary_ready,snake_case,object_key,readiness_field,business-summary,"return { business_summary_ready: warnings.length === 0 && model_trust_state === ""ready"","
hooks\useBusinessSummary.js,useBusinessSummary.js,hooks,252,business_summary_status,snake_case,object_key,status_field,business-summary,"business_summary_status: status.business_summary_status, business_summary_warnings: status.business_summary_warnings,"
lib\calculations\businessModellingCalculations.js,businessModellingCalculations.js,lib,23,business_summary_status,snake_case,snake_case_reference,status_field,business-summary,"total_available_hours_before_productivity = 0, business_summary_status = ""blocked"", model_trust_state = ""blocked"","
lib\calculations\businessModellingCalculations.js,businessModellingCalculations.js,lib,51,business_summary_status,snake_case,snake_case_reference,status_field,business-summary,"source_model_status: business_summary_status, source_business_summary_status: business_summary_status,"
lib\calculations\businessModellingCalculations.js,businessModellingCalculations.js,lib,52,business_summary_status,snake_case,snake_case_reference,status_field,business-summary,"source_model_status: business_summary_status, source_business_summary_status: business_summary_status, source_warnings: business_summary_warnings,"
lib\selectors\businessSummarySelectors.js,businessSummarySelectors.js,lib,124,business_summary_status,snake_case,object_key,status_field,business-summary,"warnings.length === 0 && model_trust_state === ""ready"", business_summary_status: model_trust_state === ""blocked"""
app\business-summary\page.jsx,page.jsx,app,65,business_summary_warnings,snake_case,warning_id,warnings_field,business-summary,warning_count={status.warning_count} business_summary_warnings={status.business_summary_warnings} required_labour_burden_rate={card.required_labour_burden_rate}
components\business-summary\BusinessSummaryStatusStrip.jsx,BusinessSummaryStatusStrip.jsx,components,18,business_summary_warnings,snake_case,warning_id,warnings_field,business-summary,"warning_count = 0, business_summary_warnings = [], }) {"
components\business-summary\BusinessSummaryStatusStrip.jsx,BusinessSummaryStatusStrip.jsx,components,64,business_summary_warnings,snake_case,warning_id,warnings_field,business-summary,"{business_summary_warnings.length > 0 ? ( <div className=""ui-stack-sm"">"
components\business-summary\BusinessSummaryStatusStrip.jsx,BusinessSummaryStatusStrip.jsx,components,66,business_summary_warnings,snake_case,warning_id,warnings_field,business-summary,"<div className=""ui-stack-sm""> {business_summary_warnings.map((warning) => ( <p className=""ui-help"" key={warning.warning_id}>"
hooks\useBusinessSummary.js,useBusinessSummary.js,hooks,253,business_summary_warnings,snake_case,object_key,warnings_field,business-summary,"business_summary_status: status.business_summary_status, business_summary_warnings: status.business_summary_warnings, model_trust_state,"
hooks\useQuoteEngine.js,useQuoteEngine.js,hooks,380,business_summary_warnings,snake_case,object_key,warnings_field,business-summary,"model_trust_state: calculations.quote_model_trust_state, business_summary_warnings: business_summary.status.business_summary_warnings ?? [],"
hooks\useQuoteEngine.js,useQuoteEngine.js,hooks,381,business_summary_warnings,snake_case,warning_id,warnings_field,business-summary,"business_summary_warnings: business_summary.status.business_summary_warnings ?? [], },"
hooks\useQuoteEngine.js,useQuoteEngine.js,hooks,384,business_summary_warnings,snake_case,warning_id,warnings_field,business-summary,"}); }, [calculations, business_summary.status.business_summary_warnings]);"
lib\calculations\businessModellingCalculations.js,businessModellingCalculations.js,lib,25,business_summary_warnings,snake_case,warning_id,warnings_field,business-summary,"model_trust_state = ""blocked"", business_summary_warnings = [], }) {"
lib\calculations\businessModellingCalculations.js,businessModellingCalculations.js,lib,53,business_summary_warnings,snake_case,warning_id,warnings_field,business-summary,"source_business_summary_status: business_summary_status, source_warnings: business_summary_warnings, model_trust_state,"
lib\selectors\businessSummarySelectors.js,businessSummarySelectors.js,lib,157,business_summary_warnings,snake_case,object_key,warnings_field,business-summary,"warning_count: warnings.length, business_summary_warnings: warnings, model_trust_state,"
lib\selectors\quoteEngineSelectors.js,quoteEngineSelectors.js,lib,138,business_summary_warnings,snake_case,warning_id,warnings_field,business-summary,if ( Array.isArray(upstream.business_summary_warnings) && upstream.business_summary_warnings.length > 0
lib\selectors\quoteEngineSelectors.js,quoteEngineSelectors.js,lib,139,business_summary_warnings,snake_case,warning_id,warnings_field,business-summary,Array.isArray(upstream.business_summary_warnings) && upstream.business_summary_warnings.length > 0 ) {
lib\selectors\quoteEngineSelectors.js,quoteEngineSelectors.js,lib,162,business_summary_warnings,snake_case,warning_id,warnings_field,business-summary,"Math.abs(quote_gap) <= Math.max(1, Math.abs(required_recovery_rate) * 0.1) || (Array.isArray(upstream.business_summary_warnings) && upstream.business_summary_warnings.length > 0)"
lib\selectors\quoteEngineSelectors.js,quoteEngineSelectors.js,lib,163,business_summary_warnings,snake_case,warning_id,warnings_field,business-summary,(Array.isArray(upstream.business_summary_warnings) && upstream.business_summary_warnings.length > 0) ) {
components\business-summary\BusinessSummaryMacroPositionCard.jsx,BusinessSummaryMacroPositionCard.jsx,components,482,is_active,snake_case,declaration,readiness_field,business-summary,{rows.map((row) => { const is_active = active_breakdown === row.drilldown_key;
components\business-summary\BusinessSummaryMacroPositionCard.jsx,BusinessSummaryMacroPositionCard.jsx,components,492,is_active,snake_case,snake_case_reference,readiness_field,business-summary,total={row.total} active={is_active} onClick={
components\business-summary\BusinessSummaryMacroPositionCard.jsx,BusinessSummaryMacroPositionCard.jsx,components,498,is_active,snake_case,snake_case_reference,readiness_field,business-summary,"{is_active ? ( <div className=""business-summary-macro-drilldown"">"
lib\selectors\recoverySummarySelectors.js,recoverySummarySelectors.js,lib,217,is_business_summary_trusted,snake_case,snake_case_reference,readiness_field,business-summary,function is_business_summary_trusted(calculated = {}) { const warnings = Array.isArray(calculated.warnings) ? calculated.warnings : [];
lib\selectors\recoverySummarySelectors.js,recoverySummarySelectors.js,lib,456,is_business_summary_trusted,snake_case,snake_case_reference,readiness_field,business-summary,"const recovery_warning_system = build_recovery_summary_warning_system({ business_summary_trusted: is_business_summary_trusted(calculated),"
components\business-summary\BusinessSummaryCalculationTable.jsx,BusinessSummaryCalculationTable.jsx,components,12,is_clickable,snake_case,snake_case_reference,readiness_field,business-summary,"<div className=""ui-stack-sm""> {is_clickable ? ( <button"
components\business-summary\BusinessSummaryCalculationTable.jsx,BusinessSummaryCalculationTable.jsx,components,8,is_clickable,snake_case,declaration,readiness_field,business-summary,"function CalculationRow({ row, active, onClick, values }) { const is_clickable = Boolean(row.drilldown_key);"
components\business-summary\BusinessSummaryMacroPositionCard.jsx,BusinessSummaryMacroPositionCard.jsx,components,25,is_clickable,snake_case,declaration,readiness_field,business-summary,}) { const is_clickable = Boolean(onClick);
components\business-summary\BusinessSummaryMacroPositionCard.jsx,BusinessSummaryMacroPositionCard.jsx,components,31,is_clickable,snake_case,snake_case_reference,readiness_field,business-summary,if (!is_clickable) { return (
app\business-summary\page.jsx,page.jsx,app,100,is_product_based,snake_case,snake_case_reference,readiness_field,business-summary,business_type={card.business_type} is_product_based={card.is_product_based} is_labour_based={card.is_labour_based}
components\business-summary\BusinessSummaryCard.jsx,BusinessSummaryCard.jsx,components,40,is_product_based,snake_case,snake_case_reference,readiness_field,business-summary,"business_type = ""labour_based"", is_product_based = false, is_labour_based = true,"
components\business-summary\BusinessSummaryCard.jsx,BusinessSummaryCard.jsx,components,95,is_product_based,snake_case,snake_case_reference,readiness_field,business-summary,"business_type, is_product_based, is_labour_based,"
components\business-summary\BusinessSummaryHierarchyBuilder.js,BusinessSummaryHierarchyBuilder.js,components,60,is_product_based,snake_case,snake_case_reference,readiness_field,business-summary,"business_type = ""labour_based"", is_product_based = false, is_labour_based = true,"
components\business-summary\BusinessSummaryHierarchyBuilder.js,BusinessSummaryHierarchyBuilder.js,components,84,is_product_based,snake_case,snake_case_reference,readiness_field,business-summary,const product_mode_active = is_product_based === true || is_labour_based === false ||
hooks\useBusinessSummary.js,useBusinessSummary.js,hooks,147,is_product_based,snake_case,object_key,readiness_field,business-summary,"business_type: calculations.business_type, is_product_based: calculations.is_product_based, is_labour_based: calculations.is_labour_based,"
lib\calculations\businessSummaryCalculations.js,businessSummaryCalculations.js,lib,16,is_product_based,snake_case,declaration,readiness_field,business-summary,"}) { const is_product_based = business_type === ""product_based"";"
lib\calculations\businessSummaryCalculations.js,businessSummaryCalculations.js,lib,18,is_product_based,snake_case,snake_case_reference,readiness_field,business-summary,if (is_product_based) { return {
lib\calculations\businessSummaryCalculations.js,businessSummaryCalculations.js,lib,193,is_product_based,snake_case,snake_case_reference,readiness_field,business-summary,"business_type: driver_config.business_type, is_product_based, is_labour_based,"
lib\calculations\businessSummaryCalculations.js,businessSummaryCalculations.js,lib,85,is_product_based,snake_case,declaration,readiness_field,business-summary,"const activity_driver_value = driver_config.activity_driver_value; const is_product_based = driver_config.business_type === ""product_based""; const is_labour_based = !is_product_based;"
lib\calculations\businessSummaryCalculations.js,businessSummaryCalculations.js,lib,86,is_product_based,snake_case,snake_case_reference,readiness_field,business-summary,"const is_product_based = driver_config.business_type === ""product_based""; const is_labour_based = !is_product_based;"
lib\selectors\businessSummarySelectors.js,businessSummarySelectors.js,lib,216,is_product_based,snake_case,object_key,readiness_field,business-summary,"business_type: calculations.business_type || ""labour_based"", is_product_based: calculations.is_product_based === true, is_labour_based: calculations.is_labour_based !== false,"
components\business-summary\BusinessSummaryMacroPositionCard.jsx,BusinessSummaryMacroPositionCard.jsx,components,160,is_total,snake_case,snake_case_reference,readiness_field,business-summary,"function BridgeProofRow({ label, value, is_total = false }) { return ("
components\business-summary\BusinessSummaryMacroPositionCard.jsx,BusinessSummaryMacroPositionCard.jsx,components,164,is_total,snake_case,snake_case_reference,readiness_field,business-summary,"className={`labour-summary-table-row ${ is_total ? ""border-t border-[var(--border-primary)] pt-3"" : """" }`}"
components\business-summary\BusinessSummaryMacroPositionCard.jsx,BusinessSummaryMacroPositionCard.jsx,components,222,is_total,snake_case,snake_case_reference,readiness_field,business-summary,value={qs_tools_operating_position} is_total />
lib\selectors\businessSummarySelectors.js,businessSummarySelectors.js,lib,129,ready_with_warnings,snake_case,warning_id,warnings_field,business-summary,"? ""ready"" : ""ready_with_warnings"","
lib\calculations\businessModellingCalculations.js,businessModellingCalculations.js,lib,52,source_business_summary_status,snake_case,object_key,status_field,business-summary,"source_model_status: business_summary_status, source_business_summary_status: business_summary_status, source_warnings: business_summary_warnings,"
app\business-summary\page.jsx,page.jsx,app,17,status,plain,destructured_name,status_field,business-summary,"export default function BusinessSummaryPage() { const { status, card } = useBusinessSummary(); const { status: model_readiness_status } = useModelReadiness();"
app\business-summary\page.jsx,page.jsx,app,18,status,plain,destructured_name,status_field,business-summary,"const { status, card } = useBusinessSummary(); const { status: model_readiness_status } = useModelReadiness();"
hooks\useBusinessSummary.js,useBusinessSummary.js,hooks,90,status,plain,declaration,status_field,business-summary,"const status = buildBusinessSummaryStatus({ ...calculations,"
lib\selectors\businessSummarySelectors.js,businessSummarySelectors.js,lib,42,warnings,plain,declaration,warnings_field,business-summary,const cost_summary_ready = calculations.cost_summary_ready === true; const warnings = [];
lib\selectors\cost-allocation\costAllocationCardSections.js,costAllocationCardSections.js,lib,288,additional_warnings,snake_case,object_key,warnings_field,cost-allocation,"supporting_warnings: unique_warnings.slice(0, 5), additional_warnings: unique_warnings.slice(5),"
lib\selectors\cost-allocation\costAllocationCardSections.js,costAllocationCardSections.js,lib,426,all_warnings,snake_case,warning_id,warnings_field,cost-allocation,"calculated, all_warnings, setup_warnings,"
lib\selectors\cost-allocation\costAllocationCardSections.js,costAllocationCardSections.js,lib,434,all_warnings,snake_case,warning_id,warnings_field,cost-allocation,"return { warnings: all_warnings, setup_warnings,"
lib\selectors\cost-allocation\costAllocationCardSelectors.js,costAllocationCardSelectors.js,lib,119,all_warnings,snake_case,warning_id,warnings_field,cost-allocation,"allocation_warnings, all_warnings,"
lib\selectors\cost-allocation\costAllocationCardSelectors.js,costAllocationCardSelectors.js,lib,72,all_warnings,snake_case,declaration,warnings_field,cost-allocation,const all_warnings = allocation_warnings; const active_operational_groups =
components\cost-allocation\CostAllocationEvidenceBreakdown.jsx,CostAllocationEvidenceBreakdown.jsx,components,273,allocation_status,snake_case,snake_case_reference,status_field,cost-allocation,"<p className=""ui-help""> {row.allocation_status || ""review_required""} </p>"
components\cost-allocation\CostAllocationGroupsCard.jsx,CostAllocationGroupsCard.jsx,components,89,allocation_status,snake_case,object_key,status_field,cost-allocation,"total_division_cost: 0, allocation_status: ""review_required"", }"
components\cost-allocation\CostAllocationNoticeBanner.jsx,CostAllocationNoticeBanner.jsx,components,36,allocation_status,snake_case,declaration,status_field,cost-allocation,}) { const allocation_status = outcome?.allocation_status ||
components\cost-allocation\CostAllocationNoticeBanner.jsx,CostAllocationNoticeBanner.jsx,components,37,allocation_status,snake_case,snake_case_reference,status_field,cost-allocation,const allocation_status = outcome?.allocation_status || status?.allocation_status ||
components\cost-allocation\CostAllocationNoticeBanner.jsx,CostAllocationNoticeBanner.jsx,components,38,allocation_status,snake_case,snake_case_reference,status_field,cost-allocation,outcome?.allocation_status || status?.allocation_status || delivery_summary?.allocation_status ||
components\cost-allocation\CostAllocationNoticeBanner.jsx,CostAllocationNoticeBanner.jsx,components,39,allocation_status,snake_case,snake_case_reference,status_field,cost-allocation,"status?.allocation_status || delivery_summary?.allocation_status || ""review"";"
components\cost-allocation\CostAllocationNoticeBanner.jsx,CostAllocationNoticeBanner.jsx,components,87,allocation_status,snake_case,snake_case_reference,status_field,cost-allocation,"<p className=""mt-1 text-sm font-medium text-[var(--text-primary)]""> {getStatusLabel(allocation_status)} </p>"
components\cost-allocation\CostAllocationStatusStrip.jsx,CostAllocationStatusStrip.jsx,components,179,allocation_status,snake_case,snake_case_reference,status_field,cost-allocation,"<p className=""mt-1 text-sm font-semibold text-[var(--text-primary)]""> {getStatusTone(allocation_status)} </p>"
components\cost-allocation\CostAllocationStatusStrip.jsx,CostAllocationStatusStrip.jsx,components,188,allocation_status,snake_case,snake_case_reference,status_field,cost-allocation,"label=""Status"" value={getStatusLabel(allocation_status)} help=""Ready for downstream use?"""
components\cost-allocation\CostAllocationStatusStrip.jsx,CostAllocationStatusStrip.jsx,components,61,allocation_status,snake_case,object_key,status_field,cost-allocation,"export default function CostAllocationStatusStrip({ allocation_status: flat_allocation_status, allocation_dependency_type: flat_allocation_dependency_type,"
components\cost-allocation\CostAllocationStatusStrip.jsx,CostAllocationStatusStrip.jsx,components,76,allocation_status,snake_case,declaration,status_field,cost-allocation,}) { const allocation_status = flat_allocation_status ||
components\cost-allocation\CostAllocationStatusStrip.jsx,CostAllocationStatusStrip.jsx,components,78,allocation_status,snake_case,snake_case_reference,status_field,cost-allocation,flat_allocation_status || status?.allocation_status || outcome?.allocation_status ||
components\cost-allocation\CostAllocationStatusStrip.jsx,CostAllocationStatusStrip.jsx,components,79,allocation_status,snake_case,snake_case_reference,status_field,cost-allocation,status?.allocation_status || outcome?.allocation_status || delivery_summary?.allocation_status ||
components\cost-allocation\CostAllocationStatusStrip.jsx,CostAllocationStatusStrip.jsx,components,80,allocation_status,snake_case,snake_case_reference,status_field,cost-allocation,"outcome?.allocation_status || delivery_summary?.allocation_status || ""review"";"
components\recovery-outcome\RecoveryOutcomeMainCard.jsx,RecoveryOutcomeMainCard.jsx,components,225,allocation_status,snake_case,snake_case_reference,status_field,cost-allocation,"label=""Allocation Status"" value={allocation_context.allocation_status || ""unknown""} />"
components\recovery-outcome\RecoveryOutcomeStatusStrip.jsx,RecoveryOutcomeStatusStrip.jsx,components,11,allocation_status,snake_case,snake_case_reference,status_field,cost-allocation,"primary_constraint_title = ""No constraint identified"", allocation_status = ""unknown"", allocation_dependency_type = ""unknown"","
components\recovery-outcome\RecoveryOutcomeStatusStrip.jsx,RecoveryOutcomeStatusStrip.jsx,components,40,allocation_status,snake_case,snake_case_reference,status_field,cost-allocation,<Pill label={`Allocation: ${allocation_status}`} tone={
components\recovery-outcome\RecoveryOutcomeStatusStrip.jsx,RecoveryOutcomeStatusStrip.jsx,components,42,allocation_status,snake_case,snake_case_reference,status_field,cost-allocation,"tone={ allocation_status === ""ready"" ? ""good"""
components\recovery-outcome\RecoveryOutcomeStatusStrip.jsx,RecoveryOutcomeStatusStrip.jsx,components,44,allocation_status,snake_case,snake_case_reference,status_field,cost-allocation,"? ""good"" : allocation_status === ""not_supported"" ? ""bad"""
hooks\cost-allocation\useCostAllocationAssignmentCards.js,useCostAllocationAssignmentCards.js,hooks,163,allocation_status,snake_case,snake_case_reference,status_field,cost-allocation,labour_pool_status: calculated?.labour_pool?.allocation_status || calculated?.productive_labour_pool?.allocation_status ||
hooks\cost-allocation\useCostAllocationAssignmentCards.js,useCostAllocationAssignmentCards.js,hooks,164,allocation_status,snake_case,snake_case_reference,status_field,cost-allocation,calculated?.labour_pool?.allocation_status || calculated?.productive_labour_pool?.allocation_status || calculated?.labour_pool_status ||
hooks\cost-allocation\useCostAllocationAssignmentCards.js,useCostAllocationAssignmentCards.js,hooks,168,allocation_status,snake_case,object_key,status_field,cost-allocation,allocation_status: calculated?.labour_pool?.allocation_status ||
hooks\cost-allocation\useCostAllocationAssignmentCards.js,useCostAllocationAssignmentCards.js,hooks,169,allocation_status,snake_case,snake_case_reference,status_field,cost-allocation,allocation_status: calculated?.labour_pool?.allocation_status || calculated?.productive_labour_pool?.allocation_status ||
hooks\cost-allocation\useCostAllocationAssignmentCards.js,useCostAllocationAssignmentCards.js,hooks,170,allocation_status,snake_case,snake_case_reference,status_field,cost-allocation,calculated?.labour_pool?.allocation_status || calculated?.productive_labour_pool?.allocation_status || calculated?.labour_pool_status ||
hooks\cost-allocation\useCostAllocationAssignmentCards.js,useCostAllocationAssignmentCards.js,hooks,237,allocation_status,snake_case,object_key,status_field,cost-allocation,allocation_status: calculated?.productive_asset_pool?.allocation_status ||
hooks\cost-allocation\useCostAllocationAssignmentCards.js,useCostAllocationAssignmentCards.js,hooks,238,allocation_status,snake_case,snake_case_reference,status_field,cost-allocation,allocation_status: calculated?.productive_asset_pool?.allocation_status || calculated?.asset_pool_status ||
hooks\cost-allocation\useCostAllocationAssignmentCards.js,useCostAllocationAssignmentCards.js,hooks,280,allocation_status,snake_case,object_key,status_field,cost-allocation,allocation_status: calculated?.overhead_pool?.allocation_status ||
hooks\cost-allocation\useCostAllocationAssignmentCards.js,useCostAllocationAssignmentCards.js,hooks,281,allocation_status,snake_case,snake_case_reference,status_field,cost-allocation,allocation_status: calculated?.overhead_pool?.allocation_status || calculated?.overhead_pool_status ||
hooks\cost-allocation\useCostAllocationOutputContract.js,useCostAllocationOutputContract.js,hooks,7,allocation_status,snake_case,object_key,status_field,cost-allocation,"return { allocation_status: calculated.allocation_status, allocation_dependency_type: calculated.allocation_dependency_type,"
hooks\cost-allocation\useCostAllocationOutputContract.js,useCostAllocationOutputContract.js,hooks,72,allocation_status,snake_case,snake_case_reference,status_field,cost-allocation,"cost_allocation_ready: calculated.allocation_status === ""ready"" || calculated.allocation_status === ""ready_with_dependency"","
hooks\cost-allocation\useCostAllocationOutputContract.js,useCostAllocationOutputContract.js,hooks,73,allocation_status,snake_case,snake_case_reference,status_field,cost-allocation,"calculated.allocation_status === ""ready"" || calculated.allocation_status === ""ready_with_dependency"", cost_allocation_warnings: calculated.allocation_warnings,"
lib\calculations\cost-allocation\costAllocationDivisionBuilders.js,costAllocationDivisionBuilders.js,lib,127,allocation_status,snake_case,snake_case_reference,status_field,cost-allocation,"const valid_group_count = child_group_rows.filter((group) => { return group?.allocation_status === ""assigned""; }).length;"
lib\calculations\cost-allocation\costAllocationDivisionBuilders.js,costAllocationDivisionBuilders.js,lib,157,allocation_status,snake_case,object_key,status_field,cost-allocation,"is_valid, allocation_status: is_valid ? ""assigned"" : ""review_required"", };"
lib\calculations\cost-allocation\costAllocationPoolBuilders.js,costAllocationPoolBuilders.js,lib,167,allocation_status,snake_case,object_key,status_field,cost-allocation,"weighted_hourly_cost_rate, allocation_status: ""assigned"", };"
lib\calculations\cost-allocation\costAllocationPoolBuilders.js,costAllocationPoolBuilders.js,lib,238,allocation_status,snake_case,declaration,status_field,cost-allocation,"let allocation_status = ""balanced"";"
lib\calculations\cost-allocation\costAllocationPoolBuilders.js,costAllocationPoolBuilders.js,lib,241,allocation_status,snake_case,snake_case_reference,status_field,cost-allocation,"if (over_allocated_labour_hours > 0 || over_allocated_labour_cost > 0) { allocation_status = ""over_allocated""; } else if (remaining_labour_hours > 1 || remaining_labour_cost > 1) {"
lib\calculations\cost-allocation\costAllocationPoolBuilders.js,costAllocationPoolBuilders.js,lib,243,allocation_status,snake_case,snake_case_reference,status_field,cost-allocation,"} else if (remaining_labour_hours > 1 || remaining_labour_cost > 1) { allocation_status = ""under_allocated""; }"
lib\calculations\cost-allocation\costAllocationPoolBuilders.js,costAllocationPoolBuilders.js,lib,259,allocation_status,snake_case,snake_case_reference,status_field,cost-allocation,"max_labour_assignment_percent, allocation_status, },"
lib\calculations\cost-allocation\costAllocationPoolBuilders.js,costAllocationPoolBuilders.js,lib,272,allocation_status,snake_case,snake_case_reference,status_field,cost-allocation,"total_over_allocated_labour_hours: over_allocated_labour_hours, labour_pool_status: allocation_status, };"
lib\calculations\cost-allocation\costAllocationPoolBuilders.js,costAllocationPoolBuilders.js,lib,335,allocation_status,snake_case,object_key,status_field,cost-allocation,"assigned_asset_hours, allocation_status: ""assigned"", };"
lib\calculations\cost-allocation\costAllocationPoolBuilders.js,costAllocationPoolBuilders.js,lib,402,allocation_status,snake_case,declaration,status_field,cost-allocation,"let allocation_status = ""balanced"";"
lib\calculations\cost-allocation\costAllocationPoolBuilders.js,costAllocationPoolBuilders.js,lib,405,allocation_status,snake_case,snake_case_reference,status_field,cost-allocation,"if (over_allocated_asset_cost > 0 || over_allocated_asset_hours > 0) { allocation_status = ""over_allocated""; } else if (remaining_asset_cost > 1 || remaining_asset_hours > 1) {"
lib\calculations\cost-allocation\costAllocationPoolBuilders.js,costAllocationPoolBuilders.js,lib,407,allocation_status,snake_case,snake_case_reference,status_field,cost-allocation,"} else if (remaining_asset_cost > 1 || remaining_asset_hours > 1) { allocation_status = ""under_allocated""; }"
lib\calculations\cost-allocation\costAllocationPoolBuilders.js,costAllocationPoolBuilders.js,lib,423,allocation_status,snake_case,snake_case_reference,status_field,cost-allocation,"max_asset_assignment_percent, allocation_status, },"
lib\calculations\cost-allocation\costAllocationPoolBuilders.js,costAllocationPoolBuilders.js,lib,436,allocation_status,snake_case,snake_case_reference,status_field,cost-allocation,"total_over_allocated_asset_hours: over_allocated_asset_hours, asset_pool_status: allocation_status, };"
lib\calculations\cost-allocation\costAllocationPoolBuilders.js,costAllocationPoolBuilders.js,lib,575,allocation_status,snake_case,object_key,status_field,cost-allocation,"allocation_status: total_group_cost > 0 ? ""assigned"" : ""review_required"","
lib\calculations\cost-allocation\costAllocationPoolBuilders.js,costAllocationPoolBuilders.js,lib,649,allocation_status,snake_case,object_key,status_field,cost-allocation,"is_active: true, allocation_status: ""assigned"", is_automatic: true,"
lib\calculations\cost-allocation\costAllocationPoolBuilders.js,costAllocationPoolBuilders.js,lib,667,allocation_status,snake_case,declaration,status_field,cost-allocation,"let allocation_status = ""balanced"";"
lib\calculations\cost-allocation\costAllocationPoolBuilders.js,costAllocationPoolBuilders.js,lib,670,allocation_status,snake_case,snake_case_reference,status_field,cost-allocation,"if (active_group_count === 0 && available_overhead_cost > 0) { allocation_status = ""unassigned""; } else if (over_allocated_overhead_cost > 0) {"
lib\calculations\cost-allocation\costAllocationPoolBuilders.js,costAllocationPoolBuilders.js,lib,672,allocation_status,snake_case,snake_case_reference,status_field,cost-allocation,"} else if (over_allocated_overhead_cost > 0) { allocation_status = ""over_allocated""; } else if (remaining_overhead_cost > 1) {"
lib\calculations\cost-allocation\costAllocationPoolBuilders.js,costAllocationPoolBuilders.js,lib,674,allocation_status,snake_case,snake_case_reference,status_field,cost-allocation,"} else if (remaining_overhead_cost > 1) { allocation_status = ""under_allocated""; }"
lib\calculations\cost-allocation\costAllocationPoolBuilders.js,costAllocationPoolBuilders.js,lib,686,allocation_status,snake_case,snake_case_reference,status_field,cost-allocation,"allocation_method, allocation_status, is_automatic: true,"
lib\calculations\cost-allocation\costAllocationPoolBuilders.js,costAllocationPoolBuilders.js,lib,696,allocation_status,snake_case,snake_case_reference,status_field,cost-allocation,"total_over_allocated_overhead_cost: over_allocated_overhead_cost, overhead_pool_status: allocation_status, overhead_allocation_method: allocation_method,"
lib\calculations\costAllocationRules.js,costAllocationRules.js,lib,330,allocation_status,snake_case,declaration,status_field,cost-allocation,"const allocation_status = has_over_allocated_source_pool ? ""blocked"""
lib\calculations\costAllocationRules.js,costAllocationRules.js,lib,389,allocation_status,snake_case,snake_case_reference,status_field,cost-allocation,"active_recovery_model, allocation_status, allocation_dependency_type,"
lib\calculations\costAllocationRules.js,costAllocationRules.js,lib,511,allocation_status,snake_case,snake_case_reference,status_field,cost-allocation,"cost_allocation_ready: allocation_status === ""ready"" || allocation_status === ""ready_with_dependency"","
lib\calculations\costAllocationRules.js,costAllocationRules.js,lib,512,allocation_status,snake_case,snake_case_reference,status_field,cost-allocation,"allocation_status === ""ready"" || allocation_status === ""ready_with_dependency"", };"
lib\calculations\recoveryOutcomeCalculations.js,recoveryOutcomeCalculations.js,lib,134,allocation_status,snake_case,snake_case_reference,status_field,cost-allocation,"function is_ready_allocation(allocation_status) { return allocation_status === ""ready"";"
lib\calculations\recoveryOutcomeCalculations.js,recoveryOutcomeCalculations.js,lib,135,allocation_status,snake_case,snake_case_reference,status_field,cost-allocation,"function is_ready_allocation(allocation_status) { return allocation_status === ""ready""; }"
lib\calculations\recoveryOutcomeCalculations.js,recoveryOutcomeCalculations.js,lib,199,allocation_status,snake_case,declaration,status_field,cost-allocation,const activity_driver_value = to_number(recovery_summary.activity_driver_value); const allocation_status = cost_allocation.allocation_status;
lib\calculations\recoveryOutcomeCalculations.js,recoveryOutcomeCalculations.js,lib,266,allocation_status,snake_case,snake_case_reference,status_field,cost-allocation,if (!allocation_status) { return {
lib\calculations\recoveryOutcomeCalculations.js,recoveryOutcomeCalculations.js,lib,277,allocation_status,snake_case,snake_case_reference,status_field,cost-allocation,"if (allocation_status === ""not_supported"") { return {"
lib\calculations\recoveryOutcomeCalculations.js,recoveryOutcomeCalculations.js,lib,306,allocation_status,snake_case,snake_case_reference,status_field,cost-allocation,"if (allocation_status === ""ready_with_dependency"") { return {"
lib\calculations\recoveryOutcomeCalculations.js,recoveryOutcomeCalculations.js,lib,318,allocation_status,snake_case,snake_case_reference,status_field,cost-allocation,"if (allocation_status === ""strained"") { return {"
lib\calculations\recoveryOutcomeCalculations.js,recoveryOutcomeCalculations.js,lib,354,allocation_status,snake_case,snake_case_reference,status_field,cost-allocation,if (is_ready_allocation(allocation_status)) { return {
lib\calculations\recoveryOutcomeCalculations.js,recoveryOutcomeCalculations.js,lib,379,allocation_status,snake_case,snake_case_reference,status_field,cost-allocation,"if (status === ""not_viable"") return ""high""; if (cost_allocation.allocation_status === ""strained"") return ""high""; if (dependency_type === ""external_delivery"") return ""medium"";"
lib\calculations\recoveryOutcomeCalculations.js,recoveryOutcomeCalculations.js,lib,425,allocation_status,snake_case,snake_case_reference,status_field,cost-allocation,"if (!cost_allocation.allocation_status) { warnings.push(make_warning(""missing_allocation_status"", ""Business Outcome""));"
lib\calculations\recoveryOutcomeCalculations.js,recoveryOutcomeCalculations.js,lib,551,allocation_status,snake_case,object_key,status_field,cost-allocation,"allocation_status: cost_allocation.allocation_status, allocation_dependency_type:"
lib\selectors\cost-allocation\costAllocationCardSections.js,costAllocationCardSections.js,lib,12,allocation_status,snake_case,snake_case_reference,status_field,cost-allocation,"calculated, allocation_status, allocation_dependency_type,"
lib\selectors\cost-allocation\costAllocationCardSections.js,costAllocationCardSections.js,lib,163,allocation_status,snake_case,object_key,status_field,cost-allocation,"calculated?.total_over_allocated_labour_hours ?? 0, allocation_status: calculated?.labour_pool_status ??"
lib\selectors\cost-allocation\costAllocationCardSections.js,costAllocationCardSections.js,lib,165,allocation_status,snake_case,snake_case_reference,status_field,cost-allocation,"calculated?.labour_pool_status ?? calculated?.productive_labour_pool?.allocation_status ?? ""review_required"","
lib\selectors\cost-allocation\costAllocationCardSections.js,costAllocationCardSections.js,lib,173,allocation_status,snake_case,snake_case_reference,status_field,cost-allocation,"calculated, allocation_status, allocation_dependency_type,"
lib\selectors\cost-allocation\costAllocationCardSections.js,costAllocationCardSections.js,lib,185,allocation_status,snake_case,snake_case_reference,status_field,cost-allocation,"return { allocation_status, allocation_dependency_type,"
lib\selectors\cost-allocation\costAllocationCardSections.js,costAllocationCardSections.js,lib,264,allocation_status,snake_case,snake_case_reference,status_field,cost-allocation,"allocation_dependency_type, allocation_status, structure_valid,"
lib\selectors\cost-allocation\costAllocationCardSections.js,costAllocationCardSections.js,lib,279,allocation_status,snake_case,snake_case_reference,status_field,cost-allocation,"allocation_dependency_type, allocation_status, structure_valid,"
lib\selectors\cost-allocation\costAllocationCardSections.js,costAllocationCardSections.js,lib,30,allocation_status,snake_case,snake_case_reference,status_field,cost-allocation,"reason: get_reason({ allocation_status, allocation_dependency_type,"
lib\selectors\cost-allocation\costAllocationCardSections.js,costAllocationCardSections.js,lib,360,allocation_status,snake_case,object_key,status_field,cost-allocation,"), allocation_status: calculated?.allocation_status ?? ""not_supported"", allocation_dependency_type:"
lib\selectors\cost-allocation\costAllocationCardSections.js,costAllocationCardSections.js,lib,43,allocation_status,snake_case,snake_case_reference,status_field,cost-allocation,"}), allocation_status, allocation_dependency_type,"
lib\selectors\cost-allocation\costAllocationCardSelectors.js,costAllocationCardSelectors.js,lib,128,allocation_status,snake_case,snake_case_reference,status_field,cost-allocation,"allocation_status, allocation_dependency_type,"
lib\selectors\cost-allocation\costAllocationCardSelectors.js,costAllocationCardSelectors.js,lib,81,allocation_status,snake_case,declaration,status_field,cost-allocation,"const allocation_status = calculated?.allocation_status ?? ""not_supported""; const allocation_dependency_type ="
lib\selectors\cost-allocation\costAllocationCardSelectors.js,costAllocationCardSelectors.js,lib,97,allocation_status,snake_case,snake_case_reference,status_field,cost-allocation,"const status_copy = get_status_copy( allocation_status, setup_warnings_count,"
lib\selectors\cost-allocation\costAllocationDisplayHelpers.js,costAllocationDisplayHelpers.js,lib,101,allocation_status,snake_case,snake_case_reference,status_field,cost-allocation,"export function get_reason({ allocation_status, allocation_dependency_type,"
lib\selectors\cost-allocation\costAllocationDisplayHelpers.js,costAllocationDisplayHelpers.js,lib,108,allocation_status,snake_case,snake_case_reference,status_field,cost-allocation,"const status_copy = get_status_copy( allocation_status, setup_warnings_count,"
lib\selectors\cost-allocation\costAllocationDisplayHelpers.js,costAllocationDisplayHelpers.js,lib,198,allocation_status,snake_case,snake_case_reference,status_field,cost-allocation,"allocation_dependency_type, allocation_status, structure_valid,"
lib\selectors\cost-allocation\costAllocationDisplayHelpers.js,costAllocationDisplayHelpers.js,lib,252,allocation_status,snake_case,snake_case_reference,status_field,cost-allocation,"if (allocation_status === ""not_supported"") { return {"
lib\selectors\cost-allocation\costAllocationDisplayHelpers.js,costAllocationDisplayHelpers.js,lib,28,allocation_status,snake_case,snake_case_reference,status_field,cost-allocation,"switch (allocation_status) { case ""ready"":"
lib\selectors\cost-allocation\costAllocationDisplayHelpers.js,costAllocationDisplayHelpers.js,lib,6,allocation_status,snake_case,snake_case_reference,status_field,cost-allocation,"export function get_status_copy( allocation_status, setup_warnings_count = 0,"
lib\selectors\cost-allocation\costAllocationStatusSelectors.js,costAllocationStatusSelectors.js,lib,21,allocation_status,snake_case,snake_case_reference,status_field,cost-allocation,"const status_copy = get_status_copy( calculated?.allocation_status ?? ""not_supported"", setup_warnings.length,"
lib\selectors\cost-allocation\costAllocationStatusSelectors.js,costAllocationStatusSelectors.js,lib,27,allocation_status,snake_case,object_key,status_field,cost-allocation,"return { allocation_status: calculated?.allocation_status ?? ""not_supported"", allocation_dependency_type:"
lib\selectors\recoveryOutcomeSelectors.js,recoveryOutcomeSelectors.js,lib,19,allocation_status,snake_case,object_key,status_field,cost-allocation,"outputs.primary_constraint_title ?? ""No constraint identified"", allocation_status: outputs.allocation_status ?? ""unknown"", allocation_dependency_type: outputs.allocation_dependency_type ?? ""unknown"","
lib\selectors\recoveryOutcomeSelectors.js,recoveryOutcomeSelectors.js,lib,78,allocation_status,snake_case,object_key,status_field,cost-allocation,"allocation_context: { allocation_status: outputs.allocation_status, allocation_dependency_type: outputs.allocation_dependency_type,"
hooks\cost-allocation\useCostAllocationOutputContract.js,useCostAllocationOutputContract.js,hooks,11,allocation_warnings,snake_case,object_key,warnings_field,cost-allocation,"structural_warnings: calculated.structural_warnings, allocation_warnings: calculated.allocation_warnings,"
hooks\cost-allocation\useCostAllocationOutputContract.js,useCostAllocationOutputContract.js,hooks,74,allocation_warnings,snake_case,warning_id,warnings_field,cost-allocation,"calculated.allocation_status === ""ready_with_dependency"", cost_allocation_warnings: calculated.allocation_warnings,"
lib\calculations\cost-allocation\costAllocationWarnings.js,costAllocationWarnings.js,lib,216,allocation_warnings,snake_case,object_key,warnings_field,cost-allocation,"structural_warnings, allocation_warnings: [...setup_warnings, ...structural_warnings], };"
lib\calculations\costAllocationRules.js,costAllocationRules.js,lib,316,allocation_warnings,snake_case,declaration,warnings_field,cost-allocation,"const allocation_warnings = [...setup_warnings, ...structural_warnings];"
lib\calculations\costAllocationRules.js,costAllocationRules.js,lib,394,allocation_warnings,snake_case,warning_id,warnings_field,cost-allocation,"structural_warnings, allocation_warnings,"
lib\selectors\cost-allocation\costAllocationCardSections.js,costAllocationCardSections.js,lib,266,allocation_warnings,snake_case,warning_id,warnings_field,cost-allocation,"structure_valid, allocation_warnings, setup_warnings_count,"
lib\selectors\cost-allocation\costAllocationCardSections.js,costAllocationCardSections.js,lib,281,allocation_warnings,snake_case,warning_id,warnings_field,cost-allocation,"structure_valid, allocation_warnings, setup_warnings_count,"
lib\selectors\cost-allocation\costAllocationCardSections.js,costAllocationCardSections.js,lib,297,allocation_warnings,snake_case,warning_id,warnings_field,cost-allocation,"group_validation_warnings: calculated?.group_validation_warnings ?? [], allocation_warnings, };"
lib\selectors\cost-allocation\costAllocationCardSections.js,costAllocationCardSections.js,lib,429,allocation_warnings,snake_case,warning_id,warnings_field,cost-allocation,"structural_warnings, allocation_warnings, group_first_counts,"
lib\selectors\cost-allocation\costAllocationCardSections.js,costAllocationCardSections.js,lib,437,allocation_warnings,snake_case,warning_id,warnings_field,cost-allocation,"structural_warnings, allocation_warnings, duplicate_link_warnings: calculated?.duplicate_link_warnings ?? [],"
lib\selectors\cost-allocation\costAllocationCardSelectors.js,costAllocationCardSelectors.js,lib,104,allocation_warnings,snake_case,warning_id,warnings_field,cost-allocation,const unique_structural_warnings = get_unique_warnings([structural_warnings]); const unique_warnings = get_unique_warnings([allocation_warnings]);
lib\selectors\cost-allocation\costAllocationCardSelectors.js,costAllocationCardSelectors.js,lib,118,allocation_warnings,snake_case,warning_id,warnings_field,cost-allocation,"structural_warnings, allocation_warnings, all_warnings,"
lib\selectors\cost-allocation\costAllocationCardSelectors.js,costAllocationCardSelectors.js,lib,64,allocation_warnings,snake_case,declaration,warnings_field,cost-allocation,"const structural_warnings = calculated?.structural_warnings ?? []; const allocation_warnings = calculated?.allocation_warnings ?? [ ...setup_warnings,"
lib\selectors\cost-allocation\costAllocationCardSelectors.js,costAllocationCardSelectors.js,lib,72,allocation_warnings,snake_case,warning_id,warnings_field,cost-allocation,const all_warnings = allocation_warnings; const active_operational_groups =
lib\selectors\cost-allocation\costAllocationCardSelectors.js,costAllocationCardSelectors.js,lib,92,allocation_warnings,snake_case,warning_id,warnings_field,cost-allocation,const warning_count = allocation_warnings.length; const setup_warnings_count = setup_warnings.length;
lib\selectors\cost-allocation\costAllocationDisplayHelpers.js,costAllocationDisplayHelpers.js,lib,200,allocation_warnings,snake_case,warning_id,warnings_field,cost-allocation,"structure_valid, allocation_warnings, setup_warnings_count = 0,"
lib\selectors\cost-allocation\costAllocationDisplayHelpers.js,costAllocationDisplayHelpers.js,lib,256,allocation_warnings,snake_case,warning_id,warnings_field,cost-allocation,"message: get_warning_message(allocation_warnings?.[0]) || ""The visible operating structure does not currently support downstream use."","
lib\selectors\cost-allocation\costAllocationStatusSelectors.js,costAllocationStatusSelectors.js,lib,12,allocation_warnings,snake_case,declaration,warnings_field,cost-allocation,"const structural_warnings = calculated?.structural_warnings ?? []; const allocation_warnings = calculated?.allocation_warnings ?? [ ...setup_warnings,"
lib\selectors\cost-allocation\costAllocationStatusSelectors.js,costAllocationStatusSelectors.js,lib,37,allocation_warnings,snake_case,warning_id,warnings_field,cost-allocation,"structural_warnings, allocation_warnings,"
lib\selectors\cost-allocation\costAllocationStatusSelectors.js,costAllocationStatusSelectors.js,lib,87,allocation_warnings,snake_case,warning_id,warnings_field,cost-allocation,"structural_warnings_count: structural_warnings.length, warnings_count: allocation_warnings.length, warnings: allocation_warnings,"
lib\selectors\cost-allocation\costAllocationStatusSelectors.js,costAllocationStatusSelectors.js,lib,88,allocation_warnings,snake_case,warning_id,warnings_field,cost-allocation,"warnings_count: allocation_warnings.length, warnings: allocation_warnings, };"
lib\calculations\costAllocationRules.js,costAllocationRules.js,lib,318,base_allocation_status,snake_case,declaration,status_field,cost-allocation,"const base_allocation_status = get_allocation_status({ recovery_summary_ready: inputs.recovery_summary_ready,"
lib\calculations\costAllocationRules.js,costAllocationRules.js,lib,332,base_allocation_status,snake_case,snake_case_reference,status_field,cost-allocation,"? ""blocked"" : base_allocation_status;"
hooks\useCostAllocation.js,useCostAllocation.js,hooks,161,build_cost_allocation_status,snake_case,snake_case_reference,status_field,cost-allocation,"const status = useMemo(() => { return build_cost_allocation_status(calculated); }, [calculated]);"
hooks\useCostAllocation.js,useCostAllocation.js,hooks,30,build_cost_allocation_status,snake_case,snake_case_reference,status_field,cost-allocation,"build_cost_allocation_card, build_cost_allocation_status, } from ""@/lib/selectors/costAllocationSelectors"";"
lib\selectors\cost-allocation\costAllocationStatusSelectors.js,costAllocationStatusSelectors.js,lib,9,build_cost_allocation_status,snake_case,snake_case_reference,status_field,cost-allocation,export function build_cost_allocation_status(calculated = {}) { const setup_warnings = calculated?.setup_warnings ?? [];
lib\selectors\costAllocationSelectors.js,costAllocationSelectors.js,lib,1,build_cost_allocation_status,snake_case,snake_case_reference,status_field,cost-allocation,"export { build_cost_allocation_status } from ""@/lib/selectors/cost-allocation/costAllocationStatusSelectors"";"
lib\calculations\cost-allocation\costAllocationWarnings.js,costAllocationWarnings.js,lib,8,build_cost_allocation_warnings,snake_case,warning_id,warnings_field,cost-allocation,"export function build_cost_allocation_warnings({ recovery_summary_ready,"
lib\calculations\costAllocationRules.js,costAllocationRules.js,lib,284,build_cost_allocation_warnings,snake_case,warning_id,warnings_field,cost-allocation,"const built_warnings = build_cost_allocation_warnings({ recovery_summary_ready: inputs.recovery_summary_ready,"
lib\calculations\costAllocationRules.js,costAllocationRules.js,lib,43,build_cost_allocation_warnings,snake_case,warning_id,warnings_field,cost-allocation,"import { build_cost_allocation_warnings } from ""@/lib/calculations/cost-allocation/costAllocationWarnings"";"
lib\calculations\costAllocationRules.js,costAllocationRules.js,lib,284,built_warnings,snake_case,declaration,warnings_field,cost-allocation,"const built_warnings = build_cost_allocation_warnings({ recovery_summary_ready: inputs.recovery_summary_ready,"
lib\calculations\costAllocationRules.js,costAllocationRules.js,lib,310,built_warnings,snake_case,warning_id,warnings_field,cost-allocation,"const setup_warnings = [ ...safe_array(built_warnings.setup_warnings), ...source_pool_warnings,"
lib\calculations\costAllocationRules.js,costAllocationRules.js,lib,314,built_warnings,snake_case,warning_id,warnings_field,cost-allocation,const structural_warnings = safe_array(built_warnings.structural_warnings);
hooks\cost-allocation\useCostAllocationOutputContract.js,useCostAllocationOutputContract.js,hooks,71,cost_allocation_ready,snake_case,object_key,readiness_field,cost-allocation,"cost_allocation_ready: calculated.allocation_status === ""ready"" ||"
lib\calculations\costAllocationRules.js,costAllocationRules.js,lib,510,cost_allocation_ready,snake_case,object_key,readiness_field,cost-allocation,"cost_allocation_ready: allocation_status === ""ready"" ||"
hooks\cost-allocation\useCostAllocationOutputContract.js,useCostAllocationOutputContract.js,hooks,74,cost_allocation_warnings,snake_case,object_key,warnings_field,cost-allocation,"calculated.allocation_status === ""ready_with_dependency"", cost_allocation_warnings: calculated.allocation_warnings,"
hooks\cost-allocation\useCostAllocationOutputContract.js,useCostAllocationOutputContract.js,hooks,117,duplicate_link_warnings,snake_case,object_key,warnings_field,cost-allocation,"duplicate_link_warnings: calculated.duplicate_link_warnings, orphan_warnings: calculated.orphan_warnings,"
lib\calculations\cost-allocation\costAllocationValidation.js,costAllocationValidation.js,lib,174,duplicate_link_warnings,snake_case,warning_id,warnings_field,cost-allocation,"asset_recovery_selected, duplicate_link_warnings, total_operational_groups,"
lib\calculations\cost-allocation\costAllocationValidation.js,costAllocationValidation.js,lib,182,duplicate_link_warnings,snake_case,warning_id,warnings_field,cost-allocation,}) { if (safe_array(duplicate_link_warnings).length > 0) { return false;
lib\calculations\cost-allocation\costAllocationValidation.js,costAllocationValidation.js,lib,25,duplicate_link_warnings,snake_case,declaration,warnings_field,cost-allocation,const seen_pairs = new Set(); const duplicate_link_warnings = [];
lib\calculations\cost-allocation\costAllocationValidation.js,costAllocationValidation.js,lib,31,duplicate_link_warnings,snake_case,warning_id,warnings_field,cost-allocation,if (seen_pairs.has(pair_key)) { duplicate_link_warnings.push( make_warning(
lib\calculations\cost-allocation\costAllocationValidation.js,costAllocationValidation.js,lib,42,duplicate_link_warnings,snake_case,warning_id,warnings_field,cost-allocation,return duplicate_link_warnings; }
lib\calculations\cost-allocation\costAllocationWarnings.js,costAllocationWarnings.js,lib,195,duplicate_link_warnings,snake_case,warning_id,warnings_field,cost-allocation,if (duplicate_link_warnings.length > 0) { structural_warnings.push(
lib\calculations\cost-allocation\costAllocationWarnings.js,costAllocationWarnings.js,lib,27,duplicate_link_warnings,snake_case,warning_id,warnings_field,cost-allocation,"has_no_operational_groups, duplicate_link_warnings = [], invalid_operational_groups,"
lib\calculations\costAllocationRules.js,costAllocationRules.js,lib,188,duplicate_link_warnings,snake_case,warning_id,warnings_field,cost-allocation,"asset_recovery_selected, duplicate_link_warnings, total_operational_groups,"
lib\calculations\costAllocationRules.js,costAllocationRules.js,lib,305,duplicate_link_warnings,snake_case,warning_id,warnings_field,cost-allocation,"has_no_operational_groups, duplicate_link_warnings, invalid_operational_groups,"
lib\calculations\costAllocationRules.js,costAllocationRules.js,lib,420,duplicate_link_warnings,snake_case,warning_id,warnings_field,cost-allocation,"duplicate_link_warnings, orphan_warnings,"
lib\calculations\costAllocationRules.js,costAllocationRules.js,lib,94,duplicate_link_warnings,snake_case,declaration,warnings_field,cost-allocation,const duplicate_link_warnings = get_duplicate_link_warnings( active_asset_labour_links
lib\selectors\cost-allocation\costAllocationCardSections.js,costAllocationCardSections.js,lib,294,duplicate_link_warnings,snake_case,object_key,warnings_field,cost-allocation,"division_cost_rows: division_counts.division_cost_rows, duplicate_link_warnings: calculated?.duplicate_link_warnings ?? [], orphan_warnings: calculated?.orphan_warnings ?? [],"
lib\selectors\cost-allocation\costAllocationCardSections.js,costAllocationCardSections.js,lib,438,duplicate_link_warnings,snake_case,object_key,warnings_field,cost-allocation,"allocation_warnings, duplicate_link_warnings: calculated?.duplicate_link_warnings ?? [], orphan_warnings: calculated?.orphan_warnings ?? [],"
components\cost-allocation\CostAllocationStatusStrip.jsx,CostAllocationStatusStrip.jsx,components,61,flat_allocation_status,snake_case,snake_case_reference,status_field,cost-allocation,"export default function CostAllocationStatusStrip({ allocation_status: flat_allocation_status, allocation_dependency_type: flat_allocation_dependency_type,"
components\cost-allocation\CostAllocationStatusStrip.jsx,CostAllocationStatusStrip.jsx,components,77,flat_allocation_status,snake_case,snake_case_reference,status_field,cost-allocation,const allocation_status = flat_allocation_status || status?.allocation_status ||
lib\calculations\cost-allocation\costAllocationStatus.js,costAllocationStatus.js,lib,31,get_allocation_status,snake_case,snake_case_reference,status_field,cost-allocation,"export function get_allocation_status({ recovery_summary_ready,"
lib\calculations\costAllocationRules.js,costAllocationRules.js,lib,318,get_allocation_status,snake_case,snake_case_reference,status_field,cost-allocation,"const base_allocation_status = get_allocation_status({ recovery_summary_ready: inputs.recovery_summary_ready,"
lib\calculations\costAllocationRules.js,costAllocationRules.js,lib,32,get_allocation_status,snake_case,snake_case_reference,status_field,cost-allocation,"get_allocation_dependency_type, get_allocation_status, } from ""@/lib/calculations/cost-allocation/costAllocationStatus"";"
lib\calculations\cost-allocation\costAllocationValidation.js,costAllocationValidation.js,lib,23,get_duplicate_link_warnings,snake_case,warning_id,warnings_field,cost-allocation,export function get_duplicate_link_warnings(active_links) { const seen_pairs = new Set();
lib\calculations\costAllocationRules.js,costAllocationRules.js,lib,36,get_duplicate_link_warnings,snake_case,warning_id,warnings_field,cost-allocation,"import { get_duplicate_link_warnings, get_orphan_warnings,"
lib\calculations\costAllocationRules.js,costAllocationRules.js,lib,94,get_duplicate_link_warnings,snake_case,warning_id,warnings_field,cost-allocation,const duplicate_link_warnings = get_duplicate_link_warnings( active_asset_labour_links
lib\calculations\cost-allocation\costAllocationValidation.js,costAllocationValidation.js,lib,45,get_orphan_warnings,snake_case,warning_id,warnings_field,cost-allocation,"export function get_orphan_warnings({ active_staff,"
lib\calculations\costAllocationRules.js,costAllocationRules.js,lib,200,get_orphan_warnings,snake_case,warning_id,warnings_field,cost-allocation,"const orphan_warnings = get_orphan_warnings({ active_staff,"
lib\calculations\costAllocationRules.js,costAllocationRules.js,lib,37,get_orphan_warnings,snake_case,warning_id,warnings_field,cost-allocation,"get_duplicate_link_warnings, get_orphan_warnings, get_structure_valid,"
lib\selectors\cost-allocation\costAllocationCardSelectors.js,costAllocationCardSelectors.js,lib,102,get_unique_warnings,snake_case,warning_id,warnings_field,cost-allocation,const unique_setup_warnings = get_unique_warnings([setup_warnings]); const unique_structural_warnings = get_unique_warnings([structural_warnings]);
lib\selectors\cost-allocation\costAllocationCardSelectors.js,costAllocationCardSelectors.js,lib,103,get_unique_warnings,snake_case,warning_id,warnings_field,cost-allocation,const unique_setup_warnings = get_unique_warnings([setup_warnings]); const unique_structural_warnings = get_unique_warnings([structural_warnings]); const unique_warnings = get_unique_warnings([allocation_warnings]);
lib\selectors\cost-allocation\costAllocationCardSelectors.js,costAllocationCardSelectors.js,lib,104,get_unique_warnings,snake_case,warning_id,warnings_field,cost-allocation,const unique_structural_warnings = get_unique_warnings([structural_warnings]); const unique_warnings = get_unique_warnings([allocation_warnings]);
lib\selectors\cost-allocation\costAllocationCardSelectors.js,costAllocationCardSelectors.js,lib,7,get_unique_warnings,snake_case,warning_id,warnings_field,cost-allocation,"get_status_copy, get_unique_warnings, } from ""@/lib/selectors/cost-allocation/costAllocationDisplayHelpers"";"
lib\selectors\cost-allocation\costAllocationDisplayHelpers.js,costAllocationDisplayHelpers.js,lib,174,get_unique_warnings,snake_case,warning_id,warnings_field,cost-allocation,export function get_unique_warnings(warning_groups = []) { const seen = new Set();
hooks\cost-allocation\useCostAllocationOutputContract.js,useCostAllocationOutputContract.js,hooks,119,group_validation_warnings,snake_case,object_key,warnings_field,cost-allocation,"orphan_warnings: calculated.orphan_warnings, group_validation_warnings: calculated.group_validation_warnings,"
lib\calculations\cost-allocation\costAllocationValidation.js,costAllocationValidation.js,lib,115,group_validation_warnings,snake_case,declaration,warnings_field,cost-allocation,}) { const group_validation_warnings = []; const validated_groups = [];
lib\calculations\cost-allocation\costAllocationValidation.js,costAllocationValidation.js,lib,140,group_validation_warnings,snake_case,warning_id,warnings_field,cost-allocation,if (!asset_requirement_met) { group_validation_warnings.push( make_warning(
lib\calculations\cost-allocation\costAllocationValidation.js,costAllocationValidation.js,lib,148,group_validation_warnings,snake_case,warning_id,warnings_field,cost-allocation,if (!staff_requirement_met) { group_validation_warnings.push( make_warning(
lib\calculations\cost-allocation\costAllocationValidation.js,costAllocationValidation.js,lib,167,group_validation_warnings,snake_case,warning_id,warnings_field,cost-allocation,"validated_groups, group_validation_warnings, };"
lib\calculations\costAllocationRules.js,costAllocationRules.js,lib,422,group_validation_warnings,snake_case,warning_id,warnings_field,cost-allocation,"orphan_warnings, group_validation_warnings,"
lib\calculations\costAllocationRules.js,costAllocationRules.js,lib,98,group_validation_warnings,snake_case,destructured_name,warnings_field,cost-allocation,"const { validated_groups, group_validation_warnings } = validate_groups({ active_groups: active_operational_groups,"
lib\selectors\cost-allocation\costAllocationCardSections.js,costAllocationCardSections.js,lib,296,group_validation_warnings,snake_case,object_key,warnings_field,cost-allocation,"orphan_warnings: calculated?.orphan_warnings ?? [], group_validation_warnings: calculated?.group_validation_warnings ?? [], allocation_warnings,"
lib\selectors\cost-allocation\costAllocationCardSections.js,costAllocationCardSections.js,lib,440,group_validation_warnings,snake_case,object_key,warnings_field,cost-allocation,"orphan_warnings: calculated?.orphan_warnings ?? [], group_validation_warnings: calculated?.group_validation_warnings ?? [],"
lib\calculations\cost-allocation\costAllocationValidation.js,costAllocationValidation.js,lib,221,has_component_required_recovery,snake_case,warning_id,readiness_field,cost-allocation,export function has_component_required_recovery(component_required_recovery) { return (
lib\calculations\costAllocationRules.js,costAllocationRules.js,lib,213,has_component_required_recovery,snake_case,warning_id,readiness_field,cost-allocation,const missing_component_required_recovery = !has_component_required_recovery(inputs.component_required_recovery);
lib\calculations\costAllocationRules.js,costAllocationRules.js,lib,39,has_component_required_recovery,snake_case,warning_id,readiness_field,cost-allocation,"get_structure_valid, has_component_required_recovery, validate_groups,"
lib\calculations\cost-allocation\costAllocationDivisionBuilders.js,costAllocationDivisionBuilders.js,lib,31,has_default_division,snake_case,declaration,readiness_field,cost-allocation,const has_default_division = rows.some( (division) => get_division_id(division) === DEFAULT_DIVISION_ID
lib\calculations\cost-allocation\costAllocationDivisionBuilders.js,costAllocationDivisionBuilders.js,lib,35,has_default_division,snake_case,snake_case_reference,readiness_field,cost-allocation,const active_divisions = has_default_division ? rows
lib\storage\costAllocationProfileStorage.js,costAllocationProfileStorage.js,lib,36,has_default_division,snake_case,declaration,readiness_field,cost-allocation,const rows = Array.isArray(divisions) ? divisions : []; const has_default_division = rows.some( (division) => division?.division_id === DEFAULT_DIVISION_ID
lib\storage\costAllocationProfileStorage.js,costAllocationProfileStorage.js,lib,40,has_default_division,snake_case,snake_case_reference,readiness_field,cost-allocation,if (has_default_division) { return rows;
lib\storage\costAllocationStorage.js,costAllocationStorage.js,lib,63,has_default_division,snake_case,declaration,readiness_field,cost-allocation,const has_default_division = rows.some( (division) => division?.division_id === DEFAULT_DIVISION_ID
lib\storage\costAllocationStorage.js,costAllocationStorage.js,lib,67,has_default_division,snake_case,snake_case_reference,readiness_field,cost-allocation,if (has_default_division) { return rows;
components\cost-allocation\divisions\CostAllocationDivisionCard.jsx,CostAllocationDivisionCard.jsx,components,13,has_groups,snake_case,snake_case_reference,readiness_field,cost-allocation,function DivisionNextStep({ has_groups }) { if (has_groups) {
components\cost-allocation\divisions\CostAllocationDivisionCard.jsx,CostAllocationDivisionCard.jsx,components,131,has_groups,snake_case,snake_case_reference,readiness_field,cost-allocation,<DivisionNextStep has_groups={division_groups.length > 0} />
components\cost-allocation\divisions\CostAllocationDivisionCard.jsx,CostAllocationDivisionCard.jsx,components,14,has_groups,snake_case,snake_case_reference,readiness_field,cost-allocation,function DivisionNextStep({ has_groups }) { if (has_groups) { return (
lib\calculations\cost-allocation\costAllocationStatus.js,costAllocationStatus.js,lib,2,has_internal_capacity_shortfall,snake_case,warning_id,readiness_field,cost-allocation,"export function get_allocation_dependency_type({ has_internal_capacity_shortfall, external_delivery_required,"
lib\calculations\cost-allocation\costAllocationStatus.js,costAllocationStatus.js,lib,37,has_internal_capacity_shortfall,snake_case,warning_id,readiness_field,cost-allocation,"has_asset_structure_issue, has_internal_capacity_shortfall, external_delivery_enabled,"
lib\calculations\cost-allocation\costAllocationStatus.js,costAllocationStatus.js,lib,51,has_internal_capacity_shortfall,snake_case,warning_id,readiness_field,cost-allocation,"if (has_internal_capacity_shortfall && external_delivery_enabled) { return ""ready_with_dependency"";"
lib\calculations\cost-allocation\costAllocationStatus.js,costAllocationStatus.js,lib,55,has_internal_capacity_shortfall,snake_case,warning_id,readiness_field,cost-allocation,"if (has_internal_capacity_shortfall || has_low_coverage) { return ""strained"";"
lib\calculations\cost-allocation\costAllocationStatus.js,costAllocationStatus.js,lib,8,has_internal_capacity_shortfall,snake_case,warning_id,readiness_field,cost-allocation,"if (has_internal_capacity_shortfall) { dependency_types.push(""internal_capacity"");"
lib\calculations\cost-allocation\costAllocationWarnings.js,costAllocationWarnings.js,lib,123,has_internal_capacity_shortfall,snake_case,warning_id,readiness_field,cost-allocation,if (has_internal_capacity_shortfall) { structural_warnings.push(
lib\calculations\cost-allocation\costAllocationWarnings.js,costAllocationWarnings.js,lib,16,has_internal_capacity_shortfall,snake_case,warning_id,readiness_field,cost-allocation,"has_low_group_coverage, has_internal_capacity_shortfall, external_delivery_required,"
lib\calculations\costAllocationRules.js,costAllocationRules.js,lib,240,has_internal_capacity_shortfall,snake_case,declaration,readiness_field,cost-allocation,const has_internal_capacity_shortfall = false; const external_delivery_required = false;
lib\calculations\costAllocationRules.js,costAllocationRules.js,lib,253,has_internal_capacity_shortfall,snake_case,warning_id,readiness_field,cost-allocation,"const allocation_dependency_type = get_allocation_dependency_type({ has_internal_capacity_shortfall, external_delivery_required,"
lib\calculations\costAllocationRules.js,costAllocationRules.js,lib,294,has_internal_capacity_shortfall,snake_case,warning_id,readiness_field,cost-allocation,"has_low_group_coverage, has_internal_capacity_shortfall, external_delivery_required,"
lib\calculations\costAllocationRules.js,costAllocationRules.js,lib,324,has_internal_capacity_shortfall,snake_case,warning_id,readiness_field,cost-allocation,"has_asset_structure_issue, has_internal_capacity_shortfall, external_delivery_enabled: inputs.external_delivery_enabled === true,"
lib\calculations\costAllocationRules.js,costAllocationRules.js,lib,431,has_internal_capacity_shortfall,snake_case,warning_id,readiness_field,cost-allocation,"external_delivery_required, internal_capacity_shortfall: has_internal_capacity_shortfall,"
lib\calculations\cost-allocation\costAllocationStatus.js,costAllocationStatus.js,lib,39,has_low_coverage,snake_case,snake_case_reference,readiness_field,cost-allocation,"external_delivery_enabled, has_low_coverage, }) {"
lib\calculations\cost-allocation\costAllocationStatus.js,costAllocationStatus.js,lib,55,has_low_coverage,snake_case,snake_case_reference,readiness_field,cost-allocation,"if (has_internal_capacity_shortfall || has_low_coverage) { return ""strained"";"
lib\calculations\costAllocationRules.js,costAllocationRules.js,lib,326,has_low_coverage,snake_case,object_key,readiness_field,cost-allocation,"external_delivery_enabled: inputs.external_delivery_enabled === true, has_low_coverage: has_low_staff_coverage || has_low_asset_coverage || has_low_group_coverage,"
lib\calculations\cost-allocation\costAllocationWarnings.js,costAllocationWarnings.js,lib,114,has_low_group_coverage,snake_case,snake_case_reference,readiness_field,cost-allocation,if (has_low_group_coverage) { structural_warnings.push(
lib\calculations\cost-allocation\costAllocationWarnings.js,costAllocationWarnings.js,lib,15,has_low_group_coverage,snake_case,snake_case_reference,readiness_field,cost-allocation,"has_low_asset_coverage, has_low_group_coverage, has_internal_capacity_shortfall,"
lib\calculations\costAllocationRules.js,costAllocationRules.js,lib,223,has_low_group_coverage,snake_case,declaration,readiness_field,cost-allocation,const has_low_group_coverage = total_operational_groups > 0 && group_coverage_percent < 70;
lib\calculations\costAllocationRules.js,costAllocationRules.js,lib,293,has_low_group_coverage,snake_case,snake_case_reference,readiness_field,cost-allocation,"has_low_asset_coverage, has_low_group_coverage, has_internal_capacity_shortfall,"
lib\calculations\costAllocationRules.js,costAllocationRules.js,lib,327,has_low_group_coverage,snake_case,snake_case_reference,readiness_field,cost-allocation,"has_low_coverage: has_low_staff_coverage || has_low_asset_coverage || has_low_group_coverage, });"
lib\calculations\cost-allocation\costAllocationWarnings.js,costAllocationWarnings.js,lib,26,has_no_operational_groups,snake_case,snake_case_reference,readiness_field,cost-allocation,"has_unassigned_cost, has_no_operational_groups, duplicate_link_warnings = [],"
lib\calculations\cost-allocation\costAllocationWarnings.js,costAllocationWarnings.js,lib,87,has_no_operational_groups,snake_case,snake_case_reference,readiness_field,cost-allocation,if (has_no_operational_groups) { setup_warnings.push(
lib\calculations\costAllocationRules.js,costAllocationRules.js,lib,226,has_no_operational_groups,snake_case,declaration,readiness_field,cost-allocation,const has_no_operational_groups = total_operational_groups === 0;
lib\calculations\costAllocationRules.js,costAllocationRules.js,lib,304,has_no_operational_groups,snake_case,snake_case_reference,readiness_field,cost-allocation,"has_unassigned_cost, has_no_operational_groups, duplicate_link_warnings,"
lib\calculations\costAllocationRules.js,costAllocationRules.js,lib,173,has_over_allocated_source_pool,snake_case,declaration,readiness_field,cost-allocation,const has_over_allocated_source_pool = labour_pool_over_allocated ||
lib\calculations\costAllocationRules.js,costAllocationRules.js,lib,198,has_over_allocated_source_pool,snake_case,snake_case_reference,readiness_field,cost-allocation,const structure_valid = base_structure_valid && !has_over_allocated_source_pool;
lib\calculations\costAllocationRules.js,costAllocationRules.js,lib,330,has_over_allocated_source_pool,snake_case,snake_case_reference,readiness_field,cost-allocation,"const allocation_status = has_over_allocated_source_pool ? ""blocked"""
lib\calculations\costAllocationRules.js,costAllocationRules.js,lib,495,has_over_allocated_source_pool,snake_case,snake_case_reference,readiness_field,cost-allocation,"overhead_pool_over_allocated, has_over_allocated_source_pool,"
components\cost-allocation\CostAllocationStatusStrip.jsx,CostAllocationStatusStrip.jsx,components,153,has_remaining_source_pool,snake_case,declaration,readiness_field,cost-allocation,const has_remaining_source_pool = Number(remaining_source_pool || 0) > 1; const has_warnings = Number(warning_count || 0) > 0;
components\cost-allocation\CostAllocationStatusStrip.jsx,CostAllocationStatusStrip.jsx,components,210,has_remaining_source_pool,snake_case,snake_case_reference,readiness_field,cost-allocation,"help={ has_remaining_source_pool ? ""Still outside groups."""
hooks\cost-allocation\useCostAllocationGroupRecoveryRows.js,useCostAllocationGroupRecoveryRows.js,hooks,238,has_running_cost,snake_case,object_key,readiness_field,cost-allocation,"has_asset_rate: asset_recovery_rate_per_hour > 0, has_running_cost: running_cost_rate_per_hour > 0, has_overhead_burden: overhead_burden_rate_per_hour > 0,"
lib\calculations\cost-allocation\costAllocationWarnings.js,costAllocationWarnings.js,lib,186,has_unassigned_cost,snake_case,snake_case_reference,readiness_field,cost-allocation,if (has_unassigned_cost) { structural_warnings.push(
lib\calculations\cost-allocation\costAllocationWarnings.js,costAllocationWarnings.js,lib,25,has_unassigned_cost,snake_case,snake_case_reference,readiness_field,cost-allocation,"has_labour_without_productive_capacity_group, has_unassigned_cost, has_no_operational_groups,"
lib\calculations\costAllocationRules.js,costAllocationRules.js,lib,243,has_unassigned_cost,snake_case,declaration,readiness_field,cost-allocation,const has_unassigned_cost = labour_assignment_result.total_remaining_labour_cost > 1 ||
lib\calculations\costAllocationRules.js,costAllocationRules.js,lib,303,has_unassigned_cost,snake_case,snake_case_reference,readiness_field,cost-allocation,"has_labour_without_productive_capacity_group, has_unassigned_cost, has_no_operational_groups,"
components\cost-allocation\CostAllocationStatusStrip.jsx,CostAllocationStatusStrip.jsx,components,154,has_warnings,snake_case,declaration,warnings_field,cost-allocation,const has_remaining_source_pool = Number(remaining_source_pool || 0) > 1; const has_warnings = Number(warning_count || 0) > 0;
components\cost-allocation\CostAllocationStatusStrip.jsx,CostAllocationStatusStrip.jsx,components,219,has_warnings,snake_case,warning_id,warnings_field,cost-allocation,"value={formatCount(warning_count)} help={has_warnings ? ""Review before relying."" : ""No active warnings.""} />"
components\cost-allocation\CostAllocationGroupsCard.jsx,CostAllocationGroupsCard.jsx,components,16,is_active,snake_case,snake_case_reference,readiness_field,cost-allocation,if (Array.isArray(divisions?.rows)) { return divisions.rows.filter((division) => division?.is_active !== false); }
components\cost-allocation\CostAllocationGroupsCard.jsx,CostAllocationGroupsCard.jsx,components,20,is_active,snake_case,snake_case_reference,readiness_field,cost-allocation,if (Array.isArray(divisions)) { return divisions.filter((division) => division?.is_active !== false); }
components\cost-allocation\CostAllocationLinkTable.jsx,CostAllocationLinkTable.jsx,components,14,is_active,snake_case,snake_case_reference,readiness_field,cost-allocation,"const active_rows = useMemo(() => { return (links?.rows ?? []).filter((row) => row?.is_active); }, [links]);"
components\cost-allocation\CostAllocationProfilesCard.jsx,CostAllocationProfilesCard.jsx,components,79,is_active,snake_case,declaration,readiness_field,cost-allocation,profiles.map((profile) => { const is_active = profile?.active_allocation_profile_id === active_profile_id;
components\cost-allocation\CostAllocationProfilesCard.jsx,CostAllocationProfilesCard.jsx,components,87,is_active,snake_case,snake_case_reference,readiness_field,cost-allocation,"""ui-readonly"", is_active ? ""border-[var(--accent)]"" : """", ].join("" "")}"
components\cost-allocation\CostAllocationProfilesCard.jsx,CostAllocationProfilesCard.jsx,components,98,is_active,snake_case,snake_case_reference,readiness_field,cost-allocation,"{profile?.effective_from || ""No date""} {is_active ? "" · Active profile"" : """"} </div>"
components\cost-allocation\CostAllocationStepBuilder.jsx,CostAllocationStepBuilder.jsx,components,10,is_active,snake_case,snake_case_reference,readiness_field,cost-allocation,if (Array.isArray(value?.rows)) { return value.rows.filter((row) => row?.is_active !== false); }
components\cost-allocation\CostAllocationStepBuilder.jsx,CostAllocationStepBuilder.jsx,components,14,is_active,snake_case,snake_case_reference,readiness_field,cost-allocation,if (Array.isArray(value)) { return value.filter((row) => row?.is_active !== false); }
components\cost-allocation\groups\costAllocationGroupHelpers.js,costAllocationGroupHelpers.js,components,240,is_active,snake_case,snake_case_reference,readiness_field,cost-allocation,return Array.isArray(rows) ? rows.filter((assignment) => assignment?.is_active !== false) : [];
components\cost-allocation\groups\costAllocationGroupHelpers.js,costAllocationGroupHelpers.js,components,291,is_active,snake_case,snake_case_reference,readiness_field,cost-allocation,return Array.isArray(rows) ? rows.filter((assignment) => assignment?.is_active !== false) : [];
components\cost-allocation\groups\costAllocationGroupHelpers.js,costAllocationGroupHelpers.js,components,326,is_active,snake_case,snake_case_reference,readiness_field,cost-allocation,(assignment) => assignment?.is_active !== false && assignment?.group_id === group_id )
components\cost-allocation\groups\costAllocationGroupHelpers.js,costAllocationGroupHelpers.js,components,65,is_active,snake_case,snake_case_reference,readiness_field,cost-allocation,return Array.isArray(groups?.rows) ? groups.rows.filter((group) => group?.is_active !== false) : [];
hooks\cost-allocation\useCostAllocationAssignmentCards.js,useCostAllocationAssignmentCards.js,hooks,13,is_active,snake_case,snake_case_reference,readiness_field,cost-allocation,function get_active_assignment_rows(rows = []) { return safe_array(rows).filter((row) => row?.is_active !== false); }
hooks\useCostAllocation.js,useCostAllocation.js,hooks,186,is_active,snake_case,object_key,readiness_field,cost-allocation,"required_staff_count: safe_number(group.required_staff_count), is_active: group.is_active !== false, created_at: group.created_at || timestamp,"
hooks\useCostAllocation.js,useCostAllocation.js,hooks,249,is_active,snake_case,object_key,readiness_field,cost-allocation,"assignment_percent: clamped_percent, is_active: true, created_at: timestamp,"
hooks\useCostAllocation.js,useCostAllocation.js,hooks,278,is_active,snake_case,object_key,readiness_field,cost-allocation,"...assignment, is_active: false, updated_at: new Date().toISOString(),"
hooks\useCostAllocation.js,useCostAllocation.js,hooks,302,is_active,snake_case,object_key,readiness_field,cost-allocation,"assignment_percent: clamped_percent, is_active: true, created_at: timestamp,"
hooks\useCostAllocation.js,useCostAllocation.js,hooks,329,is_active,snake_case,object_key,readiness_field,cost-allocation,"...assignment, is_active: false, updated_at: new Date().toISOString(),"
hooks\useCostAllocation.js,useCostAllocation.js,hooks,367,is_active,snake_case,object_key,readiness_field,cost-allocation,"assignment_percent: safe_number(assignment_percent), is_active: true, created_at: timestamp,"
hooks\useCostAllocation.js,useCostAllocation.js,hooks,394,is_active,snake_case,object_key,readiness_field,cost-allocation,"...assignment, is_active: false, updated_at: new Date().toISOString(),"
lib\calculations\cost-allocation\costAllocationDivisionBuilders.js,costAllocationDivisionBuilders.js,lib,13,is_active,snake_case,object_key,readiness_field,cost-allocation,"division_description: ""Default operating division"", is_active: true, sort_order: 1,"
lib\calculations\cost-allocation\costAllocationDivisionBuilders.js,costAllocationDivisionBuilders.js,lib,28,is_active,snake_case,snake_case_reference,readiness_field,cost-allocation,const rows = safe_array(divisions).filter( (division) => division?.is_active !== false );
lib\calculations\cost-allocation\costAllocationDivisionBuilders.js,costAllocationDivisionBuilders.js,lib,49,is_active,snake_case,object_key,readiness_field,cost-allocation,"division_description: division.division_description || """", is_active: division.is_active !== false, sort_order: safe_number(division.sort_order || index + 1),"
lib\calculations\cost-allocation\costAllocationInputBuilder.js,costAllocationInputBuilder.js,lib,131,is_active,snake_case,object_key,readiness_field,cost-allocation,"labour_class: staff?.labour_class ?? """", is_active: Boolean(staff?.is_active), productive_hours: safe_number(staff?.productive_hours),"
lib\calculations\cost-allocation\costAllocationInputBuilder.js,costAllocationInputBuilder.js,lib,141,is_active,snake_case,object_key,readiness_field,cost-allocation,"asset_type: asset?.asset_type ?? """", is_active: Boolean(asset?.is_active), })),"
lib\calculations\cost-allocation\costAllocationInputBuilder.js,costAllocationInputBuilder.js,lib,29,is_active,snake_case,snake_case_reference,readiness_field,cost-allocation,return ( staff?.is_active !== false && staff?.contributes_to_recovery_hours === true
lib\calculations\cost-allocation\costAllocationInputBuilder.js,costAllocationInputBuilder.js,lib,35,is_active,snake_case,snake_case_reference,readiness_field,cost-allocation,"const active_assets = source_assets.filter((asset) => { return asset?.is_active !== false && asset?.asset_type === ""productive""; });"
lib\calculations\cost-allocation\costAllocationMaps.js,costAllocationMaps.js,lib,32,is_active,snake_case,snake_case_reference,readiness_field,cost-allocation,return ( link?.is_active && active_staff_map.has(link?.staff_id) &&
lib\calculations\cost-allocation\costAllocationMaps.js,costAllocationMaps.js,lib,40,is_active,snake_case,snake_case_reference,readiness_field,cost-allocation,export function get_active_groups(operational_groups) { return safe_array(operational_groups).filter((group) => group?.is_active); }
lib\calculations\cost-allocation\costAllocationPoolBuilders.js,costAllocationPoolBuilders.js,lib,285,is_active,snake_case,snake_case_reference,readiness_field,cost-allocation,const raw_assignments = safe_array(asset_group_assignments).filter( (assignment) => assignment?.is_active !== false );
lib\calculations\cost-allocation\costAllocationPoolBuilders.js,costAllocationPoolBuilders.js,lib,648,is_active,snake_case,object_key,readiness_field,cost-allocation,"assigned_overhead_amount, is_active: true, allocation_status: ""assigned"","
lib\calculations\cost-allocation\costAllocationPoolBuilders.js,costAllocationPoolBuilders.js,lib,96,is_active,snake_case,snake_case_reference,readiness_field,cost-allocation,const raw_assignments = safe_array(labour_group_assignments).filter( (assignment) => assignment?.is_active !== false );
lib\selectors\cost-allocation\costAllocationDisplayHelpers.js,costAllocationDisplayHelpers.js,lib,270,is_active,snake_case,snake_case_reference,readiness_field,cost-allocation,return Array.isArray(rows) ? rows.filter((row) => row?.is_active !== false) : [];
lib\storage\costAllocationProfileStorage.js,costAllocationProfileStorage.js,lib,124,is_active,snake_case,snake_case_reference,readiness_field,cost-allocation,"const active_profile = useMemo(() => { return profiles.find((profile) => profile?.is_active) ?? null; }, [profiles]);"
lib\storage\costAllocationProfileStorage.js,costAllocationProfileStorage.js,lib,178,is_active,snake_case,object_key,readiness_field,cost-allocation,"is_active: true, created_at: existing_profile?.created_at || now,"
lib\storage\costAllocationProfileStorage.js,costAllocationProfileStorage.js,lib,191,is_active,snake_case,object_key,readiness_field,cost-allocation,"...profile, is_active: false, }));"
lib\storage\costAllocationProfileStorage.js,costAllocationProfileStorage.js,lib,213,is_active,snake_case,object_key,readiness_field,cost-allocation,"...profile, is_active: profile?.active_allocation_profile_id === active_allocation_profile_id,"
lib\storage\costAllocationProfileStorage.js,costAllocationProfileStorage.js,lib,27,is_active,snake_case,object_key,readiness_field,cost-allocation,"division_description: ""Default operating division"", is_active: true, sort_order: 1,"
lib\storage\costAllocationStorage.js,costAllocationStorage.js,lib,105,is_active,snake_case,object_key,readiness_field,cost-allocation,"required_staff_count: Number(group.required_staff_count || 0), is_active: group.is_active !== false, sort_order: Number(group.sort_order || 1),"
lib\storage\costAllocationStorage.js,costAllocationStorage.js,lib,123,is_active,snake_case,object_key,readiness_field,cost-allocation,"required_staff_count: Number(group?.required_staff_count || 0), is_active: group?.is_active !== false, }));"
lib\storage\costAllocationStorage.js,costAllocationStorage.js,lib,277,is_active,snake_case,object_key,readiness_field,cost-allocation,"...division, is_active: false, updated_at: get_timestamp(),"
lib\storage\costAllocationStorage.js,costAllocationStorage.js,lib,32,is_active,snake_case,object_key,readiness_field,cost-allocation,"division_description: ""Default operating division"", is_active: true, sort_order: 1,"
lib\storage\costAllocationStorage.js,costAllocationStorage.js,lib,325,is_active,snake_case,object_key,readiness_field,cost-allocation,"...link, is_active: false, updated_at: get_timestamp(),"
lib\storage\costAllocationStorage.js,costAllocationStorage.js,lib,411,is_active,snake_case,object_key,readiness_field,cost-allocation,"...group, is_active: false, updated_at: get_timestamp(),"
lib\storage\costAllocationStorage.js,costAllocationStorage.js,lib,46,is_active,snake_case,object_key,readiness_field,cost-allocation,"division_description: String(payload.division_description || """").trim(), is_active: payload.is_active !== false, sort_order: Number(payload.sort_order || 1),"
lib\storage\costAllocationStorage.js,costAllocationStorage.js,lib,60,is_active,snake_case,object_key,readiness_field,cost-allocation,"division_description: String(division?.division_description || """").trim(), is_active: division?.is_active !== false, }));"
lib\storage\costAllocationStorage.js,costAllocationStorage.js,lib,81,is_active,snake_case,object_key,readiness_field,cost-allocation,"staff_id, is_active: true, created_at: timestamp,"
lib\calculations\cost-allocation\costAllocationPoolBuilders.js,costAllocationPoolBuilders.js,lib,650,is_automatic,snake_case,object_key,readiness_field,cost-allocation,"allocation_status: ""assigned"", is_automatic: true, };"
lib\calculations\cost-allocation\costAllocationPoolBuilders.js,costAllocationPoolBuilders.js,lib,687,is_automatic,snake_case,object_key,readiness_field,cost-allocation,"allocation_status, is_automatic: true, },"
app\cost-allocation\page.jsx,page.jsx,app,10,is_client_ready,snake_case,array_destructured_name,readiness_field,cost-allocation,"export default function CostAllocationPage() { const [is_client_ready, set_is_client_ready] = useState(false); const { card, actions } = useCostAllocation();"
app\cost-allocation\page.jsx,page.jsx,app,17,is_client_ready,snake_case,snake_case_reference,readiness_field,cost-allocation,if (!is_client_ready) { return (
components\cost-allocation\divisions\CostAllocationDivisionHeader.jsx,CostAllocationDivisionHeader.jsx,components,115,is_default_division,snake_case,snake_case_reference,readiness_field,cost-allocation,{!is_default_division ? ( <button
components\cost-allocation\divisions\CostAllocationDivisionHeader.jsx,CostAllocationDivisionHeader.jsx,components,19,is_default_division,snake_case,declaration,readiness_field,cost-allocation,"const division_id = division?.division_id || """"; const is_default_division = division_id === ""main_operations"";"
components\cost-allocation\divisions\CostAllocationDivisionHeader.jsx,CostAllocationDivisionHeader.jsx,components,43,is_default_division,snake_case,snake_case_reference,readiness_field,cost-allocation,"!division_id || is_default_division || typeof remove_division !== ""function"""
components\cost-allocation\divisions\CostAllocationDivisionHeader.jsx,CostAllocationDivisionHeader.jsx,components,10,is_editing,snake_case,array_destructured_name,readiness_field,cost-allocation,"}) { const [is_editing, set_is_editing] = useState(false); const [division_name, set_division_name] = useState("
components\cost-allocation\divisions\CostAllocationDivisionHeader.jsx,CostAllocationDivisionHeader.jsx,components,52,is_editing,snake_case,snake_case_reference,readiness_field,cost-allocation,if (is_editing) { return (
components\cost-allocation\divisions\CostAllocationDivisionCard.jsx,CostAllocationDivisionCard.jsx,components,163,is_expanded,snake_case,snake_case_reference,readiness_field,cost-allocation,remove_asset_assignment={remove_asset_assignment} is_expanded={expanded_group_ids.includes(group_id)} on_toggle={() => toggle_group_expanded(group_id)}
components\cost-allocation\groups\CostAllocationOperatingGroupBuilder.jsx,CostAllocationOperatingGroupBuilder.jsx,components,117,is_expanded,snake_case,snake_case_reference,readiness_field,cost-allocation,"> {is_expanded ? ""Done"" : ""Edit group""} </button>"
components\cost-allocation\groups\CostAllocationOperatingGroupBuilder.jsx,CostAllocationOperatingGroupBuilder.jsx,components,131,is_expanded,snake_case,snake_case_reference,readiness_field,cost-allocation,"{is_expanded ? ( <div className=""mt-4 ui-stack"">"
components\cost-allocation\groups\CostAllocationOperatingGroupBuilder.jsx,CostAllocationOperatingGroupBuilder.jsx,components,48,is_expanded,snake_case,snake_case_reference,readiness_field,cost-allocation,"remove_asset_assignment, is_expanded, on_toggle,"
lib\selectors\cost-allocation\costAllocationCardSelectors.js,costAllocationCardSelectors.js,lib,29,is_in_operating_group,snake_case,declaration,readiness_field,cost-allocation,return (calculated?.active_staff ?? []).map((staff) => { const is_in_operating_group = active_operational_groups.some((group) => { return Array.isArray(group?.required_staff_ids)
lib\selectors\cost-allocation\costAllocationCardSelectors.js,costAllocationCardSelectors.js,lib,37,is_in_operating_group,snake_case,snake_case_reference,readiness_field,cost-allocation,"...staff, is_linked: is_in_operating_group, is_in_operating_group,"
lib\selectors\cost-allocation\costAllocationCardSelectors.js,costAllocationCardSelectors.js,lib,38,is_in_operating_group,snake_case,snake_case_reference,readiness_field,cost-allocation,"is_linked: is_in_operating_group, is_in_operating_group, is_in_working_unit: is_in_operating_group,"
lib\selectors\cost-allocation\costAllocationCardSelectors.js,costAllocationCardSelectors.js,lib,39,is_in_operating_group,snake_case,snake_case_reference,readiness_field,cost-allocation,"is_in_operating_group, is_in_working_unit: is_in_operating_group, };"
lib\selectors\cost-allocation\costAllocationCardSelectors.js,costAllocationCardSelectors.js,lib,46,is_in_operating_group,snake_case,declaration,readiness_field,cost-allocation,return (calculated?.active_assets ?? []).map((asset) => { const is_in_operating_group = active_operational_groups.some((group) => { return Array.isArray(group?.required_asset_ids)
lib\selectors\cost-allocation\costAllocationCardSelectors.js,costAllocationCardSelectors.js,lib,54,is_in_operating_group,snake_case,snake_case_reference,readiness_field,cost-allocation,"...asset, is_linked: is_in_operating_group, is_in_operating_group,"
lib\selectors\cost-allocation\costAllocationCardSelectors.js,costAllocationCardSelectors.js,lib,55,is_in_operating_group,snake_case,snake_case_reference,readiness_field,cost-allocation,"is_linked: is_in_operating_group, is_in_operating_group, is_in_working_unit: is_in_operating_group,"
lib\selectors\cost-allocation\costAllocationCardSelectors.js,costAllocationCardSelectors.js,lib,56,is_in_operating_group,snake_case,snake_case_reference,readiness_field,cost-allocation,"is_in_operating_group, is_in_working_unit: is_in_operating_group, };"
lib\selectors\cost-allocation\costAllocationCardSelectors.js,costAllocationCardSelectors.js,lib,39,is_in_working_unit,snake_case,object_key,readiness_field,cost-allocation,"is_in_operating_group, is_in_working_unit: is_in_operating_group, };"
lib\selectors\cost-allocation\costAllocationCardSelectors.js,costAllocationCardSelectors.js,lib,56,is_in_working_unit,snake_case,object_key,readiness_field,cost-allocation,"is_in_operating_group, is_in_working_unit: is_in_operating_group, };"
lib\selectors\cost-allocation\costAllocationCardSelectors.js,costAllocationCardSelectors.js,lib,37,is_linked,snake_case,object_key,readiness_field,cost-allocation,"...staff, is_linked: is_in_operating_group, is_in_operating_group,"
lib\selectors\cost-allocation\costAllocationCardSelectors.js,costAllocationCardSelectors.js,lib,54,is_linked,snake_case,object_key,readiness_field,cost-allocation,"...asset, is_linked: is_in_operating_group, is_in_operating_group,"
hooks\useCostAllocation.js,useCostAllocation.js,hooks,348,is_manual_amount,snake_case,declaration,readiness_field,cost-allocation,"const is_manual_amount = allocation_method === ""manual_amount""; const is_manual_percent = allocation_method === ""manual_percent"";"
hooks\useCostAllocation.js,useCostAllocation.js,hooks,351,is_manual_amount,snake_case,snake_case_reference,readiness_field,cost-allocation,if (is_manual_amount && safe_number(assigned_amount) <= 0) { return;
hooks\useCostAllocation.js,useCostAllocation.js,hooks,349,is_manual_percent,snake_case,declaration,readiness_field,cost-allocation,"const is_manual_amount = allocation_method === ""manual_amount""; const is_manual_percent = allocation_method === ""manual_percent"";"
hooks\useCostAllocation.js,useCostAllocation.js,hooks,355,is_manual_percent,snake_case,snake_case_reference,readiness_field,cost-allocation,if (is_manual_percent && safe_number(assignment_percent) <= 0) { return;
hooks\cost-allocation\useCostAllocationAssignmentCards.js,useCostAllocationAssignmentCards.js,hooks,50,is_productive,snake_case,snake_case_reference,readiness_field,cost-allocation,"function is_productive_labour_row(row = {}) { return row?.is_productive === true || row?.labour_class === ""productive""; }"
hooks\useCostAllocation.js,useCostAllocation.js,hooks,244,is_productive,snake_case,object_key,readiness_field,cost-allocation,"labour_class: labour_type?.labour_class ?? ""productive"", is_productive: labour_type?.is_productive === true, contributes_to_recovery_hours:"
hooks\cost-allocation\useCostAllocationGroupRecoveryRows.js,useCostAllocationGroupRecoveryRows.js,hooks,240,is_rate_ready,snake_case,object_key,readiness_field,cost-allocation,"has_overhead_burden: overhead_burden_rate_per_hour > 0, is_rate_ready: minimum_recoverable_rate_per_hour > 0, };"
components\cost-allocation\groups\costAllocationGroupHelpers.js,costAllocationGroupHelpers.js,components,174,is_unmatched,snake_case,object_key,readiness_field,cost-allocation,"assigned_cost, is_unmatched: !labour_row, };"
components\cost-allocation\groups\costAllocationGroupHelpers.js,costAllocationGroupHelpers.js,components,229,is_unmatched,snake_case,object_key,readiness_field,cost-allocation,"assigned_asset_cost, is_unmatched: !asset_row, };"
lib\calculations\cost-allocation\costAllocationDivisionBuilders.js,costAllocationDivisionBuilders.js,lib,130,is_valid,snake_case,declaration,readiness_field,cost-allocation,const is_valid = operating_group_count > 0 && valid_group_count > 0;
lib\calculations\cost-allocation\costAllocationDivisionBuilders.js,costAllocationDivisionBuilders.js,lib,156,is_valid,snake_case,snake_case_reference,readiness_field,cost-allocation,"is_valid, allocation_status: is_valid ? ""assigned"" : ""review_required"","
lib\calculations\cost-allocation\costAllocationDivisionBuilders.js,costAllocationDivisionBuilders.js,lib,157,is_valid,snake_case,snake_case_reference,readiness_field,cost-allocation,"is_valid, allocation_status: is_valid ? ""assigned"" : ""review_required"", };"
lib\calculations\cost-allocation\costAllocationDivisionBuilders.js,costAllocationDivisionBuilders.js,lib,170,is_valid,snake_case,snake_case_reference,readiness_field,cost-allocation,const valid_divisions = safe_array(division_cost_rows).filter( (division) => division?.is_valid ).length;
lib\calculations\cost-allocation\costAllocationValidation.js,costAllocationValidation.js,lib,137,is_valid,snake_case,declaration,readiness_field,cost-allocation,const is_valid = asset_requirement_met && staff_requirement_met;
lib\calculations\cost-allocation\costAllocationValidation.js,costAllocationValidation.js,lib,159,is_valid,snake_case,snake_case_reference,readiness_field,cost-allocation,"required_staff_ids, is_valid, missing_asset_ids,"
lib\calculations\costAllocationRules.js,costAllocationRules.js,lib,123,is_valid,snake_case,snake_case_reference,readiness_field,cost-allocation,const valid_operational_groups = validated_groups.filter( (group) => group.is_valid ).length;
hooks\cost-allocation\useCostAllocationOutputContract.js,useCostAllocationOutputContract.js,hooks,37,material_margin_status,snake_case,object_key,status_field,cost-allocation,"asset_recovery_included: calculated.asset_recovery_included, material_margin_status: calculated.material_margin_status, asset_utilisation_status: calculated.asset_utilisation_status,"
lib\calculations\cost-allocation\costAllocationInputBuilder.js,costAllocationInputBuilder.js,lib,113,material_margin_status,snake_case,object_key,status_field,cost-allocation,"recovery_outputs?.asset_recovery_included === true, material_margin_status: recovery_outputs?.material_margin_status ?? ""not_selected"","
lib\calculations\cost-allocation\costAllocationInputBuilder.js,costAllocationInputBuilder.js,lib,114,material_margin_status,snake_case,snake_case_reference,status_field,cost-allocation,"material_margin_status: recovery_outputs?.material_margin_status ?? ""not_selected"", asset_utilisation_status:"
lib\calculations\recoveryOutcomeCalculations.js,recoveryOutcomeCalculations.js,lib,36,missing_allocation_status,snake_case,object_key,status_field,cost-allocation,"""Component required recovery is missing."", missing_allocation_status: ""Cost Allocation has not produced an allocation status."","
lib\calculations\recoveryOutcomeCalculations.js,recoveryOutcomeCalculations.js,lib,426,missing_allocation_status,snake_case,snake_case_reference,status_field,cost-allocation,"if (!cost_allocation.allocation_status) { warnings.push(make_warning(""missing_allocation_status"", ""Business Outcome"")); }"
hooks\cost-allocation\useCostAllocationOutputContract.js,useCostAllocationOutputContract.js,hooks,118,orphan_warnings,snake_case,object_key,warnings_field,cost-allocation,"duplicate_link_warnings: calculated.duplicate_link_warnings, orphan_warnings: calculated.orphan_warnings, group_validation_warnings: calculated.group_validation_warnings,"
lib\calculations\cost-allocation\costAllocationValidation.js,costAllocationValidation.js,lib,107,orphan_warnings,snake_case,warning_id,warnings_field,cost-allocation,return orphan_warnings; }
lib\calculations\cost-allocation\costAllocationValidation.js,costAllocationValidation.js,lib,52,orphan_warnings,snake_case,declaration,warnings_field,cost-allocation,}) { const orphan_warnings = [];
lib\calculations\cost-allocation\costAllocationValidation.js,costAllocationValidation.js,lib,73,orphan_warnings,snake_case,warning_id,warnings_field,cost-allocation,if (!linked_staff_ids.has(staff?.staff_id)) { orphan_warnings.push( make_warning(
lib\calculations\cost-allocation\costAllocationValidation.js,costAllocationValidation.js,lib,81,orphan_warnings,snake_case,warning_id,warnings_field,cost-allocation,if (!grouped_staff_ids.has(staff?.staff_id)) { orphan_warnings.push( make_warning(
lib\calculations\cost-allocation\costAllocationValidation.js,costAllocationValidation.js,lib,91,orphan_warnings,snake_case,warning_id,warnings_field,cost-allocation,if (!linked_asset_ids.has(asset?.asset_id)) { orphan_warnings.push( make_warning(
lib\calculations\cost-allocation\costAllocationValidation.js,costAllocationValidation.js,lib,99,orphan_warnings,snake_case,warning_id,warnings_field,cost-allocation,if (!grouped_asset_ids.has(asset?.asset_id)) { orphan_warnings.push( make_warning(
lib\calculations\costAllocationRules.js,costAllocationRules.js,lib,200,orphan_warnings,snake_case,declaration,warnings_field,cost-allocation,"const orphan_warnings = get_orphan_warnings({ active_staff,"
lib\calculations\costAllocationRules.js,costAllocationRules.js,lib,421,orphan_warnings,snake_case,warning_id,warnings_field,cost-allocation,"duplicate_link_warnings, orphan_warnings, group_validation_warnings,"
lib\selectors\cost-allocation\costAllocationCardSections.js,costAllocationCardSections.js,lib,295,orphan_warnings,snake_case,object_key,warnings_field,cost-allocation,"duplicate_link_warnings: calculated?.duplicate_link_warnings ?? [], orphan_warnings: calculated?.orphan_warnings ?? [], group_validation_warnings: calculated?.group_validation_warnings ?? [],"
lib\selectors\cost-allocation\costAllocationCardSections.js,costAllocationCardSections.js,lib,439,orphan_warnings,snake_case,object_key,warnings_field,cost-allocation,"duplicate_link_warnings: calculated?.duplicate_link_warnings ?? [], orphan_warnings: calculated?.orphan_warnings ?? [], group_validation_warnings: calculated?.group_validation_warnings ?? [],"
lib\calculations\cost-allocation\costAllocationWarnings.js,costAllocationWarnings.js,lib,36,recovery_summary_not_ready,snake_case,snake_case_reference,readiness_field,cost-allocation,"make_allocation_warning( ""recovery_summary_not_ready"", ""Recovery Summary is not ready, so Cost Allocation is preview only."""
lib\calculations\cost-allocation\costAllocationInputBuilder.js,costAllocationInputBuilder.js,lib,42,recovery_summary_ready,snake_case,object_key,readiness_field,cost-allocation,"recovery_summary_ready: recovery_outputs?.recovery_summary_ready === true,"
lib\calculations\cost-allocation\costAllocationInputBuilder.js,costAllocationInputBuilder.js,lib,43,recovery_summary_ready,snake_case,snake_case_reference,readiness_field,cost-allocation,"recovery_summary_ready: recovery_outputs?.recovery_summary_ready === true, recovery_summary_status:"
lib\calculations\cost-allocation\costAllocationStatus.js,costAllocationStatus.js,lib,32,recovery_summary_ready,snake_case,snake_case_reference,readiness_field,cost-allocation,"export function get_allocation_status({ recovery_summary_ready, missing_recovery_plan_target,"
lib\calculations\cost-allocation\costAllocationStatus.js,costAllocationStatus.js,lib,42,recovery_summary_ready,snake_case,snake_case_reference,readiness_field,cost-allocation,if ( !recovery_summary_ready || missing_recovery_plan_target ||
lib\calculations\cost-allocation\costAllocationWarnings.js,costAllocationWarnings.js,lib,33,recovery_summary_ready,snake_case,snake_case_reference,readiness_field,cost-allocation,if (!recovery_summary_ready) { setup_warnings.push(
lib\calculations\cost-allocation\costAllocationWarnings.js,costAllocationWarnings.js,lib,9,recovery_summary_ready,snake_case,snake_case_reference,readiness_field,cost-allocation,"export function build_cost_allocation_warnings({ recovery_summary_ready, missing_recovery_plan_target,"
lib\calculations\costAllocationRules.js,costAllocationRules.js,lib,285,recovery_summary_ready,snake_case,object_key,readiness_field,cost-allocation,"const built_warnings = build_cost_allocation_warnings({ recovery_summary_ready: inputs.recovery_summary_ready, missing_recovery_plan_target,"
lib\calculations\costAllocationRules.js,costAllocationRules.js,lib,319,recovery_summary_ready,snake_case,object_key,readiness_field,cost-allocation,"const base_allocation_status = get_allocation_status({ recovery_summary_ready: inputs.recovery_summary_ready, missing_recovery_plan_target,"
lib\calculations\cost-allocation\costAllocationInputBuilder.js,costAllocationInputBuilder.js,lib,44,recovery_summary_status,snake_case,object_key,status_field,cost-allocation,"recovery_outputs?.recovery_summary_ready === true, recovery_summary_status: recovery_outputs?.recovery_summary_status ?? ""blocked"","
lib\calculations\cost-allocation\costAllocationInputBuilder.js,costAllocationInputBuilder.js,lib,45,recovery_summary_status,snake_case,snake_case_reference,status_field,cost-allocation,"recovery_summary_status: recovery_outputs?.recovery_summary_status ?? ""blocked"", recovery_summary_warnings:"
lib\calculations\cost-allocation\costAllocationInputBuilder.js,costAllocationInputBuilder.js,lib,46,recovery_summary_warnings,snake_case,object_key,warnings_field,cost-allocation,"recovery_outputs?.recovery_summary_status ?? ""blocked"", recovery_summary_warnings: safe_array(recovery_outputs?.recovery_summary_warnings),"
lib\calculations\cost-allocation\costAllocationInputBuilder.js,costAllocationInputBuilder.js,lib,47,recovery_summary_warnings,snake_case,warning_id,warnings_field,cost-allocation,"recovery_summary_warnings: safe_array(recovery_outputs?.recovery_summary_warnings), recovery_model: recovery_outputs?.recovery_model ?? ""labour_only"","
app\cost-allocation\page.jsx,page.jsx,app,10,set_is_client_ready,snake_case,array_destructured_name,readiness_field,cost-allocation,"export default function CostAllocationPage() { const [is_client_ready, set_is_client_ready] = useState(false); const { card, actions } = useCostAllocation();"
app\cost-allocation\page.jsx,page.jsx,app,14,set_is_client_ready,snake_case,snake_case_reference,readiness_field,cost-allocation,"useEffect(() => { set_is_client_ready(true); }, []);"
components\cost-allocation\CostAllocationEvidenceBreakdown.jsx,CostAllocationEvidenceBreakdown.jsx,components,599,setup_warnings,snake_case,warning_id,warnings_field,cost-allocation,"help_text=""Complete these items to make the operating structure reliable."" warnings={evidence?.setup_warnings} empty_message=""No setup checklist items are currently active."""
components\cost-allocation\CostAllocationMainCard.jsx,CostAllocationMainCard.jsx,components,152,setup_warnings,snake_case,warning_id,warnings_field,cost-allocation,const setup_count = Array.isArray(evidence?.setup_warnings) ? evidence.setup_warnings.length
components\cost-allocation\CostAllocationMainCard.jsx,CostAllocationMainCard.jsx,components,153,setup_warnings,snake_case,warning_id,warnings_field,cost-allocation,const setup_count = Array.isArray(evidence?.setup_warnings) ? evidence.setup_warnings.length : 0;
components\cost-allocation\CostAllocationStatusStrip.jsx,CostAllocationStatusStrip.jsx,components,111,setup_warnings,snake_case,warning_id,warnings_field,cost-allocation,const setup_warning_count = Array.isArray(outcome?.setup_warnings) ? outcome.setup_warnings.length
components\cost-allocation\CostAllocationStatusStrip.jsx,CostAllocationStatusStrip.jsx,components,112,setup_warnings,snake_case,warning_id,warnings_field,cost-allocation,const setup_warning_count = Array.isArray(outcome?.setup_warnings) ? outcome.setup_warnings.length : Array.isArray(status?.setup_warnings)
components\cost-allocation\CostAllocationStatusStrip.jsx,CostAllocationStatusStrip.jsx,components,113,setup_warnings,snake_case,warning_id,warnings_field,cost-allocation,? outcome.setup_warnings.length : Array.isArray(status?.setup_warnings) ? status.setup_warnings.length
components\cost-allocation\CostAllocationStatusStrip.jsx,CostAllocationStatusStrip.jsx,components,114,setup_warnings,snake_case,warning_id,warnings_field,cost-allocation,: Array.isArray(status?.setup_warnings) ? status.setup_warnings.length : 0;
hooks\cost-allocation\useCostAllocationOutputContract.js,useCostAllocationOutputContract.js,hooks,9,setup_warnings,snake_case,object_key,warnings_field,cost-allocation,"allocation_dependency_type: calculated.allocation_dependency_type, setup_warnings: calculated.setup_warnings, structural_warnings: calculated.structural_warnings,"
lib\calculations\cost-allocation\costAllocationWarnings.js,costAllocationWarnings.js,lib,214,setup_warnings,snake_case,warning_id,warnings_field,cost-allocation,"return { setup_warnings, structural_warnings,"
lib\calculations\cost-allocation\costAllocationWarnings.js,costAllocationWarnings.js,lib,216,setup_warnings,snake_case,warning_id,warnings_field,cost-allocation,"structural_warnings, allocation_warnings: [...setup_warnings, ...structural_warnings], };"
lib\calculations\cost-allocation\costAllocationWarnings.js,costAllocationWarnings.js,lib,30,setup_warnings,snake_case,declaration,warnings_field,cost-allocation,}) { const setup_warnings = []; const structural_warnings = [];
lib\calculations\cost-allocation\costAllocationWarnings.js,costAllocationWarnings.js,lib,34,setup_warnings,snake_case,warning_id,warnings_field,cost-allocation,if (!recovery_summary_ready) { setup_warnings.push( make_allocation_warning(
lib\calculations\cost-allocation\costAllocationWarnings.js,costAllocationWarnings.js,lib,43,setup_warnings,snake_case,warning_id,warnings_field,cost-allocation,if (missing_recovery_plan_target) { setup_warnings.push( make_allocation_warning(
lib\calculations\cost-allocation\costAllocationWarnings.js,costAllocationWarnings.js,lib,52,setup_warnings,snake_case,warning_id,warnings_field,cost-allocation,if (missing_component_required_recovery) { setup_warnings.push( make_allocation_warning(
lib\calculations\cost-allocation\costAllocationWarnings.js,costAllocationWarnings.js,lib,61,setup_warnings,snake_case,warning_id,warnings_field,cost-allocation,if (!structure_valid) { setup_warnings.push( make_allocation_warning(
lib\calculations\cost-allocation\costAllocationWarnings.js,costAllocationWarnings.js,lib,70,setup_warnings,snake_case,warning_id,warnings_field,cost-allocation,if (has_no_labour_cost) { setup_warnings.push( make_allocation_warning(
lib\calculations\cost-allocation\costAllocationWarnings.js,costAllocationWarnings.js,lib,79,setup_warnings,snake_case,warning_id,warnings_field,cost-allocation,if (has_no_productive_labour_driver) { setup_warnings.push( make_allocation_warning(
lib\calculations\cost-allocation\costAllocationWarnings.js,costAllocationWarnings.js,lib,88,setup_warnings,snake_case,warning_id,warnings_field,cost-allocation,if (has_no_operational_groups) { setup_warnings.push( make_allocation_warning(
lib\calculations\costAllocationRules.js,costAllocationRules.js,lib,309,setup_warnings,snake_case,declaration,warnings_field,cost-allocation,"const setup_warnings = [ ...safe_array(built_warnings.setup_warnings),"
lib\calculations\costAllocationRules.js,costAllocationRules.js,lib,310,setup_warnings,snake_case,warning_id,warnings_field,cost-allocation,"const setup_warnings = [ ...safe_array(built_warnings.setup_warnings), ...source_pool_warnings,"
lib\calculations\costAllocationRules.js,costAllocationRules.js,lib,316,setup_warnings,snake_case,warning_id,warnings_field,cost-allocation,"const allocation_warnings = [...setup_warnings, ...structural_warnings];"
lib\calculations\costAllocationRules.js,costAllocationRules.js,lib,392,setup_warnings,snake_case,warning_id,warnings_field,cost-allocation,"setup_warnings, structural_warnings,"
lib\selectors\cost-allocation\costAllocationCardSections.js,costAllocationCardSections.js,lib,285,setup_warnings,snake_case,object_key,warnings_field,cost-allocation,"}), setup_warnings: unique_setup_warnings, structural_warnings: unique_structural_warnings,"
lib\selectors\cost-allocation\costAllocationCardSections.js,costAllocationCardSections.js,lib,427,setup_warnings,snake_case,warning_id,warnings_field,cost-allocation,"all_warnings, setup_warnings, structural_warnings,"
lib\selectors\cost-allocation\costAllocationCardSections.js,costAllocationCardSections.js,lib,435,setup_warnings,snake_case,warning_id,warnings_field,cost-allocation,"warnings: all_warnings, setup_warnings, structural_warnings,"
lib\selectors\cost-allocation\costAllocationCardSelectors.js,costAllocationCardSelectors.js,lib,102,setup_warnings,snake_case,warning_id,warnings_field,cost-allocation,const unique_setup_warnings = get_unique_warnings([setup_warnings]); const unique_structural_warnings = get_unique_warnings([structural_warnings]);
lib\selectors\cost-allocation\costAllocationCardSelectors.js,costAllocationCardSelectors.js,lib,116,setup_warnings,snake_case,warning_id,warnings_field,cost-allocation,"setup_warnings, structural_warnings,"
lib\selectors\cost-allocation\costAllocationCardSelectors.js,costAllocationCardSelectors.js,lib,62,setup_warnings,snake_case,declaration,warnings_field,cost-allocation,function build_cost_allocation_card_context(calculated = {}) { const setup_warnings = calculated?.setup_warnings ?? []; const structural_warnings = calculated?.structural_warnings ?? [];
lib\selectors\cost-allocation\costAllocationCardSelectors.js,costAllocationCardSelectors.js,lib,65,setup_warnings,snake_case,warning_id,warnings_field,cost-allocation,"const allocation_warnings = calculated?.allocation_warnings ?? [ ...setup_warnings, ...structural_warnings,"
lib\selectors\cost-allocation\costAllocationCardSelectors.js,costAllocationCardSelectors.js,lib,93,setup_warnings,snake_case,warning_id,warnings_field,cost-allocation,const warning_count = allocation_warnings.length; const setup_warnings_count = setup_warnings.length; const structural_warnings_count = structural_warnings.length;
lib\selectors\cost-allocation\costAllocationStatusSelectors.js,costAllocationStatusSelectors.js,lib,10,setup_warnings,snake_case,declaration,warnings_field,cost-allocation,export function build_cost_allocation_status(calculated = {}) { const setup_warnings = calculated?.setup_warnings ?? []; const structural_warnings = calculated?.structural_warnings ?? [];
lib\selectors\cost-allocation\costAllocationStatusSelectors.js,costAllocationStatusSelectors.js,lib,13,setup_warnings,snake_case,warning_id,warnings_field,cost-allocation,"const allocation_warnings = calculated?.allocation_warnings ?? [ ...setup_warnings, ...structural_warnings,"
lib\selectors\cost-allocation\costAllocationStatusSelectors.js,costAllocationStatusSelectors.js,lib,22,setup_warnings,snake_case,warning_id,warnings_field,cost-allocation,"calculated?.allocation_status ?? ""not_supported"", setup_warnings.length, structural_warnings.length"
lib\selectors\cost-allocation\costAllocationStatusSelectors.js,costAllocationStatusSelectors.js,lib,35,setup_warnings,snake_case,warning_id,warnings_field,cost-allocation,"setup_warnings, structural_warnings,"
lib\selectors\cost-allocation\costAllocationStatusSelectors.js,costAllocationStatusSelectors.js,lib,85,setup_warnings,snake_case,warning_id,warnings_field,cost-allocation,"setup_warnings_count: setup_warnings.length, structural_warnings_count: structural_warnings.length,"
lib\calculations\costAllocationRules.js,costAllocationRules.js,lib,258,source_pool_warnings,snake_case,declaration,warnings_field,cost-allocation,const source_pool_warnings = [];
lib\calculations\costAllocationRules.js,costAllocationRules.js,lib,261,source_pool_warnings,snake_case,warning_id,warnings_field,cost-allocation,"if (labour_pool_over_allocated) { source_pool_warnings.push({ warning_key: ""productive_labour_pool_over_allocated"","
lib\calculations\costAllocationRules.js,costAllocationRules.js,lib,269,source_pool_warnings,snake_case,warning_id,warnings_field,cost-allocation,"if (asset_pool_over_allocated) { source_pool_warnings.push({ warning_key: ""productive_asset_pool_over_allocated"","
lib\calculations\costAllocationRules.js,costAllocationRules.js,lib,277,source_pool_warnings,snake_case,warning_id,warnings_field,cost-allocation,"if (overhead_pool_over_allocated) { source_pool_warnings.push({ warning_key: ""overhead_pool_over_allocated"","
lib\calculations\costAllocationRules.js,costAllocationRules.js,lib,311,source_pool_warnings,snake_case,warning_id,warnings_field,cost-allocation,"...safe_array(built_warnings.setup_warnings), ...source_pool_warnings, ];"
hooks\useCostAllocation.js,useCostAllocation.js,hooks,160,status,plain,declaration,status_field,cost-allocation,const status = useMemo(() => { return build_cost_allocation_status(calculated);
components\cost-allocation\CostAllocationEvidenceBreakdown.jsx,CostAllocationEvidenceBreakdown.jsx,components,605,structural_warnings,snake_case,warning_id,warnings_field,cost-allocation,"if (current_section === ""structural_warnings"") { return ("
components\cost-allocation\CostAllocationEvidenceBreakdown.jsx,CostAllocationEvidenceBreakdown.jsx,components,611,structural_warnings,snake_case,warning_id,warnings_field,cost-allocation,"help_text=""These are operating group, productive source-pool, or recovery dependency issues that may prevent the structure from being relied on downstream."" warnings={evidence?.structural_warnings} empty_message=""No structural warnings are currently active."""
components\cost-allocation\CostAllocationMainCard.jsx,CostAllocationMainCard.jsx,components,156,structural_warnings,snake_case,warning_id,warnings_field,cost-allocation,const structural_count = Array.isArray(evidence?.structural_warnings) ? evidence.structural_warnings.length
components\cost-allocation\CostAllocationMainCard.jsx,CostAllocationMainCard.jsx,components,157,structural_warnings,snake_case,warning_id,warnings_field,cost-allocation,const structural_count = Array.isArray(evidence?.structural_warnings) ? evidence.structural_warnings.length : 0;
components\cost-allocation\CostAllocationMainCard.jsx,CostAllocationMainCard.jsx,components,241,structural_warnings,snake_case,warning_id,warnings_field,cost-allocation,"className={ active_check === ""structural_warnings"" ? ""ui-button cost-allocation-check-tab is-active"""
components\cost-allocation\CostAllocationMainCard.jsx,CostAllocationMainCard.jsx,components,245,structural_warnings,snake_case,warning_id,warnings_field,cost-allocation,"} onClick={() => set_active_check(""structural_warnings"")} >"
components\cost-allocation\CostAllocationStatusStrip.jsx,CostAllocationStatusStrip.jsx,components,117,structural_warnings,snake_case,warning_id,warnings_field,cost-allocation,const structural_warning_count = Array.isArray(outcome?.structural_warnings) ? outcome.structural_warnings.length
components\cost-allocation\CostAllocationStatusStrip.jsx,CostAllocationStatusStrip.jsx,components,118,structural_warnings,snake_case,warning_id,warnings_field,cost-allocation,const structural_warning_count = Array.isArray(outcome?.structural_warnings) ? outcome.structural_warnings.length : Array.isArray(status?.structural_warnings)
components\cost-allocation\CostAllocationStatusStrip.jsx,CostAllocationStatusStrip.jsx,components,119,structural_warnings,snake_case,warning_id,warnings_field,cost-allocation,? outcome.structural_warnings.length : Array.isArray(status?.structural_warnings) ? status.structural_warnings.length
components\cost-allocation\CostAllocationStatusStrip.jsx,CostAllocationStatusStrip.jsx,components,120,structural_warnings,snake_case,warning_id,warnings_field,cost-allocation,: Array.isArray(status?.structural_warnings) ? status.structural_warnings.length : 0;
hooks\cost-allocation\useCostAllocationOutputContract.js,useCostAllocationOutputContract.js,hooks,10,structural_warnings,snake_case,object_key,warnings_field,cost-allocation,"setup_warnings: calculated.setup_warnings, structural_warnings: calculated.structural_warnings, allocation_warnings: calculated.allocation_warnings,"
lib\calculations\cost-allocation\costAllocationWarnings.js,costAllocationWarnings.js,lib,106,structural_warnings,snake_case,warning_id,warnings_field,cost-allocation,if (has_low_asset_coverage) { structural_warnings.push( make_allocation_warning(
lib\calculations\cost-allocation\costAllocationWarnings.js,costAllocationWarnings.js,lib,115,structural_warnings,snake_case,warning_id,warnings_field,cost-allocation,if (has_low_group_coverage) { structural_warnings.push( make_allocation_warning(
lib\calculations\cost-allocation\costAllocationWarnings.js,costAllocationWarnings.js,lib,124,structural_warnings,snake_case,warning_id,warnings_field,cost-allocation,if (has_internal_capacity_shortfall) { structural_warnings.push( make_allocation_warning(
lib\calculations\cost-allocation\costAllocationWarnings.js,costAllocationWarnings.js,lib,133,structural_warnings,snake_case,warning_id,warnings_field,cost-allocation,if (external_delivery_required) { structural_warnings.push( make_allocation_warning(
lib\calculations\cost-allocation\costAllocationWarnings.js,costAllocationWarnings.js,lib,142,structural_warnings,snake_case,warning_id,warnings_field,cost-allocation,if (external_delivery_required && !external_delivery_enabled) { structural_warnings.push( make_allocation_warning(
lib\calculations\cost-allocation\costAllocationWarnings.js,costAllocationWarnings.js,lib,151,structural_warnings,snake_case,warning_id,warnings_field,cost-allocation,if (has_asset_structure_issue) { structural_warnings.push( make_allocation_warning(
lib\calculations\cost-allocation\costAllocationWarnings.js,costAllocationWarnings.js,lib,160,structural_warnings,snake_case,warning_id,warnings_field,cost-allocation,if (has_productive_asset_zero_utilisation) { structural_warnings.push( make_allocation_warning(
lib\calculations\cost-allocation\costAllocationWarnings.js,costAllocationWarnings.js,lib,169,structural_warnings,snake_case,warning_id,warnings_field,cost-allocation,if (has_asset_without_labour_driver_group) { structural_warnings.push( make_allocation_warning(
lib\calculations\cost-allocation\costAllocationWarnings.js,costAllocationWarnings.js,lib,178,structural_warnings,snake_case,warning_id,warnings_field,cost-allocation,if (has_labour_without_productive_capacity_group) { structural_warnings.push( make_allocation_warning(
lib\calculations\cost-allocation\costAllocationWarnings.js,costAllocationWarnings.js,lib,187,structural_warnings,snake_case,warning_id,warnings_field,cost-allocation,if (has_unassigned_cost) { structural_warnings.push( make_allocation_warning(
lib\calculations\cost-allocation\costAllocationWarnings.js,costAllocationWarnings.js,lib,196,structural_warnings,snake_case,warning_id,warnings_field,cost-allocation,if (duplicate_link_warnings.length > 0) { structural_warnings.push( make_allocation_warning(
lib\calculations\cost-allocation\costAllocationWarnings.js,costAllocationWarnings.js,lib,205,structural_warnings,snake_case,warning_id,warnings_field,cost-allocation,if (invalid_operational_groups > 0) { structural_warnings.push( make_allocation_warning(
lib\calculations\cost-allocation\costAllocationWarnings.js,costAllocationWarnings.js,lib,215,structural_warnings,snake_case,warning_id,warnings_field,cost-allocation,"setup_warnings, structural_warnings, allocation_warnings: [...setup_warnings, ...structural_warnings],"
lib\calculations\cost-allocation\costAllocationWarnings.js,costAllocationWarnings.js,lib,216,structural_warnings,snake_case,warning_id,warnings_field,cost-allocation,"structural_warnings, allocation_warnings: [...setup_warnings, ...structural_warnings], };"
lib\calculations\cost-allocation\costAllocationWarnings.js,costAllocationWarnings.js,lib,31,structural_warnings,snake_case,declaration,warnings_field,cost-allocation,const setup_warnings = []; const structural_warnings = [];
lib\calculations\cost-allocation\costAllocationWarnings.js,costAllocationWarnings.js,lib,97,structural_warnings,snake_case,warning_id,warnings_field,cost-allocation,if (has_low_staff_coverage) { structural_warnings.push( make_allocation_warning(
lib\calculations\costAllocationRules.js,costAllocationRules.js,lib,314,structural_warnings,snake_case,declaration,warnings_field,cost-allocation,const structural_warnings = safe_array(built_warnings.structural_warnings);
lib\calculations\costAllocationRules.js,costAllocationRules.js,lib,316,structural_warnings,snake_case,warning_id,warnings_field,cost-allocation,"const allocation_warnings = [...setup_warnings, ...structural_warnings];"
lib\calculations\costAllocationRules.js,costAllocationRules.js,lib,393,structural_warnings,snake_case,warning_id,warnings_field,cost-allocation,"setup_warnings, structural_warnings, allocation_warnings,"
lib\selectors\cost-allocation\costAllocationCardSections.js,costAllocationCardSections.js,lib,286,structural_warnings,snake_case,object_key,warnings_field,cost-allocation,"setup_warnings: unique_setup_warnings, structural_warnings: unique_structural_warnings, supporting_warnings: unique_warnings.slice(0, 5),"
lib\selectors\cost-allocation\costAllocationCardSections.js,costAllocationCardSections.js,lib,428,structural_warnings,snake_case,warning_id,warnings_field,cost-allocation,"setup_warnings, structural_warnings, allocation_warnings,"
lib\selectors\cost-allocation\costAllocationCardSections.js,costAllocationCardSections.js,lib,436,structural_warnings,snake_case,warning_id,warnings_field,cost-allocation,"setup_warnings, structural_warnings, allocation_warnings,"
lib\selectors\cost-allocation\costAllocationCardSelectors.js,costAllocationCardSelectors.js,lib,103,structural_warnings,snake_case,warning_id,warnings_field,cost-allocation,const unique_setup_warnings = get_unique_warnings([setup_warnings]); const unique_structural_warnings = get_unique_warnings([structural_warnings]); const unique_warnings = get_unique_warnings([allocation_warnings]);
lib\selectors\cost-allocation\costAllocationCardSelectors.js,costAllocationCardSelectors.js,lib,117,structural_warnings,snake_case,warning_id,warnings_field,cost-allocation,"setup_warnings, structural_warnings, allocation_warnings,"
lib\selectors\cost-allocation\costAllocationCardSelectors.js,costAllocationCardSelectors.js,lib,63,structural_warnings,snake_case,declaration,warnings_field,cost-allocation,const setup_warnings = calculated?.setup_warnings ?? []; const structural_warnings = calculated?.structural_warnings ?? []; const allocation_warnings = calculated?.allocation_warnings ?? [
lib\selectors\cost-allocation\costAllocationCardSelectors.js,costAllocationCardSelectors.js,lib,66,structural_warnings,snake_case,warning_id,warnings_field,cost-allocation,"...setup_warnings, ...structural_warnings, ];"
lib\selectors\cost-allocation\costAllocationCardSelectors.js,costAllocationCardSelectors.js,lib,94,structural_warnings,snake_case,warning_id,warnings_field,cost-allocation,const setup_warnings_count = setup_warnings.length; const structural_warnings_count = structural_warnings.length;
lib\selectors\cost-allocation\costAllocationStatusSelectors.js,costAllocationStatusSelectors.js,lib,11,structural_warnings,snake_case,declaration,warnings_field,cost-allocation,const setup_warnings = calculated?.setup_warnings ?? []; const structural_warnings = calculated?.structural_warnings ?? []; const allocation_warnings = calculated?.allocation_warnings ?? [
lib\selectors\cost-allocation\costAllocationStatusSelectors.js,costAllocationStatusSelectors.js,lib,14,structural_warnings,snake_case,warning_id,warnings_field,cost-allocation,"...setup_warnings, ...structural_warnings, ];"
lib\selectors\cost-allocation\costAllocationStatusSelectors.js,costAllocationStatusSelectors.js,lib,23,structural_warnings,snake_case,warning_id,warnings_field,cost-allocation,"setup_warnings.length, structural_warnings.length );"
lib\selectors\cost-allocation\costAllocationStatusSelectors.js,costAllocationStatusSelectors.js,lib,36,structural_warnings,snake_case,warning_id,warnings_field,cost-allocation,"setup_warnings, structural_warnings, allocation_warnings,"
lib\selectors\cost-allocation\costAllocationStatusSelectors.js,costAllocationStatusSelectors.js,lib,86,structural_warnings,snake_case,warning_id,warnings_field,cost-allocation,"setup_warnings_count: setup_warnings.length, structural_warnings_count: structural_warnings.length, warnings_count: allocation_warnings.length,"
lib\selectors\cost-allocation\costAllocationCardSections.js,costAllocationCardSections.js,lib,287,supporting_warnings,snake_case,object_key,warnings_field,cost-allocation,"structural_warnings: unique_structural_warnings, supporting_warnings: unique_warnings.slice(0, 5), additional_warnings: unique_warnings.slice(5),"
lib\selectors\cost-allocation\costAllocationCardSections.js,costAllocationCardSections.js,lib,269,unique_setup_warnings,snake_case,warning_id,warnings_field,cost-allocation,"structural_warnings_count, unique_setup_warnings, unique_structural_warnings,"
lib\selectors\cost-allocation\costAllocationCardSections.js,costAllocationCardSections.js,lib,285,unique_setup_warnings,snake_case,warning_id,warnings_field,cost-allocation,"}), setup_warnings: unique_setup_warnings, structural_warnings: unique_structural_warnings,"
lib\selectors\cost-allocation\costAllocationCardSelectors.js,costAllocationCardSelectors.js,lib,102,unique_setup_warnings,snake_case,declaration,warnings_field,cost-allocation,const unique_setup_warnings = get_unique_warnings([setup_warnings]); const unique_structural_warnings = get_unique_warnings([structural_warnings]);
lib\selectors\cost-allocation\costAllocationCardSelectors.js,costAllocationCardSelectors.js,lib,140,unique_setup_warnings,snake_case,warning_id,warnings_field,cost-allocation,"status_copy, unique_setup_warnings, unique_structural_warnings,"
lib\selectors\cost-allocation\costAllocationCardSections.js,costAllocationCardSections.js,lib,270,unique_structural_warnings,snake_case,warning_id,warnings_field,cost-allocation,"unique_setup_warnings, unique_structural_warnings, unique_warnings,"
lib\selectors\cost-allocation\costAllocationCardSections.js,costAllocationCardSections.js,lib,286,unique_structural_warnings,snake_case,warning_id,warnings_field,cost-allocation,"setup_warnings: unique_setup_warnings, structural_warnings: unique_structural_warnings, supporting_warnings: unique_warnings.slice(0, 5),"
lib\selectors\cost-allocation\costAllocationCardSelectors.js,costAllocationCardSelectors.js,lib,103,unique_structural_warnings,snake_case,declaration,warnings_field,cost-allocation,const unique_setup_warnings = get_unique_warnings([setup_warnings]); const unique_structural_warnings = get_unique_warnings([structural_warnings]); const unique_warnings = get_unique_warnings([allocation_warnings]);
lib\selectors\cost-allocation\costAllocationCardSelectors.js,costAllocationCardSelectors.js,lib,141,unique_structural_warnings,snake_case,warning_id,warnings_field,cost-allocation,"unique_setup_warnings, unique_structural_warnings, unique_warnings,"
lib\selectors\cost-allocation\costAllocationCardSections.js,costAllocationCardSections.js,lib,271,unique_warnings,snake_case,warning_id,warnings_field,cost-allocation,"unique_structural_warnings, unique_warnings, division_counts,"
lib\selectors\cost-allocation\costAllocationCardSections.js,costAllocationCardSections.js,lib,287,unique_warnings,snake_case,warning_id,warnings_field,cost-allocation,"structural_warnings: unique_structural_warnings, supporting_warnings: unique_warnings.slice(0, 5), additional_warnings: unique_warnings.slice(5),"
lib\selectors\cost-allocation\costAllocationCardSections.js,costAllocationCardSections.js,lib,288,unique_warnings,snake_case,warning_id,warnings_field,cost-allocation,"supporting_warnings: unique_warnings.slice(0, 5), additional_warnings: unique_warnings.slice(5),"
lib\selectors\cost-allocation\costAllocationCardSelectors.js,costAllocationCardSelectors.js,lib,104,unique_warnings,snake_case,declaration,warnings_field,cost-allocation,const unique_structural_warnings = get_unique_warnings([structural_warnings]); const unique_warnings = get_unique_warnings([allocation_warnings]);
lib\selectors\cost-allocation\costAllocationCardSelectors.js,costAllocationCardSelectors.js,lib,142,unique_warnings,snake_case,warning_id,warnings_field,cost-allocation,"unique_structural_warnings, unique_warnings,"
lib\selectors\cost-allocation\costAllocationCardSections.js,costAllocationCardSections.js,lib,434,warnings,plain,object_key,warnings_field,cost-allocation,"return { warnings: all_warnings, setup_warnings,"
lib\selectors\cost-allocation\costAllocationDisplayHelpers.js,costAllocationDisplayHelpers.js,lib,176,warnings,plain,declaration,warnings_field,cost-allocation,const seen = new Set(); const warnings = [];
lib\selectors\cost-allocation\costAllocationStatusSelectors.js,costAllocationStatusSelectors.js,lib,88,warnings,plain,object_key,warnings_field,cost-allocation,"warnings_count: allocation_warnings.length, warnings: allocation_warnings, };"
components\cost-allocation\divisions\CostAllocationDivisionCostSummary.jsx,CostAllocationDivisionCostSummary.jsx,components,60,allocation_status,snake_case,snake_case_reference,status_field,cost-summary,"value={formatMoney(row.total_division_cost)} help={row.allocation_status || ""review_required""} />"
lib\selectors\businessSummarySelectors.js,businessSummarySelectors.js,lib,115,cost_summary_not_ready,snake_case,snake_case_reference,readiness_field,cost-summary,"warnings.push({ warning_id: ""cost_summary_not_ready"", message:"
lib\selectors\businessSummarySelectors.js,businessSummarySelectors.js,lib,113,cost_summary_ready,snake_case,snake_case_reference,readiness_field,cost-summary,if (!cost_summary_ready) { warnings.push({
lib\selectors\businessSummarySelectors.js,businessSummarySelectors.js,lib,160,cost_summary_ready,snake_case,snake_case_reference,readiness_field,cost-summary,"revenue_cogs_ready, cost_summary_ready, };"
lib\selectors\businessSummarySelectors.js,businessSummarySelectors.js,lib,41,cost_summary_ready,snake_case,declaration,readiness_field,cost-summary,const revenue_cogs_ready = calculations.revenue_cogs_ready === true; const cost_summary_ready = calculations.cost_summary_ready === true; const warnings = [];
lib\selectors\costSummarySelectors.js,costSummarySelectors.js,lib,146,has_recovery_hours,snake_case,declaration,readiness_field,cost-summary,); const has_recovery_hours = toNumber(calculations?.total_recovery_hours) > 0;
lib\selectors\costSummarySelectors.js,costSummarySelectors.js,lib,166,has_recovery_hours,snake_case,snake_case_reference,readiness_field,cost-summary,if (!has_recovery_hours) { warnings.push(
lib\selectors\costSummarySelectors.js,costSummarySelectors.js,lib,191,has_recovery_hours,snake_case,snake_case_reference,readiness_field,cost-summary,"general_overheads_label: has_general_overhead_data ? ""Connected"" : ""Missing"", recovery_hours_label: has_recovery_hours ? calculations.total_recovery_hours.toFixed(0)"
lib\selectors\costSummarySelectors.js,costSummarySelectors.js,lib,200,has_recovery_hours,snake_case,snake_case_reference,readiness_field,cost-summary,"warnings: [...warnings, ...warning_checks], is_ready: model_ready && has_recovery_hours, model_ready,"
lib\selectors\costSummarySelectors.js,costSummarySelectors.js,lib,200,is_ready,snake_case,object_key,readiness_field,cost-summary,"warnings: [...warnings, ...warning_checks], is_ready: model_ready && has_recovery_hours, model_ready,"
components\cost-summary\CostSummaryStatusStrip.jsx,CostSummaryStatusStrip.jsx,components,66,normalized_status,snake_case,declaration,status_field,cost-summary,"}); const normalized_status = String(model_readiness_status || """").toLowerCase(); const status_title = !model_ready"
components\cost-summary\CostSummaryStatusStrip.jsx,CostSummaryStatusStrip.jsx,components,69,normalized_status,snake_case,snake_case_reference,status_field,cost-summary,"? ""Cost Summary Not Trusted"" : normalized_status === ""warning"" ? ""Cost Summary Ready With Warnings"""
components\cost-summary\CostSummaryStatusStrip.jsx,CostSummaryStatusStrip.jsx,components,74,normalized_status,snake_case,snake_case_reference,status_field,cost-summary,"? ""Model Readiness is blocked. Fix the listed setup modules before treating Cost Summary as a trusted downstream baseline."" : normalized_status === ""warning"" ? ""The model is usable, but warning checks remain visible for review before downstream decisions."""
app\cost-summary\page.jsx,page.jsx,app,14,status,plain,destructured_name,status_field,cost-summary,"const { status, card } = useCostSummary({ labour: model_readiness.modules.labour,"
hooks\useCostSummary.js,useCostSummary.js,hooks,95,status,plain,declaration,status_field,cost-summary,"const status = buildCostSummaryStatus({ labour_data,"
lib\selectors\costSummarySelectors.js,costSummarySelectors.js,lib,131,warnings,plain,declaration,warnings_field,cost-summary,}) { const warnings = []; const missing_modules = [];
lib\selectors\costSummarySelectors.js,costSummarySelectors.js,lib,199,warnings,plain,object_key,warnings_field,cost-summary,"missing_modules, warnings: [...warnings, ...warning_checks], is_ready: model_ready && has_recovery_hours,"
app\dev\model-readiness\page.jsx,page.jsx,app,164,has_employee_overheads,snake_case,snake_case_reference,readiness_field,employee-overheads-legacy,"[ ""has_employee_overheads"", status.normalised_reconciliation_inputs?.has_employee_overheads,"
app\dev\model-readiness\page.jsx,page.jsx,app,165,has_employee_overheads,snake_case,snake_case_reference,readiness_field,employee-overheads-legacy,"""has_employee_overheads"", status.normalised_reconciliation_inputs?.has_employee_overheads, ],"
app\model-readiness\page.jsx,page.jsx,app,95,has_employee_overheads,snake_case,snake_case_reference,readiness_field,employee-overheads-legacy,"[ ""has_employee_overheads"", status.normalised_reconciliation_inputs?.has_employee_overheads,"
app\model-readiness\page.jsx,page.jsx,app,96,has_employee_overheads,snake_case,snake_case_reference,readiness_field,employee-overheads-legacy,"""has_employee_overheads"", status.normalised_reconciliation_inputs?.has_employee_overheads, ],"
lib\reconciliation\reconciliationRules.js,reconciliationRules.js,lib,27,has_employee_overheads,snake_case,snake_case_reference,readiness_field,employee-overheads-legacy,"label: ""Employee overheads detected"", message: has_employee_overheads ? ""The P&L still contains employee overheads, which must be reconciled into general overheads for v3.6 readiness."""
lib\reconciliation\reconciliationRules.js,reconciliationRules.js,lib,30,has_employee_overheads,snake_case,snake_case_reference,readiness_field,employee-overheads-legacy,": ""No employee overheads are present in the P&L."", status: has_employee_overheads ? ""fail"" : ""pass"", is_blocking: has_employee_overheads,"
lib\reconciliation\reconciliationRules.js,reconciliationRules.js,lib,31,has_employee_overheads,snake_case,snake_case_reference,readiness_field,employee-overheads-legacy,"status: has_employee_overheads ? ""fail"" : ""pass"", is_blocking: has_employee_overheads, is_warning: false,"
lib\reconciliation\reconciliationRules.js,reconciliationRules.js,lib,366,has_employee_overheads,snake_case,object_key,readiness_field,employee-overheads-legacy,"no_active_assets_confirmed, has_employee_overheads: employee_overheads_check.status !== ""pass"", has_legacy_running_costs: legacy_running_cost_check.status !== ""pass"","
components\employee-overheads\EmployeeOverheadCustomList.jsx,EmployeeOverheadCustomList.jsx,components,108,is_active,snake_case,snake_case_reference,readiness_field,employee-overheads-legacy,"<div className=""mt-2 text-sm text-[var(--text-muted)]""> {row.is_active ? ""Active"" : ""Inactive""} </div>"
components\employee-overheads\EmployeeOverheadCustomList.jsx,EmployeeOverheadCustomList.jsx,components,21,is_active,snake_case,snake_case_reference,readiness_field,employee-overheads-legacy,}) { const active_library_items = library_items.filter((item) => item.is_active);
components\employee-overheads\EmployeeOverheadLibraryCard.jsx,EmployeeOverheadLibraryCard.jsx,components,141,is_active,snake_case,snake_case_reference,readiness_field,employee-overheads-legacy,"<div className=""mt-2 text-sm text-[var(--text-muted)]""> {item.is_active ? ""Active"" : ""Inactive""} • Default{"" ""} {format_currency(item.default_amount_annual)}"
hooks\useEmployeeOverheads.js,useEmployeeOverheads.js,hooks,106,is_active,snake_case,object_key,readiness_field,employee-overheads-legacy,"staff_role: profile.staff_role || """", is_active: Boolean(profile.is_active ?? true), }));"
hooks\useEmployeeOverheads.js,useEmployeeOverheads.js,hooks,186,is_active,snake_case,snake_case_reference,readiness_field,employee-overheads-legacy,(item) => item.custom_overhead_template_id === template_id && item.is_active ) || null;
hooks\useEmployeeOverheads.js,useEmployeeOverheads.js,hooks,230,is_active,snake_case,object_key,readiness_field,employee-overheads-legacy,"function deactivateCustomAssignmentRow(staff_overhead_item_id) { updateCustomAssignmentRow(staff_overhead_item_id, { is_active: false }); }"
hooks\useEmployeeOverheads.js,useEmployeeOverheads.js,hooks,247,is_active,snake_case,object_key,readiness_field,employee-overheads-legacy,"effective_from: new Date().toISOString(), is_active: true, updated_at: new Date().toISOString(),"
hooks\useEmployeeOverheads.js,useEmployeeOverheads.js,hooks,38,is_active,snake_case,snake_case_reference,readiness_field,employee-overheads-legacy,if (Array.isArray(labour.active_profiles) && labour.active_profiles.length > 0) { return labour.active_profiles.filter((profile) => profile && profile.is_active); }
hooks\useEmployeeOverheads.js,useEmployeeOverheads.js,hooks,43,is_active,snake_case,snake_case_reference,readiness_field,employee-overheads-legacy,const explicitly_active = labour.profiles.filter( (profile) => profile && profile.is_active );
hooks\useEmployeeOverheads.js,useEmployeeOverheads.js,hooks,55,is_active,snake_case,snake_case_reference,readiness_field,employee-overheads-legacy,const explicitly_active = labour.saved_profiles.filter( (profile) => profile && profile.is_active );
hooks\useEmployeeOverheads.js,useEmployeeOverheads.js,hooks,67,is_active,snake_case,snake_case_reference,readiness_field,employee-overheads-legacy,const explicitly_active = labour.profile_list.filter( (profile) => profile && profile.is_active );
lib\calculations\employeeOverheadCalculations.js,employeeOverheadCalculations.js,lib,20,is_active,snake_case,snake_case_reference,readiness_field,employee-overheads-legacy,"const active_custom_overheads_total_annual = custom_assignment_rows .filter((row) => row && row.is_active) .reduce((sum, row) => sum + to_number(row.amount_annual), 0);"
lib\calculations\employeeOverheadCalculations.js,employeeOverheadCalculations.js,lib,42,is_active,snake_case,snake_case_reference,readiness_field,employee-overheads-legacy,const active_profiles = Array.isArray(profiles) ? profiles.filter((profile) => profile && profile.is_active) : [];
lib\selectors\employeeOverheadSelectors.js,employeeOverheadSelectors.js,lib,111,is_active,snake_case,snake_case_reference,readiness_field,employee-overheads-legacy,? labour_profiles .filter((profile) => profile && profile.is_active) .map((profile) => profile.staff_id)
lib\selectors\employeeOverheadSelectors.js,employeeOverheadSelectors.js,lib,120,is_active,snake_case,snake_case_reference,readiness_field,employee-overheads-legacy,profile && profile.is_active && active_labour_staff_ids.has(profile.staff_id)
lib\selectors\employeeOverheadSelectors.js,employeeOverheadSelectors.js,lib,15,is_active,snake_case,snake_case_reference,readiness_field,employee-overheads-legacy,const active_labour_profiles = Array.isArray(labour_profiles) ? labour_profiles.filter((profile) => profile && profile.is_active) : [];
lib\selectors\employeeOverheadSelectors.js,employeeOverheadSelectors.js,lib,43,is_active,snake_case,snake_case_reference,readiness_field,employee-overheads-legacy,const active_labour_profiles = Array.isArray(labour_profiles) ? labour_profiles.filter((profile) => profile && profile.is_active) : [];
lib\selectors\employeeOverheadSelectors.js,employeeOverheadSelectors.js,lib,51,is_active,snake_case,object_key,readiness_field,employee-overheads-legacy,"staff_role: profile.staff_role || """", is_active: Boolean(profile.is_active), }))"
lib\selectors\employeeOverheadSelectors.js,employeeOverheadSelectors.js,lib,69,is_active,snake_case,snake_case_reference,readiness_field,employee-overheads-legacy,? labour_profiles .filter((profile) => profile && profile.is_active) .map((profile) => profile.staff_id)
lib\selectors\employeeOverheadSelectors.js,employeeOverheadSelectors.js,lib,78,is_active,snake_case,snake_case_reference,readiness_field,employee-overheads-legacy,profile && profile.is_active && active_labour_staff_ids.has(profile.staff_id)
lib\storage\employeeOverheadLibraryStorage.js,employeeOverheadLibraryStorage.js,lib,47,is_active,snake_case,object_key,readiness_field,employee-overheads-legacy,"default_amount_annual: Number(default_amount_annual) || 0, is_active: true, created_at: now,"
lib\storage\employeeOverheadLibraryStorage.js,employeeOverheadLibraryStorage.js,lib,85,is_active,snake_case,object_key,readiness_field,employee-overheads-legacy,"...item, is_active: false, updated_at: get_now_iso(),"
lib\storage\employeeOverheadProfileStorage.js,employeeOverheadProfileStorage.js,lib,104,is_active,snake_case,snake_case_reference,readiness_field,employee-overheads-legacy,return ( profiles.find((profile) => profile.staff_id === staff_id && profile.is_active) || null
lib\storage\employeeOverheadProfileStorage.js,employeeOverheadProfileStorage.js,lib,114,is_active,snake_case,snake_case_reference,readiness_field,employee-overheads-legacy,(profile) => profile.staff_id === next_profile.staff_id && profile.is_active === true );
lib\storage\employeeOverheadProfileStorage.js,employeeOverheadProfileStorage.js,lib,125,is_active,snake_case,object_key,readiness_field,employee-overheads-legacy,"...profile, is_active: false, updated_at: get_now_iso(),"
lib\storage\employeeOverheadProfileStorage.js,employeeOverheadProfileStorage.js,lib,137,is_active,snake_case,object_key,readiness_field,employee-overheads-legacy,"next_profile.employee_overhead_profile_id || generate_id(""eop""), is_active: true, created_at: next_profile.created_at || get_now_iso(),"
lib\storage\employeeOverheadProfileStorage.js,employeeOverheadProfileStorage.js,lib,54,is_active,snake_case,object_key,readiness_field,employee-overheads-legacy,"effective_from: now, is_active: true, created_at: now,"
lib\storage\employeeOverheadProfileStorage.js,employeeOverheadProfileStorage.js,lib,73,is_active,snake_case,object_key,readiness_field,employee-overheads-legacy,"amount_annual: Number(template?.default_amount_annual) || 0, is_active: true, created_at: now,"
lib\storage\employeeOverheadProfileStorage.js,employeeOverheadProfileStorage.js,lib,94,is_active,snake_case,object_key,readiness_field,employee-overheads-legacy,"amount_annual: Number(amount_annual) || 0, is_active: true, created_at: now,"
components\employee-overheads\EmployeeOverheadHelpPanel.jsx,EmployeeOverheadHelpPanel.jsx,components,23,is_open,snake_case,snake_case_reference,readiness_field,employee-overheads-legacy,"> {is_open ? ""Collapse"" : ""Expand""} </button>"
components\employee-overheads\EmployeeOverheadHelpPanel.jsx,EmployeeOverheadHelpPanel.jsx,components,27,is_open,snake_case,snake_case_reference,readiness_field,employee-overheads-legacy,"{is_open && ( <div className=""mt-4 space-y-3 text-sm text-[var(--text-secondary)]"">"
components\employee-overheads\EmployeeOverheadHelpPanel.jsx,EmployeeOverheadHelpPanel.jsx,components,6,is_open,snake_case,array_destructured_name,readiness_field,employee-overheads-legacy,"export default function EmployeeOverheadHelpPanel() { const [is_open, setIsOpen] = useState(false);"
components\employee-overheads\EmployeeOverheadLibraryCard.jsx,EmployeeOverheadLibraryCard.jsx,components,21,is_open,snake_case,array_destructured_name,readiness_field,employee-overheads-legacy,"}) { const [is_open, setIsOpen] = useState(false); const [custom_overhead_name, setCustomOverheadName] = useState("""");"
components\employee-overheads\EmployeeOverheadLibraryCard.jsx,EmployeeOverheadLibraryCard.jsx,components,54,is_open,snake_case,snake_case_reference,readiness_field,employee-overheads-legacy,"> {is_open ? ""Collapse"" : ""Expand""} </button>"
components\employee-overheads\EmployeeOverheadLibraryCard.jsx,EmployeeOverheadLibraryCard.jsx,components,58,is_open,snake_case,snake_case_reference,readiness_field,employee-overheads-legacy,{is_open && ( <>
hooks\useEmployeeOverheads.js,useEmployeeOverheads.js,hooks,265,status,plain,declaration,status_field,employee-overheads-legacy,const status = useMemo(() => { return buildEmployeeOverheadStatus({
lib\selectors\employeeOverheadSelectors.js,employeeOverheadSelectors.js,lib,18,warnings,plain,declaration,warnings_field,employee-overheads-legacy,const warnings = [];
components\general-overheads\GeneralOverheadStatusStrip.jsx,GeneralOverheadStatusStrip.jsx,components,26,Ready,PascalCase,quoted_object_key,readiness_field,general-overheads,"<span className=""ui-pill""> {is_ready ? ""Ready"" : `${warning_count} warnings`} </span>"
components\general-overheads\GeneralOverheadReclassificationGroup.jsx,GeneralOverheadReclassificationGroup.jsx,components,82,allocation_pool_status,snake_case,snake_case_reference,status_field,general-overheads,"<div className=""labour-summary-table-value""> {format_status(group?.allocation_pool_status)} </div>"
components\general-overheads\GeneralOverheadSummaryCard.jsx,GeneralOverheadSummaryCard.jsx,components,93,allocation_pool_status,snake_case,snake_case_reference,status_field,general-overheads,"<div className=""mt-1 text-sm text-[var(--text-primary)]""> {format_pool_status(group.allocation_pool_status)} </div>"
lib\selectors\general-overheads\generalOverheadAllocationSelectors.js,generalOverheadAllocationSelectors.js,lib,316,allocation_pool_status,snake_case,object_key,status_field,general-overheads,"allocation_pool_remaining: 0, allocation_pool_status: ""unallocated"", total_amount: 0,"
lib\selectors\general-overheads\generalOverheadAllocationSelectors.js,generalOverheadAllocationSelectors.js,lib,589,allocation_pool_status,snake_case,object_key,status_field,general-overheads,"allocation_pool_remaining: remaining_amount, allocation_pool_status: get_pool_status( group.source_total_amount,"
lib\selectors\general-overheads\generalOverheadPoolSelectors.js,generalOverheadPoolSelectors.js,lib,97,allocation_pool_status,snake_case,object_key,status_field,general-overheads,"allocation_pool_remaining: group.allocation_pool_remaining, allocation_pool_status: group.allocation_pool_status, })),"
lib\selectors\general-overheads\generalOverheadWarnings.js,generalOverheadWarnings.js,lib,21,allocation_pool_status,snake_case,snake_case_reference,status_field,general-overheads,"group_summaries.forEach((group) => { if (group.allocation_pool_status === ""over_allocated"") { warnings.push({"
lib\selectors\general-overheads\generalOverheadWarnings.js,generalOverheadWarnings.js,lib,29,allocation_pool_status,snake_case,snake_case_reference,status_field,general-overheads,"if (group.allocation_pool_status === ""partially_allocated"") { warnings.push({"
hooks\useGeneralOverheads.js,useGeneralOverheads.js,hooks,512,allocation_pool_warnings,snake_case,object_key,warnings_field,general-overheads,"allocation_outputs.unallocated_overhead_amount, allocation_pool_warnings: allocation_outputs.allocation_pool_warnings, allocation_pool_summaries: allocation_outputs.allocation_pool_summaries,"
lib\selectors\general-overheads\generalOverheadPoolSelectors.js,generalOverheadPoolSelectors.js,lib,109,allocation_pool_warnings,snake_case,object_key,warnings_field,general-overheads,"), allocation_pool_warnings: build_allocation_pool_warnings( allocation_rows,"
lib\selectors\general-overheads\generalOverheadPoolSelectors.js,generalOverheadPoolSelectors.js,lib,109,build_allocation_pool_warnings,snake_case,warning_id,warnings_field,general-overheads,"), allocation_pool_warnings: build_allocation_pool_warnings( allocation_rows,"
lib\selectors\general-overheads\generalOverheadPoolSelectors.js,generalOverheadPoolSelectors.js,lib,9,build_allocation_pool_warnings,snake_case,warning_id,warnings_field,general-overheads,"import { build_grouped_rows } from ""./generalOverheadAllocationSelectors""; import { build_allocation_pool_warnings } from ""./generalOverheadWarnings"";"
lib\selectors\general-overheads\generalOverheadWarnings.js,generalOverheadWarnings.js,lib,3,build_allocation_pool_warnings,snake_case,warning_id,warnings_field,general-overheads,"export function build_allocation_pool_warnings(rows = [], group_summaries = []) { const warnings = [];"
hooks\useGeneralOverheads.js,useGeneralOverheads.js,hooks,18,build_general_overhead_status,snake_case,snake_case_reference,status_field,general-overheads,"import { build_general_overhead_status, build_general_overhead_card,"
hooks\useGeneralOverheads.js,useGeneralOverheads.js,hooks,710,build_general_overhead_status,snake_case,snake_case_reference,status_field,general-overheads,"const status = build_general_overhead_status({ overhead_state,"
lib\selectors\general-overheads\generalOverheadCardSelector.js,generalOverheadCardSelector.js,lib,10,build_general_overhead_status,snake_case,snake_case_reference,status_field,general-overheads,"export function build_general_overhead_status({ overhead_state,"
lib\selectors\generalOverheadSelectors.js,generalOverheadSelectors.js,lib,12,build_general_overhead_status,snake_case,snake_case_reference,status_field,general-overheads,"export { build_general_overhead_status, build_general_overhead_card,"
components\general-overheads\GeneralOverheadSummaryCard.jsx,GeneralOverheadSummaryCard.jsx,components,54,format_pool_status,snake_case,snake_case_reference,status_field,general-overheads,function format_pool_status(status) { const labels = {
components\general-overheads\GeneralOverheadSummaryCard.jsx,GeneralOverheadSummaryCard.jsx,components,93,format_pool_status,snake_case,snake_case_reference,status_field,general-overheads,"<div className=""mt-1 text-sm text-[var(--text-primary)]""> {format_pool_status(group.allocation_pool_status)} </div>"
components\general-overheads\GeneralOverheadReclassificationGroup.jsx,GeneralOverheadReclassificationGroup.jsx,components,14,format_status,snake_case,snake_case_reference,status_field,general-overheads,function format_status(value) { const label_map = {
components\general-overheads\GeneralOverheadReclassificationGroup.jsx,GeneralOverheadReclassificationGroup.jsx,components,82,format_status,snake_case,snake_case_reference,status_field,general-overheads,"<div className=""labour-summary-table-value""> {format_status(group?.allocation_pool_status)} </div>"
app\dev\model-readiness\page.jsx,page.jsx,app,152,general_overheads_ready,snake_case,snake_case_reference,readiness_field,general-overheads,"[ ""general_overheads_ready"", status.normalised_reconciliation_inputs?.general_overheads_ready,"
app\dev\model-readiness\page.jsx,page.jsx,app,153,general_overheads_ready,snake_case,snake_case_reference,readiness_field,general-overheads,"""general_overheads_ready"", status.normalised_reconciliation_inputs?.general_overheads_ready, ],"
app\dev\model-readiness\page.jsx,page.jsx,app,78,general_overheads_ready,snake_case,snake_case_reference,readiness_field,general-overheads,"[""total_productive_output"", status.total_productive_output], [""general_overheads_ready"", status.general_overheads_ready], [""labour_ready"", status.labour_ready],"
app\model-readiness\page.jsx,page.jsx,app,31,general_overheads_ready,snake_case,snake_case_reference,readiness_field,general-overheads,"[""total_productive_output"", status.total_productive_output, ""number""], [""general_overheads_ready"", status.general_overheads_ready], [""labour_ready"", status.labour_ready],"
app\model-readiness\page.jsx,page.jsx,app,89,general_overheads_ready,snake_case,snake_case_reference,readiness_field,general-overheads,"[ ""general_overheads_ready"", status.normalised_reconciliation_inputs?.general_overheads_ready,"
app\model-readiness\page.jsx,page.jsx,app,90,general_overheads_ready,snake_case,snake_case_reference,readiness_field,general-overheads,"""general_overheads_ready"", status.normalised_reconciliation_inputs?.general_overheads_ready, ],"
hooks\useGeneralOverheads.js,useGeneralOverheads.js,hooks,479,general_overheads_ready,snake_case,object_key,readiness_field,general-overheads,"category_totals, general_overheads_ready: Number.isFinite(Number(calculated.total_general_overheads)) &&"
lib\reconciliation\moduleReconciliation.js,moduleReconciliation.js,lib,39,general_overheads_ready,snake_case,object_key,readiness_field,general-overheads,"acc_rate_percent: reconciliation.acc_rate_percent, general_overheads_ready: reconciliation.general_overheads_ready, };"
lib\reconciliation\reconciliationRules.js,reconciliationRules.js,lib,261,general_overheads_ready,snake_case,declaration,readiness_field,general-overheads,const general_overheads_ready = Boolean(general_overheads_status.is_ready);
lib\reconciliation\reconciliationRules.js,reconciliationRules.js,lib,360,general_overheads_ready,snake_case,snake_case_reference,readiness_field,general-overheads,"general_overheads_ready, labour_ready,"
lib\reconciliation\reconciliationRules.js,reconciliationRules.js,lib,419,general_overheads_ready,snake_case,snake_case_reference,readiness_field,general-overheads,"general_overheads_ready,"
lib\reconciliation\reconciliationRules.js,reconciliationRules.js,lib,261,general_overheads_status,snake_case,snake_case_reference,status_field,general-overheads,const general_overheads_ready = Boolean(general_overheads_status.is_ready);
lib\reconciliation\reconciliationRules.js,reconciliationRules.js,lib,290,general_overheads_status,snake_case,snake_case_reference,status_field,general-overheads,"getModuleReadyCheck(""Labour"", labour_ready), getModuleReadyCheck(""General Overheads"", general_overheads_status.is_ready), ];"
lib\selectors\general-overheads\generalOverheadAllocationSelectors.js,generalOverheadAllocationSelectors.js,lib,151,get_pool_status,snake_case,snake_case_reference,status_field,general-overheads,"function get_pool_status(source_total_amount, assigned_amount) { const source_total = format_allocation_amount(source_total_amount);"
lib\selectors\general-overheads\generalOverheadAllocationSelectors.js,generalOverheadAllocationSelectors.js,lib,589,get_pool_status,snake_case,snake_case_reference,status_field,general-overheads,"allocation_pool_remaining: remaining_amount, allocation_pool_status: get_pool_status( group.source_total_amount,"
lib\selectors\general-overheads\generalOverheadAllocationSelectors.js,generalOverheadAllocationSelectors.js,lib,205,has_amount_override,snake_case,snake_case_reference,readiness_field,general-overheads,"function has_amount_override(row_key, overhead_state) { const overrides = overhead_state?.system_allocation_amount_overrides ?? {};"
lib\selectors\general-overheads\generalOverheadAllocationSelectors.js,generalOverheadAllocationSelectors.js,lib,238,has_amount_override,snake_case,snake_case_reference,readiness_field,general-overheads,"const override_exists = has_amount_override(target.key, overhead_state);"
lib\selectors\general-overheads\generalOverheadAllocationSelectors.js,generalOverheadAllocationSelectors.js,lib,249,has_amount_override,snake_case,snake_case_reference,readiness_field,general-overheads,"return redistribution_config.targets.map((target) => { const override_exists = has_amount_override(target.key, overhead_state);"
lib\selectors\costSummarySelectors.js,costSummarySelectors.js,lib,142,has_general_overhead_data,snake_case,declaration,readiness_field,general-overheads,"); const has_general_overhead_data = Object.prototype.hasOwnProperty.call( general_overhead_data ?? {},"
lib\selectors\costSummarySelectors.js,costSummarySelectors.js,lib,159,has_general_overhead_data,snake_case,snake_case_reference,readiness_field,general-overheads,if (!has_general_overhead_data) { warnings.push(
lib\selectors\costSummarySelectors.js,costSummarySelectors.js,lib,190,has_general_overhead_data,snake_case,snake_case_reference,readiness_field,general-overheads,"asset_costs_label: has_asset_data ? ""Connected"" : ""Missing"", general_overheads_label: has_general_overhead_data ? ""Connected"" : ""Missing"", recovery_hours_label: has_recovery_hours"
components\employee-overheads\EmployeeOverheadStatusStrip.jsx,EmployeeOverheadStatusStrip.jsx,components,36,has_linked_overhead_profile,snake_case,snake_case_reference,readiness_field,general-overheads,"label=""Overhead Profile"" value={has_linked_overhead_profile ? ""Saved"" : ""Not Saved""} tone={has_linked_overhead_profile ? ""ok"" : ""warn""}"
components\employee-overheads\EmployeeOverheadStatusStrip.jsx,EmployeeOverheadStatusStrip.jsx,components,37,has_linked_overhead_profile,snake_case,snake_case_reference,readiness_field,general-overheads,"value={has_linked_overhead_profile ? ""Saved"" : ""Not Saved""} tone={has_linked_overhead_profile ? ""ok"" : ""warn""} />"
components\employee-overheads\EmployeeOverheadStatusStrip.jsx,EmployeeOverheadStatusStrip.jsx,components,6,has_linked_overhead_profile,snake_case,snake_case_reference,readiness_field,general-overheads,"selected_staff_found = false, has_linked_overhead_profile = false, warnings = [],"
lib\selectors\employeeOverheadSelectors.js,employeeOverheadSelectors.js,lib,36,has_linked_overhead_profile,snake_case,object_key,readiness_field,general-overheads,"selected_staff_found: Boolean(selected_staff_id), has_linked_overhead_profile: Boolean(active_profile), warnings,"
hooks\cost-allocation\useCostAllocationGroupRecoveryRows.js,useCostAllocationGroupRecoveryRows.js,hooks,239,has_overhead_burden,snake_case,object_key,readiness_field,general-overheads,"has_running_cost: running_cost_rate_per_hour > 0, has_overhead_burden: overhead_burden_rate_per_hour > 0, is_rate_ready: minimum_recoverable_rate_per_hour > 0,"
lib\selectors\general-overheads\generalOverheadAllocationSelectors.js,generalOverheadAllocationSelectors.js,lib,350,has_real_split_rows,snake_case,declaration,readiness_field,general-overheads,const has_real_split_rows = Boolean( balanced_config &&
lib\selectors\general-overheads\generalOverheadAllocationSelectors.js,generalOverheadAllocationSelectors.js,lib,363,has_real_split_rows,snake_case,snake_case_reference,readiness_field,general-overheads,const has_redistribution_pool = Boolean( has_real_split_rows && get_redistribution_pool_config(group.category_key) );
lib\selectors\general-overheads\generalOverheadAllocationSelectors.js,generalOverheadAllocationSelectors.js,lib,368,has_real_split_rows,snake_case,snake_case_reference,readiness_field,general-overheads,"balanced_config, has_real_split_rows, has_redistribution_pool,"
lib\selectors\general-overheads\generalOverheadAllocationSelectors.js,generalOverheadAllocationSelectors.js,lib,404,has_real_split_rows,snake_case,declaration,readiness_field,general-overheads,const balanced_config = runtime.balanced_config; const has_real_split_rows = runtime.has_real_split_rows === true; const has_redistribution_pool = runtime.has_redistribution_pool === true;
lib\selectors\general-overheads\generalOverheadAllocationSelectors.js,generalOverheadAllocationSelectors.js,lib,410,has_real_split_rows,snake_case,snake_case_reference,readiness_field,general-overheads,if (has_real_split_rows && is_balanced_child) { continue;
lib\selectors\general-overheads\generalOverheadAllocationSelectors.js,generalOverheadAllocationSelectors.js,lib,431,has_real_split_rows,snake_case,snake_case_reference,readiness_field,general-overheads,"if ( has_real_split_rows && is_balanced_child_key(child_entry.row.key, balanced_config)"
lib\selectors\general-overheads\generalOverheadAllocationSelectors.js,generalOverheadAllocationSelectors.js,lib,492,has_real_split_rows,snake_case,snake_case_reference,readiness_field,general-overheads,"is_hidden_when_real_split_rows_exist: Boolean( is_balanced_parent && has_real_split_rows ),"
lib\selectors\general-overheads\generalOverheadAllocationSelectors.js,generalOverheadAllocationSelectors.js,lib,362,has_redistribution_pool,snake_case,declaration,readiness_field,general-overheads,const has_redistribution_pool = Boolean( has_real_split_rows && get_redistribution_pool_config(group.category_key)
lib\selectors\general-overheads\generalOverheadAllocationSelectors.js,generalOverheadAllocationSelectors.js,lib,369,has_redistribution_pool,snake_case,snake_case_reference,readiness_field,general-overheads,"has_real_split_rows, has_redistribution_pool, });"
lib\selectors\general-overheads\generalOverheadAllocationSelectors.js,generalOverheadAllocationSelectors.js,lib,405,has_redistribution_pool,snake_case,declaration,readiness_field,general-overheads,const has_real_split_rows = runtime.has_real_split_rows === true; const has_redistribution_pool = runtime.has_redistribution_pool === true;
lib\selectors\general-overheads\generalOverheadAllocationSelectors.js,generalOverheadAllocationSelectors.js,lib,414,has_redistribution_pool,snake_case,snake_case_reference,readiness_field,general-overheads,if (has_redistribution_pool && !is_balanced_parent) { continue;
lib\selectors\general-overheads\generalOverheadAllocationSelectors.js,generalOverheadAllocationSelectors.js,lib,522,has_redistribution_pool,snake_case,snake_case_reference,readiness_field,general-overheads,if (!runtime.has_redistribution_pool) { continue;
components\general-overheads\GeneralOverheadProfilesCard.jsx,GeneralOverheadProfilesCard.jsx,components,4,is_active,snake_case,snake_case_reference,readiness_field,general-overheads,"effective_from, is_active, save_profile,"
components\general-overheads\GeneralOverheadProfilesCard.jsx,GeneralOverheadProfilesCard.jsx,components,57,is_active,snake_case,snake_case_reference,readiness_field,general-overheads,"</button> <span className=""ui-pill"">{is_active ? ""Active"" : ""Inactive""}</span> </div>"
hooks\useGeneralOverheads.js,useGeneralOverheads.js,hooks,334,is_active,snake_case,object_key,readiness_field,general-overheads,"is_active: current_overhead_state?.is_active !== false,"
lib\selectors\general-overheads\generalOverheadCardSelector.js,generalOverheadCardSelector.js,lib,76,is_active,snake_case,object_key,readiness_field,general-overheads,"effective_from: overhead_state.effective_from, is_active: overhead_state.is_active, save_profile: actions.save_profile,"
lib\storage\generalOverheadProfileStorage.js,generalOverheadProfileStorage.js,lib,37,is_active,snake_case,object_key,readiness_field,general-overheads,"profile.effective_from || profile.created_at || now, is_active: profile.is_active !== false, created_at: profile.created_at || now,"
lib\storage\generalOverheadProfileStorage.js,generalOverheadProfileStorage.js,lib,84,is_active,snake_case,object_key,readiness_field,general-overheads,"now, is_active: overhead_record.is_active !== false, created_at:"
lib\storage\generalOverheadStorage.js,generalOverheadStorage.js,lib,123,is_active,snake_case,object_key,readiness_field,general-overheads,"overhead_state.effective_from || overhead_state.created_at || """", is_active: overhead_state.is_active !== false, created_at: overhead_state.created_at || create_timestamp(),"
lib\storage\generalOverheadStorage.js,generalOverheadStorage.js,lib,58,is_active,snake_case,object_key,readiness_field,general-overheads,"effective_from: """", is_active: true, created_at: timestamp,"
lib\storage\generalOverheadStorage.js,generalOverheadStorage.js,lib,90,is_active,snake_case,object_key,readiness_field,general-overheads,"parsed.effective_from || parsed.created_at || fallback_state.effective_from, is_active: parsed.is_active !== false, created_at: parsed.created_at || fallback_state.created_at,"
components\general-overheads\GeneralOverheadReclassificationSection.jsx,GeneralOverheadReclassificationSection.jsx,components,6,is_allocation_only_amount,snake_case,snake_case_reference,readiness_field,general-overheads,"function resolve_row_amount_change(form, row, value) { if (row.is_allocation_only_amount || row.is_pool_split_row) { return;"
lib\selectors\general-overheads\generalOverheadAllocationSelectors.js,generalOverheadAllocationSelectors.js,lib,288,is_allocation_only_amount,snake_case,object_key,readiness_field,general-overheads,"is_pool_split_row: true, is_allocation_only_amount: true, is_assigned: to_number(amount) > 0,"
lib\selectors\general-overheads\generalOverheadAllocationSelectors.js,generalOverheadAllocationSelectors.js,lib,488,is_allocation_only_amount,snake_case,object_key,readiness_field,general-overheads,"is_pool_split_row: Boolean(is_balanced_child), is_allocation_only_amount: Boolean(is_balanced_child), is_assigned,"
lib\selectors\general-overheads\generalOverheadAllocationSelectors.js,generalOverheadAllocationSelectors.js,lib,289,is_assigned,snake_case,object_key,readiness_field,general-overheads,"is_allocation_only_amount: true, is_assigned: to_number(amount) > 0, is_pool_balance_row: false,"
lib\selectors\general-overheads\generalOverheadAllocationSelectors.js,generalOverheadAllocationSelectors.js,lib,459,is_assigned,snake_case,declaration,readiness_field,general-overheads,const is_asset_related_pool = Boolean(allocation_pool_key); const is_assigned = !is_balanced_parent &&
lib\selectors\general-overheads\generalOverheadAllocationSelectors.js,generalOverheadAllocationSelectors.js,lib,489,is_assigned,snake_case,snake_case_reference,readiness_field,general-overheads,"is_allocation_only_amount: Boolean(is_balanced_child), is_assigned, is_pool_balance_row: Boolean(is_balanced_parent),"
lib\selectors\general-overheads\generalOverheadAllocationSelectors.js,generalOverheadAllocationSelectors.js,lib,563,is_assigned,snake_case,snake_case_reference,readiness_field,general-overheads,"return row.is_assigned ? total + to_number(row.amount) : total; }, 0);"
lib\selectors\general-overheads\generalOverheadAllocationSelectors.js,generalOverheadAllocationSelectors.js,lib,293,is_auto_balance_row,snake_case,object_key,readiness_field,general-overheads,"is_vehicle_redistribution_row: category_key === ""vehicles_running"", is_auto_balance_row: target.balance_type === ""auto_balance"", sort_order: target.sort_order ?? 999,"
lib\selectors\general-overheads\generalOverheadAllocationSelectors.js,generalOverheadAllocationSelectors.js,lib,408,is_balanced_child,snake_case,declaration,readiness_field,general-overheads,"const is_balanced_parent = is_balanced_parent_key(row.key, balanced_config); const is_balanced_child = is_balanced_child_key(row.key, balanced_config);"
lib\selectors\general-overheads\generalOverheadAllocationSelectors.js,generalOverheadAllocationSelectors.js,lib,410,is_balanced_child,snake_case,snake_case_reference,readiness_field,general-overheads,if (has_real_split_rows && is_balanced_child) { continue;
lib\selectors\general-overheads\generalOverheadAllocationSelectors.js,generalOverheadAllocationSelectors.js,lib,487,is_balanced_child,snake_case,snake_case_reference,readiness_field,general-overheads,"is_balanced_parent_pool: Boolean(is_balanced_parent), is_pool_split_row: Boolean(is_balanced_child), is_allocation_only_amount: Boolean(is_balanced_child),"
lib\selectors\general-overheads\generalOverheadAllocationSelectors.js,generalOverheadAllocationSelectors.js,lib,488,is_balanced_child,snake_case,snake_case_reference,readiness_field,general-overheads,"is_pool_split_row: Boolean(is_balanced_child), is_allocation_only_amount: Boolean(is_balanced_child), is_assigned,"
lib\selectors\general-overheads\generalOverheadAllocationSelectors.js,generalOverheadAllocationSelectors.js,lib,186,is_balanced_child_key,snake_case,snake_case_reference,readiness_field,general-overheads,"function is_balanced_child_key(row_key, balanced_config) { return Boolean(balanced_config?.child_keys?.includes(row_key));"
lib\selectors\general-overheads\generalOverheadAllocationSelectors.js,generalOverheadAllocationSelectors.js,lib,357,is_balanced_child_key,snake_case,snake_case_reference,readiness_field,general-overheads,"!is_balanced_parent_key(key, balanced_config) && !is_balanced_child_key(key, balanced_config) );"
lib\selectors\general-overheads\generalOverheadAllocationSelectors.js,generalOverheadAllocationSelectors.js,lib,408,is_balanced_child_key,snake_case,snake_case_reference,readiness_field,general-overheads,"const is_balanced_parent = is_balanced_parent_key(row.key, balanced_config); const is_balanced_child = is_balanced_child_key(row.key, balanced_config);"
lib\selectors\general-overheads\generalOverheadAllocationSelectors.js,generalOverheadAllocationSelectors.js,lib,432,is_balanced_child_key,snake_case,snake_case_reference,readiness_field,general-overheads,"has_real_split_rows && is_balanced_child_key(child_entry.row.key, balanced_config) ) {"
lib\selectors\general-overheads\generalOverheadAllocationSelectors.js,generalOverheadAllocationSelectors.js,lib,407,is_balanced_parent,snake_case,declaration,readiness_field,general-overheads,"const is_balanced_parent = is_balanced_parent_key(row.key, balanced_config); const is_balanced_child = is_balanced_child_key(row.key, balanced_config);"
lib\selectors\general-overheads\generalOverheadAllocationSelectors.js,generalOverheadAllocationSelectors.js,lib,414,is_balanced_parent,snake_case,snake_case_reference,readiness_field,general-overheads,if (has_redistribution_pool && !is_balanced_parent) { continue;
lib\selectors\general-overheads\generalOverheadAllocationSelectors.js,generalOverheadAllocationSelectors.js,lib,420,is_balanced_parent,snake_case,snake_case_reference,readiness_field,general-overheads,"if (balanced_config && is_balanced_parent) { const child_assigned_total = source_rows.reduce((sum, child_entry) => {"
lib\selectors\general-overheads\generalOverheadAllocationSelectors.js,generalOverheadAllocationSelectors.js,lib,448,is_balanced_parent,snake_case,snake_case_reference,readiness_field,general-overheads,"const system_allocation_type = is_balanced_parent ? ""business_overhead"""
lib\selectors\general-overheads\generalOverheadAllocationSelectors.js,generalOverheadAllocationSelectors.js,lib,460,is_balanced_parent,snake_case,snake_case_reference,readiness_field,general-overheads,"const is_assigned = !is_balanced_parent && system_allocation_type !== ""unallocated_needs_review"" &&"
lib\selectors\general-overheads\generalOverheadAllocationSelectors.js,generalOverheadAllocationSelectors.js,lib,486,is_balanced_parent,snake_case,snake_case_reference,readiness_field,general-overheads,"allocation_pool_key, is_balanced_parent_pool: Boolean(is_balanced_parent), is_pool_split_row: Boolean(is_balanced_child),"
lib\selectors\general-overheads\generalOverheadAllocationSelectors.js,generalOverheadAllocationSelectors.js,lib,490,is_balanced_parent,snake_case,snake_case_reference,readiness_field,general-overheads,"is_assigned, is_pool_balance_row: Boolean(is_balanced_parent), is_hidden_when_real_split_rows_exist: Boolean("
lib\selectors\general-overheads\generalOverheadAllocationSelectors.js,generalOverheadAllocationSelectors.js,lib,492,is_balanced_parent,snake_case,snake_case_reference,readiness_field,general-overheads,"is_hidden_when_real_split_rows_exist: Boolean( is_balanced_parent && has_real_split_rows ),"
lib\selectors\general-overheads\generalOverheadAllocationSelectors.js,generalOverheadAllocationSelectors.js,lib,180,is_balanced_parent_key,snake_case,snake_case_reference,readiness_field,general-overheads,"function is_balanced_parent_key(row_key, balanced_config) { return Boolean("
lib\selectors\general-overheads\generalOverheadAllocationSelectors.js,generalOverheadAllocationSelectors.js,lib,356,is_balanced_parent_key,snake_case,snake_case_reference,readiness_field,general-overheads,"return ( !is_balanced_parent_key(key, balanced_config) && !is_balanced_child_key(key, balanced_config)"
lib\selectors\general-overheads\generalOverheadAllocationSelectors.js,generalOverheadAllocationSelectors.js,lib,407,is_balanced_parent_key,snake_case,snake_case_reference,readiness_field,general-overheads,"const is_balanced_parent = is_balanced_parent_key(row.key, balanced_config); const is_balanced_child = is_balanced_child_key(row.key, balanced_config);"
components\general-overheads\GeneralOverheadReclassificationRow.jsx,GeneralOverheadReclassificationRow.jsx,components,37,is_balanced_parent_pool,snake_case,snake_case_reference,readiness_field,general-overheads,"const amount_label = row.is_balanced_parent_pool ? ""Remaining amount"""
components\general-overheads\GeneralOverheadReclassificationRow.jsx,GeneralOverheadReclassificationRow.jsx,components,41,is_balanced_parent_pool,snake_case,snake_case_reference,readiness_field,general-overheads,"const amount_help = row.is_balanced_parent_pool ? ""This is the unassigned balance left in the pool after the split rows below."""
components\general-overheads\GeneralOverheadReclassificationRow.jsx,GeneralOverheadReclassificationRow.jsx,components,75,is_balanced_parent_pool,snake_case,snake_case_reference,readiness_field,general-overheads,onChange={handle_change_amount} readOnly={row.is_balanced_parent_pool} />
components\general-overheads\GeneralOverheadReclassificationSection.jsx,GeneralOverheadReclassificationSection.jsx,components,43,is_balanced_parent_pool,snake_case,snake_case_reference,readiness_field,general-overheads,"function handle_change_row_amount(row, value) { if (row.is_balanced_parent_pool || row.is_pool_split_row) { reclassification.update_system_allocation_amount_override(row.key, value);"
lib\selectors\general-overheads\generalOverheadAllocationSelectors.js,generalOverheadAllocationSelectors.js,lib,286,is_balanced_parent_pool,snake_case,object_key,readiness_field,general-overheads,"allocation_pool_key, is_balanced_parent_pool: false, is_pool_split_row: true,"
lib\selectors\general-overheads\generalOverheadAllocationSelectors.js,generalOverheadAllocationSelectors.js,lib,486,is_balanced_parent_pool,snake_case,object_key,readiness_field,general-overheads,"allocation_pool_key, is_balanced_parent_pool: Boolean(is_balanced_parent), is_pool_split_row: Boolean(is_balanced_child),"
lib\selectors\general-overheads\generalOverheadAllocationSelectors.js,generalOverheadAllocationSelectors.js,lib,559,is_balanced_parent_pool,snake_case,snake_case_reference,readiness_field,general-overheads,"const assigned_amount = group.rows.reduce((total, row) => { if (row.is_balanced_parent_pool) { return total;"
lib\selectors\general-overheads\generalOverheadAllocationSelectors.js,generalOverheadAllocationSelectors.js,lib,567,is_balanced_parent_pool,snake_case,snake_case_reference,readiness_field,general-overheads,"const asset_pool_amount = group.rows.reduce((total, row) => { if (row.is_balanced_parent_pool) { return total;"
lib\selectors\general-overheads\generalOverheadAllocationSelectors.js,generalOverheadAllocationSelectors.js,lib,596,is_balanced_parent_pool,snake_case,snake_case_reference,readiness_field,general-overheads,"rows: group.rows.sort((a, b) => { if (a.is_balanced_parent_pool && !b.is_balanced_parent_pool) { return -1;"
lib\selectors\general-overheads\generalOverheadAllocationSelectors.js,generalOverheadAllocationSelectors.js,lib,600,is_balanced_parent_pool,snake_case,snake_case_reference,readiness_field,general-overheads,if (!a.is_balanced_parent_pool && b.is_balanced_parent_pool) { return 1;
lib\selectors\general-overheads\generalOverheadPoolSelectors.js,generalOverheadPoolSelectors.js,lib,46,is_balanced_parent_pool,snake_case,snake_case_reference,readiness_field,general-overheads,if (row?.is_balanced_parent_pool) { return;
lib\selectors\general-overheads\generalOverheadPoolSelectors.js,generalOverheadPoolSelectors.js,lib,79,is_balanced_parent_pool,snake_case,snake_case_reference,readiness_field,general-overheads,to_number(row.amount) !== 0 && !row.is_balanced_parent_pool );
lib\selectors\general-overheads\generalOverheadWarnings.js,generalOverheadWarnings.js,lib,10,is_balanced_parent_pool,snake_case,snake_case_reference,readiness_field,general-overheads,to_number(row.amount) !== 0 && !row.is_balanced_parent_pool ) {
components\general-overheads\GeneralOverheadReclassificationSection.jsx,GeneralOverheadReclassificationSection.jsx,components,10,is_custom,snake_case,snake_case_reference,readiness_field,general-overheads,"if (row.is_custom) { form.update_custom_item(row.key, ""custom_overhead_amount"", value);"
lib\calculations\generalOverheadCalculations.js,generalOverheadCalculations.js,lib,189,is_custom,snake_case,object_key,readiness_field,general-overheads,"amount: to_number(item.custom_overhead_amount), is_custom: true, overhead_category_key: item.overhead_category_key || """","
lib\selectors\general-overheads\generalOverheadAllocationSelectors.js,generalOverheadAllocationSelectors.js,lib,133,is_custom,snake_case,snake_case_reference,readiness_field,general-overheads,"if (row.is_custom || category_key === ""other_unallocated"") { return ""unallocated_needs_review"";"
lib\selectors\general-overheads\generalOverheadCategorySelectors.js,generalOverheadCategorySelectors.js,lib,27,is_custom,snake_case,snake_case_reference,readiness_field,general-overheads,"if (row.is_custom) { return ""other_unallocated"";"
hooks\useGeneralOverheads.js,useGeneralOverheads.js,hooks,366,is_excluded_operating_expense_category,snake_case,snake_case_reference,readiness_field,general-overheads,if (is_excluded_operating_expense_category(line.category)) { continue;
hooks\useGeneralOverheads.js,useGeneralOverheads.js,hooks,73,is_excluded_operating_expense_category,snake_case,snake_case_reference,readiness_field,general-overheads,function is_excluded_operating_expense_category(category) { return [
lib\selectors\general-overheads\generalOverheadAllocationSelectors.js,generalOverheadAllocationSelectors.js,lib,491,is_hidden_when_real_split_rows_exist,snake_case,object_key,readiness_field,general-overheads,"is_pool_balance_row: Boolean(is_balanced_parent), is_hidden_when_real_split_rows_exist: Boolean( is_balanced_parent && has_real_split_rows"
lib\selectors\general-overheads\generalOverheadAllocationSelectors.js,generalOverheadAllocationSelectors.js,lib,511,is_hidden_when_real_split_rows_exist,snake_case,snake_case_reference,readiness_field,general-overheads,include_move_controls && shaped_row.is_hidden_when_real_split_rows_exist ) {
hooks\useGeneralOverheads.js,useGeneralOverheads.js,hooks,392,is_hydrated,snake_case,array_destructured_name,readiness_field,general-overheads,"export default function useGeneralOverheads() { const [is_hydrated, set_is_hydrated] = useState(false);"
hooks\useGeneralOverheads.js,useGeneralOverheads.js,hooks,430,is_hydrated,snake_case,snake_case_reference,readiness_field,general-overheads,useEffect(() => { if (!is_hydrated || !pnl_sync_signature) { return;
hooks\useGeneralOverheads.js,useGeneralOverheads.js,hooks,449,is_hydrated,snake_case,snake_case_reference,readiness_field,general-overheads,useEffect(() => { if (!is_hydrated) { return;
hooks\useGeneralOverheads.js,useGeneralOverheads.js,hooks,454,is_hydrated,snake_case,snake_case_reference,readiness_field,general-overheads,"save_general_overhead_state(overhead_state); }, [overhead_state, is_hydrated]);"
hooks\useGeneralOverheads.js,useGeneralOverheads.js,hooks,744,is_hydrated,snake_case,snake_case_reference,readiness_field,general-overheads,"card, is_hydrated, };"
hooks\useGeneralOverheads.js,useGeneralOverheads.js,hooks,258,is_interest_line,snake_case,snake_case_reference,readiness_field,general-overheads,"function create_synced_pnl_overhead_item(line, amount, index) { if (is_interest_line(line)) { return create_synced_interest_item(line, amount, index);"
hooks\useGeneralOverheads.js,useGeneralOverheads.js,hooks,84,is_interest_line,snake_case,snake_case_reference,readiness_field,general-overheads,"function is_interest_line(line) { return normalise_name(line?.line_name).includes(""interest"");"
lib\calculations\generalOverheadCalculations.js,generalOverheadCalculations.js,lib,13,is_interest_row,snake_case,snake_case_reference,readiness_field,general-overheads,function is_interest_row(row = {}) { return (
lib\calculations\generalOverheadCalculations.js,generalOverheadCalculations.js,lib,220,is_interest_row,snake_case,snake_case_reference,readiness_field,general-overheads,"const non_asset_interest_annual = overhead_rows.reduce((sum, row) => { if (!is_interest_row(row) || is_asset_finance_interest_row(row)) { return sum;"
lib\selectors\general-overheads\generalOverheadAllocationSelectors.js,generalOverheadAllocationSelectors.js,lib,290,is_pool_balance_row,snake_case,object_key,readiness_field,general-overheads,"is_assigned: to_number(amount) > 0, is_pool_balance_row: false, is_virtual_redistribution_row: true,"
lib\selectors\general-overheads\generalOverheadAllocationSelectors.js,generalOverheadAllocationSelectors.js,lib,490,is_pool_balance_row,snake_case,object_key,readiness_field,general-overheads,"is_assigned, is_pool_balance_row: Boolean(is_balanced_parent), is_hidden_when_real_split_rows_exist: Boolean("
components\general-overheads\GeneralOverheadReclassificationRow.jsx,GeneralOverheadReclassificationRow.jsx,components,43,is_pool_split_row,snake_case,snake_case_reference,readiness_field,general-overheads,"? ""This is the unassigned balance left in the pool after the split rows below."" : row.is_pool_split_row ? ""Enter the portion of the parent pool assigned to this line. This does not change Cost Summary."""
components\general-overheads\GeneralOverheadReclassificationSection.jsx,GeneralOverheadReclassificationSection.jsx,components,43,is_pool_split_row,snake_case,snake_case_reference,readiness_field,general-overheads,"function handle_change_row_amount(row, value) { if (row.is_balanced_parent_pool || row.is_pool_split_row) { reclassification.update_system_allocation_amount_override(row.key, value);"
components\general-overheads\GeneralOverheadReclassificationSection.jsx,GeneralOverheadReclassificationSection.jsx,components,6,is_pool_split_row,snake_case,snake_case_reference,readiness_field,general-overheads,"function resolve_row_amount_change(form, row, value) { if (row.is_allocation_only_amount || row.is_pool_split_row) { return;"
lib\selectors\general-overheads\generalOverheadAllocationSelectors.js,generalOverheadAllocationSelectors.js,lib,287,is_pool_split_row,snake_case,object_key,readiness_field,general-overheads,"is_balanced_parent_pool: false, is_pool_split_row: true, is_allocation_only_amount: true,"
lib\selectors\general-overheads\generalOverheadAllocationSelectors.js,generalOverheadAllocationSelectors.js,lib,487,is_pool_split_row,snake_case,object_key,readiness_field,general-overheads,"is_balanced_parent_pool: Boolean(is_balanced_parent), is_pool_split_row: Boolean(is_balanced_child), is_allocation_only_amount: Boolean(is_balanced_child),"
components\general-overheads\GeneralOverheadStatusStrip.jsx,GeneralOverheadStatusStrip.jsx,components,2,is_ready,snake_case,snake_case_reference,readiness_field,general-overheads,"export default function GeneralOverheadStatusStrip({ is_ready, warning_count,"
components\general-overheads\GeneralOverheadStatusStrip.jsx,GeneralOverheadStatusStrip.jsx,components,26,is_ready,snake_case,snake_case_reference,readiness_field,general-overheads,"<span className=""ui-pill""> {is_ready ? ""Ready"" : `${warning_count} warnings`} </span>"
lib\selectors\general-overheads\generalOverheadCardSelector.js,generalOverheadCardSelector.js,lib,39,is_ready,snake_case,object_key,readiness_field,general-overheads,"return { is_ready: warnings.length === 0, warning_count: warnings.length,"
components\general-overheads\GeneralOverheadReclassificationRow.jsx,GeneralOverheadReclassificationRow.jsx,components,59,is_reclassified,snake_case,snake_case_reference,readiness_field,general-overheads,"{row.is_reclassified && ( <div className=""ui-help"">From: {row.default_category_label}</div>"
lib\selectors\general-overheads\generalOverheadAllocationSelectors.js,generalOverheadAllocationSelectors.js,lib,279,is_reclassified,snake_case,object_key,readiness_field,general-overheads,"effective_category_label: category_label, is_reclassified: false, system_allocation_type: target.system_allocation_type,"
lib\selectors\general-overheads\generalOverheadAllocationSelectors.js,generalOverheadAllocationSelectors.js,lib,479,is_reclassified,snake_case,object_key,readiness_field,general-overheads,"effective_category_label: effective_category.label, is_reclassified: effective_category_key !== default_category_key, system_allocation_type,"
lib\selectors\general-overheads\generalOverheadAllocationSelectors.js,generalOverheadAllocationSelectors.js,lib,144,is_valid_system_allocation_type,snake_case,snake_case_reference,readiness_field,general-overheads,if (is_valid_system_allocation_type(override_type)) { return override_type;
lib\selectors\general-overheads\generalOverheadAllocationSelectors.js,generalOverheadAllocationSelectors.js,lib,23,is_valid_system_allocation_type,snake_case,snake_case_reference,readiness_field,general-overheads,function is_valid_system_allocation_type(value) { return SYSTEM_ALLOCATION_TYPES.some((type) => type.key === value);
lib\selectors\general-overheads\generalOverheadAllocationSelectors.js,generalOverheadAllocationSelectors.js,lib,292,is_vehicle_redistribution_row,snake_case,object_key,readiness_field,general-overheads,"is_virtual_redistribution_row: true, is_vehicle_redistribution_row: category_key === ""vehicles_running"", is_auto_balance_row: target.balance_type === ""auto_balance"","
lib\selectors\general-overheads\generalOverheadAllocationSelectors.js,generalOverheadAllocationSelectors.js,lib,291,is_virtual_redistribution_row,snake_case,object_key,readiness_field,general-overheads,"is_pool_balance_row: false, is_virtual_redistribution_row: true, is_vehicle_redistribution_row: category_key === ""vehicles_running"","
lib\selectors\general-overheads\generalOverheadAllocationSelectors.js,generalOverheadAllocationSelectors.js,lib,605,is_virtual_redistribution_row,snake_case,snake_case_reference,readiness_field,general-overheads,if ( a.is_virtual_redistribution_row && b.is_virtual_redistribution_row
lib\selectors\general-overheads\generalOverheadAllocationSelectors.js,generalOverheadAllocationSelectors.js,lib,606,is_virtual_redistribution_row,snake_case,snake_case_reference,readiness_field,general-overheads,a.is_virtual_redistribution_row && b.is_virtual_redistribution_row ) {
lib\selectors\general-overheads\generalOverheadAllocationSelectors.js,generalOverheadAllocationSelectors.js,lib,612,is_virtual_redistribution_row,snake_case,snake_case_reference,readiness_field,general-overheads,if ( a.is_virtual_redistribution_row && !b.is_virtual_redistribution_row
lib\selectors\general-overheads\generalOverheadAllocationSelectors.js,generalOverheadAllocationSelectors.js,lib,613,is_virtual_redistribution_row,snake_case,snake_case_reference,readiness_field,general-overheads,a.is_virtual_redistribution_row && !b.is_virtual_redistribution_row ) {
lib\selectors\general-overheads\generalOverheadAllocationSelectors.js,generalOverheadAllocationSelectors.js,lib,619,is_virtual_redistribution_row,snake_case,snake_case_reference,readiness_field,general-overheads,if ( !a.is_virtual_redistribution_row && b.is_virtual_redistribution_row
lib\selectors\general-overheads\generalOverheadAllocationSelectors.js,generalOverheadAllocationSelectors.js,lib,620,is_virtual_redistribution_row,snake_case,snake_case_reference,readiness_field,general-overheads,!a.is_virtual_redistribution_row && b.is_virtual_redistribution_row ) {
lib\selectors\general-overheads\generalOverheadPoolSelectors.js,generalOverheadPoolSelectors.js,lib,23,is_virtual_redistribution_row,snake_case,object_key,readiness_field,general-overheads,"allocation_pool_key: row.allocation_pool_key, is_virtual_redistribution_row: row.is_virtual_redistribution_row === true, redistribution_source_total_amount:"
hooks\cost-allocation\useCostAllocationAssignmentCards.js,useCostAllocationAssignmentCards.js,hooks,282,overhead_pool_status,snake_case,snake_case_reference,status_field,general-overheads,"calculated?.overhead_pool?.allocation_status || calculated?.overhead_pool_status || ""review_required"","
lib\calculations\cost-allocation\costAllocationPoolBuilders.js,costAllocationPoolBuilders.js,lib,696,overhead_pool_status,snake_case,object_key,status_field,general-overheads,"total_over_allocated_overhead_cost: over_allocated_overhead_cost, overhead_pool_status: allocation_status, overhead_allocation_method: allocation_method,"
lib\calculations\costAllocationRules.js,costAllocationRules.js,lib,171,overhead_pool_status,snake_case,snake_case_reference,status_field,general-overheads,"const overhead_pool_over_allocated = overhead_assignment_result.overhead_pool_status === ""over_allocated"";"
lib\calculations\costAllocationRules.js,costAllocationRules.js,lib,490,overhead_pool_status,snake_case,object_key,status_field,general-overheads,"overhead_assignment_result.total_over_allocated_overhead_cost, overhead_pool_status: overhead_assignment_result.overhead_pool_status,"
lib\selectors\cost-allocation\costAllocationCardSections.js,costAllocationCardSections.js,lib,135,overhead_pool_status,snake_case,snake_case_reference,status_field,general-overheads,"recovery_cost: calculated?.total_grouped_overhead_cost ?? 0, status_label: get_display_label(calculated?.overhead_pool_status), message:"
hooks\useGeneralOverheads.js,useGeneralOverheads.js,hooks,710,status,plain,declaration,status_field,general-overheads,"const status = build_general_overhead_status({ overhead_state,"
lib\selectors\general-overheads\generalOverheadCardSelector.js,generalOverheadCardSelector.js,lib,15,warnings,plain,declaration,warnings_field,general-overheads,}) { const warnings = [];
lib\selectors\general-overheads\generalOverheadWarnings.js,generalOverheadWarnings.js,lib,4,warnings,plain,declaration,warnings_field,general-overheads,"export function build_allocation_pool_warnings(rows = [], group_summaries = []) { const warnings = [];"
components\labour\LabourStatusStrip.jsx,LabourStatusStrip.jsx,components,58,Ready,PascalCase,quoted_object_key,readiness_field,labour,"<span className=""ui-pill""> {labour_ready ? ""Ready"" : ""Not ready""} </span>"
lib\selectors\labourRateRealityCheckSelectors.js,labourRateRealityCheckSelectors.js,lib,39,Ready,PascalCase,quoted_object_key,readiness_field,labour,"title: ready ? ""Reality check ready"" : ""Enter your rate to see the drop"", readiness_label: ready ? ""Ready"" : ""Waiting"", warning_count: missing_inputs.length,"
lib\calculations\labourCalculations.js,labourCalculations.js,lib,209,build_productive_staff_type_rate_warnings,snake_case,warning_id,warnings_field,labour,"productive_staff_type_rate_warnings: build_productive_staff_type_rate_warnings({ productive_staff_type_rates,"
lib\calculations\labourCalculations.js,labourCalculations.js,lib,61,build_productive_staff_type_rate_warnings,snake_case,warning_id,warnings_field,labour,"function build_productive_staff_type_rate_warnings({ productive_staff_type_rates = [],"
lib\selectors\labour\labourDriverSelectors.js,labourDriverSelectors.js,lib,113,cost_ready,snake_case,snake_case_reference,readiness_field,labour,"return { driver_key: ""cost_ready"", driver_title: ""Labour cost position is ready"","
components\labour\LabourSummaryCard.jsx,LabourSummaryCard.jsx,components,200,decision_status,snake_case,snake_case_reference,status_field,labour,"meta = {}, decision_status = {}, decision_rows = [],"
components\labour\LabourSummaryCard.jsx,LabourSummaryCard.jsx,components,240,decision_status,snake_case,snake_case_reference,status_field,labour,"<h3 className=""ui-card-title-sm""> {decision_status.status_label || ""Labour cost position""} </h3>"
components\labour\LabourSummaryCard.jsx,LabourSummaryCard.jsx,components,243,decision_status,snake_case,snake_case_reference,status_field,labour,"<p className=""ui-help""> {decision_status.message || ""This view shows the smallest set of values needed to understand the current labour cost position.""}"
lib\selectors\labour\labourSummarySelectors.js,labourSummarySelectors.js,lib,111,decision_status,snake_case,declaration,status_field,labour,const rate_build = get_rate_build(outputs); const decision_status = get_labour_decision_status(outputs);
lib\selectors\labour\labourSummarySelectors.js,labourSummarySelectors.js,lib,133,decision_status,snake_case,snake_case_reference,status_field,labour,"decision_status,"
lib\selectors\labour\labourSummarySelectors.js,labourSummarySelectors.js,lib,111,get_labour_decision_status,snake_case,snake_case_reference,status_field,labour,const rate_build = get_rate_build(outputs); const decision_status = get_labour_decision_status(outputs);
lib\selectors\labour\labourSummarySelectors.js,labourSummarySelectors.js,lib,13,get_labour_decision_status,snake_case,snake_case_reference,status_field,labour,function get_labour_decision_status(outputs = {}) { const productive_hours = Number(outputs.productive_hours ?? 0);
lib\calculations\labourCalculations.js,labourCalculations.js,lib,188,get_staff_type_rate_status,snake_case,snake_case_reference,status_field,labour,"productive_share_percent, rate_status: get_staff_type_rate_status(group), };"
lib\calculations\labourCalculations.js,labourCalculations.js,lib,41,get_staff_type_rate_status,snake_case,snake_case_reference,status_field,labour,"function get_staff_type_rate_status({ staff_type_id = """","
lib\calculations\cost-allocation\costAllocationWarnings.js,costAllocationWarnings.js,lib,168,has_asset_without_labour_driver_group,snake_case,snake_case_reference,readiness_field,labour,if (has_asset_without_labour_driver_group) { structural_warnings.push(
lib\calculations\cost-allocation\costAllocationWarnings.js,costAllocationWarnings.js,lib,23,has_asset_without_labour_driver_group,snake_case,snake_case_reference,readiness_field,labour,"has_productive_asset_zero_utilisation, has_asset_without_labour_driver_group, has_labour_without_productive_capacity_group,"
lib\calculations\costAllocationRules.js,costAllocationRules.js,lib,249,has_asset_without_labour_driver_group,snake_case,declaration,readiness_field,labour,const has_productive_asset_zero_utilisation = false; const has_asset_without_labour_driver_group = false; const has_labour_without_productive_capacity_group = false;
lib\calculations\costAllocationRules.js,costAllocationRules.js,lib,301,has_asset_without_labour_driver_group,snake_case,snake_case_reference,readiness_field,labour,"has_productive_asset_zero_utilisation, has_asset_without_labour_driver_group, has_labour_without_productive_capacity_group,"
components\labour\LabourSummaryCard.jsx,LabourSummaryCard.jsx,components,102,has_breakdown,snake_case,snake_case_reference,readiness_field,labour,"}} style={has_breakdown ? { cursor: ""pointer"" } : undefined} >"
components\labour\LabourSummaryCard.jsx,LabourSummaryCard.jsx,components,112,has_breakdown,snake_case,snake_case_reference,readiness_field,labour,"{has_breakdown ? ( <div className=""ui-pill"">{is_open ? ""Hide"" : ""Drill down""}</div>"
components\labour\LabourSummaryCard.jsx,LabourSummaryCard.jsx,components,117,has_breakdown,snake_case,snake_case_reference,readiness_field,labour,{has_breakdown && is_open ? ( <div
components\labour\LabourSummaryCard.jsx,LabourSummaryCard.jsx,components,80,has_breakdown,snake_case,declaration,readiness_field,labour,const is_primary = row.is_total || index === 0; const has_breakdown = Array.isArray(row.breakdown_rows) && row.breakdown_rows.length > 0;
components\labour\LabourSummaryCard.jsx,LabourSummaryCard.jsx,components,84,has_breakdown,snake_case,snake_case_reference,readiness_field,labour,function toggle_breakdown() { if (!has_breakdown) return; set_is_open((current) => !current);
components\labour\LabourSummaryCard.jsx,LabourSummaryCard.jsx,components,91,has_breakdown,snake_case,snake_case_reference,readiness_field,labour,"className={`ui-panel ${is_primary ? ""ui-panel-strong"" : """"}`} role={has_breakdown ? ""button"" : undefined} tabIndex={has_breakdown ? 0 : undefined}"
components\labour\LabourSummaryCard.jsx,LabourSummaryCard.jsx,components,92,has_breakdown,snake_case,snake_case_reference,readiness_field,labour,"role={has_breakdown ? ""button"" : undefined} tabIndex={has_breakdown ? 0 : undefined} onClick={toggle_breakdown}"
components\labour\LabourSummaryCard.jsx,LabourSummaryCard.jsx,components,95,has_breakdown,snake_case,snake_case_reference,readiness_field,labour,onKeyDown={(event) => { if (!has_breakdown) return;
components\labour\LabourSummaryCard.jsx,LabourSummaryCard.jsx,components,24,has_child_rows,snake_case,declaration,readiness_field,labour,const has_child_rows = Array.isArray(row.child_rows) && row.child_rows.length > 0;
components\labour\LabourSummaryCard.jsx,LabourSummaryCard.jsx,components,31,has_child_rows,snake_case,snake_case_reference,readiness_field,labour,row={row} has_child_rows={has_child_rows} />
components\labour\LabourSummaryCard.jsx,LabourSummaryCard.jsx,components,39,has_child_rows,snake_case,snake_case_reference,readiness_field,labour,"function NestedSummaryRow({ row = {}, has_child_rows = false }) { const [is_open, set_is_open] = useState(false);"
components\labour\LabourSummaryCard.jsx,LabourSummaryCard.jsx,components,46,has_child_rows,snake_case,snake_case_reference,readiness_field,labour,onClick={ has_child_rows ? (event) => {
components\labour\LabourSummaryCard.jsx,LabourSummaryCard.jsx,components,53,has_child_rows,snake_case,snake_case_reference,readiness_field,labour,"} style={has_child_rows ? { cursor: ""pointer"" } : undefined} >"
components\labour\LabourSummaryCard.jsx,LabourSummaryCard.jsx,components,59,has_child_rows,snake_case,snake_case_reference,readiness_field,labour,"{has_child_rows && is_open ? ( <div className=""ui-panel labour-summary-breakdown"">"
components\labour\LabourSummaryCard.jsx,LabourSummaryCard.jsx,components,68,has_child_rows,snake_case,snake_case_reference,readiness_field,labour,"<div>{row.value}</div> {has_child_rows ? ( <div className=""ui-help"">{is_open ? ""Hide"" : ""Drill down""}</div>"
lib\selectors\labourRateRealityCheckSelectors.js,labourRateRealityCheckSelectors.js,lib,28,has_days_per_week,snake_case,declaration,readiness_field,labour,const has_hours_per_week = Number(state?.hours_per_week || 0) > 0; const has_days_per_week = Number(state?.days_per_week || 0) > 0;
lib\selectors\labourRateRealityCheckSelectors.js,labourRateRealityCheckSelectors.js,lib,33,has_days_per_week,snake_case,snake_case_reference,readiness_field,labour,"if (!has_hours_per_week) missing_inputs.push(""Hours per week""); if (!has_days_per_week) missing_inputs.push(""Days per week"");"
components\labour\LabourSummaryCard.jsx,LabourSummaryCard.jsx,components,208,has_decision_rows,snake_case,declaration,readiness_field,labour,const has_sections = Array.isArray(sections) && sections.length > 0; const has_decision_rows = Array.isArray(decision_rows) && decision_rows.length > 0;
components\labour\LabourSummaryCard.jsx,LabourSummaryCard.jsx,components,224,has_decision_rows,snake_case,snake_case_reference,readiness_field,labour,"{!has_sections && !has_decision_rows ? ( <div className=""ui-panel"">"
lib\selectors\labourRateRealityCheckSelectors.js,labourRateRealityCheckSelectors.js,lib,26,has_hourly_rate,snake_case,declaration,readiness_field,labour,"export function buildLabourRateRealityCheckStatus({ state, outputs }) { const has_hourly_rate = Number(state?.labour_rate || 0) > 0; const has_hours_per_week = Number(state?.hours_per_week || 0) > 0;"
lib\selectors\labourRateRealityCheckSelectors.js,labourRateRealityCheckSelectors.js,lib,31,has_hourly_rate,snake_case,snake_case_reference,readiness_field,labour,"const missing_inputs = []; if (!has_hourly_rate) missing_inputs.push(""Hourly rate""); if (!has_hours_per_week) missing_inputs.push(""Hours per week"");"
lib\selectors\labourRateRealityCheckSelectors.js,labourRateRealityCheckSelectors.js,lib,27,has_hours_per_week,snake_case,declaration,readiness_field,labour,const has_hourly_rate = Number(state?.labour_rate || 0) > 0; const has_hours_per_week = Number(state?.hours_per_week || 0) > 0; const has_days_per_week = Number(state?.days_per_week || 0) > 0;
lib\selectors\labourRateRealityCheckSelectors.js,labourRateRealityCheckSelectors.js,lib,32,has_hours_per_week,snake_case,snake_case_reference,readiness_field,labour,"if (!has_hourly_rate) missing_inputs.push(""Hourly rate""); if (!has_hours_per_week) missing_inputs.push(""Hours per week""); if (!has_days_per_week) missing_inputs.push(""Days per week"");"
lib\selectors\costSummarySelectors.js,costSummarySelectors.js,lib,133,has_labour_data,snake_case,declaration,readiness_field,labour,"const missing_modules = []; const has_labour_data = Object.prototype.hasOwnProperty.call( labour_data ?? {},"
lib\selectors\costSummarySelectors.js,costSummarySelectors.js,lib,149,has_labour_data,snake_case,snake_case_reference,readiness_field,labour,"if (!has_labour_data) { warnings.push(""Labour output is missing. Fix Labour before trusting Cost Summary."");"
lib\selectors\costSummarySelectors.js,costSummarySelectors.js,lib,188,has_labour_data,snake_case,snake_case_reference,readiness_field,labour,"return { labour_profiles_label: has_labour_data ? ""Connected"" : ""Missing"", asset_costs_label: has_asset_data ? ""Connected"" : ""Missing"","
hooks\cost-allocation\useCostAllocationGroupRecoveryRows.js,useCostAllocationGroupRecoveryRows.js,hooks,236,has_labour_rate,snake_case,object_key,readiness_field,labour,"has_labour_rate: labour_recovery_rate_per_hour > 0, has_asset_rate: asset_recovery_rate_per_hour > 0,"
components\rate-builder\RateBuilderLineCalculator.jsx,RateBuilderLineCalculator.jsx,components,206,has_labour_rate_context,snake_case,declaration,readiness_field,labour,Number(labour_rate_context.minimum_recoverable_charge_out_rate) || 0; const has_labour_rate_context = labour_charge_out_rate > 0;
components\rate-builder\RateBuilderLineCalculator.jsx,RateBuilderLineCalculator.jsx,components,788,has_labour_rate_context,snake_case,snake_case_reference,readiness_field,labour,{has_labour_rate_context ? ( <>
lib\calculations\recoverySummaryCalculations.js,recoverySummaryCalculations.js,lib,140,has_labour_recovery_base,snake_case,declaration,readiness_field,labour,}) { const has_labour_recovery_base = to_number(recovery_hours_used) > 0 ||
lib\calculations\recoverySummaryCalculations.js,recoverySummaryCalculations.js,lib,151,has_labour_recovery_base,snake_case,snake_case_reference,readiness_field,labour,const labour_basis = has_labour_recovery_base ? to_number(total_people_cost_annual)
lib\calculations\recoverySummaryCalculations.js,recoverySummaryCalculations.js,lib,168,has_labour_recovery_base,snake_case,snake_case_reference,readiness_field,labour,if ( has_labour_recovery_base && has_asset_recovery_base &&
lib\calculations\recoverySummaryCalculations.js,recoverySummaryCalculations.js,lib,182,has_labour_recovery_base,snake_case,snake_case_reference,readiness_field,labour,if (has_labour_recovery_base && has_material_recovery_base) { return {
lib\calculations\recoverySummaryCalculations.js,recoverySummaryCalculations.js,lib,193,has_labour_recovery_base,snake_case,snake_case_reference,readiness_field,labour,if (has_labour_recovery_base && has_asset_recovery_base) { return {
lib\calculations\cost-allocation\costAllocationWarnings.js,costAllocationWarnings.js,lib,177,has_labour_without_productive_capacity_group,snake_case,snake_case_reference,readiness_field,labour,if (has_labour_without_productive_capacity_group) { structural_warnings.push(
lib\calculations\cost-allocation\costAllocationWarnings.js,costAllocationWarnings.js,lib,24,has_labour_without_productive_capacity_group,snake_case,snake_case_reference,readiness_field,labour,"has_asset_without_labour_driver_group, has_labour_without_productive_capacity_group, has_unassigned_cost,"
lib\calculations\costAllocationRules.js,costAllocationRules.js,lib,250,has_labour_without_productive_capacity_group,snake_case,declaration,readiness_field,labour,const has_asset_without_labour_driver_group = false; const has_labour_without_productive_capacity_group = false;
lib\calculations\costAllocationRules.js,costAllocationRules.js,lib,302,has_labour_without_productive_capacity_group,snake_case,snake_case_reference,readiness_field,labour,"has_asset_without_labour_driver_group, has_labour_without_productive_capacity_group, has_unassigned_cost,"
lib\calculations\cost-allocation\costAllocationWarnings.js,costAllocationWarnings.js,lib,13,has_low_staff_coverage,snake_case,snake_case_reference,readiness_field,labour,"structure_valid, has_low_staff_coverage, has_low_asset_coverage,"
lib\calculations\cost-allocation\costAllocationWarnings.js,costAllocationWarnings.js,lib,96,has_low_staff_coverage,snake_case,snake_case_reference,readiness_field,labour,if (has_low_staff_coverage) { structural_warnings.push(
lib\calculations\costAllocationRules.js,costAllocationRules.js,lib,215,has_low_staff_coverage,snake_case,declaration,readiness_field,labour,const has_low_staff_coverage = productive_labour_group_count > 0 && staff_coverage_percent < 70;
lib\calculations\costAllocationRules.js,costAllocationRules.js,lib,291,has_low_staff_coverage,snake_case,snake_case_reference,readiness_field,labour,"unlinked_asset_count, has_low_staff_coverage, has_low_asset_coverage,"
lib\calculations\costAllocationRules.js,costAllocationRules.js,lib,327,has_low_staff_coverage,snake_case,snake_case_reference,readiness_field,labour,"has_low_coverage: has_low_staff_coverage || has_low_asset_coverage || has_low_group_coverage, });"
lib\calculations\cost-allocation\costAllocationWarnings.js,costAllocationWarnings.js,lib,20,has_no_labour_cost,snake_case,snake_case_reference,readiness_field,labour,"has_asset_structure_issue, has_no_labour_cost, has_no_productive_labour_driver,"
lib\calculations\cost-allocation\costAllocationWarnings.js,costAllocationWarnings.js,lib,69,has_no_labour_cost,snake_case,snake_case_reference,readiness_field,labour,if (has_no_labour_cost) { setup_warnings.push(
lib\calculations\costAllocationRules.js,costAllocationRules.js,lib,228,has_no_labour_cost,snake_case,declaration,readiness_field,labour,const has_no_labour_cost = labour_assignment_result.total_available_labour_cost <= 0;
lib\calculations\costAllocationRules.js,costAllocationRules.js,lib,298,has_no_labour_cost,snake_case,snake_case_reference,readiness_field,labour,"has_asset_structure_issue, has_no_labour_cost, has_no_productive_labour_driver,"
lib\calculations\cost-allocation\costAllocationWarnings.js,costAllocationWarnings.js,lib,21,has_no_productive_labour_driver,snake_case,snake_case_reference,readiness_field,labour,"has_no_labour_cost, has_no_productive_labour_driver, has_productive_asset_zero_utilisation,"
lib\calculations\cost-allocation\costAllocationWarnings.js,costAllocationWarnings.js,lib,78,has_no_productive_labour_driver,snake_case,snake_case_reference,readiness_field,labour,if (has_no_productive_labour_driver) { setup_warnings.push(
lib\calculations\costAllocationRules.js,costAllocationRules.js,lib,231,has_no_productive_labour_driver,snake_case,declaration,readiness_field,labour,const has_no_productive_labour_driver = productive_labour_type_rows.length === 0;
lib\calculations\costAllocationRules.js,costAllocationRules.js,lib,299,has_no_productive_labour_driver,snake_case,snake_case_reference,readiness_field,labour,"has_no_labour_cost, has_no_productive_labour_driver, has_productive_asset_zero_utilisation,"
lib\selectors\labour\labourFormatters.js,labourFormatters.js,lib,25,has_positive_number,snake_case,snake_case_reference,readiness_field,labour,export function has_positive_number(value) { return Number(value || 0) > 0;
lib\selectors\labour\labourStatusSelectors.js,labourStatusSelectors.js,lib,5,has_positive_number,snake_case,snake_case_reference,readiness_field,labour,"format_percent, has_positive_number, has_value,"
lib\selectors\labour\labourStatusSelectors.js,labourStatusSelectors.js,lib,65,has_positive_number,snake_case,snake_case_reference,readiness_field,labour,"if (!has_positive_number(state.hours_per_week)) { warnings.push(""Hours per week must be greater than 0."");"
lib\selectors\labour\labourStatusSelectors.js,labourStatusSelectors.js,lib,69,has_positive_number,snake_case,snake_case_reference,readiness_field,labour,"if (!has_positive_number(state.labour_rate)) { warnings.push(""Labour rate must be greater than 0."");"
lib\selectors\labour\labourStatusSelectors.js,labourStatusSelectors.js,lib,73,has_positive_number,snake_case,snake_case_reference,readiness_field,labour,"if (!has_positive_number(state.productivity_percent)) { warnings.push(""Productivity percent must be greater than 0."");"
lib\calculations\cost-allocation\costAllocationValidation.js,costAllocationValidation.js,lib,196,has_productive_labour,snake_case,declaration,readiness_field,labour,const has_productive_labour = productive_labour_group_count > 0 && assigned_labour_group_count > 0;
lib\calculations\cost-allocation\costAllocationValidation.js,costAllocationValidation.js,lib,203,has_productive_labour,snake_case,snake_case_reference,readiness_field,labour,"if (recovery_model === ""labour_led"" || recovery_model === ""material_led"") { return has_productive_labour || total_operational_groups > 0; }"
lib\calculations\cost-allocation\costAllocationValidation.js,costAllocationValidation.js,lib,215,has_productive_labour,snake_case,snake_case_reference,readiness_field,labour,return has_productive_labour || has_productive_assets; }
components\labour\CommercialCard.jsx,CommercialCard.jsx,components,41,has_profile,snake_case,snake_case_reference,readiness_field,labour,"{!has_profile ? ( <div className=""ui-panel"">"
components\labour\CommercialCard.jsx,CommercialCard.jsx,components,5,has_profile,snake_case,snake_case_reference,readiness_field,labour,"state = {}, has_profile = false, update_field,"
components\labour\CommercialCard.jsx,CommercialCard.jsx,components,8,has_profile,snake_case,snake_case_reference,readiness_field,labour,}) { const disabled = !has_profile;
components\labour\EntitlementsCard.jsx,EntitlementsCard.jsx,components,5,has_profile,snake_case,snake_case_reference,readiness_field,labour,"state = {}, has_profile = false, update_field,"
components\labour\EntitlementsCard.jsx,EntitlementsCard.jsx,components,8,has_profile,snake_case,snake_case_reference,readiness_field,labour,}) { const disabled = !has_profile;
components\labour\EntitlementsCard.jsx,EntitlementsCard.jsx,components,95,has_profile,snake_case,snake_case_reference,readiness_field,labour,"{!has_profile ? ( <div className=""ui-panel"">"
components\labour\LabourCompactWorkspaceCard.jsx,LabourCompactWorkspaceCard.jsx,components,130,has_profile,snake_case,snake_case_reference,readiness_field,labour,staff_types={labour.staff_types} has_profile={labour.has_profile} update_field={labour.update_field}
components\labour\LabourCompactWorkspaceCard.jsx,LabourCompactWorkspaceCard.jsx,components,145,has_profile,snake_case,snake_case_reference,readiness_field,labour,outputs={labour.outputs} has_profile={labour.has_profile} update_field={labour.update_field}
components\labour\LabourCompactWorkspaceCard.jsx,LabourCompactWorkspaceCard.jsx,components,158,has_profile,snake_case,snake_case_reference,readiness_field,labour,outputs={labour.outputs} has_profile={labour.has_profile} update_field={labour.update_field}
components\labour\LabourCompactWorkspaceCard.jsx,LabourCompactWorkspaceCard.jsx,components,171,has_profile,snake_case,snake_case_reference,readiness_field,labour,outputs={labour.outputs} has_profile={labour.has_profile} update_field={labour.update_field}
components\labour\LabourCompactWorkspaceCard.jsx,LabourCompactWorkspaceCard.jsx,components,184,has_profile,snake_case,snake_case_reference,readiness_field,labour,outputs={labour.outputs} has_profile={labour.has_profile} update_field={labour.update_field}
components\labour\LabourCompactWorkspaceCard.jsx,LabourCompactWorkspaceCard.jsx,components,196,has_profile,snake_case,snake_case_reference,readiness_field,labour,{...labour.summary} has_profile={labour.has_profile} save_profile={labour.save_profile}
components\labour\LabourCompactWorkspaceCard.jsx,LabourCompactWorkspaceCard.jsx,components,328,has_profile,snake_case,snake_case_reference,readiness_field,labour,delete_profile={labour.delete_profile} has_profile={labour.has_profile} />
components\labour\LabourCompactWorkspaceCard.jsx,LabourCompactWorkspaceCard.jsx,components,339,has_profile,snake_case,snake_case_reference,readiness_field,labour,labourState={labour.state} has_profile={labour.has_profile} />
components\labour\LabourCompactWorkspaceCard.jsx,LabourCompactWorkspaceCard.jsx,components,99,has_profile,snake_case,snake_case_reference,readiness_field,labour,"function get_readiness_value(labour = {}) { if (!labour.has_profile) return ""No profile""; if (labour.status?.labour_ready || labour.status?.is_ready) return ""Ready"";"
components\labour\LabourFlowCard.jsx,LabourFlowCard.jsx,components,37,has_profile,snake_case,snake_case_reference,readiness_field,labour,"export default function LabourFlowCard({ outputs = {}, has_profile = false }) { if (!has_profile) {"
components\labour\LabourFlowCard.jsx,LabourFlowCard.jsx,components,38,has_profile,snake_case,snake_case_reference,readiness_field,labour,"export default function LabourFlowCard({ outputs = {}, has_profile = false }) { if (!has_profile) { return ("
components\labour\LabourInsightsRow.jsx,LabourInsightsRow.jsx,components,32,has_profile,snake_case,snake_case_reference,readiness_field,labour,"export default function LabourInsightsRow({ outputs = {}, has_profile }) { if (!has_profile) return null;"
components\labour\LabourInsightsRow.jsx,LabourInsightsRow.jsx,components,33,has_profile,snake_case,snake_case_reference,readiness_field,labour,"export default function LabourInsightsRow({ outputs = {}, has_profile }) { if (!has_profile) return null;"
components\labour\LabourProfileCard.jsx,LabourProfileCard.jsx,components,14,has_profile,snake_case,snake_case_reference,readiness_field,labour,"staff_types = [], has_profile = false, update_field,"
components\labour\LabourProfileCard.jsx,LabourProfileCard.jsx,components,75,has_profile,snake_case,snake_case_reference,readiness_field,labour,); const profile_is_locked = Boolean(has_profile);
components\labour\LabourSummaryCard.jsx,LabourSummaryCard.jsx,components,203,has_profile,snake_case,snake_case_reference,readiness_field,labour,"sections = [], has_profile = false, save_profile,"
components\labour\LabourSummaryCard.jsx,LabourSummaryCard.jsx,components,275,has_profile,snake_case,snake_case_reference,readiness_field,labour,"className=""ui-button-primary"" disabled={!has_profile} onClick={save_profile}"
components\labour\PayCard.jsx,PayCard.jsx,components,5,has_profile,snake_case,snake_case_reference,readiness_field,labour,"state = {}, has_profile = false, update_field,"
components\labour\PayCard.jsx,PayCard.jsx,components,54,has_profile,snake_case,snake_case_reference,readiness_field,labour,"{!has_profile ? ( <div className=""ui-panel"">"
components\labour\PayCard.jsx,PayCard.jsx,components,8,has_profile,snake_case,snake_case_reference,readiness_field,labour,}) { const disabled = !has_profile;
components\labour\ProfileLockNotice.jsx,ProfileLockNotice.jsx,components,12,has_profile,snake_case,snake_case_reference,readiness_field,labour,"<h2 className=""ui-display""> {has_profile ? ""Profile identity locked"" : ""Create a profile first""} </h2>"
components\labour\ProfileLockNotice.jsx,ProfileLockNotice.jsx,components,15,has_profile,snake_case,snake_case_reference,readiness_field,labour,"{has_profile ? ( <p className=""ui-help"">"
components\labour\ProfileLockNotice.jsx,ProfileLockNotice.jsx,components,4,has_profile,snake_case,snake_case_reference,readiness_field,labour,"export default function ProfileLockNotice({ has_profile = false, }) {"
components\labour\SavedProfilesCard.jsx,SavedProfilesCard.jsx,components,10,has_profile,snake_case,snake_case_reference,readiness_field,labour,"delete_profile, has_profile = false, }) {"
components\labour\SavedProfilesCard.jsx,SavedProfilesCard.jsx,components,60,has_profile,snake_case,snake_case_reference,readiness_field,labour,onClick={handle_save} disabled={!has_profile} >
components\labour\ScenarioModelCard.jsx,ScenarioModelCard.jsx,components,62,has_profile,snake_case,snake_case_reference,readiness_field,labour,"labourState = {}, has_profile = false, }) {"
components\labour\ScenarioModelCard.jsx,ScenarioModelCard.jsx,components,98,has_profile,snake_case,snake_case_reference,readiness_field,labour,if (!has_profile) { return (
components\labour\WorkingPatternCard.jsx,WorkingPatternCard.jsx,components,5,has_profile,snake_case,snake_case_reference,readiness_field,labour,"state = {}, has_profile = false, update_field,"
components\labour\WorkingPatternCard.jsx,WorkingPatternCard.jsx,components,69,has_profile,snake_case,snake_case_reference,readiness_field,labour,"{!has_profile ? ( <div className=""ui-panel"">"
components\labour\WorkingPatternCard.jsx,WorkingPatternCard.jsx,components,8,has_profile,snake_case,snake_case_reference,readiness_field,labour,}) { const disabled = !has_profile;
hooks\useLabour.js,useLabour.js,hooks,224,has_profile,snake_case,snake_case_reference,readiness_field,labour,"outputs, has_profile, });"
hooks\useLabour.js,useLabour.js,hooks,226,has_profile,snake_case,snake_case_reference,readiness_field,labour,"}); }, [state, outputs, has_profile]);"
hooks\useLabour.js,useLabour.js,hooks,244,has_profile,snake_case,snake_case_reference,readiness_field,labour,"active_staff, has_profile, inputs_enabled,"
hooks\useLabour.js,useLabour.js,hooks,57,has_profile,snake_case,declaration,readiness_field,labour,const has_profile = Boolean(state.staff_id); const inputs_enabled = has_profile;
hooks\useLabour.js,useLabour.js,hooks,58,has_profile,snake_case,snake_case_reference,readiness_field,labour,const has_profile = Boolean(state.staff_id); const inputs_enabled = has_profile;
lib\selectors\labour\labourDriverSelectors.js,labourDriverSelectors.js,lib,24,has_profile,snake_case,snake_case_reference,readiness_field,labour,if (!has_profile) { return {
lib\selectors\labour\labourDriverSelectors.js,labourDriverSelectors.js,lib,4,has_profile,snake_case,snake_case_reference,readiness_field,labour,"outputs = {}, has_profile = false, }) {"
lib\selectors\rate-builder\rateBuilderLabourRateSummarySelectors.js,rateBuilderLabourRateSummarySelectors.js,lib,52,has_rate,snake_case,declaration,readiness_field,labour,const has_rate = current_charge_out_rate > 0;
lib\selectors\rate-builder\rateBuilderLabourRateSummarySelectors.js,rateBuilderLabourRateSummarySelectors.js,lib,54,has_rate,snake_case,snake_case_reference,readiness_field,labour,if (!has_rate) { missing_rate_count += 1;
lib\selectors\rate-builder\rateBuilderLabourRateSummarySelectors.js,rateBuilderLabourRateSummarySelectors.js,lib,70,has_rate,snake_case,snake_case_reference,readiness_field,labour,"modelled_labour_revenue, has_rate, };"
components\labour\LabourSummaryCard.jsx,LabourSummaryCard.jsx,components,207,has_sections,snake_case,declaration,readiness_field,labour,}) { const has_sections = Array.isArray(sections) && sections.length > 0; const has_decision_rows =
components\labour\LabourSummaryCard.jsx,LabourSummaryCard.jsx,components,224,has_sections,snake_case,snake_case_reference,readiness_field,labour,"{!has_sections && !has_decision_rows ? ( <div className=""ui-panel"">"
components\labour\ProductiveStaffTypeRatesPanel.jsx,ProductiveStaffTypeRatesPanel.jsx,components,100,has_staff_type_rates,snake_case,snake_case_reference,readiness_field,labour,{has_staff_type_rates ? ( <>
components\labour\ProductiveStaffTypeRatesPanel.jsx,ProductiveStaffTypeRatesPanel.jsx,components,64,has_staff_type_rates,snake_case,declaration,readiness_field,labour,}) { const has_staff_type_rates = productive_staff_type_rates.length > 0; const has_warnings = productive_staff_type_rate_warnings.length > 0;
lib\selectors\labour\labourFormatters.js,labourFormatters.js,lib,21,has_value,snake_case,snake_case_reference,readiness_field,labour,"export function has_value(value) { return value !== null && value !== undefined && value !== """";"
lib\selectors\labour\labourStatusSelectors.js,labourStatusSelectors.js,lib,11,has_value,snake_case,snake_case_reference,readiness_field,labour,"if (active_profile_id) return ""Profile active""; if (has_value(state.staff_id)) return ""Unsaved profile""; return ""No active profile"";"
lib\selectors\labour\labourStatusSelectors.js,labourStatusSelectors.js,lib,57,has_value,snake_case,snake_case_reference,readiness_field,labour,"if (!has_value(state.staff_name)) warnings.push(""Staff name is missing.""); if (!has_value(state.staff_role)) warnings.push(""Staff role is missing."");"
lib\selectors\labour\labourStatusSelectors.js,labourStatusSelectors.js,lib,58,has_value,snake_case,snake_case_reference,readiness_field,labour,"if (!has_value(state.staff_name)) warnings.push(""Staff name is missing.""); if (!has_value(state.staff_role)) warnings.push(""Staff role is missing.""); if (!has_value(state.labour_class)) warnings.push(""Labour class is missing."");"
lib\selectors\labour\labourStatusSelectors.js,labourStatusSelectors.js,lib,59,has_value,snake_case,snake_case_reference,readiness_field,labour,"if (!has_value(state.staff_role)) warnings.push(""Staff role is missing.""); if (!has_value(state.labour_class)) warnings.push(""Labour class is missing."");"
lib\selectors\labour\labourStatusSelectors.js,labourStatusSelectors.js,lib,6,has_value,snake_case,snake_case_reference,readiness_field,labour,"has_positive_number, has_value, } from ""@/lib/selectors/labour/labourFormatters"";"
components\labour\ProductiveStaffTypeRatesPanel.jsx,ProductiveStaffTypeRatesPanel.jsx,components,139,has_warnings,snake_case,warning_id,warnings_field,labour,"{has_warnings ? ( <div className=""ui-warning-list"">"
components\labour\ProductiveStaffTypeRatesPanel.jsx,ProductiveStaffTypeRatesPanel.jsx,components,65,has_warnings,snake_case,declaration,warnings_field,labour,const has_staff_type_rates = productive_staff_type_rates.length > 0; const has_warnings = productive_staff_type_rate_warnings.length > 0;
components\cost-allocation\groups\CostAllocationGroupLabourBuilder.jsx,CostAllocationGroupLabourBuilder.jsx,components,76,is_active,snake_case,snake_case_reference,readiness_field,labour,return labour_assignment.assignments.filter( (assignment) => assignment?.is_active !== false );
components\cost-allocation\groups\CostAllocationGroupLabourBuilder.jsx,CostAllocationGroupLabourBuilder.jsx,components,82,is_active,snake_case,snake_case_reference,readiness_field,labour,return labour_assignment.labour_group_assignments.filter( (assignment) => assignment?.is_active !== false );
components\labour\LabourCompactWorkspaceCard.jsx,LabourCompactWorkspaceCard.jsx,components,81,is_active,snake_case,declaration,readiness_field,labour,}) { const is_active = active_tile === tile_id;
components\labour\LabourCompactWorkspaceCard.jsx,LabourCompactWorkspaceCard.jsx,components,86,is_active,snake_case,snake_case_reference,readiness_field,labour,"type=""button"" className={`labour-compact-tile ${is_active ? ""is-active"" : """"}`} onClick={() => on_select?.(tile_id)}"
components\labour\LabourProfileCard.jsx,LabourProfileCard.jsx,components,73,is_active,snake_case,snake_case_reference,readiness_field,labour,const active_staff_types = staff_types.filter( (t) => t?.is_active !== false );
components\labour\SavedProfilesCard.jsx,SavedProfilesCard.jsx,components,106,is_active,snake_case,snake_case_reference,readiness_field,labour,"<span className=""ui-pill""> {is_active ? ""Active"" : ""Saved""} </span>"
components\labour\SavedProfilesCard.jsx,SavedProfilesCard.jsx,components,85,is_active,snake_case,declaration,readiness_field,labour,{profile_rows.map((profile) => { const is_active = profile.is_current || profile.profile_id === active_profile_id;
hooks\useLabour.js,useLabour.js,hooks,62,is_active,snake_case,snake_case_reference,readiness_field,labour,return profiles .filter((profile) => profile?.is_active !== false) .map((profile) => {
hooks\useLabour.js,useLabour.js,hooks,80,is_active,snake_case,object_key,readiness_field,labour,"data.is_productive === true || data.labour_class === ""productive"", is_active: true, annual_labour_cost: calculated.total_labour_cost_annual,"
lib\calculations\cost-allocation\costAllocationLabourAdapter.js,costAllocationLabourAdapter.js,lib,169,is_active,snake_case,snake_case_reference,readiness_field,labour,const target_staff = active_staff.filter((staff) => { if (staff?.is_active === false) { return false;
lib\calculations\labourCalculations.js,labourCalculations.js,lib,110,is_active,snake_case,snake_case_reference,readiness_field,labour,const productive_staff = (active_staff ?? []).filter((staff) => { return staff?.is_active !== false && isProductiveStaff(staff); });
lib\storage\labourProfileStorage.js,labourProfileStorage.js,lib,128,is_active,snake_case,object_key,readiness_field,labour,"effective_from, is_active: profile.is_active !== false, created_at: profile.created_at || now,"
lib\storage\labourProfileStorage.js,labourProfileStorage.js,lib,223,is_active,snake_case,object_key,readiness_field,labour,"is_system_type: false, is_active: true, created_at: now,"
lib\storage\labourProfileStorage.js,labourProfileStorage.js,lib,59,is_active,snake_case,object_key,readiness_field,labour,"effective_from: profile?.effective_from || data.effective_from || profile?.created_at || now, is_active: profile?.is_active !== false, created_at: profile?.created_at || now,"
lib\storage\labourProfileStorage.js,labourProfileStorage.js,lib,99,is_active,snake_case,object_key,readiness_field,labour,"effective_from, is_active: true, created_at: now,"
lib\storage\labourStorage.js,labourStorage.js,lib,14,is_active,snake_case,object_key,readiness_field,labour,"is_system_type: true, is_active: true, created_at: """","
lib\storage\labourStorage.js,labourStorage.js,lib,22,is_active,snake_case,object_key,readiness_field,labour,"is_system_type: true, is_active: true, created_at: """","
lib\storage\labourStorage.js,labourStorage.js,lib,30,is_active,snake_case,object_key,readiness_field,labour,"is_system_type: true, is_active: true, created_at: """","
lib\storage\labourStorage.js,labourStorage.js,lib,38,is_active,snake_case,object_key,readiness_field,labour,"is_system_type: true, is_active: true, created_at: """","
lib\storage\labourStorage.js,labourStorage.js,lib,46,is_active,snake_case,object_key,readiness_field,labour,"is_system_type: true, is_active: true, created_at: """","
lib\storage\labourStorage.js,labourStorage.js,lib,54,is_active,snake_case,object_key,readiness_field,labour,"is_system_type: true, is_active: true, created_at: """","
lib\storage\labourStorage.js,labourStorage.js,lib,6,is_active,snake_case,object_key,readiness_field,labour,"is_system_type: true, is_active: true, created_at: """","
lib\storage\labourStorage.js,labourStorage.js,lib,62,is_active,snake_case,object_key,readiness_field,labour,"is_system_type: true, is_active: true, created_at: """","
lib\storage\labourStorage.js,labourStorage.js,lib,70,is_active,snake_case,object_key,readiness_field,labour,"is_system_type: true, is_active: true, created_at: """","
lib\storage\labourStorage.js,labourStorage.js,lib,78,is_active,snake_case,object_key,readiness_field,labour,"is_system_type: true, is_active: true, created_at: """","
components\rate-builder\RateBuilderLabourRatesInputCard.jsx,RateBuilderLabourRatesInputCard.jsx,components,6,is_all_productive_summary,snake_case,snake_case_reference,readiness_field,labour,"labour_source_options, is_all_productive_summary, selected_source_charge_out_rate,"
components\rate-builder\RateBuilderLabourRatesInputCard.jsx,RateBuilderLabourRatesInputCard.jsx,components,71,is_all_productive_summary,snake_case,snake_case_reference,readiness_field,labour,"<label className=""ui-label"" htmlFor=""current_charge_out_rate""> {is_all_productive_summary ? ""Weighted current charge-out rate"""
components\rate-builder\RateBuilderLabourRatesInputCard.jsx,RateBuilderLabourRatesInputCard.jsx,components,82,is_all_productive_summary,snake_case,snake_case_reference,readiness_field,labour,value={ is_all_productive_summary ? Number(current_charge_out_rate.toFixed(2))
components\rate-builder\RateBuilderLabourRatesInputCard.jsx,RateBuilderLabourRatesInputCard.jsx,components,86,is_all_productive_summary,snake_case,snake_case_reference,readiness_field,labour,} disabled={is_all_productive_summary} onChange={(event) =>
components\rate-builder\RateBuilderLabourRatesInputCard.jsx,RateBuilderLabourRatesInputCard.jsx,components,92,is_all_productive_summary,snake_case,snake_case_reference,readiness_field,labour,"<p className=""ui-help""> {is_all_productive_summary ? ""This is derived from the individual staff-type charge-out rates weighted by productive hours."""
components\rate-builder\RateBuilderLabourRatesInputCard.jsx,RateBuilderLabourRatesInputCard.jsx,components,98,is_all_productive_summary,snake_case,snake_case_reference,readiness_field,labour,"{!is_all_productive_summary ? ( <div className=""ui-actions"">"
components\rate-builder\RateBuilderLabourRatesResultPanel.jsx,RateBuilderLabourRatesResultPanel.jsx,components,113,is_all_productive_summary,snake_case,snake_case_reference,readiness_field,labour,{is_all_productive_summary ? ( <RateBuilderLabourWeightedSummaryCard model={model} />
components\rate-builder\RateBuilderLabourRatesResultPanel.jsx,RateBuilderLabourRatesResultPanel.jsx,components,20,is_all_productive_summary,snake_case,snake_case_reference,readiness_field,labour,"current_margin_after_recovery_percent, is_all_productive_summary, labour_unit_label,"
components\rate-builder\RateBuilderLabourRatesResultPanel.jsx,RateBuilderLabourRatesResultPanel.jsx,components,28,is_all_productive_summary,snake_case,snake_case_reference,readiness_field,labour,"<p className=""rate-builder-result-label""> {is_all_productive_summary ? ""Overall productive labour summary"""
components\rate-builder\RateBuilderLabourRatesResultPanel.jsx,RateBuilderLabourRatesResultPanel.jsx,components,47,is_all_productive_summary,snake_case,snake_case_reference,readiness_field,labour,"<p className=""rate-builder-result-label""> {is_all_productive_summary ? ""Weighted current charge-out rate"""
components\rate-builder\RateBuilderLabourRatesResultPanel.jsx,RateBuilderLabourRatesResultPanel.jsx,components,54,is_all_productive_summary,snake_case,snake_case_reference,readiness_field,labour,"</p> {is_all_productive_summary ? ( <p className=""ui-help"">"
components\rate-builder\RateBuilderLabourRatesResultPanel.jsx,RateBuilderLabourRatesResultPanel.jsx,components,77,is_all_productive_summary,snake_case,snake_case_reference,readiness_field,labour,"<p className=""rate-builder-result-label""> {is_all_productive_summary ? ""Weighted rate vs minimum recoverable rate"""
hooks\rate-builder\useRateBuilderLabourRates.js,useRateBuilderLabourRates.js,hooks,107,is_all_productive_summary,snake_case,declaration,readiness_field,labour,"const is_all_productive_summary = selected_labour_source?.labour_source_kind === ""all_productive"";"
hooks\rate-builder\useRateBuilderLabourRates.js,useRateBuilderLabourRates.js,hooks,121,is_all_productive_summary,snake_case,snake_case_reference,readiness_field,labour,"selected_labour_source, is_all_productive_summary, weighted_summary,"
hooks\rate-builder\useRateBuilderLabourRates.js,useRateBuilderLabourRates.js,hooks,128,is_all_productive_summary,snake_case,snake_case_reference,readiness_field,labour,"selected_labour_source, is_all_productive_summary, weighted_summary,"
hooks\rate-builder\useRateBuilderLabourRates.js,useRateBuilderLabourRates.js,hooks,164,is_all_productive_summary,snake_case,snake_case_reference,readiness_field,labour,"selected_labour_source, is_all_productive_summary, set_labour_rate_models,"
hooks\rate-builder\useRateBuilderLabourRates.js,useRateBuilderLabourRates.js,hooks,176,is_all_productive_summary,snake_case,snake_case_reference,readiness_field,labour,"selected_source_charge_out_rate, is_all_productive_summary, set_labour_rate_models,"
hooks\rate-builder\useRateBuilderLabourRates.js,useRateBuilderLabourRates.js,hooks,228,is_all_productive_summary,snake_case,snake_case_reference,readiness_field,labour,"is_all_productive_summary, selected_source_charge_out_rate,"
lib\actions\rate-builder\rateBuilderLabourRateModelActions.js,rateBuilderLabourRateModelActions.js,lib,52,is_all_productive_summary,snake_case,snake_case_reference,readiness_field,labour,"selected_labour_source, is_all_productive_summary, set_labour_rate_models,"
lib\actions\rate-builder\rateBuilderLabourRateModelActions.js,rateBuilderLabourRateModelActions.js,lib,57,is_all_productive_summary,snake_case,snake_case_reference,readiness_field,labour,}) { if (!active_model || !selected_labour_source || is_all_productive_summary) { return;
lib\actions\rate-builder\rateBuilderLabourRateModelActions.js,rateBuilderLabourRateModelActions.js,lib,93,is_all_productive_summary,snake_case,snake_case_reference,readiness_field,labour,"selected_source_charge_out_rate, is_all_productive_summary, set_labour_rate_models,"
lib\actions\rate-builder\rateBuilderLabourRateModelActions.js,rateBuilderLabourRateModelActions.js,lib,97,is_all_productive_summary,snake_case,snake_case_reference,readiness_field,labour,}) { if (!active_model || !selected_labour_source || is_all_productive_summary) { return;
lib\selectors\rate-builder\rateBuilderLabourModelSelectors.js,rateBuilderLabourModelSelectors.js,lib,41,is_all_productive_summary,snake_case,snake_case_reference,readiness_field,labour,"selected_labour_source, is_all_productive_summary, weighted_summary,"
lib\selectors\rate-builder\rateBuilderLabourModelSelectors.js,rateBuilderLabourModelSelectors.js,lib,45,is_all_productive_summary,snake_case,snake_case_reference,readiness_field,labour,}) { if (is_all_productive_summary) { return weighted_summary.weighted_current_charge_out_rate;
components\labour\LabourProfileCard.jsx,LabourProfileCard.jsx,components,106,is_creating_staff_type,snake_case,snake_case_reference,readiness_field,labour,"<span className=""ui-label"">Staff type</span> {!is_creating_staff_type ? ( <select"
components\labour\LabourProfileCard.jsx,LabourProfileCard.jsx,components,19,is_creating_staff_type,snake_case,array_destructured_name,readiness_field,labour,"}) { const [is_creating_staff_type, set_is_creating_staff_type] = useState(false); const [new_staff_type_name, set_new_staff_type_name] = useState("""");"
components\labour\SavedProfilesCard.jsx,SavedProfilesCard.jsx,components,86,is_current,snake_case,snake_case_reference,readiness_field,labour,const is_active = profile.is_current || profile.profile_id === active_profile_id;
lib\selectors\labour\labourProfileSelectors.js,labourProfileSelectors.js,lib,24,is_current,snake_case,object_key,readiness_field,labour,"labour_class: data.labour_class || ""No class"", is_current: profile?.profile_id === active_profile_id, updated_at_label: profile?.updated_at || profile?.created_at || """","
lib\selectors\rate-builder\rateBuilderLabourSourceSelectors.js,rateBuilderLabourSourceSelectors.js,lib,217,is_derived_summary,snake_case,object_key,readiness_field,labour,"source: ""labour"", is_derived_summary: true, ...build_recovery_fields({"
lib\selectors\rate-builder\rateBuilderLabourSourceSelectors.js,rateBuilderLabourSourceSelectors.js,lib,258,is_derived_summary,snake_case,object_key,readiness_field,labour,"source: rate.source || ""labour"", is_derived_summary: false, ...build_recovery_fields({"
lib\selectors\rate-builder\rateBuilderLabourSourceSelectors.js,rateBuilderLabourSourceSelectors.js,lib,281,is_derived_summary,snake_case,object_key,readiness_field,labour,"source: ""rate_builder"", is_derived_summary: false, ...build_recovery_fields({"
components\cost-allocation\groups\CostAllocationGroupLabourBuilder.jsx,CostAllocationGroupLabourBuilder.jsx,components,233,is_fully_allocated,snake_case,declaration,readiness_field,labour,); const is_fully_allocated = remaining_staff_count <= 0 || remaining_percent <= 0;
components\cost-allocation\groups\CostAllocationGroupLabourBuilder.jsx,CostAllocationGroupLabourBuilder.jsx,components,237,is_fully_allocated,snake_case,snake_case_reference,readiness_field,labour,return ( <option key={`${id}-${index}`} value={id} disabled={is_fully_allocated}> {getLabourGroupName(row)}
components\cost-allocation\groups\CostAllocationGroupLabourBuilder.jsx,CostAllocationGroupLabourBuilder.jsx,components,239,is_fully_allocated,snake_case,snake_case_reference,readiness_field,labour,"{getLabourGroupName(row)} {is_fully_allocated ? "" — fully allocated"""
app\business-summary\page.jsx,page.jsx,app,101,is_labour_based,snake_case,snake_case_reference,readiness_field,labour,is_product_based={card.is_product_based} is_labour_based={card.is_labour_based} activity_driver_type={card.activity_driver_type}
components\business-summary\BusinessSummaryCard.jsx,BusinessSummaryCard.jsx,components,41,is_labour_based,snake_case,snake_case_reference,readiness_field,labour,"is_product_based = false, is_labour_based = true, activity_driver_type = ""hours"","
components\business-summary\BusinessSummaryCard.jsx,BusinessSummaryCard.jsx,components,96,is_labour_based,snake_case,snake_case_reference,readiness_field,labour,"is_product_based, is_labour_based, activity_driver_type,"
components\business-summary\BusinessSummaryHierarchyBuilder.js,BusinessSummaryHierarchyBuilder.js,components,61,is_labour_based,snake_case,snake_case_reference,readiness_field,labour,"is_product_based = false, is_labour_based = true, activity_driver_type = ""hours"","
components\business-summary\BusinessSummaryHierarchyBuilder.js,BusinessSummaryHierarchyBuilder.js,components,85,is_labour_based,snake_case,snake_case_reference,readiness_field,labour,"is_product_based === true || is_labour_based === false || business_type === ""product_based"" ||"
hooks\useBusinessSummary.js,useBusinessSummary.js,hooks,148,is_labour_based,snake_case,object_key,readiness_field,labour,"is_product_based: calculations.is_product_based, is_labour_based: calculations.is_labour_based, activity_driver_type: calculations.activity_driver_type,"
hooks\useRecoverySummary.js,useRecoverySummary.js,hooks,99,is_labour_based,snake_case,object_key,readiness_field,labour,"is_product_based: calculated.is_product_based, is_labour_based: calculated.is_labour_based, activity_driver_type: calculated.activity_driver_type,"
lib\calculations\businessSummaryCalculations.js,businessSummaryCalculations.js,lib,194,is_labour_based,snake_case,snake_case_reference,readiness_field,labour,"is_product_based, is_labour_based, activity_driver_type: driver_config.activity_driver_type,"
lib\calculations\businessSummaryCalculations.js,businessSummaryCalculations.js,lib,86,is_labour_based,snake_case,declaration,readiness_field,labour,"const is_product_based = driver_config.business_type === ""product_based""; const is_labour_based = !is_product_based;"
lib\calculations\recoverySummaryCalculations.js,recoverySummaryCalculations.js,lib,365,is_labour_based,snake_case,declaration,readiness_field,labour,"business_type === ""product_based""; const is_labour_based = input.is_labour_based === true ||"
lib\calculations\recoverySummaryCalculations.js,recoverySummaryCalculations.js,lib,366,is_labour_based,snake_case,snake_case_reference,readiness_field,labour,const is_labour_based = input.is_labour_based === true || revenue_cogs.is_labour_based === true ||
lib\calculations\recoverySummaryCalculations.js,recoverySummaryCalculations.js,lib,367,is_labour_based,snake_case,snake_case_reference,readiness_field,labour,"input.is_labour_based === true || revenue_cogs.is_labour_based === true || business_type !== ""product_based"";"
lib\calculations\recoverySummaryCalculations.js,recoverySummaryCalculations.js,lib,837,is_labour_based,snake_case,snake_case_reference,readiness_field,labour,"is_product_based, is_labour_based, activity_driver_type,"
lib\calculations\revenueRealityCalculations.js,revenueRealityCalculations.js,lib,119,is_labour_based,snake_case,snake_case_reference,readiness_field,labour,"is_product_based = false, is_labour_based = false, } = {}) {"
lib\calculations\revenueRealityCalculations.js,revenueRealityCalculations.js,lib,149,is_labour_based,snake_case,snake_case_reference,readiness_field,labour,"const resolved_is_hours_based = is_labour_based === true || resolved_business_type !== ""product_based"";"
lib\selectors\businessSummarySelectors.js,businessSummarySelectors.js,lib,217,is_labour_based,snake_case,object_key,readiness_field,labour,"is_product_based: calculations.is_product_based === true, is_labour_based: calculations.is_labour_based !== false, activity_driver_type: calculations.activity_driver_type || ""hours"","
lib\selectors\recoverySummarySelectors.js,recoverySummarySelectors.js,lib,494,is_labour_based,snake_case,object_key,readiness_field,labour,"is_product_based: calculated.is_product_based === true, is_labour_based: calculated.is_labour_based !== false, activity_driver_type: calculated.activity_driver_type ?? ""hours"","
hooks\cost-allocation\useCostAllocationGroupRecoveryRows.js,useCostAllocationGroupRecoveryRows.js,hooks,134,is_labour_driver,snake_case,object_key,readiness_field,labour,"source_staff_ids: labour_driver.source_staff_ids, is_labour_driver: true, };"
hooks\cost-allocation\useCostAllocationGroupRecoveryRows.js,useCostAllocationGroupRecoveryRows.js,hooks,143,is_labour_driver,snake_case,snake_case_reference,readiness_field,labour,const staff_recovery_rows = group_staff.map((staff) => { const labour_type = staff.is_labour_driver ? staff
components\quick-start\QuickStartMainCard.jsx,QuickStartMainCard.jsx,components,321,is_labour_reality,snake_case,declaration,readiness_field,labour,"}) { const is_labour_reality = business_type === ""labour_rate_reality_check"";"
components\quick-start\QuickStartMainCard.jsx,QuickStartMainCard.jsx,components,330,is_labour_reality,snake_case,snake_case_reference,readiness_field,labour,"<h1> {is_labour_reality ? ""What you think you’re earning vs what you’re actually getting"""
components\quick-start\QuickStartMainCard.jsx,QuickStartMainCard.jsx,components,335,is_labour_reality,snake_case,snake_case_reference,readiness_field,labour,"<p className=""ui-help""> {is_labour_reality ? ""A fast reality check for contractor rates."""
components\quick-start\QuickStartMainCard.jsx,QuickStartMainCard.jsx,components,356,is_labour_reality,snake_case,snake_case_reference,readiness_field,labour,"<div className=""ui-panel ui-stack items-center text-center""> {is_labour_reality ? ( <>"
lib\selectors\quickStartSelectors.js,quickStartSelectors.js,lib,29,is_labour_reality,snake_case,snake_case_reference,readiness_field,labour,const metrics = is_labour_reality ? [
lib\selectors\recoverySummarySelectors.js,recoverySummarySelectors.js,lib,233,is_labour_recovery_clean,snake_case,snake_case_reference,readiness_field,labour,function is_labour_recovery_clean(calculated = {}) { if (calculated.labour_share_without_productive_output === true) return false;
lib\selectors\recoverySummarySelectors.js,recoverySummarySelectors.js,lib,472,is_labour_recovery_clean,snake_case,snake_case_reference,readiness_field,labour,"labour_recovery_clean: is_labour_recovery_clean(calculated), asset_recovery_clean: is_asset_recovery_clean(calculated),"
components\labour-rate-reality-check\LabourRateRealityCheckHelpPanel.jsx,LabourRateRealityCheckHelpPanel.jsx,components,23,is_open,snake_case,snake_case_reference,readiness_field,labour,"> {is_open ? ""Hide"" : ""Show""} </button>"
components\labour-rate-reality-check\LabourRateRealityCheckHelpPanel.jsx,LabourRateRealityCheckHelpPanel.jsx,components,27,is_open,snake_case,snake_case_reference,readiness_field,labour,"{is_open ? ( <div className=""ui-stack"">"
components\labour-rate-reality-check\LabourRateRealityCheckHelpPanel.jsx,LabourRateRealityCheckHelpPanel.jsx,components,6,is_open,snake_case,array_destructured_name,readiness_field,labour,"export default function LabourRateRealityCheckHelpPanel() { const [is_open, set_is_open] = useState(false);"
components\labour\LabourHelpPanel.jsx,LabourHelpPanel.jsx,components,33,is_open,snake_case,snake_case_reference,readiness_field,labour,"> {is_open ? ""Hide help"" : ""Show help""} </button>"
components\labour\LabourHelpPanel.jsx,LabourHelpPanel.jsx,components,38,is_open,snake_case,snake_case_reference,readiness_field,labour,"{is_open ? ( <div className=""ui-stack"">"
components\labour\LabourHelpPanel.jsx,LabourHelpPanel.jsx,components,6,is_open,snake_case,array_destructured_name,readiness_field,labour,"export default function LabourHelpPanel() { const [is_open, setIsOpen] = useState(false);"
components\labour\LabourSummaryCard.jsx,LabourSummaryCard.jsx,components,113,is_open,snake_case,snake_case_reference,readiness_field,labour,"{has_breakdown ? ( <div className=""ui-pill"">{is_open ? ""Hide"" : ""Drill down""}</div> ) : null}"
components\labour\LabourSummaryCard.jsx,LabourSummaryCard.jsx,components,117,is_open,snake_case,snake_case_reference,readiness_field,labour,{has_breakdown && is_open ? ( <div
components\labour\LabourSummaryCard.jsx,LabourSummaryCard.jsx,components,40,is_open,snake_case,array_destructured_name,readiness_field,labour,"function NestedSummaryRow({ row = {}, has_child_rows = false }) { const [is_open, set_is_open] = useState(false);"
components\labour\LabourSummaryCard.jsx,LabourSummaryCard.jsx,components,59,is_open,snake_case,snake_case_reference,readiness_field,labour,"{has_child_rows && is_open ? ( <div className=""ui-panel labour-summary-breakdown"">"
components\labour\LabourSummaryCard.jsx,LabourSummaryCard.jsx,components,69,is_open,snake_case,snake_case_reference,readiness_field,labour,"{has_child_rows ? ( <div className=""ui-help"">{is_open ? ""Hide"" : ""Drill down""}</div> ) : null}"
components\labour\LabourSummaryCard.jsx,LabourSummaryCard.jsx,components,77,is_open,snake_case,array_destructured_name,readiness_field,labour,"function DecisionTile({ row = {}, index = 0 }) { const [is_open, set_is_open] = useState(false);"
components\labour\LabourSummaryCard.jsx,LabourSummaryCard.jsx,components,79,is_primary,snake_case,declaration,readiness_field,labour,const is_primary = row.is_total || index === 0; const has_breakdown =
components\labour\LabourSummaryCard.jsx,LabourSummaryCard.jsx,components,90,is_primary,snake_case,snake_case_reference,readiness_field,labour,"<div className={`ui-panel ${is_primary ? ""ui-panel-strong"" : """"}`} role={has_breakdown ? ""button"" : undefined}"
hooks\useLabour.js,useLabour.js,hooks,78,is_productive,snake_case,object_key,readiness_field,labour,"data.contributes_to_recovery_hours !== false, is_productive: data.is_productive === true || data.labour_class === ""productive"","
hooks\useLabour.js,useLabour.js,hooks,79,is_productive,snake_case,snake_case_reference,readiness_field,labour,"is_productive: data.is_productive === true || data.labour_class === ""productive"", is_active: true,"
lib\calculations\cost-allocation\costAllocationLabourAdapter.js,costAllocationLabourAdapter.js,lib,119,is_productive,snake_case,object_key,readiness_field,labour,"is_productive: labour_class === ""productive"", contributes_to_recovery_hours: labour_class === ""productive"","
lib\calculations\labourCalculations.js,labourCalculations.js,lib,153,is_productive,snake_case,object_key,readiness_field,labour,"productive_share_percent: 0, is_productive: true, rate_status: ""ready"","
lib\calculations\labourCalculations.js,labourCalculations.js,lib,38,is_productive,snake_case,snake_case_reference,readiness_field,labour,"return staff?.is_productive === true || labour_class === ""productive""; }"
hooks\cost-allocation\useCostAllocationAssignmentCards.js,useCostAllocationAssignmentCards.js,hooks,49,is_productive_labour_row,snake_case,snake_case_reference,readiness_field,labour,"function is_productive_labour_row(row = {}) { return row?.is_productive === true || row?.labour_class === ""productive"";"
hooks\cost-allocation\useCostAllocationAssignmentCards.js,useCostAllocationAssignmentCards.js,hooks,83,is_productive_labour_row,snake_case,snake_case_reference,readiness_field,labour,if (!is_productive_labour_row(row)) { return total;
lib\calculations\cost-allocation\costAllocationLabourAdapter.js,costAllocationLabourAdapter.js,lib,17,is_productive_staff,snake_case,snake_case_reference,readiness_field,labour,function is_productive_staff(staff = {}) { if (staff?.contributes_to_recovery_hours === true) {
lib\calculations\cost-allocation\costAllocationLabourAdapter.js,costAllocationLabourAdapter.js,lib,28,is_productive_staff,snake_case,snake_case_reference,readiness_field,labour,"function get_labour_class(staff = {}) { return is_productive_staff(staff) ? ""productive"" : ""support""; }"
components\labour\LabourCompactWorkspaceCard.jsx,LabourCompactWorkspaceCard.jsx,components,100,is_ready,snake_case,snake_case_reference,readiness_field,labour,"if (!labour.has_profile) return ""No profile""; if (labour.status?.labour_ready || labour.status?.is_ready) return ""Ready""; if (labour.status?.labour_status === ""amber"") return ""Review"";"
lib\selectors\labour\labourStatusSelectors.js,labourStatusSelectors.js,lib,101,is_ready,snake_case,object_key,readiness_field,labour,"return { is_ready: warnings.length === 0 && reconciliation.labour_status === ""green"", warning_count: warnings.length,"
components\labour\LabourSummaryCard.jsx,LabourSummaryCard.jsx,components,15,is_spacer,snake_case,snake_case_reference,readiness_field,labour,"{rows.map((row, index) => { if (row.is_spacer) { return ("
lib\storage\labourProfileStorage.js,labourProfileStorage.js,lib,183,is_system_type,snake_case,snake_case_reference,readiness_field,labour,"// Return stored types, ensuring defaults are included const custom_types = parsed.filter((t) => t?.is_system_type !== true); return [...DEFAULT_STAFF_TYPES, ...custom_types];"
lib\storage\labourProfileStorage.js,labourProfileStorage.js,lib,197,is_system_type,snake_case,snake_case_reference,readiness_field,labour,"// Store only custom types (not system types) const custom_types = staff_types.filter((t) => t?.is_system_type !== true); window.localStorage.setItem(STAFF_TYPES_STORAGE_KEY, JSON.stringify(custom_types));"
lib\storage\labourProfileStorage.js,labourProfileStorage.js,lib,222,is_system_type,snake_case,object_key,readiness_field,labour,"staff_type_name: clean_name, is_system_type: false, is_active: true,"
lib\storage\labourStorage.js,labourStorage.js,lib,13,is_system_type,snake_case,object_key,readiness_field,labour,"staff_type_name: ""Manager"", is_system_type: true, is_active: true,"
lib\storage\labourStorage.js,labourStorage.js,lib,21,is_system_type,snake_case,object_key,readiness_field,labour,"staff_type_name: ""Supervisor / Team Lead"", is_system_type: true, is_active: true,"
lib\storage\labourStorage.js,labourStorage.js,lib,29,is_system_type,snake_case,object_key,readiness_field,labour,"staff_type_name: ""Senior Operator / Senior Staff"", is_system_type: true, is_active: true,"
lib\storage\labourStorage.js,labourStorage.js,lib,37,is_system_type,snake_case,object_key,readiness_field,labour,"staff_type_name: ""Operator / Delivery Staff"", is_system_type: true, is_active: true,"
lib\storage\labourStorage.js,labourStorage.js,lib,45,is_system_type,snake_case,object_key,readiness_field,labour,"staff_type_name: ""Junior / Trainee"", is_system_type: true, is_active: true,"
lib\storage\labourStorage.js,labourStorage.js,lib,5,is_system_type,snake_case,object_key,readiness_field,labour,"staff_type_name: ""Owner / Director"", is_system_type: true, is_active: true,"
lib\storage\labourStorage.js,labourStorage.js,lib,53,is_system_type,snake_case,object_key,readiness_field,labour,"staff_type_name: ""Administration / Support"", is_system_type: true, is_active: true,"
lib\storage\labourStorage.js,labourStorage.js,lib,61,is_system_type,snake_case,object_key,readiness_field,labour,"staff_type_name: ""Sales / Customer Support"", is_system_type: true, is_active: true,"
lib\storage\labourStorage.js,labourStorage.js,lib,69,is_system_type,snake_case,object_key,readiness_field,labour,"staff_type_name: ""Finance / Accounts"", is_system_type: true, is_active: true,"
lib\storage\labourStorage.js,labourStorage.js,lib,77,is_system_type,snake_case,object_key,readiness_field,labour,"staff_type_name: ""Other / Review required"", is_system_type: true, is_active: true,"
components\labour\LabourCompactWorkspaceCard.jsx,LabourCompactWorkspaceCard.jsx,components,213,is_total,snake_case,object_key,readiness_field,labour,"helper: ""Whether this Labour profile is usable downstream."", is_total: true, },"
components\labour\LabourCompactWorkspaceCard.jsx,LabourCompactWorkspaceCard.jsx,components,41,is_total,snake_case,snake_case_reference,readiness_field,labour,"function SummaryRow({ label = """", value = """", helper = """", is_total = false }) { return ("
components\labour\LabourCompactWorkspaceCard.jsx,LabourCompactWorkspaceCard.jsx,components,43,is_total,snake_case,snake_case_reference,readiness_field,labour,"return ( <div className={`labour-summary-table-row ${is_total ? ""total"" : """"}`}> <div className=""labour-summary-table-label"">"
components\labour\LabourCompactWorkspaceCard.jsx,LabourCompactWorkspaceCard.jsx,components,66,is_total,snake_case,snake_case_reference,readiness_field,labour,helper={row.helper} is_total={row.is_total} />
components\labour\LabourFlowCard.jsx,LabourFlowCard.jsx,components,113,is_total,snake_case,snake_case_reference,readiness_field,labour,"helper=""Annual labour cost spread across productive hours."" is_total={true} />"
components\labour\LabourFlowCard.jsx,LabourFlowCard.jsx,components,25,is_total,snake_case,snake_case_reference,readiness_field,labour,"function SummaryRow({ label, value, helper = """", is_total = false }) { return ("
components\labour\LabourFlowCard.jsx,LabourFlowCard.jsx,components,27,is_total,snake_case,snake_case_reference,readiness_field,labour,"return ( <div className={`labour-summary-table-row ${is_total ? ""total"" : """"}`}> <div className=""labour-summary-table-label"">"
components\labour\LabourFlowCard.jsx,LabourFlowCard.jsx,components,86,is_total,snake_case,snake_case_reference,readiness_field,labour,"helper=""Paid hours left after entitlements and productivity."" is_total={true} />"
components\labour\LabourSummaryCard.jsx,LabourSummaryCard.jsx,components,44,is_total,snake_case,snake_case_reference,readiness_field,labour,"<div className={`labour-summary-table-row ${row.is_total ? ""total"" : """"}`} onClick={"
components\labour\LabourSummaryCard.jsx,LabourSummaryCard.jsx,components,79,is_total,snake_case,snake_case_reference,readiness_field,labour,const is_primary = row.is_total || index === 0; const has_breakdown =
lib\selectors\labour\labourSummarySelectors.js,labourSummarySelectors.js,lib,141,is_total,snake_case,object_key,readiness_field,labour,"""Final productive hours after paid non-productive time and productivity."", is_total: true, breakdown_title: ""Paid hours to productive hours"","
lib\selectors\labour\labourSummarySelectors.js,labourSummarySelectors.js,lib,169,is_total,snake_case,object_key,readiness_field,labour,"helper: ""Hours that can actually produce recoverable work."", is_total: true, },"
lib\selectors\labour\labourSummarySelectors.js,labourSummarySelectors.js,lib,177,is_total,snake_case,object_key,readiness_field,labour,"helper: ""True labour cost spread over productive hours only."", is_total: true, breakdown_title: ""Annual cost to productive-hour rate"","
lib\selectors\labour\labourSummarySelectors.js,labourSummarySelectors.js,lib,194,is_total,snake_case,object_key,readiness_field,labour,"helper: ""Annual labour cost divided by productive hours."", is_total: true, },"
lib\selectors\labour\labourSummarySelectors.js,labourSummarySelectors.js,lib,220,is_total,snake_case,object_key,readiness_field,labour,"value: format_currency(rate_build.available_rate, 2), is_total: true, },"
lib\selectors\labour\labourSummarySelectors.js,labourSummarySelectors.js,lib,240,is_total,snake_case,object_key,readiness_field,labour,"value: format_currency(rate_build.productive_wage_rate, 2), is_total: true, },"
lib\selectors\labour\labourSummarySelectors.js,labourSummarySelectors.js,lib,271,is_total,snake_case,object_key,readiness_field,labour,"value: format_currency(productive_labour_cost_rate, 2), is_total: true, },"
lib\selectors\labour\labourSummarySelectors.js,labourSummarySelectors.js,lib,315,is_total,snake_case,object_key,readiness_field,labour,"value: format_currency(outputs.total_labour_cost_annual), is_total: true, },"
lib\selectors\labour\labourSummarySelectors.js,labourSummarySelectors.js,lib,341,is_total,snake_case,object_key,readiness_field,labour,"value: format_currency(outputs.productive_labour_cost_rate, 2), is_total: true, },"
components\cost-allocation\groups\CostAllocationGroupLabourBuilder.jsx,CostAllocationGroupLabourBuilder.jsx,components,360,is_unmatched,snake_case,snake_case_reference,readiness_field,labour,"{resolved_assignment.is_unmatched ? ( <p className=""ui-help"">"
lib\selectors\rate-builder\rateBuilderLabourSourceSelectors.js,rateBuilderLabourSourceSelectors.js,lib,194,labour_model_trust_state,snake_case,snake_case_reference,trust_state_field,labour,"labour_output?.labour_status || labour_output?.labour_model_trust_state || ""ready"";"
hooks\cost-allocation\useCostAllocationAssignmentCards.js,useCostAllocationAssignmentCards.js,hooks,162,labour_pool_status,snake_case,object_key,status_field,labour,"productive_labour_pool: calculated?.productive_labour_pool ?? null, labour_pool_status: calculated?.labour_pool?.allocation_status ||"
hooks\cost-allocation\useCostAllocationAssignmentCards.js,useCostAllocationAssignmentCards.js,hooks,165,labour_pool_status,snake_case,snake_case_reference,status_field,labour,"calculated?.productive_labour_pool?.allocation_status || calculated?.labour_pool_status || ""review_required"","
hooks\cost-allocation\useCostAllocationAssignmentCards.js,useCostAllocationAssignmentCards.js,hooks,171,labour_pool_status,snake_case,snake_case_reference,status_field,labour,"calculated?.productive_labour_pool?.allocation_status || calculated?.labour_pool_status || ""review_required"","
lib\calculations\cost-allocation\costAllocationPoolBuilders.js,costAllocationPoolBuilders.js,lib,272,labour_pool_status,snake_case,object_key,status_field,labour,"total_over_allocated_labour_hours: over_allocated_labour_hours, labour_pool_status: allocation_status, };"
lib\calculations\costAllocationRules.js,costAllocationRules.js,lib,165,labour_pool_status,snake_case,snake_case_reference,status_field,labour,"const labour_pool_over_allocated = labour_assignment_result.labour_pool_status === ""over_allocated"";"
lib\calculations\costAllocationRules.js,costAllocationRules.js,lib,454,labour_pool_status,snake_case,object_key,status_field,labour,"labour_assignment_result.total_over_allocated_labour_hours, labour_pool_status: labour_assignment_result.labour_pool_status,"
lib\selectors\cost-allocation\costAllocationCardSections.js,costAllocationCardSections.js,lib,119,labour_pool_status,snake_case,snake_case_reference,status_field,labour,"recovery_cost: calculated?.total_assigned_labour_cost ?? 0, status_label: get_display_label(calculated?.labour_pool_status), message:"
lib\selectors\cost-allocation\costAllocationCardSections.js,costAllocationCardSections.js,lib,164,labour_pool_status,snake_case,snake_case_reference,status_field,labour,allocation_status: calculated?.labour_pool_status ?? calculated?.productive_labour_pool?.allocation_status ??
app\dev\model-readiness\page.jsx,page.jsx,app,156,labour_ready,snake_case,snake_case_reference,readiness_field,labour,"[ ""labour_ready"", status.normalised_reconciliation_inputs?.labour_ready,"
app\dev\model-readiness\page.jsx,page.jsx,app,157,labour_ready,snake_case,snake_case_reference,readiness_field,labour,"""labour_ready"", status.normalised_reconciliation_inputs?.labour_ready, ],"
app\dev\model-readiness\page.jsx,page.jsx,app,79,labour_ready,snake_case,snake_case_reference,readiness_field,labour,"[""general_overheads_ready"", status.general_overheads_ready], [""labour_ready"", status.labour_ready], [""assets_ready"", status.assets_ready],"
app\model-readiness\page.jsx,page.jsx,app,32,labour_ready,snake_case,snake_case_reference,readiness_field,labour,"[""general_overheads_ready"", status.general_overheads_ready], [""labour_ready"", status.labour_ready], [""assets_ready"", status.assets_ready],"
app\model-readiness\page.jsx,page.jsx,app,92,labour_ready,snake_case,snake_case_reference,readiness_field,labour,"], [""labour_ready"", status.normalised_reconciliation_inputs?.labour_ready], [""assets_ready"", status.normalised_reconciliation_inputs?.assets_ready],"
components\labour\LabourCompactWorkspaceCard.jsx,LabourCompactWorkspaceCard.jsx,components,100,labour_ready,snake_case,snake_case_reference,readiness_field,labour,"if (!labour.has_profile) return ""No profile""; if (labour.status?.labour_ready || labour.status?.is_ready) return ""Ready""; if (labour.status?.labour_status === ""amber"") return ""Review"";"
components\labour\LabourStatusStrip.jsx,LabourStatusStrip.jsx,components,111,labour_ready,snake_case,snake_case_reference,readiness_field,labour,"<div className=""ui-label"">Labour readiness</div> <div>{labour_ready ? ""Ready for downstream use"" : ""Needs review""}</div> </div>"
components\labour\LabourStatusStrip.jsx,LabourStatusStrip.jsx,components,24,labour_ready,snake_case,snake_case_reference,readiness_field,labour,"labour_ready = false, labour_status = ""red"","
components\labour\LabourStatusStrip.jsx,LabourStatusStrip.jsx,components,58,labour_ready,snake_case,snake_case_reference,readiness_field,labour,"<span className=""ui-pill""> {labour_ready ? ""Ready"" : ""Not ready""} </span>"
lib\reconciliation\reconciliationRules.js,reconciliationRules.js,lib,289,labour_ready,snake_case,snake_case_reference,readiness_field,labour,"getModuleReadyCheck(""Profit & Loss"", profit_and_loss_ready), getModuleReadyCheck(""Labour"", labour_ready), getModuleReadyCheck(""General Overheads"", general_overheads_status.is_ready),"
lib\reconciliation\reconciliationRules.js,reconciliationRules.js,lib,361,labour_ready,snake_case,snake_case_reference,readiness_field,labour,"general_overheads_ready, labour_ready, assets_ready,"
lib\selectors\labour\labourOutputContractSelectors.js,labourOutputContractSelectors.js,lib,149,labour_ready,snake_case,declaration,readiness_field,labour,const labour_ready = active_staff.length > 0 &&
lib\selectors\labour\labourOutputContractSelectors.js,labourOutputContractSelectors.js,lib,237,labour_ready,snake_case,snake_case_reference,readiness_field,labour,"labour_ready, };"
lib\selectors\labour\labourStatusSelectors.js,labourStatusSelectors.js,lib,129,labour_ready,snake_case,object_key,readiness_field,labour,"labour_status: reconciliation.labour_status, labour_ready: reconciliation.labour_ready,"
lib\selectors\labour\labourStatusSelectors.js,labourStatusSelectors.js,lib,24,labour_ready,snake_case,declaration,readiness_field,labour,"let labour_status = ""green""; let labour_ready = true;"
lib\selectors\labour\labourStatusSelectors.js,labourStatusSelectors.js,lib,28,labour_ready,snake_case,snake_case_reference,readiness_field,labour,"labour_status = ""green""; labour_ready = true; } else if (labour_variance_percent <= 5) {"
lib\selectors\labour\labourStatusSelectors.js,labourStatusSelectors.js,lib,31,labour_ready,snake_case,snake_case_reference,readiness_field,labour,"labour_status = ""amber""; labour_ready = false; } else {"
lib\selectors\labour\labourStatusSelectors.js,labourStatusSelectors.js,lib,34,labour_ready,snake_case,snake_case_reference,readiness_field,labour,"labour_status = ""red""; labour_ready = false; }"
lib\selectors\labour\labourStatusSelectors.js,labourStatusSelectors.js,lib,43,labour_ready,snake_case,snake_case_reference,readiness_field,labour,"labour_status, labour_ready, };"
components\recovery-summary\RecoverySummaryMainCard.jsx,RecoverySummaryMainCard.jsx,components,68,labour_recovery_status,snake_case,snake_case_reference,status_field,labour,labour_recovery_hours={card.labour_recovery_hours} labour_recovery_status={card.labour_recovery_status} required_labour_recovery_rate={card.required_labour_recovery_rate}
components\recovery-summary\RecoverySummaryStatusStrip.jsx,RecoverySummaryStatusStrip.jsx,components,194,labour_recovery_status,snake_case,snake_case_reference,status_field,labour,"required_labour_recovery_rate = 0, labour_recovery_status = ""ready"", asset_recovery_cost = 0,"
components\recovery-summary\RecoverySummaryStatusStrip.jsx,RecoverySummaryStatusStrip.jsx,components,208,labour_recovery_status,snake_case,snake_case_reference,status_field,labour,"question=""Can labour recover the labour cost it creates?"" status={labour_recovery_status} rows={["
components\recovery-summary\RecoverySummaryStatusStrip.jsx,RecoverySummaryStatusStrip.jsx,components,277,labour_recovery_status,snake_case,snake_case_reference,status_field,labour,"labour_recovery_hours, labour_recovery_status, required_labour_recovery_rate,"
components\recovery-summary\RecoverySummaryStatusStrip.jsx,RecoverySummaryStatusStrip.jsx,components,351,labour_recovery_status,snake_case,snake_case_reference,status_field,labour,required_labour_recovery_rate={required_labour_recovery_rate} labour_recovery_status={labour_recovery_status} asset_recovery_cost={asset_recovery_cost}
components\recovery-summary\main-card\RecoverySupportingEvidenceDetail.jsx,RecoverySupportingEvidenceDetail.jsx,components,194,labour_recovery_status,snake_case,snake_case_reference,status_field,labour,"required_labour_recovery_rate = 0, labour_recovery_status = ""ready"", asset_recovery_cost = 0,"
components\recovery-summary\main-card\RecoverySupportingEvidenceDetail.jsx,RecoverySupportingEvidenceDetail.jsx,components,208,labour_recovery_status,snake_case,snake_case_reference,status_field,labour,"question=""Can labour recover the labour cost it creates?"" status={labour_recovery_status} rows={["
components\recovery-summary\main-card\RecoverySupportingEvidenceDetail.jsx,RecoverySupportingEvidenceDetail.jsx,components,277,labour_recovery_status,snake_case,snake_case_reference,status_field,labour,"labour_recovery_hours, labour_recovery_status, required_labour_recovery_rate,"
components\recovery-summary\main-card\RecoverySupportingEvidenceDetail.jsx,RecoverySupportingEvidenceDetail.jsx,components,351,labour_recovery_status,snake_case,snake_case_reference,status_field,labour,required_labour_recovery_rate={required_labour_recovery_rate} labour_recovery_status={labour_recovery_status} asset_recovery_cost={asset_recovery_cost}
hooks\useRecoverySummary.js,useRecoverySummary.js,hooks,128,labour_recovery_status,snake_case,object_key,status_field,labour,"labour_recovery_hours: calculated.labour_recovery_hours, labour_recovery_status: calculated.labour_recovery_status, labour_recovery_gap: calculated.labour_recovery_gap,"
lib\calculations\recoverySummaryCalculations.js,recoverySummaryCalculations.js,lib,579,labour_recovery_status,snake_case,declaration,status_field,labour,const labour_recovery_hours = round_currency(recovery_hours_used); const labour_recovery_status = total_people_cost_annual <= 0
lib\calculations\recoverySummaryCalculations.js,recoverySummaryCalculations.js,lib,947,labour_recovery_status,snake_case,snake_case_reference,status_field,labour,"labour_recovery_hours, labour_recovery_status, labour_recovery_gap,"
lib\selectors\recoverySummarySelectors.js,recoverySummarySelectors.js,lib,620,labour_recovery_status,snake_case,object_key,status_field,labour,"labour_recovery_hours: calculated.labour_recovery_hours ?? 0, labour_recovery_status: calculated.labour_recovery_status ?? ""not_selected"", labour_recovery_gap: calculated.labour_recovery_gap ?? 0,"
components\rate-builder\RateBuilderLabourRatesInputCard.jsx,RateBuilderLabourRatesInputCard.jsx,components,108,labour_source_rate_save_status,snake_case,snake_case_reference,status_field,labour,"{labour_source_rate_save_status ? ( <span className=""ui-help"">{labour_source_rate_save_status}</span>"
components\rate-builder\RateBuilderLabourRatesInputCard.jsx,RateBuilderLabourRatesInputCard.jsx,components,109,labour_source_rate_save_status,snake_case,snake_case_reference,status_field,labour,"{labour_source_rate_save_status ? ( <span className=""ui-help"">{labour_source_rate_save_status}</span> ) : null}"
components\rate-builder\RateBuilderLabourRatesInputCard.jsx,RateBuilderLabourRatesInputCard.jsx,components,9,labour_source_rate_save_status,snake_case,snake_case_reference,status_field,labour,"current_charge_out_rate, labour_source_rate_save_status, actions,"
hooks\rate-builder\useRateBuilderLabourRates.js,useRateBuilderLabourRates.js,hooks,230,labour_source_rate_save_status,snake_case,snake_case_reference,status_field,labour,"selected_source_charge_out_rate, labour_source_rate_save_status, labour_unit_label: LABOUR_UNIT_LABEL,"
hooks\rate-builder\useRateBuilderLabourRates.js,useRateBuilderLabourRates.js,hooks,56,labour_source_rate_save_status,snake_case,array_destructured_name,status_field,labour,"useState(null); const [labour_source_rate_save_status, set_labour_source_rate_save_status] = useState("""");"
components\labour\LabourCompactWorkspaceCard.jsx,LabourCompactWorkspaceCard.jsx,components,101,labour_status,snake_case,snake_case_reference,status_field,labour,"if (labour.status?.labour_ready || labour.status?.is_ready) return ""Ready""; if (labour.status?.labour_status === ""amber"") return ""Review""; if (labour.status?.labour_status === ""red"") return ""Blocked"";"
components\labour\LabourCompactWorkspaceCard.jsx,LabourCompactWorkspaceCard.jsx,components,102,labour_status,snake_case,snake_case_reference,status_field,labour,"if (labour.status?.labour_status === ""amber"") return ""Review""; if (labour.status?.labour_status === ""red"") return ""Blocked""; return ""Review"";"
components\labour\LabourStatusStrip.jsx,LabourStatusStrip.jsx,components,10,labour_status,snake_case,snake_case_reference,status_field,labour,"function get_status_title(labour_status = ""green"") { if (labour_status === ""green"") return ""Labour ready""; if (labour_status === ""amber"") return ""Review required"";"
components\labour\LabourStatusStrip.jsx,LabourStatusStrip.jsx,components,11,labour_status,snake_case,snake_case_reference,status_field,labour,"if (labour_status === ""green"") return ""Labour ready""; if (labour_status === ""amber"") return ""Review required""; return ""Blocked"";"
components\labour\LabourStatusStrip.jsx,LabourStatusStrip.jsx,components,25,labour_status,snake_case,snake_case_reference,status_field,labour,"labour_ready = false, labour_status = ""red"", reconciliation_label = ""Blocked"","
components\labour\LabourStatusStrip.jsx,LabourStatusStrip.jsx,components,3,labour_status,snake_case,snake_case_reference,status_field,labour,"function get_status_tone(labour_status = ""green"") { if (labour_status === ""green"") return ""success"";"
components\labour\LabourStatusStrip.jsx,LabourStatusStrip.jsx,components,36,labour_status,snake_case,snake_case_reference,status_field,labour,}) { const tone = get_status_tone(labour_status); const status_title = get_status_title(labour_status);
components\labour\LabourStatusStrip.jsx,LabourStatusStrip.jsx,components,37,labour_status,snake_case,snake_case_reference,status_field,labour,const tone = get_status_tone(labour_status); const status_title = get_status_title(labour_status);
components\labour\LabourStatusStrip.jsx,LabourStatusStrip.jsx,components,4,labour_status,snake_case,snake_case_reference,status_field,labour,"function get_status_tone(labour_status = ""green"") { if (labour_status === ""green"") return ""success""; if (labour_status === ""amber"") return ""warning"";"
components\labour\LabourStatusStrip.jsx,LabourStatusStrip.jsx,components,5,labour_status,snake_case,snake_case_reference,status_field,labour,"if (labour_status === ""green"") return ""success""; if (labour_status === ""amber"") return ""warning""; return ""danger"";"
components\labour\LabourStatusStrip.jsx,LabourStatusStrip.jsx,components,9,labour_status,snake_case,snake_case_reference,status_field,labour,"function get_status_title(labour_status = ""green"") { if (labour_status === ""green"") return ""Labour ready"";"
lib\selectors\labour\labourStatusSelectors.js,labourStatusSelectors.js,lib,101,labour_status,snake_case,snake_case_reference,status_field,labour,"return { is_ready: warnings.length === 0 && reconciliation.labour_status === ""green"", warning_count: warnings.length,"
lib\selectors\labour\labourStatusSelectors.js,labourStatusSelectors.js,lib,118,labour_status,snake_case,snake_case_reference,status_field,labour,"reconciliation_label: reconciliation.labour_status === ""green"" ? ""Ready"""
lib\selectors\labour\labourStatusSelectors.js,labourStatusSelectors.js,lib,120,labour_status,snake_case,snake_case_reference,status_field,labour,"? ""Ready"" : reconciliation.labour_status === ""amber"" ? ""Review required"""
lib\selectors\labour\labourStatusSelectors.js,labourStatusSelectors.js,lib,128,labour_status,snake_case,object_key,status_field,labour,"labour_variance_percent: reconciliation.labour_variance_percent, labour_status: reconciliation.labour_status, labour_ready: reconciliation.labour_ready,"
lib\selectors\labour\labourStatusSelectors.js,labourStatusSelectors.js,lib,23,labour_status,snake_case,declaration,status_field,labour,"let labour_status = ""green""; let labour_ready = true;"
lib\selectors\labour\labourStatusSelectors.js,labourStatusSelectors.js,lib,27,labour_status,snake_case,snake_case_reference,status_field,labour,"if (labour_variance_percent <= 1) { labour_status = ""green""; labour_ready = true;"
lib\selectors\labour\labourStatusSelectors.js,labourStatusSelectors.js,lib,30,labour_status,snake_case,snake_case_reference,status_field,labour,"} else if (labour_variance_percent <= 5) { labour_status = ""amber""; labour_ready = false;"
lib\selectors\labour\labourStatusSelectors.js,labourStatusSelectors.js,lib,33,labour_status,snake_case,snake_case_reference,status_field,labour,"} else { labour_status = ""red""; labour_ready = false;"
lib\selectors\labour\labourStatusSelectors.js,labourStatusSelectors.js,lib,42,labour_status,snake_case,snake_case_reference,status_field,labour,"labour_variance_percent, labour_status, labour_ready,"
lib\selectors\labour\labourStatusSelectors.js,labourStatusSelectors.js,lib,90,labour_status,snake_case,snake_case_reference,status_field,labour,"if (reconciliation.labour_status === ""amber"") { warnings.push("
lib\selectors\labour\labourStatusSelectors.js,labourStatusSelectors.js,lib,96,labour_status,snake_case,snake_case_reference,status_field,labour,"if (reconciliation.labour_status === ""red"") { warnings.push(""Labour reconciliation is outside the allowed threshold."");"
lib\selectors\rate-builder\rateBuilderLabourSourceSelectors.js,rateBuilderLabourSourceSelectors.js,lib,192,labour_status,snake_case,declaration,status_field,labour,const labour_status = labour_output?.labour_status ||
lib\selectors\rate-builder\rateBuilderLabourSourceSelectors.js,rateBuilderLabourSourceSelectors.js,lib,193,labour_status,snake_case,snake_case_reference,status_field,labour,const labour_status = labour_output?.labour_status || labour_output?.labour_model_trust_state ||
lib\selectors\rate-builder\rateBuilderLabourSourceSelectors.js,rateBuilderLabourSourceSelectors.js,lib,215,labour_status,snake_case,snake_case_reference,status_field,labour,"pnl_labour_recovery_multiplier, rate_status: labour_status, source: ""labour"","
lib\selectors\labour\labourOutputContractSelectors.js,labourOutputContractSelectors.js,lib,230,labour_warnings,snake_case,object_key,warnings_field,labour,"productive_staff_type_rate_warnings, labour_warnings: productive_staff_type_rate_warnings,"
components\labour\ProductiveStaffTypeRatesPanel.jsx,ProductiveStaffTypeRatesPanel.jsx,components,141,productive_staff_type_rate_warnings,snake_case,warning_id,warnings_field,labour,"<div className=""ui-warning-list""> {productive_staff_type_rate_warnings.map((warning) => ( <div"
components\labour\ProductiveStaffTypeRatesPanel.jsx,ProductiveStaffTypeRatesPanel.jsx,components,62,productive_staff_type_rate_warnings,snake_case,warning_id,warnings_field,labour,"total_productive_paid_hours = 0, productive_staff_type_rate_warnings = [], }) {"
components\labour\ProductiveStaffTypeRatesPanel.jsx,ProductiveStaffTypeRatesPanel.jsx,components,65,productive_staff_type_rate_warnings,snake_case,warning_id,warnings_field,labour,const has_staff_type_rates = productive_staff_type_rates.length > 0; const has_warnings = productive_staff_type_rate_warnings.length > 0;
lib\calculations\labourCalculations.js,labourCalculations.js,lib,208,productive_staff_type_rate_warnings,snake_case,object_key,warnings_field,labour,": 0, productive_staff_type_rate_warnings: build_productive_staff_type_rate_warnings({"
lib\selectors\labour\labourOutputContractSelectors.js,labourOutputContractSelectors.js,lib,107,productive_staff_type_rate_warnings,snake_case,declaration,warnings_field,labour,productive_staff_type_rate_outputs.productive_staff_type_rates; const productive_staff_type_rate_warnings = productive_staff_type_rate_outputs.productive_staff_type_rate_warnings;
lib\selectors\labour\labourOutputContractSelectors.js,labourOutputContractSelectors.js,lib,108,productive_staff_type_rate_warnings,snake_case,warning_id,warnings_field,labour,const productive_staff_type_rate_warnings = productive_staff_type_rate_outputs.productive_staff_type_rate_warnings;
lib\selectors\labour\labourOutputContractSelectors.js,labourOutputContractSelectors.js,lib,229,productive_staff_type_rate_warnings,snake_case,warning_id,warnings_field,labour,"productive_staff_type_rates, productive_staff_type_rate_warnings, labour_warnings: productive_staff_type_rate_warnings,"
lib\selectors\labour\labourOutputContractSelectors.js,labourOutputContractSelectors.js,lib,230,productive_staff_type_rate_warnings,snake_case,warning_id,warnings_field,labour,"productive_staff_type_rate_warnings, labour_warnings: productive_staff_type_rate_warnings,"
components\labour\ProductiveStaffTypeRatesPanel.jsx,ProductiveStaffTypeRatesPanel.jsx,components,104,rate_status,snake_case,snake_case_reference,status_field,labour,"<div key={`${rate.staff_type_id}-${rate.staff_type_name}-${rate.rate_status}`} className=""labour-summary-table-row"""
components\labour\ProductiveStaffTypeRatesPanel.jsx,ProductiveStaffTypeRatesPanel.jsx,components,125,rate_status,snake_case,snake_case_reference,status_field,labour,</div> <div className={get_status_class(rate.rate_status)}> {get_status_label(rate.rate_status)}
components\labour\ProductiveStaffTypeRatesPanel.jsx,ProductiveStaffTypeRatesPanel.jsx,components,126,rate_status,snake_case,snake_case_reference,status_field,labour,<div className={get_status_class(rate.rate_status)}> {get_status_label(rate.rate_status)} </div>
components\labour\ProductiveStaffTypeRatesPanel.jsx,ProductiveStaffTypeRatesPanel.jsx,components,27,rate_status,snake_case,snake_case_reference,status_field,labour,"function get_status_label(rate_status = """") { if (rate_status === ""ready"") {"
components\labour\ProductiveStaffTypeRatesPanel.jsx,ProductiveStaffTypeRatesPanel.jsx,components,28,rate_status,snake_case,snake_case_reference,status_field,labour,"function get_status_label(rate_status = """") { if (rate_status === ""ready"") { return ""Ready"";"
components\labour\ProductiveStaffTypeRatesPanel.jsx,ProductiveStaffTypeRatesPanel.jsx,components,32,rate_status,snake_case,snake_case_reference,status_field,labour,"if (rate_status === ""invalid_zero_productive_hours"") { return ""Needs productive hours"";"
components\labour\ProductiveStaffTypeRatesPanel.jsx,ProductiveStaffTypeRatesPanel.jsx,components,36,rate_status,snake_case,snake_case_reference,status_field,labour,"if (rate_status === ""review_zero_cost"") { return ""Review zero cost"";"
components\labour\ProductiveStaffTypeRatesPanel.jsx,ProductiveStaffTypeRatesPanel.jsx,components,40,rate_status,snake_case,snake_case_reference,status_field,labour,"if (rate_status === ""review_unassigned_staff_type"") { return ""Assign staff type"";"
components\labour\ProductiveStaffTypeRatesPanel.jsx,ProductiveStaffTypeRatesPanel.jsx,components,47,rate_status,snake_case,snake_case_reference,status_field,labour,"function get_status_class(rate_status = """") { if (rate_status === ""ready"") {"
components\labour\ProductiveStaffTypeRatesPanel.jsx,ProductiveStaffTypeRatesPanel.jsx,components,48,rate_status,snake_case,snake_case_reference,status_field,labour,"function get_status_class(rate_status = """") { if (rate_status === ""ready"") { return ""ui-pill ui-pill-success"";"
components\rate-builder\RateBuilderLabourRatesResultPanel.jsx,RateBuilderLabourRatesResultPanel.jsx,components,39,rate_status,snake_case,snake_case_reference,status_field,labour,"Status:{"" ""} {selected_labour_source?.rate_status || active_model.rate_status ||"
components\rate-builder\RateBuilderLabourRatesResultPanel.jsx,RateBuilderLabourRatesResultPanel.jsx,components,40,rate_status,snake_case,snake_case_reference,status_field,labour,"{selected_labour_source?.rate_status || active_model.rate_status || ""ready""}"
lib\calculations\labourCalculations.js,labourCalculations.js,lib,154,rate_status,snake_case,object_key,status_field,labour,"is_productive: true, rate_status: ""ready"", source: ""labour_module"","
lib\calculations\labourCalculations.js,labourCalculations.js,lib,188,rate_status,snake_case,object_key,status_field,labour,"productive_share_percent, rate_status: get_staff_type_rate_status(group), };"
lib\calculations\labourCalculations.js,labourCalculations.js,lib,68,rate_status,snake_case,snake_case_reference,status_field,labour,"productive_staff_type_rates.forEach((rate) => { if (rate.rate_status === ""invalid_zero_productive_hours"") { warnings.push({"
lib\calculations\labourCalculations.js,labourCalculations.js,lib,76,rate_status,snake_case,snake_case_reference,status_field,labour,"if (rate.rate_status === ""review_zero_cost"") { warnings.push({"
lib\calculations\labourCalculations.js,labourCalculations.js,lib,84,rate_status,snake_case,snake_case_reference,status_field,labour,"if (rate.rate_status === ""review_unassigned_staff_type"") { warnings.push({"
lib\selectors\rate-builder\rateBuilderLabourSourceSelectors.js,rateBuilderLabourSourceSelectors.js,lib,215,rate_status,snake_case,object_key,status_field,labour,"pnl_labour_recovery_multiplier, rate_status: labour_status, source: ""labour"","
lib\selectors\rate-builder\rateBuilderLabourSourceSelectors.js,rateBuilderLabourSourceSelectors.js,lib,256,rate_status,snake_case,object_key,status_field,labour,"productive_share_percent: rate.productive_share_percent, rate_status: rate.rate_status, source: rate.source || ""labour"","
lib\selectors\rate-builder\rateBuilderLabourSourceSelectors.js,rateBuilderLabourSourceSelectors.js,lib,279,rate_status,snake_case,object_key,status_field,labour,"pnl_labour_recovery_multiplier: 0, rate_status: ""preview_only"", source: ""rate_builder"","
hooks\rate-builder\useRateBuilderLabourRates.js,useRateBuilderLabourRates.js,hooks,166,set_labour_source_rate_save_status,snake_case,snake_case_reference,status_field,labour,"set_labour_rate_models, set_labour_source_rate_save_status, value,"
hooks\rate-builder\useRateBuilderLabourRates.js,useRateBuilderLabourRates.js,hooks,178,set_labour_source_rate_save_status,snake_case,snake_case_reference,status_field,labour,"set_labour_rate_models, set_labour_source_rate_save_status, });"
hooks\rate-builder\useRateBuilderLabourRates.js,useRateBuilderLabourRates.js,hooks,187,set_labour_source_rate_save_status,snake_case,snake_case_reference,status_field,labour,"set_labour_rate_models, set_labour_source_rate_save_status, labour_source_type_id,"
hooks\rate-builder\useRateBuilderLabourRates.js,useRateBuilderLabourRates.js,hooks,56,set_labour_source_rate_save_status,snake_case,array_destructured_name,status_field,labour,"useState(null); const [labour_source_rate_save_status, set_labour_source_rate_save_status] = useState("""");"
lib\actions\rate-builder\rateBuilderLabourRateModelActions.js,rateBuilderLabourRateModelActions.js,lib,134,set_labour_source_rate_save_status,snake_case,snake_case_reference,status_field,labour,"set_labour_source_rate_save_status(""Saved""); }"
lib\actions\rate-builder\rateBuilderLabourRateModelActions.js,rateBuilderLabourRateModelActions.js,lib,141,set_labour_source_rate_save_status,snake_case,snake_case_reference,status_field,labour,"set_labour_rate_models, set_labour_source_rate_save_status, labour_source_type_id,"
lib\actions\rate-builder\rateBuilderLabourRateModelActions.js,rateBuilderLabourRateModelActions.js,lib,152,set_labour_source_rate_save_status,snake_case,snake_case_reference,status_field,labour,"set_labour_source_rate_save_status("""");"
lib\actions\rate-builder\rateBuilderLabourRateModelActions.js,rateBuilderLabourRateModelActions.js,lib,54,set_labour_source_rate_save_status,snake_case,snake_case_reference,status_field,labour,"set_labour_rate_models, set_labour_source_rate_save_status, value,"
lib\actions\rate-builder\rateBuilderLabourRateModelActions.js,rateBuilderLabourRateModelActions.js,lib,61,set_labour_source_rate_save_status,snake_case,snake_case_reference,status_field,labour,"set_labour_source_rate_save_status("""");"
lib\actions\rate-builder\rateBuilderLabourRateModelActions.js,rateBuilderLabourRateModelActions.js,lib,95,set_labour_source_rate_save_status,snake_case,snake_case_reference,status_field,labour,"set_labour_rate_models, set_labour_source_rate_save_status, }) {"
app\labour-rate-reality-check\page.jsx,page.jsx,app,9,status,plain,destructured_name,status_field,labour,"export default function LabourRateRealityCheckPage() { const { status, card } = useLabourRateRealityCheck();"
hooks\useLabour.js,useLabour.js,hooks,202,status,plain,declaration,status_field,labour,const status = useMemo(() => { return buildLabourStatus({
hooks\useLabourRateRealityCheck.js,useLabourRateRealityCheck.js,hooks,25,status,plain,declaration,status_field,labour,const status = useMemo(() => { return buildLabourRateRealityCheckStatus({
components\labour\LabourCompactWorkspaceCard.jsx,LabourCompactWorkspaceCard.jsx,components,204,warnings,plain,declaration,warnings_field,labour,function ReviewDetail({ labour = {} }) { const warnings = Array.isArray(labour.status?.warnings) ? labour.status.warnings
lib\calculations\labourCalculations.js,labourCalculations.js,lib,65,warnings,plain,declaration,warnings_field,labour,}) { const warnings = [];
lib\selectors\labourRateRealityCheckSelectors.js,labourRateRealityCheckSelectors.js,lib,41,warnings,plain,object_key,warnings_field,labour,"warning_count: missing_inputs.length, warnings: ready ? [] : missing_inputs, summary: ready"
lib\selectors\labour\labourStatusSelectors.js,labourStatusSelectors.js,lib,55,warnings,plain,declaration,warnings_field,labour,}) { const warnings = [];
components\layout\SidebarNavigation.jsx,SidebarNavigation.jsx,components,204,is_active,snake_case,snake_case_reference,readiness_field,layout-shared,"function is_active(href) { return pathname === href || pathname.startsWith(href + ""/"");"
components\layout\SidebarNavigation.jsx,SidebarNavigation.jsx,components,218,is_active,snake_case,snake_case_reference,readiness_field,layout-shared,"<Link href=""/"" className={get_item_classes(is_active(""/""))}> Home"
components\layout\SidebarNavigation.jsx,SidebarNavigation.jsx,components,240,is_active,snake_case,snake_case_reference,readiness_field,layout-shared,item={item} active={is_active(item.href)} />
components\layout\SidebarNavigation.jsx,SidebarNavigation.jsx,components,256,is_active,snake_case,snake_case_reference,readiness_field,layout-shared,item={item} active={is_active(item.href)} />
components\layout\SidebarNavigation.jsx,SidebarNavigation.jsx,components,155,is_in_setup_flow,snake_case,declaration,readiness_field,layout-shared,function is_setup_route_locked(href) { const is_in_setup_flow = SETUP_FLOW_ORDER.includes(href);
components\layout\SidebarNavigation.jsx,SidebarNavigation.jsx,components,161,is_in_setup_flow,snake_case,snake_case_reference,readiness_field,layout-shared,if (!is_in_setup_flow) { return false;
components\layout\SidebarNavigation.jsx,SidebarNavigation.jsx,components,169,is_locked,snake_case,declaration,readiness_field,layout-shared,"function NavigationItem({ item, active }) { const is_locked = is_setup_route_locked(item.href);"
components\layout\SidebarNavigation.jsx,SidebarNavigation.jsx,components,171,is_locked,snake_case,snake_case_reference,readiness_field,layout-shared,if (is_locked) { return (
components\layout\SidebarNavigation.jsx,SidebarNavigation.jsx,components,154,is_setup_route_locked,snake_case,snake_case_reference,readiness_field,layout-shared,function is_setup_route_locked(href) { const is_in_setup_flow = SETUP_FLOW_ORDER.includes(href);
components\layout\SidebarNavigation.jsx,SidebarNavigation.jsx,components,169,is_setup_route_locked,snake_case,snake_case_reference,readiness_field,layout-shared,"function NavigationItem({ item, active }) { const is_locked = is_setup_route_locked(item.href);"
components\model-readiness\ModelReadinessAuditPanel.jsx,ModelReadinessAuditPanel.jsx,components,278,download_status,snake_case,snake_case_reference,status_field,model-readiness,"{download_status ? ( <p className=""ui-help"">{download_status}</p>"
components\model-readiness\ModelReadinessAuditPanel.jsx,ModelReadinessAuditPanel.jsx,components,279,download_status,snake_case,snake_case_reference,status_field,model-readiness,"{download_status ? ( <p className=""ui-help"">{download_status}</p> ) : null}"
components\model-readiness\ModelReadinessAuditPanel.jsx,ModelReadinessAuditPanel.jsx,components,32,download_status,snake_case,array_destructured_name,status_field,model-readiness,"}) { const [download_status, set_download_status] = useState("""");"
app\dev\model-readiness\page.jsx,page.jsx,app,168,has_legacy_running_costs,snake_case,snake_case_reference,readiness_field,model-readiness,"[ ""has_legacy_running_costs"", status.normalised_reconciliation_inputs?.has_legacy_running_costs,"
app\dev\model-readiness\page.jsx,page.jsx,app,169,has_legacy_running_costs,snake_case,snake_case_reference,readiness_field,model-readiness,"""has_legacy_running_costs"", status.normalised_reconciliation_inputs?.has_legacy_running_costs, ],"
app\model-readiness\page.jsx,page.jsx,app,100,has_legacy_running_costs,snake_case,snake_case_reference,readiness_field,model-readiness,"""has_legacy_running_costs"", status.normalised_reconciliation_inputs?.has_legacy_running_costs, ],"
app\model-readiness\page.jsx,page.jsx,app,99,has_legacy_running_costs,snake_case,snake_case_reference,readiness_field,model-readiness,"[ ""has_legacy_running_costs"", status.normalised_reconciliation_inputs?.has_legacy_running_costs,"
app\business-summary\page.jsx,page.jsx,app,157,model_readiness_status,snake_case,snake_case_reference,status_field,model-readiness,labour_benchmark_total={ model_readiness_status?.labour_benchmark_total ?? 0 }
app\business-summary\page.jsx,page.jsx,app,160,model_readiness_status,snake_case,snake_case_reference,status_field,model-readiness,asset_finance_benchmark_total={ model_readiness_status?.asset_finance_benchmark_total ?? 0 }
app\business-summary\page.jsx,page.jsx,app,163,model_readiness_status,snake_case,snake_case_reference,status_field,model-readiness,total_asset_interest_annual={ model_readiness_status?.total_asset_interest_annual ?? 0 }
app\business-summary\page.jsx,page.jsx,app,166,model_readiness_status,snake_case,snake_case_reference,status_field,model-readiness,general_overheads_benchmark_total={ model_readiness_status?.general_overheads_benchmark_total ?? 0 }
app\business-summary\page.jsx,page.jsx,app,18,model_readiness_status,snake_case,snake_case_reference,status_field,model-readiness,"const { status, card } = useBusinessSummary(); const { status: model_readiness_status } = useModelReadiness();"
app\business-summary\page.jsx,page.jsx,app,25,model_readiness_status,snake_case,snake_case_reference,status_field,model-readiness,card.total_other_income_annual ?? model_readiness_status?.other_income ?? model_readiness_status?.total_other_income ??
app\business-summary\page.jsx,page.jsx,app,26,model_readiness_status,snake_case,snake_case_reference,status_field,model-readiness,model_readiness_status?.other_income ?? model_readiness_status?.total_other_income ?? 0;
app\business-summary\page.jsx,page.jsx,app,32,model_readiness_status,snake_case,snake_case_reference,status_field,model-readiness,card.pnl_net_profit ?? model_readiness_status?.net_profit ?? model_readiness_status?.pnl_net_profit ??
app\business-summary\page.jsx,page.jsx,app,33,model_readiness_status,snake_case,snake_case_reference,status_field,model-readiness,model_readiness_status?.net_profit ?? model_readiness_status?.pnl_net_profit ?? to_number(card.margin_pool) +
app\business-summary\page.jsx,page.jsx,app,36,model_readiness_status,snake_case,snake_case_reference,status_field,model-readiness,to_number(other_income) - to_number(model_readiness_status?.total_business_costs);
app\cost-summary\page.jsx,page.jsx,app,27,model_readiness_status,snake_case,snake_case_reference,status_field,model-readiness,model_ready={status.model_ready} model_readiness_status={status.model_readiness_status} blocking_modules={status.blocking_modules}
app\dev\model-readiness\page.jsx,page.jsx,app,83,model_readiness_status,snake_case,snake_case_reference,status_field,model-readiness,"[""model_ready"", status.model_ready], [""model_readiness_status"", status.model_readiness_status], ["
app\model-readiness\page.jsx,page.jsx,app,36,model_readiness_status,snake_case,snake_case_reference,status_field,model-readiness,"[""model_ready"", status.model_ready], [""model_readiness_status"", status.model_readiness_status], [""blocking_modules"", status.blocking_modules],"
app\quote-engine\page.jsx,page.jsx,app,42,model_readiness_status,snake_case,snake_case_reference,status_field,model-readiness,model_ready={status.model_ready} model_readiness_status={status.model_readiness_status} model_trust_state={status.model_trust_state}
components\cost-summary\CostSummaryStatusStrip.jsx,CostSummaryStatusStrip.jsx,components,43,model_readiness_status,snake_case,snake_case_reference,status_field,model-readiness,"model_ready = false, model_readiness_status = ""blocked"", blocking_modules = [],"
components\cost-summary\CostSummaryStatusStrip.jsx,CostSummaryStatusStrip.jsx,components,66,model_readiness_status,snake_case,snake_case_reference,status_field,model-readiness,"}); const normalized_status = String(model_readiness_status || """").toLowerCase(); const status_title = !model_ready"
components\model-readiness\ModelReadinessAuditPanel.jsx,ModelReadinessAuditPanel.jsx,components,178,model_readiness_status,snake_case,object_key,status_field,model-readiness,"model_ready: status.model_ready === true, model_readiness_status: status.model_readiness_status ?? ""blocked"","
components\model-readiness\ModelReadinessAuditPanel.jsx,ModelReadinessAuditPanel.jsx,components,293,model_readiness_status,snake_case,snake_case_reference,status_field,model-readiness,"label=""Readiness status"" value={status.model_readiness_status ?? ""blocked""} />"
components\model-readiness\ModelReadinessStatusStrip.jsx,ModelReadinessStatusStrip.jsx,components,52,model_readiness_status,snake_case,snake_case_reference,status_field,model-readiness,"model_ready = false, model_readiness_status = ""blocked"", blocking_modules = [],"
components\model-readiness\ModelReadinessStatusStrip.jsx,ModelReadinessStatusStrip.jsx,components,62,model_readiness_status,snake_case,snake_case_reference,status_field,model-readiness,"const status_title = model_ready ? model_readiness_status === ""warning"" ? ""Model usable with warnings"""
components\model-readiness\ModelReadinessStatusStrip.jsx,ModelReadinessStatusStrip.jsx,components,68,model_readiness_status,snake_case,snake_case_reference,status_field,model-readiness,"const status_message = model_ready ? model_readiness_status === ""warning"" ? ""The model can be used, but warning checks remain visible for review."""
components\model-readiness\ModelReadinessStatusStrip.jsx,ModelReadinessStatusStrip.jsx,components,78,model_readiness_status,snake_case,snake_case_reference,status_field,model-readiness,"<div className=""ui-kicker"">Model Readiness</div> <div className=""ui-display"">{model_readiness_status}</div> <p className=""ui-help"">{status_message}</p>"
components\quote-engine\QuoteEngineStatusStrip.jsx,QuoteEngineStatusStrip.jsx,components,27,model_readiness_status,snake_case,snake_case_reference,status_field,model-readiness,"quote_warnings = [], model_readiness_status = ""blocked"", model_trust_state = ""blocked"","
components\quote-engine\QuoteEngineStatusStrip.jsx,QuoteEngineStatusStrip.jsx,components,72,model_readiness_status,snake_case,snake_case_reference,status_field,model-readiness,"<div className=""ui-label"">Model readiness</div> <div>{model_readiness_status}</div> </div>"
hooks\useCostSummary.js,useCostSummary.js,hooks,171,model_readiness_status,snake_case,object_key,status_field,model-readiness,"model_ready: model_readiness.model_ready === true, model_readiness_status: model_readiness.model_readiness_status ?? ""blocked"","
hooks\useCostSummary.js,useCostSummary.js,hooks,172,model_readiness_status,snake_case,snake_case_reference,status_field,model-readiness,"model_readiness_status: model_readiness.model_readiness_status ?? ""blocked"", blocking_modules: model_readiness.blocking_modules ?? [],"
hooks\useCostSummary.js,useCostSummary.js,hooks,80,model_readiness_status,snake_case,object_key,status_field,model-readiness,"model_ready: model_readiness_input.model_ready === true, model_readiness_status: model_readiness_input.model_readiness_status ?? ""blocked"","
hooks\useCostSummary.js,useCostSummary.js,hooks,81,model_readiness_status,snake_case,snake_case_reference,status_field,model-readiness,"model_readiness_status: model_readiness_input.model_readiness_status ?? ""blocked"", blocking_modules: model_readiness_input.blocking_modules ?? [],"
hooks\useQuoteEngine.js,useQuoteEngine.js,hooks,378,model_readiness_status,snake_case,object_key,status_field,model-readiness,"model_ready: calculations.model_ready, model_readiness_status: calculations.model_readiness_status, model_trust_state: calculations.quote_model_trust_state,"
lib\calculations\modelReadinessCalculations.js,modelReadinessCalculations.js,lib,10,model_readiness_status,snake_case,declaration,status_field,model-readiness,const model_ready = blocking_checks.length === 0; const model_readiness_status = model_ready ? warning_checks.length > 0
lib\calculations\modelReadinessCalculations.js,modelReadinessCalculations.js,lib,19,model_readiness_status,snake_case,snake_case_reference,status_field,model-readiness,"model_ready, model_readiness_status, };"
lib\calculations\quoteEngineCalculations.js,quoteEngineCalculations.js,lib,179,model_readiness_status,snake_case,snake_case_reference,status_field,model-readiness,"model_ready, model_readiness_status,"
lib\selectors\costSummarySelectors.js,costSummarySelectors.js,lib,178,model_readiness_status,snake_case,declaration,status_field,model-readiness,"const model_ready = model_readiness.model_ready === true; const model_readiness_status = model_readiness.model_readiness_status ?? ""blocked"";"
lib\selectors\costSummarySelectors.js,costSummarySelectors.js,lib,179,model_readiness_status,snake_case,snake_case_reference,status_field,model-readiness,"const model_readiness_status = model_readiness.model_readiness_status ?? ""blocked""; const blocking_checks = Array.isArray(model_readiness.blocking_checks)"
lib\selectors\costSummarySelectors.js,costSummarySelectors.js,lib,202,model_readiness_status,snake_case,snake_case_reference,status_field,model-readiness,"model_ready, model_readiness_status, blocking_modules: model_readiness.blocking_modules ?? [],"
lib\selectors\costSummarySelectors.js,costSummarySelectors.js,lib,260,model_readiness_status,snake_case,object_key,status_field,model-readiness,"model_ready: model_readiness.model_ready === true, model_readiness_status: model_readiness.model_readiness_status ?? ""blocked"","
lib\selectors\costSummarySelectors.js,costSummarySelectors.js,lib,261,model_readiness_status,snake_case,snake_case_reference,status_field,model-readiness,"model_readiness_status: model_readiness.model_readiness_status ?? ""blocked"","
lib\selectors\quoteEngineSelectors.js,quoteEngineSelectors.js,lib,194,model_readiness_status,snake_case,object_key,status_field,model-readiness,"model_ready: upstream.model_ready === true, model_readiness_status: upstream.model_readiness_status || ""blocked"", model_trust_state: upstream.model_trust_state || ""blocked"","
app\cost-summary\page.jsx,page.jsx,app,26,model_ready,snake_case,snake_case_reference,readiness_field,model-readiness,<CostSummaryStatusStrip model_ready={status.model_ready} model_readiness_status={status.model_readiness_status}
app\dev\model-readiness\page.jsx,page.jsx,app,82,model_ready,snake_case,snake_case_reference,readiness_field,model-readiness,"[""reconciliation_ready"", status.reconciliation_ready], [""model_ready"", status.model_ready], [""model_readiness_status"", status.model_readiness_status],"
app\model-readiness\page.jsx,page.jsx,app,35,model_ready,snake_case,snake_case_reference,readiness_field,model-readiness,"[""reconciliation_ready"", status.reconciliation_ready], [""model_ready"", status.model_ready], [""model_readiness_status"", status.model_readiness_status],"
app\quote-engine\page.jsx,page.jsx,app,41,model_ready,snake_case,snake_case_reference,readiness_field,model-readiness,quote_warnings={status.quote_warnings} model_ready={status.model_ready} model_readiness_status={status.model_readiness_status}
components\cost-summary\CostSummaryStatusStrip.jsx,CostSummaryStatusStrip.jsx,components,100,model_ready,snake_case,snake_case_reference,readiness_field,model-readiness,"{!model_ready ? ( <p className=""ui-help"">"
components\cost-summary\CostSummaryStatusStrip.jsx,CostSummaryStatusStrip.jsx,components,132,model_ready,snake_case,snake_case_reference,readiness_field,model-readiness,"{!model_ready ? ( <p className=""ui-help"">"
components\cost-summary\CostSummaryStatusStrip.jsx,CostSummaryStatusStrip.jsx,components,42,model_ready,snake_case,snake_case_reference,readiness_field,model-readiness,"export default function CostSummaryStatusStrip({ model_ready = false, model_readiness_status = ""blocked"","
components\cost-summary\CostSummaryStatusStrip.jsx,CostSummaryStatusStrip.jsx,components,67,model_ready,snake_case,snake_case_reference,readiness_field,model-readiness,"const normalized_status = String(model_readiness_status || """").toLowerCase(); const status_title = !model_ready ? ""Cost Summary Not Trusted"""
components\cost-summary\CostSummaryStatusStrip.jsx,CostSummaryStatusStrip.jsx,components,72,model_ready,snake_case,snake_case_reference,readiness_field,model-readiness,": ""Cost Summary Trusted""; const status_message = !model_ready ? ""Model Readiness is blocked. Fix the listed setup modules before treating Cost Summary as a trusted downstream baseline."""
components\cost-summary\CostSummaryStatusStrip.jsx,CostSummaryStatusStrip.jsx,components,87,model_ready,snake_case,snake_case_reference,readiness_field,model-readiness,"{!model_ready && blocking_modules.length > 0 ? ( <p className=""ui-help"">"
components\cost-summary\CostSummaryStatusStrip.jsx,CostSummaryStatusStrip.jsx,components,93,model_ready,snake_case,snake_case_reference,readiness_field,model-readiness,"{!model_ready && blocking_checks.length > 0 ? ( <p className=""ui-help"">"
components\model-readiness\ModelReadinessAuditPanel.jsx,ModelReadinessAuditPanel.jsx,components,177,model_ready,snake_case,object_key,readiness_field,model-readiness,"const explained_variance = { model_ready: status.model_ready === true, model_readiness_status: status.model_readiness_status ?? ""blocked"","
components\model-readiness\ModelReadinessAuditPanel.jsx,ModelReadinessAuditPanel.jsx,components,288,model_ready,snake_case,snake_case_reference,readiness_field,model-readiness,"label=""Model ready"" value={status.model_ready === true} />"
components\model-readiness\ModelReadinessStatusStrip.jsx,ModelReadinessStatusStrip.jsx,components,51,model_ready,snake_case,snake_case_reference,readiness_field,model-readiness,"const { model_ready = false, model_readiness_status = ""blocked"","
components\model-readiness\ModelReadinessStatusStrip.jsx,ModelReadinessStatusStrip.jsx,components,61,model_ready,snake_case,snake_case_reference,readiness_field,model-readiness,"const status_title = model_ready ? model_readiness_status === ""warning"""
components\model-readiness\ModelReadinessStatusStrip.jsx,ModelReadinessStatusStrip.jsx,components,67,model_ready,snake_case,snake_case_reference,readiness_field,model-readiness,"const status_message = model_ready ? model_readiness_status === ""warning"""
hooks\useCostSummary.js,useCostSummary.js,hooks,170,model_ready,snake_case,object_key,readiness_field,model-readiness,"model_ready: model_readiness.model_ready === true, model_readiness_status:"
hooks\useCostSummary.js,useCostSummary.js,hooks,79,model_ready,snake_case,object_key,readiness_field,model-readiness,"const model_readiness = { model_ready: model_readiness_input.model_ready === true, model_readiness_status:"
hooks\useQuoteEngine.js,useQuoteEngine.js,hooks,377,model_ready,snake_case,object_key,readiness_field,model-readiness,"upstream: { model_ready: calculations.model_ready, model_readiness_status: calculations.model_readiness_status,"
lib\calculations\modelReadinessCalculations.js,modelReadinessCalculations.js,lib,10,model_ready,snake_case,snake_case_reference,readiness_field,model-readiness,const model_ready = blocking_checks.length === 0; const model_readiness_status = model_ready ? warning_checks.length > 0
lib\calculations\modelReadinessCalculations.js,modelReadinessCalculations.js,lib,18,model_ready,snake_case,snake_case_reference,readiness_field,model-readiness,"...reconciliation_status, model_ready, model_readiness_status,"
lib\calculations\modelReadinessCalculations.js,modelReadinessCalculations.js,lib,9,model_ready,snake_case,declaration,readiness_field,model-readiness,const model_ready = blocking_checks.length === 0; const model_readiness_status = model_ready
lib\calculations\quoteEngineCalculations.js,quoteEngineCalculations.js,lib,135,model_ready,snake_case,snake_case_reference,readiness_field,model-readiness,"model_readiness_status || (model_ready ? ""ready"" : ""blocked"");"
lib\calculations\quoteEngineCalculations.js,quoteEngineCalculations.js,lib,178,model_ready,snake_case,snake_case_reference,readiness_field,model-readiness,"quote_model_trust_state, model_ready, model_readiness_status,"
lib\selectors\costSummarySelectors.js,costSummarySelectors.js,lib,177,model_ready,snake_case,declaration,readiness_field,model-readiness,const model_ready = model_readiness.model_ready === true; const model_readiness_status =
lib\selectors\costSummarySelectors.js,costSummarySelectors.js,lib,200,model_ready,snake_case,snake_case_reference,readiness_field,model-readiness,"warnings: [...warnings, ...warning_checks], is_ready: model_ready && has_recovery_hours, model_ready,"
lib\selectors\costSummarySelectors.js,costSummarySelectors.js,lib,201,model_ready,snake_case,snake_case_reference,readiness_field,model-readiness,"is_ready: model_ready && has_recovery_hours, model_ready, model_readiness_status,"
lib\selectors\costSummarySelectors.js,costSummarySelectors.js,lib,259,model_ready,snake_case,object_key,readiness_field,model-readiness,"overhead_detail: general_overhead_data.overhead_detail ?? {}, model_ready: model_readiness.model_ready === true, model_readiness_status:"
lib\selectors\quoteEngineSelectors.js,quoteEngineSelectors.js,lib,193,model_ready,snake_case,object_key,readiness_field,model-readiness,"model_ready: upstream.model_ready === true, model_readiness_status: upstream.model_readiness_status || ""blocked"","
lib\selectors\quoteEngineSelectors.js,quoteEngineSelectors.js,lib,46,model_ready,snake_case,snake_case_reference,readiness_field,model-readiness,"const model_untrusted = upstream.model_trust_state !== ""ready"" || upstream.model_ready !== true;"
app\business-modelling\page.jsx,page.jsx,app,77,model_trust_state,snake_case,snake_case_reference,trust_state_field,model-readiness,recovery_gap_per_hour={baseline.recovery_gap_per_hour} model_trust_state={baseline.model_trust_state} onRefreshBaseline={refreshBaseline}
app\quote-engine\page.jsx,page.jsx,app,43,model_trust_state,snake_case,snake_case_reference,trust_state_field,model-readiness,model_readiness_status={status.model_readiness_status} model_trust_state={status.model_trust_state} required_recovery_rate={status.required_recovery_rate}
components\business-modelling\BusinessModellingBaselineCard.jsx,BusinessModellingBaselineCard.jsx,components,23,model_trust_state,snake_case,snake_case_reference,trust_state_field,model-readiness,"recovery_gap_per_hour, model_trust_state, onRefreshBaseline,"
components\business-modelling\BusinessModellingBaselineCard.jsx,BusinessModellingBaselineCard.jsx,components,98,model_trust_state,snake_case,snake_case_reference,trust_state_field,model-readiness,"<div className=""labour-summary-table-label"">Trust State</div> <div className=""labour-summary-table-value"">{model_trust_state}</div> </div>"
components\quote-engine\QuoteEngineStatusStrip.jsx,QuoteEngineStatusStrip.jsx,components,28,model_trust_state,snake_case,snake_case_reference,trust_state_field,model-readiness,"model_readiness_status = ""blocked"", model_trust_state = ""blocked"", required_recovery_rate = 0,"
components\quote-engine\QuoteEngineStatusStrip.jsx,QuoteEngineStatusStrip.jsx,components,50,model_trust_state,snake_case,snake_case_reference,trust_state_field,model-readiness,"<div className=""ui-label"">Model trust state</div> <div>{model_trust_state}</div> </div>"
hooks\useBusinessModelling.js,useBusinessModelling.js,hooks,207,model_trust_state,snake_case,snake_case_reference,trust_state_field,model-readiness,"baseline_snapshot.weighted_productivity_percent || 100, scenario_trust_state: baseline_snapshot.model_trust_state, scenario_status:"
hooks\useBusinessModelling.js,useBusinessModelling.js,hooks,209,model_trust_state,snake_case,snake_case_reference,trust_state_field,model-readiness,"scenario_status: baseline_snapshot.model_trust_state === ""blocked"" ? ""blocked"""
hooks\useBusinessSummary.js,useBusinessSummary.js,hooks,254,model_trust_state,snake_case,snake_case_reference,trust_state_field,model-readiness,"business_summary_warnings: status.business_summary_warnings, model_trust_state,"
hooks\useBusinessSummary.js,useBusinessSummary.js,hooks,92,model_trust_state,snake_case,snake_case_reference,trust_state_field,model-readiness,"...calculations, model_trust_state, revenue_cogs_ready:"
hooks\useQuoteEngine.js,useQuoteEngine.js,hooks,379,model_trust_state,snake_case,object_key,trust_state_field,model-readiness,"model_readiness_status: calculations.model_readiness_status, model_trust_state: calculations.quote_model_trust_state, business_summary_warnings:"
hooks\useRecoverySummary.js,useRecoverySummary.js,hooks,191,model_trust_state,snake_case,object_key,trust_state_field,model-readiness,"net_position: calculated.net_position, model_trust_state: calculated.model_trust_state,"
lib\calculations\businessModellingCalculations.js,businessModellingCalculations.js,lib,24,model_trust_state,snake_case,snake_case_reference,trust_state_field,model-readiness,"business_summary_status = ""blocked"", model_trust_state = ""blocked"", business_summary_warnings = [],"
lib\calculations\businessModellingCalculations.js,businessModellingCalculations.js,lib,261,model_trust_state,snake_case,snake_case_reference,trust_state_field,model-readiness,"scenario_warnings: warnings, scenario_trust_state: baseline_snapshot.model_trust_state, scenario_status:"
lib\calculations\businessModellingCalculations.js,businessModellingCalculations.js,lib,263,model_trust_state,snake_case,snake_case_reference,trust_state_field,model-readiness,"scenario_status: baseline_snapshot.model_trust_state === ""blocked"" ? ""blocked"""
lib\calculations\businessModellingCalculations.js,businessModellingCalculations.js,lib,54,model_trust_state,snake_case,snake_case_reference,trust_state_field,model-readiness,"source_warnings: business_summary_warnings, model_trust_state,"
lib\calculations\cost-allocation\costAllocationInputBuilder.js,costAllocationInputBuilder.js,lib,95,model_trust_state,snake_case,object_key,trust_state_field,model-readiness,"net_position: safe_number(recovery_outputs?.net_position), model_trust_state: recovery_outputs?.model_trust_state ?? ""blocked"","
lib\calculations\recoveryOutcomeCalculations.js,recoveryOutcomeCalculations.js,lib,120,model_trust_state,snake_case,snake_case_reference,trust_state_field,model-readiness,function is_blocked_trust_state(model_trust_state) { if (model_trust_state === false) return true;
lib\calculations\recoveryOutcomeCalculations.js,recoveryOutcomeCalculations.js,lib,121,model_trust_state,snake_case,snake_case_reference,trust_state_field,model-readiness,function is_blocked_trust_state(model_trust_state) { if (model_trust_state === false) return true;
lib\calculations\recoveryOutcomeCalculations.js,recoveryOutcomeCalculations.js,lib,123,model_trust_state,snake_case,snake_case_reference,trust_state_field,model-readiness,"const value = String(model_trust_state || """").toLowerCase();"
lib\calculations\recoveryOutcomeCalculations.js,recoveryOutcomeCalculations.js,lib,187,model_trust_state,snake_case,declaration,trust_state_field,model-readiness,}) { const model_trust_state = recovery_summary.model_trust_state;
lib\calculations\recoveryOutcomeCalculations.js,recoveryOutcomeCalculations.js,lib,206,model_trust_state,snake_case,snake_case_reference,trust_state_field,model-readiness,if (is_blocked_trust_state(model_trust_state)) { return {
lib\calculations\recoveryOutcomeCalculations.js,recoveryOutcomeCalculations.js,lib,549,model_trust_state,snake_case,object_key,trust_state_field,model-readiness,"net_position: round_currency(recovery_summary.net_position), model_trust_state: recovery_summary.model_trust_state,"
lib\calculations\recoverySummaryCalculations.js,recoverySummaryCalculations.js,lib,499,model_trust_state,snake_case,declaration,trust_state_field,model-readiness,"const net_position = to_number(input.net_position); const model_trust_state = input.model_trust_state || ""blocked"";"
lib\calculations\recoverySummaryCalculations.js,recoverySummaryCalculations.js,lib,744,model_trust_state,snake_case,snake_case_reference,trust_state_field,model-readiness,"if (model_trust_state !== ""ready"" && model_trust_state !== ""warning"") { warnings.push(""upstream_model_not_ready"");"
lib\calculations\recoverySummaryCalculations.js,recoverySummaryCalculations.js,lib,923,model_trust_state,snake_case,snake_case_reference,trust_state_field,model-readiness,"net_position: round_currency(net_position), model_trust_state,"
lib\selectors\businessModellingSelectors.js,businessModellingSelectors.js,lib,152,model_trust_state,snake_case,snake_case_reference,trust_state_field,model-readiness,"selected_model_trust_state: selected?.scenario_trust_state || selected?.model_trust_state || ""blocked"", selected_model_total_revenue:"
lib\selectors\businessModellingSelectors.js,businessModellingSelectors.js,lib,44,model_trust_state,snake_case,snake_case_reference,trust_state_field,model-readiness,"const snapshot = baseline_snapshot ?? {}; const baselineTrustState = snapshot.model_trust_state || ""blocked""; const baselineDisplayTrustState ="
lib\selectors\businessModellingSelectors.js,businessModellingSelectors.js,lib,63,model_trust_state,snake_case,object_key,trust_state_field,model-readiness,"recovery_gap_per_hour: toNumber(snapshot.recovery_gap_per_hour), model_trust_state: baselineDisplayTrustState, };"
lib\selectors\businessSummarySelectors.js,businessSummarySelectors.js,lib,123,model_trust_state,snake_case,snake_case_reference,trust_state_field,model-readiness,"business_summary_ready: warnings.length === 0 && model_trust_state === ""ready"", business_summary_status:"
lib\selectors\businessSummarySelectors.js,businessSummarySelectors.js,lib,125,model_trust_state,snake_case,snake_case_reference,trust_state_field,model-readiness,"business_summary_status: model_trust_state === ""blocked"" ? ""blocked"""
lib\selectors\businessSummarySelectors.js,businessSummarySelectors.js,lib,158,model_trust_state,snake_case,snake_case_reference,trust_state_field,model-readiness,"business_summary_warnings: warnings, model_trust_state, revenue_cogs_ready,"
lib\selectors\businessSummarySelectors.js,businessSummarySelectors.js,lib,39,model_trust_state,snake_case,declaration,trust_state_field,model-readiness,"const model_trust_state = calculations.model_trust_state || ""blocked""; const revenue_cogs_ready = calculations.revenue_cogs_ready === true;"
lib\selectors\quoteEngineSelectors.js,quoteEngineSelectors.js,lib,195,model_trust_state,snake_case,object_key,trust_state_field,model-readiness,"model_readiness_status: upstream.model_readiness_status || ""blocked"", model_trust_state: upstream.model_trust_state || ""blocked"","
lib\selectors\quoteEngineSelectors.js,quoteEngineSelectors.js,lib,46,model_trust_state,snake_case,snake_case_reference,trust_state_field,model-readiness,"const model_untrusted = upstream.model_trust_state !== ""ready"" || upstream.model_ready !== true;"
lib\selectors\recoveryOutcomeSelectors.js,recoveryOutcomeSelectors.js,lib,74,model_trust_state,snake_case,object_key,trust_state_field,model-readiness,"net_position: outputs.net_position, model_trust_state: outputs.model_trust_state, },"
lib\selectors\recoverySummarySelectors.js,recoverySummarySelectors.js,lib,228,model_trust_state,snake_case,snake_case_reference,trust_state_field,model-readiness,"return ( calculated.model_trust_state === ""ready"" || calculated.model_trust_state === ""warning"""
lib\selectors\recoverySummarySelectors.js,recoverySummarySelectors.js,lib,229,model_trust_state,snake_case,snake_case_reference,trust_state_field,model-readiness,"calculated.model_trust_state === ""ready"" || calculated.model_trust_state === ""warning"" );"
lib\selectors\recoverySummarySelectors.js,recoverySummarySelectors.js,lib,303,model_trust_state,snake_case,snake_case_reference,trust_state_field,model-readiness,"? ""blocked"" : calculated.model_trust_state !== ""ready"" && calculated.model_trust_state !== ""warning"""
lib\selectors\recoverySummarySelectors.js,recoverySummarySelectors.js,lib,304,model_trust_state,snake_case,snake_case_reference,trust_state_field,model-readiness,": calculated.model_trust_state !== ""ready"" && calculated.model_trust_state !== ""warning"" ? ""not_trusted"""
lib\selectors\recoverySummarySelectors.js,recoverySummarySelectors.js,lib,480,model_trust_state,snake_case,object_key,trust_state_field,model-readiness,"active_recovery_model: calculated.active_recovery_model, model_trust_state: calculated.model_trust_state, warnings: calculated.warnings ?? [],"
components\opening-hours\OpeningHoursStatusStrip.jsx,OpeningHoursStatusStrip.jsx,components,30,opening_hours_model_trust_state,snake_case,snake_case_reference,trust_state_field,model-readiness,"<span className=""ui-pill""> {opening_hours_model_trust_state || ""blocked""} </span>"
components\opening-hours\OpeningHoursStatusStrip.jsx,OpeningHoursStatusStrip.jsx,components,4,opening_hours_model_trust_state,snake_case,snake_case_reference,trust_state_field,model-readiness,"opening_hours_ready, opening_hours_model_trust_state, warning_count,"
lib\calculations\openingHoursCalculations.js,openingHoursCalculations.js,lib,275,opening_hours_model_trust_state,snake_case,declaration,trust_state_field,model-readiness,"const opening_hours_model_trust_state = has_blocking_warning ? ""blocked"""
lib\calculations\openingHoursCalculations.js,openingHoursCalculations.js,lib,313,opening_hours_model_trust_state,snake_case,snake_case_reference,trust_state_field,model-readiness,"opening_hours_warning_count: warnings.length, opening_hours_model_trust_state, };"
lib\selectors\openingHoursSelectors.js,openingHoursSelectors.js,lib,14,opening_hours_model_trust_state,snake_case,object_key,trust_state_field,model-readiness,"opening_hours_ready: opening_hours.opening_hours_ready, opening_hours_model_trust_state: opening_hours.opening_hours_model_trust_state,"
lib\selectors\openingHoursSelectors.js,openingHoursSelectors.js,lib,15,opening_hours_model_trust_state,snake_case,snake_case_reference,trust_state_field,model-readiness,"opening_hours_model_trust_state: opening_hours.opening_hours_model_trust_state, warning_count: opening_hours.opening_hours_warning_count,"
hooks\useQuoteEngine.js,useQuoteEngine.js,hooks,379,quote_model_trust_state,snake_case,snake_case_reference,trust_state_field,model-readiness,"model_readiness_status: calculations.model_readiness_status, model_trust_state: calculations.quote_model_trust_state, business_summary_warnings:"
hooks\useQuoteEngine.js,useQuoteEngine.js,hooks,403,quote_model_trust_state,snake_case,object_key,trust_state_field,model-readiness,"quote_model_used: calculations.quote_model_used, quote_model_trust_state: calculations.quote_model_trust_state, };"
lib\calculations\quoteEngineCalculations.js,quoteEngineCalculations.js,lib,177,quote_model_trust_state,snake_case,snake_case_reference,trust_state_field,model-readiness,"quote_model_used, quote_model_trust_state, model_ready,"
lib\selectors\quoteEngineSelectors.js,quoteEngineSelectors.js,lib,311,quote_model_trust_state,snake_case,snake_case_reference,trust_state_field,model-readiness,"label: ""Model trust state"", value: String(calculations.quote_model_trust_state || ""blocked""), },"
lib\selectors\quoteEngineSelectors.js,quoteEngineSelectors.js,lib,589,quote_model_trust_state,snake_case,object_key,trust_state_field,model-readiness,"quote_model_used: calculations.quote_model_used, quote_model_trust_state: calculations.quote_model_trust_state, };"
app\business-modelling\page.jsx,page.jsx,app,56,selected_model_trust_state,snake_case,snake_case_reference,trust_state_field,model-readiness,selected_model_type={status.selected_model_type} selected_model_trust_state={status.selected_model_trust_state} selected_scenario_status={status.selected_scenario_status}
components\business-modelling\BusinessModellingStatusStrip.jsx,BusinessModellingStatusStrip.jsx,components,27,selected_model_trust_state,snake_case,snake_case_reference,trust_state_field,model-readiness,"selected_model_name, selected_model_trust_state, selected_scenario_status,"
components\business-modelling\BusinessModellingStatusStrip.jsx,BusinessModellingStatusStrip.jsx,components,80,selected_model_trust_state,snake_case,snake_case_reference,trust_state_field,model-readiness,"<div className=""labour-summary-table-label"">Trust state</div> <div className=""labour-summary-table-value"">{selected_model_trust_state}</div> </div>"
hooks\useBusinessModelling.js,useBusinessModelling.js,hooks,517,selected_model_trust_state,snake_case,object_key,trust_state_field,model-readiness,"selected_model_type: selected_model_output.selected_model_type, selected_model_trust_state: selected_model_output.selected_model_trust_state,"
hooks\useBusinessModelling.js,useBusinessModelling.js,hooks,518,selected_model_trust_state,snake_case,snake_case_reference,trust_state_field,model-readiness,"selected_model_trust_state: selected_model_output.selected_model_trust_state, selected_model_total_revenue:"
lib\selectors\businessModellingSelectors.js,businessModellingSelectors.js,lib,151,selected_model_trust_state,snake_case,object_key,trust_state_field,model-readiness,"selected_model_type: selected_type, selected_model_trust_state: selected?.scenario_trust_state || selected?.model_trust_state || ""blocked"","
lib\selectors\businessModellingSelectors.js,businessModellingSelectors.js,lib,22,selected_model_trust_state,snake_case,declaration,trust_state_field,model-readiness,": ""blocked""; const selected_model_trust_state = status_label === ""ready"" && warning_count === 0"
lib\selectors\businessModellingSelectors.js,businessModellingSelectors.js,lib,31,selected_model_trust_state,snake_case,snake_case_reference,trust_state_field,model-readiness,"selected_model_type, selected_model_trust_state, selected_scenario_status: status_label,"
components\model-readiness\ModelReadinessAuditPanel.jsx,ModelReadinessAuditPanel.jsx,components,246,set_download_status,snake_case,snake_case_reference,status_field,model-readiness,"if (result?.success) { set_download_status(""Audit snapshot downloaded.""); return;"
components\model-readiness\ModelReadinessAuditPanel.jsx,ModelReadinessAuditPanel.jsx,components,250,set_download_status,snake_case,snake_case_reference,status_field,model-readiness,"set_download_status(result?.error || ""Audit snapshot could not be downloaded.""); }"
components\model-readiness\ModelReadinessAuditPanel.jsx,ModelReadinessAuditPanel.jsx,components,32,set_download_status,snake_case,array_destructured_name,status_field,model-readiness,"}) { const [download_status, set_download_status] = useState("""");"
app\dev\model-readiness\page.jsx,page.jsx,app,9,status,plain,destructured_name,status_field,model-readiness,"const model_readiness = useModelReadiness(); const { status, reconciliation, modules } = model_readiness;"
app\model-readiness\page.jsx,page.jsx,app,14,status,plain,destructured_name,status_field,model-readiness,"const model_readiness = useModelReadiness(); const { status, reconciliation, modules } = model_readiness;"
hooks\useModelReadiness.js,useModelReadiness.js,hooks,10,status,plain,declaration,status_field,model-readiness,const status = useMemo(() => { return calculateModelReadiness(reconciliation_status);
hooks\useModelReadiness.js,useModelReadiness.js,hooks,8,status,plain,destructured_name,status_field,model-readiness,"export default function useModelReadiness() { const { status: reconciliation_status, modules } = useModuleReconciliation();"
lib\reconciliation\reconciliationRules.js,reconciliationRules.js,lib,44,has_legacy_running_cost,snake_case,snake_case_reference,readiness_field,module-reconciliation,"label: ""Legacy asset running costs"", message: has_legacy_running_cost ? ""Assets still include legacy running_cost_annual values. Reconcile these into the v3.6 asset cost structure."""
lib\reconciliation\reconciliationRules.js,reconciliationRules.js,lib,47,has_legacy_running_cost,snake_case,snake_case_reference,readiness_field,module-reconciliation,": ""No legacy running_cost_annual asset values detected."", status: has_legacy_running_cost ? ""warn"" : ""pass"", is_blocking: false,"
lib\reconciliation\reconciliationRules.js,reconciliationRules.js,lib,49,has_legacy_running_cost,snake_case,snake_case_reference,readiness_field,module-reconciliation,"is_blocking: false, is_warning: has_legacy_running_cost, };"
lib\reconciliation\reconciliationRules.js,reconciliationRules.js,lib,367,has_legacy_running_costs,snake_case,object_key,readiness_field,module-reconciliation,"has_employee_overheads: employee_overheads_check.status !== ""pass"", has_legacy_running_costs: legacy_running_cost_check.status !== ""pass"", };"
lib\reconciliation\reconciliationRules.js,reconciliationRules.js,lib,162,has_material_unexplained_variance,snake_case,declaration,readiness_field,module-reconciliation,const has_material_unexplained_variance = variance_percent > 1 || full_pnl_variance_percent > 1;
lib\reconciliation\reconciliationRules.js,reconciliationRules.js,lib,169,has_material_unexplained_variance,snake_case,warning_id,readiness_field,module-reconciliation,"label: ""Business cost benchmark reconciliation"", severity: has_material_unexplained_variance ? ""blocker"" : ""info"", passed: !has_material_unexplained_variance,"
lib\reconciliation\reconciliationRules.js,reconciliationRules.js,lib,170,has_material_unexplained_variance,snake_case,warning_id,readiness_field,module-reconciliation,"severity: has_material_unexplained_variance ? ""blocker"" : ""info"", passed: !has_material_unexplained_variance, message: has_material_unexplained_variance"
lib\reconciliation\reconciliationRules.js,reconciliationRules.js,lib,171,has_material_unexplained_variance,snake_case,warning_id,readiness_field,module-reconciliation,"passed: !has_material_unexplained_variance, message: has_material_unexplained_variance ? `QS Tools calculated business cost does not reconcile to the ${comparison_label}.`"
lib\reconciliation\reconciliationRules.js,reconciliationRules.js,lib,174,has_material_unexplained_variance,snake_case,warning_id,readiness_field,module-reconciliation,": `QS Tools calculated business cost reconciles to the ${comparison_label}.`, detail: has_material_unexplained_variance ? ""The source modules may be individually complete, but the model is not trusted until this variance is explained or corrected."""
lib\reconciliation\reconciliationRules.js,reconciliationRules.js,lib,177,has_material_unexplained_variance,snake_case,warning_id,readiness_field,module-reconciliation,": ""No material unexplained variance detected."", recommended_action: has_material_unexplained_variance ? ""Review Labour, Assets, General Overheads, and P&L classification before trusting downstream outputs."""
lib\reconciliation\reconciliationRules.js,reconciliationRules.js,lib,180,has_material_unexplained_variance,snake_case,warning_id,readiness_field,module-reconciliation,": ""No action required for benchmark reconciliation."", status: has_material_unexplained_variance ? ""fail"" : ""pass"", is_blocking: has_material_unexplained_variance,"
lib\reconciliation\reconciliationRules.js,reconciliationRules.js,lib,181,has_material_unexplained_variance,snake_case,warning_id,readiness_field,module-reconciliation,"status: has_material_unexplained_variance ? ""fail"" : ""pass"", is_blocking: has_material_unexplained_variance, is_warning: false,"
lib\reconciliation\reconciliationRules.js,reconciliationRules.js,lib,125,is_blocking,snake_case,object_key,readiness_field,module-reconciliation,"status: passed ? ""pass"" : ""fail"", is_blocking: !passed, is_warning: false,"
lib\reconciliation\reconciliationRules.js,reconciliationRules.js,lib,181,is_blocking,snake_case,object_key,readiness_field,module-reconciliation,"status: has_material_unexplained_variance ? ""fail"" : ""pass"", is_blocking: has_material_unexplained_variance, is_warning: false,"
lib\reconciliation\reconciliationRules.js,reconciliationRules.js,lib,31,is_blocking,snake_case,object_key,readiness_field,module-reconciliation,"status: has_employee_overheads ? ""fail"" : ""pass"", is_blocking: has_employee_overheads, is_warning: false,"
lib\reconciliation\reconciliationRules.js,reconciliationRules.js,lib,318,is_blocking,snake_case,snake_case_reference,readiness_field,module-reconciliation,const blocking_checks = reconciliation_checks .filter((check) => check.is_blocking) .map((check) => check.message);
lib\reconciliation\reconciliationRules.js,reconciliationRules.js,lib,322,is_blocking,snake_case,snake_case_reference,readiness_field,module-reconciliation,const warning_checks = reconciliation_checks .filter((check) => check.is_warning && !check.is_blocking) .map((check) => check.message);
lib\reconciliation\reconciliationRules.js,reconciliationRules.js,lib,328,is_blocking,snake_case,snake_case_reference,readiness_field,module-reconciliation,"reconciliation_checks .filter((check) => check.is_blocking) .map((check) => check.module),"
lib\reconciliation\reconciliationRules.js,reconciliationRules.js,lib,336,is_blocking,snake_case,snake_case_reference,readiness_field,module-reconciliation,"reconciliation_checks .filter((check) => check.is_warning && !check.is_blocking) .map((check) => check.module),"
lib\reconciliation\reconciliationRules.js,reconciliationRules.js,lib,48,is_blocking,snake_case,object_key,readiness_field,module-reconciliation,"status: has_legacy_running_cost ? ""warn"" : ""pass"", is_blocking: false, is_warning: has_legacy_running_cost,"
lib\reconciliation\reconciliationRules.js,reconciliationRules.js,lib,62,is_blocking,snake_case,object_key,readiness_field,module-reconciliation,"status: is_ready ? ""pass"" : ""fail"", is_blocking: !is_ready, is_warning: false,"
lib\reconciliation\reconciliationRules.js,reconciliationRules.js,lib,261,is_ready,snake_case,snake_case_reference,readiness_field,module-reconciliation,const general_overheads_ready = Boolean(general_overheads_status.is_ready);
lib\reconciliation\reconciliationRules.js,reconciliationRules.js,lib,290,is_ready,snake_case,snake_case_reference,readiness_field,module-reconciliation,"getModuleReadyCheck(""Labour"", labour_ready), getModuleReadyCheck(""General Overheads"", general_overheads_status.is_ready), ];"
lib\reconciliation\reconciliationRules.js,reconciliationRules.js,lib,53,is_ready,snake_case,snake_case_reference,readiness_field,module-reconciliation,"function getModuleReadyCheck(module_name, is_ready) { return {"
lib\reconciliation\reconciliationRules.js,reconciliationRules.js,lib,58,is_ready,snake_case,snake_case_reference,readiness_field,module-reconciliation,"label: `${module_name} readiness`, message: is_ready ? `${module_name} is ready.`"
lib\reconciliation\reconciliationRules.js,reconciliationRules.js,lib,61,is_ready,snake_case,snake_case_reference,readiness_field,module-reconciliation,": `${module_name} is not ready and requires attention.`, status: is_ready ? ""pass"" : ""fail"", is_blocking: !is_ready,"
lib\reconciliation\reconciliationRules.js,reconciliationRules.js,lib,62,is_ready,snake_case,snake_case_reference,readiness_field,module-reconciliation,"status: is_ready ? ""pass"" : ""fail"", is_blocking: !is_ready, is_warning: false,"
lib\reconciliation\reconciliationRules.js,reconciliationRules.js,lib,126,is_warning,snake_case,object_key,readiness_field,module-reconciliation,"is_blocking: !passed, is_warning: false, has_active_assets,"
lib\reconciliation\reconciliationRules.js,reconciliationRules.js,lib,182,is_warning,snake_case,object_key,readiness_field,module-reconciliation,"is_blocking: has_material_unexplained_variance, is_warning: false, comparison_total,"
lib\reconciliation\reconciliationRules.js,reconciliationRules.js,lib,32,is_warning,snake_case,object_key,readiness_field,module-reconciliation,"is_blocking: has_employee_overheads, is_warning: false, };"
lib\reconciliation\reconciliationRules.js,reconciliationRules.js,lib,322,is_warning,snake_case,warning_id,readiness_field,module-reconciliation,const warning_checks = reconciliation_checks .filter((check) => check.is_warning && !check.is_blocking) .map((check) => check.message);
lib\reconciliation\reconciliationRules.js,reconciliationRules.js,lib,336,is_warning,snake_case,warning_id,readiness_field,module-reconciliation,"reconciliation_checks .filter((check) => check.is_warning && !check.is_blocking) .map((check) => check.module),"
lib\reconciliation\reconciliationRules.js,reconciliationRules.js,lib,49,is_warning,snake_case,object_key,readiness_field,module-reconciliation,"is_blocking: false, is_warning: has_legacy_running_cost, };"
lib\reconciliation\reconciliationRules.js,reconciliationRules.js,lib,63,is_warning,snake_case,object_key,readiness_field,module-reconciliation,"is_blocking: !is_ready, is_warning: false, };"
app\dev\model-readiness\page.jsx,page.jsx,app,81,reconciliation_ready,snake_case,snake_case_reference,readiness_field,module-reconciliation,"[""assets_ready"", status.assets_ready], [""reconciliation_ready"", status.reconciliation_ready], [""model_ready"", status.model_ready],"
app\model-readiness\page.jsx,page.jsx,app,34,reconciliation_ready,snake_case,snake_case_reference,readiness_field,module-reconciliation,"[""assets_ready"", status.assets_ready], [""reconciliation_ready"", status.reconciliation_ready], [""model_ready"", status.model_ready],"
lib\reconciliation\reconciliationRules.js,reconciliationRules.js,lib,377,reconciliation_ready,snake_case,object_key,readiness_field,module-reconciliation,"reconciliation_ready: blocking_checks.length === 0,"
hooks\useModelReadiness.js,useModelReadiness.js,hooks,11,reconciliation_status,snake_case,snake_case_reference,status_field,module-reconciliation,"const status = useMemo(() => { return calculateModelReadiness(reconciliation_status); }, [reconciliation_status]);"
hooks\useModelReadiness.js,useModelReadiness.js,hooks,12,reconciliation_status,snake_case,snake_case_reference,status_field,module-reconciliation,"return calculateModelReadiness(reconciliation_status); }, [reconciliation_status]);"
hooks\useModelReadiness.js,useModelReadiness.js,hooks,16,reconciliation_status,snake_case,snake_case_reference,status_field,module-reconciliation,"status, reconciliation: reconciliation_status, modules,"
hooks\useModelReadiness.js,useModelReadiness.js,hooks,8,reconciliation_status,snake_case,snake_case_reference,status_field,module-reconciliation,"export default function useModelReadiness() { const { status: reconciliation_status, modules } = useModuleReconciliation();"
lib\calculations\modelReadinessCalculations.js,modelReadinessCalculations.js,lib,1,reconciliation_status,snake_case,snake_case_reference,status_field,module-reconciliation,export function calculateModelReadiness(reconciliation_status = {}) { const blocking_checks = Array.isArray(reconciliation_status.blocking_checks)
lib\calculations\modelReadinessCalculations.js,modelReadinessCalculations.js,lib,17,reconciliation_status,snake_case,snake_case_reference,status_field,module-reconciliation,"return { ...reconciliation_status, model_ready,"
lib\calculations\modelReadinessCalculations.js,modelReadinessCalculations.js,lib,2,reconciliation_status,snake_case,snake_case_reference,status_field,module-reconciliation,export function calculateModelReadiness(reconciliation_status = {}) { const blocking_checks = Array.isArray(reconciliation_status.blocking_checks) ? reconciliation_status.blocking_checks
lib\calculations\modelReadinessCalculations.js,modelReadinessCalculations.js,lib,3,reconciliation_status,snake_case,snake_case_reference,status_field,module-reconciliation,const blocking_checks = Array.isArray(reconciliation_status.blocking_checks) ? reconciliation_status.blocking_checks : [];
lib\calculations\modelReadinessCalculations.js,modelReadinessCalculations.js,lib,5,reconciliation_status,snake_case,snake_case_reference,status_field,module-reconciliation,: []; const warning_checks = Array.isArray(reconciliation_status.warning_checks) ? reconciliation_status.warning_checks
lib\calculations\modelReadinessCalculations.js,modelReadinessCalculations.js,lib,6,reconciliation_status,snake_case,snake_case_reference,status_field,module-reconciliation,const warning_checks = Array.isArray(reconciliation_status.warning_checks) ? reconciliation_status.warning_checks : [];
hooks\useModuleReconciliation.js,useModuleReconciliation.js,hooks,18,status,plain,declaration,status_field,module-reconciliation,const status = useMemo(() => { return calculateModuleReconciliation({
lib\reconciliation\reconciliationRules.js,reconciliationRules.js,lib,124,status,plain,object_key,status_field,module-reconciliation,": ""Add an active asset or explicitly confirm that no active assets are required."", status: passed ? ""pass"" : ""fail"", is_blocking: !passed,"
lib\reconciliation\reconciliationRules.js,reconciliationRules.js,lib,180,status,plain,object_key,status_field,module-reconciliation,": ""No action required for benchmark reconciliation."", status: has_material_unexplained_variance ? ""fail"" : ""pass"", is_blocking: has_material_unexplained_variance,"
lib\reconciliation\reconciliationRules.js,reconciliationRules.js,lib,30,status,plain,object_key,status_field,module-reconciliation,": ""No employee overheads are present in the P&L."", status: has_employee_overheads ? ""fail"" : ""pass"", is_blocking: has_employee_overheads,"
lib\reconciliation\reconciliationRules.js,reconciliationRules.js,lib,47,status,plain,object_key,status_field,module-reconciliation,": ""No legacy running_cost_annual asset values detected."", status: has_legacy_running_cost ? ""warn"" : ""pass"", is_blocking: false,"
lib\reconciliation\reconciliationRules.js,reconciliationRules.js,lib,61,status,plain,object_key,status_field,module-reconciliation,": `${module_name} is not ready and requires attention.`, status: is_ready ? ""pass"" : ""fail"", is_blocking: !is_ready,"
hooks\useOpeningHours.js,useOpeningHours.js,hooks,12,build_opening_hours_status,snake_case,snake_case_reference,status_field,opening-hours,"import { build_opening_hours_status, build_opening_hours_card,"
hooks\useOpeningHours.js,useOpeningHours.js,hooks,46,build_opening_hours_status,snake_case,snake_case_reference,status_field,opening-hours,"const status = useMemo(() => { return build_opening_hours_status(calculated); }, [calculated]);"
lib\selectors\openingHoursSelectors.js,openingHoursSelectors.js,lib,10,build_opening_hours_status,snake_case,snake_case_reference,status_field,opening-hours,export function build_opening_hours_status(opening_hours) { return {
lib\calculations\openingHoursCalculations.js,openingHoursCalculations.js,lib,265,has_blocking_warning,snake_case,declaration,readiness_field,opening-hours,const has_blocking_warning = warnings.some((warning) => warning.blocking);
lib\calculations\openingHoursCalculations.js,openingHoursCalculations.js,lib,269,has_blocking_warning,snake_case,warning_id,readiness_field,opening-hours,"if (has_blocking_warning) { opening_hours_status = ""blocked"";"
lib\calculations\openingHoursCalculations.js,openingHoursCalculations.js,lib,275,has_blocking_warning,snake_case,warning_id,readiness_field,opening-hours,"const opening_hours_model_trust_state = has_blocking_warning ? ""blocked"""
lib\calculations\openingHoursCalculations.js,openingHoursCalculations.js,lib,309,has_blocking_warning,snake_case,warning_id,readiness_field,opening-hours,"opening_hours_ready: !has_blocking_warning, opening_hours_status,"
hooks\useOpeningHours.js,useOpeningHours.js,hooks,150,has_loaded_storage,snake_case,snake_case_reference,readiness_field,opening-hours,"card, has_loaded_storage, actions: {"
hooks\useOpeningHours.js,useOpeningHours.js,hooks,18,has_loaded_storage,snake_case,array_destructured_name,readiness_field,opening-hours,"const [state, setState] = useState(DEFAULT_OPENING_HOURS_STATE); const [has_loaded_storage, setHasLoadedStorage] = useState(false);"
lib\storage\openingHoursStorage.js,openingHoursStorage.js,lib,8,is_active,snake_case,object_key,readiness_field,opening-hours,"effective_from: """", is_active: true,"
components\common\CollapsibleSection.jsx,CollapsibleSection.jsx,components,11,is_open,snake_case,array_destructured_name,readiness_field,opening-hours,"}) { const [is_open, set_is_open] = useState(defaultOpen);"
components\common\CollapsibleSection.jsx,CollapsibleSection.jsx,components,27,is_open,snake_case,snake_case_reference,readiness_field,opening-hours,"className=""ui-collapsible-summary flex w-full items-center justify-between px-4 py-4 text-left"" aria-expanded={is_open} >"
components\common\CollapsibleSection.jsx,CollapsibleSection.jsx,components,40,is_open,snake_case,snake_case_reference,readiness_field,opening-hours,"<span className=""ml-4 text-sm text-[var(--text-muted)]""> {is_open ? ""Hide"" : ""Show""} </span>"
components\common\CollapsibleSection.jsx,CollapsibleSection.jsx,components,44,is_open,snake_case,snake_case_reference,readiness_field,opening-hours,"{is_open && ( <div className=""px-4 pb-4"">"
components\common\Tooltip.jsx,Tooltip.jsx,components,24,is_open,snake_case,snake_case_reference,readiness_field,opening-hours,"{is_open ? ( <span className=""absolute left-0 top-[calc(100%+0.5rem)] z-50 w-72 rounded-xl border border-[var(--border-strong)] bg-[var(--bg-card)] p-3 text-sm leading-6 text-[var(--text-secondary)] shadow-lg"">"
components\common\Tooltip.jsx,Tooltip.jsx,components,6,is_open,snake_case,array_destructured_name,readiness_field,opening-hours,"export default function Tooltip({ text }) { const [is_open, set_is_open] = useState(false);"
components\cost-allocation\CostAllocationMainCard.jsx,CostAllocationMainCard.jsx,components,149,is_open,snake_case,array_destructured_name,readiness_field,opening-hours,"}) { const [is_open, set_is_open] = useState(false); const [active_check, set_active_check] = useState(""pool_reconciliation"");"
components\cost-allocation\CostAllocationMainCard.jsx,CostAllocationMainCard.jsx,components,162,is_open,snake_case,snake_case_reference,readiness_field,opening-hours,if (!is_open) { return (
components\cost-allocation\CostAllocationStepBuilder.jsx,CostAllocationStepBuilder.jsx,components,32,is_open,snake_case,snake_case_reference,readiness_field,opening-hours,"kicker, is_open, on_toggle,"
components\cost-allocation\CostAllocationStepBuilder.jsx,CostAllocationStepBuilder.jsx,components,434,is_open,snake_case,snake_case_reference,readiness_field,opening-hours,"kicker=""Operating area setup"" is_open={open_section === ""division""} on_toggle={() => toggle_section(""division"")}"
components\cost-allocation\CostAllocationStepBuilder.jsx,CostAllocationStepBuilder.jsx,components,466,is_open,snake_case,snake_case_reference,readiness_field,opening-hours,"kicker=""Selected operating area workspace"" is_open={open_section === ""group""} on_toggle={() => toggle_section(""group"")}"
components\cost-allocation\CostAllocationStepBuilder.jsx,CostAllocationStepBuilder.jsx,components,514,is_open,snake_case,snake_case_reference,readiness_field,opening-hours,"kicker=""Labour allocation"" is_open={open_section === ""labour""} on_toggle={() => toggle_section(""labour"")}"
components\cost-allocation\CostAllocationStepBuilder.jsx,CostAllocationStepBuilder.jsx,components,554,is_open,snake_case,snake_case_reference,readiness_field,opening-hours,"kicker=""Asset allocation"" is_open={open_section === ""assets""} on_toggle={() => toggle_section(""assets"")}"
components\cost-allocation\CostAllocationStepBuilder.jsx,CostAllocationStepBuilder.jsx,components,56,is_open,snake_case,snake_case_reference,readiness_field,opening-hours,"> {is_open ? ""Hide"" : ""Show""} </button>"
components\cost-allocation\CostAllocationStepBuilder.jsx,CostAllocationStepBuilder.jsx,components,61,is_open,snake_case,snake_case_reference,readiness_field,opening-hours,"{is_open ? ( <div className=""ui-readonly"">"
components\cost-allocation\divisions\CostAllocationCreateDivisionForm.jsx,CostAllocationCreateDivisionForm.jsx,components,17,is_open,snake_case,array_destructured_name,readiness_field,opening-hours,"}) { const [is_open, set_is_open] = useState(false); const [division_name, set_division_name] = useState("""");"
components\cost-allocation\divisions\CostAllocationCreateDivisionForm.jsx,CostAllocationCreateDivisionForm.jsx,components,62,is_open,snake_case,snake_case_reference,readiness_field,opening-hours,if (!is_open) { return (
components\materials\MaterialsHelpPanel.jsx,MaterialsHelpPanel.jsx,components,17,is_open,snake_case,snake_case_reference,readiness_field,opening-hours,"> {is_open ? ""Hide help"" : ""Show help""} </button>"
components\materials\MaterialsHelpPanel.jsx,MaterialsHelpPanel.jsx,components,20,is_open,snake_case,snake_case_reference,readiness_field,opening-hours,"{is_open ? ( <div className=""ui-stack"">"
components\materials\MaterialsHelpPanel.jsx,MaterialsHelpPanel.jsx,components,6,is_open,snake_case,array_destructured_name,readiness_field,opening-hours,"export default function MaterialsHelpPanel() { const [is_open, set_is_open] = useState(false);"
components\opening-hours\OpeningHoursMainCard.jsx,OpeningHoursMainCard.jsx,components,103,is_open,snake_case,snake_case_reference,readiness_field,opening-hours,"value={day.open_time || """"} disabled={!day.is_open} onChange={(event) =>"
components\opening-hours\OpeningHoursMainCard.jsx,OpeningHoursMainCard.jsx,components,117,is_open,snake_case,snake_case_reference,readiness_field,opening-hours,"value={day.close_time || """"} disabled={!day.is_open} onChange={(event) =>"
components\opening-hours\OpeningHoursMainCard.jsx,OpeningHoursMainCard.jsx,components,132,is_open,snake_case,snake_case_reference,readiness_field,opening-hours,value={day.break_minutes ?? 0} disabled={!day.is_open} onChange={(event) =>
components\opening-hours\OpeningHoursMainCard.jsx,OpeningHoursMainCard.jsx,components,145,is_open,snake_case,snake_case_reference,readiness_field,opening-hours,"className=""opening-hours-checkbox"" checked={Boolean(day.is_open)} onChange={(event) =>"
components\opening-hours\OpeningHoursMainCard.jsx,OpeningHoursMainCard.jsx,components,148,is_open,snake_case,object_key,readiness_field,opening-hours,"actions.update_day(day.day_id, { is_open: event.target.checked, })"
components\rates\square-metre\SquareMetreRateHelpPanel.jsx,SquareMetreRateHelpPanel.jsx,components,17,is_open,snake_case,snake_case_reference,readiness_field,opening-hours,"> {is_open ? ""Hide help"" : ""Show help""} </button>"
components\rates\square-metre\SquareMetreRateHelpPanel.jsx,SquareMetreRateHelpPanel.jsx,components,20,is_open,snake_case,snake_case_reference,readiness_field,opening-hours,"{is_open ? ( <div className=""ui-stack"">"
components\rates\square-metre\SquareMetreRateHelpPanel.jsx,SquareMetreRateHelpPanel.jsx,components,6,is_open,snake_case,array_destructured_name,readiness_field,opening-hours,"export default function SquareMetreRateHelpPanel() { const [is_open, set_is_open] = useState(false);"
components\recovery-outcome\RecoveryOutcomeHelpPanel.jsx,RecoveryOutcomeHelpPanel.jsx,components,17,is_open,snake_case,snake_case_reference,readiness_field,opening-hours,"> {is_open ? ""Hide help"" : ""Show help""} </button>"
components\recovery-outcome\RecoveryOutcomeHelpPanel.jsx,RecoveryOutcomeHelpPanel.jsx,components,20,is_open,snake_case,snake_case_reference,readiness_field,opening-hours,"{is_open ? ( <div className=""ui-stack"">"
components\recovery-outcome\RecoveryOutcomeHelpPanel.jsx,RecoveryOutcomeHelpPanel.jsx,components,6,is_open,snake_case,array_destructured_name,readiness_field,opening-hours,"export default function RecoveryOutcomeHelpPanel() { const [is_open, set_is_open] = useState(false);"
components\revenue-reality\RevenueRealityHelpPanel.jsx,RevenueRealityHelpPanel.jsx,components,15,is_open,snake_case,array_destructured_name,readiness_field,opening-hours,"export default function RevenueRealityHelpPanel() { const [is_open, set_is_open] = useState(false);"
components\revenue-reality\RevenueRealityHelpPanel.jsx,RevenueRealityHelpPanel.jsx,components,38,is_open,snake_case,snake_case_reference,readiness_field,opening-hours,"> {is_open ? ""Hide"" : ""Show""} </button>"
components\revenue-reality\RevenueRealityHelpPanel.jsx,RevenueRealityHelpPanel.jsx,components,43,is_open,snake_case,snake_case_reference,readiness_field,opening-hours,"{is_open ? ( <div className=""ui-stack"">"
components\revenue-summary\RevenueSummaryHelpPanel.jsx,RevenueSummaryHelpPanel.jsx,components,17,is_open,snake_case,snake_case_reference,readiness_field,opening-hours,"> {is_open ? ""Hide help"" : ""Show help""} </button>"
components\revenue-summary\RevenueSummaryHelpPanel.jsx,RevenueSummaryHelpPanel.jsx,components,20,is_open,snake_case,snake_case_reference,readiness_field,opening-hours,"{is_open ? ( <div className=""ui-stack"">"
components\revenue-summary\RevenueSummaryHelpPanel.jsx,RevenueSummaryHelpPanel.jsx,components,6,is_open,snake_case,array_destructured_name,readiness_field,opening-hours,"export default function RevenueSummaryHelpPanel() { const [is_open, set_is_open] = useState(false);"
lib\calculations\openingHoursCalculations.js,openingHoursCalculations.js,lib,116,is_open,snake_case,snake_case_reference,readiness_field,opening-hours,const open_day_count = calculated_week_days.filter((day) => day.is_open).length; const closed_day_count = calculated_week_days.length - open_day_count;
lib\calculations\openingHoursCalculations.js,openingHoursCalculations.js,lib,126,is_open,snake_case,snake_case_reference,readiness_field,opening-hours,const open_days = calculated_week_days.filter((day) => day.is_open); const standard_daily_open_hours =
lib\calculations\openingHoursCalculations.js,openingHoursCalculations.js,lib,35,is_open,snake_case,snake_case_reference,readiness_field,opening-hours,function calculate_daily_open_hours(day) { if (!day?.is_open) { return {
lib\storage\openingHoursStorage.js,openingHoursStorage.js,lib,14,is_open,snake_case,object_key,readiness_field,opening-hours,"day_name: ""Monday"", is_open: true, open_time: ""08:00"","
lib\storage\openingHoursStorage.js,openingHoursStorage.js,lib,22,is_open,snake_case,object_key,readiness_field,opening-hours,"day_name: ""Tuesday"", is_open: true, open_time: ""08:00"","
lib\storage\openingHoursStorage.js,openingHoursStorage.js,lib,30,is_open,snake_case,object_key,readiness_field,opening-hours,"day_name: ""Wednesday"", is_open: true, open_time: ""08:00"","
lib\storage\openingHoursStorage.js,openingHoursStorage.js,lib,38,is_open,snake_case,object_key,readiness_field,opening-hours,"day_name: ""Thursday"", is_open: true, open_time: ""08:00"","
lib\storage\openingHoursStorage.js,openingHoursStorage.js,lib,46,is_open,snake_case,object_key,readiness_field,opening-hours,"day_name: ""Friday"", is_open: true, open_time: ""08:00"","
lib\storage\openingHoursStorage.js,openingHoursStorage.js,lib,54,is_open,snake_case,object_key,readiness_field,opening-hours,"day_name: ""Saturday"", is_open: false, open_time: ""08:00"","
lib\storage\openingHoursStorage.js,openingHoursStorage.js,lib,62,is_open,snake_case,object_key,readiness_field,opening-hours,"day_name: ""Sunday"", is_open: false, open_time: ""08:00"","
components\opening-hours\OpeningHoursStatusStrip.jsx,OpeningHoursStatusStrip.jsx,components,24,not_ready,snake_case,status_value,readiness_field,opening-hours,"<span className=""ui-help"">Status</span> <span className=""ui-pill"">{opening_hours_status || ""not_ready""}</span> </div>"
components\opening-hours\OpeningHoursStatusStrip.jsx,OpeningHoursStatusStrip.jsx,components,3,opening_hours_ready,snake_case,snake_case_reference,readiness_field,opening-hours,"opening_hours_status, opening_hours_ready, opening_hours_model_trust_state,"
components\opening-hours\OpeningHoursStatusStrip.jsx,OpeningHoursStatusStrip.jsx,components,57,opening_hours_ready,snake_case,snake_case_reference,readiness_field,opening-hours,"{!opening_hours_ready && ( <p className=""ui-help"">"
lib\calculations\openingHoursCalculations.js,openingHoursCalculations.js,lib,309,opening_hours_ready,snake_case,object_key,readiness_field,opening-hours,"opening_hours_ready: !has_blocking_warning, opening_hours_status,"
lib\selectors\openingHoursSelectors.js,openingHoursSelectors.js,lib,13,opening_hours_ready,snake_case,object_key,readiness_field,opening-hours,"opening_hours_status: opening_hours.opening_hours_status, opening_hours_ready: opening_hours.opening_hours_ready, opening_hours_model_trust_state:"
components\opening-hours\OpeningHoursStatusStrip.jsx,OpeningHoursStatusStrip.jsx,components,2,opening_hours_status,snake_case,snake_case_reference,status_field,opening-hours,"export default function OpeningHoursStatusStrip({ opening_hours_status, opening_hours_ready,"
components\opening-hours\OpeningHoursStatusStrip.jsx,OpeningHoursStatusStrip.jsx,components,24,opening_hours_status,snake_case,snake_case_reference,status_field,opening-hours,"<span className=""ui-help"">Status</span> <span className=""ui-pill"">{opening_hours_status || ""not_ready""}</span> </div>"
lib\calculations\openingHoursCalculations.js,openingHoursCalculations.js,lib,267,opening_hours_status,snake_case,declaration,status_field,opening-hours,"let opening_hours_status = ""ready"";"
lib\calculations\openingHoursCalculations.js,openingHoursCalculations.js,lib,270,opening_hours_status,snake_case,snake_case_reference,status_field,opening-hours,"if (has_blocking_warning) { opening_hours_status = ""blocked""; } else if (warnings.length > 0) {"
lib\calculations\openingHoursCalculations.js,openingHoursCalculations.js,lib,272,opening_hours_status,snake_case,snake_case_reference,status_field,opening-hours,"} else if (warnings.length > 0) { opening_hours_status = ""ready_with_warnings""; }"
lib\calculations\openingHoursCalculations.js,openingHoursCalculations.js,lib,310,opening_hours_status,snake_case,snake_case_reference,status_field,opening-hours,"opening_hours_ready: !has_blocking_warning, opening_hours_status, opening_hours_warnings: warnings,"
lib\selectors\openingHoursSelectors.js,openingHoursSelectors.js,lib,12,opening_hours_status,snake_case,object_key,status_field,opening-hours,"return { opening_hours_status: opening_hours.opening_hours_status, opening_hours_ready: opening_hours.opening_hours_ready,"
lib\calculations\costSummaryCalculations.js,costSummaryCalculations.js,lib,64,opening_hours_warnings,snake_case,declaration,warnings_field,opening-hours,const opening_hours_warnings = [];
lib\calculations\costSummaryCalculations.js,costSummaryCalculations.js,lib,73,opening_hours_warnings,snake_case,warning_id,warnings_field,opening-hours,"macro_required_operating_hour_rate = 0; opening_hours_warnings.push( ""Opening Hours missing or zero: macro_required_operating_hour_rate unavailable"""
lib\calculations\costSummaryCalculations.js,costSummaryCalculations.js,lib,98,opening_hours_warnings,snake_case,warning_id,warnings_field,opening-hours,"macro_required_operating_hour_rate, opening_hours_warnings, };"
lib\calculations\openingHoursCalculations.js,openingHoursCalculations.js,lib,311,opening_hours_warnings,snake_case,object_key,warnings_field,opening-hours,"opening_hours_status, opening_hours_warnings: warnings, opening_hours_warning_count: warnings.length,"
lib\selectors\costSummarySelectors.js,costSummarySelectors.js,lib,173,opening_hours_warnings,snake_case,warning_id,warnings_field,opening-hours,"// Propagate opening hours warnings from calculations, if present if (Array.isArray(calculations?.opening_hours_warnings)) { calculations.opening_hours_warnings.forEach((w) => warnings.push(w));"
lib\selectors\costSummarySelectors.js,costSummarySelectors.js,lib,174,opening_hours_warnings,snake_case,warning_id,warnings_field,opening-hours,if (Array.isArray(calculations?.opening_hours_warnings)) { calculations.opening_hours_warnings.forEach((w) => warnings.push(w)); }
lib\selectors\openingHoursSelectors.js,openingHoursSelectors.js,lib,21,opening_hours_warnings,snake_case,warning_id,warnings_field,opening-hours,"opening_hours.net_annual_business_open_hours, warnings: opening_hours.opening_hours_warnings || [], };"
lib\selectors\openingHoursSelectors.js,openingHoursSelectors.js,lib,94,opening_hours_warnings,snake_case,warning_id,warnings_field,opening-hours,"warnings: opening_hours.opening_hours_warnings || [], };"
lib\calculations\openingHoursCalculations.js,openingHoursCalculations.js,lib,272,ready_with_warnings,snake_case,warning_id,warnings_field,opening-hours,"} else if (warnings.length > 0) { opening_hours_status = ""ready_with_warnings""; }"
app\opening-hours\page.jsx,page.jsx,app,9,status,plain,destructured_name,status_field,opening-hours,"export default function OpeningHoursPage() { const { status, card, actions } = useOpeningHours();"
hooks\useOpeningHours.js,useOpeningHours.js,hooks,45,status,plain,declaration,status_field,opening-hours,const status = useMemo(() => { return build_opening_hours_status(calculated);
lib\calculations\openingHoursCalculations.js,openingHoursCalculations.js,lib,90,warnings,plain,declaration,warnings_field,opening-hours,const warnings = [];
lib\selectors\openingHoursSelectors.js,openingHoursSelectors.js,lib,21,warnings,plain,object_key,warnings_field,opening-hours,"opening_hours.net_annual_business_open_hours, warnings: opening_hours.opening_hours_warnings || [], };"
lib\selectors\openingHoursSelectors.js,openingHoursSelectors.js,lib,94,warnings,plain,object_key,warnings_field,opening-hours,"warnings: opening_hours.opening_hours_warnings || [], };"
components\p-and-l\ProfitAndLossProgressPanel.jsx,ProfitAndLossProgressPanel.jsx,components,115,get_section_status,snake_case,snake_case_reference,status_field,p-and-l,"const trading_income_progress = get_section_status( pnl_lines,"
components\p-and-l\ProfitAndLossProgressPanel.jsx,ProfitAndLossProgressPanel.jsx,components,119,get_section_status,snake_case,snake_case_reference,status_field,p-and-l,"); const cost_of_sales_progress = get_section_status( pnl_lines,"
components\p-and-l\ProfitAndLossProgressPanel.jsx,ProfitAndLossProgressPanel.jsx,components,123,get_section_status,snake_case,snake_case_reference,status_field,p-and-l,"); const other_income_progress = get_section_status(pnl_lines, ""other_income""); const operating_expenses_progress = get_section_status("
components\p-and-l\ProfitAndLossProgressPanel.jsx,ProfitAndLossProgressPanel.jsx,components,124,get_section_status,snake_case,snake_case_reference,status_field,p-and-l,"const other_income_progress = get_section_status(pnl_lines, ""other_income""); const operating_expenses_progress = get_section_status( pnl_lines,"
components\p-and-l\ProfitAndLossProgressPanel.jsx,ProfitAndLossProgressPanel.jsx,components,54,get_section_status,snake_case,snake_case_reference,status_field,p-and-l,"function get_section_status(pnl_lines = [], section) { const lines = get_section_lines(pnl_lines, section);"
lib\storage\profitAndLossStorage.js,profitAndLossStorage.js,lib,533,has_hydrated,snake_case,array_destructured_name,readiness_field,p-and-l,"const [is_editing, set_is_editing] = useState(true); const [has_hydrated, set_has_hydrated] = useState(false);"
lib\storage\profitAndLossStorage.js,profitAndLossStorage.js,lib,542,has_hydrated,snake_case,snake_case_reference,readiness_field,p-and-l,"useEffect(() => { if (!has_hydrated || typeof window === ""undefined"") { return;"
lib\storage\profitAndLossStorage.js,profitAndLossStorage.js,lib,550,has_hydrated,snake_case,snake_case_reference,readiness_field,p-and-l,"); }, [profit_and_loss_state, has_hydrated]);"
components\rate-builder\RateBuilderPnlLabourBenchmarkCard.jsx,RateBuilderPnlLabourBenchmarkCard.jsx,components,114,has_labour_recovery_leak,snake_case,warning_id,readiness_field,p-and-l,"<span> {has_labour_recovery_leak ? ""Estimated labour recovery shortfall"""
components\rate-builder\RateBuilderPnlLabourBenchmarkCard.jsx,RateBuilderPnlLabourBenchmarkCard.jsx,components,119,has_labour_recovery_leak,snake_case,warning_id,readiness_field,p-and-l,<strong> {has_labour_recovery_leak ? format_currency(labour_recovery_shortfall)
components\rate-builder\RateBuilderPnlLabourBenchmarkCard.jsx,RateBuilderPnlLabourBenchmarkCard.jsx,components,125,has_labour_recovery_leak,snake_case,warning_id,readiness_field,p-and-l,"{has_labour_recovery_leak ? ( <p className=""ui-help"">"
components\rate-builder\RateBuilderPnlLabourBenchmarkCard.jsx,RateBuilderPnlLabourBenchmarkCard.jsx,components,57,has_labour_recovery_leak,snake_case,declaration,readiness_field,p-and-l,const has_labour_recovery_leak = pnl_benchmark_ready && labour_recovery_shortfall > 0;
components\rate-builder\RateBuilderPnlLabourBenchmarkCard.jsx,RateBuilderPnlLabourBenchmarkCard.jsx,components,77,has_labour_recovery_leak,snake_case,warning_id,readiness_field,p-and-l,"className={ has_labour_recovery_leak ? ""rate-builder-status-card rate-builder-status-card--bad"""
lib\storage\profitAndLossProfileStorage.js,profitAndLossProfileStorage.js,lib,163,has_loaded,snake_case,array_destructured_name,readiness_field,p-and-l,"const [profiles, set_profiles] = useState([]); const [has_loaded, set_has_loaded] = useState(false);"
lib\storage\profitAndLossProfileStorage.js,profitAndLossProfileStorage.js,lib,192,has_loaded,snake_case,snake_case_reference,readiness_field,p-and-l,"if (typeof window === ""undefined"") return; if (!has_loaded) return;"
lib\storage\profitAndLossProfileStorage.js,profitAndLossProfileStorage.js,lib,195,has_loaded,snake_case,snake_case_reference,readiness_field,p-and-l,"window.localStorage.setItem(STORAGE_KEY, JSON.stringify(profiles)); }, [profiles, has_loaded]);"
lib\p-and-l\profitAndLossLineRules.js,profitAndLossLineRules.js,lib,15,has_meaningful_source_identifier,snake_case,snake_case_reference,readiness_field,p-and-l,function has_meaningful_source_identifier(line = {}) { return [
lib\p-and-l\profitAndLossLineRules.js,profitAndLossLineRules.js,lib,38,has_meaningful_source_identifier,snake_case,snake_case_reference,readiness_field,p-and-l,!direct_cost_category_id && !has_meaningful_source_identifier(line) );
components\p-and-l\ProfitAndLossMainCard.jsx,ProfitAndLossMainCard.jsx,components,171,has_unassigned_details,snake_case,declaration,readiness_field,p-and-l,const has_unassigned_details = unassigned_details.accounting_adjustments?.length > 0 ||
components\p-and-l\ProfitAndLossMainCard.jsx,ProfitAndLossMainCard.jsx,components,306,has_unassigned_details,snake_case,snake_case_reference,readiness_field,p-and-l,"{has_unassigned_details ? ( <div className=""ui-panel ui-stack-sm theme-warn-soft"">"
lib\p-and-l\profitAndLossGroupingRules.js,profitAndLossGroupingRules.js,lib,277,has_valid_direct_cost_category,snake_case,declaration,readiness_field,p-and-l,"const direct_cost_category_id = line.direct_cost_category_id || """"; const has_valid_direct_cost_category = Boolean(direct_cost_category_id) &&"
lib\p-and-l\profitAndLossGroupingRules.js,profitAndLossGroupingRules.js,lib,286,has_valid_direct_cost_category,snake_case,snake_case_reference,readiness_field,p-and-l,"is_wip_line(line.line_name) && !(category === ""cogs"" && has_valid_direct_cost_category) ) {"
components\p-and-l\ProfitAndLossProgressPanel.jsx,ProfitAndLossProgressPanel.jsx,components,136,has_warnings,snake_case,declaration,warnings_field,p-and-l,"const pnl_ready = summary?.pnl_ready || ""Not ready""; const has_warnings = warnings.length > 0 || review_count > 0;"
components\p-and-l\ProfitAndLossProgressPanel.jsx,ProfitAndLossProgressPanel.jsx,components,180,has_warnings,snake_case,warning_id,warnings_field,p-and-l,"{has_warnings ? ( <p className=""ui-help"">"
components\p-and-l\ProfitAndLossCustomDirectCostCategoryPanel.jsx,ProfitAndLossCustomDirectCostCategoryPanel.jsx,components,53,is_active,snake_case,object_key,readiness_field,p-and-l,"is_default: false, is_active: true, created_at: now,"
components\p-and-l\ProfitAndLossQuickImportPanel.jsx,ProfitAndLossQuickImportPanel.jsx,components,311,is_active,snake_case,snake_case_reference,readiness_field,p-and-l,if (!category_id || seen.has(category_id) || category?.is_active === false) { return false;
components\p-and-l\ProfitAndLossQuickImportPanel.jsx,ProfitAndLossQuickImportPanel.jsx,components,62,is_active,snake_case,object_key,readiness_field,p-and-l,"is_default: false, is_active: true, created_at: """","
lib\calculations\profitAndLossCalculations.js,profitAndLossCalculations.js,lib,65,is_active,snake_case,snake_case_reference,readiness_field,p-and-l,"const category_id = category?.category_id || """"; if (!category_id || seen.has(category_id) || category?.is_active === false) { return false;"
lib\p-and-l\profitAndLossExcelImporter.js,profitAndLossExcelImporter.js,lib,84,is_active,snake_case,object_key,readiness_field,p-and-l,"is_default: false, is_active: true, created_at: """","
lib\p-and-l\profitAndLossGroupingRules.js,profitAndLossGroupingRules.js,lib,10,is_active,snake_case,snake_case_reference,readiness_field,p-and-l,"? state.direct_cost_categories.filter( (category) => category?.is_active !== false, )"
lib\storage\profitAndLossStorage.js,profitAndLossStorage.js,lib,102,is_active,snake_case,object_key,readiness_field,p-and-l,"is_default: true, is_active: true, created_at: """","
lib\storage\profitAndLossStorage.js,profitAndLossStorage.js,lib,110,is_active,snake_case,object_key,readiness_field,p-and-l,"is_default: true, is_active: true, created_at: """","
lib\storage\profitAndLossStorage.js,profitAndLossStorage.js,lib,118,is_active,snake_case,object_key,readiness_field,p-and-l,"is_default: true, is_active: true, created_at: """","
lib\storage\profitAndLossStorage.js,profitAndLossStorage.js,lib,165,is_active,snake_case,object_key,readiness_field,p-and-l,"), is_active: category?.is_active !== false, created_at: category?.created_at || """","
lib\storage\profitAndLossStorage.js,profitAndLossStorage.js,lib,182,is_active,snake_case,object_key,readiness_field,p-and-l,"is_default: false, is_active: true, created_at: now,"
lib\storage\profitAndLossStorage.js,profitAndLossStorage.js,lib,54,is_active,snake_case,object_key,readiness_field,p-and-l,"is_default: true, is_active: true, created_at: """","
lib\storage\profitAndLossStorage.js,profitAndLossStorage.js,lib,62,is_active,snake_case,object_key,readiness_field,p-and-l,"is_default: true, is_active: true, created_at: """","
lib\storage\profitAndLossStorage.js,profitAndLossStorage.js,lib,70,is_active,snake_case,object_key,readiness_field,p-and-l,"is_default: true, is_active: true, created_at: """","
lib\storage\profitAndLossStorage.js,profitAndLossStorage.js,lib,78,is_active,snake_case,object_key,readiness_field,p-and-l,"is_default: true, is_active: true, created_at: """","
lib\storage\profitAndLossStorage.js,profitAndLossStorage.js,lib,86,is_active,snake_case,object_key,readiness_field,p-and-l,"is_default: true, is_active: true, created_at: """","
lib\storage\profitAndLossStorage.js,profitAndLossStorage.js,lib,94,is_active,snake_case,object_key,readiness_field,p-and-l,"is_default: true, is_active: true, created_at: """","
lib\calculations\profitAndLossCalculations.js,profitAndLossCalculations.js,lib,126,is_asset_finance_interest_marked,snake_case,snake_case_reference,readiness_field,p-and-l,function is_asset_finance_interest_marked(line) { return (
lib\calculations\profitAndLossCalculations.js,profitAndLossCalculations.js,lib,166,is_asset_finance_interest_marked,snake_case,snake_case_reference,readiness_field,p-and-l,"return (lines ?? []).reduce((sum, line) => { if (!is_interest_line(line) || !is_asset_finance_interest_marked(line)) { return sum;"
components\p-and-l\ProfitAndLossQuickImportPanel.jsx,ProfitAndLossQuickImportPanel.jsx,components,335,is_asset_specific_finance,snake_case,declaration,readiness_field,p-and-l,"const is_asset_specific_finance = [ ""asset finance"","
components\p-and-l\ProfitAndLossQuickImportPanel.jsx,ProfitAndLossQuickImportPanel.jsx,components,342,is_asset_specific_finance,snake_case,snake_case_reference,readiness_field,p-and-l,"const is_mixed_or_generic_finance = !is_asset_specific_finance && (review_subcategory === ""mixed_finance"" ||"
components\p-and-l\ProfitAndLossReconciliationPanel.jsx,ProfitAndLossReconciliationPanel.jsx,components,22,is_balanced,snake_case,snake_case_reference,readiness_field,p-and-l,"variance = 0, is_balanced = false, } = reconciliation;"
components\p-and-l\ProfitAndLossReconciliationPanel.jsx,ProfitAndLossReconciliationPanel.jsx,components,49,is_balanced,snake_case,snake_case_reference,readiness_field,p-and-l,"<span className=""ui-label"">Status</span> <span className={is_balanced ? ""ui-pill-success"" : ""ui-pill-warning""}> {is_balanced ? ""Balanced"" : ""Needs Review""}"
components\p-and-l\ProfitAndLossReconciliationPanel.jsx,ProfitAndLossReconciliationPanel.jsx,components,50,is_balanced,snake_case,snake_case_reference,readiness_field,p-and-l,"<span className={is_balanced ? ""ui-pill-success"" : ""ui-pill-warning""}> {is_balanced ? ""Balanced"" : ""Needs Review""} </span>"
lib\calculations\profitAndLossCalculations.js,profitAndLossCalculations.js,lib,205,is_cogs_line,snake_case,snake_case_reference,readiness_field,p-and-l,"return ( is_cogs_line(line) && get_line_direct_cost_category_id(line) === ""materials"""
lib\calculations\profitAndLossCalculations.js,profitAndLossCalculations.js,lib,212,is_cogs_line,snake_case,snake_case_reference,readiness_field,p-and-l,"return ( is_cogs_line(line) && get_line_direct_cost_category_id(line) === ""subcontract_labour"""
lib\calculations\profitAndLossCalculations.js,profitAndLossCalculations.js,lib,219,is_cogs_line,snake_case,snake_case_reference,readiness_field,p-and-l,"return ( is_cogs_line(line) && get_line_direct_cost_category_id(line) === ""hired_equipment_plant"""
lib\calculations\profitAndLossCalculations.js,profitAndLossCalculations.js,lib,240,is_cogs_line,snake_case,snake_case_reference,readiness_field,p-and-l,return ( is_cogs_line(line) && get_line_direct_cost_category_id(line) === category.category_id
lib\calculations\profitAndLossCalculations.js,profitAndLossCalculations.js,lib,99,is_cogs_line,snake_case,snake_case_reference,readiness_field,p-and-l,"function is_cogs_line(line = {}) { return normalise_category(line.category) === ""cogs"";"
components\p-and-l\ProfitAndLossSectionBlock.jsx,ProfitAndLossSectionBlock.jsx,components,140,is_current_manual,snake_case,declaration,readiness_field,p-and-l,"const current_category = line.category ?? ""unassigned""; const is_current_manual = current_category !== ""unassigned"" && current_category !== """";"
components\p-and-l\ProfitAndLossSectionBlock.jsx,ProfitAndLossSectionBlock.jsx,components,143,is_current_manual,snake_case,snake_case_reference,readiness_field,p-and-l,if (!is_current_manual) { actions.update_pnl_line(
components\p-and-l\ProfitAndLossCostOfSalesGroup.jsx,ProfitAndLossCostOfSalesGroup.jsx,components,22,is_custom,snake_case,snake_case_reference,readiness_field,p-and-l,"const line_label = active_line_count === 1 ? ""line"" : ""lines""; const can_delete_category = group.is_custom && group.lines.length === 0;"
components\p-and-l\ProfitAndLossCostOfSalesGroup.jsx,ProfitAndLossCostOfSalesGroup.jsx,components,51,is_custom,snake_case,snake_case_reference,readiness_field,p-and-l,{group.is_custom ? ( <button
components\p-and-l\ProfitAndLossCostOfSalesGroup.jsx,ProfitAndLossCostOfSalesGroup.jsx,components,68,is_custom,snake_case,snake_case_reference,readiness_field,p-and-l,"{group.is_custom && !can_delete_category ? ( <p className=""ui-help"">"
lib\p-and-l\profitAndLossGroupingRules.js,profitAndLossGroupingRules.js,lib,338,is_custom,snake_case,object_key,readiness_field,p-and-l,"defaultOpen: false, is_custom: category.is_default === false, lines: group_lines,"
lib\p-and-l\profitAndLossGroupingRules.js,profitAndLossGroupingRules.js,lib,342,is_custom,snake_case,snake_case_reference,readiness_field,p-and-l,}) .filter((group) => group.lines.length > 0 || group.is_custom);
components\p-and-l\ProfitAndLossCustomDirectCostCategoryPanel.jsx,ProfitAndLossCustomDirectCostCategoryPanel.jsx,components,52,is_default,snake_case,object_key,readiness_field,p-and-l,"category_name, is_default: false, is_active: true,"
components\p-and-l\ProfitAndLossQuickImportPanel.jsx,ProfitAndLossQuickImportPanel.jsx,components,61,is_default,snake_case,object_key,readiness_field,p-and-l,"category_name, is_default: false, is_active: true,"
lib\calculations\profitAndLossCalculations.js,profitAndLossCalculations.js,lib,248,is_default,snake_case,object_key,readiness_field,p-and-l,"category_name: category.category_name, is_default: category.is_default === true, total: sum_qs_line_amounts(lines),"
lib\p-and-l\profitAndLossExcelImporter.js,profitAndLossExcelImporter.js,lib,83,is_default,snake_case,object_key,readiness_field,p-and-l,"category_name: String(line_name || """").trim() || ""Imported cost of sales"", is_default: false, is_active: true,"
lib\p-and-l\profitAndLossGroupingRules.js,profitAndLossGroupingRules.js,lib,338,is_default,snake_case,snake_case_reference,readiness_field,p-and-l,"defaultOpen: false, is_custom: category.is_default === false, lines: group_lines,"
lib\storage\profitAndLossStorage.js,profitAndLossStorage.js,lib,101,is_default,snake_case,object_key,readiness_field,p-and-l,"category_name: ""Direct consumables"", is_default: true, is_active: true,"
lib\storage\profitAndLossStorage.js,profitAndLossStorage.js,lib,109,is_default,snake_case,object_key,readiness_field,p-and-l,"category_name: ""Other direct costs"", is_default: true, is_active: true,"
lib\storage\profitAndLossStorage.js,profitAndLossStorage.js,lib,117,is_default,snake_case,object_key,readiness_field,p-and-l,"category_name: ""Review required"", is_default: true, is_active: true,"
lib\storage\profitAndLossStorage.js,profitAndLossStorage.js,lib,159,is_default,snake_case,object_key,readiness_field,p-and-l,"""Custom direct cost"", is_default: Boolean( category?.is_default ??"
lib\storage\profitAndLossStorage.js,profitAndLossStorage.js,lib,160,is_default,snake_case,snake_case_reference,readiness_field,p-and-l,is_default: Boolean( category?.is_default ?? DEFAULT_DIRECT_COST_CATEGORIES.some(
lib\storage\profitAndLossStorage.js,profitAndLossStorage.js,lib,181,is_default,snake_case,object_key,readiness_field,p-and-l,"category_name: clean_name, is_default: false, is_active: true,"
lib\storage\profitAndLossStorage.js,profitAndLossStorage.js,lib,53,is_default,snake_case,object_key,readiness_field,p-and-l,"category_name: ""Materials"", is_default: true, is_active: true,"
lib\storage\profitAndLossStorage.js,profitAndLossStorage.js,lib,61,is_default,snake_case,object_key,readiness_field,p-and-l,"category_name: ""Subcontract labour"", is_default: true, is_active: true,"
lib\storage\profitAndLossStorage.js,profitAndLossStorage.js,lib,69,is_default,snake_case,object_key,readiness_field,p-and-l,"category_name: ""Subcontracting - General"", is_default: true, is_active: true,"
lib\storage\profitAndLossStorage.js,profitAndLossStorage.js,lib,77,is_default,snake_case,object_key,readiness_field,p-and-l,"category_name: ""Hired equipment / plant"", is_default: true, is_active: true,"
lib\storage\profitAndLossStorage.js,profitAndLossStorage.js,lib,85,is_default,snake_case,object_key,readiness_field,p-and-l,"category_name: ""Freight / cartage"", is_default: true, is_active: true,"
lib\storage\profitAndLossStorage.js,profitAndLossStorage.js,lib,93,is_default,snake_case,object_key,readiness_field,p-and-l,"category_name: ""Waste / tipping"", is_default: true, is_active: true,"
lib\storage\profitAndLossStorage.js,profitAndLossStorage.js,lib,532,is_editing,snake_case,array_destructured_name,readiness_field,p-and-l,"); const [is_editing, set_is_editing] = useState(true); const [has_hydrated, set_has_hydrated] = useState(false);"
lib\storage\profitAndLossStorage.js,profitAndLossStorage.js,lib,633,is_editing,snake_case,snake_case_reference,readiness_field,p-and-l,"reset_profit_and_loss_state, is_editing, toggle_edit,"
components\p-and-l\ProfitAndLossCostOfSalesGroup.jsx,ProfitAndLossCostOfSalesGroup.jsx,components,19,is_empty_placeholder_line,snake_case,snake_case_reference,readiness_field,p-and-l,"const active_line_count = group.lines.filter( (line) => !is_empty_placeholder_line(line), ).length;"
components\p-and-l\ProfitAndLossCostOfSalesGroup.jsx,ProfitAndLossCostOfSalesGroup.jsx,components,9,is_empty_placeholder_line,snake_case,snake_case_reference,readiness_field,p-and-l,"} from ""@/lib/p-and-l/profitAndLossFormatters""; import { is_empty_placeholder_line } from ""@/lib/p-and-l/profitAndLossLineRules"";"
components\p-and-l\ProfitAndLossProgressPanel.jsx,ProfitAndLossProgressPanel.jsx,components,3,is_empty_placeholder_line,snake_case,snake_case_reference,readiness_field,p-and-l,"import { is_empty_placeholder_line } from ""@/lib/p-and-l/profitAndLossLineRules"";"
components\p-and-l\ProfitAndLossProgressPanel.jsx,ProfitAndLossProgressPanel.jsx,components,35,is_empty_placeholder_line,snake_case,snake_case_reference,readiness_field,p-and-l,function is_review_line(line) { if (is_empty_placeholder_line(line)) return false;
lib\p-and-l\profitAndLossLineRules.js,profitAndLossLineRules.js,lib,25,is_empty_placeholder_line,snake_case,snake_case_reference,readiness_field,p-and-l,"export function is_empty_placeholder_line(line = {}) { const line_name = String(line.line_name ?? """").trim();"
lib\selectors\profitAndLossSelectors.js,profitAndLossSelectors.js,lib,102,is_empty_placeholder_line,snake_case,snake_case_reference,readiness_field,p-and-l,"const unassigned_lines = state.pnl_lines.filter( (line) => !is_empty_placeholder_line(line) && is_review_assignment_line(line), );"
lib\selectors\profitAndLossSelectors.js,profitAndLossSelectors.js,lib,2,is_empty_placeholder_line,snake_case,snake_case_reference,readiness_field,p-and-l,"import { format_number } from ""@/lib/formatters/numberFormatters""; import { is_empty_placeholder_line } from ""@/lib/p-and-l/profitAndLossLineRules"";"
components\p-and-l\ProfitAndLossQuickImportPanel.jsx,ProfitAndLossQuickImportPanel.jsx,components,444,is_excel_or_csv_file,snake_case,snake_case_reference,readiness_field,p-and-l,"function is_excel_or_csv_file(file) { const file_name = String(file?.name || """").toLowerCase();"
components\p-and-l\ProfitAndLossQuickImportPanel.jsx,ProfitAndLossQuickImportPanel.jsx,components,509,is_excel_or_csv_file,snake_case,snake_case_reference,readiness_field,p-and-l,try { if (is_excel_or_csv_file(file)) { const payload = await parse_profit_and_loss_excel_file(file);
lib\p-and-l\profitAndLossExcelImporter.js,profitAndLossExcelImporter.js,lib,237,is_excel_or_csv_file,snake_case,snake_case_reference,readiness_field,p-and-l,"function is_excel_or_csv_file(file) { const file_name = String(file?.name || """").toLowerCase();"
lib\p-and-l\profitAndLossExcelImporter.js,profitAndLossExcelImporter.js,lib,252,is_excel_or_csv_file,snake_case,snake_case_reference,readiness_field,p-and-l,"if (!is_excel_or_csv_file(file)) { throw new Error(""Unsupported file type. Upload .xlsx, .xls, or .csv."");"
components\p-and-l\ProfitAndLossQuickImportPanel.jsx,ProfitAndLossQuickImportPanel.jsx,components,466,is_extracting,snake_case,array_destructured_name,readiness_field,p-and-l,"const [import_message, set_import_message] = useState(""""); const [is_extracting, set_is_extracting] = useState(false);"
components\p-and-l\ProfitAndLossQuickImportPanel.jsx,ProfitAndLossQuickImportPanel.jsx,components,694,is_extracting,snake_case,snake_case_reference,readiness_field,p-and-l,onClick={handle_extract_file} disabled={is_extracting} >
components\p-and-l\ProfitAndLossQuickImportPanel.jsx,ProfitAndLossQuickImportPanel.jsx,components,696,is_extracting,snake_case,snake_case_reference,readiness_field,p-and-l,"> {is_extracting ? ""Extracting..."" : ""Extract File""} </button>"
components\p-and-l\ProfitAndLossQuickImportPanel.jsx,ProfitAndLossQuickImportPanel.jsx,components,323,is_insurance_operating_expense,snake_case,declaration,readiness_field,p-and-l,"const inferred = infer_line_mapping(line_name); const is_insurance_operating_expense = String(line_name || """") .toLowerCase()"
components\p-and-l\ProfitAndLossQuickImportPanel.jsx,ProfitAndLossQuickImportPanel.jsx,components,376,is_insurance_operating_expense,snake_case,snake_case_reference,readiness_field,p-and-l,"if (section === ""operating_expenses"" && is_insurance_operating_expense) { category = ""general_overheads"";"
components\p-and-l\ProfitAndLossOperatingExpenseGroup.jsx,ProfitAndLossOperatingExpenseGroup.jsx,components,48,is_interest_line,snake_case,snake_case_reference,readiness_field,p-and-l,"function is_interest_line(line) { return String(line?.line_name || """").toLowerCase().includes(""interest"");"
components\p-and-l\ProfitAndLossOperatingExpenseGroup.jsx,ProfitAndLossOperatingExpenseGroup.jsx,components,547,is_interest_line,snake_case,snake_case_reference,readiness_field,p-and-l,const suggested_category_text = get_suggested_category_text(line.line_name); const show_interest_treatment = is_interest_line(line);
lib\calculations\profitAndLossCalculations.js,profitAndLossCalculations.js,lib,103,is_interest_line,snake_case,snake_case_reference,readiness_field,p-and-l,"function is_interest_line(line) { return String(line?.line_name || """")"
lib\calculations\profitAndLossCalculations.js,profitAndLossCalculations.js,lib,136,is_interest_line,snake_case,snake_case_reference,readiness_field,p-and-l,"return ( is_interest_line(line) && normalise_interest_treatment(line?.interest_treatment) === ""not_reviewed"""
lib\calculations\profitAndLossCalculations.js,profitAndLossCalculations.js,lib,166,is_interest_line,snake_case,snake_case_reference,readiness_field,p-and-l,"return (lines ?? []).reduce((sum, line) => { if (!is_interest_line(line) || !is_asset_finance_interest_marked(line)) { return sum;"
lib\calculations\profitAndLossCalculations.js,profitAndLossCalculations.js,lib,175,is_interest_line,snake_case,snake_case_reference,readiness_field,p-and-l,function sum_interest_lines(lines = []) { return sum_line_amounts((lines ?? []).filter(is_interest_line)); }
lib\p-and-l\profitAndLossExcelImporter.js,profitAndLossExcelImporter.js,lib,178,is_known_section_heading,snake_case,snake_case_reference,readiness_field,p-and-l,function is_known_section_heading(label) { const text = normalise_text(label);
lib\p-and-l\profitAndLossExcelImporter.js,profitAndLossExcelImporter.js,lib,296,is_known_section_heading,snake_case,snake_case_reference,readiness_field,p-and-l,if (is_known_section_heading(label)) { return;
components\p-and-l\ProfitAndLossQuickImportPanel.jsx,ProfitAndLossQuickImportPanel.jsx,components,341,is_mixed_or_generic_finance,snake_case,declaration,readiness_field,p-and-l,const is_mixed_or_generic_finance = !is_asset_specific_finance &&
components\p-and-l\ProfitAndLossQuickImportPanel.jsx,ProfitAndLossQuickImportPanel.jsx,components,370,is_mixed_or_generic_finance,snake_case,snake_case_reference,readiness_field,p-and-l,"if (section === ""operating_expenses"" && is_mixed_or_generic_finance) { category = ""general_overheads"";"
components\p-and-l\ProfitAndLossQuickImportPanel.jsx,ProfitAndLossQuickImportPanel.jsx,components,25,is_negative,snake_case,declaration,readiness_field,p-and-l,let is_negative = false;
components\p-and-l\ProfitAndLossQuickImportPanel.jsx,ProfitAndLossQuickImportPanel.jsx,components,28,is_negative,snake_case,snake_case_reference,readiness_field,p-and-l,"if (text.startsWith(""("") && text.endsWith("")"")) { is_negative = true; text = text.slice(1, -1);"
components\p-and-l\ProfitAndLossQuickImportPanel.jsx,ProfitAndLossQuickImportPanel.jsx,components,41,is_negative,snake_case,snake_case_reference,readiness_field,p-and-l,return is_negative ? -Math.abs(parsed) : parsed; }
lib\p-and-l\profitAndLossExcelImporter.js,profitAndLossExcelImporter.js,lib,45,is_negative,snake_case,declaration,readiness_field,p-and-l,let is_negative = false;
lib\p-and-l\profitAndLossExcelImporter.js,profitAndLossExcelImporter.js,lib,48,is_negative,snake_case,snake_case_reference,readiness_field,p-and-l,"if (text.startsWith(""("") && text.endsWith("")"")) { is_negative = true; text = text.slice(1, -1);"
lib\p-and-l\profitAndLossExcelImporter.js,profitAndLossExcelImporter.js,lib,65,is_negative,snake_case,snake_case_reference,readiness_field,p-and-l,return is_negative ? -Math.abs(parsed) : parsed; }
components\p-and-l\ProfitAndLossHelpPanel.jsx,ProfitAndLossHelpPanel.jsx,components,24,is_open,snake_case,snake_case_reference,readiness_field,p-and-l,"> {is_open ? ""Hide Help"" : ""Show Help""} </button>"
components\p-and-l\ProfitAndLossHelpPanel.jsx,ProfitAndLossHelpPanel.jsx,components,28,is_open,snake_case,snake_case_reference,readiness_field,p-and-l,"{is_open ? ( <div className=""ui-stack"">"
components\p-and-l\ProfitAndLossHelpPanel.jsx,ProfitAndLossHelpPanel.jsx,components,6,is_open,snake_case,array_destructured_name,readiness_field,p-and-l,"export default function ProfitAndLossHelpPanel() { const [is_open, set_is_open] = useState(false);"
components\p-and-l\ProfitAndLossQuickImportPanel.jsx,ProfitAndLossQuickImportPanel.jsx,components,454,is_pdf_file,snake_case,snake_case_reference,readiness_field,p-and-l,"function is_pdf_file(file) { const file_name = String(file?.name || """").toLowerCase();"
components\p-and-l\ProfitAndLossQuickImportPanel.jsx,ProfitAndLossQuickImportPanel.jsx,components,527,is_pdf_file,snake_case,snake_case_reference,readiness_field,p-and-l,"if (!is_pdf_file(file)) { throw new Error(""Unsupported file type. Upload .xlsx, .xls, .csv, or .pdf."");"
lib\selectors\profitAndLossSelectors.js,profitAndLossSelectors.js,lib,152,is_reconciled,snake_case,declaration,readiness_field,p-and-l,const variance = total_pnl_costs - total_model_costs; const is_reconciled = Math.abs(variance) < 1;
lib\selectors\profitAndLossSelectors.js,profitAndLossSelectors.js,lib,158,is_reconciled,snake_case,snake_case_reference,readiness_field,p-and-l,"variance: format_number(variance), is_reconciled, status_label: is_reconciled ? ""Reconciled"" : ""Not Reconciled"","
lib\selectors\profitAndLossSelectors.js,profitAndLossSelectors.js,lib,159,is_reconciled,snake_case,snake_case_reference,readiness_field,p-and-l,"is_reconciled, status_label: is_reconciled ? ""Reconciled"" : ""Not Reconciled"", };"
lib\calculations\profitAndLossCalculations.js,profitAndLossCalculations.js,lib,231,is_review_assignment_line,snake_case,warning_id,readiness_field,p-and-l,"const unassigned_lines = operating_expense_lines.filter( is_review_assignment_line, );"
lib\calculations\profitAndLossCalculations.js,profitAndLossCalculations.js,lib,288,is_review_assignment_line,snake_case,warning_id,readiness_field,p-and-l,const unreviewed_interest_total = sum_line_amounts(unreviewed_interest_lines); const review_required_lines = pnl_lines.filter(is_review_assignment_line);
lib\calculations\profitAndLossCalculations.js,profitAndLossCalculations.js,lib,82,is_review_assignment_line,snake_case,warning_id,readiness_field,p-and-l,function is_review_assignment_line(line = {}) { const category = normalise_category(line?.category);
lib\selectors\profitAndLossSelectors.js,profitAndLossSelectors.js,lib,102,is_review_assignment_line,snake_case,warning_id,readiness_field,p-and-l,"const unassigned_lines = state.pnl_lines.filter( (line) => !is_empty_placeholder_line(line) && is_review_assignment_line(line), );"
lib\selectors\profitAndLossSelectors.js,profitAndLossSelectors.js,lib,82,is_review_assignment_line,snake_case,warning_id,readiness_field,p-and-l,function is_review_assignment_line(line = {}) { const category = normalise_category(line.category);
components\p-and-l\ProfitAndLossProgressPanel.jsx,ProfitAndLossProgressPanel.jsx,components,34,is_review_line,snake_case,warning_id,readiness_field,p-and-l,function is_review_line(line) { if (is_empty_placeholder_line(line)) return false;
components\p-and-l\ProfitAndLossProgressPanel.jsx,ProfitAndLossProgressPanel.jsx,components,56,is_review_line,snake_case,warning_id,readiness_field,p-and-l,"const lines = get_section_lines(pnl_lines, section); const review_count = lines.filter(is_review_line).length; const ready_count = Math.max(lines.length - review_count, 0);"
components\general-overheads\GeneralOverheadSummaryCard.jsx,GeneralOverheadSummaryCard.jsx,components,34,is_synced_from_pnl,snake_case,snake_case_reference,readiness_field,p-and-l,"{row.is_synced_from_pnl ? ( <div className=""ui-help"">Synced from P&amp;L</div>"
hooks\useGeneralOverheads.js,useGeneralOverheads.js,hooks,488,is_synced_from_pnl,snake_case,snake_case_reference,readiness_field,p-and-l,"imported_pnl_overhead_rows: allocation_outputs.allocation_rows.filter( (row) => row.is_synced_from_pnl ),"
lib\calculations\generalOverheadCalculations.js,generalOverheadCalculations.js,lib,170,is_synced_from_pnl,snake_case,object_key,readiness_field,p-and-l,"amount: to_number(item.synced_overhead_amount), is_synced_from_pnl: true, overhead_category_key: item.overhead_category_key || """","
lib\p-and-l\profitAndLossExcelImporter.js,profitAndLossExcelImporter.js,lib,203,is_total_or_noise_line,snake_case,snake_case_reference,readiness_field,p-and-l,function is_total_or_noise_line(label) { const text = normalise_text(label);
lib\p-and-l\profitAndLossExcelImporter.js,profitAndLossExcelImporter.js,lib,301,is_total_or_noise_line,snake_case,snake_case_reference,readiness_field,p-and-l,if (is_total_or_noise_line(label)) return;
components\p-and-l\ProfitAndLossCostOfSalesLineRow.jsx,ProfitAndLossCostOfSalesLineRow.jsx,components,164,is_wip_line,snake_case,snake_case_reference,readiness_field,p-and-l,"{is_wip_line(line.line_name) ? ( <div className=""ui-panel ui-stack-sm theme-warn-soft"">"
components\p-and-l\ProfitAndLossCostOfSalesLineRow.jsx,ProfitAndLossCostOfSalesLineRow.jsx,components,6,is_wip_line,snake_case,snake_case_reference,readiness_field,p-and-l,"get_category_help_text, is_wip_line, } from ""@/lib/p-and-l/profitAndLossClassificationRules"";"
components\p-and-l\ProfitAndLossLineRow.jsx,ProfitAndLossLineRow.jsx,components,124,is_wip_line,snake_case,snake_case_reference,readiness_field,p-and-l,"{is_wip_line(line.line_name) ? ( <div className=""ui-panel ui-stack-sm theme-warn-soft"">"
components\p-and-l\ProfitAndLossLineRow.jsx,ProfitAndLossLineRow.jsx,components,41,is_wip_line,snake_case,snake_case_reference,readiness_field,p-and-l,"const effective_category = is_wip_line(line.line_name) && (line.category === ""unassigned"" || !line.category)"
components\p-and-l\ProfitAndLossLineRow.jsx,ProfitAndLossLineRow.jsx,components,8,is_wip_line,snake_case,snake_case_reference,readiness_field,p-and-l,"get_suggested_category_text, is_wip_line, } from ""@/lib/p-and-l/profitAndLossClassificationRules"";"
components\p-and-l\ProfitAndLossOperatingExpenseGroup.jsx,ProfitAndLossOperatingExpenseGroup.jsx,components,36,is_wip_line,snake_case,snake_case_reference,readiness_field,p-and-l,"function is_wip_line(line_name = """") { const normalized = String(line_name).trim().toLowerCase();"
components\p-and-l\ProfitAndLossOperatingExpenseGroup.jsx,ProfitAndLossOperatingExpenseGroup.jsx,components,414,is_wip_line,snake_case,snake_case_reference,readiness_field,p-and-l,function build_line_category_options(line) { if (is_wip_line(line.line_name)) { return [
components\p-and-l\ProfitAndLossOperatingExpenseGroup.jsx,ProfitAndLossOperatingExpenseGroup.jsx,components,554,is_wip_line,snake_case,snake_case_reference,readiness_field,p-and-l,"const effective_category = is_wip_line(line.line_name) && (line.category === ""unassigned"" || !line.category)"
components\p-and-l\ProfitAndLossOperatingExpenseGroup.jsx,ProfitAndLossOperatingExpenseGroup.jsx,components,643,is_wip_line,snake_case,snake_case_reference,readiness_field,p-and-l,"{is_wip_line(line.line_name) ? ( <div className=""ui-panel ui-stack-sm theme-warn-soft"">"
components\p-and-l\ProfitAndLossSectionBlock.jsx,ProfitAndLossSectionBlock.jsx,components,12,is_wip_line,snake_case,snake_case_reference,readiness_field,p-and-l,"infer_direct_cost_category_id, is_wip_line, get_suggested_category_text,"
components\p-and-l\ProfitAndLossSectionBlock.jsx,ProfitAndLossSectionBlock.jsx,components,97,is_wip_line,snake_case,snake_case_reference,readiness_field,p-and-l,"if ( is_wip_line(next_line_name) && (line.category === ""unassigned"" || !line.category)"
lib\p-and-l\profitAndLossClassificationRules.js,profitAndLossClassificationRules.js,lib,22,is_wip_line,snake_case,snake_case_reference,readiness_field,p-and-l,if (is_wip_line(line_name)) { return null;
lib\p-and-l\profitAndLossClassificationRules.js,profitAndLossClassificationRules.js,lib,429,is_wip_line,snake_case,snake_case_reference,readiness_field,p-and-l,"export function build_line_category_options(line, category_options) { if (is_wip_line(line.line_name)) { return ["
lib\p-and-l\profitAndLossClassificationRules.js,profitAndLossClassificationRules.js,lib,5,is_wip_line,snake_case,snake_case_reference,readiness_field,p-and-l,"export function is_wip_line(line_name = """") { const normalized = normalize_line_name(line_name);"
lib\p-and-l\profitAndLossGroupingRules.js,profitAndLossGroupingRules.js,lib,285,is_wip_line,snake_case,snake_case_reference,readiness_field,p-and-l,"if ( is_wip_line(line.line_name) && !(category === ""cogs"" && has_valid_direct_cost_category)"
lib\p-and-l\profitAndLossGroupingRules.js,profitAndLossGroupingRules.js,lib,3,is_wip_line,snake_case,snake_case_reference,readiness_field,p-and-l,"infer_direct_cost_category_id, is_wip_line, normalize_line_name,"
lib\selectors\profitAndLossSelectors.js,profitAndLossSelectors.js,lib,123,is_wip_line,snake_case,snake_case_reference,readiness_field,p-and-l,"if (is_wip_line(line.line_name) || line.line_name.toLowerCase().includes('adjustment')) { formatted_line.suggested_action = ""Review source detail before assigning to the cost model."";"
lib\selectors\profitAndLossSelectors.js,profitAndLossSelectors.js,lib,46,is_wip_line,snake_case,snake_case_reference,readiness_field,p-and-l,"function is_wip_line(line_name = """") { const normalized = String(line_name).trim().toLowerCase();"
components\rate-builder\RateBuilderPnlLabourBenchmarkCard.jsx,RateBuilderPnlLabourBenchmarkCard.jsx,components,180,pnl_benchmark_ready,snake_case,snake_case_reference,readiness_field,p-and-l,<strong> {pnl_benchmark_ready ? pnl_recovery_is_above_labour_cost
components\rate-builder\RateBuilderPnlLabourBenchmarkCard.jsx,RateBuilderPnlLabourBenchmarkCard.jsx,components,30,pnl_benchmark_ready,snake_case,declaration,readiness_field,p-and-l,const pnl_benchmark_ready = pnl_implied_recovered_rate > 0;
components\rate-builder\RateBuilderPnlLabourBenchmarkCard.jsx,RateBuilderPnlLabourBenchmarkCard.jsx,components,58,pnl_benchmark_ready,snake_case,snake_case_reference,readiness_field,p-and-l,const has_labour_recovery_leak = pnl_benchmark_ready && labour_recovery_shortfall > 0;
components\rate-builder\RateBuilderPnlLabourBenchmarkCard.jsx,RateBuilderPnlLabourBenchmarkCard.jsx,components,61,pnl_benchmark_ready,snake_case,snake_case_reference,readiness_field,p-and-l,const labour_recovery_surplus = pnl_benchmark_ready && labour_recovery_shortfall < 0 ? Math.abs(labour_recovery_shortfall)
components\rate-builder\RateBuilderPnlLabourBenchmarkCard.jsx,RateBuilderPnlLabourBenchmarkCard.jsx,components,72,pnl_benchmark_ready,snake_case,snake_case_reference,readiness_field,p-and-l,const pnl_recovery_is_above_labour_cost = pnl_benchmark_ready && pnl_recovery_gap_to_labour_cost >= 0;
components\rate-builder\RateBuilderPnlLabourBenchmarkCard.jsx,RateBuilderPnlLabourBenchmarkCard.jsx,components,87,pnl_benchmark_ready,snake_case,snake_case_reference,readiness_field,p-and-l,"<p className=""rate-builder-result-value""> {pnl_benchmark_ready ? format_rate(pnl_implied_recovered_rate, labour_unit_label)"
lib\calculations\labourCalculations.js,labourCalculations.js,lib,269,pnl_labour_recovery_status,snake_case,declaration,status_field,p-and-l,const pnl_labour_recovery_status = labour_recovery_pool > 0 &&
lib\calculations\labourCalculations.js,labourCalculations.js,lib,281,pnl_labour_recovery_status,snake_case,snake_case_reference,status_field,p-and-l,"pnl_labour_recovery_multiplier, pnl_labour_recovery_status, productive_staff_type_rates_with_pnl_recovery,"
lib\selectors\labour\labourOutputContractSelectors.js,labourOutputContractSelectors.js,lib,127,pnl_labour_recovery_status,snake_case,declaration,status_field,p-and-l,pnl_labour_recovery_outputs.pnl_labour_recovery_multiplier; const pnl_labour_recovery_status = pnl_labour_recovery_outputs.pnl_labour_recovery_status;
lib\selectors\labour\labourOutputContractSelectors.js,labourOutputContractSelectors.js,lib,128,pnl_labour_recovery_status,snake_case,snake_case_reference,status_field,p-and-l,const pnl_labour_recovery_status = pnl_labour_recovery_outputs.pnl_labour_recovery_status; const productive_staff_type_rates =
lib\selectors\labour\labourOutputContractSelectors.js,labourOutputContractSelectors.js,lib,221,pnl_labour_recovery_status,snake_case,snake_case_reference,status_field,p-and-l,"pnl_labour_recovery_multiplier, pnl_labour_recovery_status,"
app\dev\model-readiness\page.jsx,page.jsx,app,124,pnl_ready,snake_case,snake_case_reference,readiness_field,p-and-l,"[ ""pnl_ready"", status.normalised_reconciliation_inputs?.pnl_ready,"
app\dev\model-readiness\page.jsx,page.jsx,app,125,pnl_ready,snake_case,snake_case_reference,readiness_field,p-and-l,"""pnl_ready"", status.normalised_reconciliation_inputs?.pnl_ready, ],"
app\dev\model-readiness\page.jsx,page.jsx,app,65,pnl_ready,snake_case,snake_case_reference,readiness_field,p-and-l,"{[ [""pnl_ready"", status.pnl_ready], [""total_business_costs"", status.total_business_costs],"
app\model-readiness\page.jsx,page.jsx,app,17,pnl_ready,snake_case,snake_case_reference,readiness_field,p-and-l,"const raw_input_rows = [ [""pnl_ready"", status.pnl_ready], [""total_business_costs"", status.total_business_costs, ""currency""],"
app\model-readiness\page.jsx,page.jsx,app,57,pnl_ready,snake_case,snake_case_reference,readiness_field,p-and-l,"const normalised_input_rows = [ [""pnl_ready"", status.normalised_reconciliation_inputs?.pnl_ready], ["
components\p-and-l\ProfitAndLossMainCard.jsx,ProfitAndLossMainCard.jsx,components,169,pnl_ready,snake_case,snake_case_reference,readiness_field,p-and-l,"const can_continue_to_overheads = summary.pnl_ready === ""Ready"" && warnings.length === 0;"
components\p-and-l\ProfitAndLossMainCard.jsx,ProfitAndLossMainCard.jsx,components,286,pnl_ready,snake_case,snake_case_reference,readiness_field,p-and-l,"/> <SummaryRow label=""P&L Ready"" value={summary.pnl_ready} total /> </div>"
components\p-and-l\ProfitAndLossProgressPanel.jsx,ProfitAndLossProgressPanel.jsx,components,135,pnl_ready,snake_case,declaration,readiness_field,p-and-l,"const pnl_ready = summary?.pnl_ready || ""Not ready""; const has_warnings = warnings.length > 0 || review_count > 0;"
components\p-and-l\ProfitAndLossProgressPanel.jsx,ProfitAndLossProgressPanel.jsx,components,176,pnl_ready,snake_case,snake_case_reference,readiness_field,p-and-l,"<div className=""labour-summary-table-label"">P&amp;L ready</div> <div className=""labour-summary-table-value"">{pnl_ready}</div> </div>"
lib\calculations\profitAndLossCalculations.js,profitAndLossCalculations.js,lib,298,pnl_ready,snake_case,declaration,readiness_field,p-and-l,const pnl_ready = review_required_lines.length === 0;
lib\calculations\profitAndLossCalculations.js,profitAndLossCalculations.js,lib,355,pnl_ready,snake_case,snake_case_reference,readiness_field,p-and-l,"unassigned_balance, pnl_ready, };"
lib\reconciliation\reconciliationRules.js,reconciliationRules.js,lib,342,pnl_ready,snake_case,object_key,readiness_field,p-and-l,"const normalised_reconciliation_inputs = { pnl_ready: profit_and_loss_ready, pnl_business_cost: total_business_costs,"
lib\reconciliation\reconciliationRules.js,reconciliationRules.js,lib,288,profit_and_loss_ready,snake_case,snake_case_reference,readiness_field,p-and-l,"const module_ready_checks = [ getModuleReadyCheck(""Profit & Loss"", profit_and_loss_ready), getModuleReadyCheck(""Labour"", labour_ready),"
lib\reconciliation\reconciliationRules.js,reconciliationRules.js,lib,342,profit_and_loss_ready,snake_case,snake_case_reference,readiness_field,p-and-l,"const normalised_reconciliation_inputs = { pnl_ready: profit_and_loss_ready, pnl_business_cost: total_business_costs,"
app\api\pnl-import\route.js,route.js,app,109,status,plain,object_key,status_field,p-and-l,"}, { status: 400 }, );"
app\api\pnl-import\route.js,route.js,app,119,status,plain,object_key,status_field,p-and-l,"}, { status: 400 }, );"
app\api\pnl-import\route.js,route.js,app,131,status,plain,object_key,status_field,p-and-l,"}, { status: 400 }, );"
app\api\pnl-import\route.js,route.js,app,174,status,plain,object_key,status_field,p-and-l,"}, { status: 500 }, );"
app\p-and-l\page.jsx,page.jsx,app,8,status,plain,destructured_name,status_field,p-and-l,"export default function ProfitAndLossPage() { const { status, card } = useProfitAndLoss();"
components\p-and-l\ProfitAndLossProgressPanel.jsx,ProfitAndLossProgressPanel.jsx,components,65,status,plain,object_key,status_field,p-and-l,"label: ""No lines"", status: ""Not started"", tone: ""muted"","
components\p-and-l\ProfitAndLossProgressPanel.jsx,ProfitAndLossProgressPanel.jsx,components,76,status,plain,object_key,status_field,p-and-l,"label: `${ready_count} of ${lines.length} classified`, status: ""Needs review"", tone: ""warn"","
components\p-and-l\ProfitAndLossProgressPanel.jsx,ProfitAndLossProgressPanel.jsx,components,86,status,plain,object_key,status_field,p-and-l,"label: `${lines.length} of ${lines.length} classified`, status: ""Ready"", tone: ""ready"","
hooks\useProfitAndLoss.js,useProfitAndLoss.js,hooks,108,status,plain,declaration,status_field,p-and-l,const status = useMemo(() => { return buildProfitAndLossStatus({
lib\imports\xeroCogImporter.js,xeroCogImporter.js,lib,583,xero_pnl_reconciliation_status,snake_case,object_key,status_field,p-and-l,"xero_pnl_difference: account_reconciliation.summary.difference, xero_pnl_reconciliation_status: account_reconciliation.summary.status,"
lib\selectors\quoteEngineSelectors.js,quoteEngineSelectors.js,lib,148,has_invalid_input,snake_case,declaration,readiness_field,quote-engine-legacy,const has_invalid_input = quote_price_total_is_zero ||
lib\selectors\quoteEngineSelectors.js,quoteEngineSelectors.js,lib,156,has_invalid_input,snake_case,warning_id,readiness_field,quote-engine-legacy,"if (has_invalid_input) { quote_result_status = ""invalid"";"
hooks\useQuoteEngine.js,useQuoteEngine.js,hooks,118,has_loaded_quote_store,snake_case,array_destructured_name,readiness_field,quote-engine-legacy,"const [has_loaded_quote_store, setHasLoadedQuoteStore] = useState(false); const [selected_quote_job_id, setSelectedQuoteJobId] = useState("""");"
hooks\useQuoteEngine.js,useQuoteEngine.js,hooks,134,has_loaded_quote_store,snake_case,snake_case_reference,readiness_field,quote-engine-legacy,useEffect(() => { if (!has_loaded_quote_store) { return;
hooks\useQuoteEngine.js,useQuoteEngine.js,hooks,139,has_loaded_quote_store,snake_case,snake_case_reference,readiness_field,quote-engine-legacy,"saveQuoteEngineStore(quote_store); }, [quote_store, has_loaded_quote_store]);"
components\quote-engine\QuoteEngineMainCard.jsx,QuoteEngineMainCard.jsx,components,390,is_live_job,snake_case,snake_case_reference,readiness_field,quote-engine-legacy,"type=""checkbox"" checked={Boolean(quote_state.is_live_job)} onChange={(event) =>"
components\quote-engine\QuoteEngineMainCard.jsx,QuoteEngineMainCard.jsx,components,392,is_live_job,snake_case,snake_case_reference,readiness_field,quote-engine-legacy,"onChange={(event) => update_field(""is_live_job"", event.target.checked) }"
hooks\useQuoteEngine.js,useQuoteEngine.js,hooks,286,is_live_job,snake_case,object_key,readiness_field,quote-engine-legacy,"is_winning_quote: false, is_live_job: false, live_job_id: """","
hooks\useQuoteEngine.js,useQuoteEngine.js,hooks,54,is_live_job,snake_case,snake_case_reference,readiness_field,quote-engine-legacy,"const BOOLEAN_FIELDS = [""is_winning_quote"", ""is_live_job""];"
lib\calculations\quoteEngineCalculations.js,quoteEngineCalculations.js,lib,222,is_live_job,snake_case,object_key,readiness_field,quote-engine-legacy,"is_winning_quote: Boolean(quote_state.is_winning_quote), is_live_job: Boolean(quote_state.is_live_job), live_job_id: String(quote_state.live_job_id || """"),"
lib\selectors\quoteEngineSelectors.js,quoteEngineSelectors.js,lib,542,is_live_job,snake_case,object_key,readiness_field,quote-engine-legacy,"is_winning_quote: calculations.is_winning_quote, is_live_job: calculations.is_live_job, live_job_id: calculations.live_job_id,"
lib\storage\quoteEngineStorage.js,quoteEngineStorage.js,lib,153,is_live_job,snake_case,object_key,readiness_field,quote-engine-legacy,"is_winning_quote: Boolean(overrides.is_winning_quote), is_live_job: Boolean(overrides.is_live_job),"
lib\storage\quoteEngineStorage.js,quoteEngineStorage.js,lib,345,is_live_job,snake_case,object_key,readiness_field,quote-engine-legacy,"is_winning_quote: Boolean(quote_state.is_winning_quote), is_live_job: Boolean(quote_state.is_live_job), live_job_id: quote_state.live_job_id || """","
lib\storage\quoteEngineStorage.js,quoteEngineStorage.js,lib,46,is_live_job,snake_case,object_key,readiness_field,quote-engine-legacy,"is_winning_quote: false, is_live_job: false, live_job_id: """","
components\quote-engine\QuoteEngineMainCard.jsx,QuoteEngineMainCard.jsx,components,379,is_winning_quote,snake_case,snake_case_reference,readiness_field,quote-engine-legacy,"type=""checkbox"" checked={Boolean(quote_state.is_winning_quote)} onChange={(event) =>"
components\quote-engine\QuoteEngineMainCard.jsx,QuoteEngineMainCard.jsx,components,381,is_winning_quote,snake_case,snake_case_reference,readiness_field,quote-engine-legacy,"onChange={(event) => update_field(""is_winning_quote"", event.target.checked) }"
hooks\useQuoteEngine.js,useQuoteEngine.js,hooks,285,is_winning_quote,snake_case,object_key,readiness_field,quote-engine-legacy,"is_winning_quote: false, is_live_job: false,"
hooks\useQuoteEngine.js,useQuoteEngine.js,hooks,54,is_winning_quote,snake_case,snake_case_reference,readiness_field,quote-engine-legacy,"const BOOLEAN_FIELDS = [""is_winning_quote"", ""is_live_job""];"
lib\calculations\quoteEngineCalculations.js,quoteEngineCalculations.js,lib,221,is_winning_quote,snake_case,object_key,readiness_field,quote-engine-legacy,"is_winning_quote: Boolean(quote_state.is_winning_quote), is_live_job: Boolean(quote_state.is_live_job),"
lib\selectors\quoteEngineSelectors.js,quoteEngineSelectors.js,lib,541,is_winning_quote,snake_case,object_key,readiness_field,quote-engine-legacy,"is_winning_quote: calculations.is_winning_quote, is_live_job: calculations.is_live_job,"
lib\storage\quoteEngineStorage.js,quoteEngineStorage.js,lib,152,is_winning_quote,snake_case,object_key,readiness_field,quote-engine-legacy,"is_winning_quote: Boolean(overrides.is_winning_quote), is_live_job: Boolean(overrides.is_live_job),"
lib\storage\quoteEngineStorage.js,quoteEngineStorage.js,lib,344,is_winning_quote,snake_case,object_key,readiness_field,quote-engine-legacy,"is_winning_quote: Boolean(quote_state.is_winning_quote), is_live_job: Boolean(quote_state.is_live_job),"
lib\storage\quoteEngineStorage.js,quoteEngineStorage.js,lib,45,is_winning_quote,snake_case,object_key,readiness_field,quote-engine-legacy,"is_winning_quote: false, is_live_job: false,"
app\quote-engine\page.jsx,page.jsx,app,39,quote_result_status,snake_case,snake_case_reference,status_field,quote-engine-legacy,<QuoteEngineStatusStrip quote_result_status={status.quote_result_status} quote_warnings={status.quote_warnings}
app\quote-engine\page.jsx,page.jsx,app,65,quote_result_status,snake_case,snake_case_reference,status_field,quote-engine-legacy,<QuoteEngineSideCard quote_result_status={status.quote_result_status} summary={status.summary}
components\quote-engine\QuoteEngineSideCard.jsx,QuoteEngineSideCard.jsx,components,31,quote_result_status,snake_case,snake_case_reference,status_field,quote-engine-legacy,"summary = {}, quote_result_status = ""invalid"", }) {"
components\quote-engine\QuoteEngineSideCard.jsx,QuoteEngineSideCard.jsx,components,46,quote_result_status,snake_case,snake_case_reference,status_field,quote-engine-legacy,"<div className=""ui-card-title-sm""> {getResultHeading(quote_result_status)} </div>"
components\quote-engine\QuoteEngineSideCard.jsx,QuoteEngineSideCard.jsx,components,48,quote_result_status,snake_case,snake_case_reference,status_field,quote-engine-legacy,"</div> <p className=""ui-help"">{getResultMessage(quote_result_status)}</p> </div>"
components\quote-engine\QuoteEngineStatusStrip.jsx,QuoteEngineStatusStrip.jsx,components,25,quote_result_status,snake_case,snake_case_reference,status_field,quote-engine-legacy,"export default function QuoteEngineStatusStrip({ quote_result_status = ""invalid"", quote_warnings = [],"
components\quote-engine\QuoteEngineStatusStrip.jsx,QuoteEngineStatusStrip.jsx,components,37,quote_result_status,snake_case,snake_case_reference,status_field,quote-engine-legacy,"<div className=""ui-kicker"">Quote Engine</div> <div className=""ui-card-title-sm"">{getStatusHeading(quote_result_status)}</div> <p className=""ui-help"">"
components\quote-engine\QuoteEngineStatusStrip.jsx,QuoteEngineStatusStrip.jsx,components,46,quote_result_status,snake_case,snake_case_reference,status_field,quote-engine-legacy,"<div className=""ui-label"">Quote status</div> <div>{quote_result_status}</div> </div>"
hooks\useQuoteEngine.js,useQuoteEngine.js,hooks,400,quote_result_status,snake_case,object_key,status_field,quote-engine-legacy,"...buildQuoteEngineOutputContract({ calculations }), quote_result_status: status.quote_result_status, quote_warnings: status.quote_warnings,"
hooks\useQuoteEngine.js,useQuoteEngine.js,hooks,405,quote_result_status,snake_case,snake_case_reference,status_field,quote-engine-legacy,"}; }, [calculations, status.quote_result_status, status.quote_warnings]);"
lib\selectors\quoteEngineSelectors.js,quoteEngineSelectors.js,lib,154,quote_result_status,snake_case,declaration,status_field,quote-engine-legacy,"let quote_result_status = ""works"";"
lib\selectors\quoteEngineSelectors.js,quoteEngineSelectors.js,lib,157,quote_result_status,snake_case,snake_case_reference,status_field,quote-engine-legacy,"if (has_invalid_input) { quote_result_status = ""invalid""; } else if (quote_margin_pool >= 0 && quote_gap < 0) {"
lib\selectors\quoteEngineSelectors.js,quoteEngineSelectors.js,lib,159,quote_result_status,snake_case,snake_case_reference,status_field,quote-engine-legacy,"} else if (quote_margin_pool >= 0 && quote_gap < 0) { quote_result_status = ""leaking""; } else if ("
lib\selectors\quoteEngineSelectors.js,quoteEngineSelectors.js,lib,165,quote_result_status,snake_case,snake_case_reference,status_field,quote-engine-legacy,") { quote_result_status = ""marginal""; }"
lib\selectors\quoteEngineSelectors.js,quoteEngineSelectors.js,lib,169,quote_result_status,snake_case,snake_case_reference,status_field,quote-engine-legacy,"return { quote_result_status, quote_warnings: warnings,"
lib\selectors\quoteEngineSelectors.js,quoteEngineSelectors.js,lib,586,quote_result_status,snake_case,object_key,status_field,quote-engine-legacy,"quote_result_status: calculations.quote_result_status, quote_warnings: calculations.quote_warnings,"
components\quote-engine\QuoteEngineMainCard.jsx,QuoteEngineMainCard.jsx,components,177,quote_status,snake_case,snake_case_reference,status_field,quote-engine-legacy,"version.quote_date || ""No date"" } - ${version.quote_status || ""draft""}`} </option>"
components\quote-engine\QuoteEngineMainCard.jsx,QuoteEngineMainCard.jsx,components,316,quote_status,snake_case,snake_case_reference,status_field,quote-engine-legacy,"className=""ui-input"" value={quoteFieldValue(quote_state.quote_status)} onChange={(event) =>"
components\quote-engine\QuoteEngineMainCard.jsx,QuoteEngineMainCard.jsx,components,318,quote_status,snake_case,snake_case_reference,status_field,quote-engine-legacy,"onChange={(event) => update_field(""quote_status"", event.target.value) }"
hooks\useQuoteEngine.js,useQuoteEngine.js,hooks,282,quote_status,snake_case,object_key,status_field,quote-engine-legacy,"quote_date: getTodayDate(), quote_status: ""draft"", quote_version: next_version,"
lib\calculations\quoteEngineCalculations.js,quoteEngineCalculations.js,lib,218,quote_status,snake_case,object_key,status_field,quote-engine-legacy,"quote_date: String(quote_state.quote_date || """"), quote_status: String(quote_state.quote_status || ""draft""), quote_version: String(quote_state.quote_version || ""1""),"
lib\selectors\quoteEngineSelectors.js,quoteEngineSelectors.js,lib,538,quote_status,snake_case,object_key,status_field,quote-engine-legacy,"quote_date: calculations.quote_date, quote_status: calculations.quote_status, quote_version: calculations.quote_version,"
lib\storage\quoteEngineStorage.js,quoteEngineStorage.js,lib,149,quote_status,snake_case,object_key,status_field,quote-engine-legacy,"quote_date: overrides.quote_date || base.quote_date, quote_status: overrides.quote_status || ""draft"", quote_version: String(overrides.quote_version || ""1""),"
lib\storage\quoteEngineStorage.js,quoteEngineStorage.js,lib,341,quote_status,snake_case,object_key,status_field,quote-engine-legacy,"quote_date: quote_state.quote_date || getTodayDate(), quote_status: quote_state.quote_status || ""draft"", quote_version: String(quote_state.quote_version || ""1""),"
lib\storage\quoteEngineStorage.js,quoteEngineStorage.js,lib,42,quote_status,snake_case,object_key,status_field,quote-engine-legacy,"quote_date: """", quote_status: ""draft"", quote_version: ""1"","
app\quote-engine\page.jsx,page.jsx,app,40,quote_warnings,snake_case,warning_id,warnings_field,quote-engine-legacy,quote_result_status={status.quote_result_status} quote_warnings={status.quote_warnings} model_ready={status.model_ready}
components\quote-engine\QuoteEngineStatusStrip.jsx,QuoteEngineStatusStrip.jsx,components,26,quote_warnings,snake_case,warning_id,warnings_field,quote-engine-legacy,"quote_result_status = ""invalid"", quote_warnings = [], model_readiness_status = ""blocked"","
components\quote-engine\QuoteEngineStatusStrip.jsx,QuoteEngineStatusStrip.jsx,components,76,quote_warnings,snake_case,warning_id,warnings_field,quote-engine-legacy,"{quote_warnings.length > 0 ? ( <div className=""ui-panel ui-stack-sm"">"
components\quote-engine\QuoteEngineStatusStrip.jsx,QuoteEngineStatusStrip.jsx,components,79,quote_warnings,snake_case,warning_id,warnings_field,quote-engine-legacy,"<div className=""ui-label"">Quote warnings</div> {quote_warnings.slice(0, 4).map((warning) => ( <p key={warning.warning_id} className=""ui-help"">"
components\quote-engine\QuoteEngineStatusStrip.jsx,QuoteEngineStatusStrip.jsx,components,84,quote_warnings,snake_case,warning_id,warnings_field,quote-engine-legacy,"))} {quote_warnings.length > 4 ? ( <p className=""ui-help"">"
components\quote-engine\QuoteEngineStatusStrip.jsx,QuoteEngineStatusStrip.jsx,components,86,quote_warnings,snake_case,warning_id,warnings_field,quote-engine-legacy,"<p className=""ui-help""> {quote_warnings.length - 4} more warnings are present. </p>"
hooks\useQuoteEngine.js,useQuoteEngine.js,hooks,401,quote_warnings,snake_case,object_key,warnings_field,quote-engine-legacy,"quote_result_status: status.quote_result_status, quote_warnings: status.quote_warnings, quote_model_used: calculations.quote_model_used,"
hooks\useQuoteEngine.js,useQuoteEngine.js,hooks,405,quote_warnings,snake_case,warning_id,warnings_field,quote-engine-legacy,"}; }, [calculations, status.quote_result_status, status.quote_warnings]);"
lib\selectors\quoteEngineSelectors.js,quoteEngineSelectors.js,lib,170,quote_warnings,snake_case,object_key,warnings_field,quote-engine-legacy,"quote_result_status, quote_warnings: warnings, quote_warning_count: warnings.length,"
lib\selectors\quoteEngineSelectors.js,quoteEngineSelectors.js,lib,587,quote_warnings,snake_case,object_key,warnings_field,quote-engine-legacy,"quote_result_status: calculations.quote_result_status, quote_warnings: calculations.quote_warnings, quote_model_used: calculations.quote_model_used,"
hooks\useQuoteEngine.js,useQuoteEngine.js,hooks,373,status,plain,declaration,status_field,quote-engine-legacy,const status = useMemo(() => { return buildQuoteEngineStatus({
lib\selectors\quoteEngineSelectors.js,quoteEngineSelectors.js,lib,28,warnings,plain,declaration,warnings_field,quote-engine-legacy,"export function buildQuoteEngineStatus({ calculations = {}, upstream = {} }) { const warnings = [];"
components\rate-builder\RateBuilderLineCalculator.jsx,RateBuilderLineCalculator.jsx,components,120,has_loaded_storage,snake_case,array_destructured_name,readiness_field,rate-builder,"const [draft_line, set_draft_line] = useState(EMPTY_LINE); const [has_loaded_storage, set_has_loaded_storage] = useState(false);"
components\rate-builder\RateBuilderLineCalculator.jsx,RateBuilderLineCalculator.jsx,components,139,has_loaded_storage,snake_case,snake_case_reference,readiness_field,rate-builder,useEffect(() => { if (!has_loaded_storage) { return;
components\rate-builder\RateBuilderLineCalculator.jsx,RateBuilderLineCalculator.jsx,components,144,has_loaded_storage,snake_case,snake_case_reference,readiness_field,rate-builder,"saveRateBuilderCalculators(calculators); }, [calculators, has_loaded_storage]);"
components\rate-builder\RateBuilderTabs.jsx,RateBuilderTabs.jsx,components,15,is_active,snake_case,snake_case_reference,readiness_field,rate-builder,"className={`rate-builder-tab ${ is_active ? ""rate-builder-tab--active"" : """" }`}"
components\rate-builder\RateBuilderTabs.jsx,RateBuilderTabs.jsx,components,7,is_active,snake_case,declaration,readiness_field,rate-builder,{tabs.map((tab) => { const is_active = tab.id === active_tab;
components\rate-builder\RateBuilderLineCalculator.jsx,RateBuilderLineCalculator.jsx,components,373,is_output_driver,snake_case,object_key,readiness_field,rate-builder,"quantity: Number(draft_line.quantity) || 0, is_output_driver: rate_lines.length === 0, };"
components\rate-builder\RateBuilderLineCalculator.jsx,RateBuilderLineCalculator.jsx,components,403,is_output_driver,snake_case,object_key,readiness_field,rate-builder,"...line, is_output_driver: line.id === id, })),"
components\rate-builder\RateBuilderLineCalculator.jsx,RateBuilderLineCalculator.jsx,components,419,is_output_driver,snake_case,snake_case_reference,readiness_field,rate-builder,if (filtered_lines.some((line) => line.is_output_driver)) { return {
components\rate-builder\RateBuilderLineCalculator.jsx,RateBuilderLineCalculator.jsx,components,430,is_output_driver,snake_case,object_key,readiness_field,rate-builder,"...line, is_output_driver: index === 0, })),"
components\rate-builder\RateBuilderLineCalculator.jsx,RateBuilderLineCalculator.jsx,components,53,is_output_driver,snake_case,object_key,readiness_field,rate-builder,"quantity: 1, is_output_driver: false, },"
components\rate-builder\RateBuilderLineCalculator.jsx,RateBuilderLineCalculator.jsx,components,62,is_output_driver,snake_case,object_key,readiness_field,rate-builder,"quantity: 15, is_output_driver: true, },"
components\rate-builder\RateBuilderLineCalculator.jsx,RateBuilderLineCalculator.jsx,components,71,is_output_driver,snake_case,object_key,readiness_field,rate-builder,"quantity: 4, is_output_driver: false, },"
components\rate-builder\RateBuilderLineCalculator.jsx,RateBuilderLineCalculator.jsx,components,865,is_output_driver,snake_case,snake_case_reference,readiness_field,rate-builder,"className={`rate-builder-charge-card ${ line.is_output_driver ? ""rate-builder-charge-card--selected"""
components\rate-builder\RateBuilderLineCalculator.jsx,RateBuilderLineCalculator.jsx,components,880,is_output_driver,snake_case,snake_case_reference,readiness_field,rate-builder,"className={`rate-builder-output-pill mt-2 ${ line.is_output_driver ? ""rate-builder-output-pill--selected"""
components\rate-builder\RateBuilderLineCalculator.jsx,RateBuilderLineCalculator.jsx,components,885,is_output_driver,snake_case,snake_case_reference,readiness_field,rate-builder,"> {line.is_output_driver ? ""Selected output driver"""
lib\calculations\rateBuilderCalculations.js,rateBuilderCalculations.js,lib,12,is_output_driver,snake_case,snake_case_reference,readiness_field,rate-builder,function get_output_driver_line(line_totals = []) { const selected_line = line_totals.find((line) => line.is_output_driver);
lib\calculations\rateBuilderCalculations.js,rateBuilderCalculations.js,lib,129,not_ready,snake_case,status_value,readiness_field,rate-builder,": ""shortfall"" : ""not_ready"";"
components\rate-builder\RateBuilderLineCalculator.jsx,RateBuilderLineCalculator.jsx,components,845,recovery_status,snake_case,snake_case_reference,status_field,rate-builder,"<p className=""ui-help""> Status: {recovery_preview.recovery_status} </p>"
lib\calculations\rateBuilderCalculations.js,rateBuilderCalculations.js,lib,122,recovery_status,snake_case,declaration,status_field,rate-builder,const recovery_status = safe_total_charge > 0 &&
lib\calculations\rateBuilderCalculations.js,rateBuilderCalculations.js,lib,141,recovery_status,snake_case,snake_case_reference,status_field,rate-builder,"profit_per_output_unit, recovery_status, };"
components\recovery-outcome\RecoveryOutcomeStatusStrip.jsx,RecoveryOutcomeStatusStrip.jsx,components,56,Warnings,PascalCase,object_key,warnings_field,recovery-outcome-legacy,"<Pill label={`Warnings: ${warning_count}`} tone={warning_count > 0 ? ""bad"" : ""good""}"
lib\calculations\recoveryOutcomeCalculations.js,recoveryOutcomeCalculations.js,lib,397,add_decision_warnings,snake_case,warning_id,warnings_field,recovery-outcome-legacy,"function add_decision_warnings({ decision_warnings,"
lib\calculations\recoveryOutcomeCalculations.js,recoveryOutcomeCalculations.js,lib,474,add_decision_warnings,snake_case,warning_id,warnings_field,recovery-outcome-legacy,"const decision_warnings = add_decision_warnings({ decision_warnings: base_warnings,"
lib\calculations\recoveryOutcomeCalculations.js,recoveryOutcomeCalculations.js,lib,28,allocation_not_ready,snake_case,object_key,readiness_field,recovery-outcome-legacy,"""Recovery Summary is not ready, so Business Outcome cannot issue a final verdict."", allocation_not_ready: ""Cost Allocation is not ready, so the delivery structure cannot be trusted yet."","
lib\calculations\recoveryOutcomeCalculations.js,recoveryOutcomeCalculations.js,lib,105,allocation_warnings,snake_case,warning_id,warnings_field,recovery-outcome-legacy,"), ...as_array(cost_allocation.allocation_warnings).map((warning) => normalise_warning(warning, ""Cost Allocation"")"
lib\calculations\recoveryOutcomeCalculations.js,recoveryOutcomeCalculations.js,lib,554,allocation_warnings,snake_case,object_key,warnings_field,recovery-outcome-legacy,"cost_allocation.allocation_dependency_type || ""unknown"", allocation_warnings: as_array(cost_allocation.allocation_warnings),"
lib\selectors\recoveryOutcomeSelectors.js,recoveryOutcomeSelectors.js,lib,80,allocation_warnings,snake_case,object_key,warnings_field,recovery-outcome-legacy,"allocation_dependency_type: outputs.allocation_dependency_type, allocation_warnings: outputs.allocation_warnings, structure_valid: outputs.structure_valid,"
lib\calculations\recoveryOutcomeCalculations.js,recoveryOutcomeCalculations.js,lib,469,base_warnings,snake_case,declaration,warnings_field,recovery-outcome-legacy,"const base_warnings = collect_warnings({ recovery_summary,"
lib\calculations\recoveryOutcomeCalculations.js,recoveryOutcomeCalculations.js,lib,475,base_warnings,snake_case,warning_id,warnings_field,recovery-outcome-legacy,"const decision_warnings = add_decision_warnings({ decision_warnings: base_warnings, primary_constraint_key: primary_constraint.key,"
lib\calculations\recoveryOutcomeCalculations.js,recoveryOutcomeCalculations.js,lib,467,business_outcome_status,snake_case,declaration,status_field,recovery-outcome-legacy,const outcome_status = primary_constraint.status; const business_outcome_status = outcome_status;
lib\calculations\recoveryOutcomeCalculations.js,recoveryOutcomeCalculations.js,lib,489,business_outcome_status,snake_case,snake_case_reference,status_field,recovery-outcome-legacy,"return { business_outcome_status, outcome_status,"
lib\selectors\recoveryOutcomeSelectors.js,recoveryOutcomeSelectors.js,lib,13,business_outcome_status,snake_case,object_key,status_field,recovery-outcome-legacy,"return { business_outcome_status: outputs.business_outcome_status ?? outputs.outcome_status ?? ""not_viable"","
lib\selectors\recoveryOutcomeSelectors.js,recoveryOutcomeSelectors.js,lib,14,business_outcome_status,snake_case,snake_case_reference,status_field,recovery-outcome-legacy,"business_outcome_status: outputs.business_outcome_status ?? outputs.outcome_status ?? ""not_viable"", outcome_status: outputs.outcome_status ?? ""not_viable"","
lib\selectors\recoveryOutcomeSelectors.js,recoveryOutcomeSelectors.js,lib,34,business_outcome_status,snake_case,object_key,status_field,recovery-outcome-legacy,"outcome_banner: { business_outcome_status: outputs.business_outcome_status, outcome_status: outputs.outcome_status,"
lib\calculations\recoveryOutcomeCalculations.js,recoveryOutcomeCalculations.js,lib,469,collect_warnings,snake_case,warning_id,warnings_field,recovery-outcome-legacy,"const base_warnings = collect_warnings({ recovery_summary,"
lib\calculations\recoveryOutcomeCalculations.js,recoveryOutcomeCalculations.js,lib,97,collect_warnings,snake_case,warning_id,warnings_field,recovery-outcome-legacy,"function collect_warnings({ recovery_summary = {}, cost_allocation = {} }) { return ["
lib\calculations\recoveryOutcomeCalculations.js,recoveryOutcomeCalculations.js,lib,398,decision_warnings,snake_case,warning_id,warnings_field,recovery-outcome-legacy,"function add_decision_warnings({ decision_warnings, primary_constraint_key,"
lib\calculations\recoveryOutcomeCalculations.js,recoveryOutcomeCalculations.js,lib,403,decision_warnings,snake_case,warning_id,warnings_field,recovery-outcome-legacy,}) { const warnings = [...decision_warnings];
lib\calculations\recoveryOutcomeCalculations.js,recoveryOutcomeCalculations.js,lib,474,decision_warnings,snake_case,declaration,warnings_field,recovery-outcome-legacy,"const decision_warnings = add_decision_warnings({ decision_warnings: base_warnings,"
lib\calculations\recoveryOutcomeCalculations.js,recoveryOutcomeCalculations.js,lib,475,decision_warnings,snake_case,object_key,warnings_field,recovery-outcome-legacy,"const decision_warnings = add_decision_warnings({ decision_warnings: base_warnings, primary_constraint_key: primary_constraint.key,"
lib\calculations\recoveryOutcomeCalculations.js,recoveryOutcomeCalculations.js,lib,598,decision_warnings,snake_case,warning_id,warnings_field,recovery-outcome-legacy,"business_model_health, decision_warnings, };"
lib\selectors\recoveryOutcomeSelectors.js,recoveryOutcomeSelectors.js,lib,101,decision_warnings,snake_case,warning_id,warnings_field,recovery-outcome-legacy,"warnings: outputs.decision_warnings ?? [], };"
lib\selectors\recoveryOutcomeSelectors.js,recoveryOutcomeSelectors.js,lib,25,decision_warnings,snake_case,warning_id,warnings_field,recovery-outcome-legacy,"dependency_level: outputs.dependency_level ?? ""unknown"", warning_count: Array.isArray(outputs.decision_warnings) ? outputs.decision_warnings.length"
lib\selectors\recoveryOutcomeSelectors.js,recoveryOutcomeSelectors.js,lib,26,decision_warnings,snake_case,warning_id,warnings_field,recovery-outcome-legacy,"warning_count: Array.isArray(outputs.decision_warnings) ? outputs.decision_warnings.length : 0,"
lib\calculations\recoveryOutcomeCalculations.js,recoveryOutcomeCalculations.js,lib,108,duplicate_link_warnings,snake_case,warning_id,warnings_field,recovery-outcome-legacy,"), ...as_array(cost_allocation.duplicate_link_warnings).map((warning) => normalise_warning(warning, ""Cost Allocation"")"
lib\calculations\recoveryOutcomeCalculations.js,recoveryOutcomeCalculations.js,lib,588,duplicate_link_warnings,snake_case,object_key,warnings_field,recovery-outcome-legacy,duplicate_link_warnings: as_array( cost_allocation.duplicate_link_warnings
lib\calculations\recoveryOutcomeCalculations.js,recoveryOutcomeCalculations.js,lib,589,duplicate_link_warnings,snake_case,warning_id,warnings_field,recovery-outcome-legacy,"duplicate_link_warnings: as_array( cost_allocation.duplicate_link_warnings ),"
lib\calculations\recoveryOutcomeCalculations.js,recoveryOutcomeCalculations.js,lib,114,group_validation_warnings,snake_case,warning_id,warnings_field,recovery-outcome-legacy,"), ...as_array(cost_allocation.group_validation_warnings).map((warning) => normalise_warning(warning, ""Cost Allocation"")"
lib\calculations\recoveryOutcomeCalculations.js,recoveryOutcomeCalculations.js,lib,592,group_validation_warnings,snake_case,object_key,warnings_field,recovery-outcome-legacy,"orphan_warnings: as_array(cost_allocation.orphan_warnings), group_validation_warnings: as_array( cost_allocation.group_validation_warnings"
lib\calculations\recoveryOutcomeCalculations.js,recoveryOutcomeCalculations.js,lib,593,group_validation_warnings,snake_case,warning_id,warnings_field,recovery-outcome-legacy,"group_validation_warnings: as_array( cost_allocation.group_validation_warnings ),"
lib\calculations\recoveryOutcomeCalculations.js,recoveryOutcomeCalculations.js,lib,120,is_blocked_trust_state,snake_case,warning_id,trust_state_field,recovery-outcome-legacy,function is_blocked_trust_state(model_trust_state) { if (model_trust_state === false) return true;
lib\calculations\recoveryOutcomeCalculations.js,recoveryOutcomeCalculations.js,lib,206,is_blocked_trust_state,snake_case,warning_id,trust_state_field,recovery-outcome-legacy,if (is_blocked_trust_state(model_trust_state)) { return {
lib\calculations\recoveryOutcomeCalculations.js,recoveryOutcomeCalculations.js,lib,138,is_material_negative,snake_case,snake_case_reference,readiness_field,recovery-outcome-legacy,function is_material_negative(value) { return to_number(value) < 0;
lib\calculations\recoveryOutcomeCalculations.js,recoveryOutcomeCalculations.js,lib,330,is_material_negative,snake_case,snake_case_reference,readiness_field,recovery-outcome-legacy,if (is_material_negative(net_position)) { return {
lib\calculations\recoveryOutcomeCalculations.js,recoveryOutcomeCalculations.js,lib,342,is_material_negative,snake_case,snake_case_reference,readiness_field,recovery-outcome-legacy,if (is_material_negative(recovery_gap_per_driver)) { return {
lib\calculations\recoveryOutcomeCalculations.js,recoveryOutcomeCalculations.js,lib,143,is_object,snake_case,snake_case_reference,readiness_field,recovery-outcome-legacy,function is_valid_recovery_plan_split(recovery_plan_split) { if (!is_object(recovery_plan_split)) return false;
lib\calculations\recoveryOutcomeCalculations.js,recoveryOutcomeCalculations.js,lib,155,is_object,snake_case,snake_case_reference,readiness_field,recovery-outcome-legacy,return ( is_object(component_required_recovery) && is_object(component_required_recovery.labour) &&
lib\calculations\recoveryOutcomeCalculations.js,recoveryOutcomeCalculations.js,lib,156,is_object,snake_case,snake_case_reference,readiness_field,recovery-outcome-legacy,is_object(component_required_recovery) && is_object(component_required_recovery.labour) && is_object(component_required_recovery.asset) &&
lib\calculations\recoveryOutcomeCalculations.js,recoveryOutcomeCalculations.js,lib,157,is_object,snake_case,snake_case_reference,readiness_field,recovery-outcome-legacy,is_object(component_required_recovery.labour) && is_object(component_required_recovery.asset) && is_object(component_required_recovery.overhead)
lib\calculations\recoveryOutcomeCalculations.js,recoveryOutcomeCalculations.js,lib,158,is_object,snake_case,snake_case_reference,readiness_field,recovery-outcome-legacy,is_object(component_required_recovery.asset) && is_object(component_required_recovery.overhead) );
lib\calculations\recoveryOutcomeCalculations.js,recoveryOutcomeCalculations.js,lib,18,is_object,snake_case,snake_case_reference,readiness_field,recovery-outcome-legacy,"function is_object(value) { return Boolean(value) && typeof value === ""object"" && !Array.isArray(value);"
lib\calculations\recoveryOutcomeCalculations.js,recoveryOutcomeCalculations.js,lib,74,is_object,snake_case,snake_case_reference,readiness_field,recovery-outcome-legacy,if (is_object(item)) { const warning_key =
lib\calculations\recoveryOutcomeCalculations.js,recoveryOutcomeCalculations.js,lib,134,is_ready_allocation,snake_case,snake_case_reference,readiness_field,recovery-outcome-legacy,"function is_ready_allocation(allocation_status) { return allocation_status === ""ready"";"
lib\calculations\recoveryOutcomeCalculations.js,recoveryOutcomeCalculations.js,lib,354,is_ready_allocation,snake_case,snake_case_reference,readiness_field,recovery-outcome-legacy,if (is_ready_allocation(allocation_status)) { return {
lib\calculations\recoveryOutcomeCalculations.js,recoveryOutcomeCalculations.js,lib,142,is_valid_recovery_plan_split,snake_case,snake_case_reference,readiness_field,recovery-outcome-legacy,function is_valid_recovery_plan_split(recovery_plan_split) { if (!is_object(recovery_plan_split)) return false;
lib\calculations\recoveryOutcomeCalculations.js,recoveryOutcomeCalculations.js,lib,233,is_valid_recovery_plan_split,snake_case,snake_case_reference,readiness_field,recovery-outcome-legacy,if (!is_valid_recovery_plan_split(recovery_plan_split)) { return {
lib\calculations\recoveryOutcomeCalculations.js,recoveryOutcomeCalculations.js,lib,111,orphan_warnings,snake_case,warning_id,warnings_field,recovery-outcome-legacy,"), ...as_array(cost_allocation.orphan_warnings).map((warning) => normalise_warning(warning, ""Cost Allocation"")"
lib\calculations\recoveryOutcomeCalculations.js,recoveryOutcomeCalculations.js,lib,591,orphan_warnings,snake_case,object_key,warnings_field,recovery-outcome-legacy,"), orphan_warnings: as_array(cost_allocation.orphan_warnings), group_validation_warnings: as_array("
components\recovery-outcome\RecoveryOutcomeMainCard.jsx,RecoveryOutcomeMainCard.jsx,components,66,outcome_status,snake_case,snake_case_reference,status_field,recovery-outcome-legacy,}) { const banner_tone = get_tone(outcome_banner.outcome_status);
components\recovery-outcome\RecoveryOutcomeMainCard.jsx,RecoveryOutcomeMainCard.jsx,components,80,outcome_status,snake_case,snake_case_reference,status_field,recovery-outcome-legacy,"<Pill label={outcome_banner.outcome_status || ""not_viable""} tone={banner_tone}"
components\recovery-outcome\RecoveryOutcomeStatusStrip.jsx,RecoveryOutcomeStatusStrip.jsx,components,36,outcome_status,snake_case,snake_case_reference,status_field,recovery-outcome-legacy,<Pill label={`Outcome: ${outcome_status}`} tone={outcome_status_tone}
components\recovery-outcome\RecoveryOutcomeStatusStrip.jsx,RecoveryOutcomeStatusStrip.jsx,components,8,outcome_status,snake_case,snake_case_reference,status_field,recovery-outcome-legacy,"export default function RecoveryOutcomeStatusStrip({ outcome_status = ""not_viable"", outcome_status_tone = ""bad"","
lib\calculations\recoveryOutcomeCalculations.js,recoveryOutcomeCalculations.js,lib,466,outcome_status,snake_case,declaration,status_field,recovery-outcome-legacy,const outcome_status = primary_constraint.status; const business_outcome_status = outcome_status;
lib\calculations\recoveryOutcomeCalculations.js,recoveryOutcomeCalculations.js,lib,467,outcome_status,snake_case,snake_case_reference,status_field,recovery-outcome-legacy,const outcome_status = primary_constraint.status; const business_outcome_status = outcome_status;
lib\calculations\recoveryOutcomeCalculations.js,recoveryOutcomeCalculations.js,lib,483,outcome_status,snake_case,snake_case_reference,status_field,recovery-outcome-legacy,"cost_allocation, status: outcome_status, });"
lib\calculations\recoveryOutcomeCalculations.js,recoveryOutcomeCalculations.js,lib,486,outcome_status,snake_case,snake_case_reference,status_field,recovery-outcome-legacy,const business_model_health = build_business_model_health(outcome_status);
lib\calculations\recoveryOutcomeCalculations.js,recoveryOutcomeCalculations.js,lib,490,outcome_status,snake_case,snake_case_reference,status_field,recovery-outcome-legacy,"business_outcome_status, outcome_status, outcome_title: primary_constraint.title,"
lib\selectors\recoveryOutcomeSelectors.js,recoveryOutcomeSelectors.js,lib,14,outcome_status,snake_case,snake_case_reference,status_field,recovery-outcome-legacy,"business_outcome_status: outputs.business_outcome_status ?? outputs.outcome_status ?? ""not_viable"", outcome_status: outputs.outcome_status ?? ""not_viable"","
lib\selectors\recoveryOutcomeSelectors.js,recoveryOutcomeSelectors.js,lib,15,outcome_status,snake_case,object_key,status_field,recovery-outcome-legacy,"outputs.business_outcome_status ?? outputs.outcome_status ?? ""not_viable"", outcome_status: outputs.outcome_status ?? ""not_viable"", outcome_status_tone: get_status_tone(outputs.outcome_status),"
lib\selectors\recoveryOutcomeSelectors.js,recoveryOutcomeSelectors.js,lib,16,outcome_status,snake_case,snake_case_reference,status_field,recovery-outcome-legacy,"outcome_status: outputs.outcome_status ?? ""not_viable"", outcome_status_tone: get_status_tone(outputs.outcome_status), primary_constraint_title:"
lib\selectors\recoveryOutcomeSelectors.js,recoveryOutcomeSelectors.js,lib,35,outcome_status,snake_case,object_key,status_field,recovery-outcome-legacy,"business_outcome_status: outputs.business_outcome_status, outcome_status: outputs.outcome_status, outcome_title: outputs.outcome_title,"
lib\selectors\recoveryOutcomeSelectors.js,recoveryOutcomeSelectors.js,lib,39,outcome_status,snake_case,snake_case_reference,status_field,recovery-outcome-legacy,"recommended_action: outputs.recommended_action, tone: get_status_tone(outputs.outcome_status), },"
app\recovery-outcome\page.jsx,page.jsx,app,24,status,plain,destructured_name,status_field,recovery-outcome-legacy,"const { status, card } = useRecoveryOutcome({ recovery_summary: recovery_summary_contract,"
hooks\useRecoveryOutcome.js,useRecoveryOutcome.js,hooks,19,status,plain,object_key,status_field,recovery-outcome-legacy,"return { status: buildRecoveryOutcomeStatus(outputs), card: buildRecoveryOutcomeCard(outputs),"
lib\calculations\recoveryOutcomeCalculations.js,recoveryOutcomeCalculations.js,lib,208,status,plain,object_key,status_field,recovery-outcome-legacy,"return { status: ""not_viable"", key: ""model_not_trusted"","
lib\calculations\recoveryOutcomeCalculations.js,recoveryOutcomeCalculations.js,lib,223,status,plain,object_key,status_field,recovery-outcome-legacy,"return { status: ""not_viable"", key: ""recovery_summary_not_ready"","
lib\calculations\recoveryOutcomeCalculations.js,recoveryOutcomeCalculations.js,lib,235,status,plain,object_key,status_field,recovery-outcome-legacy,"return { status: ""not_viable"", key: ""share_model_invalid"","
lib\calculations\recoveryOutcomeCalculations.js,recoveryOutcomeCalculations.js,lib,246,status,plain,object_key,status_field,recovery-outcome-legacy,"return { status: ""not_viable"", key: ""share_model_invalid"","
lib\calculations\recoveryOutcomeCalculations.js,recoveryOutcomeCalculations.js,lib,257,status,plain,object_key,status_field,recovery-outcome-legacy,"return { status: ""not_viable"", key: ""no_recoverable_base"","
lib\calculations\recoveryOutcomeCalculations.js,recoveryOutcomeCalculations.js,lib,268,status,plain,object_key,status_field,recovery-outcome-legacy,"return { status: ""not_viable"", key: ""allocation_not_supported"","
lib\calculations\recoveryOutcomeCalculations.js,recoveryOutcomeCalculations.js,lib,279,status,plain,object_key,status_field,recovery-outcome-legacy,"return { status: ""not_viable"", key: ""allocation_not_supported"","
lib\calculations\recoveryOutcomeCalculations.js,recoveryOutcomeCalculations.js,lib,296,status,plain,object_key,status_field,recovery-outcome-legacy,"return { status: ""at_risk"", key: ""asset_strategy_without_assets"","
lib\calculations\recoveryOutcomeCalculations.js,recoveryOutcomeCalculations.js,lib,308,status,plain,object_key,status_field,recovery-outcome-legacy,"return { status: ""viable_with_dependency"", key: ""external_delivery_dependency"","
lib\calculations\recoveryOutcomeCalculations.js,recoveryOutcomeCalculations.js,lib,320,status,plain,object_key,status_field,recovery-outcome-legacy,"return { status: ""at_risk"", key: ""weak_structure"","
lib\calculations\recoveryOutcomeCalculations.js,recoveryOutcomeCalculations.js,lib,332,status,plain,object_key,status_field,recovery-outcome-legacy,"return { status: ""at_risk"", key: ""negative_net_position"","
lib\calculations\recoveryOutcomeCalculations.js,recoveryOutcomeCalculations.js,lib,344,status,plain,object_key,status_field,recovery-outcome-legacy,"return { status: ""at_risk"", key: ""recovery_gap_negative"","
lib\calculations\recoveryOutcomeCalculations.js,recoveryOutcomeCalculations.js,lib,356,status,plain,object_key,status_field,recovery-outcome-legacy,"return { status: ""viable"", key: ""healthy"","
lib\calculations\recoveryOutcomeCalculations.js,recoveryOutcomeCalculations.js,lib,367,status,plain,object_key,status_field,recovery-outcome-legacy,"return { status: ""at_risk"", key: ""unknown"","
lib\calculations\recoveryOutcomeCalculations.js,recoveryOutcomeCalculations.js,lib,483,status,plain,object_key,status_field,recovery-outcome-legacy,"cost_allocation, status: outcome_status, });"
lib\calculations\recoveryOutcomeCalculations.js,recoveryOutcomeCalculations.js,lib,403,warnings,plain,declaration,warnings_field,recovery-outcome-legacy,}) { const warnings = [...decision_warnings];
lib\selectors\recoveryOutcomeSelectors.js,recoveryOutcomeSelectors.js,lib,101,warnings,plain,object_key,warnings_field,recovery-outcome-legacy,"warnings: outputs.decision_warnings ?? [], };"
lib\recovery\recoveryRiskWarningSystem.js,recoveryRiskWarningSystem.js,lib,147,blocking_warnings,snake_case,declaration,warnings_field,recovery-summary,const blocking_warnings = sorted_warnings.filter( (warning) => warning.severity === WARNING_SEVERITY.BLOCKING
lib\recovery\recoveryRiskWarningSystem.js,recoveryRiskWarningSystem.js,lib,160,blocking_warnings,snake_case,warning_id,warnings_field,recovery-summary,const primary_warning = blocking_warnings[0] || review_warnings[0] || info_warnings[0] || null;
lib\recovery\recoveryRiskWarningSystem.js,recoveryRiskWarningSystem.js,lib,173,blocking_warnings,snake_case,warning_id,warnings_field,recovery-summary,"has_primary_warning: Boolean(primary_warning), has_blocking_warning: blocking_warnings.length > 0, has_review_warning: review_warnings.length > 0,"
lib\recovery\recoveryRiskWarningSystem.js,recoveryRiskWarningSystem.js,lib,175,blocking_warnings,snake_case,warning_id,warnings_field,recovery-summary,"has_review_warning: review_warnings.length > 0, blocking_warning_count: blocking_warnings.length, review_warning_count: review_warnings.length,"
hooks\useRecoverySummary.js,useRecoverySummary.js,hooks,227,cascade_recovery_warnings,snake_case,object_key,warnings_field,recovery-summary,"primary_recovery_warning: card.primary_recovery_warning, cascade_recovery_warnings: card.cascade_recovery_warnings, recovery_failure_path: card.recovery_failure_path,"
lib\recovery\recoveryRiskWarningSystem.js,recoveryRiskWarningSystem.js,lib,600,cascade_recovery_warnings,snake_case,object_key,warnings_field,recovery-summary,"primary_recovery_warning: hierarchy.primary_warning, cascade_recovery_warnings: hierarchy.cascade_warnings, recovery_failure_path: hierarchy.recovery_failure_path,"
lib\selectors\recoverySummarySelectors.js,recoverySummarySelectors.js,lib,685,cascade_recovery_warnings,snake_case,object_key,warnings_field,recovery-summary,"cascade_recovery_warnings: recovery_warning_system.cascade_recovery_warnings ?? [],"
lib\selectors\recoverySummarySelectors.js,recoverySummarySelectors.js,lib,686,cascade_recovery_warnings,snake_case,warning_id,warnings_field,recovery-summary,"cascade_recovery_warnings: recovery_warning_system.cascade_recovery_warnings ?? [],"
lib\recovery\recoveryRiskWarningSystem.js,recoveryRiskWarningSystem.js,lib,162,cascade_warnings,snake_case,declaration,warnings_field,recovery-summary,const cascade_warnings = primary_warning ? sorted_warnings.filter(
lib\recovery\recoveryRiskWarningSystem.js,recoveryRiskWarningSystem.js,lib,170,cascade_warnings,snake_case,warning_id,warnings_field,recovery-summary,"primary_warning, cascade_warnings, recovery_failure_path: sorted_warnings,"
lib\recovery\recoveryRiskWarningSystem.js,recoveryRiskWarningSystem.js,lib,600,cascade_warnings,snake_case,warning_id,warnings_field,recovery-summary,"primary_recovery_warning: hierarchy.primary_warning, cascade_recovery_warnings: hierarchy.cascade_warnings, recovery_failure_path: hierarchy.recovery_failure_path,"
components\recovery-summary\RecoverySummaryMainCard.jsx,RecoverySummaryMainCard.jsx,components,13,get_model_confidence_warnings,snake_case,warning_id,warnings_field,recovery-summary,"get_commercial_failure_path, get_model_confidence_warnings, get_primary_commercial_warning,"
components\recovery-summary\RecoverySummaryMainCard.jsx,RecoverySummaryMainCard.jsx,components,147,get_model_confidence_warnings,snake_case,warning_id,warnings_field,recovery-summary,const model_confidence_warnings = get_model_confidence_warnings(recovery_failure_path);
components\recovery-summary\main-card\recoverySummaryWarningHelpers.js,recoverySummaryWarningHelpers.js,components,21,get_model_confidence_warnings,snake_case,warning_id,warnings_field,recovery-summary,export function get_model_confidence_warnings(recovery_failure_path = []) { const rows = Array.isArray(recovery_failure_path)
components\recovery-summary\main-card\recoverySummaryWarningHelpers.js,recoverySummaryWarningHelpers.js,components,30,get_model_confidence_warnings,snake_case,warning_id,warnings_field,recovery-summary,export function has_model_confidence_warning(recovery_failure_path = []) { return get_model_confidence_warnings(recovery_failure_path).length > 0; }
hooks\useRecoverySummary.js,useRecoverySummary.js,hooks,167,gross_profit_source_status,snake_case,object_key,status_field,recovery-summary,"gross_profit: calculated.gross_profit, gross_profit_source_status: calculated.gross_profit_source_status, material_margin_status: calculated.material_margin_status,"
lib\calculations\recoverySummaryCalculations.js,recoverySummaryCalculations.js,lib,643,gross_profit_source_status,snake_case,declaration,status_field,recovery-summary,"const gross_profit_source_status = ""revenue_cogs""; const material_margin_status ="
lib\calculations\recoverySummaryCalculations.js,recoverySummaryCalculations.js,lib,963,gross_profit_source_status,snake_case,snake_case_reference,status_field,recovery-summary,"gross_profit_source_status, material_margin_status,"
lib\selectors\recoverySummarySelectors.js,recoverySummarySelectors.js,lib,258,gross_profit_source_status,snake_case,snake_case_reference,status_field,recovery-summary,"calculated.material_margin_status !== ""verified"" && calculated.gross_profit_source_status !== ""trusted"" ) {"
lib\selectors\recoverySummarySelectors.js,recoverySummarySelectors.js,lib,649,gross_profit_source_status,snake_case,object_key,status_field,recovery-summary,"gross_profit_source_status: calculated.gross_profit_source_status ?? ""pending_live_feedback"","
lib\selectors\recoverySummarySelectors.js,recoverySummarySelectors.js,lib,650,gross_profit_source_status,snake_case,snake_case_reference,status_field,recovery-summary,"gross_profit_source_status: calculated.gross_profit_source_status ?? ""pending_live_feedback"", material_margin_status: calculated.material_margin_status ?? ""not_selected"","
lib\selectors\recoverySummarySelectors.js,recoverySummarySelectors.js,lib,289,has_blocking_driver,snake_case,declaration,readiness_field,recovery-summary,"const has_blocking_driver = (calculated.warnings ?? []).includes(""no_activity_driver"") ||"
lib\selectors\recoverySummarySelectors.js,recoverySummarySelectors.js,lib,301,has_blocking_driver,snake_case,snake_case_reference,readiness_field,recovery-summary,"const recovery_summary_status = has_blocking_driver || has_blocking_warning ? ""blocked"""
hooks\useRecoverySummary.js,useRecoverySummary.js,hooks,230,has_blocking_recovery_warning,snake_case,object_key,readiness_field,recovery-summary,"has_primary_recovery_warning: card.has_primary_recovery_warning, has_blocking_recovery_warning: card.has_blocking_recovery_warning, has_review_recovery_warning: card.has_review_recovery_warning,"
lib\recovery\recoveryRiskWarningSystem.js,recoveryRiskWarningSystem.js,lib,603,has_blocking_recovery_warning,snake_case,object_key,readiness_field,recovery-summary,"has_primary_recovery_warning: hierarchy.has_primary_warning, has_blocking_recovery_warning: hierarchy.has_blocking_warning, has_review_recovery_warning: hierarchy.has_review_warning,"
lib\selectors\recoverySummarySelectors.js,recoverySummarySelectors.js,lib,694,has_blocking_recovery_warning,snake_case,object_key,readiness_field,recovery-summary,"has_blocking_recovery_warning: recovery_warning_system.has_blocking_recovery_warning === true,"
lib\selectors\recoverySummarySelectors.js,recoverySummarySelectors.js,lib,695,has_blocking_recovery_warning,snake_case,warning_id,readiness_field,recovery-summary,"has_blocking_recovery_warning: recovery_warning_system.has_blocking_recovery_warning === true,"
lib\recovery\recoveryRiskWarningSystem.js,recoveryRiskWarningSystem.js,lib,114,has_blocking_share_warnings,snake_case,object_key,warnings_field,recovery-summary,"info_share_warning_count, has_blocking_share_warnings: blocking_share_warning_count > 0, has_review_share_warnings: review_share_warning_count > 0,"
lib\recovery\recoveryRiskWarningSystem.js,recoveryRiskWarningSystem.js,lib,173,has_blocking_warning,snake_case,object_key,readiness_field,recovery-summary,"has_primary_warning: Boolean(primary_warning), has_blocking_warning: blocking_warnings.length > 0, has_review_warning: review_warnings.length > 0,"
lib\recovery\recoveryRiskWarningSystem.js,recoveryRiskWarningSystem.js,lib,603,has_blocking_warning,snake_case,warning_id,readiness_field,recovery-summary,"has_primary_recovery_warning: hierarchy.has_primary_warning, has_blocking_recovery_warning: hierarchy.has_blocking_warning, has_review_recovery_warning: hierarchy.has_review_warning,"
lib\selectors\recoverySummarySelectors.js,recoverySummarySelectors.js,lib,293,has_blocking_warning,snake_case,declaration,readiness_field,recovery-summary,const has_blocking_warning = warning_items.some((warning) => blocking_warning_keys.has(warning.warning_key)
lib\selectors\recoverySummarySelectors.js,recoverySummarySelectors.js,lib,298,has_blocking_warning,snake_case,warning_id,readiness_field,recovery-summary,const has_commercial_warnings = warning_items.length > 0 && !has_blocking_warning;
lib\selectors\recoverySummarySelectors.js,recoverySummarySelectors.js,lib,301,has_blocking_warning,snake_case,warning_id,readiness_field,recovery-summary,"const recovery_summary_status = has_blocking_driver || has_blocking_warning ? ""blocked"""
lib\selectors\recoverySummarySelectors.js,recoverySummarySelectors.js,lib,352,has_blocking_warning,snake_case,warning_id,readiness_field,recovery-summary,"recovery_summary_usable: recovery_summary_ready, has_blocking_warnings: has_blocking_warning, has_commercial_warnings,"
lib\selectors\recoverySummarySelectors.js,recoverySummarySelectors.js,lib,352,has_blocking_warnings,snake_case,object_key,warnings_field,recovery-summary,"recovery_summary_usable: recovery_summary_ready, has_blocking_warnings: has_blocking_warning, has_commercial_warnings,"
components\recovery-summary\main-card\recoverySummaryWarningHelpers.js,recoverySummaryWarningHelpers.js,components,51,has_commercial_blocking_warning,snake_case,warning_id,readiness_field,recovery-summary,export function has_commercial_blocking_warning(recovery_failure_path = []) { return get_commercial_failure_path(recovery_failure_path).some(
components\recovery-summary\main-card\recoverySummaryWarningHelpers.js,recoverySummaryWarningHelpers.js,components,69,has_commercial_blocking_warning,snake_case,warning_id,readiness_field,recovery-summary,"if (has_commercial_blocking_warning(recovery_failure_path)) { return ""Not recoverable"";"
components\recovery-summary\main-card\recoverySummaryWarningHelpers.js,recoverySummaryWarningHelpers.js,components,63,has_commercial_failure,snake_case,declaration,readiness_field,recovery-summary,}) { const has_commercial_failure = get_commercial_failure_path(recovery_failure_path).length > 0;
components\recovery-summary\main-card\recoverySummaryWarningHelpers.js,recoverySummaryWarningHelpers.js,components,77,has_commercial_failure,snake_case,snake_case_reference,readiness_field,recovery-summary,"if (!has_commercial_failure && has_confidence_warning) { return ""Provisional"";"
lib\selectors\recoverySummarySelectors.js,recoverySummarySelectors.js,lib,297,has_commercial_warnings,snake_case,declaration,warnings_field,recovery-summary,const has_commercial_warnings = warning_items.length > 0 && !has_blocking_warning;
lib\selectors\recoverySummarySelectors.js,recoverySummarySelectors.js,lib,353,has_commercial_warnings,snake_case,warning_id,warnings_field,recovery-summary,"has_blocking_warnings: has_blocking_warning, has_commercial_warnings,"
lib\calculations\recoveryOutcomeCalculations.js,recoveryOutcomeCalculations.js,lib,153,has_component_required_recovery,snake_case,warning_id,readiness_field,recovery-summary,function has_component_required_recovery(component_required_recovery) { return (
lib\calculations\recoveryOutcomeCalculations.js,recoveryOutcomeCalculations.js,lib,244,has_component_required_recovery,snake_case,warning_id,readiness_field,recovery-summary,if (!has_component_required_recovery(component_required_recovery)) { return {
components\recovery-summary\main-card\recoverySummaryWarningHelpers.js,recoverySummaryWarningHelpers.js,components,66,has_confidence_warning,snake_case,declaration,readiness_field,recovery-summary,const has_confidence_warning = has_model_confidence_warning(recovery_failure_path);
components\recovery-summary\main-card\recoverySummaryWarningHelpers.js,recoverySummaryWarningHelpers.js,components,77,has_confidence_warning,snake_case,warning_id,readiness_field,recovery-summary,"if (!has_commercial_failure && has_confidence_warning) { return ""Provisional"";"
components\recovery-summary\RecoverySummaryNoteDrilldown.jsx,RecoverySummaryNoteDrilldown.jsx,components,119,has_failure_path,snake_case,declaration,readiness_field,recovery-summary,}) { const has_failure_path = Array.isArray(recovery_failure_path) && recovery_failure_path.length > 0;
components\recovery-summary\RecoverySummaryNoteDrilldown.jsx,RecoverySummaryNoteDrilldown.jsx,components,122,has_failure_path,snake_case,snake_case_reference,readiness_field,recovery-summary,const failure_rows = has_failure_path ? recovery_failure_path : [];
components\recovery-summary\RecoverySummaryNoteDrilldown.jsx,RecoverySummaryNoteDrilldown.jsx,components,124,has_failure_path,snake_case,snake_case_reference,readiness_field,recovery-summary,"const initial_failure_id = has_failure_path ? get_warning_id(failure_rows[0], 0)"
components\recovery-summary\RecoverySummaryNoteDrilldown.jsx,RecoverySummaryNoteDrilldown.jsx,components,150,has_failure_path,snake_case,snake_case_reference,readiness_field,recovery-summary,if (has_failure_path) { return (
lib\calculations\recoverySummaryCalculations.js,recoverySummaryCalculations.js,lib,149,has_material_recovery_base,snake_case,declaration,readiness_field,recovery-summary,const has_material_recovery_base = to_number(total_direct_costs) > 0;
lib\calculations\recoverySummaryCalculations.js,recoverySummaryCalculations.js,lib,157,has_material_recovery_base,snake_case,snake_case_reference,readiness_field,recovery-summary,const material_basis = has_material_recovery_base ? to_number(total_direct_costs)
lib\calculations\recoverySummaryCalculations.js,recoverySummaryCalculations.js,lib,170,has_material_recovery_base,snake_case,snake_case_reference,readiness_field,recovery-summary,has_asset_recovery_base && has_material_recovery_base ) {
lib\calculations\recoverySummaryCalculations.js,recoverySummaryCalculations.js,lib,182,has_material_recovery_base,snake_case,snake_case_reference,readiness_field,recovery-summary,if (has_labour_recovery_base && has_material_recovery_base) { return {
lib\calculations\recoverySummaryCalculations.js,recoverySummaryCalculations.js,lib,204,has_material_recovery_base,snake_case,snake_case_reference,readiness_field,recovery-summary,if (has_asset_recovery_base && has_material_recovery_base) { return {
lib\calculations\recoverySummaryCalculations.js,recoverySummaryCalculations.js,lib,215,has_material_recovery_base,snake_case,snake_case_reference,readiness_field,recovery-summary,if (has_material_recovery_base) { return {
components\recovery-summary\main-card\recoverySummaryWarningHelpers.js,recoverySummaryWarningHelpers.js,components,29,has_model_confidence_warning,snake_case,warning_id,readiness_field,recovery-summary,export function has_model_confidence_warning(recovery_failure_path = []) { return get_model_confidence_warnings(recovery_failure_path).length > 0;
components\recovery-summary\main-card\recoverySummaryWarningHelpers.js,recoverySummaryWarningHelpers.js,components,67,has_model_confidence_warning,snake_case,warning_id,readiness_field,recovery-summary,const has_confidence_warning = has_model_confidence_warning(recovery_failure_path);
hooks\useRecoverySummary.js,useRecoverySummary.js,hooks,229,has_primary_recovery_warning,snake_case,object_key,readiness_field,recovery-summary,"recovery_failure_path: card.recovery_failure_path, has_primary_recovery_warning: card.has_primary_recovery_warning, has_blocking_recovery_warning: card.has_blocking_recovery_warning,"
lib\recovery\recoveryRiskWarningSystem.js,recoveryRiskWarningSystem.js,lib,602,has_primary_recovery_warning,snake_case,object_key,readiness_field,recovery-summary,"recovery_failure_path: hierarchy.recovery_failure_path, has_primary_recovery_warning: hierarchy.has_primary_warning, has_blocking_recovery_warning: hierarchy.has_blocking_warning,"
lib\selectors\recoverySummarySelectors.js,recoverySummarySelectors.js,lib,691,has_primary_recovery_warning,snake_case,object_key,readiness_field,recovery-summary,"has_primary_recovery_warning: recovery_warning_system.has_primary_recovery_warning === true,"
lib\selectors\recoverySummarySelectors.js,recoverySummarySelectors.js,lib,692,has_primary_recovery_warning,snake_case,warning_id,readiness_field,recovery-summary,"has_primary_recovery_warning: recovery_warning_system.has_primary_recovery_warning === true,"
lib\recovery\recoveryRiskWarningSystem.js,recoveryRiskWarningSystem.js,lib,172,has_primary_warning,snake_case,object_key,readiness_field,recovery-summary,"recovery_failure_path: sorted_warnings, has_primary_warning: Boolean(primary_warning), has_blocking_warning: blocking_warnings.length > 0,"
lib\recovery\recoveryRiskWarningSystem.js,recoveryRiskWarningSystem.js,lib,602,has_primary_warning,snake_case,warning_id,readiness_field,recovery-summary,"recovery_failure_path: hierarchy.recovery_failure_path, has_primary_recovery_warning: hierarchy.has_primary_warning, has_blocking_recovery_warning: hierarchy.has_blocking_warning,"
components\recovery-summary\RecoverySummaryRequirementBlock.jsx,RecoverySummaryRequirementBlock.jsx,components,59,has_recovery_shortfall,snake_case,declaration,readiness_field,recovery-summary,const has_recovery_shortfall = Number(profit_or_deficit_per_recovery_hour ?? 0) < 0;
components\recovery-summary\RecoverySummaryRequirementBlock.jsx,RecoverySummaryRequirementBlock.jsx,components,65,has_recovery_shortfall,snake_case,warning_id,readiness_field,recovery-summary,const recovery_result_text = has_recovery_shortfall ? `The business is currently ${format_rate(
components\recovery-summary\RecoverySummaryRequirementBlock.jsx,RecoverySummaryRequirementBlock.jsx,components,62,has_recovery_surplus,snake_case,declaration,readiness_field,recovery-summary,const has_recovery_surplus = Number(profit_or_deficit_per_recovery_hour ?? 0) > 0;
components\recovery-summary\RecoverySummaryRequirementBlock.jsx,RecoverySummaryRequirementBlock.jsx,components,70,has_recovery_surplus,snake_case,snake_case_reference,readiness_field,recovery-summary,)} below the required recovery rate.` : has_recovery_surplus ? `The business is currently ${format_rate(
hooks\useRecoverySummary.js,useRecoverySummary.js,hooks,231,has_review_recovery_warning,snake_case,object_key,readiness_field,recovery-summary,"has_blocking_recovery_warning: card.has_blocking_recovery_warning, has_review_recovery_warning: card.has_review_recovery_warning, blocking_recovery_warning_count: card.blocking_recovery_warning_count,"
lib\recovery\recoveryRiskWarningSystem.js,recoveryRiskWarningSystem.js,lib,604,has_review_recovery_warning,snake_case,object_key,readiness_field,recovery-summary,"has_blocking_recovery_warning: hierarchy.has_blocking_warning, has_review_recovery_warning: hierarchy.has_review_warning, blocking_recovery_warning_count: hierarchy.blocking_warning_count,"
lib\selectors\recoverySummarySelectors.js,recoverySummarySelectors.js,lib,697,has_review_recovery_warning,snake_case,object_key,readiness_field,recovery-summary,"has_review_recovery_warning: recovery_warning_system.has_review_recovery_warning === true,"
lib\selectors\recoverySummarySelectors.js,recoverySummarySelectors.js,lib,698,has_review_recovery_warning,snake_case,warning_id,readiness_field,recovery-summary,"has_review_recovery_warning: recovery_warning_system.has_review_recovery_warning === true,"
lib\recovery\recoveryRiskWarningSystem.js,recoveryRiskWarningSystem.js,lib,115,has_review_share_warnings,snake_case,object_key,warnings_field,recovery-summary,"has_blocking_share_warnings: blocking_share_warning_count > 0, has_review_share_warnings: review_share_warning_count > 0, share_warning_rows: rows,"
lib\recovery\recoveryRiskWarningSystem.js,recoveryRiskWarningSystem.js,lib,174,has_review_warning,snake_case,object_key,readiness_field,recovery-summary,"has_blocking_warning: blocking_warnings.length > 0, has_review_warning: review_warnings.length > 0, blocking_warning_count: blocking_warnings.length,"
lib\recovery\recoveryRiskWarningSystem.js,recoveryRiskWarningSystem.js,lib,604,has_review_warning,snake_case,warning_id,readiness_field,recovery-summary,"has_blocking_recovery_warning: hierarchy.has_blocking_warning, has_review_recovery_warning: hierarchy.has_review_warning, blocking_recovery_warning_count: hierarchy.blocking_warning_count,"
lib\calculations\recoverySummaryCalculations.js,recoverySummaryCalculations.js,lib,517,has_valid_product_result,snake_case,declaration,readiness_field,recovery-summary,is_numeric_input(input.margin_pool); const has_valid_product_result = is_product_based &&
lib\calculations\recoverySummaryCalculations.js,recoverySummaryCalculations.js,lib,739,has_valid_product_result,snake_case,snake_case_reference,readiness_field,recovery-summary,!has_valid_recovery_hour_result && !has_valid_product_result ) {
lib\calculations\recoverySummaryCalculations.js,recoverySummaryCalculations.js,lib,510,has_valid_recovery_hour_result,snake_case,declaration,readiness_field,recovery-summary,const has_valid_recovery_hour_result = recovery_hours_used > 0 &&
lib\calculations\recoverySummaryCalculations.js,recoverySummaryCalculations.js,lib,738,has_valid_recovery_hour_result,snake_case,snake_case_reference,readiness_field,recovery-summary,!business_summary_ready && !has_valid_recovery_hour_result && !has_valid_product_result
lib\recovery\recoveryRiskWarningSystem.js,recoveryRiskWarningSystem.js,lib,155,info_warnings,snake_case,declaration,warnings_field,recovery-summary,const info_warnings = sorted_warnings.filter( (warning) => warning.severity === WARNING_SEVERITY.INFO
lib\recovery\recoveryRiskWarningSystem.js,recoveryRiskWarningSystem.js,lib,160,info_warnings,snake_case,warning_id,warnings_field,recovery-summary,const primary_warning = blocking_warnings[0] || review_warnings[0] || info_warnings[0] || null;
lib\recovery\recoveryRiskWarningSystem.js,recoveryRiskWarningSystem.js,lib,177,info_warnings,snake_case,warning_id,warnings_field,recovery-summary,"review_warning_count: review_warnings.length, info_warning_count: info_warnings.length, warning_count: sorted_warnings.length,"
components\recovery-summary\RecoverySummaryCalculationTable.jsx,RecoverySummaryCalculationTable.jsx,components,12,is_clickable,snake_case,snake_case_reference,readiness_field,recovery-summary,"<div className=""ui-stack-sm""> {is_clickable ? ( <button"
components\recovery-summary\RecoverySummaryCalculationTable.jsx,RecoverySummaryCalculationTable.jsx,components,8,is_clickable,snake_case,declaration,readiness_field,recovery-summary,"function CalculationRow({ row, active, onClick, values }) { const is_clickable = Boolean(row.drilldown_key);"
components\recovery-summary\RecoverySummaryUnassignedCheckBlock.jsx,RecoverySummaryUnassignedCheckBlock.jsx,components,11,is_fully_assigned,snake_case,snake_case_reference,readiness_field,recovery-summary,"const summary = is_fully_assigned ? ""Fully assigned"""
components\recovery-summary\RecoverySummaryUnassignedCheckBlock.jsx,RecoverySummaryUnassignedCheckBlock.jsx,components,19,is_fully_assigned,snake_case,snake_case_reference,readiness_field,recovery-summary,"const resolved_title = is_fully_assigned ? ""Starting recovery model is fully assigned"""
components\recovery-summary\RecoverySummaryUnassignedCheckBlock.jsx,RecoverySummaryUnassignedCheckBlock.jsx,components,23,is_fully_assigned,snake_case,snake_case_reference,readiness_field,recovery-summary,"const resolved_message = is_fully_assigned ? ""The starting recovery model is fully assigned based on current inputs. Asset recovery is not yet included unless productive asset utilisation can support it."""
components\recovery-summary\RecoverySummaryUnassignedCheckBlock.jsx,RecoverySummaryUnassignedCheckBlock.jsx,components,61,is_fully_assigned,snake_case,snake_case_reference,readiness_field,recovery-summary,"{is_fully_assigned ? ( <div className=""ui-readonly"">"
components\recovery-summary\RecoverySummaryUnassignedCheckBlock.jsx,RecoverySummaryUnassignedCheckBlock.jsx,components,9,is_fully_assigned,snake_case,declaration,readiness_field,recovery-summary,"}) { const is_fully_assigned = overhead_absorption_level === ""none"";"
lib\selectors\recoverySummarySelectors.js,recoverySummarySelectors.js,lib,254,is_material_recovery_clean,snake_case,snake_case_reference,readiness_field,recovery-summary,function is_material_recovery_clean(calculated = {}) { if (
lib\selectors\recoverySummarySelectors.js,recoverySummarySelectors.js,lib,474,is_material_recovery_clean,snake_case,snake_case_reference,readiness_field,recovery-summary,"asset_recovery_clean: is_asset_recovery_clean(calculated), material_recovery_clean: is_material_recovery_clean(calculated),"
components\recovery-summary\main-card\recoverySummaryWarningHelpers.js,recoverySummaryWarningHelpers.js,components,18,is_model_confidence_warning,snake_case,warning_id,readiness_field,recovery-summary,return rows.filter((warning) => !is_model_confidence_warning(warning)); }
components\recovery-summary\main-card\recoverySummaryWarningHelpers.js,recoverySummaryWarningHelpers.js,components,26,is_model_confidence_warning,snake_case,warning_id,readiness_field,recovery-summary,return rows.filter((warning) => is_model_confidence_warning(warning)); }
components\recovery-summary\main-card\recoverySummaryWarningHelpers.js,recoverySummaryWarningHelpers.js,components,39,is_model_confidence_warning,snake_case,warning_id,readiness_field,recovery-summary,primary_recovery_warning && !is_model_confidence_warning(primary_recovery_warning) ) {
components\recovery-summary\main-card\recoverySummaryWarningHelpers.js,recoverySummaryWarningHelpers.js,components,7,is_model_confidence_warning,snake_case,warning_id,readiness_field,recovery-summary,export function is_model_confidence_warning(warning = {}) { return MODEL_CONFIDENCE_WARNING_IDS.has(
app\recovery-summary\page.jsx,page.jsx,app,11,is_mounted,snake_case,array_destructured_name,readiness_field,recovery-summary,"export default function RecoverySummaryPage() { const [is_mounted, set_is_mounted] = useState(false);"
app\recovery-summary\page.jsx,page.jsx,app,19,is_mounted,snake_case,snake_case_reference,readiness_field,recovery-summary,if (!is_mounted) { return null;
lib\calculations\recoverySummaryCalculations.js,recoverySummaryCalculations.js,lib,471,is_numeric_input,snake_case,snake_case_reference,readiness_field,recovery-summary,const margin_per_unit = margin_per_unit_input > 0 || is_numeric_input(input.margin_per_unit) ? margin_per_unit_input
lib\calculations\recoverySummaryCalculations.js,recoverySummaryCalculations.js,lib,514,is_numeric_input,snake_case,snake_case_reference,readiness_field,recovery-summary,total_cost_burden > 0 && is_numeric_input(input.actual_recovery_rate) && is_numeric_input(input.profit_or_deficit_per_recovery_hour) &&
lib\calculations\recoverySummaryCalculations.js,recoverySummaryCalculations.js,lib,515,is_numeric_input,snake_case,snake_case_reference,readiness_field,recovery-summary,is_numeric_input(input.actual_recovery_rate) && is_numeric_input(input.profit_or_deficit_per_recovery_hour) && is_numeric_input(input.margin_pool);
lib\calculations\recoverySummaryCalculations.js,recoverySummaryCalculations.js,lib,516,is_numeric_input,snake_case,snake_case_reference,readiness_field,recovery-summary,is_numeric_input(input.profit_or_deficit_per_recovery_hour) && is_numeric_input(input.margin_pool); const has_valid_product_result =
lib\calculations\recoverySummaryCalculations.js,recoverySummaryCalculations.js,lib,521,is_numeric_input,snake_case,snake_case_reference,readiness_field,recovery-summary,total_cost_burden > 0 && is_numeric_input(margin_per_unit) && is_numeric_input(unit_surplus_or_shortfall) &&
lib\calculations\recoverySummaryCalculations.js,recoverySummaryCalculations.js,lib,522,is_numeric_input,snake_case,snake_case_reference,readiness_field,recovery-summary,is_numeric_input(margin_per_unit) && is_numeric_input(unit_surplus_or_shortfall) && is_numeric_input(input.margin_pool);
lib\calculations\recoverySummaryCalculations.js,recoverySummaryCalculations.js,lib,523,is_numeric_input,snake_case,snake_case_reference,readiness_field,recovery-summary,is_numeric_input(unit_surplus_or_shortfall) && is_numeric_input(input.margin_pool);
lib\calculations\recoverySummaryCalculations.js,recoverySummaryCalculations.js,lib,8,is_numeric_input,snake_case,snake_case_reference,readiness_field,recovery-summary,"function is_numeric_input(value) { if (value === """" || value === null || value === undefined) {"
components\recovery-summary\RecoverySummaryNoteDrilldown.jsx,RecoverySummaryNoteDrilldown.jsx,components,173,is_primary,snake_case,declaration,readiness_field,recovery-summary,"const warning_id = get_warning_id(warning, index); const is_primary = primary_recovery_warning?.warning_id === warning.warning_id ||"
components\recovery-summary\RecoverySummaryNoteDrilldown.jsx,RecoverySummaryNoteDrilldown.jsx,components,187,is_primary,snake_case,snake_case_reference,readiness_field,recovery-summary,"<p className=""ui-label""> {is_primary ? ""Primary failure"" : `Step ${index + 1}`} </p>"
components\recovery-summary\RecoverySummaryMainCard.jsx,RecoverySummaryMainCard.jsx,components,122,is_product_based,snake_case,snake_case_reference,readiness_field,recovery-summary,"recovery_mode, is_product_based, activity_driver_type,"
components\recovery-summary\RecoverySummaryMainCard.jsx,RecoverySummaryMainCard.jsx,components,177,is_product_based,snake_case,snake_case_reference,readiness_field,recovery-summary,"const product_mode_active = is_product_based === true || business_type === ""product_based"" ||"
components\recovery-summary\RecoverySummaryMainCard.jsx,RecoverySummaryMainCard.jsx,components,200,is_product_based,snake_case,snake_case_reference,readiness_field,recovery-summary,"recovery_mode, is_product_based, activity_driver_type,"
components\recovery-summary\RecoverySummaryRequirementBlock.jsx,RecoverySummaryRequirementBlock.jsx,components,110,is_product_based,snake_case,snake_case_reference,readiness_field,recovery-summary,"<div className=""labour-summary-table-value""> {is_product_based ? format_number(recovery_driver_quantity)"
components\recovery-summary\RecoverySummaryRequirementBlock.jsx,RecoverySummaryRequirementBlock.jsx,components,127,is_product_based,snake_case,snake_case_reference,readiness_field,recovery-summary,"<p className=""ui-help""> {is_product_based ? ""Total cost burden ÷ units used = required recovery per unit."""
components\recovery-summary\RecoverySummaryRequirementBlock.jsx,RecoverySummaryRequirementBlock.jsx,components,19,is_product_based,snake_case,declaration,readiness_field,recovery-summary,"}) { const is_product_based = business_type === ""product_based"" || activity_driver_type === ""units"";"
components\recovery-summary\RecoverySummaryRequirementBlock.jsx,RecoverySummaryRequirementBlock.jsx,components,22,is_product_based,snake_case,snake_case_reference,readiness_field,recovery-summary,"const recovery_driver_label = is_product_based ? ""Units used"""
components\recovery-summary\RecoverySummaryRequirementBlock.jsx,RecoverySummaryRequirementBlock.jsx,components,26,is_product_based,snake_case,snake_case_reference,readiness_field,recovery-summary,const recovery_driver_quantity = is_product_based ? units_sold_annual
components\recovery-summary\RecoverySummaryRequirementBlock.jsx,RecoverySummaryRequirementBlock.jsx,components,30,is_product_based,snake_case,snake_case_reference,readiness_field,recovery-summary,"const required_recovery_label = is_product_based ? ""Required recovery per unit"""
components\recovery-summary\RecoverySummaryRequirementBlock.jsx,RecoverySummaryRequirementBlock.jsx,components,34,is_product_based,snake_case,snake_case_reference,readiness_field,recovery-summary,"const actual_recovery_label = is_product_based ? ""Actual recovery per unit"""
components\recovery-summary\RecoverySummaryRequirementBlock.jsx,RecoverySummaryRequirementBlock.jsx,components,38,is_product_based,snake_case,snake_case_reference,readiness_field,recovery-summary,"const variance_label = is_product_based ? ""Recovery variance per unit"""
components\recovery-summary\RecoverySummaryRequirementBlock.jsx,RecoverySummaryRequirementBlock.jsx,components,42,is_product_based,snake_case,snake_case_reference,readiness_field,recovery-summary,"const rate_suffix = is_product_based ? ""/unit"" : ""/hr"";"
hooks\useRecoverySummary.js,useRecoverySummary.js,hooks,98,is_product_based,snake_case,object_key,readiness_field,recovery-summary,"recovery_mode: calculated.recovery_mode, is_product_based: calculated.is_product_based, is_labour_based: calculated.is_labour_based,"
lib\calculations\recoverySummaryCalculations.js,recoverySummaryCalculations.js,lib,359,is_product_based,snake_case,snake_case_reference,readiness_field,recovery-summary,"revenue_cogs.business_type || (revenue_cogs.is_product_based === true ? ""product_based"" : """") || ""labour_based"";"
lib\calculations\recoverySummaryCalculations.js,recoverySummaryCalculations.js,lib,361,is_product_based,snake_case,declaration,readiness_field,recovery-summary,"""labour_based""; const is_product_based = input.is_product_based === true ||"
lib\calculations\recoverySummaryCalculations.js,recoverySummaryCalculations.js,lib,362,is_product_based,snake_case,snake_case_reference,readiness_field,recovery-summary,const is_product_based = input.is_product_based === true || revenue_cogs.is_product_based === true ||
lib\calculations\recoverySummaryCalculations.js,recoverySummaryCalculations.js,lib,363,is_product_based,snake_case,snake_case_reference,readiness_field,recovery-summary,"input.is_product_based === true || revenue_cogs.is_product_based === true || business_type === ""product_based"";"
lib\calculations\recoverySummaryCalculations.js,recoverySummaryCalculations.js,lib,369,is_product_based,snake_case,snake_case_reference,readiness_field,recovery-summary,"business_type !== ""product_based""; const recovery_mode = is_product_based ? ""product_unit"" : ""hours_based""; const activity_driver_type = input.activity_driver_type || ""hours"";"
lib\calculations\recoverySummaryCalculations.js,recoverySummaryCalculations.js,lib,393,is_product_based,snake_case,snake_case_reference,readiness_field,recovery-summary,"revenue_cogs.commercial_driver_mode || (is_product_based ? ""unit_based"" : ""hours_based""); const unit_driver_rows = Array.isArray(revenue_cogs.unit_driver_rows)"
lib\calculations\recoverySummaryCalculations.js,recoverySummaryCalculations.js,lib,518,is_product_based,snake_case,snake_case_reference,readiness_field,recovery-summary,const has_valid_product_result = is_product_based && units_sold_annual > 0 &&
lib\calculations\recoverySummaryCalculations.js,recoverySummaryCalculations.js,lib,792,is_product_based,snake_case,snake_case_reference,readiness_field,recovery-summary,"if (is_product_based && margin_per_unit <= 0) { warnings.push(""no_positive_margin_per_unit"");"
lib\calculations\recoverySummaryCalculations.js,recoverySummaryCalculations.js,lib,796,is_product_based,snake_case,snake_case_reference,readiness_field,recovery-summary,"if (is_product_based && unit_surplus_or_gap < 0) { warnings.push(""product_unit_shortfall"");"
lib\calculations\recoverySummaryCalculations.js,recoverySummaryCalculations.js,lib,836,is_product_based,snake_case,snake_case_reference,readiness_field,recovery-summary,"recovery_mode, is_product_based, is_labour_based,"
lib\selectors\recoverySummarySelectors.js,recoverySummarySelectors.js,lib,493,is_product_based,snake_case,object_key,readiness_field,recovery-summary,"recovery_mode: calculated.recovery_mode ?? ""hours_based"", is_product_based: calculated.is_product_based === true, is_labour_based: calculated.is_labour_based !== false,"
components\recovery-summary\RecoverySummaryMainCard.jsx,RecoverySummaryMainCard.jsx,components,76,material_margin_status,snake_case,snake_case_reference,status_field,recovery-summary,material_margin_percent={card.material_margin_percent} material_margin_status={card.material_margin_status} total_cost_burden={card.total_cost_burden}
components\recovery-summary\RecoverySummaryStatusStrip.jsx,RecoverySummaryStatusStrip.jsx,components,201,material_margin_status,snake_case,snake_case_reference,status_field,recovery-summary,"material_margin_percent = 0, material_margin_status = ""margin_available"", }) {"
components\recovery-summary\RecoverySummaryStatusStrip.jsx,RecoverySummaryStatusStrip.jsx,components,252,material_margin_status,snake_case,snake_case_reference,status_field,recovery-summary,"question=""Are materials covering their own cost and creating margin?"" status={material_margin_status} rows={["
components\recovery-summary\RecoverySummaryStatusStrip.jsx,RecoverySummaryStatusStrip.jsx,components,285,material_margin_status,snake_case,snake_case_reference,status_field,recovery-summary,"material_margin_percent, material_margin_status,"
components\recovery-summary\RecoverySummaryStatusStrip.jsx,RecoverySummaryStatusStrip.jsx,components,358,material_margin_status,snake_case,snake_case_reference,status_field,recovery-summary,material_margin_percent={material_margin_percent} material_margin_status={material_margin_status} />
components\recovery-summary\main-card\RecoverySupportingEvidenceDetail.jsx,RecoverySupportingEvidenceDetail.jsx,components,201,material_margin_status,snake_case,snake_case_reference,status_field,recovery-summary,"material_margin_percent = 0, material_margin_status = ""margin_available"", }) {"
components\recovery-summary\main-card\RecoverySupportingEvidenceDetail.jsx,RecoverySupportingEvidenceDetail.jsx,components,252,material_margin_status,snake_case,snake_case_reference,status_field,recovery-summary,"question=""Are materials covering their own cost and creating margin?"" status={material_margin_status} rows={["
components\recovery-summary\main-card\RecoverySupportingEvidenceDetail.jsx,RecoverySupportingEvidenceDetail.jsx,components,285,material_margin_status,snake_case,snake_case_reference,status_field,recovery-summary,"material_margin_percent, material_margin_status,"
components\recovery-summary\main-card\RecoverySupportingEvidenceDetail.jsx,RecoverySupportingEvidenceDetail.jsx,components,358,material_margin_status,snake_case,snake_case_reference,status_field,recovery-summary,material_margin_percent={material_margin_percent} material_margin_status={material_margin_status} />
hooks\useRecoverySummary.js,useRecoverySummary.js,hooks,138,material_margin_status,snake_case,object_key,status_field,recovery-summary,"material_margin_percent: calculated.material_margin_percent, material_margin_status: calculated.material_margin_status, overhead_absorbed_cost: calculated.overhead_absorbed_cost,"
hooks\useRecoverySummary.js,useRecoverySummary.js,hooks,168,material_margin_status,snake_case,object_key,status_field,recovery-summary,"gross_profit_source_status: calculated.gross_profit_source_status, material_margin_status: calculated.material_margin_status, asset_utilisation_status: calculated.asset_utilisation_status,"
lib\calculations\recoverySummaryCalculations.js,recoverySummaryCalculations.js,lib,644,material_margin_status,snake_case,declaration,status_field,recovery-summary,"const gross_profit_source_status = ""revenue_cogs""; const material_margin_status = margin_pool <= 0"
lib\calculations\recoverySummaryCalculations.js,recoverySummaryCalculations.js,lib,964,material_margin_status,snake_case,snake_case_reference,status_field,recovery-summary,"gross_profit_source_status, material_margin_status, asset_utilisation_status,"
lib\selectors\recoverySummarySelectors.js,recoverySummarySelectors.js,lib,257,material_margin_status,snake_case,snake_case_reference,status_field,recovery-summary,"calculated.material_recovery_included === true && calculated.material_margin_status !== ""verified"" && calculated.gross_profit_source_status !== ""trusted"""
lib\selectors\recoverySummarySelectors.js,recoverySummarySelectors.js,lib,651,material_margin_status,snake_case,object_key,status_field,recovery-summary,"calculated.gross_profit_source_status ?? ""pending_live_feedback"", material_margin_status: calculated.material_margin_status ?? ""not_selected"", asset_utilisation_status:"
components\recovery-summary\RecoverySummaryMainCard.jsx,RecoverySummaryMainCard.jsx,components,146,model_confidence_warnings,snake_case,declaration,warnings_field,recovery-summary,const model_confidence_warnings = get_model_confidence_warnings(recovery_failure_path);
components\recovery-summary\RecoverySummaryMainCard.jsx,RecoverySummaryMainCard.jsx,components,278,model_confidence_warnings,snake_case,warning_id,warnings_field,recovery-summary,recovery_failure_path={effective_failure_path} model_confidence_warnings={model_confidence_warnings} product_mode_active={product_mode_active}
components\recovery-summary\RecoverySummaryMainCard.jsx,RecoverySummaryMainCard.jsx,components,29,model_confidence_warnings,snake_case,warning_id,warnings_field,recovery-summary,"recovery_failure_path, model_confidence_warnings, product_mode_active,"
components\recovery-summary\RecoverySummaryMainCard.jsx,RecoverySummaryMainCard.jsx,components,40,model_confidence_warnings,snake_case,warning_id,warnings_field,recovery-summary,primary_recovery_warning={primary_recovery_warning} model_confidence_warnings={model_confidence_warnings} />
components\recovery-summary\main-card\RecoveryOutcomeDetail.jsx,RecoveryOutcomeDetail.jsx,components,114,model_confidence_warnings,snake_case,warning_id,warnings_field,recovery-summary,"primary_recovery_warning, model_confidence_warnings, }) {"
components\recovery-summary\main-card\RecoveryOutcomeDetail.jsx,RecoveryOutcomeDetail.jsx,components,141,model_confidence_warnings,snake_case,warning_id,warnings_field,recovery-summary,<ModelConfidenceBlock model_confidence_warnings={model_confidence_warnings} />
components\recovery-summary\main-card\RecoveryOutcomeDetail.jsx,RecoveryOutcomeDetail.jsx,components,30,model_confidence_warnings,snake_case,warning_id,warnings_field,recovery-summary,function ModelConfidenceBlock({ model_confidence_warnings = [] }) { if (!Array.isArray(model_confidence_warnings)) {
components\recovery-summary\main-card\RecoveryOutcomeDetail.jsx,RecoveryOutcomeDetail.jsx,components,31,model_confidence_warnings,snake_case,warning_id,warnings_field,recovery-summary,function ModelConfidenceBlock({ model_confidence_warnings = [] }) { if (!Array.isArray(model_confidence_warnings)) { return null;
components\recovery-summary\main-card\RecoveryOutcomeDetail.jsx,RecoveryOutcomeDetail.jsx,components,35,model_confidence_warnings,snake_case,warning_id,warnings_field,recovery-summary,if (model_confidence_warnings.length === 0) { return null;
components\recovery-summary\main-card\RecoveryOutcomeDetail.jsx,RecoveryOutcomeDetail.jsx,components,39,model_confidence_warnings,snake_case,warning_id,warnings_field,recovery-summary,const primary_confidence_warning = model_confidence_warnings[0];
hooks\useRecoverySummary.js,useRecoverySummary.js,hooks,201,product_recovery_ready,snake_case,object_key,readiness_field,recovery-summary,"calculated.unit_surplus_or_shortfall, product_recovery_ready: calculated.product_recovery_ready, product_recovery_status: calculated.product_recovery_status,"
lib\calculations\recoverySummaryCalculations.js,recoverySummaryCalculations.js,lib,490,product_recovery_ready,snake_case,declaration,readiness_field,recovery-summary,const required_margin_if_units_fixed = required_cost_per_unit; const product_recovery_ready = margin_per_unit > 0 && total_units > 0; const product_recovery_status =
lib\calculations\recoverySummaryCalculations.js,recoverySummaryCalculations.js,lib,916,product_recovery_ready,snake_case,snake_case_reference,readiness_field,recovery-summary,"unit_surplus_or_shortfall: round_currency(unit_surplus_or_shortfall), product_recovery_ready, product_recovery_status,"
lib\selectors\recoverySummarySelectors.js,recoverySummarySelectors.js,lib,588,product_recovery_ready,snake_case,object_key,readiness_field,recovery-summary,"product_rate_suffix: calculated.product_rate_suffix ?? ""/unit"", product_recovery_ready: calculated.product_recovery_ready === true, product_recovery_status:"
hooks\useRecoverySummary.js,useRecoverySummary.js,hooks,202,product_recovery_status,snake_case,object_key,status_field,recovery-summary,"product_recovery_ready: calculated.product_recovery_ready, product_recovery_status: calculated.product_recovery_status, total_units: calculated.total_units,"
lib\calculations\recoverySummaryCalculations.js,recoverySummaryCalculations.js,lib,491,product_recovery_status,snake_case,declaration,status_field,recovery-summary,const product_recovery_ready = margin_per_unit > 0 && total_units > 0; const product_recovery_status = margin_per_unit <= 0
lib\calculations\recoverySummaryCalculations.js,recoverySummaryCalculations.js,lib,497,product_recovery_status,snake_case,snake_case_reference,status_field,recovery-summary,": ""surplus""; const product_unit_recovery_status = product_recovery_status; const net_position = to_number(input.net_position);"
lib\calculations\recoverySummaryCalculations.js,recoverySummaryCalculations.js,lib,917,product_recovery_status,snake_case,snake_case_reference,status_field,recovery-summary,"product_recovery_ready, product_recovery_status, product_unit_recovery_status,"
lib\selectors\recoverySummarySelectors.js,recoverySummarySelectors.js,lib,571,product_recovery_status,snake_case,snake_case_reference,status_field,recovery-summary,"calculated.product_unit_recovery_status ?? calculated.product_recovery_status ?? ""not_recoverable"","
lib\selectors\recoverySummarySelectors.js,recoverySummarySelectors.js,lib,589,product_recovery_status,snake_case,object_key,status_field,recovery-summary,"product_recovery_ready: calculated.product_recovery_ready === true, product_recovery_status: calculated.product_recovery_status ?? ""not_recoverable"","
lib\selectors\recoverySummarySelectors.js,recoverySummarySelectors.js,lib,590,product_recovery_status,snake_case,snake_case_reference,status_field,recovery-summary,"product_recovery_status: calculated.product_recovery_status ?? ""not_recoverable"", net_position: calculated.net_position ?? 0,"
components\recovery-summary\RecoverySummaryMainCard.jsx,RecoverySummaryMainCard.jsx,components,85,product_unit_recovery_status,snake_case,snake_case_reference,status_field,recovery-summary,required_margin_if_units_fixed={card.required_margin_if_units_fixed} product_unit_recovery_status={card.product_unit_recovery_status} product_unit_margin_label={card.product_unit_margin_label}
components\recovery-summary\RecoverySummaryStatusStrip.jsx,RecoverySummaryStatusStrip.jsx,components,295,product_unit_recovery_status,snake_case,snake_case_reference,status_field,recovery-summary,"required_margin_if_units_fixed, product_unit_recovery_status, product_unit_margin_label,"
components\recovery-summary\RecoverySummaryStatusStrip.jsx,RecoverySummaryStatusStrip.jsx,components,338,product_unit_recovery_status,snake_case,snake_case_reference,status_field,recovery-summary,required_margin_if_units_fixed={required_margin_if_units_fixed} product_unit_recovery_status={product_unit_recovery_status} product_unit_margin_label={product_unit_margin_label}
components\recovery-summary\RecoverySummaryStatusStrip.jsx,RecoverySummaryStatusStrip.jsx,components,74,product_unit_recovery_status,snake_case,snake_case_reference,status_field,recovery-summary,"required_margin_if_units_fixed = 0, product_unit_recovery_status = ""not_recoverable"", product_unit_margin_label = ""Margin per unit"","
components\recovery-summary\RecoverySummaryStatusStrip.jsx,RecoverySummaryStatusStrip.jsx,components,83,product_unit_recovery_status,snake_case,snake_case_reference,status_field,recovery-summary,"const status_message = product_unit_recovery_status === ""not_recoverable"" ? ""The current unit margin is not enough to recover the business cost burden."""
components\recovery-summary\RecoverySummaryStatusStrip.jsx,RecoverySummaryStatusStrip.jsx,components,85,product_unit_recovery_status,snake_case,snake_case_reference,status_field,recovery-summary,"? ""The current unit margin is not enough to recover the business cost burden."" : product_unit_recovery_status === ""shortfall"" ? `Unit margin is below the required business cost per ${product_unit_suffix}.`"
components\recovery-summary\main-card\RecoverySupportingEvidenceDetail.jsx,RecoverySupportingEvidenceDetail.jsx,components,295,product_unit_recovery_status,snake_case,snake_case_reference,status_field,recovery-summary,"required_margin_if_units_fixed, product_unit_recovery_status, product_unit_margin_label,"
components\recovery-summary\main-card\RecoverySupportingEvidenceDetail.jsx,RecoverySupportingEvidenceDetail.jsx,components,338,product_unit_recovery_status,snake_case,snake_case_reference,status_field,recovery-summary,required_margin_if_units_fixed={required_margin_if_units_fixed} product_unit_recovery_status={product_unit_recovery_status} product_unit_margin_label={product_unit_margin_label}
components\recovery-summary\main-card\RecoverySupportingEvidenceDetail.jsx,RecoverySupportingEvidenceDetail.jsx,components,74,product_unit_recovery_status,snake_case,snake_case_reference,status_field,recovery-summary,"required_margin_if_units_fixed = 0, product_unit_recovery_status = ""not_recoverable"", product_unit_margin_label = ""Margin per unit"","
components\recovery-summary\main-card\RecoverySupportingEvidenceDetail.jsx,RecoverySupportingEvidenceDetail.jsx,components,83,product_unit_recovery_status,snake_case,snake_case_reference,status_field,recovery-summary,"const status_message = product_unit_recovery_status === ""not_recoverable"" ? ""The current unit margin is not enough to recover the business cost burden."""
components\recovery-summary\main-card\RecoverySupportingEvidenceDetail.jsx,RecoverySupportingEvidenceDetail.jsx,components,85,product_unit_recovery_status,snake_case,snake_case_reference,status_field,recovery-summary,"? ""The current unit margin is not enough to recover the business cost burden."" : product_unit_recovery_status === ""shortfall"" ? `Unit margin is below the required business cost per ${product_unit_suffix}.`"
hooks\useRecoverySummary.js,useRecoverySummary.js,hooks,211,product_unit_recovery_status,snake_case,object_key,status_field,recovery-summary,"calculated.required_margin_if_units_fixed, product_unit_recovery_status: calculated.product_unit_recovery_status,"
hooks\useRecoverySummary.js,useRecoverySummary.js,hooks,212,product_unit_recovery_status,snake_case,snake_case_reference,status_field,recovery-summary,"product_unit_recovery_status: calculated.product_unit_recovery_status, commercial_driver_mode: calculated.commercial_driver_mode,"
lib\calculations\recoverySummaryCalculations.js,recoverySummaryCalculations.js,lib,497,product_unit_recovery_status,snake_case,declaration,status_field,recovery-summary,": ""surplus""; const product_unit_recovery_status = product_recovery_status; const net_position = to_number(input.net_position);"
lib\calculations\recoverySummaryCalculations.js,recoverySummaryCalculations.js,lib,918,product_unit_recovery_status,snake_case,snake_case_reference,status_field,recovery-summary,"product_recovery_status, product_unit_recovery_status, commercial_driver_mode,"
lib\selectors\recoverySummarySelectors.js,recoverySummarySelectors.js,lib,569,product_unit_recovery_status,snake_case,object_key,status_field,recovery-summary,"calculated.required_margin_if_units_fixed ?? 0, product_unit_recovery_status: calculated.product_unit_recovery_status ??"
lib\selectors\recoverySummarySelectors.js,recoverySummarySelectors.js,lib,570,product_unit_recovery_status,snake_case,snake_case_reference,status_field,recovery-summary,product_unit_recovery_status: calculated.product_unit_recovery_status ?? calculated.product_recovery_status ??
lib\selectors\recoverySummarySelectors.js,recoverySummarySelectors.js,lib,308,ready_with_warnings,snake_case,warning_id,warnings_field,recovery-summary,"? ""ready"" : ""ready_with_warnings"";"
lib\selectors\recoverySummarySelectors.js,recoverySummarySelectors.js,lib,312,ready_with_warnings,snake_case,warning_id,warnings_field,recovery-summary,"recovery_summary_status === ""ready"" || recovery_summary_status === ""ready_with_warnings"";"
app\recovery-summary\page.jsx,page.jsx,app,28,recovery_ready,snake_case,snake_case_reference,readiness_field,recovery-summary,{...card} recovery_ready={status.recovery_ready} warning_count={status.warning_count}
components\recovery-summary\RecoverySummaryMainCard.jsx,RecoverySummaryMainCard.jsx,components,112,recovery_ready,snake_case,snake_case_reference,readiness_field,recovery-summary,"export default function RecoverySummaryMainCard({ recovery_ready, warning_count,"
components\recovery-summary\RecoverySummaryMainCard.jsx,RecoverySummaryMainCard.jsx,components,163,recovery_ready,snake_case,snake_case_reference,readiness_field,recovery-summary,"const status_label = get_status_label({ recovery_ready, warning_count: effective_warning_count,"
components\recovery-summary\main-card\recoverySummaryWarningHelpers.js,recoverySummaryWarningHelpers.js,components,58,recovery_ready,snake_case,snake_case_reference,readiness_field,recovery-summary,"export function get_status_label({ recovery_ready, warning_count,"
components\recovery-summary\main-card\recoverySummaryWarningHelpers.js,recoverySummaryWarningHelpers.js,components,81,recovery_ready,snake_case,snake_case_reference,readiness_field,recovery-summary,"if (recovery_ready && warning_count > 0) { return ""Usable with warnings"";"
components\recovery-summary\main-card\recoverySummaryWarningHelpers.js,recoverySummaryWarningHelpers.js,components,85,recovery_ready,snake_case,snake_case_reference,readiness_field,recovery-summary,"if (recovery_ready) { return ""Recoverable"";"
lib\selectors\recoverySummarySelectors.js,recoverySummarySelectors.js,lib,366,recovery_ready,snake_case,object_key,readiness_field,recovery-summary,"recovery_ready: recovery_summary_ready, warning_count: warning_items.length,"
lib\calculations\recoveryOutcomeCalculations.js,recoveryOutcomeCalculations.js,lib,224,recovery_summary_not_ready,snake_case,snake_case_reference,readiness_field,recovery-summary,"status: ""not_viable"", key: ""recovery_summary_not_ready"", title: ""Recovery Summary is not ready"","
lib\calculations\recoveryOutcomeCalculations.js,recoveryOutcomeCalculations.js,lib,26,recovery_summary_not_ready,snake_case,object_key,readiness_field,recovery-summary,"""The upstream model is not trusted, so this outcome is preview only."", recovery_summary_not_ready: ""Recovery Summary is not ready, so Business Outcome cannot issue a final verdict."","
hooks\useRecoverySummary.js,useRecoverySummary.js,hooks,92,recovery_summary_ready,snake_case,object_key,readiness_field,recovery-summary,"return { recovery_summary_ready: status.recovery_summary_ready, recovery_summary_status: status.recovery_summary_status,"
lib\calculations\recoveryOutcomeCalculations.js,recoveryOutcomeCalculations.js,lib,190,recovery_summary_ready,snake_case,declaration,readiness_field,recovery-summary,const recovery_summary_status = recovery_summary.recovery_summary_status; const recovery_summary_ready = Boolean( recovery_summary.recovery_summary_ready
lib\calculations\recoveryOutcomeCalculations.js,recoveryOutcomeCalculations.js,lib,191,recovery_summary_ready,snake_case,snake_case_reference,readiness_field,recovery-summary,const recovery_summary_ready = Boolean( recovery_summary.recovery_summary_ready );
lib\calculations\recoveryOutcomeCalculations.js,recoveryOutcomeCalculations.js,lib,219,recovery_summary_ready,snake_case,snake_case_reference,readiness_field,recovery-summary,"if ( !recovery_summary_ready || [""blocked"", ""not_trusted""].includes(recovery_summary_status)"
lib\selectors\recoverySummarySelectors.js,recoverySummarySelectors.js,lib,310,recovery_summary_ready,snake_case,declaration,readiness_field,recovery-summary,"const recovery_summary_ready = recovery_summary_status === ""ready"" ||"
lib\selectors\recoverySummarySelectors.js,recoverySummarySelectors.js,lib,348,recovery_summary_ready,snake_case,snake_case_reference,readiness_field,recovery-summary,"return { recovery_summary_ready, recovery_summary_status,"
lib\selectors\recoverySummarySelectors.js,recoverySummarySelectors.js,lib,351,recovery_summary_ready,snake_case,snake_case_reference,readiness_field,recovery-summary,"recovery_summary_warnings: warning_items, recovery_summary_usable: recovery_summary_ready, has_blocking_warnings: has_blocking_warning,"
lib\selectors\recoverySummarySelectors.js,recoverySummarySelectors.js,lib,366,recovery_summary_ready,snake_case,snake_case_reference,readiness_field,recovery-summary,"recovery_ready: recovery_summary_ready, warning_count: warning_items.length,"
hooks\useRecoverySummary.js,useRecoverySummary.js,hooks,93,recovery_summary_status,snake_case,object_key,status_field,recovery-summary,"recovery_summary_ready: status.recovery_summary_ready, recovery_summary_status: status.recovery_summary_status, recovery_summary_warnings: status.recovery_summary_warnings,"
lib\calculations\recoveryOutcomeCalculations.js,recoveryOutcomeCalculations.js,lib,189,recovery_summary_status,snake_case,declaration,status_field,recovery-summary,const recovery_summary_status = recovery_summary.recovery_summary_status; const recovery_summary_ready = Boolean(
lib\calculations\recoveryOutcomeCalculations.js,recoveryOutcomeCalculations.js,lib,220,recovery_summary_status,snake_case,snake_case_reference,status_field,recovery-summary,"!recovery_summary_ready || [""blocked"", ""not_trusted""].includes(recovery_summary_status) ) {"
lib\selectors\recoverySummarySelectors.js,recoverySummarySelectors.js,lib,300,recovery_summary_status,snake_case,declaration,status_field,recovery-summary,const recovery_summary_status = has_blocking_driver || has_blocking_warning
lib\selectors\recoverySummarySelectors.js,recoverySummarySelectors.js,lib,311,recovery_summary_status,snake_case,snake_case_reference,status_field,recovery-summary,"const recovery_summary_ready = recovery_summary_status === ""ready"" || recovery_summary_status === ""ready_with_warnings"";"
lib\selectors\recoverySummarySelectors.js,recoverySummarySelectors.js,lib,312,recovery_summary_status,snake_case,snake_case_reference,status_field,recovery-summary,"recovery_summary_status === ""ready"" || recovery_summary_status === ""ready_with_warnings"";"
lib\selectors\recoverySummarySelectors.js,recoverySummarySelectors.js,lib,349,recovery_summary_status,snake_case,snake_case_reference,status_field,recovery-summary,"recovery_summary_ready, recovery_summary_status, recovery_summary_warnings: warning_items,"
hooks\useRecoverySummary.js,useRecoverySummary.js,hooks,94,recovery_summary_warnings,snake_case,object_key,warnings_field,recovery-summary,"recovery_summary_status: status.recovery_summary_status, recovery_summary_warnings: status.recovery_summary_warnings,"
lib\calculations\recoveryOutcomeCalculations.js,recoveryOutcomeCalculations.js,lib,99,recovery_summary_warnings,snake_case,warning_id,warnings_field,recovery-summary,"return [ ...as_array(recovery_summary.recovery_summary_warnings).map((warning) => normalise_warning(warning, ""Recovery Summary"")"
lib\selectors\recoverySummarySelectors.js,recoverySummarySelectors.js,lib,350,recovery_summary_warnings,snake_case,object_key,warnings_field,recovery-summary,"recovery_summary_status, recovery_summary_warnings: warning_items, recovery_summary_usable: recovery_summary_ready,"
lib\recovery\recoveryRiskWarningSystem.js,recoveryRiskWarningSystem.js,lib,151,review_warnings,snake_case,declaration,warnings_field,recovery-summary,const review_warnings = sorted_warnings.filter( (warning) => warning.severity === WARNING_SEVERITY.REVIEW
lib\recovery\recoveryRiskWarningSystem.js,recoveryRiskWarningSystem.js,lib,160,review_warnings,snake_case,warning_id,warnings_field,recovery-summary,const primary_warning = blocking_warnings[0] || review_warnings[0] || info_warnings[0] || null;
lib\recovery\recoveryRiskWarningSystem.js,recoveryRiskWarningSystem.js,lib,174,review_warnings,snake_case,warning_id,warnings_field,recovery-summary,"has_blocking_warning: blocking_warnings.length > 0, has_review_warning: review_warnings.length > 0, blocking_warning_count: blocking_warnings.length,"
lib\recovery\recoveryRiskWarningSystem.js,recoveryRiskWarningSystem.js,lib,176,review_warnings,snake_case,warning_id,warnings_field,recovery-summary,"blocking_warning_count: blocking_warnings.length, review_warning_count: review_warnings.length, info_warning_count: info_warnings.length,"
lib\recovery\recoveryRiskWarningSystem.js,recoveryRiskWarningSystem.js,lib,294,share_total_warnings,snake_case,object_key,warnings_field,recovery-summary,"over_allocated_share_percent, share_total_warnings: warnings, };"
lib\recovery\recoveryRiskWarningSystem.js,recoveryRiskWarningSystem.js,lib,405,share_total_warnings,snake_case,warning_id,warnings_field,recovery-summary,"const warning_rows = [ ...share_total_result.share_total_warnings, ...driver_result.driver_warning_rows,"
lib\recovery\recoveryRiskWarningSystem.js,recoveryRiskWarningSystem.js,lib,145,sorted_warnings,snake_case,declaration,warnings_field,recovery-summary,export function build_recovery_warning_hierarchy(warnings = []) { const sorted_warnings = sort_recovery_warnings_by_priority(warnings);
lib\recovery\recoveryRiskWarningSystem.js,recoveryRiskWarningSystem.js,lib,147,sorted_warnings,snake_case,warning_id,warnings_field,recovery-summary,const blocking_warnings = sorted_warnings.filter( (warning) => warning.severity === WARNING_SEVERITY.BLOCKING
lib\recovery\recoveryRiskWarningSystem.js,recoveryRiskWarningSystem.js,lib,151,sorted_warnings,snake_case,warning_id,warnings_field,recovery-summary,const review_warnings = sorted_warnings.filter( (warning) => warning.severity === WARNING_SEVERITY.REVIEW
lib\recovery\recoveryRiskWarningSystem.js,recoveryRiskWarningSystem.js,lib,155,sorted_warnings,snake_case,warning_id,warnings_field,recovery-summary,const info_warnings = sorted_warnings.filter( (warning) => warning.severity === WARNING_SEVERITY.INFO
lib\recovery\recoveryRiskWarningSystem.js,recoveryRiskWarningSystem.js,lib,163,sorted_warnings,snake_case,warning_id,warnings_field,recovery-summary,const cascade_warnings = primary_warning ? sorted_warnings.filter( (warning) => warning.warning_id !== primary_warning.warning_id
lib\recovery\recoveryRiskWarningSystem.js,recoveryRiskWarningSystem.js,lib,171,sorted_warnings,snake_case,warning_id,warnings_field,recovery-summary,"cascade_warnings, recovery_failure_path: sorted_warnings, has_primary_warning: Boolean(primary_warning),"
lib\recovery\recoveryRiskWarningSystem.js,recoveryRiskWarningSystem.js,lib,178,sorted_warnings,snake_case,warning_id,warnings_field,recovery-summary,"info_warning_count: info_warnings.length, warning_count: sorted_warnings.length, };"
app\recovery-summary\page.jsx,page.jsx,app,17,status,plain,destructured_name,status_field,recovery-summary,"const { status, card } = useRecoverySummary();"
hooks\useRecoverySummary.js,useRecoverySummary.js,hooks,75,status,plain,declaration,status_field,recovery-summary,const status = useMemo(() => { return buildRecoverySummaryStatus({
components\recovery-summary\main-card\recoverySummaryWarningHelpers.js,recoverySummaryWarningHelpers.js,components,4,upstream_model_not_ready,snake_case,snake_case_reference,readiness_field,recovery-summary,"""business_summary_not_ready"", ""upstream_model_not_ready"", ]);"
components\recovery-summary\recoverySummaryWarningDetails.js,recoverySummaryWarningDetails.js,components,113,upstream_model_not_ready,snake_case,object_key,readiness_field,recovery-summary,"upstream_model_not_ready: { title: ""Upstream model is not trusted"","
lib\calculations\recoverySummaryCalculations.js,recoverySummaryCalculations.js,lib,745,upstream_model_not_ready,snake_case,snake_case_reference,readiness_field,recovery-summary,"if (model_trust_state !== ""ready"" && model_trust_state !== ""warning"") { warnings.push(""upstream_model_not_ready""); }"
lib\selectors\recoverySummarySelectors.js,recoverySummarySelectors.js,lib,222,upstream_model_not_ready,snake_case,snake_case_reference,readiness_field,recovery-summary,"warnings.includes(""business_summary_not_ready"") || warnings.includes(""upstream_model_not_ready"") ) {"
lib\selectors\recoverySummarySelectors.js,recoverySummarySelectors.js,lib,268,upstream_model_not_ready,snake_case,snake_case_reference,readiness_field,recovery-summary,"""business_summary_not_ready"", ""upstream_model_not_ready"", ""missing_business_type"","
lib\selectors\recoverySummarySelectors.js,recoverySummarySelectors.js,lib,76,upstream_model_not_ready,snake_case,object_key,readiness_field,recovery-summary,"upstream_model_not_ready: ""The upstream model is not trusted, so Recovery Summary is not final."","
hooks\useRecoverySummary.js,useRecoverySummary.js,hooks,237,warnings,plain,object_key,warnings_field,recovery-summary,"warnings: calculated.warnings, share_not_balanced: calculated.share_not_balanced,"
lib\calculations\recoverySummaryCalculations.js,recoverySummaryCalculations.js,lib,734,warnings,plain,declaration,warnings_field,recovery-summary,const warnings = [];
lib\recovery\recoveryRiskWarningSystem.js,recoveryRiskWarningSystem.js,lib,121,warnings,plain,object_key,warnings_field,recovery-summary,export function sort_recovery_warnings_by_priority(warnings = []) { const rows = Array.isArray(warnings) ? warnings : [];
lib\recovery\recoveryRiskWarningSystem.js,recoveryRiskWarningSystem.js,lib,203,warnings,plain,declaration,warnings_field,recovery-summary,const warnings = [];
lib\recovery\recoveryRiskWarningSystem.js,recoveryRiskWarningSystem.js,lib,303,warnings,plain,declaration,warnings_field,recovery-summary,const rows = Array.isArray(driver_rows) ? driver_rows : []; const warnings = [];
lib\recovery\recoveryRiskWarningSystem.js,recoveryRiskWarningSystem.js,lib,432,warnings,plain,declaration,warnings_field,recovery-summary,}) { const warnings = [];
lib\recovery\recoveryRiskWarningSystem.js,recoveryRiskWarningSystem.js,lib,95,warnings,plain,object_key,warnings_field,recovery-summary,export function build_share_warning_summary(warnings = []) { const rows = Array.isArray(warnings) ? warnings : [];
lib\selectors\recoverySummarySelectors.js,recoverySummarySelectors.js,lib,218,warnings,plain,declaration,warnings_field,recovery-summary,function is_business_summary_trusted(calculated = {}) { const warnings = Array.isArray(calculated.warnings) ? calculated.warnings : [];
lib\selectors\recoverySummarySelectors.js,recoverySummarySelectors.js,lib,481,warnings,plain,object_key,warnings_field,recovery-summary,"model_trust_state: calculated.model_trust_state, warnings: calculated.warnings ?? [], },"
lib\selectors\revenueCogsSelectors.js,revenueCogsSelectors.js,lib,124,all_warnings,snake_case,declaration,warnings_field,revenue-cogs,"const all_warnings = [...warnings, ...unit_warnings];"
lib\selectors\revenueCogsSelectors.js,revenueCogsSelectors.js,lib,127,all_warnings,snake_case,warning_id,warnings_field,revenue-cogs,"return { revenue_cogs_ready: all_warnings.length === 0, total_revenue,"
lib\selectors\revenueCogsSelectors.js,revenueCogsSelectors.js,lib,135,all_warnings,snake_case,warning_id,warnings_field,revenue-cogs,"unit_recovery_warnings: unit_warnings, warning_count: all_warnings.length, revenue_cogs_warnings: all_warnings,"
lib\selectors\revenueCogsSelectors.js,revenueCogsSelectors.js,lib,136,all_warnings,snake_case,warning_id,warnings_field,revenue-cogs,"warning_count: all_warnings.length, revenue_cogs_warnings: all_warnings, };"
lib\calculations\revenueCogsCalculations.js,revenueCogsCalculations.js,lib,208,build_unit_driver_warnings,snake_case,warning_id,warnings_field,revenue-cogs,"const unit_recovery_warnings = build_unit_driver_warnings({ commercial_driver_mode: resolved_commercial_driver_mode,"
lib\calculations\revenueCogsCalculations.js,revenueCogsCalculations.js,lib,94,build_unit_driver_warnings,snake_case,warning_id,warnings_field,revenue-cogs,"function build_unit_driver_warnings({ commercial_driver_mode,"
lib\imports\xeroCogImporter.js,xeroCogImporter.js,lib,142,is_account_heading_row,snake_case,snake_case_reference,readiness_field,revenue-cogs,"function is_account_heading_row(row) { const non_empty_cells = row.map(clean_text).filter((value) => value !== """");"
lib\imports\xeroCogImporter.js,xeroCogImporter.js,lib,395,is_account_heading_row,snake_case,snake_case_reference,readiness_field,revenue-cogs,if (is_account_heading_row(row)) { current_account = clean_text(row.find((cell) => clean_text(cell)));
lib\imports\xeroCogImporter.js,xeroCogImporter.js,lib,100,is_header_row,snake_case,snake_case_reference,readiness_field,revenue-cogs,function is_header_row(row) { const cells = row.map(normalise_text);
lib\imports\xeroCogImporter.js,xeroCogImporter.js,lib,388,is_header_row,snake_case,snake_case_reference,readiness_field,revenue-cogs,if (is_header_row(row)) { indexes = find_header_indexes(row);
app\revenue-cogs\page.jsx,page.jsx,app,118,is_hours_based,snake_case,snake_case_reference,readiness_field,revenue-cogs,commercial_driver_label={card.commercial_driver_label} is_hours_based={card.is_hours_based} is_unit_based={card.is_unit_based}
lib\selectors\revenueCogsSelectors.js,revenueCogsSelectors.js,lib,181,is_hours_based,snake_case,object_key,readiness_field,revenue-cogs,"commercial_driver_label: getCommercialDriverLabel(commercial_driver_mode), is_hours_based: commercial_driver_mode === ""hours_based"", is_unit_based:"
app\revenue-cogs\page.jsx,page.jsx,app,115,is_labour_based,snake_case,snake_case_reference,readiness_field,revenue-cogs,is_product_based={card.is_product_based} is_labour_based={card.is_labour_based} commercial_driver_mode={card.commercial_driver_mode}
hooks\useRevenueCogs.js,useRevenueCogs.js,hooks,235,is_labour_based,snake_case,declaration,readiness_field,revenue-cogs,"const is_product_based = business_type === ""product_based""; const is_labour_based = business_type === ""labour_based"";"
hooks\useRevenueCogs.js,useRevenueCogs.js,hooks,280,is_labour_based,snake_case,snake_case_reference,readiness_field,revenue-cogs,"is_product_based, is_labour_based,"
hooks\useRevenueCogs.js,useRevenueCogs.js,hooks,305,is_labour_based,snake_case,snake_case_reference,readiness_field,revenue-cogs,"is_product_based, is_labour_based, last_manual_saved_at,"
hooks\useRevenueCogs.js,useRevenueCogs.js,hooks,313,is_labour_based,snake_case,snake_case_reference,readiness_field,revenue-cogs,"is_product_based, is_labour_based, raw_state: revenue_cogs_state,"
app\revenue-cogs\page.jsx,page.jsx,app,120,is_mixed_unit_based,snake_case,snake_case_reference,readiness_field,revenue-cogs,is_unit_based={card.is_unit_based} is_mixed_unit_based={card.is_mixed_unit_based} unit_driver_rows={card.unit_driver_rows}
components\revenue-cogs\RevenueCogsCard.jsx,RevenueCogsCard.jsx,components,158,is_mixed_unit_based,snake_case,snake_case_reference,readiness_field,revenue-cogs,"row, is_mixed_unit_based, updateUnitDriverRow,"
components\revenue-cogs\RevenueCogsCard.jsx,RevenueCogsCard.jsx,components,226,is_mixed_unit_based,snake_case,snake_case_reference,readiness_field,revenue-cogs,"help={ is_mixed_unit_based ? ""Estimated share of total revenue for this unit."""
components\revenue-cogs\RevenueCogsCard.jsx,RevenueCogsCard.jsx,components,323,is_mixed_unit_based,snake_case,snake_case_reference,readiness_field,revenue-cogs,"is_unit_based = false, is_mixed_unit_based = false,"
components\revenue-cogs\RevenueCogsCard.jsx,RevenueCogsCard.jsx,components,456,is_mixed_unit_based,snake_case,snake_case_reference,readiness_field,revenue-cogs,"{is_mixed_unit_based ? ( <p className=""ui-help"">"
components\revenue-cogs\RevenueCogsCard.jsx,RevenueCogsCard.jsx,components,464,is_mixed_unit_based,snake_case,snake_case_reference,readiness_field,revenue-cogs,"{is_mixed_unit_based ? ( <div className=""ui-actions"">"
components\revenue-cogs\RevenueCogsCard.jsx,RevenueCogsCard.jsx,components,503,is_mixed_unit_based,snake_case,snake_case_reference,readiness_field,revenue-cogs,row={row} is_mixed_unit_based={is_mixed_unit_based} updateUnitDriverRow={updateUnitDriverRow}
components\revenue-cogs\RevenueCogsCard.jsx,RevenueCogsCard.jsx,components,507,is_mixed_unit_based,snake_case,snake_case_reference,readiness_field,revenue-cogs,can_remove={ is_mixed_unit_based && unit_driver_rows.length > 2 }
components\revenue-cogs\RevenueCogsCard.jsx,RevenueCogsCard.jsx,components,513,is_mixed_unit_based,snake_case,snake_case_reference,readiness_field,revenue-cogs,"{is_mixed_unit_based ? ( <div className=""ui-actions"">"
lib\selectors\revenueCogsSelectors.js,revenueCogsSelectors.js,lib,185,is_mixed_unit_based,snake_case,object_key,readiness_field,revenue-cogs,"commercial_driver_mode === ""mixed_unit_based"", is_mixed_unit_based: commercial_driver_mode === ""mixed_unit_based"","
lib\imports\xeroCogImporter.js,xeroCogImporter.js,lib,46,is_negative,snake_case,declaration,readiness_field,revenue-cogs,let is_negative = false;
lib\imports\xeroCogImporter.js,xeroCogImporter.js,lib,49,is_negative,snake_case,snake_case_reference,readiness_field,revenue-cogs,"if (text.startsWith(""("") && text.endsWith("")"")) { is_negative = true; text = text.slice(1, -1);"
lib\imports\xeroCogImporter.js,xeroCogImporter.js,lib,59,is_negative,snake_case,snake_case_reference,readiness_field,revenue-cogs,return is_negative ? -parsed : parsed; }
components\revenue-cogs\RevenueCogXeroImportPanel.jsx,RevenueCogXeroImportPanel.jsx,components,164,is_processing,snake_case,array_destructured_name,readiness_field,revenue-cogs,"}) { const [is_processing, set_is_processing] = useState(false); const [error, set_error] = useState("""");"
components\revenue-cogs\RevenueCogXeroImportPanel.jsx,RevenueCogXeroImportPanel.jsx,components,273,is_processing,snake_case,snake_case_reference,readiness_field,revenue-cogs,onChange={handle_file_change} disabled={is_processing} />
components\revenue-cogs\RevenueCogXeroImportPanel.jsx,RevenueCogXeroImportPanel.jsx,components,282,is_processing,snake_case,snake_case_reference,readiness_field,revenue-cogs,"{is_processing ? ( <div className=""ui-info-block"">Reading Xero export...</div>"
app\revenue-cogs\page.jsx,page.jsx,app,114,is_product_based,snake_case,snake_case_reference,readiness_field,revenue-cogs,business_type={card.business_type} is_product_based={card.is_product_based} is_labour_based={card.is_labour_based}
components\revenue-cogs\RevenueCogsCard.jsx,RevenueCogsCard.jsx,components,318,is_product_based,snake_case,snake_case_reference,readiness_field,revenue-cogs,"business_type = ""labour_based"", is_product_based = false,"
components\revenue-cogs\RevenueCogsCard.jsx,RevenueCogsCard.jsx,components,360,is_product_based,snake_case,snake_case_reference,readiness_field,revenue-cogs,{is_product_based ? ( <>
components\revenue-cogs\RevenueCogsCard.jsx,RevenueCogsCard.jsx,components,442,is_product_based,snake_case,snake_case_reference,readiness_field,revenue-cogs,"{is_product_based && is_unit_based ? ( <div className=""ui-panel ui-stack"">"
components\revenue-cogs\RevenueCogsCard.jsx,RevenueCogsCard.jsx,components,545,is_product_based,snake_case,snake_case_reference,readiness_field,revenue-cogs,"{!is_product_based ? ( <div className=""ui-panel ui-stack-sm"">"
hooks\useRevenueCogs.js,useRevenueCogs.js,hooks,234,is_product_based,snake_case,declaration,readiness_field,revenue-cogs,"const is_product_based = business_type === ""product_based""; const is_labour_based = business_type === ""labour_based"";"
hooks\useRevenueCogs.js,useRevenueCogs.js,hooks,240,is_product_based,snake_case,snake_case_reference,readiness_field,revenue-cogs,"const resolved_commercial_driver_mode = is_product_based ? stored_commercial_driver_mode === ""mixed_unit_based"""
hooks\useRevenueCogs.js,useRevenueCogs.js,hooks,279,is_product_based,snake_case,snake_case_reference,readiness_field,revenue-cogs,"business_type, is_product_based, is_labour_based,"
hooks\useRevenueCogs.js,useRevenueCogs.js,hooks,304,is_product_based,snake_case,snake_case_reference,readiness_field,revenue-cogs,"business_type, is_product_based, is_labour_based,"
hooks\useRevenueCogs.js,useRevenueCogs.js,hooks,312,is_product_based,snake_case,snake_case_reference,readiness_field,revenue-cogs,"business_type, is_product_based, is_labour_based,"
lib\imports\xeroCogImporter.js,xeroCogImporter.js,lib,386,is_report_title_row,snake_case,snake_case_reference,readiness_field,revenue-cogs,if (!row || row.length === 0) continue; if (is_report_title_row(row)) continue;
lib\imports\xeroCogImporter.js,xeroCogImporter.js,lib,89,is_report_title_row,snake_case,snake_case_reference,readiness_field,revenue-cogs,"function is_report_title_row(row) { const joined = row.map(normalise_text).join("" "");"
components\revenue-cogs\RevenueCogsCard.jsx,RevenueCogsCard.jsx,components,163,is_revenue_bucket,snake_case,declaration,readiness_field,revenue-cogs,"}) { const is_revenue_bucket = row.unit_type === ""each"";"
components\revenue-cogs\RevenueCogsCard.jsx,RevenueCogsCard.jsx,components,232,is_revenue_bucket,snake_case,snake_case_reference,readiness_field,revenue-cogs,{is_revenue_bucket ? ( <TextInput
components\revenue-cogs\RevenueCogsCard.jsx,RevenueCogsCard.jsx,components,261,is_revenue_bucket,snake_case,snake_case_reference,readiness_field,revenue-cogs,"{is_revenue_bucket ? ( <div className=""ui-readonly"">"
components\revenue-cogs\RevenueCogsCard.jsx,RevenueCogsCard.jsx,components,281,is_revenue_bucket,snake_case,snake_case_reference,readiness_field,revenue-cogs,"label={ is_revenue_bucket ? ""Estimated annual units"" : ""Derived annual units"" }"
components\revenue-cogs\RevenueCogsCard.jsx,RevenueCogsCard.jsx,components,292,is_revenue_bucket,snake_case,snake_case_reference,readiness_field,revenue-cogs,"help={ is_revenue_bucket ? ""Derived from the P&L margin pool and estimated annual units."""
lib\calculations\revenueCogsCalculations.js,revenueCogsCalculations.js,lib,69,is_revenue_bucket,snake_case,declaration,readiness_field,revenue-cogs,"const is_revenue_bucket = row.unit_type === ""each"";"
lib\calculations\revenueCogsCalculations.js,revenueCogsCalculations.js,lib,71,is_revenue_bucket,snake_case,snake_case_reference,readiness_field,revenue-cogs,const derived_units_annual = is_revenue_bucket ? to_number(row.estimated_units_annual)
lib\calculations\revenueCogsCalculations.js,revenueCogsCalculations.js,lib,89,is_revenue_bucket,snake_case,snake_case_reference,readiness_field,revenue-cogs,"margin_source: ""p_and_l_margin_pool"", is_revenue_bucket, };"
lib\imports\xeroCogImporter.js,xeroCogImporter.js,lib,198,is_review_category,snake_case,warning_id,readiness_field,revenue-cogs,const review_required = is_review_category( matched_line.direct_cost_category_id
lib\imports\xeroCogImporter.js,xeroCogImporter.js,lib,85,is_review_category,snake_case,warning_id,readiness_field,revenue-cogs,"function is_review_category(category_id = """") { return REVIEW_CATEGORY_IDS.has(String(category_id || """").trim());"
hooks\useRevenueCogs.js,useRevenueCogs.js,hooks,143,is_single_mode,snake_case,declaration,readiness_field,revenue-cogs,"const is_single_mode = previous.commercial_driver_mode === ""unit_based"";"
hooks\useRevenueCogs.js,useRevenueCogs.js,hooks,158,is_single_mode,snake_case,snake_case_reference,readiness_field,revenue-cogs,if (is_single_mode) { next_row.revenue_share_percent = 100;
hooks\useRevenueCogs.js,useRevenueCogs.js,hooks,167,is_single_mode,snake_case,snake_case_reference,readiness_field,revenue-cogs,"...previous, unit_driver_rows: is_single_mode ? normaliseSingleUnitRows(next_rows)"
lib\imports\xeroCogImporter.js,xeroCogImporter.js,lib,130,is_total_row,snake_case,snake_case_reference,readiness_field,revenue-cogs,"function is_total_row(row) { return normalise_text(row[0]).startsWith(""total "");"
lib\imports\xeroCogImporter.js,xeroCogImporter.js,lib,400,is_total_row,snake_case,snake_case_reference,readiness_field,revenue-cogs,if (is_total_row(row)) { const total_account_name = extract_account_from_total_row(row);
app\revenue-cogs\page.jsx,page.jsx,app,119,is_unit_based,snake_case,snake_case_reference,readiness_field,revenue-cogs,is_hours_based={card.is_hours_based} is_unit_based={card.is_unit_based} is_mixed_unit_based={card.is_mixed_unit_based}
components\revenue-cogs\RevenueCogsCard.jsx,RevenueCogsCard.jsx,components,322,is_unit_based,snake_case,snake_case_reference,readiness_field,revenue-cogs,"commercial_driver_label = ""Hours-based trading model"", is_unit_based = false, is_mixed_unit_based = false,"
components\revenue-cogs\RevenueCogsCard.jsx,RevenueCogsCard.jsx,components,426,is_unit_based,snake_case,snake_case_reference,readiness_field,revenue-cogs,"<TableRow label={is_unit_based ? ""Trading Margin Pool"" : ""Margin Pool""} value={formatCurrency(margin_pool)}"
components\revenue-cogs\RevenueCogsCard.jsx,RevenueCogsCard.jsx,components,431,is_unit_based,snake_case,snake_case_reference,readiness_field,revenue-cogs,"<TableRow label={is_unit_based ? ""Trading Margin %"" : ""Gross Margin %""} value={formatPercent(gross_margin_percent)}"
components\revenue-cogs\RevenueCogsCard.jsx,RevenueCogsCard.jsx,components,442,is_unit_based,snake_case,snake_case_reference,readiness_field,revenue-cogs,"{is_product_based && is_unit_based ? ( <div className=""ui-panel ui-stack"">"
lib\selectors\revenueCogsSelectors.js,revenueCogsSelectors.js,lib,182,is_unit_based,snake_case,object_key,readiness_field,revenue-cogs,"is_hours_based: commercial_driver_mode === ""hours_based"", is_unit_based: commercial_driver_mode === ""unit_based"" ||"
hooks\useRevenueCogs.js,useRevenueCogs.js,hooks,296,product_recovery_ready,snake_case,object_key,readiness_field,revenue-cogs,"margin_per_unit: calculations.margin_per_unit, product_recovery_ready: calculations.product_recovery_ready, product_recovery_status: calculations.product_recovery_status,"
lib\calculations\revenueCogsCalculations.js,revenueCogsCalculations.js,lib,248,product_recovery_ready,snake_case,object_key,readiness_field,revenue-cogs,"margin_per_unit: legacy_margin_per_unit, product_recovery_ready: resolved_commercial_driver_mode !== ""hours_based"" &&"
lib\selectors\revenueCogsSelectors.js,revenueCogsSelectors.js,lib,205,product_recovery_ready,snake_case,object_key,readiness_field,revenue-cogs,"margin_per_unit: toNumber(calculations.margin_per_unit), product_recovery_ready: calculations.product_recovery_ready === true, product_recovery_status:"
hooks\useRevenueCogs.js,useRevenueCogs.js,hooks,297,product_recovery_status,snake_case,object_key,status_field,revenue-cogs,"product_recovery_ready: calculations.product_recovery_ready, product_recovery_status: calculations.product_recovery_status, };"
lib\calculations\revenueCogsCalculations.js,revenueCogsCalculations.js,lib,251,product_recovery_status,snake_case,object_key,status_field,revenue-cogs,"unit_recovery_warnings.length === 0, product_recovery_status: resolved_commercial_driver_mode === ""hours_based"""
lib\selectors\revenueCogsSelectors.js,revenueCogsSelectors.js,lib,206,product_recovery_status,snake_case,object_key,status_field,revenue-cogs,"product_recovery_ready: calculations.product_recovery_ready === true, product_recovery_status: calculations.product_recovery_status ?? ""not_selected"","
lib\selectors\revenueCogsSelectors.js,revenueCogsSelectors.js,lib,207,product_recovery_status,snake_case,snake_case_reference,status_field,revenue-cogs,"product_recovery_status: calculations.product_recovery_status ?? ""not_selected"", };"
lib\selectors\businessSummarySelectors.js,businessSummarySelectors.js,lib,107,revenue_cogs_not_ready,snake_case,snake_case_reference,readiness_field,revenue-cogs,"warnings.push({ warning_id: ""revenue_cogs_not_ready"", message:"
app\revenue-cogs\page.jsx,page.jsx,app,97,revenue_cogs_ready,snake_case,snake_case_reference,readiness_field,revenue-cogs,<RevenueCogsStatusStrip revenue_cogs_ready={status.revenue_cogs_ready} total_revenue={status.total_revenue}
components\revenue-cogs\RevenueCogsStatusStrip.jsx,RevenueCogsStatusStrip.jsx,components,14,revenue_cogs_ready,snake_case,snake_case_reference,readiness_field,revenue-cogs,"export default function RevenueCogsStatusStrip({ revenue_cogs_ready = false, total_revenue = 0,"
components\revenue-cogs\RevenueCogsStatusStrip.jsx,RevenueCogsStatusStrip.jsx,components,21,revenue_cogs_ready,snake_case,snake_case_reference,readiness_field,revenue-cogs,"}) { const status_title = revenue_cogs_ready ? ""Revenue / COGS Ready"""
hooks\useRevenueCogs.js,useRevenueCogs.js,hooks,274,revenue_cogs_ready,snake_case,object_key,readiness_field,revenue-cogs,"gross_margin_percent: calculations.gross_margin_percent, revenue_cogs_ready: status.revenue_cogs_ready, revenue_cogs_warnings: status.revenue_cogs_warnings,"
lib\selectors\businessSummarySelectors.js,businessSummarySelectors.js,lib,105,revenue_cogs_ready,snake_case,snake_case_reference,readiness_field,revenue-cogs,if (!revenue_cogs_ready) { warnings.push({
lib\selectors\businessSummarySelectors.js,businessSummarySelectors.js,lib,159,revenue_cogs_ready,snake_case,snake_case_reference,readiness_field,revenue-cogs,"model_trust_state, revenue_cogs_ready, cost_summary_ready,"
lib\selectors\businessSummarySelectors.js,businessSummarySelectors.js,lib,40,revenue_cogs_ready,snake_case,declaration,readiness_field,revenue-cogs,"const model_trust_state = calculations.model_trust_state || ""blocked""; const revenue_cogs_ready = calculations.revenue_cogs_ready === true; const cost_summary_ready = calculations.cost_summary_ready === true;"
lib\selectors\revenueCogsSelectors.js,revenueCogsSelectors.js,lib,127,revenue_cogs_ready,snake_case,object_key,readiness_field,revenue-cogs,"return { revenue_cogs_ready: all_warnings.length === 0, total_revenue,"
app\revenue-cogs\page.jsx,page.jsx,app,102,revenue_cogs_warnings,snake_case,warning_id,warnings_field,revenue-cogs,warning_count={status.warning_count} revenue_cogs_warnings={status.revenue_cogs_warnings} />
components\revenue-cogs\RevenueCogsStatusStrip.jsx,RevenueCogsStatusStrip.jsx,components,19,revenue_cogs_warnings,snake_case,warning_id,warnings_field,revenue-cogs,"warning_count = 0, revenue_cogs_warnings = [], }) {"
components\revenue-cogs\RevenueCogsStatusStrip.jsx,RevenueCogsStatusStrip.jsx,components,59,revenue_cogs_warnings,snake_case,warning_id,warnings_field,revenue-cogs,"{revenue_cogs_warnings.length > 0 ? ( <div className=""ui-stack-sm"">"
components\revenue-cogs\RevenueCogsStatusStrip.jsx,RevenueCogsStatusStrip.jsx,components,61,revenue_cogs_warnings,snake_case,warning_id,warnings_field,revenue-cogs,"<div className=""ui-stack-sm""> {revenue_cogs_warnings.map((warning) => ( <p className=""ui-help"" key={warning.warning_id}>"
hooks\useRevenueCogs.js,useRevenueCogs.js,hooks,275,revenue_cogs_warnings,snake_case,object_key,warnings_field,revenue-cogs,"revenue_cogs_ready: status.revenue_cogs_ready, revenue_cogs_warnings: status.revenue_cogs_warnings, direct_cost_category_totals: calculations.direct_cost_category_totals,"
lib\selectors\revenueCogsSelectors.js,revenueCogsSelectors.js,lib,136,revenue_cogs_warnings,snake_case,object_key,warnings_field,revenue-cogs,"warning_count: all_warnings.length, revenue_cogs_warnings: all_warnings, };"
components\revenue-cogs\RevenueCogXeroImportPanel.jsx,RevenueCogXeroImportPanel.jsx,components,231,status,plain,object_key,status_field,revenue-cogs,"difference: 0, status: ""not_available"", },"
hooks\useRevenueCogs.js,useRevenueCogs.js,hooks,266,status,plain,declaration,status_field,revenue-cogs,const status = buildRevenueCogsStatus(calculations); const card = buildRevenueCogsCard(calculations);
hooks\useRevenueCogs.js,useRevenueCogs.js,hooks,301,status,plain,object_key,status_field,revenue-cogs,"return { status: { ...status,"
lib\imports\xeroCogImporter.js,xeroCogImporter.js,lib,340,status,plain,object_key,status_field,revenue-cogs,"absolute_difference: Number(absolute_difference.toFixed(2)), status: absolute_difference <= 1 ? ""balanced"" : ""difference"", };"
lib\imports\xeroCogImporter.js,xeroCogImporter.js,lib,364,status,plain,object_key,status_field,revenue-cogs,"absolute_difference: Number(Math.abs(difference).toFixed(2)), status: Math.abs(difference) <= 1 ? ""balanced"" : ""difference"", },"
app\revenue-cogs\page.jsx,page.jsx,app,128,unit_recovery_ready,snake_case,snake_case_reference,readiness_field,revenue-cogs,} unit_recovery_ready={card.unit_recovery_ready} unit_recovery_warnings={card.unit_recovery_warnings}
hooks\useRevenueCogs.js,useRevenueCogs.js,hooks,291,unit_recovery_ready,snake_case,object_key,readiness_field,revenue-cogs,"calculations.weighted_average_margin_per_unit, unit_recovery_ready: calculations.unit_recovery_ready, unit_recovery_warnings: calculations.unit_recovery_warnings,"
lib\calculations\revenueCogsCalculations.js,revenueCogsCalculations.js,lib,241,unit_recovery_ready,snake_case,object_key,readiness_field,revenue-cogs,"weighted_average_margin_per_unit, unit_recovery_ready: resolved_commercial_driver_mode === ""hours_based"" ||"
lib\selectors\revenueCogsSelectors.js,revenueCogsSelectors.js,lib,133,unit_recovery_ready,snake_case,object_key,readiness_field,revenue-cogs,"commercial_driver_label: getCommercialDriverLabel(commercial_driver_mode), unit_recovery_ready: calculations.unit_recovery_ready === true, unit_recovery_warnings: unit_warnings,"
lib\selectors\revenueCogsSelectors.js,revenueCogsSelectors.js,lib,200,unit_recovery_ready,snake_case,object_key,readiness_field,revenue-cogs,"), unit_recovery_ready: calculations.unit_recovery_ready === true, unit_recovery_warnings: calculations.unit_recovery_warnings ?? [],"
app\revenue-cogs\page.jsx,page.jsx,app,129,unit_recovery_warnings,snake_case,warning_id,warnings_field,revenue-cogs,unit_recovery_ready={card.unit_recovery_ready} unit_recovery_warnings={card.unit_recovery_warnings} units_sold_annual={card.units_sold_annual}
components\revenue-cogs\RevenueCogsCard.jsx,RevenueCogsCard.jsx,components,329,unit_recovery_warnings,snake_case,warning_id,warnings_field,revenue-cogs,"weighted_average_margin_per_unit = 0, unit_recovery_warnings = [],"
components\revenue-cogs\RevenueCogsCard.jsx,RevenueCogsCard.jsx,components,525,unit_recovery_warnings,snake_case,warning_id,warnings_field,revenue-cogs,"{unit_recovery_warnings.length > 0 ? ( <div className=""ui-readonly"">"
components\revenue-cogs\RevenueCogsCard.jsx,RevenueCogsCard.jsx,components,529,unit_recovery_warnings,snake_case,warning_id,warnings_field,revenue-cogs,"<div className=""ui-stack-sm""> {unit_recovery_warnings.map((warning) => ( <p"
hooks\useRevenueCogs.js,useRevenueCogs.js,hooks,292,unit_recovery_warnings,snake_case,object_key,warnings_field,revenue-cogs,"unit_recovery_ready: calculations.unit_recovery_ready, unit_recovery_warnings: calculations.unit_recovery_warnings,"
lib\calculations\revenueCogsCalculations.js,revenueCogsCalculations.js,lib,208,unit_recovery_warnings,snake_case,declaration,warnings_field,revenue-cogs,"const unit_recovery_warnings = build_unit_driver_warnings({ commercial_driver_mode: resolved_commercial_driver_mode,"
lib\calculations\revenueCogsCalculations.js,revenueCogsCalculations.js,lib,243,unit_recovery_warnings,snake_case,warning_id,warnings_field,revenue-cogs,"resolved_commercial_driver_mode === ""hours_based"" || unit_recovery_warnings.length === 0, unit_recovery_warnings,"
lib\calculations\revenueCogsCalculations.js,revenueCogsCalculations.js,lib,244,unit_recovery_warnings,snake_case,warning_id,warnings_field,revenue-cogs,"unit_recovery_warnings.length === 0, unit_recovery_warnings,"
lib\calculations\revenueCogsCalculations.js,revenueCogsCalculations.js,lib,250,unit_recovery_warnings,snake_case,warning_id,warnings_field,revenue-cogs,"resolved_commercial_driver_mode !== ""hours_based"" && unit_recovery_warnings.length === 0, product_recovery_status:"
lib\selectors\revenueCogsSelectors.js,revenueCogsSelectors.js,lib,120,unit_recovery_warnings,snake_case,warning_id,warnings_field,revenue-cogs,const unit_warnings = Array.isArray(calculations.unit_recovery_warnings) ? calculations.unit_recovery_warnings
lib\selectors\revenueCogsSelectors.js,revenueCogsSelectors.js,lib,121,unit_recovery_warnings,snake_case,warning_id,warnings_field,revenue-cogs,const unit_warnings = Array.isArray(calculations.unit_recovery_warnings) ? calculations.unit_recovery_warnings : [];
lib\selectors\revenueCogsSelectors.js,revenueCogsSelectors.js,lib,134,unit_recovery_warnings,snake_case,object_key,warnings_field,revenue-cogs,"unit_recovery_ready: calculations.unit_recovery_ready === true, unit_recovery_warnings: unit_warnings, warning_count: all_warnings.length,"
lib\selectors\revenueCogsSelectors.js,revenueCogsSelectors.js,lib,201,unit_recovery_warnings,snake_case,object_key,warnings_field,revenue-cogs,"unit_recovery_ready: calculations.unit_recovery_ready === true, unit_recovery_warnings: calculations.unit_recovery_warnings ?? [],"
lib\selectors\revenueCogsSelectors.js,revenueCogsSelectors.js,lib,120,unit_warnings,snake_case,declaration,warnings_field,revenue-cogs,const unit_warnings = Array.isArray(calculations.unit_recovery_warnings) ? calculations.unit_recovery_warnings
lib\selectors\revenueCogsSelectors.js,revenueCogsSelectors.js,lib,124,unit_warnings,snake_case,warning_id,warnings_field,revenue-cogs,"const all_warnings = [...warnings, ...unit_warnings];"
lib\selectors\revenueCogsSelectors.js,revenueCogsSelectors.js,lib,134,unit_warnings,snake_case,warning_id,warnings_field,revenue-cogs,"unit_recovery_ready: calculations.unit_recovery_ready === true, unit_recovery_warnings: unit_warnings, warning_count: all_warnings.length,"
lib\calculations\revenueCogsCalculations.js,revenueCogsCalculations.js,lib,98,warnings,plain,declaration,warnings_field,revenue-cogs,}) { const warnings = [];
lib\selectors\revenueCogsSelectors.js,revenueCogsSelectors.js,lib,95,warnings,plain,declaration,warnings_field,revenue-cogs,const warnings = [];
lib\calculations\revenueRealityCalculations.js,revenueRealityCalculations.js,lib,151,build_revenue_reality_warnings,snake_case,warning_id,warnings_field,revenue-reality,"const revenue_reality_warnings = build_revenue_reality_warnings({ total_revenue: revenue,"
lib\calculations\revenueRealityCalculations.js,revenueRealityCalculations.js,lib,20,build_revenue_reality_warnings,snake_case,warning_id,warnings_field,revenue-reality,"function build_revenue_reality_warnings({ total_revenue,"
lib\calculations\revenueRealityCalculations.js,revenueRealityCalculations.js,lib,159,get_revenue_reality_status,snake_case,snake_case_reference,status_field,revenue-reality,"const revenue_reality_status = get_revenue_reality_status({ total_revenue: revenue,"
lib\calculations\revenueRealityCalculations.js,revenueRealityCalculations.js,lib,86,get_revenue_reality_status,snake_case,snake_case_reference,status_field,revenue-reality,"function get_revenue_reality_status({ total_revenue,"
app\revenue-reality\page.jsx,page.jsx,app,45,is_hours_based,snake_case,snake_case_reference,readiness_field,revenue-reality,hero_message={card.hero_message} is_hours_based={card.is_hours_based} />
components\revenue-reality\RevenueRealityMainCard.jsx,RevenueRealityMainCard.jsx,components,43,is_hours_based,snake_case,snake_case_reference,readiness_field,revenue-reality,"<p className=""ui-help""> {is_hours_based ? ""This test shows whether material margin is being used to support labour. In an hours-based business, labour should stand on its own. If labour consumes most or all of GP, the business may be relying on material margin to hide labour under-recovery."""
components\revenue-reality\RevenueRealityMainCard.jsx,RevenueRealityMainCard.jsx,components,6,is_hours_based,snake_case,snake_case_reference,readiness_field,revenue-reality,"hero_message = """", is_hours_based = true, }) {"
hooks\useRevenueReality.js,useRevenueReality.js,hooks,83,is_hours_based,snake_case,object_key,readiness_field,revenue-reality,"business_type: calculations.business_type, is_hours_based: calculations.is_hours_based, is_product_based: calculations.is_product_based,"
lib\calculations\revenueRealityCalculations.js,revenueRealityCalculations.js,lib,180,is_hours_based,snake_case,object_key,readiness_field,revenue-reality,"business_type: resolved_business_type, is_hours_based: resolved_is_hours_based, is_product_based: resolved_is_product_based,"
app\revenue-reality\page.jsx,page.jsx,app,15,is_mounted,snake_case,array_destructured_name,readiness_field,revenue-reality,"export default function RevenueRealityPage() { const [is_mounted, set_is_mounted] = useState(false); const { status, card } = useRevenueReality();"
app\revenue-reality\page.jsx,page.jsx,app,22,is_mounted,snake_case,snake_case_reference,readiness_field,revenue-reality,if (!is_mounted) { return null;
hooks\useRevenueReality.js,useRevenueReality.js,hooks,84,is_product_based,snake_case,object_key,readiness_field,revenue-reality,"is_hours_based: calculations.is_hours_based, is_product_based: calculations.is_product_based, revenue_reality_status:"
lib\calculations\revenueRealityCalculations.js,revenueRealityCalculations.js,lib,118,is_product_based,snake_case,snake_case_reference,readiness_field,revenue-reality,"business_type = ""labour_based"", is_product_based = false, is_labour_based = false,"
lib\calculations\revenueRealityCalculations.js,revenueRealityCalculations.js,lib,145,is_product_based,snake_case,snake_case_reference,readiness_field,revenue-reality,"const resolved_business_type = business_type || (is_product_based ? ""product_based"" : ""labour_based""); const resolved_is_product_based ="
lib\calculations\revenueRealityCalculations.js,revenueRealityCalculations.js,lib,147,is_product_based,snake_case,snake_case_reference,readiness_field,revenue-reality,"const resolved_is_product_based = is_product_based === true || resolved_business_type === ""product_based""; const resolved_is_hours_based ="
lib\calculations\revenueRealityCalculations.js,revenueRealityCalculations.js,lib,181,is_product_based,snake_case,object_key,readiness_field,revenue-reality,"is_hours_based: resolved_is_hours_based, is_product_based: resolved_is_product_based, revenue_reality_status,"
hooks\useRevenueReality.js,useRevenueReality.js,hooks,79,revenue_reality_ready,snake_case,object_key,readiness_field,revenue-reality,"calculations.labour_shortfall_against_margin, revenue_reality_ready: calculations.revenue_reality_ready, revenue_reality_warnings:"
lib\calculations\revenueRealityCalculations.js,revenueRealityCalculations.js,lib,177,revenue_reality_ready,snake_case,object_key,readiness_field,revenue-reality,"labour_shortfall_against_margin, revenue_reality_ready: revenue_reality_warnings.length === 0, revenue_reality_warnings,"
lib\selectors\revenueRealitySelectors.js,revenueRealitySelectors.js,lib,92,revenue_reality_ready,snake_case,object_key,readiness_field,revenue-reality,"return { revenue_reality_ready: calculations.revenue_reality_ready === true, revenue_reality_status:"
hooks\useRevenueReality.js,useRevenueReality.js,hooks,85,revenue_reality_status,snake_case,object_key,status_field,revenue-reality,"is_product_based: calculations.is_product_based, revenue_reality_status: calculations.revenue_reality_status,"
hooks\useRevenueReality.js,useRevenueReality.js,hooks,86,revenue_reality_status,snake_case,snake_case_reference,status_field,revenue-reality,"revenue_reality_status: calculations.revenue_reality_status, },"
lib\calculations\revenueRealityCalculations.js,revenueRealityCalculations.js,lib,159,revenue_reality_status,snake_case,declaration,status_field,revenue-reality,"const revenue_reality_status = get_revenue_reality_status({ total_revenue: revenue,"
lib\calculations\revenueRealityCalculations.js,revenueRealityCalculations.js,lib,182,revenue_reality_status,snake_case,snake_case_reference,status_field,revenue-reality,"is_product_based: resolved_is_product_based, revenue_reality_status, };"
lib\selectors\revenueRealitySelectors.js,revenueRealitySelectors.js,lib,93,revenue_reality_status,snake_case,object_key,status_field,revenue-reality,"revenue_reality_ready: calculations.revenue_reality_ready === true, revenue_reality_status: calculations.revenue_reality_status ?? ""no_margin_data"","
lib\selectors\revenueRealitySelectors.js,revenueRealitySelectors.js,lib,94,revenue_reality_status,snake_case,snake_case_reference,status_field,revenue-reality,"revenue_reality_status: calculations.revenue_reality_status ?? ""no_margin_data"", status_title:"
app\revenue-reality\page.jsx,page.jsx,app,39,revenue_reality_warnings,snake_case,warning_id,warnings_field,revenue-reality,warning_count={status.warning_count} revenue_reality_warnings={status.revenue_reality_warnings} />
components\revenue-reality\RevenueRealityStatusStrip.jsx,RevenueRealityStatusStrip.jsx,components,19,revenue_reality_warnings,snake_case,warning_id,warnings_field,revenue-reality,"warning_count = 0, revenue_reality_warnings = [], }) {"
components\revenue-reality\RevenueRealityStatusStrip.jsx,RevenueRealityStatusStrip.jsx,components,74,revenue_reality_warnings,snake_case,warning_id,warnings_field,revenue-reality,"{revenue_reality_warnings.length > 0 ? ( <div className=""ui-stack-sm"">"
components\revenue-reality\RevenueRealityStatusStrip.jsx,RevenueRealityStatusStrip.jsx,components,76,revenue_reality_warnings,snake_case,warning_id,warnings_field,revenue-reality,"<div className=""ui-stack-sm""> {revenue_reality_warnings.map((warning) => ( <p className=""ui-help"" key={warning.warning_id}>"
hooks\useRevenueReality.js,useRevenueReality.js,hooks,80,revenue_reality_warnings,snake_case,object_key,warnings_field,revenue-reality,"revenue_reality_ready: calculations.revenue_reality_ready, revenue_reality_warnings: calculations.revenue_reality_warnings,"
hooks\useRevenueReality.js,useRevenueReality.js,hooks,81,revenue_reality_warnings,snake_case,warning_id,warnings_field,revenue-reality,"revenue_reality_warnings: calculations.revenue_reality_warnings, business_type: calculations.business_type,"
lib\calculations\revenueRealityCalculations.js,revenueRealityCalculations.js,lib,151,revenue_reality_warnings,snake_case,declaration,warnings_field,revenue-reality,"const revenue_reality_warnings = build_revenue_reality_warnings({ total_revenue: revenue,"
lib\calculations\revenueRealityCalculations.js,revenueRealityCalculations.js,lib,177,revenue_reality_warnings,snake_case,warning_id,warnings_field,revenue-reality,"labour_shortfall_against_margin, revenue_reality_ready: revenue_reality_warnings.length === 0, revenue_reality_warnings,"
lib\calculations\revenueRealityCalculations.js,revenueRealityCalculations.js,lib,178,revenue_reality_warnings,snake_case,warning_id,warnings_field,revenue-reality,"revenue_reality_ready: revenue_reality_warnings.length === 0, revenue_reality_warnings, business_type: resolved_business_type,"
lib\selectors\revenueRealitySelectors.js,revenueRealitySelectors.js,lib,108,revenue_reality_warnings,snake_case,warning_id,warnings_field,revenue-reality,"), warning_count: revenue_reality_warnings.length, revenue_reality_warnings,"
lib\selectors\revenueRealitySelectors.js,revenueRealitySelectors.js,lib,109,revenue_reality_warnings,snake_case,warning_id,warnings_field,revenue-reality,"warning_count: revenue_reality_warnings.length, revenue_reality_warnings, };"
lib\selectors\revenueRealitySelectors.js,revenueRealitySelectors.js,lib,85,revenue_reality_warnings,snake_case,declaration,warnings_field,revenue-reality,export function buildRevenueRealityStatus(calculations = {}) { const revenue_reality_warnings = Array.isArray( calculations.revenue_reality_warnings
lib\selectors\revenueRealitySelectors.js,revenueRealitySelectors.js,lib,86,revenue_reality_warnings,snake_case,warning_id,warnings_field,revenue-reality,const revenue_reality_warnings = Array.isArray( calculations.revenue_reality_warnings )
lib\selectors\revenueRealitySelectors.js,revenueRealitySelectors.js,lib,88,revenue_reality_warnings,snake_case,warning_id,warnings_field,revenue-reality,) ? calculations.revenue_reality_warnings : [];
lib\selectors\revenueRealitySelectors.js,revenueRealitySelectors.js,lib,96,revenue_reality_warnings,snake_case,warning_id,warnings_field,revenue-reality,"status_title: revenue_reality_warnings.length > 0 ? ""Revenue Reality Has Warnings"""
app\revenue-reality\page.jsx,page.jsx,app,16,status,plain,destructured_name,status_field,revenue-reality,"const [is_mounted, set_is_mounted] = useState(false); const { status, card } = useRevenueReality();"
hooks\useRevenueReality.js,useRevenueReality.js,hooks,58,status,plain,declaration,status_field,revenue-reality,const status = buildRevenueRealityStatus(calculations); const card = buildRevenueRealityCard(calculations);
lib\calculations\revenueRealityCalculations.js,revenueRealityCalculations.js,lib,27,warnings,plain,declaration,warnings_field,revenue-reality,}) { const warnings = [];
