module_name,variable_name,likely_role,variable_style,occurrence_count,source_areas,source_files,first_seen_file,first_seen_line,extraction_types,notes
assets,active_assets,output_contract_field,snake_case,11,hooks | lib,hooks\cost-allocation\useCostAllocationAssetOverlay.js | hooks\useAssets.js | hooks\useCostAllocation.js | hooks\useCostSummary.js | lib\reconciliation\reconciliationRules.js,hooks\cost-allocation\useCostAllocationAssetOverlay.js,32,declaration | object_key | snake_case_reference,multiple_roles_detected | appears_in_multiple_files | downstream_contract_candidate
assets,asset_detail,output_contract_field,snake_case,1,hooks,hooks\useCostSummary.js,hooks\useCostSummary.js,48,object_key,downstream_contract_candidate
assets,asset_finance_benchmark_total,output_contract_field,snake_case,1,lib,lib\reconciliation\reconciliationRules.js,lib\reconciliation\reconciliationRules.js,219,declaration,downstream_contract_candidate
assets,asset_interest_annual,output_contract_field,snake_case,3,hooks | lib,hooks\useAssets.js | lib\reconciliation\reconciliationRules.js,hooks\useAssets.js,378,object_key | snake_case_reference,multiple_roles_detected | appears_in_multiple_files | downstream_contract_candidate
assets,asset_operator,output_contract_field,snake_case,1,lib,lib\selectors\quickStartSelectors.js,lib\selectors\quickStartSelectors.js,48,snake_case_reference,downstream_contract_candidate
assets,asset_output_contract,output_contract_field,snake_case,68,hooks | lib,hooks\cost-allocation\useCostAllocationAssetOverlay.js | hooks\useCostAllocation.js | hooks\useCostSummary.js | lib\reconciliation\moduleReconciliation.js | lib\reconciliation\reconciliationRules.js,hooks\cost-allocation\useCostAllocationAssetOverlay.js,29,declaration | object_key | snake_case_reference,appears_in_multiple_files | downstream_contract_candidate
assets,asset_outputs,output_contract_field,snake_case,1,hooks,hooks\useRecoverySummary.js,hooks\useRecoverySummary.js,30,declaration,downstream_contract_candidate
assets,asset_overhead_pool_assignment_summary,output_contract_field,snake_case,4,hooks,hooks\useAssets.js | hooks\useCostSummary.js,hooks\useAssets.js,599,object_key | snake_case_reference,multiple_roles_detected | appears_in_multiple_files | downstream_contract_candidate
assets,asset_overhead_pools,output_contract_field,snake_case,6,components | hooks,components\general-overheads\GeneralOverheadSummaryCard.jsx | hooks\useAssets.js | hooks\useGeneralOverheads.js,components\general-overheads\GeneralOverheadSummaryCard.jsx,179,declaration | object_key | snake_case_reference,multiple_roles_detected | appears_in_multiple_files | downstream_contract_candidate
assets,asset_recovery_overlay,output_contract_field,snake_case,1,hooks,hooks\useCostAllocation.js,hooks\useCostAllocation.js,87,declaration,downstream_contract_candidate
assets,asset_related_unassigned_cost,output_contract_field,snake_case,6,hooks,hooks\useAssets.js | hooks\useCostSummary.js | hooks\useGeneralOverheads.js,hooks\useAssets.js,639,object_key | snake_case_reference,multiple_roles_detected | appears_in_multiple_files | downstream_contract_candidate
assets,asset_review_required,output_contract_field,snake_case,4,hooks,hooks\useAssets.js | hooks\useCostSummary.js | hooks\useGeneralOverheads.js,hooks\useAssets.js,639,object_key | warning_id,multiple_roles_detected | appears_in_multiple_files | downstream_contract_candidate
assets,asset_status,output_contract_field,snake_case,9,components | lib,components\assets\AssetForm.jsx | lib\reconciliation\moduleReconciliation.js | lib\reconciliation\reconciliationRules.js,components\assets\AssetForm.jsx,46,declaration | snake_case_reference,multiple_roles_detected | appears_in_multiple_files | downstream_contract_candidate
assets,assets,output_contract_field,plain,11,app | components | hooks,app\cost-summary\page.jsx | components\business-summary\BusinessSummaryCard.jsx | components\business-summary\BusinessSummaryHierarchyBuilder.js | components\business-summary\BusinessSummaryMacroPositionCard.jsx | hooks\useAssets.js | hooks\useBusinessSummary.js | hooks\useCostSummary.js | hooks\useQuoteEngine.js | hooks\useRecoverySummary.js,app\cost-summary\page.jsx,16,object_key,multiple_roles_detected | appears_in_multiple_files | downstream_contract_candidate
assets,assets_benchmark_total,output_contract_field,snake_case,7,hooks | lib,hooks\useAssets.js | lib\reconciliation\reconciliationRules.js | lib\selectors\assetSelectors.js | lib\storage\assetStorage.js,hooks\useAssets.js,209,declaration | object_key | snake_case_reference,multiple_roles_detected | appears_in_multiple_files | downstream_contract_candidate
assets,assets_output,output_contract_field,snake_case,1,components,components\model-readiness\ModelReadinessAuditPanel.jsx,components\model-readiness\ModelReadinessAuditPanel.jsx,40,declaration,downstream_contract_candidate
assets,assets_ready,output_contract_field,snake_case,20,app | hooks | lib,app\dev\model-readiness\page.jsx | app\model-readiness\page.jsx | hooks\useAssets.js | lib\calculations\assetCalculations.js | lib\reconciliation\reconciliationRules.js | lib\selectors\assetSelectors.js,app\dev\model-readiness\page.jsx,80,declaration | object_key | snake_case_reference,multiple_roles_detected | appears_in_multiple_files | downstream_contract_candidate
assets,assigned_asset_overhead_cost,output_contract_field,snake_case,4,hooks,hooks\useCostSummary.js,hooks\useCostSummary.js,26,declaration | snake_case_reference,downstream_contract_candidate
assets,assigned_asset_overhead_cost_annual,output_contract_field,snake_case,5,hooks,hooks\useCostSummary.js,hooks\useCostSummary.js,45,object_key,multiple_roles_detected | downstream_contract_candidate
assets,base_asset_cost_annual,output_contract_field,snake_case,4,hooks,hooks\cost-allocation\useCostAllocationAssetOverlay.js | hooks\useCostSummary.js,hooks\cost-allocation\useCostAllocationAssetOverlay.js,94,object_key,multiple_roles_detected | appears_in_multiple_files | downstream_contract_candidate
assets,build_asset_recovery_overlay,output_contract_field,snake_case,2,hooks,hooks\cost-allocation\useCostAllocationAssetOverlay.js,hooks\cost-allocation\useCostAllocationAssetOverlay.js,28,snake_case_reference,downstream_contract_candidate
assets,default_recovery_hours,output_contract_field,snake_case,1,hooks,hooks\cost-allocation\useCostAllocationAssetOverlay.js,hooks\cost-allocation\useCostAllocationAssetOverlay.js,33,declaration,downstream_contract_candidate
assets,excluded_asset_finance_interest_total,output_contract_field,snake_case,1,lib,lib\reconciliation\reconciliationRules.js,lib\reconciliation\reconciliationRules.js,221,snake_case_reference,downstream_contract_candidate
assets,general_overheads,output_contract_field,snake_case,3,hooks,hooks\useAssets.js,hooks\useAssets.js,203,declaration | snake_case_reference,downstream_contract_candidate
assets,has_productive_asset_recovery_base,output_contract_field,snake_case,24,hooks | lib,hooks\cost-allocation\useCostAllocationOutputContract.js | hooks\useAssets.js | hooks\useBusinessSummary.js | hooks\useCostSummary.js | lib\calculations\cost-allocation\costAllocationInputBuilder.js | lib\calculations\recoverySummaryCalculations.js | lib\selectors\recoverySummarySelectors.js,hooks\cost-allocation\useCostAllocationOutputContract.js,40,declaration | object_key | snake_case_reference,multiple_roles_detected | appears_in_multiple_files | downstream_contract_candidate
assets,live_assets,output_contract_field,snake_case,1,hooks,hooks\useAssets.js,hooks\useAssets.js,419,declaration,downstream_contract_candidate
assets,no_active_assets_confirmed,output_contract_field,snake_case,9,hooks | lib,hooks\useAssets.js | lib\reconciliation\reconciliationRules.js | lib\selectors\assetSelectors.js | lib\storage\assetStorage.js,hooks\useAssets.js,611,declaration | object_key | snake_case_reference,multiple_roles_detected | appears_in_multiple_files | downstream_contract_candidate
assets,output_contract,output_contract_field,snake_case,5,hooks,hooks\useAssets.js,hooks\useAssets.js,202,output_contract_reference,downstream_contract_candidate
assets,productive_asset_cost,output_contract_field,snake_case,11,hooks,hooks\cost-allocation\useCostAllocationAssetOverlay.js | hooks\useBusinessSummary.js | hooks\useCostAllocation.js | hooks\useCostSummary.js,hooks\cost-allocation\useCostAllocationAssetOverlay.js,174,object_key | snake_case_reference,multiple_roles_detected | appears_in_multiple_files | downstream_contract_candidate
assets,productive_asset_count,output_contract_field,snake_case,8,hooks,hooks\useAssets.js | hooks\useBusinessSummary.js | hooks\useCostSummary.js,hooks\useAssets.js,614,object_key | snake_case_reference,multiple_roles_detected | appears_in_multiple_files | downstream_contract_candidate
assets,productive_asset_recovery_cost_annual,output_contract_field,snake_case,4,hooks,hooks\useCostSummary.js,hooks\useCostSummary.js,141,object_key | snake_case_reference,downstream_contract_candidate
assets,recovery_hours_used,output_contract_field,snake_case,5,hooks,hooks\cost-allocation\useCostAllocationAssetOverlay.js,hooks\cost-allocation\useCostAllocationAssetOverlay.js,30,snake_case_reference,downstream_contract_candidate
assets,safe_array,output_contract_field,snake_case,1,hooks,hooks\cost-allocation\useCostAllocationAssetOverlay.js,hooks\cost-allocation\useCostAllocationAssetOverlay.js,32,snake_case_reference,downstream_contract_candidate
assets,safe_number,output_contract_field,snake_case,1,hooks,hooks\cost-allocation\useCostAllocationAssetOverlay.js,hooks\cost-allocation\useCostAllocationAssetOverlay.js,33,snake_case_reference,downstream_contract_candidate
assets,saved_assets,output_contract_field,snake_case,2,hooks | lib,hooks\useAssets.js | lib\selectors\assetSelectors.js,hooks\useAssets.js,419,snake_case_reference,multiple_roles_detected | appears_in_multiple_files | downstream_contract_candidate
assets,support_asset_cost,output_contract_field,snake_case,9,hooks,hooks\cost-allocation\useCostAllocationAssetOverlay.js | hooks\useBusinessSummary.js | hooks\useCostAllocation.js | hooks\useCostSummary.js,hooks\cost-allocation\useCostAllocationAssetOverlay.js,175,object_key | snake_case_reference,multiple_roles_detected | appears_in_multiple_files | downstream_contract_candidate
assets,support_asset_count,output_contract_field,snake_case,8,hooks,hooks\useAssets.js | hooks\useBusinessSummary.js | hooks\useCostSummary.js,hooks\useAssets.js,615,object_key | snake_case_reference,multiple_roles_detected | appears_in_multiple_files | downstream_contract_candidate
assets,total_allocated_asset_overhead_cost_annual,output_contract_field,snake_case,1,hooks,hooks\useCostSummary.js,hooks\useCostSummary.js,27,snake_case_reference,downstream_contract_candidate
assets,total_asset_cost_annual,output_contract_field,snake_case,21,hooks | lib,hooks\useAssets.js | hooks\useBusinessSummary.js | hooks\useCostSummary.js | lib\audit\buildLiveAuditSnapshotExport.js | lib\calculations\quoteEngineCalculations.js | lib\reconciliation\reconciliationRules.js,hooks\useAssets.js,369,declaration | object_key | snake_case_reference,multiple_roles_detected | appears_in_multiple_files | downstream_contract_candidate
assets,total_asset_interest_annual,output_contract_field,snake_case,4,hooks | lib,hooks\useCostSummary.js | lib\reconciliation\reconciliationRules.js,hooks\useCostSummary.js,46,declaration | object_key | snake_case_reference,appears_in_multiple_files | downstream_contract_candidate
assets,total_asset_recovery_cost_annual,output_contract_field,snake_case,6,hooks,hooks\useAssets.js | hooks\useCostSummary.js,hooks\useAssets.js,641,object_key | snake_case_reference,multiple_roles_detected | appears_in_multiple_files | downstream_contract_candidate
assets,total_general_overheads_before_asset_assignment,output_contract_field,snake_case,3,hooks,hooks\useCostSummary.js,hooks\useCostSummary.js,29,declaration | object_key,multiple_roles_detected | downstream_contract_candidate
assets,total_unassigned_asset_related_overhead_cost_annual,output_contract_field,snake_case,4,hooks,hooks\useAssets.js | hooks\useCostSummary.js | hooks\useGeneralOverheads.js,hooks\useAssets.js,636,object_key,multiple_roles_detected | appears_in_multiple_files | downstream_contract_candidate
assets,asset_assignment,consumed_field,snake_case,2,hooks,hooks\cost-allocation\useCostAllocationAssignmentCards.js | hooks\useCostAllocation.js,hooks\cost-allocation\useCostAllocationAssignmentCards.js,306,destructured_name | object_key,multiple_roles_detected | appears_in_multiple_files | consumed_from_upstream
assets,allocation_status,status_field,snake_case,7,components | lib,components\assets\AssetSummaryCard.jsx | lib\selectors\assetSelectors.js,components\assets\AssetSummaryCard.jsx,86,declaration | snake_case_reference,appears_in_multiple_files
assets,asset_pool_guardrail_status,status_field,snake_case,2,lib,lib\selectors\assetSelectors.js,lib\selectors\assetSelectors.js,309,declaration | snake_case_reference,
assets,asset_pool_status,status_field,snake_case,5,hooks | lib,hooks\cost-allocation\useCostAllocationAssignmentCards.js | lib\calculations\cost-allocation\costAllocationPoolBuilders.js | lib\calculations\costAllocationRules.js | lib\selectors\cost-allocation\costAllocationCardSections.js,hooks\cost-allocation\useCostAllocationAssignmentCards.js,239,object_key | snake_case_reference,appears_in_multiple_files
assets,asset_recovery_status,status_field,snake_case,13,components | hooks | lib,components\recovery-summary\RecoverySummaryMainCard.jsx | components\recovery-summary\RecoverySummaryStatusStrip.jsx | components\recovery-summary\main-card\RecoverySupportingEvidenceDetail.jsx | hooks\useRecoverySummary.js | lib\calculations\recoverySummaryCalculations.js | lib\selectors\recoverySummarySelectors.js,components\recovery-summary\RecoverySummaryMainCard.jsx,73,declaration | object_key | snake_case_reference,appears_in_multiple_files
assets,asset_utilisation_status,status_field,snake_case,8,hooks | lib,hooks\cost-allocation\useCostAllocationOutputContract.js | hooks\useRecoverySummary.js | lib\calculations\cost-allocation\costAllocationInputBuilder.js | lib\calculations\recoverySummaryCalculations.js | lib\selectors\recoverySummarySelectors.js,hooks\cost-allocation\useCostAllocationOutputContract.js,38,declaration | object_key | snake_case_reference,appears_in_multiple_files
assets,assignment_status,status_field,snake_case,4,hooks | lib,hooks\useAssets.js | lib\selectors\assetSelectors.js,hooks\useAssets.js,99,declaration | object_key | snake_case_reference,appears_in_multiple_files
assets,finance_status,status_field,snake_case,24,components | hooks | lib,components\assets\AssetForm.jsx | hooks\useAssets.js | lib\calculations\assetCalculations.js | lib\selectors\assetSelectors.js | lib\storage\assetStorage.js,components\assets\AssetForm.jsx,48,declaration | object_key | snake_case_reference,appears_in_multiple_files
assets,next_status,status_field,snake_case,5,components,components\assets\AssetForm.jsx,components\assets\AssetForm.jsx,54,snake_case_reference,
assets,status,status_field,plain,2,app | hooks,app\assets\page.jsx | hooks\useAssets.js,app\assets\page.jsx,8,declaration | destructured_name,appears_in_multiple_files
assets,Ready,readiness_field,PascalCase,1,components,components\assets\AssetStatusStrip.jsx,components\assets\AssetStatusStrip.jsx,44,quoted_object_key,
assets,active_assets_ready,readiness_field,snake_case,6,lib,lib\reconciliation\reconciliationRules.js | lib\selectors\assetSelectors.js,lib\reconciliation\reconciliationRules.js,95,declaration | snake_case_reference,appears_in_multiple_files
assets,has_active_assets,readiness_field,snake_case,7,lib,lib\reconciliation\reconciliationRules.js,lib\reconciliation\reconciliationRules.js,88,declaration | snake_case_reference,
assets,has_asset_data,readiness_field,snake_case,3,lib,lib\selectors\costSummarySelectors.js,lib\selectors\costSummarySelectors.js,138,declaration | snake_case_reference,
assets,has_asset_finance_interest_duplication,readiness_field,snake_case,2,hooks,hooks\useGeneralOverheads.js,hooks\useGeneralOverheads.js,470,declaration | snake_case_reference,
assets,has_asset_rate,readiness_field,snake_case,1,hooks,hooks\cost-allocation\useCostAllocationGroupRecoveryRows.js,hooks\cost-allocation\useCostAllocationGroupRecoveryRows.js,237,object_key,
assets,has_asset_recovery_base,readiness_field,snake_case,6,lib,lib\calculations\recoverySummaryCalculations.js,lib\calculations\recoverySummaryCalculations.js,145,declaration | snake_case_reference,
assets,has_asset_strategy_without_assets,readiness_field,snake_case,2,lib,lib\calculations\recoveryOutcomeCalculations.js,lib\calculations\recoveryOutcomeCalculations.js,162,snake_case_reference,
assets,has_asset_structure_issue,readiness_field,snake_case,10,lib,lib\calculations\cost-allocation\costAllocationStatus.js | lib\calculations\cost-allocation\costAllocationWarnings.js | lib\calculations\costAllocationRules.js,lib\calculations\cost-allocation\costAllocationStatus.js,4,declaration | snake_case_reference,appears_in_multiple_files
assets,has_finance,readiness_field,snake_case,8,lib,lib\calculations\assetCalculations.js,lib\calculations\assetCalculations.js,143,declaration | snake_case_reference,
assets,has_hydrated,readiness_field,snake_case,5,lib,lib\storage\assetStorage.js,lib\storage\assetStorage.js,330,array_destructured_name | snake_case_reference,
assets,has_low_asset_coverage,readiness_field,snake_case,5,lib,lib\calculations\cost-allocation\costAllocationWarnings.js | lib\calculations\costAllocationRules.js,lib\calculations\cost-allocation\costAllocationWarnings.js,14,declaration | snake_case_reference,appears_in_multiple_files
assets,has_positive_number,readiness_field,snake_case,17,lib,lib\selectors\assetSelectors.js,lib\selectors\assetSelectors.js,29,snake_case_reference,
assets,has_productive_asset_zero_utilisation,readiness_field,snake_case,4,lib,lib\calculations\cost-allocation\costAllocationWarnings.js | lib\calculations\costAllocationRules.js,lib\calculations\cost-allocation\costAllocationWarnings.js,22,declaration | warning_id,appears_in_multiple_files
assets,has_productive_assets,readiness_field,snake_case,4,lib,lib\calculations\cost-allocation\costAllocationValidation.js,lib\calculations\cost-allocation\costAllocationValidation.js,199,declaration | snake_case_reference,
assets,has_valid_number,readiness_field,snake_case,2,lib,lib\selectors\assetSelectors.js,lib\selectors\assetSelectors.js,33,snake_case_reference,
assets,has_value,readiness_field,snake_case,9,lib,lib\selectors\assetSelectors.js,lib\selectors\assetSelectors.js,25,snake_case_reference,
assets,is_active,readiness_field,snake_case,10,components | hooks | lib,components\assets\AssetForm.jsx | hooks\useAssets.js | lib\storage\assetProfileStorage.js | lib\storage\assetStorage.js,components\assets\AssetForm.jsx,56,object_key | snake_case_reference,appears_in_multiple_files
assets,is_asset_finance_interest,readiness_field,snake_case,4,lib,lib\calculations\generalOverheadCalculations.js | lib\selectors\general-overheads\generalOverheadAllocationSelectors.js,lib\calculations\generalOverheadCalculations.js,204,declaration | snake_case_reference,appears_in_multiple_files
assets,is_asset_finance_interest_row,readiness_field,snake_case,3,lib,lib\calculations\generalOverheadCalculations.js,lib\calculations\generalOverheadCalculations.js,6,snake_case_reference,
assets,is_asset_recovery_clean,readiness_field,snake_case,2,lib,lib\selectors\recoverySummarySelectors.js,lib\selectors\recoverySummarySelectors.js,241,snake_case_reference,
assets,is_asset_related_pool,readiness_field,snake_case,7,hooks | lib,hooks\useGeneralOverheads.js | lib\selectors\general-overheads\generalOverheadAllocationSelectors.js | lib\selectors\general-overheads\generalOverheadPoolSelectors.js,hooks\useGeneralOverheads.js,506,declaration | object_key | snake_case_reference,appears_in_multiple_files
assets,is_current,readiness_field,snake_case,2,components | lib,components\assets\AssetListCard.jsx | lib\selectors\assetSelectors.js,components\assets\AssetListCard.jsx,35,object_key | snake_case_reference,appears_in_multiple_files
assets,is_fully_allocated,readiness_field,snake_case,3,components,components\cost-allocation\groups\CostAllocationGroupAssetBuilder.jsx,components\cost-allocation\groups\CostAllocationGroupAssetBuilder.jsx,90,declaration | snake_case_reference,
assets,is_over_allocated,readiness_field,snake_case,3,components,components\assets\AssetSummaryCard.jsx,components\assets\AssetSummaryCard.jsx,85,declaration | snake_case_reference,
assets,is_ready,readiness_field,snake_case,3,components | lib,components\assets\AssetStatusStrip.jsx | lib\selectors\assetSelectors.js,components\assets\AssetStatusStrip.jsx,23,object_key | snake_case_reference,appears_in_multiple_files
assets,is_retired,readiness_field,snake_case,23,components | hooks | lib,components\assets\AssetForm.jsx | components\assets\AssetSummaryCard.jsx | hooks\useAssets.js | lib\calculations\assetCalculations.js | lib\selectors\assetSelectors.js | lib\storage\assetStorage.js,components\assets\AssetForm.jsx,46,declaration | object_key | snake_case_reference,appears_in_multiple_files
assets,is_same_asset_as_active,readiness_field,snake_case,2,lib,lib\storage\assetProfileStorage.js,lib\storage\assetProfileStorage.js,39,declaration | snake_case_reference,
assets,is_unmatched,readiness_field,snake_case,1,components,components\cost-allocation\groups\CostAllocationGroupAssetBuilder.jsx,components\cost-allocation\groups\CostAllocationGroupAssetBuilder.jsx,192,snake_case_reference,
assets,is_valid_active_asset_record,readiness_field,snake_case,2,lib,lib\selectors\assetSelectors.js,lib\selectors\assetSelectors.js,182,snake_case_reference,
assets,no_active_assets_ready,readiness_field,snake_case,5,lib,lib\selectors\assetSelectors.js,lib\selectors\assetSelectors.js,321,declaration | snake_case_reference,
assets,no_assets_confirmed_ready,readiness_field,snake_case,4,lib,lib\reconciliation\reconciliationRules.js,lib\reconciliation\reconciliationRules.js,90,declaration | snake_case_reference,
assets,asset_overhead_assignment_warnings,warnings_field,snake_case,2,hooks,hooks\useAssets.js,hooks\useAssets.js,598,declaration | warning_id,
assets,warnings,warnings_field,plain,1,lib,lib\selectors\assetSelectors.js,lib\selectors\assetSelectors.js,256,declaration,
assets,absolute_variance_percent,warning_id,snake_case,3,lib,lib\calculations\assetCalculations.js,lib\calculations\assetCalculations.js,310,declaration | warning_id,
assets,active_saved_assets,warning_id,snake_case,4,lib,lib\selectors\assetSelectors.js,lib\selectors\assetSelectors.js,257,declaration | snake_case_reference,
assets,asset_finance_variance,warning_id,snake_case,11,components | lib,components\business-summary\BusinessSummaryMacroPositionCard.jsx | components\model-readiness\ModelReadinessAuditPanel.jsx | lib\audit\buildLiveAuditSnapshotExport.js,components\business-summary\BusinessSummaryMacroPositionCard.jsx,176,declaration | object_key | warning_id,appears_in_multiple_files
assets,asset_id,warning_id,snake_case,10,hooks | lib,hooks\cost-allocation\useCostAllocationAssetOverlay.js | hooks\cost-allocation\useCostAllocationGroupRecoveryRows.js | hooks\useAssets.js | lib\calculations\cost-allocation\costAllocationValidation.js | lib\storage\assetStorage.js,hooks\cost-allocation\useCostAllocationAssetOverlay.js,90,object_key | snake_case_reference,multiple_roles_detected | appears_in_multiple_files
assets,asset_model_variance,warning_id,snake_case,5,components | lib,components\model-readiness\ModelReadinessAuditPanel.jsx | lib\audit\buildLiveAuditSnapshotExport.js,components\model-readiness\ModelReadinessAuditPanel.jsx,190,object_key | warning_id,appears_in_multiple_files
assets,asset_name,warning_id,snake_case,9,hooks | lib,hooks\cost-allocation\useCostAllocationAssetOverlay.js | hooks\cost-allocation\useCostAllocationGroupRecoveryRows.js | hooks\useAssets.js | lib\calculations\cost-allocation\costAllocationValidation.js | lib\storage\assetStorage.js,hooks\cost-allocation\useCostAllocationAssetOverlay.js,69,object_key | snake_case_reference,multiple_roles_detected | appears_in_multiple_files
assets,asset_pool_assigned_over_available,warning_id,snake_case,1,hooks,hooks\useAssets.js,hooks\useAssets.js,602,snake_case_reference,
assets,asset_pool_over_allocated,warning_id,snake_case,3,lib,lib\calculations\costAllocationRules.js | lib\selectors\assetSelectors.js | lib\selectors\general-overheads\generalOverheadWarnings.js,lib\calculations\costAllocationRules.js,268,snake_case_reference,appears_in_multiple_files
assets,asset_pool_partially_allocated,warning_id,snake_case,1,lib,lib\selectors\general-overheads\generalOverheadWarnings.js,lib\selectors\general-overheads\generalOverheadWarnings.js,31,snake_case_reference,
assets,asset_pool_review_required,warning_id,snake_case,2,lib,lib\selectors\assetSelectors.js,lib\selectors\assetSelectors.js,303,declaration | warning_id,
assets,asset_recovery_clean,warning_id,snake_case,3,lib,lib\recovery\recoveryRiskWarningSystem.js,lib\recovery\recoveryRiskWarningSystem.js,428,snake_case_reference,
assets,asset_recovery_included,warning_id,snake_case,1,lib,lib\calculations\recoverySummaryCalculations.js,lib\calculations\recoverySummaryCalculations.js,820,snake_case_reference,
assets,asset_recovery_selected,warning_id,snake_case,2,lib,lib\calculations\cost-allocation\costAllocationValidation.js | lib\calculations\costAllocationRules.js,lib\calculations\cost-allocation\costAllocationValidation.js,173,snake_case_reference,appears_in_multiple_files
assets,asset_recovery_without_assets,warning_id,snake_case,1,lib,lib\calculations\recoverySummaryCalculations.js,lib\calculations\recoverySummaryCalculations.js,824,snake_case_reference,
assets,asset_recovery_without_productive_asset_structure,warning_id,snake_case,1,lib,lib\calculations\cost-allocation\costAllocationWarnings.js,lib\calculations\cost-allocation\costAllocationWarnings.js,153,snake_case_reference,
assets,asset_requirement_met,warning_id,snake_case,1,lib,lib\calculations\cost-allocation\costAllocationValidation.js,lib\calculations\cost-allocation\costAllocationValidation.js,139,snake_case_reference,
assets,asset_share_without_asset_recovery_base,warning_id,snake_case,2,components | lib,components\recovery-summary\recoverySummaryWarningDetails.js | lib\calculations\recoverySummaryCalculations.js,components\recovery-summary\recoverySummaryWarningDetails.js,168,object_key | snake_case_reference,appears_in_multiple_files
assets,asset_state,warning_id,snake_case,5,lib,lib\selectors\assetSelectors.js,lib\selectors\assetSelectors.js,351,snake_case_reference,
assets,asset_type,warning_id,snake_case,9,components | hooks | lib,components\assets\AssetForm.jsx | hooks\cost-allocation\useCostAllocationAssetOverlay.js | hooks\cost-allocation\useCostAllocationGroupRecoveryRows.js | hooks\useAssets.js | lib\selectors\assetSelectors.js | lib\storage\assetStorage.js,components\assets\AssetForm.jsx,63,object_key | snake_case_reference,multiple_roles_detected | appears_in_multiple_files
assets,asset_utilisation_unverified,warning_id,snake_case,1,lib,lib\calculations\recoverySummaryCalculations.js,lib\calculations\recoverySummaryCalculations.js,821,snake_case_reference,
assets,assets_variance_amount,warning_id,snake_case,4,lib,lib\calculations\assetCalculations.js | lib\selectors\assetSelectors.js,lib\calculations\assetCalculations.js,424,declaration | object_key | warning_id,appears_in_multiple_files
assets,assets_variance_amount_label,warning_id,snake_case,3,components | lib,components\assets\AssetStatusStrip.jsx | lib\selectors\assetSelectors.js,components\assets\AssetStatusStrip.jsx,13,object_key | warning_id,appears_in_multiple_files
assets,assets_variance_percent,warning_id,snake_case,6,lib,lib\calculations\assetCalculations.js | lib\selectors\assetSelectors.js,lib\calculations\assetCalculations.js,304,declaration | object_key | warning_id,appears_in_multiple_files
assets,assets_variance_percent_label,warning_id,snake_case,3,components | lib,components\assets\AssetStatusStrip.jsx | lib\selectors\assetSelectors.js,components\assets\AssetStatusStrip.jsx,14,object_key | warning_id,appears_in_multiple_files
assets,finance_start_date,warning_id,snake_case,5,hooks | lib,hooks\useAssets.js | lib\selectors\assetSelectors.js | lib\storage\assetStorage.js,hooks\useAssets.js,390,object_key | snake_case_reference,multiple_roles_detected | appears_in_multiple_files
assets,finance_term_years,warning_id,snake_case,3,lib,lib\selectors\assetSelectors.js | lib\storage\assetStorage.js,lib\selectors\assetSelectors.js,359,object_key | snake_case_reference,multiple_roles_detected | appears_in_multiple_files
assets,get_active_saved_assets,warning_id,snake_case,1,lib,lib\selectors\assetSelectors.js,lib\selectors\assetSelectors.js,257,snake_case_reference,
assets,grouped_asset_ids,warning_id,snake_case,1,lib,lib\calculations\cost-allocation\costAllocationValidation.js,lib\calculations\cost-allocation\costAllocationValidation.js,98,snake_case_reference,
assets,interest_rate,warning_id,snake_case,3,lib,lib\selectors\assetSelectors.js | lib\storage\assetStorage.js,lib\selectors\assetSelectors.js,355,object_key | snake_case_reference,multiple_roles_detected | appears_in_multiple_files
assets,invalid_active_assets,warning_id,snake_case,1,lib,lib\selectors\assetSelectors.js,lib\selectors\assetSelectors.js,422,snake_case_reference,
assets,linked_asset_ids,warning_id,snake_case,1,lib,lib\calculations\cost-allocation\costAllocationValidation.js,lib\calculations\cost-allocation\costAllocationValidation.js,90,snake_case_reference,
assets,low_productive_asset_coverage,warning_id,snake_case,1,lib,lib\calculations\cost-allocation\costAllocationWarnings.js,lib\calculations\cost-allocation\costAllocationWarnings.js,108,snake_case_reference,
assets,message,warning_id,plain,1,hooks,hooks\useAssets.js,hooks\useAssets.js,603,object_key,
assets,missing_asset_ids,warning_id,snake_case,1,lib,lib\calculations\cost-allocation\costAllocationValidation.js,lib\calculations\cost-allocation\costAllocationValidation.js,142,snake_case_reference,
assets,missing_productive_asset_utilisation,warning_id,snake_case,1,lib,lib\calculations\recoverySummaryCalculations.js,lib\calculations\recoverySummaryCalculations.js,785,snake_case_reference,
assets,productive_asset_pool_over_allocated,warning_id,snake_case,1,lib,lib\calculations\costAllocationRules.js,lib\calculations\costAllocationRules.js,270,snake_case_reference,
assets,productive_asset_recovery_rate_label,warning_id,snake_case,1,components,components\assets\AssetStatusStrip.jsx,components\assets\AssetStatusStrip.jsx,20,snake_case_reference,
assets,productive_asset_zero_utilisation,warning_id,snake_case,1,lib,lib\calculations\cost-allocation\costAllocationWarnings.js,lib\calculations\cost-allocation\costAllocationWarnings.js,162,warning_id,
assets,productive_assets_missing_utilisation,warning_id,snake_case,2,lib,lib\selectors\assetSelectors.js,lib\selectors\assetSelectors.js,272,declaration | warning_id,
assets,purchase_price,warning_id,snake_case,3,lib,lib\selectors\assetSelectors.js | lib\storage\assetStorage.js,lib\selectors\assetSelectors.js,351,object_key | snake_case_reference,multiple_roles_detected | appears_in_multiple_files
assets,reconciliation_state,warning_id,snake_case,2,lib,lib\selectors\assetSelectors.js,lib\selectors\assetSelectors.js,409,snake_case_reference,
assets,review_required,warning_id,snake_case,3,lib,lib\selectors\assetSelectors.js,lib\selectors\assetSelectors.js,139,warning_id,
assets,warning_count,warning_id,snake_case,3,components | lib,components\assets\AssetStatusStrip.jsx | lib\selectors\assetSelectors.js,components\assets\AssetStatusStrip.jsx,21,object_key | snake_case_reference,appears_in_multiple_files
assets,warning_key,warning_id,snake_case,1,hooks,hooks\useAssets.js,hooks\useAssets.js,602,object_key,
assets,Example,object_field,PascalCase,2,components,components\cost-allocation\groups\CostAllocationGroupAssetBuilder.jsx,components\cost-allocation\groups\CostAllocationGroupAssetBuilder.jsx,140,object_key,
assets,Max,object_field,PascalCase,1,components,components\cost-allocation\groups\CostAllocationGroupAssetBuilder.jsx,components\cost-allocation\groups\CostAllocationGroupAssetBuilder.jsx,139,object_key,
assets,No,object_field,PascalCase,1,components,components\assets\AssetSummaryCard.jsx,components\assets\AssetSummaryCard.jsx,317,quoted_object_key,
assets,actions,object_field,plain,1,hooks,hooks\useAssets.js,hooks\useAssets.js,331,object_key,
assets,active_asset_count,object_field,snake_case,1,lib,lib\reconciliation\reconciliationRules.js,lib\reconciliation\reconciliationRules.js,364,object_key,
assets,allocated_asset_overhead_cost_annual,object_field,snake_case,2,hooks,hooks\cost-allocation\useCostAllocationAssetOverlay.js | hooks\useAssets.js,hooks\cost-allocation\useCostAllocationAssetOverlay.js,95,object_key,appears_in_multiple_files
assets,allocated_asset_overhead_recovery_rate,object_field,snake_case,1,hooks,hooks\cost-allocation\useCostAllocationAssetOverlay.js,hooks\cost-allocation\useCostAllocationAssetOverlay.js,106,object_key,
assets,amount,object_field,plain,2,hooks,hooks\useAssets.js,hooks\useAssets.js,55,object_key,
assets,asset_base_recovery_rate_per_hour,object_field,snake_case,1,hooks,hooks\cost-allocation\useCostAllocationAssetOverlay.js,hooks\cost-allocation\useCostAllocationAssetOverlay.js,103,object_key,
assets,asset_finance_exclude,object_field,snake_case,1,hooks,hooks\useGeneralOverheads.js,hooks\useGeneralOverheads.js,90,quoted_object_key,
assets,asset_group_assignments,object_field,snake_case,7,hooks | lib,hooks\cost-allocation\useCostAllocationAssignmentCards.js | hooks\cost-allocation\useCostAllocationOutputContract.js | hooks\useCostAllocation.js | lib\storage\costAllocationProfileStorage.js | lib\storage\costAllocationStorage.js,hooks\cost-allocation\useCostAllocationAssignmentCards.js,190,object_key,appears_in_multiple_files
assets,asset_names,object_field,snake_case,1,hooks,hooks\cost-allocation\useCostAllocationGroupRecoveryRows.js,hooks\cost-allocation\useCostAllocationGroupRecoveryRows.js,223,object_key,
assets,asset_overhead_pool_assignments,object_field,snake_case,3,hooks,hooks\useAssets.js,hooks\useAssets.js,374,object_key,
assets,asset_principal_repayment_annual,object_field,snake_case,2,hooks,hooks\useAssets.js,hooks\useAssets.js,400,object_key,
assets,asset_profile_name,object_field,snake_case,1,lib,lib\storage\assetProfileStorage.js,lib\storage\assetProfileStorage.js,52,object_key,
assets,asset_recovery_cost_annual,object_field,snake_case,5,hooks,hooks\cost-allocation\useCostAllocationAssetOverlay.js | hooks\cost-allocation\useCostAllocationGroupRecoveryRows.js | hooks\useAssets.js,hooks\cost-allocation\useCostAllocationAssetOverlay.js,98,object_key,appears_in_multiple_files
assets,asset_recovery_hours_used,object_field,snake_case,1,hooks,hooks\cost-allocation\useCostAllocationAssetOverlay.js,hooks\cost-allocation\useCostAllocationAssetOverlay.js,101,object_key,
assets,asset_recovery_rate_per_hour,object_field,snake_case,2,hooks,hooks\cost-allocation\useCostAllocationAssetOverlay.js | hooks\cost-allocation\useCostAllocationGroupRecoveryRows.js,hooks\cost-allocation\useCostAllocationAssetOverlay.js,109,object_key,appears_in_multiple_files
assets,asset_recovery_rows,object_field,snake_case,1,hooks,hooks\useCostAllocation.js,hooks\useCostAllocation.js,111,object_key,
assets,asset_related_assigned_to_assets,object_field,snake_case,2,hooks,hooks\useAssets.js | hooks\useGeneralOverheads.js,hooks\useAssets.js,632,object_key,appears_in_multiple_files
assets,asset_related_overhead_pool,object_field,snake_case,2,hooks,hooks\useAssets.js | hooks\useGeneralOverheads.js,hooks\useAssets.js,638,object_key,appears_in_multiple_files
assets,asset_related_pool_rows,object_field,snake_case,1,hooks,hooks\useGeneralOverheads.js,hooks\useGeneralOverheads.js,505,object_key,
assets,asset_related_pool_total,object_field,snake_case,2,hooks,hooks\useAssets.js | hooks\useGeneralOverheads.js,hooks\useAssets.js,631,object_key,appears_in_multiple_files
assets,asset_related_unassigned_balance,object_field,snake_case,2,hooks,hooks\useAssets.js | hooks\useGeneralOverheads.js,hooks\useAssets.js,635,object_key,appears_in_multiple_files
assets,asset_rows,object_field,snake_case,2,hooks,hooks\cost-allocation\useCostAllocationAssignmentCards.js | hooks\useAssets.js,hooks\cost-allocation\useCostAllocationAssignmentCards.js,189,object_key,appears_in_multiple_files
assets,asset_share_percent,object_field,snake_case,3,hooks | lib,hooks\useRecoverySummary.js | lib\storage\recoverySummaryStorage.js,hooks\useRecoverySummary.js,56,object_key,appears_in_multiple_files
assets,asset_structure,object_field,snake_case,1,components,components\cost-allocation\CostAllocationNoticeBanner.jsx,components\cost-allocation\CostAllocationNoticeBanner.jsx,21,object_key,
assets,asset_total_finance_payment_annual,object_field,snake_case,2,hooks,hooks\useAssets.js,hooks\useAssets.js,405,object_key,
assets,assigned_asset_burden,object_field,snake_case,2,components,components\cost-allocation\CostAllocationGroupsCard.jsx | components\cost-allocation\divisions\CostAllocationDivisionCard.jsx,components\cost-allocation\CostAllocationGroupsCard.jsx,85,object_key,appears_in_multiple_files
assets,assigned_asset_hours,object_field,snake_case,1,components,components\cost-allocation\CostAllocationGroupsCard.jsx,components\cost-allocation\CostAllocationGroupsCard.jsx,86,object_key,
assets,assigned_asset_id,object_field,snake_case,1,hooks,hooks\useAssets.js,hooks\useAssets.js,56,object_key,
assets,assigned_asset_name,object_field,snake_case,1,hooks,hooks\useAssets.js,hooks\useAssets.js,57,object_key,
assets,assigned_asset_overhead_source_rows,object_field,snake_case,2,hooks,hooks\useAssets.js,hooks\useAssets.js,376,object_key,
assets,assigned_asset_type,object_field,snake_case,1,hooks,hooks\useAssets.js,hooks\useAssets.js,58,object_key,
assets,assignment_percent,object_field,snake_case,1,components,components\cost-allocation\groups\CostAllocationGroupAssetBuilder.jsx,components\cost-allocation\groups\CostAllocationGroupAssetBuilder.jsx,53,object_key,
assets,cash_flow_layer,object_field,snake_case,1,hooks,hooks\useAssets.js,hooks\useAssets.js,575,object_key,
assets,cash_flow_support,object_field,snake_case,2,hooks,hooks\useAssets.js,hooks\useAssets.js,399,object_key,
assets,change_asset_overhead_pool_assignment,object_field,snake_case,1,hooks,hooks\useAssets.js,hooks\useAssets.js,339,object_key,
assets,change_reason,object_field,snake_case,4,lib,lib\storage\assetStorage.js,lib\storage\assetStorage.js,97,object_key,
assets,contains_asset_finance_interest,object_field,snake_case,3,components | hooks,components\general-overheads\GeneralOverheadSummaryCard.jsx | hooks\useGeneralOverheads.js,components\general-overheads\GeneralOverheadSummaryCard.jsx,15,object_key | quoted_object_key,appears_in_multiple_files
assets,cost_allocation_asset_cost_annual,object_field,snake_case,1,hooks,hooks\cost-allocation\useCostAllocationAssetOverlay.js,hooks\cost-allocation\useCostAllocationAssetOverlay.js,85,object_key,
assets,created_at,object_field,snake_case,5,lib,lib\storage\assetProfileStorage.js | lib\storage\assetStorage.js,lib\storage\assetProfileStorage.js,54,object_key,appears_in_multiple_files
assets,delete_asset,object_field,snake_case,1,hooks,hooks\useAssets.js,hooks\useAssets.js,338,object_key,
assets,early_payoff_amount,object_field,snake_case,2,lib,lib\storage\assetStorage.js,lib\storage\assetStorage.js,70,object_key,
assets,early_payoff_notes,object_field,snake_case,2,lib,lib\storage\assetStorage.js,lib\storage\assetStorage.js,71,object_key,
assets,effective_asset_overhead_pool_assignments,object_field,snake_case,1,hooks,hooks\useAssets.js,hooks\useAssets.js,487,object_key,
assets,effective_from,object_field,snake_case,4,lib,lib\storage\assetStorage.js,lib\storage\assetStorage.js,89,object_key,
assets,estimated_remaining_finance_balance,object_field,snake_case,2,hooks,hooks\useAssets.js,hooks\useAssets.js,382,object_key,
assets,extension_reason,object_field,snake_case,3,lib,lib\storage\assetStorage.js,lib\storage\assetStorage.js,77,object_key,
assets,field_name,object_field,snake_case,1,components,components\assets\AssetForm.jsx,components\assets\AssetForm.jsx,281,object_key,
assets,finance_active,object_field,snake_case,2,hooks,hooks\useAssets.js,hooks\useAssets.js,388,object_key,
assets,finance_cost_annual,object_field,snake_case,4,hooks | lib,hooks\useAssets.js | lib\storage\assetStorage.js,hooks\useAssets.js,381,object_key,appears_in_multiple_files
assets,finance_end_date,object_field,snake_case,2,hooks,hooks\useAssets.js,hooks\useAssets.js,391,object_key,
assets,finance_paid_off,object_field,snake_case,4,hooks | lib,hooks\useAssets.js | lib\storage\assetStorage.js,hooks\useAssets.js,392,object_key,appears_in_multiple_files
assets,finance_paid_off_date,object_field,snake_case,2,lib,lib\storage\assetStorage.js,lib\storage\assetStorage.js,69,object_key,
assets,finance_progress_percent,object_field,snake_case,2,hooks,hooks\useAssets.js,hooks\useAssets.js,385,object_key,
assets,finance_term_extended,object_field,snake_case,2,lib,lib\storage\assetStorage.js,lib\storage\assetStorage.js,73,object_key,
assets,fuel_cost_monthly,object_field,snake_case,2,lib,lib\storage\assetStorage.js,lib\storage\assetStorage.js,81,object_key,
assets,fully_loaded_asset_recovery_rate,object_field,snake_case,2,hooks,hooks\cost-allocation\useCostAllocationAssetOverlay.js,hooks\cost-allocation\useCostAllocationAssetOverlay.js,83,object_key,
assets,general_overheads_after_asset_assignment,object_field,snake_case,1,hooks,hooks\useCostSummary.js,hooks\useCostSummary.js,267,object_key,
assets,interest_annual,object_field,snake_case,1,lib,lib\storage\assetStorage.js,lib\storage\assetStorage.js,247,object_key,
assets,legacy_display,object_field,snake_case,1,hooks,hooks\useAssets.js,hooks\useAssets.js,647,object_key,
assets,load_asset,object_field,snake_case,1,hooks,hooks\useAssets.js,hooks\useAssets.js,337,object_key,
assets,maintenance_cost_monthly,object_field,snake_case,2,lib,lib\storage\assetStorage.js,lib\storage\assetStorage.js,80,object_key,
assets,minimum_recoverable_asset_rate,object_field,snake_case,2,hooks,hooks\cost-allocation\useCostAllocationAssetOverlay.js,hooks\cost-allocation\useCostAllocationAssetOverlay.js,82,object_key,
assets,new_asset,object_field,snake_case,1,hooks,hooks\useAssets.js,hooks\useAssets.js,335,object_key,
assets,no_asset_finance_interest,object_field,snake_case,1,components,components\general-overheads\GeneralOverheadSummaryCard.jsx,components\general-overheads\GeneralOverheadSummaryCard.jsx,17,quoted_object_key,
assets,no_productive_assets,object_field,snake_case,2,components,components\recovery-summary\RecoverySummaryStatusStrip.jsx | components\recovery-summary\main-card\RecoverySupportingEvidenceDetail.jsx,components\recovery-summary\RecoverySummaryStatusStrip.jsx,16,object_key,appears_in_multiple_files
assets,notes,object_field,plain,3,lib,lib\storage\assetStorage.js,lib\storage\assetStorage.js,98,object_key,
assets,original_finance_end_date,object_field,snake_case,2,lib,lib\storage\assetStorage.js,lib\storage\assetStorage.js,74,object_key,
assets,other_running_cost_monthly,object_field,snake_case,2,lib,lib\storage\assetStorage.js,lib\storage\assetStorage.js,83,object_key,
assets,owner_scope_id,object_field,snake_case,1,lib,lib\storage\assetStorage.js,lib\storage\assetStorage.js,54,object_key,
assets,pool_key,object_field,snake_case,1,hooks,hooks\useAssets.js,hooks\useAssets.js,604,object_key,
assets,pool_summary,object_field,snake_case,1,hooks,hooks\useAssets.js,hooks\useAssets.js,471,object_key,
assets,principal_annual,object_field,snake_case,1,lib,lib\storage\assetStorage.js,lib\storage\assetStorage.js,246,object_key,
assets,productive_asset_allocated_overhead_cost,object_field,snake_case,1,hooks,hooks\useCostAllocation.js,hooks\useCostAllocation.js,126,object_key,
assets,productive_asset_base_cost,object_field,snake_case,1,hooks,hooks\useCostAllocation.js,hooks\useCostAllocation.js,122,object_key,
assets,productive_asset_cost_annual,object_field,snake_case,1,hooks,hooks\useAssets.js,hooks\useAssets.js,617,object_key,
assets,productive_asset_hours,object_field,snake_case,3,hooks,hooks\useAssets.js,hooks\useAssets.js,171,object_key,
assets,productive_asset_recovery_cost,object_field,snake_case,1,hooks,hooks\useCostAllocation.js,hooks\useCostAllocation.js,131,object_key,
assets,profile_version,object_field,snake_case,4,lib,lib\storage\assetProfileStorage.js | lib\storage\assetStorage.js,lib\storage\assetProfileStorage.js,53,object_key,appears_in_multiple_files
assets,registration_cost_monthly,object_field,snake_case,2,lib,lib\storage\assetStorage.js,lib\storage\assetStorage.js,82,object_key,
assets,required_asset_ids,object_field,snake_case,4,hooks | lib,hooks\useCostAllocation.js | lib\storage\costAllocationStorage.js,hooks\useCostAllocation.js,183,object_key,appears_in_multiple_files
assets,required_asset_recovery_rate,object_field,snake_case,3,hooks,hooks\useAssets.js,hooks\useAssets.js,266,object_key,
assets,retired,object_field,plain,1,components,components\assets\AssetForm.jsx,components\assets\AssetForm.jsx,46,quoted_object_key,
assets,revised_finance_end_date,object_field,snake_case,2,lib,lib\storage\assetStorage.js,lib\storage\assetStorage.js,75,object_key,
assets,revised_term_months,object_field,snake_case,2,lib,lib\storage\assetStorage.js,lib\storage\assetStorage.js,76,object_key,
assets,running_cost_annual,object_field,snake_case,2,hooks | lib,hooks\useAssets.js | lib\storage\assetStorage.js,hooks\useAssets.js,648,object_key,appears_in_multiple_files
assets,save_asset,object_field,snake_case,1,hooks,hooks\useAssets.js,hooks\useAssets.js,336,object_key,
assets,saved_record,object_field,snake_case,1,lib,lib\storage\assetStorage.js,lib\storage\assetStorage.js,430,object_key,
assets,selected_asset_count,object_field,snake_case,1,hooks,hooks\cost-allocation\useCostAllocationGroupRecoveryRows.js,hooks\cost-allocation\useCostAllocationGroupRecoveryRows.js,217,object_key,
assets,selected_group_asset_rate,object_field,snake_case,1,components,components\rate-builder\RateBuilderLineCalculator.jsx,components\rate-builder\RateBuilderLineCalculator.jsx,805,object_key,
assets,source_lines,object_field,snake_case,1,hooks,hooks\useAssets.js,hooks\useAssets.js,107,object_key,
assets,support,object_field,plain,2,components | hooks,components\assets\AssetForm.jsx | hooks\cost-allocation\useCostAllocationAssetOverlay.js,components\assets\AssetForm.jsx,45,quoted_object_key,appears_in_multiple_files
assets,support_asset_allocated_overhead_cost,object_field,snake_case,1,hooks,hooks\useCostAllocation.js,hooks\useCostAllocation.js,128,object_key,
assets,support_asset_base_cost,object_field,snake_case,1,hooks,hooks\useCostAllocation.js,hooks\useCostAllocation.js,124,object_key,
assets,support_asset_recovery_cost,object_field,snake_case,1,hooks,hooks\useCostAllocation.js,hooks\useCostAllocation.js,133,object_key,
assets,total,object_field,plain,1,components,components\assets\AssetSummaryCard.jsx,components\assets\AssetSummaryCard.jsx,9,quoted_object_key,
assets,total_allocated_asset_overhead_cost,object_field,snake_case,2,hooks,hooks\cost-allocation\useCostAllocationAssetOverlay.js | hooks\useCostAllocation.js,hooks\cost-allocation\useCostAllocationAssetOverlay.js,177,object_key,appears_in_multiple_files
assets,total_asset_finance_payment_annual,object_field,snake_case,1,hooks,hooks\useAssets.js,hooks\useAssets.js,570,object_key,
assets,total_asset_overhead_pool_amount,object_field,snake_case,1,hooks,hooks\useGeneralOverheads.js,hooks\useGeneralOverheads.js,491,object_key,
assets,total_asset_principal_repayment_annual,object_field,snake_case,1,hooks,hooks\useAssets.js,hooks\useAssets.js,560,object_key,
assets,total_asset_recovery_cost,object_field,snake_case,2,hooks,hooks\cost-allocation\useCostAllocationAssetOverlay.js | hooks\useCostAllocation.js,hooks\cost-allocation\useCostAllocationAssetOverlay.js,181,object_key,appears_in_multiple_files
assets,total_assigned_asset_overhead_cost_annual,object_field,snake_case,1,hooks,hooks\useAssets.js,hooks\useAssets.js,628,object_key,
assets,true_asset_cost_per_hour,object_field,snake_case,4,hooks,hooks\useAssets.js,hooks\useAssets.js,172,object_key,
assets,type,object_field,plain,1,components,components\assets\AssetForm.jsx,components\assets\AssetForm.jsx,283,object_key,
assets,updated_at,object_field,snake_case,7,lib,lib\storage\assetProfileStorage.js | lib\storage\assetStorage.js,lib\storage\assetProfileStorage.js,55,object_key,appears_in_multiple_files
assets,utilisation_hours_annual,object_field,snake_case,7,components | hooks | lib,components\assets\AssetForm.jsx | hooks\cost-allocation\useCostAllocationAssetOverlay.js | hooks\useAssets.js | lib\storage\assetStorage.js,components\assets\AssetForm.jsx,68,object_key,appears_in_multiple_files
assets,utilisation_hours_per_week,object_field,snake_case,5,components | hooks | lib,components\assets\AssetForm.jsx | hooks\useAssets.js | lib\storage\assetStorage.js,components\assets\AssetForm.jsx,64,object_key,appears_in_multiple_files
business-modelling,active_scenario,output_contract_field,snake_case,9,hooks | lib,hooks\useBusinessModelling.js | lib\selectors\businessModellingSelectors.js,hooks\useBusinessModelling.js,237,snake_case_reference,multiple_roles_detected | appears_in_multiple_files | downstream_contract_candidate
business-modelling,baseline,output_contract_field,plain,1,hooks,hooks\useBusinessModelling.js,hooks\useBusinessModelling.js,393,declaration,downstream_contract_candidate
business-modelling,baseline_snapshot,output_contract_field,snake_case,8,hooks | lib,hooks\useBusinessModelling.js | lib\calculations\businessModellingCalculations.js | lib\storage\businessModellingStorage.js,hooks\useBusinessModelling.js,60,object_key | snake_case_reference,multiple_roles_detected | appears_in_multiple_files | downstream_contract_candidate
business-modelling,blocked,output_contract_field,plain,5,hooks | lib,hooks\useBusinessModelling.js | lib\calculations\businessModellingCalculations.js | lib\selectors\businessModellingSelectors.js,hooks\useBusinessModelling.js,246,status_value,multiple_roles_detected | appears_in_multiple_files | downstream_contract_candidate
business-modelling,business_modelling_state,output_contract_field,snake_case,1,hooks,hooks\useBusinessModelling.js,hooks\useBusinessModelling.js,128,snake_case_reference,downstream_contract_candidate
business-modelling,current_margin_per_productive_hour,output_contract_field,snake_case,4,hooks,hooks\useBusinessModelling.js,hooks\useBusinessModelling.js,117,object_key | snake_case_reference,downstream_contract_candidate
business-modelling,has_baseline,output_contract_field,snake_case,2,hooks,hooks\useBusinessModelling.js,hooks\useBusinessModelling.js,231,declaration | snake_case_reference,multiple_roles_detected | downstream_contract_candidate
business-modelling,modelling_ready,output_contract_field,snake_case,8,app | hooks | lib,app\business-modelling\page.jsx | hooks\useBusinessModelling.js | lib\selectors\businessModellingSelectors.js,app\business-modelling\page.jsx,61,declaration | snake_case_reference,multiple_roles_detected | appears_in_multiple_files | downstream_contract_candidate
business-modelling,output_contract,output_contract_field,snake_case,19,hooks,hooks\useBusinessModelling.js,hooks\useBusinessModelling.js,31,output_contract_reference,downstream_contract_candidate
business-modelling,recovery_gap_per_hour,output_contract_field,snake_case,14,app | components | hooks | lib,app\business-modelling\page.jsx | components\business-modelling\BusinessModellingBaselineCard.jsx | hooks\useBusinessModelling.js | lib\calculations\businessModellingCalculations.js | lib\selectors\businessModellingSelectors.js,app\business-modelling\page.jsx,76,object_key | warning_id,multiple_roles_detected | appears_in_multiple_files | downstream_contract_candidate
business-modelling,summaryBlocked,output_contract_field,camelCase,1,hooks,hooks\useBusinessModelling.js,hooks\useBusinessModelling.js,245,declaration,downstream_contract_candidate
business-modelling,summaryWarnings,output_contract_field,camelCase,1,hooks,hooks\useBusinessModelling.js,hooks\useBusinessModelling.js,243,declaration,downstream_contract_candidate
business-modelling,summary_status,output_contract_field,snake_case,2,hooks,hooks\useBusinessModelling.js,hooks\useBusinessModelling.js,229,declaration | snake_case_reference,multiple_roles_detected | downstream_contract_candidate
business-modelling,total_available_hours_before_productivity,output_contract_field,snake_case,4,hooks,hooks\useBusinessModelling.js,hooks\useBusinessModelling.js,113,object_key | snake_case_reference,downstream_contract_candidate
business-modelling,total_revenue,output_contract_field,snake_case,2,hooks,hooks\useBusinessModelling.js,hooks\useBusinessModelling.js,102,object_key,downstream_contract_candidate
business-modelling,weighted_productivity_percent,output_contract_field,snake_case,4,hooks,hooks\useBusinessModelling.js,hooks\useBusinessModelling.js,111,object_key | snake_case_reference,downstream_contract_candidate
business-modelling,scenario_status,status_field,snake_case,4,hooks | lib,hooks\useBusinessModelling.js | lib\calculations\businessModellingCalculations.js | lib\selectors\businessModellingSelectors.js,hooks\useBusinessModelling.js,208,object_key,appears_in_multiple_files
business-modelling,selected_scenario_status,status_field,snake_case,4,app | components | lib,app\business-modelling\page.jsx | components\business-modelling\BusinessModellingStatusStrip.jsx | lib\selectors\businessModellingSelectors.js,app\business-modelling\page.jsx,57,object_key | snake_case_reference,appears_in_multiple_files
business-modelling,source_model_status,status_field,snake_case,1,lib,lib\calculations\businessModellingCalculations.js,lib\calculations\businessModellingCalculations.js,51,object_key,
business-modelling,status,status_field,plain,1,hooks,hooks\useBusinessModelling.js,hooks\useBusinessModelling.js,318,declaration,
business-modelling,baselineDisplayTrustState,trust_state_field,camelCase,1,lib,lib\selectors\businessModellingSelectors.js,lib\selectors\businessModellingSelectors.js,45,declaration,
business-modelling,baselineTrustState,trust_state_field,camelCase,1,lib,lib\selectors\businessModellingSelectors.js,lib\selectors\businessModellingSelectors.js,44,declaration,
business-modelling,scenario_trust_state,trust_state_field,snake_case,6,hooks | lib,hooks\useBusinessModelling.js | lib\calculations\businessModellingCalculations.js | lib\selectors\businessModellingSelectors.js,hooks\useBusinessModelling.js,207,object_key | snake_case_reference,appears_in_multiple_files
business-modelling,has_scenario,readiness_field,snake_case,2,hooks,hooks\useBusinessModelling.js,hooks\useBusinessModelling.js,232,declaration | snake_case_reference,
business-modelling,modelling_warnings,warnings_field,snake_case,12,app | components | hooks | lib,app\business-modelling\page.jsx | components\business-modelling\BusinessModellingStatusStrip.jsx | hooks\useBusinessModelling.js | lib\selectors\businessModellingSelectors.js,app\business-modelling\page.jsx,62,declaration | warning_id,appears_in_multiple_files
business-modelling,ready_with_warnings,warnings_field,snake_case,2,lib,lib\calculations\businessModellingCalculations.js | lib\selectors\businessModellingSelectors.js,lib\calculations\businessModellingCalculations.js,266,warning_id,appears_in_multiple_files
business-modelling,scenario_warnings,warnings_field,snake_case,5,components | hooks | lib,components\business-modelling\BusinessModellingScenarioResult.jsx | hooks\useBusinessModelling.js | lib\calculations\businessModellingCalculations.js | lib\selectors\businessModellingSelectors.js,components\business-modelling\BusinessModellingScenarioResult.jsx,87,object_key | warning_id,appears_in_multiple_files
business-modelling,source_warnings,warnings_field,snake_case,3,hooks | lib,hooks\useBusinessModelling.js | lib\calculations\businessModellingCalculations.js | lib\selectors\businessModellingSelectors.js,hooks\useBusinessModelling.js,212,object_key | warning_id,appears_in_multiple_files
business-modelling,warnings,warnings_field,plain,2,hooks | lib,hooks\useBusinessModelling.js | lib\calculations\businessModellingCalculations.js,hooks\useBusinessModelling.js,242,declaration,appears_in_multiple_files
business-modelling,baseline_not_trusted,warning_id,snake_case,1,hooks,hooks\useBusinessModelling.js,hooks\useBusinessModelling.js,250,snake_case_reference,
business-modelling,message,warning_id,plain,9,hooks | lib,hooks\useBusinessModelling.js | lib\calculations\businessModellingCalculations.js,hooks\useBusinessModelling.js,251,object_key,appears_in_multiple_files
business-modelling,per_hour_delta,warning_id,snake_case,2,components | lib,components\business-modelling\BusinessModellingStatusStrip.jsx | lib\selectors\businessModellingSelectors.js,components\business-modelling\BusinessModellingStatusStrip.jsx,31,object_key | snake_case_reference,appears_in_multiple_files
business-modelling,ready,warning_id,plain,6,hooks | lib,hooks\useBusinessModelling.js | lib\calculations\businessModellingCalculations.js | lib\selectors\businessModellingSelectors.js,hooks\useBusinessModelling.js,211,status_value,appears_in_multiple_files
business-modelling,recovery_gap_change,warning_id,snake_case,2,components | lib,components\business-modelling\BusinessModellingDeltaCard.jsx | lib\selectors\businessModellingSelectors.js,components\business-modelling\BusinessModellingDeltaCard.jsx,51,object_key | warning_id,appears_in_multiple_files
business-modelling,scenario_delta_per_hour,warning_id,snake_case,2,hooks | lib,hooks\useBusinessModelling.js | lib\selectors\businessModellingSelectors.js,hooks\useBusinessModelling.js,505,object_key | snake_case_reference,multiple_roles_detected | appears_in_multiple_files
business-modelling,scenario_direct_costs_variance,warning_id,snake_case,2,lib,lib\calculations\businessModellingCalculations.js,lib\calculations\businessModellingCalculations.js,178,declaration | warning_id,
business-modelling,scenario_missing,warning_id,snake_case,1,hooks,hooks\useBusinessModelling.js,hooks\useBusinessModelling.js,280,warning_id,
business-modelling,scenario_productive_output_variance,warning_id,snake_case,2,lib,lib\calculations\businessModellingCalculations.js,lib\calculations\businessModellingCalculations.js,187,declaration | warning_id,
business-modelling,scenario_productive_output_zero,warning_id,snake_case,2,hooks | lib,hooks\useBusinessModelling.js | lib\calculations\businessModellingCalculations.js,hooks\useBusinessModelling.js,287,warning_id,appears_in_multiple_files
business-modelling,scenario_recovery_gap_per_hour,warning_id,snake_case,11,components | hooks | lib,components\business-modelling\BusinessModellingScenarioResult.jsx | hooks\useBusinessModelling.js | lib\calculations\businessModellingCalculations.js | lib\selectors\businessModellingSelectors.js,components\business-modelling\BusinessModellingScenarioResult.jsx,81,declaration | object_key | warning_id,appears_in_multiple_files
business-modelling,scenario_result,warning_id,snake_case,2,components,components\business-modelling\BusinessModellingScenarioResult.jsx,components\business-modelling\BusinessModellingScenarioResult.jsx,87,snake_case_reference,
business-modelling,scenario_revenue_variance,warning_id,snake_case,2,lib,lib\calculations\businessModellingCalculations.js,lib\calculations\businessModellingCalculations.js,175,declaration | warning_id,
business-modelling,scenario_type,warning_id,snake_case,8,hooks | lib,hooks\useBusinessModelling.js | lib\selectors\businessModellingSelectors.js,hooks\useBusinessModelling.js,154,object_key | snake_case_reference,multiple_roles_detected | appears_in_multiple_files
business-modelling,selected_model_not_trusted,warning_id,snake_case,1,hooks,hooks\useBusinessModelling.js,hooks\useBusinessModelling.js,303,snake_case_reference,
business-modelling,selected_model_recovery_gap_per_hour,warning_id,snake_case,3,hooks | lib,hooks\useBusinessModelling.js | lib\selectors\businessModellingSelectors.js,hooks\useBusinessModelling.js,533,object_key | warning_id,appears_in_multiple_files
business-modelling,selected_model_type,warning_id,snake_case,7,hooks | lib,hooks\useBusinessModelling.js | lib\selectors\businessModellingSelectors.js | lib\storage\businessModellingStorage.js,hooks\useBusinessModelling.js,63,object_key | snake_case_reference,multiple_roles_detected | appears_in_multiple_files
business-modelling,status_label,warning_id,snake_case,2,lib,lib\selectors\businessModellingSelectors.js,lib\selectors\businessModellingSelectors.js,17,declaration | snake_case_reference,
business-modelling,stored_baseline_empty,warning_id,snake_case,1,hooks,hooks\useBusinessModelling.js,hooks\useBusinessModelling.js,264,snake_case_reference,
business-modelling,warning_count,warning_id,snake_case,4,lib,lib\selectors\businessModellingSelectors.js,lib\selectors\businessModellingSelectors.js,16,declaration | snake_case_reference,
business-modelling,warning_id,warning_id,snake_case,11,components | hooks | lib,components\business-modelling\BusinessModellingScenarioResult.jsx | components\business-modelling\BusinessModellingStatusStrip.jsx | hooks\useBusinessModelling.js | lib\calculations\businessModellingCalculations.js,components\business-modelling\BusinessModellingScenarioResult.jsx,90,object_key | snake_case_reference,appears_in_multiple_files
business-modelling,Yes,object_field,PascalCase,1,components,components\business-modelling\BusinessModellingStatusStrip.jsx,components\business-modelling\BusinessModellingStatusStrip.jsx,85,quoted_object_key,
business-modelling,baseline_productivity_percent,object_field,snake_case,1,hooks,hooks\useBusinessModelling.js,hooks\useBusinessModelling.js,205,object_key,
business-modelling,created_at,object_field,snake_case,4,hooks | lib,hooks\useBusinessModelling.js | lib\storage\businessModellingStorage.js,hooks\useBusinessModelling.js,65,object_key,appears_in_multiple_files
business-modelling,currency,object_field,plain,4,components,components\business-modelling\BusinessModellingBaselineCard.jsx | components\business-modelling\BusinessModellingDeltaCard.jsx | components\business-modelling\BusinessModellingScenarioResult.jsx | components\business-modelling\BusinessModellingStatusStrip.jsx,components\business-modelling\BusinessModellingBaselineCard.jsx,8,object_key,appears_in_multiple_files
business-modelling,day,object_field,plain,1,components,components\business-modelling\BusinessModellingStatusStrip.jsx,components\business-modelling\BusinessModellingStatusStrip.jsx,20,object_key,
business-modelling,downside_scenario,object_field,snake_case,2,hooks | lib,hooks\useBusinessModelling.js | lib\storage\businessModellingStorage.js,hooks\useBusinessModelling.js,62,object_key,appears_in_multiple_files
business-modelling,maximumFractionDigits,object_field,camelCase,6,components,components\business-modelling\BusinessModellingBaselineCard.jsx | components\business-modelling\BusinessModellingDeltaCard.jsx | components\business-modelling\BusinessModellingScenarioResult.jsx | components\business-modelling\BusinessModellingStatusStrip.jsx,components\business-modelling\BusinessModellingBaselineCard.jsx,9,object_key,appears_in_multiple_files
business-modelling,month,object_field,plain,1,components,components\business-modelling\BusinessModellingStatusStrip.jsx,components\business-modelling\BusinessModellingStatusStrip.jsx,19,object_key,
business-modelling,name,object_field,plain,3,hooks,hooks\useBusinessModelling.js,hooks\useBusinessModelling.js,26,object_key,
business-modelling,scenario,object_field,plain,1,hooks,hooks\useBusinessModelling.js,hooks\useBusinessModelling.js,353,object_key,
business-modelling,scenario_delta_annual,object_field,snake_case,1,hooks,hooks\useBusinessModelling.js,hooks\useBusinessModelling.js,504,object_key,
business-modelling,scenario_id,object_field,snake_case,1,hooks,hooks\useBusinessModelling.js,hooks\useBusinessModelling.js,187,object_key,
business-modelling,scenario_margin_per_productive_hour,object_field,snake_case,2,hooks,hooks\useBusinessModelling.js,hooks\useBusinessModelling.js,200,object_key,
business-modelling,scenario_name,object_field,snake_case,7,hooks,hooks\useBusinessModelling.js,hooks\useBusinessModelling.js,155,object_key,
business-modelling,scenario_productivity_percent,object_field,snake_case,1,hooks,hooks\useBusinessModelling.js,hooks\useBusinessModelling.js,203,object_key,
business-modelling,scenario_state,object_field,snake_case,3,hooks,hooks\useBusinessModelling.js,hooks\useBusinessModelling.js,156,object_key,
business-modelling,scenario_total_revenue,object_field,snake_case,1,hooks,hooks\useBusinessModelling.js,hooks\useBusinessModelling.js,190,object_key,
business-modelling,selected_model_direct_costs,object_field,snake_case,1,hooks,hooks\useBusinessModelling.js,hooks\useBusinessModelling.js,521,object_key,
business-modelling,selected_model_id,object_field,snake_case,3,hooks | lib,hooks\useBusinessModelling.js | lib\storage\businessModellingStorage.js,hooks\useBusinessModelling.js,64,object_key,appears_in_multiple_files
business-modelling,selected_model_margin_per_productive_hour,object_field,snake_case,1,hooks,hooks\useBusinessModelling.js,hooks\useBusinessModelling.js,531,object_key,
business-modelling,selected_model_name,object_field,snake_case,1,hooks,hooks\useBusinessModelling.js,hooks\useBusinessModelling.js,515,object_key,
business-modelling,selected_model_total_revenue,object_field,snake_case,1,hooks,hooks\useBusinessModelling.js,hooks\useBusinessModelling.js,519,object_key,
business-modelling,type,object_field,plain,6,components | hooks,components\business-modelling\BusinessModellingStatusStrip.jsx | hooks\useBusinessModelling.js,components\business-modelling\BusinessModellingStatusStrip.jsx,48,object_key,appears_in_multiple_files
business-modelling,updated_at,object_field,snake_case,9,hooks | lib,hooks\useBusinessModelling.js | lib\storage\businessModellingStorage.js,hooks\useBusinessModelling.js,66,object_key,appears_in_multiple_files
business-modelling,upside_scenario,object_field,snake_case,2,hooks | lib,hooks\useBusinessModelling.js | lib\storage\businessModellingStorage.js,hooks\useBusinessModelling.js,61,object_key,appears_in_multiple_files
business-modelling,year,object_field,plain,1,components,components\business-modelling\BusinessModellingStatusStrip.jsx,components\business-modelling\BusinessModellingStatusStrip.jsx,18,object_key,
business-setup,business_name,output_contract_field,snake_case,4,hooks | lib,hooks\useBusinessSetup.js | lib\selectors\businessSetupSelectors.js | lib\storage\businessSetupStorage.js,hooks\useBusinessSetup.js,80,object_key | snake_case_reference,multiple_roles_detected | appears_in_multiple_files | downstream_contract_candidate
business-setup,business_setup_output_contract,output_contract_field,snake_case,8,hooks,hooks\useRevenueCogs.js | hooks\useRevenueReality.js,hooks\useRevenueCogs.js,72,declaration | snake_case_reference,appears_in_multiple_files | downstream_contract_candidate
business-setup,business_setup_state,output_contract_field,snake_case,1,hooks,hooks\useBusinessSetup.js,hooks\useBusinessSetup.js,91,snake_case_reference,downstream_contract_candidate
business-setup,output_contract,output_contract_field,snake_case,1,hooks,hooks\useBusinessSetup.js,hooks\useBusinessSetup.js,90,output_contract_reference,downstream_contract_candidate
business-setup,setup_status,status_field,snake_case,1,lib,lib\selectors\businessSetupSelectors.js,lib\selectors\businessSetupSelectors.js,48,object_key,
business-setup,status,status_field,plain,1,hooks,hooks\useBusinessSetup.js,hooks\useBusinessSetup.js,38,declaration,
business-setup,is_labour_based,readiness_field,snake_case,2,hooks,hooks\useBusinessSetup.js,hooks\useBusinessSetup.js,82,object_key,
business-setup,is_product_based,readiness_field,snake_case,2,hooks,hooks\useBusinessSetup.js,hooks\useBusinessSetup.js,83,object_key,
business-setup,is_selected,readiness_field,snake_case,7,components | lib,components\business-setup\BusinessSetupMainCard.jsx | lib\selectors\businessSetupSelectors.js,components\business-setup\BusinessSetupMainCard.jsx,4,object_key | snake_case_reference,appears_in_multiple_files
business-setup,warnings,warnings_field,plain,1,lib,lib\selectors\businessSetupSelectors.js,lib\selectors\businessSetupSelectors.js,37,declaration,
business-setup,business_type,warning_id,snake_case,4,hooks | lib,hooks\useBusinessSetup.js | lib\selectors\businessSetupSelectors.js | lib\storage\businessSetupStorage.js,hooks\useBusinessSetup.js,81,object_key | snake_case_reference,multiple_roles_detected | appears_in_multiple_files
business-setup,setup_completed,warning_id,snake_case,4,hooks | lib,hooks\useBusinessSetup.js | lib\selectors\businessSetupSelectors.js | lib\storage\businessSetupStorage.js,hooks\useBusinessSetup.js,84,object_key | snake_case_reference,multiple_roles_detected | appears_in_multiple_files
business-setup,warning_count,warning_id,snake_case,2,components | lib,components\business-setup\BusinessSetupStatusStrip.jsx | lib\selectors\businessSetupSelectors.js,components\business-setup\BusinessSetupStatusStrip.jsx,32,object_key | snake_case_reference,appears_in_multiple_files
business-setup,Example,object_field,PascalCase,1,components,components\business-setup\BusinessSetupMainCard.jsx,components\business-setup\BusinessSetupMainCard.jsx,80,object_key,
business-setup,Selected,object_field,PascalCase,1,components,components\business-setup\BusinessSetupMainCard.jsx,components\business-setup\BusinessSetupMainCard.jsx,28,quoted_object_key,
business-setup,created_at,object_field,snake_case,4,hooks | lib,hooks\useBusinessSetup.js | lib\storage\businessSetupStorage.js,hooks\useBusinessSetup.js,85,object_key,appears_in_multiple_files
business-setup,engine,object_field,plain,1,components,components\business-setup\BusinessSetupHelpPanel.jsx,components\business-setup\BusinessSetupHelpPanel.jsx,11,object_key,
business-setup,md,object_field,plain,1,components,components\business-setup\BusinessSetupMainCard.jsx,components\business-setup\BusinessSetupMainCard.jsx,109,object_key,
business-setup,mode,object_field,plain,1,components,components\business-setup\BusinessSetupMainCard.jsx,components\business-setup\BusinessSetupMainCard.jsx,138,object_key,
business-setup,updated_at,object_field,snake_case,6,hooks | lib,hooks\useBusinessSetup.js | lib\storage\businessSetupStorage.js,hooks\useBusinessSetup.js,51,object_key,appears_in_multiple_files
business-summary,business_recovery_hours,output_contract_field,snake_case,4,hooks,hooks\useBusinessSummary.js,hooks\useBusinessSummary.js,56,object_key | snake_case_reference,downstream_contract_candidate
business-summary,business_summary,output_contract_field,snake_case,24,hooks | lib,hooks\useBusinessModelling.js | hooks\useQuoteEngine.js | hooks\useRecoverySummary.js | hooks\useRevenueReality.js | lib\recovery\recoveryRiskWarningSystem.js,hooks\useBusinessModelling.js,80,snake_case_reference,multiple_roles_detected | appears_in_multiple_files | downstream_contract_candidate
business-summary,business_summary_output_contract,output_contract_field,snake_case,35,hooks | lib,hooks\useBusinessModelling.js | hooks\useQuoteEngine.js | hooks\useRevenueReality.js | lib\calculations\quoteEngineCalculations.js,hooks\useBusinessModelling.js,79,declaration | object_key | snake_case_reference,appears_in_multiple_files | downstream_contract_candidate
business-summary,business_summary_outputs,output_contract_field,snake_case,1,hooks,hooks\useRecoverySummary.js,hooks\useRecoverySummary.js,26,declaration,downstream_contract_candidate
business-summary,business_summary_ready,output_contract_field,snake_case,5,hooks | lib,hooks\useBusinessSummary.js | lib\calculations\recoverySummaryCalculations.js | lib\selectors\businessSummarySelectors.js,hooks\useBusinessSummary.js,144,declaration | object_key | snake_case_reference,multiple_roles_detected | appears_in_multiple_files | downstream_contract_candidate
business-summary,business_summary_status,output_contract_field,snake_case,15,hooks | lib,hooks\useBusinessModelling.js | hooks\useBusinessSummary.js | lib\calculations\businessModellingCalculations.js | lib\selectors\businessSummarySelectors.js,hooks\useBusinessModelling.js,121,object_key | snake_case_reference,multiple_roles_detected | appears_in_multiple_files | downstream_contract_candidate
business-summary,business_summary_usable,output_contract_field,snake_case,2,hooks,hooks\useBusinessModelling.js,hooks\useBusinessModelling.js,84,declaration | snake_case_reference,downstream_contract_candidate
business-summary,business_summary_warnings,output_contract_field,snake_case,20,app | components | hooks | lib,app\business-summary\page.jsx | components\business-summary\BusinessSummaryStatusStrip.jsx | hooks\useBusinessModelling.js | hooks\useBusinessSummary.js | hooks\useQuoteEngine.js | lib\calculations\businessModellingCalculations.js | lib\selectors\businessSummarySelectors.js | lib\selectors\quoteEngineSelectors.js,app\business-summary\page.jsx,65,object_key | warning_id,multiple_roles_detected | appears_in_multiple_files | downstream_contract_candidate
business-summary,business_type,output_contract_field,snake_case,2,hooks,hooks\useBusinessSummary.js,hooks\useBusinessSummary.js,68,object_key | snake_case_reference,downstream_contract_candidate
business-summary,calculations,output_contract_field,plain,1,hooks,hooks\useBusinessSummary.js,hooks\useBusinessSummary.js,30,declaration,downstream_contract_candidate
business-summary,cost_burden_breakdown,output_contract_field,snake_case,3,hooks,hooks\useBusinessSummary.js,hooks\useBusinessSummary.js,130,object_key | snake_case_reference,multiple_roles_detected | downstream_contract_candidate
business-summary,is_product_based,output_contract_field,snake_case,13,app | components | hooks | lib,app\business-summary\page.jsx | components\business-summary\BusinessSummaryCard.jsx | components\business-summary\BusinessSummaryHierarchyBuilder.js | hooks\useBusinessSummary.js | lib\calculations\businessSummaryCalculations.js | lib\selectors\businessSummarySelectors.js,app\business-summary\page.jsx,100,declaration | object_key | snake_case_reference,multiple_roles_detected | appears_in_multiple_files | downstream_contract_candidate
business-summary,margin_pool,output_contract_field,snake_case,17,components | hooks | lib,components\recovery-summary\main-card\RecoveryOutcomeDetail.jsx | components\recovery-summary\main-card\recoverySummaryWarningHelpers.js | components\recovery-summary\recoverySummaryWarningDetails.js | hooks\useBusinessModelling.js | hooks\useBusinessSummary.js | hooks\useRevenueReality.js | lib\calculations\recoverySummaryCalculations.js | lib\recovery\recoveryRiskWarningSystem.js | lib\selectors\businessSummarySelectors.js,components\recovery-summary\main-card\RecoveryOutcomeDetail.jsx,62,object_key | snake_case_reference,multiple_roles_detected | appears_in_multiple_files | downstream_contract_candidate
business-summary,net_position,output_contract_field,snake_case,8,components | hooks | lib,components\recovery-summary\recoverySummaryWarningDetails.js | hooks\useBusinessModelling.js | lib\calculations\recoveryOutcomeCalculations.js | lib\calculations\recoverySummaryCalculations.js | lib\selectors\businessSummarySelectors.js,components\recovery-summary\recoverySummaryWarningDetails.js,7,object_key | snake_case_reference,multiple_roles_detected | appears_in_multiple_files | downstream_contract_candidate
business-summary,operating_recovery_hours,output_contract_field,snake_case,4,hooks,hooks\useBusinessSummary.js,hooks\useBusinessSummary.js,59,object_key | snake_case_reference,downstream_contract_candidate
business-summary,output_contract,output_contract_field,snake_case,4,hooks,hooks\useBusinessSummary.js,hooks\useBusinessSummary.js,26,output_contract_reference,downstream_contract_candidate
business-summary,people,output_contract_field,plain,4,components | hooks,components\business-summary\BusinessSummaryCard.jsx | components\business-summary\BusinessSummaryHierarchyBuilder.js | components\business-summary\BusinessSummaryMacroPositionCard.jsx | hooks\useBusinessSummary.js,components\business-summary\BusinessSummaryCard.jsx,63,object_key,multiple_roles_detected | appears_in_multiple_files | downstream_contract_candidate
business-summary,product_based,output_contract_field,snake_case,1,hooks,hooks\useBusinessSummary.js,hooks\useBusinessSummary.js,71,snake_case_reference,downstream_contract_candidate
business-summary,ready,output_contract_field,plain,3,hooks | lib,hooks\useBusinessSummary.js | lib\selectors\businessSummarySelectors.js,hooks\useBusinessSummary.js,87,status_value,multiple_roles_detected | appears_in_multiple_files | downstream_contract_candidate
business-summary,recovery_hours_used,output_contract_field,snake_case,2,hooks | lib,hooks\useBusinessSummary.js | lib\selectors\businessSummarySelectors.js,hooks\useBusinessSummary.js,227,object_key | snake_case_reference,multiple_roles_detected | appears_in_multiple_files | downstream_contract_candidate
business-summary,total_available_hours_before_productivity,output_contract_field,snake_case,2,hooks,hooks\useBusinessSummary.js,hooks\useBusinessSummary.js,234,object_key | snake_case_reference,downstream_contract_candidate
business-summary,total_recovery_hours,output_contract_field,snake_case,2,hooks,hooks\useBusinessSummary.js,hooks\useBusinessSummary.js,53,object_key | snake_case_reference,downstream_contract_candidate
business-summary,total_revenue,output_contract_field,snake_case,2,hooks | lib,hooks\useBusinessSummary.js | lib\selectors\businessSummarySelectors.js,hooks\useBusinessSummary.js,31,object_key | snake_case_reference,multiple_roles_detected | appears_in_multiple_files | downstream_contract_candidate
business-summary,units_sold_annual,output_contract_field,snake_case,3,hooks | lib,hooks\useBusinessSummary.js | lib\selectors\businessSummarySelectors.js,hooks\useBusinessSummary.js,65,object_key | snake_case_reference,multiple_roles_detected | appears_in_multiple_files | downstream_contract_candidate
business-summary,weighted_productivity_percent,output_contract_field,snake_case,2,hooks,hooks\useBusinessSummary.js,hooks\useBusinessSummary.js,231,object_key | snake_case_reference,downstream_contract_candidate
business-summary,source_business_summary_status,status_field,snake_case,1,lib,lib\calculations\businessModellingCalculations.js,lib\calculations\businessModellingCalculations.js,52,object_key,
business-summary,status,status_field,plain,3,app | hooks,app\business-summary\page.jsx | hooks\useBusinessSummary.js,app\business-summary\page.jsx,17,declaration | destructured_name,appears_in_multiple_files
business-summary,business_summary_not_ready,readiness_field,snake_case,6,components | lib,components\recovery-summary\main-card\recoverySummaryWarningHelpers.js | components\recovery-summary\recoverySummaryWarningDetails.js | lib\calculations\recoverySummaryCalculations.js | lib\selectors\recoverySummarySelectors.js,components\recovery-summary\main-card\recoverySummaryWarningHelpers.js,3,object_key | snake_case_reference,appears_in_multiple_files
business-summary,is_active,readiness_field,snake_case,3,components,components\business-summary\BusinessSummaryMacroPositionCard.jsx,components\business-summary\BusinessSummaryMacroPositionCard.jsx,482,declaration | snake_case_reference,
business-summary,is_business_summary_trusted,readiness_field,snake_case,2,lib,lib\selectors\recoverySummarySelectors.js,lib\selectors\recoverySummarySelectors.js,217,snake_case_reference,
business-summary,is_clickable,readiness_field,snake_case,4,components,components\business-summary\BusinessSummaryCalculationTable.jsx | components\business-summary\BusinessSummaryMacroPositionCard.jsx,components\business-summary\BusinessSummaryCalculationTable.jsx,8,declaration | snake_case_reference,appears_in_multiple_files
business-summary,is_total,readiness_field,snake_case,3,components,components\business-summary\BusinessSummaryMacroPositionCard.jsx,components\business-summary\BusinessSummaryMacroPositionCard.jsx,160,snake_case_reference,
business-summary,ready_with_warnings,warnings_field,snake_case,1,lib,lib\selectors\businessSummarySelectors.js,lib\selectors\businessSummarySelectors.js,129,warning_id,
business-summary,warnings,warnings_field,plain,1,lib,lib\selectors\businessSummarySelectors.js,lib\selectors\businessSummarySelectors.js,42,declaration,
business-summary,activity_driver_type,warning_id,snake_case,2,lib,lib\selectors\businessSummarySelectors.js,lib\selectors\businessSummarySelectors.js,65,snake_case_reference,
business-summary,activity_driver_value,warning_id,snake_case,2,lib,lib\selectors\businessSummarySelectors.js,lib\selectors\businessSummarySelectors.js,65,snake_case_reference,
business-summary,blocked,warning_id,plain,1,lib,lib\selectors\businessSummarySelectors.js,lib\selectors\businessSummarySelectors.js,126,status_value,
business-summary,business_summary_not_trusted,warning_id,snake_case,2,components | lib,components\recovery-summary\main-card\recoverySummaryWarningHelpers.js | lib\recovery\recoveryRiskWarningSystem.js,components\recovery-summary\main-card\recoverySummaryWarningHelpers.js,2,snake_case_reference,appears_in_multiple_files
business-summary,business_summary_trusted,warning_id,snake_case,3,lib,lib\recovery\recoveryRiskWarningSystem.js | lib\selectors\recoverySummarySelectors.js,lib\recovery\recoveryRiskWarningSystem.js,422,object_key | snake_case_reference,appears_in_multiple_files
business-summary,hourly_gap,warning_id,snake_case,7,hooks | lib,hooks\useBusinessSummary.js | lib\calculations\businessSummaryCalculations.js | lib\selectors\businessSummarySelectors.js,hooks\useBusinessSummary.js,247,declaration | object_key | warning_id,appears_in_multiple_files
business-summary,margin_pool_below_cost_burden,warning_id,snake_case,1,lib,lib\recovery\recoveryRiskWarningSystem.js,lib\recovery\recoveryRiskWarningSystem.js,475,snake_case_reference,
business-summary,message,warning_id,plain,10,lib,lib\selectors\businessSummarySelectors.js,lib\selectors\businessSummarySelectors.js,47,object_key,
business-summary,negative_margin_pool,warning_id,snake_case,3,components | lib,components\recovery-summary\recoverySummaryWarningDetails.js | lib\calculations\recoverySummaryCalculations.js | lib\selectors\quoteEngineSelectors.js,components\recovery-summary\recoverySummaryWarningDetails.js,66,object_key | snake_case_reference,appears_in_multiple_files
business-summary,negative_net_position,warning_id,snake_case,4,components | lib,components\recovery-summary\recoverySummaryWarningDetails.js | lib\calculations\recoveryOutcomeCalculations.js | lib\calculations\recoverySummaryCalculations.js | lib\selectors\businessSummarySelectors.js,components\recovery-summary\recoverySummaryWarningDetails.js,16,object_key | snake_case_reference,appears_in_multiple_files
business-summary,no_activity_driver,warning_id,snake_case,1,lib,lib\selectors\businessSummarySelectors.js,lib\selectors\businessSummarySelectors.js,91,snake_case_reference,
business-summary,no_margin_pool,warning_id,snake_case,1,lib,lib\selectors\businessSummarySelectors.js,lib\selectors\businessSummarySelectors.js,53,snake_case_reference,
business-summary,no_productive_output,warning_id,snake_case,1,lib,lib\selectors\businessSummarySelectors.js,lib\selectors\businessSummarySelectors.js,67,snake_case_reference,
business-summary,no_recovery_hours,warning_id,snake_case,1,lib,lib\selectors\businessSummarySelectors.js,lib\selectors\businessSummarySelectors.js,75,snake_case_reference,
business-summary,no_revenue_data,warning_id,snake_case,1,lib,lib\selectors\businessSummarySelectors.js,lib\selectors\businessSummarySelectors.js,46,snake_case_reference,
business-summary,no_units_sold,warning_id,snake_case,1,lib,lib\selectors\businessSummarySelectors.js,lib\selectors\businessSummarySelectors.js,83,snake_case_reference,
business-summary,quote_margin_pool,warning_id,snake_case,1,lib,lib\selectors\quoteEngineSelectors.js,lib\selectors\quoteEngineSelectors.js,114,snake_case_reference,
business-summary,recovery_gap_label,warning_id,snake_case,12,app | components | hooks | lib,app\business-summary\page.jsx | components\business-summary\BusinessSummaryCard.jsx | components\business-summary\BusinessSummaryModePanel.jsx | hooks\useBusinessSummary.js | lib\calculations\businessSummaryCalculations.js | lib\selectors\businessSummarySelectors.js,app\business-summary\page.jsx,62,object_key | warning_id,appears_in_multiple_files
business-summary,recovery_gap_per_driver,warning_id,snake_case,13,app | components | hooks | lib,app\business-summary\page.jsx | components\business-summary\BusinessSummaryCard.jsx | components\business-summary\BusinessSummaryModePanel.jsx | hooks\useBusinessSummary.js | lib\calculations\businessSummaryCalculations.js | lib\selectors\businessSummarySelectors.js,app\business-summary\page.jsx,59,declaration | object_key | warning_id,appears_in_multiple_files
business-summary,recovery_gap_per_hour,warning_id,snake_case,1,hooks,hooks\useBusinessSummary.js,hooks\useBusinessSummary.js,247,object_key,
business-summary,required_recovery_unit_label,warning_id,snake_case,1,app,app\business-summary\page.jsx,app\business-summary\page.jsx,63,snake_case_reference,
business-summary,safe_margin_pool,warning_id,snake_case,4,lib,lib\recovery\recoveryRiskWarningSystem.js,lib\recovery\recoveryRiskWarningSystem.js,434,declaration | snake_case_reference,
business-summary,scaled_required_recovery,warning_id,snake_case,3,components,components\business-summary\BusinessSummaryHierarchyBuilder.js | components\business-summary\BusinessSummaryResultHero.jsx,components\business-summary\BusinessSummaryHierarchyBuilder.js,110,declaration | warning_id,appears_in_multiple_files
business-summary,scaled_required_units_to_break_even,warning_id,snake_case,4,components,components\business-summary\BusinessSummaryHierarchyBuilder.js | components\business-summary\BusinessSummaryResultHero.jsx,components\business-summary\BusinessSummaryHierarchyBuilder.js,135,declaration | warning_id,appears_in_multiple_files
business-summary,scaled_unit_surplus_or_shortfall,warning_id,snake_case,4,components,components\business-summary\BusinessSummaryHierarchyBuilder.js | components\business-summary\BusinessSummaryResultHero.jsx,components\business-summary\BusinessSummaryHierarchyBuilder.js,139,declaration | warning_id,appears_in_multiple_files
business-summary,scenario_margin_pool_variance,warning_id,snake_case,2,lib,lib\calculations\businessModellingCalculations.js,lib\calculations\businessModellingCalculations.js,181,declaration | warning_id,
business-summary,scenario_net_position_variance,warning_id,snake_case,2,lib,lib\calculations\businessModellingCalculations.js,lib\calculations\businessModellingCalculations.js,184,declaration | warning_id,
business-summary,unit_surplus_or_shortfall,warning_id,snake_case,13,app | components | hooks | lib,app\business-summary\page.jsx | components\business-summary\BusinessSummaryCard.jsx | components\business-summary\BusinessSummaryHierarchyBuilder.js | hooks\useBusinessSummary.js | lib\calculations\businessSummaryCalculations.js | lib\selectors\businessSummarySelectors.js,app\business-summary\page.jsx,117,declaration | object_key | warning_id,appears_in_multiple_files
business-summary,upstream_business_summary_warning,warning_id,snake_case,1,hooks,hooks\useBusinessModelling.js,hooks\useBusinessModelling.js,272,warning_id,
business-summary,warning_count,warning_id,snake_case,4,app | components | lib,app\business-summary\page.jsx | components\business-summary\BusinessSummaryStatusStrip.jsx | lib\selectors\businessSummarySelectors.js,app\business-summary\page.jsx,64,object_key | snake_case_reference,appears_in_multiple_files
business-summary,warning_id,warning_id,snake_case,11,components | lib,components\business-summary\BusinessSummaryStatusStrip.jsx | lib\selectors\businessSummarySelectors.js,components\business-summary\BusinessSummaryStatusStrip.jsx,67,object_key | snake_case_reference,appears_in_multiple_files
business-summary,Cost,object_field,PascalCase,1,components,components\business-summary\BusinessSummaryCard.jsx,components\business-summary\BusinessSummaryCard.jsx,152,object_key,
business-summary,Hide,object_field,PascalCase,1,components,components\business-summary\BusinessSummaryHelpPanel.jsx,components\business-summary\BusinessSummaryHelpPanel.jsx,40,quoted_object_key,
business-summary,PRODUCT_TIME_SCALES,object_field,constant,1,components,components\business-summary\BusinessSummaryResultHero.jsx,components\business-summary\BusinessSummaryResultHero.jsx,37,object_key,
business-summary,Reconciled,object_field,PascalCase,1,components,components\business-summary\BusinessSummaryMacroPositionCard.jsx,components\business-summary\BusinessSummaryMacroPositionCard.jsx,82,quoted_object_key,
business-summary,Surplus,object_field,PascalCase,1,components,components\business-summary\BusinessSummaryHierarchyBuilder.js,components\business-summary\BusinessSummaryHierarchyBuilder.js,213,quoted_object_key,
business-summary,active,object_field,plain,2,components,components\business-summary\BusinessSummaryCompositionGraph.jsx,components\business-summary\BusinessSummaryCompositionGraph.jsx,47,quoted_object_key,
business-summary,amount,object_field,plain,35,components,components\business-summary\BusinessSummaryHierarchyBuilder.js,components\business-summary\BusinessSummaryHierarchyBuilder.js,253,object_key,
business-summary,business_hierarchy,object_field,snake_case,1,components,components\business-summary\BusinessSummaryHierarchyBuilder.js,components\business-summary\BusinessSummaryHierarchyBuilder.js,688,object_key,
business-summary,business_overheads,object_field,snake_case,4,components | hooks,components\business-summary\BusinessSummaryCard.jsx | components\business-summary\BusinessSummaryHierarchyBuilder.js | components\business-summary\BusinessSummaryMacroPositionCard.jsx | hooks\useBusinessSummary.js,components\business-summary\BusinessSummaryCard.jsx,65,object_key,appears_in_multiple_files
business-summary,clickable,object_field,plain,2,components,components\business-summary\BusinessSummaryCompositionGraph.jsx,components\business-summary\BusinessSummaryCompositionGraph.jsx,46,quoted_object_key,
business-summary,currency,object_field,plain,3,components,components\business-summary\BusinessSummaryCardUtils.js | components\business-summary\BusinessSummaryStatusStrip.jsx | components\business-summary\businessSummaryFormatters.js,components\business-summary\BusinessSummaryCardUtils.js,15,object_key,appears_in_multiple_files
business-summary,day,object_field,plain,1,components,components\business-summary\BusinessSummaryHierarchyBuilder.js,components\business-summary\BusinessSummaryHierarchyBuilder.js,89,quoted_object_key,
business-summary,deficit,object_field,plain,2,components,components\business-summary\BusinessSummaryHierarchyBuilder.js,components\business-summary\BusinessSummaryHierarchyBuilder.js,205,object_key,
business-summary,drilldown_key,object_field,snake_case,4,components,components\business-summary\BusinessSummaryMacroPositionCard.jsx,components\business-summary\BusinessSummaryMacroPositionCard.jsx,392,object_key,
business-summary,height,object_field,plain,2,components,components\business-summary\BusinessSummaryCard.jsx | components\business-summary\BusinessSummaryStatusStrip.jsx,components\business-summary\BusinessSummaryCard.jsx,193,object_key,appears_in_multiple_files
business-summary,help,object_field,plain,8,components,components\business-summary\BusinessSummaryMacroPositionCard.jsx,components\business-summary\BusinessSummaryMacroPositionCard.jsx,384,object_key,
business-summary,hero,object_field,plain,1,components,components\business-summary\BusinessSummaryHierarchyBuilder.js,components\business-summary\BusinessSummaryHierarchyBuilder.js,693,object_key,
business-summary,hours,object_field,plain,1,components,components\business-summary\BusinessSummaryCardUtils.js,components\business-summary\BusinessSummaryCardUtils.js,68,object_key,
business-summary,id,object_field,plain,8,components,components\business-summary\BusinessSummaryMacroPositionCard.jsx,components\business-summary\BusinessSummaryMacroPositionCard.jsx,382,object_key,
business-summary,includeInBar,object_field,camelCase,13,components,components\business-summary\BusinessSummaryHierarchyBuilder.js,components\business-summary\BusinessSummaryHierarchyBuilder.js,446,object_key,
business-summary,isPending,object_field,camelCase,7,components,components\business-summary\BusinessSummaryHierarchyBuilder.js,components\business-summary\BusinessSummaryHierarchyBuilder.js,406,object_key,
business-summary,isReference,object_field,camelCase,3,components,components\business-summary\BusinessSummaryHierarchyBuilder.js,components\business-summary\BusinessSummaryHierarchyBuilder.js,445,object_key,
business-summary,key,object_field,plain,41,components,components\business-summary\BusinessSummaryCardUtils.js | components\business-summary\BusinessSummaryHierarchyBuilder.js,components\business-summary\BusinessSummaryCardUtils.js,2,object_key,appears_in_multiple_files
business-summary,maximumFractionDigits,object_field,camelCase,6,components,components\business-summary\BusinessSummaryCardUtils.js | components\business-summary\BusinessSummaryStatusStrip.jsx | components\business-summary\businessSummaryFormatters.js,components\business-summary\BusinessSummaryCardUtils.js,16,object_key,appears_in_multiple_files
business-summary,muted,object_field,plain,2,components,components\business-summary\BusinessSummaryCompositionGraph.jsx,components\business-summary\BusinessSummaryCompositionGraph.jsx,48,quoted_object_key,
business-summary,note,object_field,plain,22,components,components\business-summary\BusinessSummaryHierarchyBuilder.js,components\business-summary\BusinessSummaryHierarchyBuilder.js,339,object_key,
business-summary,number,object_field,plain,2,app | components,app\business-summary\page.jsx | components\business-summary\BusinessSummaryMacroPositionCard.jsx,app\business-summary\page.jsx,13,object_key,appears_in_multiple_files
business-summary,onMouseEnter,object_field,camelCase,2,components,components\business-summary\BusinessSummaryCompositionGraph.jsx,components\business-summary\BusinessSummaryCompositionGraph.jsx,58,object_key,
business-summary,onMouseLeave,object_field,camelCase,2,components,components\business-summary\BusinessSummaryCompositionGraph.jsx,components\business-summary\BusinessSummaryCompositionGraph.jsx,59,object_key,
business-summary,pendingLabel,object_field,camelCase,4,components,components\business-summary\BusinessSummaryHierarchyBuilder.js,components\business-summary\BusinessSummaryHierarchyBuilder.js,468,object_key,
business-summary,referenceTotal,object_field,camelCase,35,components,components\business-summary\BusinessSummaryHierarchyBuilder.js,components\business-summary\BusinessSummaryHierarchyBuilder.js,254,object_key,
business-summary,result_table,object_field,snake_case,1,components,components\business-summary\BusinessSummaryHierarchyBuilder.js,components\business-summary\BusinessSummaryHierarchyBuilder.js,703,object_key,
business-summary,scenario_margin_pool,object_field,snake_case,1,hooks,hooks\useBusinessModelling.js,hooks\useBusinessModelling.js,192,object_key,
business-summary,scenario_net_position,object_field,snake_case,2,hooks,hooks\useBusinessModelling.js,hooks\useBusinessModelling.js,195,object_key,
business-summary,selected_model_margin_pool,object_field,snake_case,1,hooks,hooks\useBusinessModelling.js,hooks\useBusinessModelling.js,523,object_key,
business-summary,selected_model_net_position,object_field,snake_case,1,hooks,hooks\useBusinessModelling.js,hooks\useBusinessModelling.js,535,object_key,
business-summary,set_active_breakdown,object_field,snake_case,1,components,components\business-summary\BusinessSummaryMacroPositionCard.jsx,components\business-summary\BusinessSummaryMacroPositionCard.jsx,494,object_key,
business-summary,shareLabel,object_field,camelCase,8,components,components\business-summary\BusinessSummaryHierarchyBuilder.js,components\business-summary\BusinessSummaryHierarchyBuilder.js,512,object_key,
business-summary,suffix,object_field,plain,35,components,components\business-summary\BusinessSummaryCardUtils.js | components\business-summary\BusinessSummaryHierarchyBuilder.js,components\business-summary\BusinessSummaryCardUtils.js,2,object_key,appears_in_multiple_files
business-summary,surplus,object_field,plain,1,components,components\business-summary\BusinessSummaryHierarchyBuilder.js,components\business-summary\BusinessSummaryHierarchyBuilder.js,210,object_key,
business-summary,total,object_field,plain,3,components,components\business-summary\BusinessSummaryMacroPositionCard.jsx,components\business-summary\BusinessSummaryMacroPositionCard.jsx,29,object_key | quoted_object_key,
business-summary,valueLabel,object_field,camelCase,4,components,components\business-summary\BusinessSummaryHierarchyBuilder.js,components\business-summary\BusinessSummaryHierarchyBuilder.js,467,object_key,
cost-allocation,base_calculation_inputs,output_contract_field,snake_case,1,hooks,hooks\useCostAllocation.js,hooks\useCostAllocation.js,89,snake_case_reference,downstream_contract_candidate
cost-allocation,build_cost_allocation_output_contract,output_contract_field,snake_case,3,hooks,hooks\cost-allocation\useCostAllocationOutputContract.js | hooks\useCostAllocation.js,hooks\cost-allocation\useCostAllocationOutputContract.js,5,snake_case_reference,appears_in_multiple_files | downstream_contract_candidate
cost-allocation,cost_allocation,output_contract_field,snake_case,20,app | components | hooks | lib,app\recovery-outcome\page.jsx | components\rate-builder\RateBuilderLineCalculator.jsx | hooks\useRecoveryOutcome.js | lib\calculations\recoveryOutcomeCalculations.js | lib\recovery\recoveryRiskWarningSystem.js,app\recovery-outcome\page.jsx,22,object_key | snake_case_reference,multiple_roles_detected | appears_in_multiple_files | downstream_contract_candidate
cost-allocation,cost_allocation_contract,output_contract_field,snake_case,1,app,app\recovery-outcome\page.jsx,app\recovery-outcome\page.jsx,21,declaration,downstream_contract_candidate
cost-allocation,fallback_recovery_summary,output_contract_field,snake_case,1,hooks,hooks\useCostAllocation.js,hooks\useCostAllocation.js,50,snake_case_reference,downstream_contract_candidate
cost-allocation,output_contract,output_contract_field,snake_case,11,hooks | lib,hooks\useCostAllocation.js | lib\calculations\cost-allocation\costAllocationInputBuilder.js,hooks\useCostAllocation.js,50,output_contract_reference,appears_in_multiple_files | downstream_contract_candidate
cost-allocation,recovery_hours_used,output_contract_field,snake_case,1,hooks,hooks\useCostAllocation.js,hooks\useCostAllocation.js,89,object_key,downstream_contract_candidate
cost-allocation,recovery_outputs,output_contract_field,snake_case,4,lib,lib\calculations\cost-allocation\costAllocationInputBuilder.js,lib\calculations\cost-allocation\costAllocationInputBuilder.js,16,declaration | snake_case_reference,multiple_roles_detected | downstream_contract_candidate
cost-allocation,recovery_summary,output_contract_field,snake_case,2,hooks | lib,hooks\useCostAllocation.js | lib\calculations\cost-allocation\costAllocationInputBuilder.js,hooks\useCostAllocation.js,49,snake_case_reference,appears_in_multiple_files | downstream_contract_candidate
cost-allocation,actions,consumed_field,plain,1,app,app\cost-allocation\page.jsx,app\cost-allocation\page.jsx,11,destructured_name,consumed_from_upstream
cost-allocation,allocation_status,status_field,snake_case,91,components | hooks | lib,components\cost-allocation\CostAllocationEvidenceBreakdown.jsx | components\cost-allocation\CostAllocationGroupsCard.jsx | components\cost-allocation\CostAllocationNoticeBanner.jsx | components\cost-allocation\CostAllocationStatusStrip.jsx | components\recovery-outcome\RecoveryOutcomeMainCard.jsx | components\recovery-outcome\RecoveryOutcomeStatusStrip.jsx | hooks\cost-allocation\useCostAllocationAssignmentCards.js | hooks\cost-allocation\useCostAllocationOutputContract.js | lib\calculations\cost-allocation\costAllocationDivisionBuilders.js | lib\calculations\cost-allocation\costAllocationPoolBuilders.js | lib\calculations\costAllocationRules.js | lib\calculations\recoveryOutcomeCalculations.js | lib\selectors\cost-allocation\costAllocationCardSections.js | lib\selectors\cost-allocation\costAllocationCardSelectors.js | lib\selectors\cost-allocation\costAllocationDisplayHelpers.js | lib\selectors\cost-allocation\costAllocationStatusSelectors.js | lib\selectors\recoveryOutcomeSelectors.js,components\cost-allocation\CostAllocationEvidenceBreakdown.jsx,273,declaration | object_key | snake_case_reference,appears_in_multiple_files
cost-allocation,base_allocation_status,status_field,snake_case,2,lib,lib\calculations\costAllocationRules.js,lib\calculations\costAllocationRules.js,318,declaration | snake_case_reference,
cost-allocation,build_cost_allocation_status,status_field,snake_case,4,hooks | lib,hooks\useCostAllocation.js | lib\selectors\cost-allocation\costAllocationStatusSelectors.js | lib\selectors\costAllocationSelectors.js,hooks\useCostAllocation.js,30,snake_case_reference,appears_in_multiple_files
cost-allocation,flat_allocation_status,status_field,snake_case,2,components,components\cost-allocation\CostAllocationStatusStrip.jsx,components\cost-allocation\CostAllocationStatusStrip.jsx,61,snake_case_reference,
cost-allocation,get_allocation_status,status_field,snake_case,3,lib,lib\calculations\cost-allocation\costAllocationStatus.js | lib\calculations\costAllocationRules.js,lib\calculations\cost-allocation\costAllocationStatus.js,31,snake_case_reference,appears_in_multiple_files
cost-allocation,material_margin_status,status_field,snake_case,3,hooks | lib,hooks\cost-allocation\useCostAllocationOutputContract.js | lib\calculations\cost-allocation\costAllocationInputBuilder.js,hooks\cost-allocation\useCostAllocationOutputContract.js,37,object_key | snake_case_reference,appears_in_multiple_files
cost-allocation,missing_allocation_status,status_field,snake_case,2,lib,lib\calculations\recoveryOutcomeCalculations.js,lib\calculations\recoveryOutcomeCalculations.js,36,object_key | snake_case_reference,
cost-allocation,recovery_summary_status,status_field,snake_case,2,lib,lib\calculations\cost-allocation\costAllocationInputBuilder.js,lib\calculations\cost-allocation\costAllocationInputBuilder.js,44,object_key | snake_case_reference,
cost-allocation,status,status_field,plain,1,hooks,hooks\useCostAllocation.js,hooks\useCostAllocation.js,160,declaration,
cost-allocation,cost_allocation_ready,readiness_field,snake_case,2,hooks | lib,hooks\cost-allocation\useCostAllocationOutputContract.js | lib\calculations\costAllocationRules.js,hooks\cost-allocation\useCostAllocationOutputContract.js,71,object_key,appears_in_multiple_files
cost-allocation,has_component_required_recovery,readiness_field,snake_case,3,lib,lib\calculations\cost-allocation\costAllocationValidation.js | lib\calculations\costAllocationRules.js,lib\calculations\cost-allocation\costAllocationValidation.js,221,warning_id,appears_in_multiple_files
cost-allocation,has_default_division,readiness_field,snake_case,6,lib,lib\calculations\cost-allocation\costAllocationDivisionBuilders.js | lib\storage\costAllocationProfileStorage.js | lib\storage\costAllocationStorage.js,lib\calculations\cost-allocation\costAllocationDivisionBuilders.js,31,declaration | snake_case_reference,appears_in_multiple_files
cost-allocation,has_groups,readiness_field,snake_case,3,components,components\cost-allocation\divisions\CostAllocationDivisionCard.jsx,components\cost-allocation\divisions\CostAllocationDivisionCard.jsx,13,snake_case_reference,
cost-allocation,has_internal_capacity_shortfall,readiness_field,snake_case,12,lib,lib\calculations\cost-allocation\costAllocationStatus.js | lib\calculations\cost-allocation\costAllocationWarnings.js | lib\calculations\costAllocationRules.js,lib\calculations\cost-allocation\costAllocationStatus.js,2,declaration | warning_id,appears_in_multiple_files
cost-allocation,has_low_coverage,readiness_field,snake_case,3,lib,lib\calculations\cost-allocation\costAllocationStatus.js | lib\calculations\costAllocationRules.js,lib\calculations\cost-allocation\costAllocationStatus.js,39,object_key | snake_case_reference,appears_in_multiple_files
cost-allocation,has_low_group_coverage,readiness_field,snake_case,5,lib,lib\calculations\cost-allocation\costAllocationWarnings.js | lib\calculations\costAllocationRules.js,lib\calculations\cost-allocation\costAllocationWarnings.js,15,declaration | snake_case_reference,appears_in_multiple_files
cost-allocation,has_no_operational_groups,readiness_field,snake_case,4,lib,lib\calculations\cost-allocation\costAllocationWarnings.js | lib\calculations\costAllocationRules.js,lib\calculations\cost-allocation\costAllocationWarnings.js,26,declaration | snake_case_reference,appears_in_multiple_files
cost-allocation,has_over_allocated_source_pool,readiness_field,snake_case,4,lib,lib\calculations\costAllocationRules.js,lib\calculations\costAllocationRules.js,173,declaration | snake_case_reference,
cost-allocation,has_remaining_source_pool,readiness_field,snake_case,2,components,components\cost-allocation\CostAllocationStatusStrip.jsx,components\cost-allocation\CostAllocationStatusStrip.jsx,153,declaration | snake_case_reference,
cost-allocation,has_running_cost,readiness_field,snake_case,1,hooks,hooks\cost-allocation\useCostAllocationGroupRecoveryRows.js,hooks\cost-allocation\useCostAllocationGroupRecoveryRows.js,238,object_key,
cost-allocation,has_unassigned_cost,readiness_field,snake_case,4,lib,lib\calculations\cost-allocation\costAllocationWarnings.js | lib\calculations\costAllocationRules.js,lib\calculations\cost-allocation\costAllocationWarnings.js,25,declaration | snake_case_reference,appears_in_multiple_files
cost-allocation,is_active,readiness_field,snake_case,47,components | hooks | lib,components\cost-allocation\CostAllocationGroupsCard.jsx | components\cost-allocation\CostAllocationLinkTable.jsx | components\cost-allocation\CostAllocationProfilesCard.jsx | components\cost-allocation\CostAllocationStepBuilder.jsx | components\cost-allocation\groups\costAllocationGroupHelpers.js | hooks\cost-allocation\useCostAllocationAssignmentCards.js | hooks\useCostAllocation.js | lib\calculations\cost-allocation\costAllocationDivisionBuilders.js | lib\calculations\cost-allocation\costAllocationInputBuilder.js | lib\calculations\cost-allocation\costAllocationMaps.js | lib\calculations\cost-allocation\costAllocationPoolBuilders.js | lib\selectors\cost-allocation\costAllocationDisplayHelpers.js | lib\storage\costAllocationProfileStorage.js | lib\storage\costAllocationStorage.js,components\cost-allocation\CostAllocationGroupsCard.jsx,16,declaration | object_key | snake_case_reference,appears_in_multiple_files
cost-allocation,is_automatic,readiness_field,snake_case,2,lib,lib\calculations\cost-allocation\costAllocationPoolBuilders.js,lib\calculations\cost-allocation\costAllocationPoolBuilders.js,650,object_key,
cost-allocation,is_client_ready,readiness_field,snake_case,2,app,app\cost-allocation\page.jsx,app\cost-allocation\page.jsx,10,array_destructured_name | snake_case_reference,
cost-allocation,is_default_division,readiness_field,snake_case,3,components,components\cost-allocation\divisions\CostAllocationDivisionHeader.jsx,components\cost-allocation\divisions\CostAllocationDivisionHeader.jsx,19,declaration | snake_case_reference,
cost-allocation,is_editing,readiness_field,snake_case,2,components,components\cost-allocation\divisions\CostAllocationDivisionHeader.jsx,components\cost-allocation\divisions\CostAllocationDivisionHeader.jsx,10,array_destructured_name | snake_case_reference,
cost-allocation,is_expanded,readiness_field,snake_case,4,components,components\cost-allocation\divisions\CostAllocationDivisionCard.jsx | components\cost-allocation\groups\CostAllocationOperatingGroupBuilder.jsx,components\cost-allocation\divisions\CostAllocationDivisionCard.jsx,163,snake_case_reference,appears_in_multiple_files
cost-allocation,is_in_operating_group,readiness_field,snake_case,8,lib,lib\selectors\cost-allocation\costAllocationCardSelectors.js,lib\selectors\cost-allocation\costAllocationCardSelectors.js,29,declaration | snake_case_reference,
cost-allocation,is_in_working_unit,readiness_field,snake_case,2,lib,lib\selectors\cost-allocation\costAllocationCardSelectors.js,lib\selectors\cost-allocation\costAllocationCardSelectors.js,39,object_key,
cost-allocation,is_linked,readiness_field,snake_case,2,lib,lib\selectors\cost-allocation\costAllocationCardSelectors.js,lib\selectors\cost-allocation\costAllocationCardSelectors.js,37,object_key,
cost-allocation,is_manual_amount,readiness_field,snake_case,2,hooks,hooks\useCostAllocation.js,hooks\useCostAllocation.js,348,declaration | snake_case_reference,
cost-allocation,is_manual_percent,readiness_field,snake_case,2,hooks,hooks\useCostAllocation.js,hooks\useCostAllocation.js,349,declaration | snake_case_reference,
cost-allocation,is_productive,readiness_field,snake_case,2,hooks,hooks\cost-allocation\useCostAllocationAssignmentCards.js | hooks\useCostAllocation.js,hooks\cost-allocation\useCostAllocationAssignmentCards.js,50,object_key | snake_case_reference,appears_in_multiple_files
cost-allocation,is_rate_ready,readiness_field,snake_case,1,hooks,hooks\cost-allocation\useCostAllocationGroupRecoveryRows.js,hooks\cost-allocation\useCostAllocationGroupRecoveryRows.js,240,object_key,
cost-allocation,is_unmatched,readiness_field,snake_case,2,components,components\cost-allocation\groups\costAllocationGroupHelpers.js,components\cost-allocation\groups\costAllocationGroupHelpers.js,174,object_key,
cost-allocation,is_valid,readiness_field,snake_case,7,lib,lib\calculations\cost-allocation\costAllocationDivisionBuilders.js | lib\calculations\cost-allocation\costAllocationValidation.js | lib\calculations\costAllocationRules.js,lib\calculations\cost-allocation\costAllocationDivisionBuilders.js,130,declaration | snake_case_reference,appears_in_multiple_files
cost-allocation,recovery_summary_not_ready,readiness_field,snake_case,1,lib,lib\calculations\cost-allocation\costAllocationWarnings.js,lib\calculations\cost-allocation\costAllocationWarnings.js,36,snake_case_reference,
cost-allocation,recovery_summary_ready,readiness_field,snake_case,8,lib,lib\calculations\cost-allocation\costAllocationInputBuilder.js | lib\calculations\cost-allocation\costAllocationStatus.js | lib\calculations\cost-allocation\costAllocationWarnings.js | lib\calculations\costAllocationRules.js,lib\calculations\cost-allocation\costAllocationInputBuilder.js,42,object_key | snake_case_reference,appears_in_multiple_files
cost-allocation,set_is_client_ready,readiness_field,snake_case,2,app,app\cost-allocation\page.jsx,app\cost-allocation\page.jsx,10,array_destructured_name | snake_case_reference,
cost-allocation,additional_warnings,warnings_field,snake_case,1,lib,lib\selectors\cost-allocation\costAllocationCardSections.js,lib\selectors\cost-allocation\costAllocationCardSections.js,288,object_key,
cost-allocation,all_warnings,warnings_field,snake_case,4,lib,lib\selectors\cost-allocation\costAllocationCardSections.js | lib\selectors\cost-allocation\costAllocationCardSelectors.js,lib\selectors\cost-allocation\costAllocationCardSections.js,426,declaration | warning_id,appears_in_multiple_files
cost-allocation,allocation_warnings,warnings_field,snake_case,21,hooks | lib,hooks\cost-allocation\useCostAllocationOutputContract.js | lib\calculations\cost-allocation\costAllocationWarnings.js | lib\calculations\costAllocationRules.js | lib\selectors\cost-allocation\costAllocationCardSections.js | lib\selectors\cost-allocation\costAllocationCardSelectors.js | lib\selectors\cost-allocation\costAllocationDisplayHelpers.js | lib\selectors\cost-allocation\costAllocationStatusSelectors.js,hooks\cost-allocation\useCostAllocationOutputContract.js,11,declaration | object_key | warning_id,appears_in_multiple_files
cost-allocation,build_cost_allocation_warnings,warnings_field,snake_case,3,lib,lib\calculations\cost-allocation\costAllocationWarnings.js | lib\calculations\costAllocationRules.js,lib\calculations\cost-allocation\costAllocationWarnings.js,8,warning_id,appears_in_multiple_files
cost-allocation,built_warnings,warnings_field,snake_case,3,lib,lib\calculations\costAllocationRules.js,lib\calculations\costAllocationRules.js,284,declaration | warning_id,
cost-allocation,cost_allocation_warnings,warnings_field,snake_case,1,hooks,hooks\cost-allocation\useCostAllocationOutputContract.js,hooks\cost-allocation\useCostAllocationOutputContract.js,74,object_key,
cost-allocation,duplicate_link_warnings,warnings_field,snake_case,14,hooks | lib,hooks\cost-allocation\useCostAllocationOutputContract.js | lib\calculations\cost-allocation\costAllocationValidation.js | lib\calculations\cost-allocation\costAllocationWarnings.js | lib\calculations\costAllocationRules.js | lib\selectors\cost-allocation\costAllocationCardSections.js,hooks\cost-allocation\useCostAllocationOutputContract.js,117,declaration | object_key | warning_id,appears_in_multiple_files
cost-allocation,get_duplicate_link_warnings,warnings_field,snake_case,3,lib,lib\calculations\cost-allocation\costAllocationValidation.js | lib\calculations\costAllocationRules.js,lib\calculations\cost-allocation\costAllocationValidation.js,23,warning_id,appears_in_multiple_files
cost-allocation,get_orphan_warnings,warnings_field,snake_case,3,lib,lib\calculations\cost-allocation\costAllocationValidation.js | lib\calculations\costAllocationRules.js,lib\calculations\cost-allocation\costAllocationValidation.js,45,warning_id,appears_in_multiple_files
cost-allocation,get_unique_warnings,warnings_field,snake_case,5,lib,lib\selectors\cost-allocation\costAllocationCardSelectors.js | lib\selectors\cost-allocation\costAllocationDisplayHelpers.js,lib\selectors\cost-allocation\costAllocationCardSelectors.js,7,warning_id,appears_in_multiple_files
cost-allocation,group_validation_warnings,warnings_field,snake_case,9,hooks | lib,hooks\cost-allocation\useCostAllocationOutputContract.js | lib\calculations\cost-allocation\costAllocationValidation.js | lib\calculations\costAllocationRules.js | lib\selectors\cost-allocation\costAllocationCardSections.js,hooks\cost-allocation\useCostAllocationOutputContract.js,119,declaration | destructured_name | object_key | warning_id,appears_in_multiple_files
cost-allocation,has_warnings,warnings_field,snake_case,2,components,components\cost-allocation\CostAllocationStatusStrip.jsx,components\cost-allocation\CostAllocationStatusStrip.jsx,154,declaration | warning_id,
cost-allocation,orphan_warnings,warnings_field,snake_case,11,hooks | lib,hooks\cost-allocation\useCostAllocationOutputContract.js | lib\calculations\cost-allocation\costAllocationValidation.js | lib\calculations\costAllocationRules.js | lib\selectors\cost-allocation\costAllocationCardSections.js,hooks\cost-allocation\useCostAllocationOutputContract.js,118,declaration | object_key | warning_id,appears_in_multiple_files
cost-allocation,recovery_summary_warnings,warnings_field,snake_case,2,lib,lib\calculations\cost-allocation\costAllocationInputBuilder.js,lib\calculations\cost-allocation\costAllocationInputBuilder.js,46,object_key | warning_id,
cost-allocation,setup_warnings,warnings_field,snake_case,35,components | hooks | lib,components\cost-allocation\CostAllocationEvidenceBreakdown.jsx | components\cost-allocation\CostAllocationMainCard.jsx | components\cost-allocation\CostAllocationStatusStrip.jsx | hooks\cost-allocation\useCostAllocationOutputContract.js | lib\calculations\cost-allocation\costAllocationWarnings.js | lib\calculations\costAllocationRules.js | lib\selectors\cost-allocation\costAllocationCardSections.js | lib\selectors\cost-allocation\costAllocationCardSelectors.js | lib\selectors\cost-allocation\costAllocationStatusSelectors.js,components\cost-allocation\CostAllocationEvidenceBreakdown.jsx,599,declaration | object_key | warning_id,appears_in_multiple_files
cost-allocation,source_pool_warnings,warnings_field,snake_case,5,lib,lib\calculations\costAllocationRules.js,lib\calculations\costAllocationRules.js,258,declaration | warning_id,
cost-allocation,structural_warnings,warnings_field,snake_case,43,components | hooks | lib,components\cost-allocation\CostAllocationEvidenceBreakdown.jsx | components\cost-allocation\CostAllocationMainCard.jsx | components\cost-allocation\CostAllocationStatusStrip.jsx | hooks\cost-allocation\useCostAllocationOutputContract.js | lib\calculations\cost-allocation\costAllocationWarnings.js | lib\calculations\costAllocationRules.js | lib\selectors\cost-allocation\costAllocationCardSections.js | lib\selectors\cost-allocation\costAllocationCardSelectors.js | lib\selectors\cost-allocation\costAllocationStatusSelectors.js,components\cost-allocation\CostAllocationEvidenceBreakdown.jsx,605,declaration | object_key | warning_id,appears_in_multiple_files
cost-allocation,supporting_warnings,warnings_field,snake_case,1,lib,lib\selectors\cost-allocation\costAllocationCardSections.js,lib\selectors\cost-allocation\costAllocationCardSections.js,287,object_key,
cost-allocation,unique_setup_warnings,warnings_field,snake_case,4,lib,lib\selectors\cost-allocation\costAllocationCardSections.js | lib\selectors\cost-allocation\costAllocationCardSelectors.js,lib\selectors\cost-allocation\costAllocationCardSections.js,269,declaration | warning_id,appears_in_multiple_files
cost-allocation,unique_structural_warnings,warnings_field,snake_case,4,lib,lib\selectors\cost-allocation\costAllocationCardSections.js | lib\selectors\cost-allocation\costAllocationCardSelectors.js,lib\selectors\cost-allocation\costAllocationCardSections.js,270,declaration | warning_id,appears_in_multiple_files
cost-allocation,unique_warnings,warnings_field,snake_case,5,lib,lib\selectors\cost-allocation\costAllocationCardSections.js | lib\selectors\cost-allocation\costAllocationCardSelectors.js,lib\selectors\cost-allocation\costAllocationCardSections.js,271,declaration | warning_id,appears_in_multiple_files
cost-allocation,warnings,warnings_field,plain,3,lib,lib\selectors\cost-allocation\costAllocationCardSections.js | lib\selectors\cost-allocation\costAllocationDisplayHelpers.js | lib\selectors\cost-allocation\costAllocationStatusSelectors.js,lib\selectors\cost-allocation\costAllocationCardSections.js,434,declaration | object_key,appears_in_multiple_files
cost-allocation,active_check,warning_id,snake_case,1,components,components\cost-allocation\CostAllocationMainCard.jsx,components\cost-allocation\CostAllocationMainCard.jsx,241,snake_case_reference,
cost-allocation,active_groups,warning_id,snake_case,1,lib,lib\calculations\costAllocationRules.js,lib\calculations\costAllocationRules.js,99,object_key,
cost-allocation,active_links,warning_id,snake_case,1,lib,lib\calculations\cost-allocation\costAllocationValidation.js,lib\calculations\cost-allocation\costAllocationValidation.js,23,snake_case_reference,
cost-allocation,active_operational_groups,warning_id,snake_case,2,lib,lib\calculations\costAllocationRules.js | lib\selectors\cost-allocation\costAllocationCardSelectors.js,lib\calculations\costAllocationRules.js,99,declaration | snake_case_reference,appears_in_multiple_files
cost-allocation,allocation_dependency_type,warning_id,snake_case,2,components | hooks,components\cost-allocation\CostAllocationStatusStrip.jsx | hooks\cost-allocation\useCostAllocationOutputContract.js,components\cost-allocation\CostAllocationStatusStrip.jsx,62,object_key,multiple_roles_detected | appears_in_multiple_files
cost-allocation,blocked,warning_id,plain,2,components | lib,components\cost-allocation\CostAllocationStatusStrip.jsx | lib\calculations\cost-allocation\costAllocationInputBuilder.js,components\cost-allocation\CostAllocationStatusStrip.jsx,21,object_key | status_value,multiple_roles_detected | appears_in_multiple_files
cost-allocation,build_cost_allocation_card_context,warning_id,snake_case,1,lib,lib\selectors\cost-allocation\costAllocationCardSelectors.js,lib\selectors\cost-allocation\costAllocationCardSelectors.js,61,snake_case_reference,
cost-allocation,component_required_recovery,warning_id,snake_case,11,hooks | lib,hooks\cost-allocation\useCostAllocationOutputContract.js | lib\calculations\cost-allocation\costAllocationInputBuilder.js | lib\calculations\cost-allocation\costAllocationValidation.js | lib\calculations\costAllocationRules.js,hooks\cost-allocation\useCostAllocationOutputContract.js,17,object_key | warning_id,appears_in_multiple_files
cost-allocation,current_section,warning_id,snake_case,1,components,components\cost-allocation\CostAllocationEvidenceBreakdown.jsx,components\cost-allocation\CostAllocationEvidenceBreakdown.jsx,605,snake_case_reference,
cost-allocation,division_cost_rows,warning_id,snake_case,1,lib,lib\selectors\cost-allocation\costAllocationCardSections.js,lib\selectors\cost-allocation\costAllocationCardSections.js,293,object_key,
cost-allocation,division_counts,warning_id,snake_case,2,lib,lib\selectors\cost-allocation\costAllocationCardSections.js,lib\selectors\cost-allocation\costAllocationCardSections.js,272,snake_case_reference,
cost-allocation,duplicate_advanced_capability_links,warning_id,snake_case,1,lib,lib\calculations\cost-allocation\costAllocationWarnings.js,lib\calculations\cost-allocation\costAllocationWarnings.js,198,snake_case_reference,
cost-allocation,empty_message,warning_id,snake_case,5,components,components\cost-allocation\CostAllocationEvidenceBreakdown.jsx,components\cost-allocation\CostAllocationEvidenceBreakdown.jsx,77,snake_case_reference,
cost-allocation,external_delivery_enabled,warning_id,snake_case,3,lib,lib\calculations\cost-allocation\costAllocationWarnings.js | lib\storage\costAllocationStorage.js,lib\calculations\cost-allocation\costAllocationWarnings.js,18,object_key | snake_case_reference,multiple_roles_detected | appears_in_multiple_files
cost-allocation,external_delivery_not_defined,warning_id,snake_case,1,lib,lib\calculations\cost-allocation\costAllocationWarnings.js,lib\calculations\cost-allocation\costAllocationWarnings.js,144,snake_case_reference,
cost-allocation,external_delivery_required,warning_id,snake_case,23,components | hooks | lib,components\cost-allocation\CostAllocationEvidenceBreakdown.jsx | hooks\cost-allocation\useCostAllocationOutputContract.js | lib\calculations\cost-allocation\costAllocationStatus.js | lib\calculations\cost-allocation\costAllocationWarnings.js | lib\calculations\costAllocationRules.js | lib\selectors\cost-allocation\costAllocationCardSections.js | lib\selectors\cost-allocation\costAllocationCardSelectors.js | lib\selectors\cost-allocation\costAllocationDisplayHelpers.js,components\cost-allocation\CostAllocationEvidenceBreakdown.jsx,221,declaration | object_key | warning_id,appears_in_multiple_files
cost-allocation,flat_warnings_count,warning_id,snake_case,2,components,components\cost-allocation\CostAllocationStatusStrip.jsx,components\cost-allocation\CostAllocationStatusStrip.jsx,65,warning_id,
cost-allocation,flat_working_units_count,warning_id,snake_case,1,components,components\cost-allocation\CostAllocationStatusStrip.jsx,components\cost-allocation\CostAllocationStatusStrip.jsx,64,snake_case_reference,
cost-allocation,get_status_copy,warning_id,snake_case,1,lib,lib\selectors\cost-allocation\costAllocationCardSelectors.js,lib\selectors\cost-allocation\costAllocationCardSelectors.js,6,snake_case_reference,
cost-allocation,get_structure_valid,warning_id,snake_case,1,lib,lib\calculations\costAllocationRules.js,lib\calculations\costAllocationRules.js,38,snake_case_reference,
cost-allocation,get_warning_message,warning_id,snake_case,3,lib,lib\selectors\cost-allocation\costAllocationDisplayHelpers.js,lib\selectors\cost-allocation\costAllocationDisplayHelpers.js,153,warning_id,
cost-allocation,group_first_counts,warning_id,snake_case,1,lib,lib\selectors\cost-allocation\costAllocationCardSections.js,lib\selectors\cost-allocation\costAllocationCardSections.js,430,snake_case_reference,
cost-allocation,group_name,warning_id,snake_case,12,components | hooks | lib,components\cost-allocation\CostAllocationStepBuilder.jsx | components\cost-allocation\divisions\CostAllocationCreateDivisionForm.jsx | components\cost-allocation\divisions\CostAllocationDivisionCard.jsx | components\cost-allocation\groups\CostAllocationGroupHeader.jsx | hooks\cost-allocation\useCostAllocationGroupRecoveryRows.js | hooks\useCostAllocation.js | lib\calculations\cost-allocation\costAllocationValidation.js | lib\storage\costAllocationStorage.js,components\cost-allocation\CostAllocationStepBuilder.jsx,406,object_key | snake_case_reference,multiple_roles_detected | appears_in_multiple_files
cost-allocation,help_text,warning_id,snake_case,3,components,components\cost-allocation\CostAllocationEvidenceBreakdown.jsx,components\cost-allocation\CostAllocationEvidenceBreakdown.jsx,136,snake_case_reference,
cost-allocation,internal_capacity_shortfall,warning_id,snake_case,17,components | hooks | lib,components\cost-allocation\CostAllocationEvidenceBreakdown.jsx | hooks\cost-allocation\useCostAllocationOutputContract.js | lib\calculations\cost-allocation\costAllocationWarnings.js | lib\calculations\costAllocationRules.js | lib\selectors\cost-allocation\costAllocationCardSections.js | lib\selectors\cost-allocation\costAllocationCardSelectors.js | lib\selectors\cost-allocation\costAllocationDisplayHelpers.js,components\cost-allocation\CostAllocationEvidenceBreakdown.jsx,217,declaration | object_key | warning_id,appears_in_multiple_files
cost-allocation,invalid,warning_id,plain,2,lib,lib\calculations\cost-allocation\costAllocationValidation.js,lib\calculations\cost-allocation\costAllocationValidation.js,142,object_key,
cost-allocation,invalid_operating_groups,warning_id,snake_case,1,lib,lib\calculations\cost-allocation\costAllocationWarnings.js,lib\calculations\cost-allocation\costAllocationWarnings.js,207,snake_case_reference,
cost-allocation,invalid_operational_groups,warning_id,snake_case,3,lib,lib\calculations\cost-allocation\costAllocationWarnings.js | lib\calculations\costAllocationRules.js,lib\calculations\cost-allocation\costAllocationWarnings.js,28,snake_case_reference,appears_in_multiple_files
cost-allocation,low_operating_group_coverage,warning_id,snake_case,1,lib,lib\calculations\cost-allocation\costAllocationWarnings.js,lib\calculations\cost-allocation\costAllocationWarnings.js,117,snake_case_reference,
cost-allocation,make_allocation_warning,warning_id,snake_case,21,lib,lib\calculations\cost-allocation\costAllocationWarnings.js,lib\calculations\cost-allocation\costAllocationWarnings.js,1,warning_id,
cost-allocation,make_warning,warning_id,snake_case,8,lib,lib\calculations\cost-allocation\costAllocationValidation.js,lib\calculations\cost-allocation\costAllocationValidation.js,3,warning_id,
cost-allocation,message,warning_id,plain,7,lib,lib\calculations\costAllocationRules.js | lib\selectors\cost-allocation\costAllocationDisplayHelpers.js,lib\calculations\costAllocationRules.js,263,declaration | object_key,appears_in_multiple_files
cost-allocation,missing_component_required_recovery,warning_id,snake_case,8,lib,lib\calculations\cost-allocation\costAllocationStatus.js | lib\calculations\cost-allocation\costAllocationWarnings.js | lib\calculations\costAllocationRules.js,lib\calculations\cost-allocation\costAllocationStatus.js,34,declaration | warning_id,appears_in_multiple_files
cost-allocation,missing_recovery_plan_target,warning_id,snake_case,3,lib,lib\calculations\cost-allocation\costAllocationWarnings.js,lib\calculations\cost-allocation\costAllocationWarnings.js,10,snake_case_reference,
cost-allocation,no_operational_groups_created,warning_id,snake_case,1,lib,lib\calculations\cost-allocation\costAllocationWarnings.js,lib\calculations\cost-allocation\costAllocationWarnings.js,90,snake_case_reference,
cost-allocation,not_supported,warning_id,snake_case,3,components | lib,components\cost-allocation\CostAllocationNoticeBanner.jsx | components\cost-allocation\CostAllocationStatusStrip.jsx | lib\selectors\cost-allocation\costAllocationStatusSelectors.js,components\cost-allocation\CostAllocationNoticeBanner.jsx,8,object_key | snake_case_reference,multiple_roles_detected | appears_in_multiple_files
cost-allocation,pair_key,warning_id,snake_case,1,lib,lib\calculations\cost-allocation\costAllocationValidation.js,lib\calculations\cost-allocation\costAllocationValidation.js,30,snake_case_reference,
cost-allocation,ready_with_dependency,warning_id,snake_case,3,components | hooks,components\cost-allocation\CostAllocationNoticeBanner.jsx | components\cost-allocation\CostAllocationStatusStrip.jsx | hooks\cost-allocation\useCostAllocationOutputContract.js,components\cost-allocation\CostAllocationNoticeBanner.jsx,6,object_key | snake_case_reference,multiple_roles_detected | appears_in_multiple_files
cost-allocation,reason,warning_id,plain,1,lib,lib\selectors\cost-allocation\costAllocationDisplayHelpers.js,lib\selectors\cost-allocation\costAllocationDisplayHelpers.js,23,object_key,
cost-allocation,recovery_model,warning_id,snake_case,1,lib,lib\calculations\cost-allocation\costAllocationInputBuilder.js,lib\calculations\cost-allocation\costAllocationInputBuilder.js,48,object_key,
cost-allocation,recovery_share_total_percent,warning_id,snake_case,14,lib,lib\recovery\recoveryRiskWarningSystem.js,lib\recovery\recoveryRiskWarningSystem.js,189,declaration | object_key | snake_case_reference,
cost-allocation,remaining_source_pool,warning_id,snake_case,1,components,components\cost-allocation\CostAllocationStatusStrip.jsx,components\cost-allocation\CostAllocationStatusStrip.jsx,153,snake_case_reference,
cost-allocation,review_required,warning_id,snake_case,10,components | hooks | lib,components\cost-allocation\CostAllocationEvidenceBreakdown.jsx | components\cost-allocation\CostAllocationGroupsCard.jsx | hooks\cost-allocation\useCostAllocationAssignmentCards.js | lib\calculations\cost-allocation\costAllocationDivisionBuilders.js | lib\calculations\cost-allocation\costAllocationPoolBuilders.js | lib\selectors\cost-allocation\costAllocationCardSections.js | lib\selectors\cost-allocation\costAllocationDisplayHelpers.js,components\cost-allocation\CostAllocationEvidenceBreakdown.jsx,273,object_key | warning_id,appears_in_multiple_files
cost-allocation,safe_array,warning_id,snake_case,4,lib,lib\calculations\cost-allocation\costAllocationInputBuilder.js | lib\calculations\cost-allocation\costAllocationValidation.js | lib\calculations\costAllocationRules.js,lib\calculations\cost-allocation\costAllocationInputBuilder.js,47,snake_case_reference,appears_in_multiple_files
cost-allocation,seen,warning_id,plain,1,lib,lib\selectors\cost-allocation\costAllocationDisplayHelpers.js,lib\selectors\cost-allocation\costAllocationDisplayHelpers.js,175,declaration,
cost-allocation,seen_pairs,warning_id,snake_case,2,lib,lib\calculations\cost-allocation\costAllocationValidation.js,lib\calculations\cost-allocation\costAllocationValidation.js,24,declaration | snake_case_reference,
cost-allocation,set_active_check,warning_id,snake_case,1,components,components\cost-allocation\CostAllocationMainCard.jsx,components\cost-allocation\CostAllocationMainCard.jsx,245,snake_case_reference,
cost-allocation,setup_count,warning_id,snake_case,2,components,components\cost-allocation\CostAllocationMainCard.jsx,components\cost-allocation\CostAllocationMainCard.jsx,152,declaration | snake_case_reference,
cost-allocation,setup_warning_count,warning_id,snake_case,2,components,components\cost-allocation\CostAllocationStatusStrip.jsx,components\cost-allocation\CostAllocationStatusStrip.jsx,111,declaration | warning_id,
cost-allocation,setup_warnings_count,warning_id,snake_case,15,lib,lib\selectors\cost-allocation\costAllocationCardSections.js | lib\selectors\cost-allocation\costAllocationCardSelectors.js | lib\selectors\cost-allocation\costAllocationDisplayHelpers.js | lib\selectors\cost-allocation\costAllocationStatusSelectors.js,lib\selectors\cost-allocation\costAllocationCardSections.js,19,declaration | object_key | warning_id,appears_in_multiple_files
cost-allocation,source,warning_id,plain,1,lib,lib\selectors\cost-allocation\costAllocationDisplayHelpers.js,lib\selectors\cost-allocation\costAllocationDisplayHelpers.js,189,object_key,
cost-allocation,status_copy,warning_id,snake_case,2,lib,lib\selectors\cost-allocation\costAllocationCardSections.js | lib\selectors\cost-allocation\costAllocationCardSelectors.js,lib\selectors\cost-allocation\costAllocationCardSections.js,21,snake_case_reference,appears_in_multiple_files
cost-allocation,structural_count,warning_id,snake_case,2,components,components\cost-allocation\CostAllocationMainCard.jsx,components\cost-allocation\CostAllocationMainCard.jsx,156,declaration | snake_case_reference,
cost-allocation,structural_warning_count,warning_id,snake_case,2,components,components\cost-allocation\CostAllocationStatusStrip.jsx,components\cost-allocation\CostAllocationStatusStrip.jsx,117,declaration | warning_id,
cost-allocation,structural_warnings_count,warning_id,snake_case,15,lib,lib\selectors\cost-allocation\costAllocationCardSections.js | lib\selectors\cost-allocation\costAllocationCardSelectors.js | lib\selectors\cost-allocation\costAllocationDisplayHelpers.js | lib\selectors\cost-allocation\costAllocationStatusSelectors.js,lib\selectors\cost-allocation\costAllocationCardSections.js,20,declaration | object_key | warning_id,appears_in_multiple_files
cost-allocation,structure_incomplete,warning_id,snake_case,1,lib,lib\calculations\cost-allocation\costAllocationWarnings.js,lib\calculations\cost-allocation\costAllocationWarnings.js,63,snake_case_reference,
cost-allocation,structure_valid,warning_id,snake_case,5,lib,lib\calculations\cost-allocation\costAllocationWarnings.js | lib\selectors\cost-allocation\costAllocationCardSections.js | lib\selectors\cost-allocation\costAllocationDisplayHelpers.js,lib\calculations\cost-allocation\costAllocationWarnings.js,12,snake_case_reference,appears_in_multiple_files
cost-allocation,total_grouped_operating_cost,warning_id,snake_case,1,components,components\cost-allocation\CostAllocationStatusStrip.jsx,components\cost-allocation\CostAllocationStatusStrip.jsx,66,snake_case_reference,
cost-allocation,total_operational_groups,warning_id,snake_case,2,lib,lib\calculations\cost-allocation\costAllocationValidation.js | lib\calculations\costAllocationRules.js,lib\calculations\cost-allocation\costAllocationValidation.js,175,snake_case_reference,appears_in_multiple_files
cost-allocation,unassigned_operating_cost,warning_id,snake_case,1,lib,lib\calculations\cost-allocation\costAllocationWarnings.js,lib\calculations\cost-allocation\costAllocationWarnings.js,189,snake_case_reference,
cost-allocation,validate_groups,warning_id,snake_case,1,lib,lib\calculations\costAllocationRules.js,lib\calculations\costAllocationRules.js,98,snake_case_reference,
cost-allocation,validated_groups,warning_id,snake_case,3,lib,lib\calculations\cost-allocation\costAllocationValidation.js | lib\calculations\costAllocationRules.js,lib\calculations\cost-allocation\costAllocationValidation.js,116,declaration | destructured_name | snake_case_reference,appears_in_multiple_files
cost-allocation,warning_count,warning_id,snake_case,10,components | lib,components\cost-allocation\CostAllocationMainCard.jsx | components\cost-allocation\CostAllocationStatusStrip.jsx | lib\selectors\cost-allocation\costAllocationCardSections.js | lib\selectors\cost-allocation\costAllocationCardSelectors.js,components\cost-allocation\CostAllocationMainCard.jsx,160,declaration | snake_case_reference,appears_in_multiple_files
cost-allocation,warning_groups,warning_id,snake_case,2,lib,lib\selectors\cost-allocation\costAllocationDisplayHelpers.js,lib\selectors\cost-allocation\costAllocationDisplayHelpers.js,174,snake_case_reference,
cost-allocation,warning_key,warning_id,snake_case,8,components | lib,components\cost-allocation\CostAllocationEvidenceBreakdown.jsx | lib\calculations\cost-allocation\costAllocationWarnings.js | lib\calculations\costAllocationRules.js | lib\selectors\cost-allocation\costAllocationDisplayHelpers.js,components\cost-allocation\CostAllocationEvidenceBreakdown.jsx,95,object_key | snake_case_reference,appears_in_multiple_files
cost-allocation,warnings_count,warning_id,snake_case,4,components | lib,components\cost-allocation\CostAllocationStatusStrip.jsx | lib\selectors\cost-allocation\costAllocationStatusSelectors.js,components\cost-allocation\CostAllocationStatusStrip.jsx,65,object_key | snake_case_reference,appears_in_multiple_files
cost-allocation,working_units_count,warning_id,snake_case,1,components,components\cost-allocation\CostAllocationStatusStrip.jsx,components\cost-allocation\CostAllocationStatusStrip.jsx,64,object_key,
cost-allocation,Done,object_field,PascalCase,1,components,components\cost-allocation\groups\CostAllocationOperatingGroupBuilder.jsx,components\cost-allocation\groups\CostAllocationOperatingGroupBuilder.jsx,117,quoted_object_key,
cost-allocation,Example,object_field,PascalCase,2,components,components\cost-allocation\CostAllocationStepBuilder.jsx | components\cost-allocation\groups\CostAllocationCreateGroupForm.jsx,components\cost-allocation\CostAllocationStepBuilder.jsx,280,object_key,appears_in_multiple_files
cost-allocation,Hide,object_field,PascalCase,1,components,components\cost-allocation\CostAllocationStepBuilder.jsx,components\cost-allocation\CostAllocationStepBuilder.jsx,56,quoted_object_key,
cost-allocation,Method,object_field,PascalCase,1,components,components\cost-allocation\groups\CostAllocationGroupOverheadBuilder.jsx,components\cost-allocation\groups\CostAllocationGroupOverheadBuilder.jsx,46,object_key,
cost-allocation,Yes,object_field,PascalCase,1,components,components\cost-allocation\CostAllocationEvidenceBreakdown.jsx,components\cost-allocation\CostAllocationEvidenceBreakdown.jsx,23,quoted_object_key,
cost-allocation,active_allocation_profile_id,object_field,snake_case,1,lib,lib\storage\costAllocationStorage.js,lib\storage\costAllocationStorage.js,129,object_key,
cost-allocation,active_recovery_model,object_field,snake_case,1,lib,lib\storage\costAllocationProfileStorage.js,lib\storage\costAllocationProfileStorage.js,146,object_key,
cost-allocation,active_section,object_field,snake_case,1,components,components\cost-allocation\CostAllocationEvidenceBreakdown.jsx,components\cost-allocation\CostAllocationEvidenceBreakdown.jsx,630,object_key,
cost-allocation,add_operational_group,object_field,snake_case,1,hooks,hooks\useCostAllocation.js,hooks\useCostAllocation.js,477,object_key,
cost-allocation,allocation_profile_name,object_field,snake_case,2,lib,lib\storage\costAllocationProfileStorage.js | lib\storage\costAllocationStorage.js,lib\storage\costAllocationProfileStorage.js,143,object_key,appears_in_multiple_files
cost-allocation,allocation_state,object_field,snake_case,1,hooks,hooks\useCostAllocation.js,hooks\useCostAllocation.js,71,object_key,
cost-allocation,assigned_amount,object_field,snake_case,1,hooks,hooks\useCostAllocation.js,hooks\useCostAllocation.js,365,object_key,
cost-allocation,assignment_id,object_field,snake_case,2,hooks,hooks\useCostAllocation.js,hooks\useCostAllocation.js,298,object_key,
cost-allocation,assignment_percent,object_field,snake_case,3,hooks,hooks\useCostAllocation.js,hooks\useCostAllocation.js,248,object_key,
cost-allocation,assignments,object_field,plain,3,hooks,hooks\cost-allocation\useCostAllocationAssignmentCards.js,hooks\cost-allocation\useCostAllocationAssignmentCards.js,147,object_key,
cost-allocation,contributes_to_recovery_hours,object_field,snake_case,1,hooks,hooks\useCostAllocation.js,hooks\useCostAllocation.js,245,object_key,
cost-allocation,created_at,object_field,snake_case,10,hooks | lib,hooks\useCostAllocation.js | lib\storage\costAllocationProfileStorage.js | lib\storage\costAllocationStorage.js,hooks\useCostAllocation.js,187,object_key,appears_in_multiple_files
cost-allocation,currency,object_field,plain,1,components,components\cost-allocation\groups\CostAllocationOperatingGroupBuilder.jsx,components\cost-allocation\groups\CostAllocationOperatingGroupBuilder.jsx,19,object_key,
cost-allocation,division_description,object_field,snake_case,8,components | lib,components\cost-allocation\CostAllocationStepBuilder.jsx | components\cost-allocation\divisions\CostAllocationCreateDivisionForm.jsx | components\cost-allocation\divisions\CostAllocationDivisionHeader.jsx | lib\storage\costAllocationProfileStorage.js | lib\storage\costAllocationStorage.js,components\cost-allocation\CostAllocationStepBuilder.jsx,378,object_key,appears_in_multiple_files
cost-allocation,division_id,object_field,snake_case,12,components | hooks | lib,components\cost-allocation\CostAllocationStepBuilder.jsx | hooks\useCostAllocation.js | lib\storage\costAllocationProfileStorage.js | lib\storage\costAllocationStorage.js,components\cost-allocation\CostAllocationStepBuilder.jsx,405,object_key,appears_in_multiple_files
cost-allocation,division_name,object_field,snake_case,8,components | lib,components\cost-allocation\CostAllocationStepBuilder.jsx | components\cost-allocation\divisions\CostAllocationCreateDivisionForm.jsx | components\cost-allocation\divisions\CostAllocationDivisionHeader.jsx | lib\storage\costAllocationProfileStorage.js | lib\storage\costAllocationStorage.js,components\cost-allocation\CostAllocationStepBuilder.jsx,377,object_key,appears_in_multiple_files
cost-allocation,divisions,object_field,plain,9,hooks | lib,hooks\useCostAllocation.js | lib\storage\costAllocationProfileStorage.js | lib\storage\costAllocationStorage.js,hooks\useCostAllocation.js,108,object_key,appears_in_multiple_files
cost-allocation,effective_from,object_field,snake_case,2,lib,lib\storage\costAllocationProfileStorage.js | lib\storage\costAllocationStorage.js,lib\storage\costAllocationProfileStorage.js,145,object_key,appears_in_multiple_files
cost-allocation,external_delivery,object_field,snake_case,1,components,components\cost-allocation\CostAllocationNoticeBanner.jsx,components\cost-allocation\CostAllocationNoticeBanner.jsx,20,object_key,
cost-allocation,external_delivery_note,object_field,snake_case,1,lib,lib\storage\costAllocationStorage.js,lib\storage\costAllocationStorage.js,139,object_key,
cost-allocation,group_description,object_field,snake_case,5,components | hooks | lib,components\cost-allocation\CostAllocationStepBuilder.jsx | hooks\useCostAllocation.js | lib\storage\costAllocationStorage.js,components\cost-allocation\CostAllocationStepBuilder.jsx,407,object_key,appears_in_multiple_files
cost-allocation,group_id,object_field,snake_case,4,hooks | lib,hooks\cost-allocation\useCostAllocationGroupRecoveryRows.js | hooks\useCostAllocation.js | lib\storage\costAllocationStorage.js,hooks\cost-allocation\useCostAllocationGroupRecoveryRows.js,210,object_key,appears_in_multiple_files
cost-allocation,group_recovery_hour_source,object_field,snake_case,1,components,components\cost-allocation\CostAllocationStepBuilder.jsx,components\cost-allocation\CostAllocationStepBuilder.jsx,233,object_key,
cost-allocation,highlight,object_field,plain,1,components,components\cost-allocation\CostAllocationEvidenceBreakdown.jsx,components\cost-allocation\CostAllocationEvidenceBreakdown.jsx,41,quoted_object_key,
cost-allocation,incomplete,object_field,plain,2,components,components\cost-allocation\CostAllocationNoticeBanner.jsx | components\cost-allocation\CostAllocationStatusStrip.jsx,components\cost-allocation\CostAllocationNoticeBanner.jsx,9,object_key,appears_in_multiple_files
cost-allocation,internal_capacity,object_field,snake_case,1,components,components\cost-allocation\CostAllocationNoticeBanner.jsx,components\cost-allocation\CostAllocationNoticeBanner.jsx,19,object_key,
cost-allocation,is,object_field,plain,1,components,components\cost-allocation\CostAllocationNoticeBanner.jsx,components\cost-allocation\CostAllocationNoticeBanner.jsx,111,object_key,
cost-allocation,linked_cost_allocation_group_id,object_field,snake_case,3,components,components\rate-builder\RateBuilderLineCalculator.jsx,components\rate-builder\RateBuilderLineCalculator.jsx,44,object_key,
cost-allocation,manual_group_recovery_hours,object_field,snake_case,1,components,components\cost-allocation\CostAllocationStepBuilder.jsx,components\cost-allocation\CostAllocationStepBuilder.jsx,243,object_key,
cost-allocation,maximumFractionDigits,object_field,camelCase,7,components,components\cost-allocation\CostAllocationEvidenceBreakdown.jsx | components\cost-allocation\CostAllocationMainCard.jsx | components\cost-allocation\CostAllocationStatusStrip.jsx | components\cost-allocation\groups\CostAllocationOperatingGroupBuilder.jsx | components\cost-allocation\groups\costAllocationGroupHelpers.js,components\cost-allocation\CostAllocationEvidenceBreakdown.jsx,8,object_key,appears_in_multiple_files
cost-allocation,md,object_field,plain,5,components,components\cost-allocation\CostAllocationGroupsCard.jsx | components\cost-allocation\CostAllocationMainCard.jsx | components\cost-allocation\CostAllocationNoticeBanner.jsx | components\cost-allocation\CostAllocationStatusStrip.jsx | components\cost-allocation\CostAllocationStepBuilder.jsx,components\cost-allocation\CostAllocationGroupsCard.jsx,108,object_key,appears_in_multiple_files
cost-allocation,mixed,object_field,plain,1,components,components\cost-allocation\CostAllocationNoticeBanner.jsx,components\cost-allocation\CostAllocationNoticeBanner.jsx,23,object_key,
cost-allocation,none,object_field,plain,1,components,components\cost-allocation\CostAllocationNoticeBanner.jsx,components\cost-allocation\CostAllocationNoticeBanner.jsx,18,object_key,
cost-allocation,operating_group_count,object_field,snake_case,1,components,components\cost-allocation\CostAllocationGroupsCard.jsx,components\cost-allocation\CostAllocationGroupsCard.jsx,80,object_key,
cost-allocation,operating_groups_count,object_field,snake_case,1,components,components\cost-allocation\CostAllocationStatusStrip.jsx,components\cost-allocation\CostAllocationStatusStrip.jsx,63,object_key,
cost-allocation,operational_group_recovery_rate_per_hour,object_field,snake_case,1,hooks,hooks\cost-allocation\useCostAllocationGroupRecoveryRows.js,hooks\cost-allocation\useCostAllocationGroupRecoveryRows.js,233,object_key,
cost-allocation,operational_groups,object_field,snake_case,11,components | hooks | lib,components\cost-allocation\CostAllocationNoticeBanner.jsx | hooks\useCostAllocation.js | lib\storage\costAllocationProfileStorage.js | lib\storage\costAllocationStorage.js,components\cost-allocation\CostAllocationNoticeBanner.jsx,22,object_key,appears_in_multiple_files
cost-allocation,ready,object_field,plain,2,components,components\cost-allocation\CostAllocationNoticeBanner.jsx | components\cost-allocation\CostAllocationStatusStrip.jsx,components\cost-allocation\CostAllocationNoticeBanner.jsx,5,object_key,appears_in_multiple_files
cost-allocation,recovery_plan,object_field,snake_case,1,hooks,hooks\useCostAllocation.js,hooks\useCostAllocation.js,422,object_key,
cost-allocation,review,object_field,plain,2,components,components\cost-allocation\CostAllocationNoticeBanner.jsx | components\cost-allocation\CostAllocationStatusStrip.jsx,components\cost-allocation\CostAllocationNoticeBanner.jsx,10,object_key,appears_in_multiple_files
cost-allocation,sort_order,object_field,snake_case,4,lib,lib\storage\costAllocationProfileStorage.js | lib\storage\costAllocationStorage.js,lib\storage\costAllocationProfileStorage.js,28,object_key,appears_in_multiple_files
cost-allocation,step,object_field,plain,1,components,components\cost-allocation\divisions\CostAllocationDivisionCard.jsx,components\cost-allocation\divisions\CostAllocationDivisionCard.jsx,31,object_key,
cost-allocation,strained,object_field,plain,2,components,components\cost-allocation\CostAllocationNoticeBanner.jsx | components\cost-allocation\CostAllocationStatusStrip.jsx,components\cost-allocation\CostAllocationNoticeBanner.jsx,7,object_key,appears_in_multiple_files
cost-allocation,total,object_field,plain,1,components,components\cost-allocation\CostAllocationEvidenceBreakdown.jsx,components\cost-allocation\CostAllocationEvidenceBreakdown.jsx,40,quoted_object_key,
cost-allocation,total_division_cost,object_field,snake_case,1,components,components\cost-allocation\CostAllocationGroupsCard.jsx,components\cost-allocation\CostAllocationGroupsCard.jsx,88,object_key,
cost-allocation,total_group_cost,object_field,snake_case,1,components,components\cost-allocation\divisions\CostAllocationDivisionCard.jsx,components\cost-allocation\divisions\CostAllocationDivisionCard.jsx,99,object_key,
cost-allocation,unknown,object_field,plain,1,components,components\cost-allocation\CostAllocationNoticeBanner.jsx,components\cost-allocation\CostAllocationNoticeBanner.jsx,24,object_key,
cost-allocation,updated_at,object_field,snake_case,19,hooks | lib,hooks\useCostAllocation.js | lib\storage\costAllocationProfileStorage.js | lib\storage\costAllocationStorage.js,hooks\useCostAllocation.js,188,object_key,appears_in_multiple_files
cost-allocation,weighted_recovery_rate,object_field,snake_case,1,hooks,hooks\cost-allocation\useCostAllocationGroupRecoveryRows.js,hooks\cost-allocation\useCostAllocationGroupRecoveryRows.js,130,object_key,
cost-allocation,working_unit_recovery_rate_per_hour,object_field,snake_case,1,hooks,hooks\cost-allocation\useCostAllocationGroupRecoveryRows.js,hooks\cost-allocation\useCostAllocationGroupRecoveryRows.js,229,object_key,
cost-summary,category_totals,output_contract_field,snake_case,6,hooks,hooks\useCostSummary.js,hooks\useCostSummary.js,63,object_key | snake_case_reference,downstream_contract_candidate
cost-summary,cost_summary,output_contract_field,snake_case,7,hooks | lib,hooks\useBusinessSummary.js | hooks\useQuoteEngine.js | hooks\useRevenueSummary.js | lib\audit\buildLiveAuditSnapshotExport.js,hooks\useBusinessSummary.js,27,declaration | object_key | snake_case_reference,multiple_roles_detected | appears_in_multiple_files | downstream_contract_candidate
cost-summary,cost_summary_output_contract,output_contract_field,snake_case,44,hooks | lib,hooks\useBusinessSummary.js | hooks\useQuoteEngine.js | lib\calculations\quoteEngineCalculations.js,hooks\useBusinessSummary.js,27,declaration | object_key | snake_case_reference,appears_in_multiple_files | downstream_contract_candidate
cost-summary,cost_summary_outputs,output_contract_field,snake_case,1,hooks,hooks\useRevenueSummary.js,hooks\useRevenueSummary.js,27,declaration,downstream_contract_candidate
cost-summary,cost_summary_ready,output_contract_field,snake_case,5,hooks | lib,hooks\useBusinessSummary.js | lib\selectors\businessSummarySelectors.js,hooks\useBusinessSummary.js,95,declaration | object_key | snake_case_reference,multiple_roles_detected | appears_in_multiple_files | downstream_contract_candidate
cost-summary,employer_contribution_totals,output_contract_field,snake_case,2,hooks,hooks\useCostSummary.js,hooks\useCostSummary.js,210,object_key | snake_case_reference,downstream_contract_candidate
cost-summary,entitlement_totals,output_contract_field,snake_case,2,hooks,hooks\useCostSummary.js,hooks\useCostSummary.js,208,object_key | snake_case_reference,downstream_contract_candidate
cost-summary,finance_cost_annual,output_contract_field,snake_case,2,hooks,hooks\useCostSummary.js,hooks\useCostSummary.js,226,object_key | snake_case_reference,downstream_contract_candidate
cost-summary,legacy_display,output_contract_field,snake_case,1,hooks,hooks\useCostSummary.js,hooks\useCostSummary.js,50,snake_case_reference,downstream_contract_candidate
cost-summary,output_contract,output_contract_field,snake_case,14,hooks | lib,hooks\useCostSummary.js | lib\selectors\costSummarySelectors.js,hooks\useCostSummary.js,19,output_contract_reference,appears_in_multiple_files | downstream_contract_candidate
cost-summary,required_recovery_rate,output_contract_field,snake_case,12,hooks | lib,hooks\useBusinessModelling.js | hooks\useBusinessSummary.js | lib\calculations\quoteEngineCalculations.js | lib\recovery\recoveryRiskWarningSystem.js | lib\selectors\quoteEngineSelectors.js,hooks\useBusinessModelling.js,115,declaration | object_key | snake_case_reference,multiple_roles_detected | appears_in_multiple_files | downstream_contract_candidate
cost-summary,running_cost_annual,output_contract_field,snake_case,3,hooks,hooks\useCostSummary.js,hooks\useCostSummary.js,49,object_key | snake_case_reference,downstream_contract_candidate
cost-summary,total_available_hours_before_productivity,output_contract_field,snake_case,2,lib,lib\selectors\costSummarySelectors.js,lib\selectors\costSummarySelectors.js,114,object_key | snake_case_reference,downstream_contract_candidate
cost-summary,total_business_cost_annual,output_contract_field,snake_case,1,hooks,hooks\useCostSummary.js,hooks\useCostSummary.js,157,object_key,downstream_contract_candidate
cost-summary,total_cost_burden,output_contract_field,snake_case,18,components | hooks | lib,components\recovery-summary\RecoverySummaryMainCard.jsx | components\recovery-summary\main-card\RecoveryOutcomeDetail.jsx | components\recovery-summary\main-card\recoverySummaryWarningHelpers.js | components\recovery-summary\recoverySummaryWarningDetails.js | hooks\useBusinessModelling.js | hooks\useBusinessSummary.js | lib\audit\buildLiveAuditSnapshotExport.js | lib\calculations\quoteEngineCalculations.js | lib\recovery\recoveryRiskWarningSystem.js | lib\selectors\businessSummarySelectors.js,components\recovery-summary\RecoverySummaryMainCard.jsx,38,declaration | object_key | snake_case_reference,multiple_roles_detected | appears_in_multiple_files | downstream_contract_candidate
cost-summary,total_people_cost_annual,output_contract_field,snake_case,12,hooks | lib,hooks\useBusinessSummary.js | hooks\useCostSummary.js | hooks\useRevenueReality.js | lib\audit\buildLiveAuditSnapshotExport.js | lib\calculations\quoteEngineCalculations.js | lib\calculations\recoverySummaryCalculations.js,hooks\useBusinessSummary.js,44,declaration | object_key | snake_case_reference,multiple_roles_detected | appears_in_multiple_files | downstream_contract_candidate
cost-summary,total_recovery_hours,output_contract_field,snake_case,1,lib,lib\selectors\costSummarySelectors.js,lib\selectors\costSummarySelectors.js,97,snake_case_reference,downstream_contract_candidate
cost-summary,weighted_productivity_percent,output_contract_field,snake_case,5,hooks | lib,hooks\useCostSummary.js | lib\selectors\costSummarySelectors.js,hooks\useCostSummary.js,120,object_key | snake_case_reference,multiple_roles_detected | appears_in_multiple_files | downstream_contract_candidate
cost-summary,allocation_status,status_field,snake_case,1,components,components\cost-allocation\divisions\CostAllocationDivisionCostSummary.jsx,components\cost-allocation\divisions\CostAllocationDivisionCostSummary.jsx,60,snake_case_reference,
cost-summary,normalized_status,status_field,snake_case,3,components,components\cost-summary\CostSummaryStatusStrip.jsx,components\cost-summary\CostSummaryStatusStrip.jsx,66,declaration | snake_case_reference,
cost-summary,status,status_field,plain,2,app | hooks,app\cost-summary\page.jsx | hooks\useCostSummary.js,app\cost-summary\page.jsx,14,declaration | destructured_name,appears_in_multiple_files
cost-summary,cost_summary_not_ready,readiness_field,snake_case,1,lib,lib\selectors\businessSummarySelectors.js,lib\selectors\businessSummarySelectors.js,115,snake_case_reference,
cost-summary,has_recovery_hours,readiness_field,snake_case,4,lib,lib\selectors\costSummarySelectors.js,lib\selectors\costSummarySelectors.js,146,declaration | snake_case_reference,
cost-summary,is_ready,readiness_field,snake_case,1,lib,lib\selectors\costSummarySelectors.js,lib\selectors\costSummarySelectors.js,200,object_key,
cost-summary,warnings,warnings_field,plain,2,lib,lib\selectors\costSummarySelectors.js,lib\selectors\costSummarySelectors.js,131,declaration | object_key,
cost-summary,checks,warning_id,plain,1,components,components\cost-summary\CostSummaryStatusStrip.jsx,components\cost-summary\CostSummaryStatusStrip.jsx,115,object_key,
cost-summary,cost_summary_required_recovery_rate,warning_id,snake_case,4,lib,lib\calculations\businessSummaryCalculations.js,lib\calculations\businessSummaryCalculations.js,73,declaration | warning_id,
cost-summary,group_required_recovery_rate,warning_id,snake_case,2,hooks,hooks\cost-allocation\useCostAllocationOutputContract.js | hooks\useCostAllocation.js,hooks\cost-allocation\useCostAllocationOutputContract.js,100,object_key,appears_in_multiple_files
cost-summary,missing_modules,warning_id,snake_case,4,lib,lib\selectors\costSummarySelectors.js,lib\selectors\costSummarySelectors.js,132,declaration | snake_case_reference,
cost-summary,modules,warning_id,plain,1,components,components\cost-summary\CostSummaryStatusStrip.jsx,components\cost-summary\CostSummaryStatusStrip.jsx,109,object_key,
cost-summary,no_cost_summary_data,warning_id,snake_case,1,lib,lib\selectors\businessSummarySelectors.js,lib\selectors\businessSummarySelectors.js,60,snake_case_reference,
cost-summary,no_required_recovery_rate,warning_id,snake_case,1,lib,lib\selectors\quoteEngineSelectors.js,lib\selectors\quoteEngineSelectors.js,96,warning_id,
cost-summary,productive_hour_required_recovery_rate,warning_id,snake_case,3,lib,lib\calculations\businessSummaryCalculations.js,lib\calculations\businessSummaryCalculations.js,156,declaration | warning_id,
cost-summary,required_recovery_rate_is_zero,warning_id,snake_case,3,lib,lib\selectors\quoteEngineSelectors.js,lib\selectors\quoteEngineSelectors.js,43,declaration | warning_id,
cost-summary,required_recovery_rate_not_met,warning_id,snake_case,1,lib,lib\recovery\recoveryRiskWarningSystem.js,lib\recovery\recoveryRiskWarningSystem.js,510,snake_case_reference,
cost-summary,review_required,warning_id,snake_case,1,components,components\cost-allocation\divisions\CostAllocationDivisionCostSummary.jsx,components\cost-allocation\divisions\CostAllocationDivisionCostSummary.jsx,60,warning_id,
cost-summary,safe_required_recovery_rate,warning_id,snake_case,5,lib,lib\recovery\recoveryRiskWarningSystem.js,lib\recovery\recoveryRiskWarningSystem.js,439,declaration | warning_id,
cost-summary,safe_total_cost_burden,warning_id,snake_case,4,lib,lib\recovery\recoveryRiskWarningSystem.js,lib\recovery\recoveryRiskWarningSystem.js,435,declaration | snake_case_reference,
cost-summary,scenario_required_recovery_rate,warning_id,snake_case,12,components | hooks | lib,components\business-modelling\BusinessModellingScenarioResult.jsx | hooks\useBusinessModelling.js | lib\calculations\businessModellingCalculations.js | lib\selectors\businessModellingSelectors.js,components\business-modelling\BusinessModellingScenarioResult.jsx,69,declaration | object_key | warning_id,appears_in_multiple_files
cost-summary,scenario_required_recovery_rate_zero,warning_id,snake_case,2,hooks | lib,hooks\useBusinessModelling.js | lib\calculations\businessModellingCalculations.js,hooks\useBusinessModelling.js,295,warning_id,appears_in_multiple_files
cost-summary,selected_model_required_recovery_rate,warning_id,snake_case,3,hooks | lib,hooks\useBusinessModelling.js | lib\selectors\businessModellingSelectors.js,hooks\useBusinessModelling.js,529,object_key | warning_id,appears_in_multiple_files
cost-summary,zero,warning_id,plain,1,lib,lib\calculations\costSummaryCalculations.js,lib\calculations\costSummaryCalculations.js,74,object_key,
cost-summary,Assignment,object_field,PascalCase,2,components,components\cost-allocation\groups\CostAllocationGroupCostSummary.jsx,components\cost-allocation\groups\CostAllocationGroupCostSummary.jsx,74,object_key,
cost-summary,Cost,object_field,PascalCase,2,components,components\cost-allocation\groups\CostAllocationGroupCostSummary.jsx,components\cost-allocation\groups\CostAllocationGroupCostSummary.jsx,77,object_key,
cost-summary,Hide,object_field,PascalCase,1,components,components\cost-summary\CostSummaryHelpPanel.jsx,components\cost-summary\CostSummaryHelpPanel.jsx,40,quoted_object_key,
cost-summary,Hours,object_field,PascalCase,2,components,components\cost-allocation\groups\CostAllocationGroupCostSummary.jsx,components\cost-allocation\groups\CostAllocationGroupCostSummary.jsx,76,object_key,
cost-summary,Summary,object_field,PascalCase,1,components,components\cost-summary\CostSummaryNoticeBanner.jsx,components\cost-summary\CostSummaryNoticeBanner.jsx,35,object_key,
cost-summary,active,object_field,plain,2,components,components\cost-summary\CostSummaryCard.jsx,components\cost-summary\CostSummaryCard.jsx,127,quoted_object_key,
cost-summary,amount,object_field,plain,22,components,components\cost-summary\CostSummaryCard.jsx,components\cost-summary\CostSummaryCard.jsx,267,object_key,
cost-summary,blocked,object_field,plain,1,components,components\cost-summary\CostSummaryStatusStrip.jsx,components\cost-summary\CostSummaryStatusStrip.jsx,89,object_key,
cost-summary,business_overheads,object_field,snake_case,1,hooks,hooks\useCostSummary.js,hooks\useCostSummary.js,259,object_key,
cost-summary,clickable,object_field,plain,2,components,components\cost-summary\CostSummaryCard.jsx,components\cost-summary\CostSummaryCard.jsx,126,quoted_object_key,
cost-summary,cost_burden_breakdown,object_field,snake_case,1,hooks,hooks\useCostSummary.js,hooks\useCostSummary.js,178,object_key,
cost-summary,currency,object_field,plain,1,components,components\cost-summary\CostSummaryStatusStrip.jsx,components\cost-summary\CostSummaryStatusStrip.jsx,8,object_key,
cost-summary,driver,object_field,plain,1,components,components\cost-summary\CostSummaryStatusStrip.jsx,components\cost-summary\CostSummaryStatusStrip.jsx,38,object_key,
cost-summary,fontSize,object_field,camelCase,2,components,components\cost-summary\CostSummaryCard.jsx,components\cost-summary\CostSummaryCard.jsx,553,object_key,
cost-summary,here,object_field,plain,1,components,components\cost-summary\CostSummaryNoticeBanner.jsx,components\cost-summary\CostSummaryNoticeBanner.jsx,30,object_key,
cost-summary,hours,object_field,plain,1,components,components\cost-summary\CostSummaryCard.jsx,components\cost-summary\CostSummaryCard.jsx,48,object_key,
cost-summary,ignored,object_field,plain,1,components,components\cost-summary\CostSummaryStatusStrip.jsx,components\cost-summary\CostSummaryStatusStrip.jsx,102,object_key,
cost-summary,it,object_field,plain,1,components,components\cost-summary\CostSummaryStatusStrip.jsx,components\cost-summary\CostSummaryStatusStrip.jsx,95,object_key,
cost-summary,items,object_field,plain,1,components,components\cost-summary\CostSummaryCard.jsx,components\cost-summary\CostSummaryCard.jsx,271,object_key,
cost-summary,key,object_field,plain,26,components,components\cost-summary\CostSummaryCard.jsx,components\cost-summary\CostSummaryCard.jsx,7,object_key,
cost-summary,marginTop,object_field,camelCase,3,components,components\cost-summary\CostSummaryCard.jsx,components\cost-summary\CostSummaryCard.jsx,553,object_key,
cost-summary,maximumFractionDigits,object_field,camelCase,5,components,components\cost-allocation\divisions\CostAllocationDivisionCostSummary.jsx | components\cost-summary\CostSummaryCard.jsx | components\cost-summary\CostSummaryStatusStrip.jsx,components\cost-allocation\divisions\CostAllocationDivisionCostSummary.jsx,5,object_key,appears_in_multiple_files
cost-summary,md,object_field,plain,1,components,components\cost-allocation\divisions\CostAllocationDivisionCostSummary.jsx,components\cost-allocation\divisions\CostAllocationDivisionCostSummary.jsx,38,object_key,
cost-summary,muted,object_field,plain,2,components,components\cost-summary\CostSummaryCard.jsx,components\cost-summary\CostSummaryCard.jsx,128,quoted_object_key,
cost-summary,note,object_field,plain,4,components,components\cost-summary\CostSummaryCard.jsx,components\cost-summary\CostSummaryCard.jsx,394,object_key,
cost-summary,number,object_field,plain,1,components,components\cost-summary\CostSummaryCard.jsx,components\cost-summary\CostSummaryCard.jsx,17,object_key,
cost-summary,onMouseEnter,object_field,camelCase,2,components,components\cost-summary\CostSummaryCard.jsx,components\cost-summary\CostSummaryCard.jsx,135,object_key,
cost-summary,onMouseLeave,object_field,camelCase,2,components,components\cost-summary\CostSummaryCard.jsx,components\cost-summary\CostSummaryCard.jsx,136,object_key,
cost-summary,overhead,object_field,plain,1,components,components\cost-allocation\groups\CostAllocationGroupCostSummary.jsx,components\cost-allocation\groups\CostAllocationGroupCostSummary.jsx,158,object_key,
cost-summary,people,object_field,plain,1,hooks,hooks\useCostSummary.js,hooks\useCostSummary.js,179,object_key,
cost-summary,rate,object_field,plain,2,components,components\cost-allocation\groups\CostAllocationGroupCostSummary.jsx,components\cost-allocation\groups\CostAllocationGroupCostSummary.jsx,79,object_key,
cost-summary,ready,object_field,plain,1,components,components\cost-summary\CostSummaryCard.jsx,components\cost-summary\CostSummaryCard.jsx,446,object_key,
cost-summary,scenario_total_cost_burden,object_field,snake_case,1,hooks,hooks\useBusinessModelling.js,hooks\useBusinessModelling.js,194,object_key,
cost-summary,selected_model_total_cost_burden,object_field,snake_case,1,hooks,hooks\useBusinessModelling.js,hooks\useBusinessModelling.js,525,object_key,
cost-summary,sm,object_field,plain,3,components,components\cost-allocation\groups\CostAllocationGroupCostSummary.jsx,components\cost-allocation\groups\CostAllocationGroupCostSummary.jsx,72,object_key,
cost-summary,suffix,object_field,plain,6,components,components\cost-summary\CostSummaryCard.jsx,components\cost-summary\CostSummaryCard.jsx,7,object_key,
cost-summary,total,object_field,plain,1,components,components\cost-summary\CostSummaryCard.jsx,components\cost-summary\CostSummaryCard.jsx,268,object_key,
employee-overheads-legacy,has_employee_overheads,output_contract_field,snake_case,9,app | lib,app\dev\model-readiness\page.jsx | app\model-readiness\page.jsx | lib\reconciliation\reconciliationRules.js,app\dev\model-readiness\page.jsx,164,declaration | object_key | snake_case_reference,multiple_roles_detected | appears_in_multiple_files | downstream_contract_candidate | legacy_module_review_required
employee-overheads-legacy,output_contract,output_contract_field,snake_case,2,hooks,hooks\useEmployeeOverheads.js,hooks\useEmployeeOverheads.js,273,output_contract_reference,downstream_contract_candidate | legacy_module_review_required
employee-overheads-legacy,stored_profiles,output_contract_field,snake_case,2,hooks,hooks\useEmployeeOverheads.js,hooks\useEmployeeOverheads.js,274,snake_case_reference,downstream_contract_candidate | legacy_module_review_required
employee-overheads-legacy,status,status_field,plain,1,hooks,hooks\useEmployeeOverheads.js,hooks\useEmployeeOverheads.js,265,declaration,legacy_module_review_required
employee-overheads-legacy,is_active,readiness_field,snake_case,29,components | hooks | lib,components\employee-overheads\EmployeeOverheadCustomList.jsx | components\employee-overheads\EmployeeOverheadLibraryCard.jsx | hooks\useEmployeeOverheads.js | lib\calculations\employeeOverheadCalculations.js | lib\selectors\employeeOverheadSelectors.js | lib\storage\employeeOverheadLibraryStorage.js | lib\storage\employeeOverheadProfileStorage.js,components\employee-overheads\EmployeeOverheadCustomList.jsx,21,object_key | snake_case_reference,appears_in_multiple_files | legacy_module_review_required
employee-overheads-legacy,is_open,readiness_field,snake_case,6,components,components\employee-overheads\EmployeeOverheadHelpPanel.jsx | components\employee-overheads\EmployeeOverheadLibraryCard.jsx,components\employee-overheads\EmployeeOverheadHelpPanel.jsx,6,array_destructured_name | snake_case_reference,appears_in_multiple_files | legacy_module_review_required
employee-overheads-legacy,warnings,warnings_field,plain,1,lib,lib\selectors\employeeOverheadSelectors.js,lib\selectors\employeeOverheadSelectors.js,18,declaration,legacy_module_review_required
employee-overheads-legacy,active_profile,warning_id,snake_case,3,hooks | lib,hooks\useEmployeeOverheads.js | lib\selectors\employeeOverheadSelectors.js,hooks\useEmployeeOverheads.js,269,object_key | snake_case_reference,multiple_roles_detected | appears_in_multiple_files | legacy_module_review_required
employee-overheads-legacy,Active,object_field,PascalCase,2,components,components\employee-overheads\EmployeeOverheadCustomList.jsx | components\employee-overheads\EmployeeOverheadLibraryCard.jsx,components\employee-overheads\EmployeeOverheadCustomList.jsx,108,quoted_object_key,appears_in_multiple_files | legacy_module_review_required
employee-overheads-legacy,Collapse,object_field,PascalCase,2,components,components\employee-overheads\EmployeeOverheadHelpPanel.jsx | components\employee-overheads\EmployeeOverheadLibraryCard.jsx,components\employee-overheads\EmployeeOverheadHelpPanel.jsx,23,quoted_object_key,appears_in_multiple_files | legacy_module_review_required
employee-overheads-legacy,Saved,object_field,PascalCase,1,components,components\employee-overheads\EmployeeOverheadStatusStrip.jsx,components\employee-overheads\EmployeeOverheadStatusStrip.jsx,36,quoted_object_key,legacy_module_review_required
employee-overheads-legacy,Selected,object_field,PascalCase,1,components,components\employee-overheads\EmployeeOverheadStatusStrip.jsx,components\employee-overheads\EmployeeOverheadStatusStrip.jsx,30,quoted_object_key,legacy_module_review_required
employee-overheads-legacy,amount_annual,object_field,snake_case,3,components | lib,components\employee-overheads\EmployeeOverheadCustomList.jsx | lib\storage\employeeOverheadProfileStorage.js,components\employee-overheads\EmployeeOverheadCustomList.jsx,88,object_key,appears_in_multiple_files | legacy_module_review_required
employee-overheads-legacy,contract,object_field,plain,1,components,components\employee-overheads\EmployeeOverheadHelpPanel.jsx,components\employee-overheads\EmployeeOverheadHelpPanel.jsx,42,object_key,legacy_module_review_required
employee-overheads-legacy,created_at,object_field,snake_case,5,lib,lib\storage\employeeOverheadLibraryStorage.js | lib\storage\employeeOverheadProfileStorage.js,lib\storage\employeeOverheadLibraryStorage.js,48,object_key,appears_in_multiple_files | legacy_module_review_required
employee-overheads-legacy,currency,object_field,plain,3,components,components\employee-overheads\EmployeeOverheadCustomList.jsx | components\employee-overheads\EmployeeOverheadLibraryCard.jsx | components\employee-overheads\EmployeeOverheadSummaryCard.jsx,components\employee-overheads\EmployeeOverheadCustomList.jsx,8,object_key,appears_in_multiple_files | legacy_module_review_required
employee-overheads-legacy,custom_assignment_rows,object_field,snake_case,3,hooks | lib,hooks\useEmployeeOverheads.js | lib\storage\employeeOverheadProfileStorage.js,hooks\useEmployeeOverheads.js,201,object_key,appears_in_multiple_files | legacy_module_review_required
employee-overheads-legacy,default_amount_annual,object_field,snake_case,2,components | lib,components\employee-overheads\EmployeeOverheadLibraryCard.jsx | lib\storage\employeeOverheadLibraryStorage.js,components\employee-overheads\EmployeeOverheadLibraryCard.jsx,121,object_key,appears_in_multiple_files | legacy_module_review_required
employee-overheads-legacy,effective_from,object_field,snake_case,2,hooks | lib,hooks\useEmployeeOverheads.js | lib\storage\employeeOverheadProfileStorage.js,hooks\useEmployeeOverheads.js,246,object_key,appears_in_multiple_files | legacy_module_review_required
employee-overheads-legacy,maximumFractionDigits,object_field,camelCase,3,components,components\employee-overheads\EmployeeOverheadCustomList.jsx | components\employee-overheads\EmployeeOverheadLibraryCard.jsx | components\employee-overheads\EmployeeOverheadSummaryCard.jsx,components\employee-overheads\EmployeeOverheadCustomList.jsx,9,object_key,appears_in_multiple_files | legacy_module_review_required
employee-overheads-legacy,md,object_field,plain,3,components,components\employee-overheads\EmployeeOverheadCustomList.jsx | components\employee-overheads\EmployeeOverheadLibraryCard.jsx,components\employee-overheads\EmployeeOverheadCustomList.jsx,68,object_key,appears_in_multiple_files | legacy_module_review_required
employee-overheads-legacy,ok,object_field,plain,2,components,components\employee-overheads\EmployeeOverheadStatusStrip.jsx,components\employee-overheads\EmployeeOverheadStatusStrip.jsx,31,quoted_object_key,legacy_module_review_required
employee-overheads-legacy,phone_allowance_annual,object_field,snake_case,1,lib,lib\storage\employeeOverheadProfileStorage.js,lib\storage\employeeOverheadProfileStorage.js,49,object_key,legacy_module_review_required
employee-overheads-legacy,ppe_cost_annual,object_field,snake_case,1,lib,lib\storage\employeeOverheadProfileStorage.js,lib\storage\employeeOverheadProfileStorage.js,47,object_key,legacy_module_review_required
employee-overheads-legacy,profile_version,object_field,snake_case,1,hooks,hooks\useEmployeeOverheads.js,hooks\useEmployeeOverheads.js,146,object_key,legacy_module_review_required
employee-overheads-legacy,training_cost_annual,object_field,snake_case,1,lib,lib\storage\employeeOverheadProfileStorage.js,lib\storage\employeeOverheadProfileStorage.js,46,object_key,legacy_module_review_required
employee-overheads-legacy,updated_at,object_field,snake_case,10,hooks | lib,hooks\useEmployeeOverheads.js | lib\storage\employeeOverheadLibraryStorage.js | lib\storage\employeeOverheadProfileStorage.js,hooks\useEmployeeOverheads.js,221,object_key,appears_in_multiple_files | legacy_module_review_required
general-overheads,actions,output_contract_field,plain,1,hooks,hooks\useGeneralOverheads.js,hooks\useGeneralOverheads.js,721,object_key,downstream_contract_candidate
general-overheads,allocation_outputs,output_contract_field,snake_case,4,hooks,hooks\useGeneralOverheads.js,hooks\useGeneralOverheads.js,461,declaration | snake_case_reference,multiple_roles_detected | downstream_contract_candidate
general-overheads,build_general_overhead_allocation_outputs,output_contract_field,snake_case,1,hooks,hooks\useGeneralOverheads.js,hooks\useGeneralOverheads.js,461,snake_case_reference,downstream_contract_candidate
general-overheads,current_overhead_state,output_contract_field,snake_case,3,hooks,hooks\useGeneralOverheads.js,hooks\useGeneralOverheads.js,304,object_key | snake_case_reference,downstream_contract_candidate
general-overheads,employee_overheads_benchmark_total,output_contract_field,snake_case,1,lib,lib\reconciliation\reconciliationRules.js,lib\reconciliation\reconciliationRules.js,19,snake_case_reference,downstream_contract_candidate
general-overheads,employee_overheads_check,output_contract_field,snake_case,1,lib,lib\reconciliation\reconciliationRules.js,lib\reconciliation\reconciliationRules.js,293,declaration,downstream_contract_candidate
general-overheads,employee_overheads_lines,output_contract_field,snake_case,2,lib,lib\reconciliation\reconciliationRules.js,lib\reconciliation\reconciliationRules.js,20,snake_case_reference,downstream_contract_candidate
general-overheads,general_overheads,output_contract_field,snake_case,7,app | components | hooks,app\cost-summary\page.jsx | components\model-readiness\ModelReadinessAuditPanel.jsx | hooks\useBusinessSummary.js | hooks\useCostSummary.js | hooks\useQuoteEngine.js | hooks\useRecoverySummary.js,app\cost-summary\page.jsx,17,object_key | snake_case_reference,multiple_roles_detected | appears_in_multiple_files | downstream_contract_candidate
general-overheads,general_overheads_benchmark_total,output_contract_field,snake_case,2,lib,lib\reconciliation\reconciliationRules.js,lib\reconciliation\reconciliationRules.js,215,declaration | snake_case_reference,downstream_contract_candidate
general-overheads,general_overheads_output,output_contract_field,snake_case,1,components,components\model-readiness\ModelReadinessAuditPanel.jsx,components\model-readiness\ModelReadinessAuditPanel.jsx,45,declaration,downstream_contract_candidate
general-overheads,general_overheads_output_contract,output_contract_field,snake_case,14,hooks | lib,hooks\useCostSummary.js | lib\reconciliation\moduleReconciliation.js | lib\reconciliation\reconciliationRules.js,hooks\useCostSummary.js,24,declaration | snake_case_reference,appears_in_multiple_files | downstream_contract_candidate
general-overheads,general_overheads_outputs,output_contract_field,snake_case,1,hooks,hooks\useRecoverySummary.js,hooks\useRecoverySummary.js,34,declaration,downstream_contract_candidate
general-overheads,general_overheads_status,output_contract_field,snake_case,5,lib,lib\reconciliation\moduleReconciliation.js | lib\reconciliation\reconciliationRules.js,lib\reconciliation\moduleReconciliation.js,16,declaration | snake_case_reference,multiple_roles_detected | appears_in_multiple_files | downstream_contract_candidate
general-overheads,grouped_overhead_rows,output_contract_field,snake_case,2,components | lib,components\general-overheads\GeneralOverheadSummaryCard.jsx | lib\selectors\general-overheads\generalOverheadCardSelector.js,components\general-overheads\GeneralOverheadSummaryCard.jsx,104,object_key | snake_case_reference,appears_in_multiple_files | downstream_contract_candidate
general-overheads,grouped_summary,output_contract_field,snake_case,1,lib,lib\selectors\general-overheads\generalOverheadCardSelector.js,lib\selectors\general-overheads\generalOverheadCardSelector.js,103,snake_case_reference,downstream_contract_candidate
general-overheads,is_hydrated,output_contract_field,snake_case,6,hooks,hooks\useGeneralOverheads.js,hooks\useGeneralOverheads.js,392,array_destructured_name | snake_case_reference,multiple_roles_detected | downstream_contract_candidate
general-overheads,operating_expense_lines,output_contract_field,snake_case,6,hooks,hooks\useGeneralOverheads.js,hooks\useGeneralOverheads.js,282,declaration | snake_case_reference,downstream_contract_candidate
general-overheads,output_contract,output_contract_field,snake_case,11,components | hooks | lib,components\general-overheads\GeneralOverheadSummaryCard.jsx | hooks\useGeneralOverheads.js | lib\selectors\general-overheads\generalOverheadCardSelector.js,components\general-overheads\GeneralOverheadSummaryCard.jsx,105,output_contract_reference,appears_in_multiple_files | downstream_contract_candidate
general-overheads,overhead_rows,output_contract_field,snake_case,8,components | hooks,components\general-overheads\GeneralOverheadSummaryCard.jsx | hooks\useCostSummary.js,components\general-overheads\GeneralOverheadSummaryCard.jsx,172,object_key | snake_case_reference,appears_in_multiple_files | downstream_contract_candidate
general-overheads,overhead_state,output_contract_field,snake_case,2,hooks | lib,hooks\useGeneralOverheads.js | lib\selectors\general-overheads\generalOverheadCardSelector.js,hooks\useGeneralOverheads.js,664,snake_case_reference,multiple_roles_detected | appears_in_multiple_files | downstream_contract_candidate
general-overheads,pool_key,output_contract_field,snake_case,1,components,components\general-overheads\GeneralOverheadSummaryCard.jsx,components\general-overheads\GeneralOverheadSummaryCard.jsx,184,snake_case_reference,downstream_contract_candidate
general-overheads,system_allocation_amount_overrides,output_contract_field,snake_case,13,hooks,hooks\useGeneralOverheads.js,hooks\useGeneralOverheads.js,354,object_key | snake_case_reference,multiple_roles_detected | downstream_contract_candidate
general-overheads,total_business_overheads,output_contract_field,snake_case,8,hooks | lib,hooks\useBusinessSummary.js | lib\audit\buildLiveAuditSnapshotExport.js | lib\calculations\quoteEngineCalculations.js,hooks\useBusinessSummary.js,50,declaration | object_key | snake_case_reference,multiple_roles_detected | appears_in_multiple_files | downstream_contract_candidate
general-overheads,total_general_overheads,output_contract_field,snake_case,5,hooks | lib,hooks\useCostSummary.js | hooks\useGeneralOverheads.js | lib\reconciliation\reconciliationRules.js,hooks\useCostSummary.js,30,declaration | object_key | snake_case_reference,multiple_roles_detected | appears_in_multiple_files | downstream_contract_candidate
general-overheads,overhead_assignment,consumed_field,snake_case,2,hooks,hooks\cost-allocation\useCostAllocationAssignmentCards.js | hooks\useCostAllocation.js,hooks\cost-allocation\useCostAllocationAssignmentCards.js,312,destructured_name | object_key,multiple_roles_detected | appears_in_multiple_files | consumed_from_upstream
general-overheads,allocation_pool_status,status_field,snake_case,7,components | lib,components\general-overheads\GeneralOverheadReclassificationGroup.jsx | components\general-overheads\GeneralOverheadSummaryCard.jsx | lib\selectors\general-overheads\generalOverheadAllocationSelectors.js | lib\selectors\general-overheads\generalOverheadPoolSelectors.js | lib\selectors\general-overheads\generalOverheadWarnings.js,components\general-overheads\GeneralOverheadReclassificationGroup.jsx,82,object_key | snake_case_reference,appears_in_multiple_files
general-overheads,build_general_overhead_status,status_field,snake_case,4,hooks | lib,hooks\useGeneralOverheads.js | lib\selectors\general-overheads\generalOverheadCardSelector.js | lib\selectors\generalOverheadSelectors.js,hooks\useGeneralOverheads.js,18,snake_case_reference,appears_in_multiple_files
general-overheads,format_pool_status,status_field,snake_case,2,components,components\general-overheads\GeneralOverheadSummaryCard.jsx,components\general-overheads\GeneralOverheadSummaryCard.jsx,54,snake_case_reference,
general-overheads,format_status,status_field,snake_case,2,components,components\general-overheads\GeneralOverheadReclassificationGroup.jsx,components\general-overheads\GeneralOverheadReclassificationGroup.jsx,14,snake_case_reference,
general-overheads,get_pool_status,status_field,snake_case,2,lib,lib\selectors\general-overheads\generalOverheadAllocationSelectors.js,lib\selectors\general-overheads\generalOverheadAllocationSelectors.js,151,snake_case_reference,
general-overheads,overhead_pool_status,status_field,snake_case,5,hooks | lib,hooks\cost-allocation\useCostAllocationAssignmentCards.js | lib\calculations\cost-allocation\costAllocationPoolBuilders.js | lib\calculations\costAllocationRules.js | lib\selectors\cost-allocation\costAllocationCardSections.js,hooks\cost-allocation\useCostAllocationAssignmentCards.js,282,object_key | snake_case_reference,appears_in_multiple_files
general-overheads,status,status_field,plain,1,hooks,hooks\useGeneralOverheads.js,hooks\useGeneralOverheads.js,710,declaration,
general-overheads,Ready,readiness_field,PascalCase,1,components,components\general-overheads\GeneralOverheadStatusStrip.jsx,components\general-overheads\GeneralOverheadStatusStrip.jsx,26,quoted_object_key,
general-overheads,general_overheads_ready,readiness_field,snake_case,11,app | hooks | lib,app\dev\model-readiness\page.jsx | app\model-readiness\page.jsx | hooks\useGeneralOverheads.js | lib\reconciliation\moduleReconciliation.js | lib\reconciliation\reconciliationRules.js,app\dev\model-readiness\page.jsx,78,declaration | object_key | snake_case_reference,appears_in_multiple_files
general-overheads,has_amount_override,readiness_field,snake_case,3,lib,lib\selectors\general-overheads\generalOverheadAllocationSelectors.js,lib\selectors\general-overheads\generalOverheadAllocationSelectors.js,205,snake_case_reference,
general-overheads,has_general_overhead_data,readiness_field,snake_case,3,lib,lib\selectors\costSummarySelectors.js,lib\selectors\costSummarySelectors.js,142,declaration | snake_case_reference,
general-overheads,has_linked_overhead_profile,readiness_field,snake_case,4,components | lib,components\employee-overheads\EmployeeOverheadStatusStrip.jsx | lib\selectors\employeeOverheadSelectors.js,components\employee-overheads\EmployeeOverheadStatusStrip.jsx,6,object_key | snake_case_reference,appears_in_multiple_files
general-overheads,has_overhead_burden,readiness_field,snake_case,1,hooks,hooks\cost-allocation\useCostAllocationGroupRecoveryRows.js,hooks\cost-allocation\useCostAllocationGroupRecoveryRows.js,239,object_key,
general-overheads,has_real_split_rows,readiness_field,snake_case,7,lib,lib\selectors\general-overheads\generalOverheadAllocationSelectors.js,lib\selectors\general-overheads\generalOverheadAllocationSelectors.js,350,declaration | snake_case_reference,
general-overheads,has_redistribution_pool,readiness_field,snake_case,5,lib,lib\selectors\general-overheads\generalOverheadAllocationSelectors.js,lib\selectors\general-overheads\generalOverheadAllocationSelectors.js,362,declaration | snake_case_reference,
general-overheads,is_active,readiness_field,snake_case,9,components | hooks | lib,components\general-overheads\GeneralOverheadProfilesCard.jsx | hooks\useGeneralOverheads.js | lib\selectors\general-overheads\generalOverheadCardSelector.js | lib\storage\generalOverheadProfileStorage.js | lib\storage\generalOverheadStorage.js,components\general-overheads\GeneralOverheadProfilesCard.jsx,4,object_key | snake_case_reference,appears_in_multiple_files
general-overheads,is_allocation_only_amount,readiness_field,snake_case,3,components | lib,components\general-overheads\GeneralOverheadReclassificationSection.jsx | lib\selectors\general-overheads\generalOverheadAllocationSelectors.js,components\general-overheads\GeneralOverheadReclassificationSection.jsx,6,object_key | snake_case_reference,appears_in_multiple_files
general-overheads,is_assigned,readiness_field,snake_case,4,lib,lib\selectors\general-overheads\generalOverheadAllocationSelectors.js,lib\selectors\general-overheads\generalOverheadAllocationSelectors.js,289,declaration | object_key | snake_case_reference,
general-overheads,is_auto_balance_row,readiness_field,snake_case,1,lib,lib\selectors\general-overheads\generalOverheadAllocationSelectors.js,lib\selectors\general-overheads\generalOverheadAllocationSelectors.js,293,object_key,
general-overheads,is_balanced_child,readiness_field,snake_case,4,lib,lib\selectors\general-overheads\generalOverheadAllocationSelectors.js,lib\selectors\general-overheads\generalOverheadAllocationSelectors.js,408,declaration | snake_case_reference,
general-overheads,is_balanced_child_key,readiness_field,snake_case,4,lib,lib\selectors\general-overheads\generalOverheadAllocationSelectors.js,lib\selectors\general-overheads\generalOverheadAllocationSelectors.js,186,snake_case_reference,
general-overheads,is_balanced_parent,readiness_field,snake_case,8,lib,lib\selectors\general-overheads\generalOverheadAllocationSelectors.js,lib\selectors\general-overheads\generalOverheadAllocationSelectors.js,407,declaration | snake_case_reference,
general-overheads,is_balanced_parent_key,readiness_field,snake_case,3,lib,lib\selectors\general-overheads\generalOverheadAllocationSelectors.js,lib\selectors\general-overheads\generalOverheadAllocationSelectors.js,180,snake_case_reference,
general-overheads,is_balanced_parent_pool,readiness_field,snake_case,13,components | lib,components\general-overheads\GeneralOverheadReclassificationRow.jsx | components\general-overheads\GeneralOverheadReclassificationSection.jsx | lib\selectors\general-overheads\generalOverheadAllocationSelectors.js | lib\selectors\general-overheads\generalOverheadPoolSelectors.js | lib\selectors\general-overheads\generalOverheadWarnings.js,components\general-overheads\GeneralOverheadReclassificationRow.jsx,37,object_key | snake_case_reference,appears_in_multiple_files
general-overheads,is_custom,readiness_field,snake_case,4,components | lib,components\general-overheads\GeneralOverheadReclassificationSection.jsx | lib\calculations\generalOverheadCalculations.js | lib\selectors\general-overheads\generalOverheadAllocationSelectors.js | lib\selectors\general-overheads\generalOverheadCategorySelectors.js,components\general-overheads\GeneralOverheadReclassificationSection.jsx,10,object_key | snake_case_reference,appears_in_multiple_files
general-overheads,is_excluded_operating_expense_category,readiness_field,snake_case,2,hooks,hooks\useGeneralOverheads.js,hooks\useGeneralOverheads.js,73,snake_case_reference,
general-overheads,is_hidden_when_real_split_rows_exist,readiness_field,snake_case,2,lib,lib\selectors\general-overheads\generalOverheadAllocationSelectors.js,lib\selectors\general-overheads\generalOverheadAllocationSelectors.js,491,object_key | snake_case_reference,
general-overheads,is_interest_line,readiness_field,snake_case,2,hooks,hooks\useGeneralOverheads.js,hooks\useGeneralOverheads.js,84,snake_case_reference,
general-overheads,is_interest_row,readiness_field,snake_case,2,lib,lib\calculations\generalOverheadCalculations.js,lib\calculations\generalOverheadCalculations.js,13,snake_case_reference,
general-overheads,is_pool_balance_row,readiness_field,snake_case,2,lib,lib\selectors\general-overheads\generalOverheadAllocationSelectors.js,lib\selectors\general-overheads\generalOverheadAllocationSelectors.js,290,object_key,
general-overheads,is_pool_split_row,readiness_field,snake_case,5,components | lib,components\general-overheads\GeneralOverheadReclassificationRow.jsx | components\general-overheads\GeneralOverheadReclassificationSection.jsx | lib\selectors\general-overheads\generalOverheadAllocationSelectors.js,components\general-overheads\GeneralOverheadReclassificationRow.jsx,43,object_key | snake_case_reference,appears_in_multiple_files
general-overheads,is_ready,readiness_field,snake_case,3,components | lib,components\general-overheads\GeneralOverheadStatusStrip.jsx | lib\selectors\general-overheads\generalOverheadCardSelector.js,components\general-overheads\GeneralOverheadStatusStrip.jsx,2,object_key | snake_case_reference,appears_in_multiple_files
general-overheads,is_reclassified,readiness_field,snake_case,3,components | lib,components\general-overheads\GeneralOverheadReclassificationRow.jsx | lib\selectors\general-overheads\generalOverheadAllocationSelectors.js,components\general-overheads\GeneralOverheadReclassificationRow.jsx,59,object_key | snake_case_reference,appears_in_multiple_files
general-overheads,is_valid_system_allocation_type,readiness_field,snake_case,2,lib,lib\selectors\general-overheads\generalOverheadAllocationSelectors.js,lib\selectors\general-overheads\generalOverheadAllocationSelectors.js,23,snake_case_reference,
general-overheads,is_vehicle_redistribution_row,readiness_field,snake_case,1,lib,lib\selectors\general-overheads\generalOverheadAllocationSelectors.js,lib\selectors\general-overheads\generalOverheadAllocationSelectors.js,292,object_key,
general-overheads,is_virtual_redistribution_row,readiness_field,snake_case,8,lib,lib\selectors\general-overheads\generalOverheadAllocationSelectors.js | lib\selectors\general-overheads\generalOverheadPoolSelectors.js,lib\selectors\general-overheads\generalOverheadAllocationSelectors.js,291,object_key | snake_case_reference,appears_in_multiple_files
general-overheads,allocation_pool_warnings,warnings_field,snake_case,2,hooks | lib,hooks\useGeneralOverheads.js | lib\selectors\general-overheads\generalOverheadPoolSelectors.js,hooks\useGeneralOverheads.js,512,object_key,appears_in_multiple_files
general-overheads,build_allocation_pool_warnings,warnings_field,snake_case,3,lib,lib\selectors\general-overheads\generalOverheadPoolSelectors.js | lib\selectors\general-overheads\generalOverheadWarnings.js,lib\selectors\general-overheads\generalOverheadPoolSelectors.js,9,warning_id,appears_in_multiple_files
general-overheads,warnings,warnings_field,plain,2,lib,lib\selectors\general-overheads\generalOverheadCardSelector.js | lib\selectors\general-overheads\generalOverheadWarnings.js,lib\selectors\general-overheads\generalOverheadCardSelector.js,15,declaration,appears_in_multiple_files
general-overheads,active_profile_name,warning_id,snake_case,2,components | lib,components\general-overheads\GeneralOverheadStatusStrip.jsx | lib\selectors\general-overheads\generalOverheadCardSelector.js,components\general-overheads\GeneralOverheadStatusStrip.jsx,5,object_key | snake_case_reference,appears_in_multiple_files
general-overheads,allocation_pool_summaries,warning_id,snake_case,1,hooks,hooks\useGeneralOverheads.js,hooks\useGeneralOverheads.js,513,object_key,
general-overheads,allocation_rows,warning_id,snake_case,1,lib,lib\selectors\general-overheads\generalOverheadPoolSelectors.js,lib\selectors\general-overheads\generalOverheadPoolSelectors.js,110,snake_case_reference,
general-overheads,build_grouped_rows,warning_id,snake_case,1,lib,lib\selectors\general-overheads\generalOverheadPoolSelectors.js,lib\selectors\general-overheads\generalOverheadPoolSelectors.js,8,snake_case_reference,
general-overheads,category_key,warning_id,snake_case,2,lib,lib\selectors\general-overheads\generalOverheadWarnings.js,lib\selectors\general-overheads\generalOverheadWarnings.js,25,object_key,
general-overheads,category_label,warning_id,snake_case,2,lib,lib\selectors\general-overheads\generalOverheadWarnings.js,lib\selectors\general-overheads\generalOverheadWarnings.js,24,snake_case_reference,
general-overheads,employee_overhead_mapping_variance,warning_id,snake_case,5,components | lib,components\model-readiness\ModelReadinessAuditPanel.jsx | lib\audit\buildLiveAuditSnapshotExport.js,components\model-readiness\ModelReadinessAuditPanel.jsx,205,object_key | warning_id,appears_in_multiple_files
general-overheads,general_overhead_mapping_variance,warning_id,snake_case,5,components | lib,components\model-readiness\ModelReadinessAuditPanel.jsx | lib\audit\buildLiveAuditSnapshotExport.js,components\model-readiness\ModelReadinessAuditPanel.jsx,210,object_key | warning_id,appears_in_multiple_files
general-overheads,group_summaries,warning_id,snake_case,2,lib,lib\selectors\general-overheads\generalOverheadWarnings.js,lib\selectors\general-overheads\generalOverheadWarnings.js,3,snake_case_reference,
general-overheads,line_id,warning_id,snake_case,1,lib,lib\selectors\general-overheads\generalOverheadWarnings.js,lib\selectors\general-overheads\generalOverheadWarnings.js,15,object_key,
general-overheads,line_label,warning_id,snake_case,1,lib,lib\selectors\general-overheads\generalOverheadWarnings.js,lib\selectors\general-overheads\generalOverheadWarnings.js,14,snake_case_reference,
general-overheads,message,warning_id,plain,3,lib,lib\selectors\general-overheads\generalOverheadWarnings.js,lib\selectors\general-overheads\generalOverheadWarnings.js,14,object_key,
general-overheads,not_reviewed,warning_id,snake_case,3,components | hooks,components\general-overheads\GeneralOverheadSummaryCard.jsx | hooks\useGeneralOverheads.js,components\general-overheads\GeneralOverheadSummaryCard.jsx,19,quoted_object_key | warning_id,appears_in_multiple_files
general-overheads,over_allocated,warning_id,snake_case,3,components | lib,components\general-overheads\GeneralOverheadReclassificationGroup.jsx | components\general-overheads\GeneralOverheadSummaryCard.jsx | lib\selectors\general-overheads\generalOverheadWarnings.js,components\general-overheads\GeneralOverheadReclassificationGroup.jsx,19,object_key | snake_case_reference,multiple_roles_detected | appears_in_multiple_files
general-overheads,overhead_absorption_high,warning_id,snake_case,1,lib,lib\calculations\recoverySummaryCalculations.js,lib\calculations\recoverySummaryCalculations.js,765,snake_case_reference,
general-overheads,overhead_absorption_level,warning_id,snake_case,2,lib,lib\calculations\recoverySummaryCalculations.js,lib\calculations\recoverySummaryCalculations.js,760,snake_case_reference,
general-overheads,overhead_absorption_review,warning_id,snake_case,9,lib,lib\calculations\recoverySummaryCalculations.js | lib\selectors\recoverySummarySelectors.js,lib\calculations\recoverySummaryCalculations.js,658,declaration | object_key | warning_id,appears_in_multiple_files
general-overheads,overhead_line_needs_allocation_type,warning_id,snake_case,1,lib,lib\selectors\general-overheads\generalOverheadWarnings.js,lib\selectors\general-overheads\generalOverheadWarnings.js,13,snake_case_reference,
general-overheads,overhead_pool_over_allocated,warning_id,snake_case,2,lib,lib\calculations\costAllocationRules.js,lib\calculations\costAllocationRules.js,276,snake_case_reference,
general-overheads,overhead_profile_name,warning_id,snake_case,3,hooks | lib,hooks\useGeneralOverheads.js | lib\selectors\general-overheads\generalOverheadCardSelector.js | lib\storage\generalOverheadStorage.js,hooks\useGeneralOverheads.js,323,object_key | snake_case_reference,multiple_roles_detected | appears_in_multiple_files
general-overheads,overhead_variance,warning_id,snake_case,9,components,components\business-summary\BusinessSummaryMacroPositionCard.jsx | components\model-readiness\ModelReadinessVarianceBreakdown.jsx,components\business-summary\BusinessSummaryMacroPositionCard.jsx,177,declaration | warning_id,appears_in_multiple_files
general-overheads,partially_allocated,warning_id,snake_case,3,components | lib,components\general-overheads\GeneralOverheadReclassificationGroup.jsx | components\general-overheads\GeneralOverheadSummaryCard.jsx | lib\selectors\general-overheads\generalOverheadWarnings.js,components\general-overheads\GeneralOverheadReclassificationGroup.jsx,17,object_key | snake_case_reference,multiple_roles_detected | appears_in_multiple_files
general-overheads,saved_overheads,warning_id,snake_case,1,lib,lib\selectors\general-overheads\generalOverheadCardSelector.js,lib\selectors\general-overheads\generalOverheadCardSelector.js,21,snake_case_reference,
general-overheads,source_review_subcategory,warning_id,snake_case,6,hooks | lib,hooks\useGeneralOverheads.js | lib\calculations\generalOverheadCalculations.js | lib\selectors\general-overheads\generalOverheadAllocationSelectors.js,hooks\useGeneralOverheads.js,119,object_key | warning_id,appears_in_multiple_files
general-overheads,system_allocation_type,warning_id,snake_case,1,lib,lib\selectors\general-overheads\generalOverheadWarnings.js,lib\selectors\general-overheads\generalOverheadWarnings.js,8,snake_case_reference,
general-overheads,to_number,warning_id,snake_case,2,lib,lib\selectors\general-overheads\generalOverheadWarnings.js,lib\selectors\general-overheads\generalOverheadWarnings.js,1,snake_case_reference,
general-overheads,unallocated_needs_review,warning_id,snake_case,8,lib,lib\selectors\general-overheads\generalOverheadAllocationSelectors.js | lib\selectors\general-overheads\generalOverheadDefinitions.js | lib\selectors\general-overheads\generalOverheadPoolSelectors.js | lib\selectors\general-overheads\generalOverheadWarnings.js,lib\selectors\general-overheads\generalOverheadAllocationSelectors.js,101,warning_id,appears_in_multiple_files
general-overheads,unallocated_overhead_amount,warning_id,snake_case,2,hooks,hooks\useGeneralOverheads.js,hooks\useGeneralOverheads.js,510,object_key | snake_case_reference,multiple_roles_detected
general-overheads,warning_count,warning_id,snake_case,3,components | lib,components\general-overheads\GeneralOverheadStatusStrip.jsx | lib\selectors\general-overheads\generalOverheadCardSelector.js,components\general-overheads\GeneralOverheadStatusStrip.jsx,3,object_key | snake_case_reference,appears_in_multiple_files
general-overheads,warning_key,warning_id,snake_case,3,lib,lib\selectors\general-overheads\generalOverheadWarnings.js,lib\selectors\general-overheads\generalOverheadWarnings.js,13,object_key,
general-overheads,Active,object_field,PascalCase,1,components,components\general-overheads\GeneralOverheadProfilesCard.jsx,components\general-overheads\GeneralOverheadProfilesCard.jsx,57,quoted_object_key,
general-overheads,Current,object_field,PascalCase,1,components,components\general-overheads\GeneralOverheadReclassificationRow.jsx,components\general-overheads\GeneralOverheadReclassificationRow.jsx,57,object_key,
general-overheads,From,object_field,PascalCase,1,components,components\general-overheads\GeneralOverheadReclassificationRow.jsx,components\general-overheads\GeneralOverheadReclassificationRow.jsx,60,object_key,
general-overheads,accounting_fees,object_field,snake_case,1,lib,lib\storage\generalOverheadStorage.js,lib\storage\generalOverheadStorage.js,24,object_key,
general-overheads,allocation,object_field,plain,1,components,components\general-overheads\GeneralOverheadSummaryCard.jsx,components\general-overheads\GeneralOverheadSummaryCard.jsx,44,object_key,
general-overheads,amount,object_field,plain,1,hooks,hooks\useGeneralOverheads.js,hooks\useGeneralOverheads.js,293,object_key,
general-overheads,assigned_overhead_amount,object_field,snake_case,2,components,components\cost-allocation\CostAllocationGroupsCard.jsx | components\cost-allocation\divisions\CostAllocationDivisionCard.jsx,components\cost-allocation\CostAllocationGroupsCard.jsx,87,object_key,appears_in_multiple_files
general-overheads,bank_fees,object_field,snake_case,1,lib,lib\storage\generalOverheadStorage.js,lib\storage\generalOverheadStorage.js,32,object_key,
general-overheads,burden,object_field,plain,1,components,components\general-overheads\GeneralOverheadStatusStrip.jsx,components\general-overheads\GeneralOverheadStatusStrip.jsx,19,object_key,
general-overheads,category,object_field,plain,1,hooks,hooks\useGeneralOverheads.js,hooks\useGeneralOverheads.js,295,object_key,
general-overheads,change_reason,object_field,snake_case,5,hooks | lib,hooks\useGeneralOverheads.js | lib\storage\generalOverheadProfileStorage.js | lib\storage\generalOverheadStorage.js,hooks\useGeneralOverheads.js,339,object_key,appears_in_multiple_files
general-overheads,cogs_hire,object_field,snake_case,1,hooks,hooks\useGeneralOverheads.js,hooks\useGeneralOverheads.js,66,quoted_object_key,
general-overheads,cogs_materials,object_field,snake_case,1,hooks,hooks\useGeneralOverheads.js,hooks\useGeneralOverheads.js,64,quoted_object_key,
general-overheads,cogs_subcontract,object_field,snake_case,1,hooks,hooks\useGeneralOverheads.js,hooks\useGeneralOverheads.js,65,quoted_object_key,
general-overheads,created_at,object_field,snake_case,6,hooks | lib,hooks\useGeneralOverheads.js | lib\storage\generalOverheadProfileStorage.js | lib\storage\generalOverheadStorage.js,hooks\useGeneralOverheads.js,336,object_key,appears_in_multiple_files
general-overheads,currency,object_field,plain,2,components,components\general-overheads\GeneralOverheadReclassificationGroup.jsx | components\general-overheads\GeneralOverheadSummaryCard.jsx,components\general-overheads\GeneralOverheadReclassificationGroup.jsx,9,object_key,appears_in_multiple_files
general-overheads,custom_overhead_amount,object_field,snake_case,1,hooks,hooks\useGeneralOverheads.js,hooks\useGeneralOverheads.js,559,object_key,
general-overheads,custom_overhead_id,object_field,snake_case,1,hooks,hooks\useGeneralOverheads.js,hooks\useGeneralOverheads.js,557,object_key,
general-overheads,custom_overhead_items,object_field,snake_case,6,hooks | lib,hooks\useGeneralOverheads.js | lib\storage\generalOverheadStorage.js,hooks\useGeneralOverheads.js,344,object_key,appears_in_multiple_files
general-overheads,custom_overhead_name,object_field,snake_case,4,components | hooks | lib,components\employee-overheads\EmployeeOverheadLibraryCard.jsx | hooks\useGeneralOverheads.js | lib\storage\employeeOverheadLibraryStorage.js,components\employee-overheads\EmployeeOverheadLibraryCard.jsx,29,object_key,appears_in_multiple_files
general-overheads,custom_overhead_template_id,object_field,snake_case,1,lib,lib\storage\employeeOverheadLibraryStorage.js,lib\storage\employeeOverheadLibraryStorage.js,44,object_key,
general-overheads,default,object_field,plain,5,components | hooks,components\general-overheads\GeneralOverheadReclassificationSection.jsx | components\general-overheads\GeneralOverheadSummaryCard.jsx | hooks\useGeneralOverheads.js,components\general-overheads\GeneralOverheadReclassificationSection.jsx,29,object_key,appears_in_multiple_files
general-overheads,effective_from,object_field,snake_case,6,hooks | lib,hooks\useGeneralOverheads.js | lib\storage\generalOverheadProfileStorage.js | lib\storage\generalOverheadStorage.js,hooks\useGeneralOverheads.js,329,object_key,appears_in_multiple_files
general-overheads,employee_overhead_profile_id,object_field,snake_case,2,lib,lib\storage\employeeOverheadProfileStorage.js,lib\storage\employeeOverheadProfileStorage.js,44,object_key,
general-overheads,employee_overhead_profiles,object_field,snake_case,1,hooks,hooks\useEmployeeOverheads.js,hooks\useEmployeeOverheads.js,260,object_key,
general-overheads,employee_overheads,object_field,snake_case,1,hooks,hooks\useGeneralOverheads.js,hooks\useGeneralOverheads.js,62,quoted_object_key,
general-overheads,employee_overheads_total_annual,object_field,snake_case,1,lib,lib\storage\employeeOverheadProfileStorage.js,lib\storage\employeeOverheadProfileStorage.js,51,object_key,
general-overheads,finance_admin,object_field,snake_case,1,hooks,hooks\useGeneralOverheads.js,hooks\useGeneralOverheads.js,137,quoted_object_key,
general-overheads,finance_interest,object_field,snake_case,2,components | hooks,components\general-overheads\GeneralOverheadReclassificationSection.jsx | hooks\useGeneralOverheads.js,components\general-overheads\GeneralOverheadReclassificationSection.jsx,20,quoted_object_key,appears_in_multiple_files
general-overheads,finance_interest_cost,object_field,snake_case,1,lib,lib\storage\generalOverheadStorage.js,lib\storage\generalOverheadStorage.js,39,object_key,
general-overheads,from,object_field,plain,1,components,components\general-overheads\GeneralOverheadProfilesCard.jsx,components\general-overheads\GeneralOverheadProfilesCard.jsx,69,object_key,
general-overheads,fuel_cost_annual,object_field,snake_case,1,lib,lib\storage\generalOverheadStorage.js,lib\storage\generalOverheadStorage.js,43,object_key,
general-overheads,fully_allocated,object_field,snake_case,2,components,components\general-overheads\GeneralOverheadReclassificationGroup.jsx | components\general-overheads\GeneralOverheadSummaryCard.jsx,components\general-overheads\GeneralOverheadReclassificationGroup.jsx,18,object_key,appears_in_multiple_files
general-overheads,general_admin_cost,object_field,snake_case,1,lib,lib\storage\generalOverheadStorage.js,lib\storage\generalOverheadStorage.js,36,object_key,
general-overheads,general_overhead_keep,object_field,snake_case,1,hooks,hooks\useGeneralOverheads.js,hooks\useGeneralOverheads.js,92,quoted_object_key,
general-overheads,insurance_compliance,object_field,snake_case,2,components | hooks,components\general-overheads\GeneralOverheadReclassificationSection.jsx | hooks\useGeneralOverheads.js,components\general-overheads\GeneralOverheadReclassificationSection.jsx,26,quoted_object_key,appears_in_multiple_files
general-overheads,insurance_compliance_cost,object_field,snake_case,1,lib,lib\storage\generalOverheadStorage.js,lib\storage\generalOverheadStorage.js,40,object_key,
general-overheads,interest_treatment,object_field,snake_case,2,hooks,hooks\useGeneralOverheads.js,hooks\useGeneralOverheads.js,276,object_key,
general-overheads,internet_cost,object_field,snake_case,1,lib,lib\storage\generalOverheadStorage.js,lib\storage\generalOverheadStorage.js,30,object_key,
general-overheads,key,object_field,plain,1,components,components\general-overheads\GeneralOverheadReclassificationGroup.jsx,components\general-overheads\GeneralOverheadReclassificationGroup.jsx,109,object_key,
general-overheads,legal_fees,object_field,snake_case,1,lib,lib\storage\generalOverheadStorage.js,lib\storage\generalOverheadStorage.js,25,object_key,
general-overheads,line_name,object_field,snake_case,1,hooks,hooks\useGeneralOverheads.js,hooks\useGeneralOverheads.js,292,object_key,
general-overheads,marketing_cost,object_field,snake_case,1,lib,lib\storage\generalOverheadStorage.js,lib\storage\generalOverheadStorage.js,33,object_key,
general-overheads,maximumFractionDigits,object_field,camelCase,2,components,components\general-overheads\GeneralOverheadReclassificationGroup.jsx | components\general-overheads\GeneralOverheadSummaryCard.jsx,components\general-overheads\GeneralOverheadReclassificationGroup.jsx,10,object_key,appears_in_multiple_files
general-overheads,notes,object_field,plain,6,hooks | lib,hooks\useGeneralOverheads.js | lib\storage\generalOverheadProfileStorage.js | lib\storage\generalOverheadStorage.js,hooks\useGeneralOverheads.js,340,object_key,appears_in_multiple_files
general-overheads,office_admin,object_field,snake_case,1,hooks,hooks\useGeneralOverheads.js,hooks\useGeneralOverheads.js,135,quoted_object_key,
general-overheads,office_admin_cost,object_field,snake_case,1,lib,lib\storage\generalOverheadStorage.js,lib\storage\generalOverheadStorage.js,27,object_key,
general-overheads,office_rent,object_field,snake_case,1,lib,lib\storage\generalOverheadStorage.js,lib\storage\generalOverheadStorage.js,28,object_key,
general-overheads,office_supplies_cost,object_field,snake_case,1,lib,lib\storage\generalOverheadStorage.js,lib\storage\generalOverheadStorage.js,35,object_key,
general-overheads,only,object_field,plain,1,components,components\general-overheads\GeneralOverheadHelpPanel.jsx,components\general-overheads\GeneralOverheadHelpPanel.jsx,18,object_key,
general-overheads,other_general_overhead_cost,object_field,snake_case,1,lib,lib\storage\generalOverheadStorage.js,lib\storage\generalOverheadStorage.js,51,object_key,
general-overheads,overhead_absorbed_percent,object_field,snake_case,2,lib,lib\storage\recoverySummaryStorage.js,lib\storage\recoverySummaryStorage.js,12,object_key,
general-overheads,overhead_category_key,object_field,snake_case,2,hooks,hooks\useGeneralOverheads.js,hooks\useGeneralOverheads.js,121,object_key,
general-overheads,overhead_category_overrides,object_field,snake_case,12,hooks,hooks\useGeneralOverheads.js,hooks\useGeneralOverheads.js,350,object_key,
general-overheads,overhead_detail,object_field,snake_case,1,hooks,hooks\useCostSummary.js,hooks\useCostSummary.js,62,object_key,
general-overheads,overhead_group_assignments,object_field,snake_case,7,hooks | lib,hooks\cost-allocation\useCostAllocationAssignmentCards.js | hooks\cost-allocation\useCostAllocationOutputContract.js | hooks\useCostAllocation.js | lib\storage\costAllocationProfileStorage.js | lib\storage\costAllocationStorage.js,hooks\cost-allocation\useCostAllocationAssignmentCards.js,253,object_key,appears_in_multiple_files
general-overheads,overhead_key,object_field,snake_case,1,lib,lib\storage\employeeOverheadProfileStorage.js,lib\storage\employeeOverheadProfileStorage.js,70,object_key,
general-overheads,overhead_name,object_field,snake_case,2,components | lib,components\employee-overheads\EmployeeOverheadCustomList.jsx | lib\storage\employeeOverheadProfileStorage.js,components\employee-overheads\EmployeeOverheadCustomList.jsx,74,object_key,appears_in_multiple_files
general-overheads,overhead_profile_id,object_field,snake_case,2,hooks | lib,hooks\useGeneralOverheads.js | lib\storage\generalOverheadStorage.js,hooks\useGeneralOverheads.js,317,object_key,appears_in_multiple_files
general-overheads,overhead_source_type,object_field,snake_case,2,lib,lib\storage\employeeOverheadProfileStorage.js,lib\storage\employeeOverheadProfileStorage.js,69,object_key,
general-overheads,owner_scope_id,object_field,snake_case,2,hooks | lib,hooks\useGeneralOverheads.js | lib\storage\generalOverheadStorage.js,hooks\useGeneralOverheads.js,321,object_key,appears_in_multiple_files
general-overheads,phone_system_cost,object_field,snake_case,1,lib,lib\storage\generalOverheadStorage.js,lib\storage\generalOverheadStorage.js,31,object_key,
general-overheads,power_cost,object_field,snake_case,1,lib,lib\storage\generalOverheadStorage.js,lib\storage\generalOverheadStorage.js,29,object_key,
general-overheads,professional_indemnity_insurance,object_field,snake_case,1,lib,lib\storage\generalOverheadStorage.js,lib\storage\generalOverheadStorage.js,23,object_key,
general-overheads,profile_version,object_field,snake_case,6,hooks | lib,hooks\useGeneralOverheads.js | lib\storage\generalOverheadProfileStorage.js | lib\storage\generalOverheadStorage.js,hooks\useGeneralOverheads.js,327,object_key,appears_in_multiple_files
general-overheads,profiles,object_field,plain,1,components,components\general-overheads\GeneralOverheadStatusStrip.jsx,components\general-overheads\GeneralOverheadStatusStrip.jsx,29,object_key,
general-overheads,public_liability_insurance,object_field,snake_case,1,lib,lib\storage\generalOverheadStorage.js,lib\storage\generalOverheadStorage.js,22,object_key,
general-overheads,review_subcategory,object_field,snake_case,1,hooks,hooks\useGeneralOverheads.js,hooks\useGeneralOverheads.js,296,object_key,
general-overheads,row_key,object_field,snake_case,1,components,components\general-overheads\GeneralOverheadReclassificationRow.jsx,components\general-overheads\GeneralOverheadReclassificationRow.jsx,18,object_key,
general-overheads,sales_growth,object_field,snake_case,1,hooks,hooks\useGeneralOverheads.js,hooks\useGeneralOverheads.js,143,quoted_object_key,
general-overheads,sales_growth_cost,object_field,snake_case,1,lib,lib\storage\generalOverheadStorage.js,lib\storage\generalOverheadStorage.js,34,object_key,
general-overheads,software_subscriptions,object_field,snake_case,1,lib,lib\storage\generalOverheadStorage.js,lib\storage\generalOverheadStorage.js,26,object_key,
general-overheads,source_category,object_field,snake_case,2,hooks,hooks\useGeneralOverheads.js,hooks\useGeneralOverheads.js,120,object_key,
general-overheads,source_category_key,object_field,snake_case,1,components,components\general-overheads\GeneralOverheadReclassificationRow.jsx,components\general-overheads\GeneralOverheadReclassificationRow.jsx,19,object_key,
general-overheads,source_line_name,object_field,snake_case,2,hooks,hooks\useGeneralOverheads.js,hooks\useGeneralOverheads.js,118,object_key,
general-overheads,source_module,object_field,snake_case,2,hooks,hooks\useGeneralOverheads.js,hooks\useGeneralOverheads.js,116,object_key,
general-overheads,source_section,object_field,snake_case,1,hooks,hooks\useGeneralOverheads.js,hooks\useGeneralOverheads.js,274,object_key,
general-overheads,synced_overhead_amount,object_field,snake_case,2,hooks,hooks\useGeneralOverheads.js,hooks\useGeneralOverheads.js,115,object_key,
general-overheads,synced_overhead_id,object_field,snake_case,2,hooks,hooks\useGeneralOverheads.js,hooks\useGeneralOverheads.js,113,object_key,
general-overheads,synced_overhead_name,object_field,snake_case,2,hooks,hooks\useGeneralOverheads.js,hooks\useGeneralOverheads.js,114,object_key,
general-overheads,system_allocation_overrides,object_field,snake_case,15,hooks | lib,hooks\useGeneralOverheads.js | lib\storage\generalOverheadStorage.js,hooks\useGeneralOverheads.js,352,object_key,appears_in_multiple_files
general-overheads,travel,object_field,plain,1,hooks,hooks\useGeneralOverheads.js,hooks\useGeneralOverheads.js,145,quoted_object_key,
general-overheads,travel_cost,object_field,snake_case,1,lib,lib\storage\generalOverheadStorage.js,lib\storage\generalOverheadStorage.js,41,object_key,
general-overheads,unallocated,object_field,plain,2,components,components\general-overheads\GeneralOverheadReclassificationGroup.jsx | components\general-overheads\GeneralOverheadSummaryCard.jsx,components\general-overheads\GeneralOverheadReclassificationGroup.jsx,16,object_key,appears_in_multiple_files
general-overheads,unallocated_overhead_lines,object_field,snake_case,1,hooks,hooks\useGeneralOverheads.js,hooks\useGeneralOverheads.js,508,object_key,
general-overheads,unknown,object_field,plain,1,hooks,hooks\useGeneralOverheads.js,hooks\useGeneralOverheads.js,94,quoted_object_key,
general-overheads,updated_at,object_field,snake_case,14,hooks | lib,hooks\useGeneralOverheads.js | lib\storage\generalOverheadProfileStorage.js | lib\storage\generalOverheadStorage.js,hooks\useGeneralOverheads.js,337,object_key,appears_in_multiple_files
general-overheads,vehicle_consumables_cost_annual,object_field,snake_case,1,lib,lib\storage\generalOverheadStorage.js,lib\storage\generalOverheadStorage.js,49,object_key,
general-overheads,vehicle_maintenance_cost_annual,object_field,snake_case,1,lib,lib\storage\generalOverheadStorage.js,lib\storage\generalOverheadStorage.js,45,object_key,
general-overheads,vehicle_registration_cost_annual,object_field,snake_case,1,lib,lib\storage\generalOverheadStorage.js,lib\storage\generalOverheadStorage.js,47,object_key,
general-overheads,vehicle_repairs_cost_annual,object_field,snake_case,1,lib,lib\storage\generalOverheadStorage.js,lib\storage\generalOverheadStorage.js,46,object_key,
general-overheads,vehicle_running_cost_annual,object_field,snake_case,1,lib,lib\storage\generalOverheadStorage.js,lib\storage\generalOverheadStorage.js,44,object_key,
general-overheads,vehicle_running_costs,object_field,snake_case,1,hooks,hooks\useGeneralOverheads.js,hooks\useGeneralOverheads.js,147,quoted_object_key,
general-overheads,vehicle_tyres_cost_annual,object_field,snake_case,1,lib,lib\storage\generalOverheadStorage.js,lib\storage\generalOverheadStorage.js,48,object_key,
general-overheads,vehicles_running,object_field,snake_case,1,components,components\general-overheads\GeneralOverheadReclassificationSection.jsx,components\general-overheads\GeneralOverheadReclassificationSection.jsx,23,quoted_object_key,
labour,active_staff,output_contract_field,snake_case,8,hooks | lib,hooks\useCostSummary.js | lib\calculations\cost-allocation\costAllocationLabourAdapter.js | lib\calculations\cost-allocation\costAllocationValidation.js | lib\calculations\costAllocationRules.js | lib\selectors\costSummarySelectors.js,hooks\useCostSummary.js,199,declaration | object_key | snake_case_reference,multiple_roles_detected | appears_in_multiple_files | downstream_contract_candidate
labour,all_labour_type_rows,output_contract_field,snake_case,1,hooks,hooks\useCostAllocation.js,hooks\useCostAllocation.js,83,declaration,downstream_contract_candidate
labour,build_active_labour_rate_model_for_calculation,output_contract_field,snake_case,1,hooks,hooks\rate-builder\useRateBuilderLabourRates.js,hooks\rate-builder\useRateBuilderLabourRates.js,22,snake_case_reference,downstream_contract_candidate
labour,build_all_labour_type_rows,output_contract_field,snake_case,2,hooks | lib,hooks\useCostAllocation.js | lib\calculations\cost-allocation\costAllocationLabourAdapter.js,hooks\useCostAllocation.js,84,snake_case_reference,appears_in_multiple_files | downstream_contract_candidate
labour,build_cost_allocation_output_contract,output_contract_field,snake_case,3,hooks | lib,hooks\rate-builder\useRateBuilderLabourRates.js | lib\selectors\rate-builder\rateBuilderLabourModelSelectors.js,hooks\rate-builder\useRateBuilderLabourRates.js,23,snake_case_reference,appears_in_multiple_files | downstream_contract_candidate
labour,build_labour_rate_result_metrics,output_contract_field,snake_case,1,hooks,hooks\rate-builder\useRateBuilderLabourRates.js,hooks\rate-builder\useRateBuilderLabourRates.js,24,snake_case_reference,downstream_contract_candidate
labour,build_labour_type_rows_by_class,output_contract_field,snake_case,3,lib,lib\calculations\cost-allocation\costAllocationLabourAdapter.js,lib\calculations\cost-allocation\costAllocationLabourAdapter.js,158,snake_case_reference,downstream_contract_candidate
labour,build_productive_labour_type_rows,output_contract_field,snake_case,3,hooks | lib,hooks\useCostAllocation.js | lib\calculations\cost-allocation\costAllocationLabourAdapter.js,hooks\useCostAllocation.js,76,snake_case_reference,appears_in_multiple_files | downstream_contract_candidate
labour,build_support_labour_type_rows,output_contract_field,snake_case,3,hooks | lib,hooks\useCostAllocation.js | lib\calculations\cost-allocation\costAllocationLabourAdapter.js,hooks\useCostAllocation.js,80,snake_case_reference,appears_in_multiple_files | downstream_contract_candidate
labour,cost_allocation,output_contract_field,snake_case,5,hooks | lib,hooks\rate-builder\useRateBuilderLabourRates.js | lib\selectors\rate-builder\rateBuilderLabourModelSelectors.js,hooks\rate-builder\useRateBuilderLabourRates.js,60,snake_case_reference,appears_in_multiple_files | downstream_contract_candidate
labour,cost_allocation_output_contract,output_contract_field,snake_case,3,hooks,hooks\rate-builder\useRateBuilderLabourRates.js,hooks\rate-builder\useRateBuilderLabourRates.js,59,declaration | snake_case_reference,downstream_contract_candidate
labour,expected_labour_margin_percent,output_contract_field,snake_case,2,lib,lib\selectors\quickStartSelectors.js | lib\storage\quickStartStorage.js,lib\selectors\quickStartSelectors.js,77,object_key | snake_case_reference,multiple_roles_detected | appears_in_multiple_files | downstream_contract_candidate
labour,get_nested_value,output_contract_field,snake_case,1,lib,lib\selectors\rate-builder\rateBuilderLabourSourceSelectors.js,lib\selectors\rate-builder\rateBuilderLabourSourceSelectors.js,34,snake_case_reference,downstream_contract_candidate
labour,is_labour_based,output_contract_field,snake_case,20,app | components | hooks | lib,app\business-summary\page.jsx | components\business-summary\BusinessSummaryCard.jsx | components\business-summary\BusinessSummaryHierarchyBuilder.js | hooks\useBusinessSummary.js | hooks\useRecoverySummary.js | hooks\useRevenueReality.js | lib\calculations\businessSummaryCalculations.js | lib\calculations\recoverySummaryCalculations.js | lib\calculations\revenueRealityCalculations.js | lib\selectors\businessSummarySelectors.js | lib\selectors\recoverySummarySelectors.js,app\business-summary\page.jsx,101,declaration | object_key | snake_case_reference,multiple_roles_detected | appears_in_multiple_files | downstream_contract_candidate
labour,is_labour_reality,output_contract_field,snake_case,6,components | lib,components\quick-start\QuickStartMainCard.jsx | lib\selectors\quickStartSelectors.js,components\quick-start\QuickStartMainCard.jsx,321,declaration | snake_case_reference,multiple_roles_detected | appears_in_multiple_files | downstream_contract_candidate
labour,labour,output_contract_field,plain,4,app | hooks,app\cost-summary\page.jsx | hooks\useBusinessSummary.js | hooks\useQuoteEngine.js | hooks\useRecoverySummary.js,app\cost-summary\page.jsx,15,object_key,multiple_roles_detected | appears_in_multiple_files | downstream_contract_candidate
labour,labour_based,output_contract_field,snake_case,2,hooks | lib,hooks\useRevenueReality.js | lib\calculations\recoverySummaryCalculations.js,hooks\useRevenueReality.js,37,snake_case_reference,multiple_roles_detected | appears_in_multiple_files | downstream_contract_candidate
labour,labour_benchmark_total,output_contract_field,snake_case,2,lib,lib\reconciliation\reconciliationRules.js,lib\reconciliation\reconciliationRules.js,207,declaration | snake_case_reference,downstream_contract_candidate
labour,labour_data,output_contract_field,snake_case,1,hooks,hooks\useCostSummary.js,hooks\useCostSummary.js,198,snake_case_reference,downstream_contract_candidate
labour,labour_hours,output_contract_field,snake_case,2,lib,lib\selectors\quickStartSelectors.js | lib\storage\quickStartStorage.js,lib\selectors\quickStartSelectors.js,60,object_key | snake_case_reference,multiple_roles_detected | appears_in_multiple_files | downstream_contract_candidate
labour,labour_output,output_contract_field,snake_case,3,components | hooks,components\model-readiness\ModelReadinessAuditPanel.jsx | hooks\rate-builder\useRateBuilderLabourRates.js,components\model-readiness\ModelReadinessAuditPanel.jsx,35,declaration | snake_case_reference,appears_in_multiple_files | downstream_contract_candidate
labour,labour_output_contract,output_contract_field,snake_case,35,hooks | lib,hooks\useCostSummary.js | hooks\useQuoteEngine.js | hooks\useRevenueReality.js | lib\calculations\cost-allocation\costAllocationLabourAdapter.js | lib\calculations\quoteEngineCalculations.js | lib\reconciliation\moduleReconciliation.js | lib\reconciliation\reconciliationRules.js,hooks\useCostSummary.js,22,declaration | object_key | snake_case_reference,appears_in_multiple_files | downstream_contract_candidate
labour,labour_outputs,output_contract_field,snake_case,7,hooks | lib,hooks\useRecoverySummary.js | lib\reconciliation\moduleReconciliation.js | lib\reconciliation\reconciliationRules.js,hooks\useRecoverySummary.js,32,declaration | snake_case_reference,appears_in_multiple_files | downstream_contract_candidate
labour,labour_pct,output_contract_field,snake_case,1,lib,lib\selectors\quickStartSelectors.js,lib\selectors\quickStartSelectors.js,136,object_key,downstream_contract_candidate
labour,labour_profiles,output_contract_field,snake_case,1,hooks,hooks\useEmployeeOverheads.js,hooks\useEmployeeOverheads.js,274,snake_case_reference,downstream_contract_candidate
labour,labour_rate,output_contract_field,snake_case,9,components | lib,components\labour\ScenarioModelCard.jsx | lib\calculations\quickStartCalculations.js | lib\selectors\labour\labourStatusSelectors.js | lib\selectors\quickStartSelectors.js | lib\storage\labourRateRealityCheckStorage.js | lib\storage\labourStorage.js | lib\storage\quickStartStorage.js,components\labour\ScenarioModelCard.jsx,65,object_key | snake_case_reference,multiple_roles_detected | appears_in_multiple_files | downstream_contract_candidate
labour,labour_rate_reality_check,output_contract_field,snake_case,1,lib,lib\selectors\quickStartSelectors.js,lib\selectors\quickStartSelectors.js,20,snake_case_reference,downstream_contract_candidate
labour,labour_ready,output_contract_field,snake_case,21,app | components | lib,app\dev\model-readiness\page.jsx | app\model-readiness\page.jsx | components\labour\LabourCompactWorkspaceCard.jsx | components\labour\LabourStatusStrip.jsx | lib\reconciliation\reconciliationRules.js | lib\selectors\labour\labourOutputContractSelectors.js | lib\selectors\labour\labourStatusSelectors.js,app\dev\model-readiness\page.jsx,79,declaration | object_key | snake_case_reference,multiple_roles_detected | appears_in_multiple_files | downstream_contract_candidate
labour,labour_status,output_contract_field,snake_case,29,components | lib,components\labour\LabourCompactWorkspaceCard.jsx | components\labour\LabourStatusStrip.jsx | lib\reconciliation\moduleReconciliation.js | lib\reconciliation\reconciliationRules.js | lib\selectors\labour\labourStatusSelectors.js | lib\selectors\rate-builder\rateBuilderLabourSourceSelectors.js,components\labour\LabourCompactWorkspaceCard.jsx,101,declaration | object_key | snake_case_reference,multiple_roles_detected | appears_in_multiple_files | downstream_contract_candidate
labour,labour_value,output_contract_field,snake_case,1,lib,lib\selectors\quickStartSelectors.js,lib\selectors\quickStartSelectors.js,132,object_key,downstream_contract_candidate
labour,output_contract,output_contract_field,snake_case,14,components | hooks | lib,components\labour\LabourCompactWorkspaceCard.jsx | hooks\useLabour.js | lib\selectors\rate-builder\rateBuilderLabourModelSelectors.js | lib\selectors\rate-builder\rateBuilderLabourSourceSelectors.js,components\labour\LabourCompactWorkspaceCard.jsx,293,output_contract_reference,appears_in_multiple_files | downstream_contract_candidate
labour,productive_hours,output_contract_field,snake_case,3,hooks | lib,hooks\cost-allocation\useCostAllocationGroupRecoveryRows.js | lib\reconciliation\reconciliationRules.js | lib\selectors\labour\labourStatusSelectors.js,hooks\cost-allocation\useCostAllocationGroupRecoveryRows.js,128,object_key | snake_case_reference,multiple_roles_detected | appears_in_multiple_files | downstream_contract_candidate
labour,productive_labour_cost_rate,output_contract_field,snake_case,2,lib,lib\calculations\quoteEngineCalculations.js,lib\calculations\quoteEngineCalculations.js,80,declaration | snake_case_reference,downstream_contract_candidate
labour,productive_labour_type_rows,output_contract_field,snake_case,1,hooks,hooks\useCostAllocation.js,hooks\useCostAllocation.js,75,declaration,downstream_contract_candidate
labour,productive_labour_types,output_contract_field,snake_case,3,hooks,hooks\useCostSummary.js,hooks\useCostSummary.js,202,object_key | snake_case_reference,downstream_contract_candidate
labour,productive_rows,output_contract_field,snake_case,1,lib,lib\calculations\cost-allocation\costAllocationLabourAdapter.js,lib\calculations\cost-allocation\costAllocationLabourAdapter.js,230,declaration,downstream_contract_candidate
labour,productive_staff_type_rate_warnings,output_contract_field,snake_case,10,components | lib,components\labour\LabourCompactWorkspaceCard.jsx | components\labour\ProductiveStaffTypeRatesPanel.jsx | lib\calculations\labourCalculations.js | lib\selectors\labour\labourOutputContractSelectors.js,components\labour\LabourCompactWorkspaceCard.jsx,310,declaration | object_key | warning_id,multiple_roles_detected | appears_in_multiple_files | downstream_contract_candidate
labour,productive_staff_type_rates,output_contract_field,snake_case,8,components | hooks | lib,components\labour\LabourCompactWorkspaceCard.jsx | components\labour\ProductiveStaffTypeRatesPanel.jsx | hooks\cost-allocation\useCostAllocationAssignmentCards.js | lib\calculations\labourCalculations.js | lib\selectors\labour\labourOutputContractSelectors.js,components\labour\LabourCompactWorkspaceCard.jsx,292,object_key | snake_case_reference,multiple_roles_detected | appears_in_multiple_files | downstream_contract_candidate
labour,profile_rows,output_contract_field,snake_case,1,hooks,hooks\useLabour.js,hooks\useLabour.js,258,snake_case_reference,downstream_contract_candidate
labour,rate_builder_labour_recovery_rows,output_contract_field,snake_case,5,hooks | lib,hooks\useCostAllocation.js | lib\selectors\rate-builder\rateBuilderLabourSourceSelectors.js,hooks\useCostAllocation.js,465,object_key | snake_case_reference,multiple_roles_detected | appears_in_multiple_files | downstream_contract_candidate
labour,recovery_plan,output_contract_field,snake_case,3,lib,lib\selectors\rate-builder\rateBuilderLabourModelSelectors.js | lib\selectors\rate-builder\rateBuilderLabourSourceSelectors.js,lib\selectors\rate-builder\rateBuilderLabourModelSelectors.js,8,object_key | snake_case_reference,appears_in_multiple_files | downstream_contract_candidate
labour,required_labour_burden_rate,output_contract_field,snake_case,3,app | hooks,app\business-summary\page.jsx | hooks\useBusinessSummary.js,app\business-summary\page.jsx,66,object_key | snake_case_reference,multiple_roles_detected | appears_in_multiple_files | downstream_contract_candidate
labour,required_labour_class,output_contract_field,snake_case,1,lib,lib\calculations\cost-allocation\costAllocationLabourAdapter.js,lib\calculations\cost-allocation\costAllocationLabourAdapter.js,160,snake_case_reference,downstream_contract_candidate
labour,safe_array,output_contract_field,snake_case,1,lib,lib\calculations\cost-allocation\costAllocationLabourAdapter.js,lib\calculations\cost-allocation\costAllocationLabourAdapter.js,162,snake_case_reference,downstream_contract_candidate
labour,staff_rows,output_contract_field,snake_case,1,lib,lib\calculations\cost-allocation\costAllocationLabourAdapter.js,lib\calculations\cost-allocation\costAllocationLabourAdapter.js,164,snake_case_reference,downstream_contract_candidate
labour,support_labour_type_rows,output_contract_field,snake_case,1,hooks,hooks\useCostAllocation.js,hooks\useCostAllocation.js,79,declaration,downstream_contract_candidate
labour,support_rows,output_contract_field,snake_case,1,lib,lib\calculations\cost-allocation\costAllocationLabourAdapter.js,lib\calculations\cost-allocation\costAllocationLabourAdapter.js,234,declaration,downstream_contract_candidate
labour,total_labour_cost_annual,output_contract_field,snake_case,15,hooks | lib,hooks\cost-allocation\useCostAllocationGroupRecoveryRows.js | hooks\useCostSummary.js | hooks\useRevenueReality.js | lib\calculations\revenueRealityCalculations.js | lib\reconciliation\reconciliationRules.js | lib\selectors\costSummarySelectors.js | lib\selectors\labour\labourStatusSelectors.js,hooks\cost-allocation\useCostAllocationGroupRecoveryRows.js,129,declaration | object_key | snake_case_reference,multiple_roles_detected | appears_in_multiple_files | downstream_contract_candidate
labour,total_productive_labour_cost,output_contract_field,snake_case,2,components,components\labour\LabourCompactWorkspaceCard.jsx,components\labour\LabourCompactWorkspaceCard.jsx,304,snake_case_reference,downstream_contract_candidate
labour,total_productive_labour_hours,output_contract_field,snake_case,2,components,components\labour\LabourCompactWorkspaceCard.jsx,components\labour\LabourCompactWorkspaceCard.jsx,301,snake_case_reference,downstream_contract_candidate
labour,total_productive_output,output_contract_field,snake_case,13,hooks | lib,hooks\useBusinessModelling.js | hooks\useBusinessSummary.js | lib\calculations\quoteEngineCalculations.js | lib\reconciliation\reconciliationRules.js | lib\selectors\costSummarySelectors.js,hooks\useBusinessModelling.js,109,declaration | object_key | snake_case_reference,appears_in_multiple_files | downstream_contract_candidate
labour,total_productive_paid_hours,output_contract_field,snake_case,3,components,components\labour\LabourCompactWorkspaceCard.jsx | components\labour\ProductiveStaffTypeRatesPanel.jsx,components\labour\LabourCompactWorkspaceCard.jsx,307,snake_case_reference,multiple_roles_detected | appears_in_multiple_files | downstream_contract_candidate
labour,total_staff_recovery_hours,output_contract_field,snake_case,3,hooks | lib,hooks\useBusinessSummary.js | lib\selectors\costSummarySelectors.js,hooks\useBusinessSummary.js,225,declaration | object_key | snake_case_reference,appears_in_multiple_files | downstream_contract_candidate
labour,weighted_all_productive_labour_rate,output_contract_field,snake_case,2,components,components\labour\LabourCompactWorkspaceCard.jsx,components\labour\LabourCompactWorkspaceCard.jsx,295,snake_case_reference,downstream_contract_candidate
labour,weighted_all_productive_productivity_percent,output_contract_field,snake_case,2,components,components\labour\LabourCompactWorkspaceCard.jsx,components\labour\LabourCompactWorkspaceCard.jsx,298,snake_case_reference,downstream_contract_candidate
labour,labour_assignment,consumed_field,snake_case,2,hooks,hooks\cost-allocation\useCostAllocationAssignmentCards.js | hooks\useCostAllocation.js,hooks\cost-allocation\useCostAllocationAssignmentCards.js,298,destructured_name | object_key,multiple_roles_detected | appears_in_multiple_files | consumed_from_upstream
labour,labour_unit_label,consumed_field,snake_case,7,components | hooks | lib,components\rate-builder\RateBuilderLabourWeightedSummaryCard.jsx | hooks\rate-builder\useRateBuilderLabourRates.js | lib\actions\rate-builder\rateBuilderLabourRateModelActions.js | lib\storage\rateBuilderLabourRatesStorage.js,components\rate-builder\RateBuilderLabourWeightedSummaryCard.jsx,7,destructured_name | object_key,multiple_roles_detected | appears_in_multiple_files | consumed_from_upstream
labour,name,consumed_field,plain,1,components,components\labour-rate-reality-check\LabourRateRealityCheckMainCard.jsx,components\labour-rate-reality-check\LabourRateRealityCheckMainCard.jsx,56,destructured_name,consumed_from_upstream
labour,weighted_summary,consumed_field,snake_case,1,components,components\rate-builder\RateBuilderLabourWeightedSummaryCard.jsx,components\rate-builder\RateBuilderLabourWeightedSummaryCard.jsx,7,destructured_name,consumed_from_upstream
labour,decision_status,status_field,snake_case,5,components | lib,components\labour\LabourSummaryCard.jsx | lib\selectors\labour\labourSummarySelectors.js,components\labour\LabourSummaryCard.jsx,200,declaration | snake_case_reference,appears_in_multiple_files
labour,get_labour_decision_status,status_field,snake_case,2,lib,lib\selectors\labour\labourSummarySelectors.js,lib\selectors\labour\labourSummarySelectors.js,13,snake_case_reference,
labour,get_staff_type_rate_status,status_field,snake_case,2,lib,lib\calculations\labourCalculations.js,lib\calculations\labourCalculations.js,41,snake_case_reference,
labour,labour_pool_status,status_field,snake_case,8,hooks | lib,hooks\cost-allocation\useCostAllocationAssignmentCards.js | lib\calculations\cost-allocation\costAllocationPoolBuilders.js | lib\calculations\costAllocationRules.js | lib\selectors\cost-allocation\costAllocationCardSections.js,hooks\cost-allocation\useCostAllocationAssignmentCards.js,162,object_key | snake_case_reference,appears_in_multiple_files
labour,labour_recovery_status,status_field,snake_case,13,components | hooks | lib,components\recovery-summary\RecoverySummaryMainCard.jsx | components\recovery-summary\RecoverySummaryStatusStrip.jsx | components\recovery-summary\main-card\RecoverySupportingEvidenceDetail.jsx | hooks\useRecoverySummary.js | lib\calculations\recoverySummaryCalculations.js | lib\selectors\recoverySummarySelectors.js,components\recovery-summary\RecoverySummaryMainCard.jsx,68,declaration | object_key | snake_case_reference,appears_in_multiple_files
labour,labour_source_rate_save_status,status_field,snake_case,5,components | hooks,components\rate-builder\RateBuilderLabourRatesInputCard.jsx | hooks\rate-builder\useRateBuilderLabourRates.js,components\rate-builder\RateBuilderLabourRatesInputCard.jsx,9,array_destructured_name | snake_case_reference,appears_in_multiple_files
labour,rate_status,status_field,snake_case,20,components | lib,components\labour\ProductiveStaffTypeRatesPanel.jsx | components\rate-builder\RateBuilderLabourRatesResultPanel.jsx | lib\calculations\labourCalculations.js | lib\selectors\rate-builder\rateBuilderLabourSourceSelectors.js,components\labour\ProductiveStaffTypeRatesPanel.jsx,27,object_key | snake_case_reference,appears_in_multiple_files
labour,set_labour_source_rate_save_status,status_field,snake_case,10,hooks | lib,hooks\rate-builder\useRateBuilderLabourRates.js | lib\actions\rate-builder\rateBuilderLabourRateModelActions.js,hooks\rate-builder\useRateBuilderLabourRates.js,56,array_destructured_name | snake_case_reference,appears_in_multiple_files
labour,status,status_field,plain,3,app | hooks,app\labour-rate-reality-check\page.jsx | hooks\useLabour.js | hooks\useLabourRateRealityCheck.js,app\labour-rate-reality-check\page.jsx,9,declaration | destructured_name,appears_in_multiple_files
labour,labour_model_trust_state,trust_state_field,snake_case,1,lib,lib\selectors\rate-builder\rateBuilderLabourSourceSelectors.js,lib\selectors\rate-builder\rateBuilderLabourSourceSelectors.js,194,snake_case_reference,
labour,Ready,readiness_field,PascalCase,2,components | lib,components\labour\LabourStatusStrip.jsx | lib\selectors\labourRateRealityCheckSelectors.js,components\labour\LabourStatusStrip.jsx,58,quoted_object_key,appears_in_multiple_files
labour,cost_ready,readiness_field,snake_case,1,lib,lib\selectors\labour\labourDriverSelectors.js,lib\selectors\labour\labourDriverSelectors.js,113,snake_case_reference,
labour,has_asset_without_labour_driver_group,readiness_field,snake_case,4,lib,lib\calculations\cost-allocation\costAllocationWarnings.js | lib\calculations\costAllocationRules.js,lib\calculations\cost-allocation\costAllocationWarnings.js,23,declaration | snake_case_reference,appears_in_multiple_files
labour,has_breakdown,readiness_field,snake_case,8,components,components\labour\LabourSummaryCard.jsx,components\labour\LabourSummaryCard.jsx,80,declaration | snake_case_reference,
labour,has_child_rows,readiness_field,snake_case,7,components,components\labour\LabourSummaryCard.jsx,components\labour\LabourSummaryCard.jsx,24,declaration | snake_case_reference,
labour,has_days_per_week,readiness_field,snake_case,2,lib,lib\selectors\labourRateRealityCheckSelectors.js,lib\selectors\labourRateRealityCheckSelectors.js,28,declaration | snake_case_reference,
labour,has_decision_rows,readiness_field,snake_case,2,components,components\labour\LabourSummaryCard.jsx,components\labour\LabourSummaryCard.jsx,208,declaration | snake_case_reference,
labour,has_hourly_rate,readiness_field,snake_case,2,lib,lib\selectors\labourRateRealityCheckSelectors.js,lib\selectors\labourRateRealityCheckSelectors.js,26,declaration | snake_case_reference,
labour,has_hours_per_week,readiness_field,snake_case,2,lib,lib\selectors\labourRateRealityCheckSelectors.js,lib\selectors\labourRateRealityCheckSelectors.js,27,declaration | snake_case_reference,
labour,has_labour_data,readiness_field,snake_case,3,lib,lib\selectors\costSummarySelectors.js,lib\selectors\costSummarySelectors.js,133,declaration | snake_case_reference,
labour,has_labour_rate,readiness_field,snake_case,1,hooks,hooks\cost-allocation\useCostAllocationGroupRecoveryRows.js,hooks\cost-allocation\useCostAllocationGroupRecoveryRows.js,236,object_key,
labour,has_labour_rate_context,readiness_field,snake_case,2,components,components\rate-builder\RateBuilderLineCalculator.jsx,components\rate-builder\RateBuilderLineCalculator.jsx,206,declaration | snake_case_reference,
labour,has_labour_recovery_base,readiness_field,snake_case,5,lib,lib\calculations\recoverySummaryCalculations.js,lib\calculations\recoverySummaryCalculations.js,140,declaration | snake_case_reference,
labour,has_labour_without_productive_capacity_group,readiness_field,snake_case,4,lib,lib\calculations\cost-allocation\costAllocationWarnings.js | lib\calculations\costAllocationRules.js,lib\calculations\cost-allocation\costAllocationWarnings.js,24,declaration | snake_case_reference,appears_in_multiple_files
labour,has_low_staff_coverage,readiness_field,snake_case,5,lib,lib\calculations\cost-allocation\costAllocationWarnings.js | lib\calculations\costAllocationRules.js,lib\calculations\cost-allocation\costAllocationWarnings.js,13,declaration | snake_case_reference,appears_in_multiple_files
labour,has_no_labour_cost,readiness_field,snake_case,4,lib,lib\calculations\cost-allocation\costAllocationWarnings.js | lib\calculations\costAllocationRules.js,lib\calculations\cost-allocation\costAllocationWarnings.js,20,declaration | snake_case_reference,appears_in_multiple_files
labour,has_no_productive_labour_driver,readiness_field,snake_case,4,lib,lib\calculations\cost-allocation\costAllocationWarnings.js | lib\calculations\costAllocationRules.js,lib\calculations\cost-allocation\costAllocationWarnings.js,21,declaration | snake_case_reference,appears_in_multiple_files
labour,has_positive_number,readiness_field,snake_case,5,lib,lib\selectors\labour\labourFormatters.js | lib\selectors\labour\labourStatusSelectors.js,lib\selectors\labour\labourFormatters.js,25,snake_case_reference,appears_in_multiple_files
labour,has_productive_labour,readiness_field,snake_case,3,lib,lib\calculations\cost-allocation\costAllocationValidation.js,lib\calculations\cost-allocation\costAllocationValidation.js,196,declaration | snake_case_reference,
labour,has_profile,readiness_field,snake_case,43,components | hooks | lib,components\labour\CommercialCard.jsx | components\labour\EntitlementsCard.jsx | components\labour\LabourCompactWorkspaceCard.jsx | components\labour\LabourFlowCard.jsx | components\labour\LabourInsightsRow.jsx | components\labour\LabourProfileCard.jsx | components\labour\LabourSummaryCard.jsx | components\labour\PayCard.jsx | components\labour\ProfileLockNotice.jsx | components\labour\SavedProfilesCard.jsx | components\labour\ScenarioModelCard.jsx | components\labour\WorkingPatternCard.jsx | hooks\useLabour.js | lib\selectors\labour\labourDriverSelectors.js,components\labour\CommercialCard.jsx,5,declaration | snake_case_reference,appears_in_multiple_files
labour,has_rate,readiness_field,snake_case,3,lib,lib\selectors\rate-builder\rateBuilderLabourRateSummarySelectors.js,lib\selectors\rate-builder\rateBuilderLabourRateSummarySelectors.js,52,declaration | snake_case_reference,
labour,has_sections,readiness_field,snake_case,2,components,components\labour\LabourSummaryCard.jsx,components\labour\LabourSummaryCard.jsx,207,declaration | snake_case_reference,
labour,has_staff_type_rates,readiness_field,snake_case,2,components,components\labour\ProductiveStaffTypeRatesPanel.jsx,components\labour\ProductiveStaffTypeRatesPanel.jsx,64,declaration | snake_case_reference,
labour,has_value,readiness_field,snake_case,6,lib,lib\selectors\labour\labourFormatters.js | lib\selectors\labour\labourStatusSelectors.js,lib\selectors\labour\labourFormatters.js,21,snake_case_reference,appears_in_multiple_files
labour,is_active,readiness_field,snake_case,25,components | hooks | lib,components\cost-allocation\groups\CostAllocationGroupLabourBuilder.jsx | components\labour\LabourCompactWorkspaceCard.jsx | components\labour\LabourProfileCard.jsx | components\labour\SavedProfilesCard.jsx | hooks\useLabour.js | lib\calculations\cost-allocation\costAllocationLabourAdapter.js | lib\calculations\labourCalculations.js | lib\storage\labourProfileStorage.js | lib\storage\labourStorage.js,components\cost-allocation\groups\CostAllocationGroupLabourBuilder.jsx,76,declaration | object_key | snake_case_reference,appears_in_multiple_files
labour,is_all_productive_summary,readiness_field,snake_case,24,components | hooks | lib,components\rate-builder\RateBuilderLabourRatesInputCard.jsx | components\rate-builder\RateBuilderLabourRatesResultPanel.jsx | hooks\rate-builder\useRateBuilderLabourRates.js | lib\actions\rate-builder\rateBuilderLabourRateModelActions.js | lib\selectors\rate-builder\rateBuilderLabourModelSelectors.js,components\rate-builder\RateBuilderLabourRatesInputCard.jsx,6,declaration | snake_case_reference,appears_in_multiple_files
labour,is_creating_staff_type,readiness_field,snake_case,2,components,components\labour\LabourProfileCard.jsx,components\labour\LabourProfileCard.jsx,19,array_destructured_name | snake_case_reference,
labour,is_current,readiness_field,snake_case,2,components | lib,components\labour\SavedProfilesCard.jsx | lib\selectors\labour\labourProfileSelectors.js,components\labour\SavedProfilesCard.jsx,86,object_key | snake_case_reference,appears_in_multiple_files
labour,is_derived_summary,readiness_field,snake_case,3,lib,lib\selectors\rate-builder\rateBuilderLabourSourceSelectors.js,lib\selectors\rate-builder\rateBuilderLabourSourceSelectors.js,217,object_key,
labour,is_fully_allocated,readiness_field,snake_case,3,components,components\cost-allocation\groups\CostAllocationGroupLabourBuilder.jsx,components\cost-allocation\groups\CostAllocationGroupLabourBuilder.jsx,233,declaration | snake_case_reference,
labour,is_labour_driver,readiness_field,snake_case,2,hooks,hooks\cost-allocation\useCostAllocationGroupRecoveryRows.js,hooks\cost-allocation\useCostAllocationGroupRecoveryRows.js,134,object_key | snake_case_reference,
labour,is_labour_recovery_clean,readiness_field,snake_case,2,lib,lib\selectors\recoverySummarySelectors.js,lib\selectors\recoverySummarySelectors.js,233,snake_case_reference,
labour,is_open,readiness_field,snake_case,12,components,components\labour-rate-reality-check\LabourRateRealityCheckHelpPanel.jsx | components\labour\LabourHelpPanel.jsx | components\labour\LabourSummaryCard.jsx,components\labour-rate-reality-check\LabourRateRealityCheckHelpPanel.jsx,6,array_destructured_name | snake_case_reference,appears_in_multiple_files
labour,is_primary,readiness_field,snake_case,2,components,components\labour\LabourSummaryCard.jsx,components\labour\LabourSummaryCard.jsx,79,declaration | snake_case_reference,
labour,is_productive,readiness_field,snake_case,5,hooks | lib,hooks\useLabour.js | lib\calculations\cost-allocation\costAllocationLabourAdapter.js | lib\calculations\labourCalculations.js,hooks\useLabour.js,78,object_key | snake_case_reference,appears_in_multiple_files
labour,is_productive_labour_row,readiness_field,snake_case,2,hooks,hooks\cost-allocation\useCostAllocationAssignmentCards.js,hooks\cost-allocation\useCostAllocationAssignmentCards.js,49,snake_case_reference,
labour,is_productive_staff,readiness_field,snake_case,2,lib,lib\calculations\cost-allocation\costAllocationLabourAdapter.js,lib\calculations\cost-allocation\costAllocationLabourAdapter.js,17,snake_case_reference,
labour,is_ready,readiness_field,snake_case,2,components | lib,components\labour\LabourCompactWorkspaceCard.jsx | lib\selectors\labour\labourStatusSelectors.js,components\labour\LabourCompactWorkspaceCard.jsx,100,object_key | snake_case_reference,appears_in_multiple_files
labour,is_spacer,readiness_field,snake_case,1,components,components\labour\LabourSummaryCard.jsx,components\labour\LabourSummaryCard.jsx,15,snake_case_reference,
labour,is_system_type,readiness_field,snake_case,13,lib,lib\storage\labourProfileStorage.js | lib\storage\labourStorage.js,lib\storage\labourProfileStorage.js,183,object_key | snake_case_reference,appears_in_multiple_files
labour,is_total,readiness_field,snake_case,19,components | lib,components\labour\LabourCompactWorkspaceCard.jsx | components\labour\LabourFlowCard.jsx | components\labour\LabourSummaryCard.jsx | lib\selectors\labour\labourSummarySelectors.js,components\labour\LabourCompactWorkspaceCard.jsx,41,object_key | snake_case_reference,appears_in_multiple_files
labour,is_unmatched,readiness_field,snake_case,1,components,components\cost-allocation\groups\CostAllocationGroupLabourBuilder.jsx,components\cost-allocation\groups\CostAllocationGroupLabourBuilder.jsx,360,snake_case_reference,
labour,build_productive_staff_type_rate_warnings,warnings_field,snake_case,2,lib,lib\calculations\labourCalculations.js,lib\calculations\labourCalculations.js,61,warning_id,
labour,has_warnings,warnings_field,snake_case,2,components,components\labour\ProductiveStaffTypeRatesPanel.jsx,components\labour\ProductiveStaffTypeRatesPanel.jsx,65,declaration | warning_id,
labour,labour_warnings,warnings_field,snake_case,1,lib,lib\selectors\labour\labourOutputContractSelectors.js,lib\selectors\labour\labourOutputContractSelectors.js,230,object_key,
labour,warnings,warnings_field,plain,4,components | lib,components\labour\LabourCompactWorkspaceCard.jsx | lib\calculations\labourCalculations.js | lib\selectors\labourRateRealityCheckSelectors.js | lib\selectors\labour\labourStatusSelectors.js,components\labour\LabourCompactWorkspaceCard.jsx,204,declaration | object_key,appears_in_multiple_files
labour,active_asset_labour_links,warning_id,snake_case,1,lib,lib\calculations\costAllocationRules.js,lib\calculations\costAllocationRules.js,95,snake_case_reference,
labour,active_labour_profiles,warning_id,snake_case,1,lib,lib\selectors\employeeOverheadSelectors.js,lib\selectors\employeeOverheadSelectors.js,20,snake_case_reference,
labour,body,warning_id,plain,4,components,components\labour\LabourCompactWorkspaceCard.jsx,components\labour\LabourCompactWorkspaceCard.jsx,360,object_key,multiple_roles_detected
labour,build_duplicated_labour_rate_model_payload,warning_id,snake_case,3,lib,lib\actions\rate-builder\rateBuilderLabourRateModelActions.js | lib\selectors\rate-builder\rateBuilderLabourModelSelectors.js,lib\actions\rate-builder\rateBuilderLabourRateModelActions.js,5,warning_id,appears_in_multiple_files
labour,current_rate_gap_to_minimum,warning_id,snake_case,7,components | lib,components\rate-builder\RateBuilderLabourRatesResultPanel.jsx | lib\selectors\rate-builder\rateBuilderLabourModelSelectors.js,components\rate-builder\RateBuilderLabourRatesResultPanel.jsx,17,declaration | warning_id,appears_in_multiple_files
labour,detail_rows,warning_id,snake_case,1,components,components\labour-rate-reality-check\LabourRateRealityCheckMainCard.jsx,components\labour-rate-reality-check\LabourRateRealityCheckMainCard.jsx,51,snake_case_reference,
labour,estimated_labour_below_model,warning_id,snake_case,1,lib,lib\selectors\quoteEngineSelectors.js,lib\selectors\quoteEngineSelectors.js,107,snake_case_reference,
labour,estimated_labour_cost_total,warning_id,snake_case,5,hooks | lib,hooks\useQuoteEngine.js | lib\selectors\quoteEngineSelectors.js | lib\storage\quoteEngineStorage.js,hooks\useQuoteEngine.js,301,object_key | snake_case_reference,multiple_roles_detected | appears_in_multiple_files
labour,get_labour_variance_note,warning_id,snake_case,2,lib,lib\calculations\revenueSummaryCalculations.js,lib\calculations\revenueSummaryCalculations.js,14,warning_id,
labour,get_review_value,warning_id,snake_case,2,components,components\labour\LabourCompactWorkspaceCard.jsx,components\labour\LabourCompactWorkspaceCard.jsx,106,warning_id,
labour,grouped_staff_ids,warning_id,snake_case,1,lib,lib\calculations\cost-allocation\costAllocationValidation.js,lib\calculations\cost-allocation\costAllocationValidation.js,80,snake_case_reference,
labour,handle_duplicate_model,warning_id,snake_case,3,components | hooks,components\rate-builder\RateBuilderLabourRatesSetupCard.jsx | hooks\rate-builder\useRateBuilderLabourRates.js,components\rate-builder\RateBuilderLabourRatesSetupCard.jsx,51,warning_id,appears_in_multiple_files
labour,hours_per_week,warning_id,snake_case,3,lib,lib\selectors\labour\labourStatusSelectors.js | lib\storage\labourRateRealityCheckStorage.js | lib\storage\labourStorage.js,lib\selectors\labour\labourStatusSelectors.js,65,object_key | snake_case_reference,multiple_roles_detected | appears_in_multiple_files
labour,inputs_enabled,warning_id,snake_case,1,lib,lib\selectors\labour\labourStatusSelectors.js,lib\selectors\labour\labourStatusSelectors.js,61,snake_case_reference,
labour,invalid_zero_productive_hours,warning_id,snake_case,3,components | lib,components\labour\ProductiveStaffTypeRatesPanel.jsx | lib\calculations\labourCalculations.js,components\labour\ProductiveStaffTypeRatesPanel.jsx,32,warning_id,appears_in_multiple_files
labour,labour_class,warning_id,snake_case,5,hooks | lib,hooks\cost-allocation\useCostAllocationGroupRecoveryRows.js | hooks\useCostAllocation.js | hooks\useLabour.js | lib\selectors\labour\labourStatusSelectors.js | lib\storage\labourStorage.js,hooks\cost-allocation\useCostAllocationGroupRecoveryRows.js,127,object_key | snake_case_reference,multiple_roles_detected | appears_in_multiple_files
labour,labour_consumes_most_margin,warning_id,snake_case,1,lib,lib\calculations\revenueRealityCalculations.js,lib\calculations\revenueRealityCalculations.js,77,snake_case_reference,
labour,labour_consumption_percent,warning_id,snake_case,1,lib,lib\calculations\revenueRealityCalculations.js,lib\calculations\revenueRealityCalculations.js,74,snake_case_reference,
labour,labour_cost_variance,warning_id,snake_case,6,lib,lib\calculations\quoteEngineCalculations.js | lib\selectors\quoteEngineSelectors.js,lib\calculations\quoteEngineCalculations.js,87,declaration | object_key | warning_id,appears_in_multiple_files
labour,labour_exceeds_margin,warning_id,snake_case,1,lib,lib\calculations\revenueRealityCalculations.js,lib\calculations\revenueRealityCalculations.js,68,snake_case_reference,
labour,labour_hours_is_zero,warning_id,snake_case,3,lib,lib\selectors\quoteEngineSelectors.js,lib\selectors\quoteEngineSelectors.js,42,declaration | warning_id,
labour,labour_model_variance,warning_id,snake_case,5,components | lib,components\model-readiness\ModelReadinessAuditPanel.jsx | lib\audit\buildLiveAuditSnapshotExport.js,components\model-readiness\ModelReadinessAuditPanel.jsx,185,object_key | warning_id,appears_in_multiple_files
labour,labour_only,warning_id,snake_case,1,lib,lib\calculations\cost-allocation\costAllocationInputBuilder.js,lib\calculations\cost-allocation\costAllocationInputBuilder.js,48,snake_case_reference,
labour,labour_pool_over_allocated,warning_id,snake_case,1,lib,lib\calculations\costAllocationRules.js,lib\calculations\costAllocationRules.js,260,snake_case_reference,
labour,labour_recovery_base_missing,warning_id,snake_case,1,lib,lib\calculations\recoverySummaryCalculations.js,lib\calculations\recoverySummaryCalculations.js,291,warning_id,
labour,labour_recovery_clean,warning_id,snake_case,3,lib,lib\recovery\recoveryRiskWarningSystem.js,lib\recovery\recoveryRiskWarningSystem.js,427,snake_case_reference,
labour,labour_recovery_gap,warning_id,snake_case,4,hooks | lib,hooks\useRecoverySummary.js | lib\calculations\recoverySummaryCalculations.js | lib\selectors\recoverySummarySelectors.js,hooks\useRecoverySummary.js,129,declaration | object_key | warning_id,appears_in_multiple_files
labour,labour_recovery_without_labour,warning_id,snake_case,1,lib,lib\calculations\recoverySummaryCalculations.js,lib\calculations\recoverySummaryCalculations.js,828,snake_case_reference,
labour,labour_share_without_productive_output,warning_id,snake_case,2,components | lib,components\recovery-summary\recoverySummaryWarningDetails.js | lib\calculations\recoverySummaryCalculations.js,components\recovery-summary\recoverySummaryWarningDetails.js,179,object_key | snake_case_reference,appears_in_multiple_files
labour,labour_shortfall_against_margin,warning_id,snake_case,4,hooks | lib,hooks\useRevenueReality.js | lib\calculations\revenueRealityCalculations.js,hooks\useRevenueReality.js,77,declaration | object_key | warning_id,appears_in_multiple_files
labour,labour_variance,warning_id,snake_case,15,components | lib,components\business-summary\BusinessSummaryMacroPositionCard.jsx | components\revenue-summary\RevenueSummaryMainCard.jsx | lib\calculations\revenueSummaryCalculations.js | lib\selectors\revenueSummarySelectors.js,components\business-summary\BusinessSummaryMacroPositionCard.jsx,175,declaration | object_key | warning_id,appears_in_multiple_files
labour,labour_variance_amount,warning_id,snake_case,5,lib,lib\selectors\labour\labourStatusSelectors.js,lib\selectors\labour\labourStatusSelectors.js,19,declaration | object_key | warning_id,
labour,labour_variance_amount_label,warning_id,snake_case,4,components | lib,components\labour\LabourCompactWorkspaceCard.jsx | components\labour\LabourStatusStrip.jsx | lib\selectors\labour\labourStatusSelectors.js,components\labour\LabourCompactWorkspaceCard.jsx,241,object_key | warning_id,appears_in_multiple_files
labour,labour_variance_note,warning_id,snake_case,4,components | lib,components\revenue-summary\RevenueSummaryMainCard.jsx | lib\calculations\revenueSummaryCalculations.js | lib\selectors\revenueSummarySelectors.js,components\revenue-summary\RevenueSummaryMainCard.jsx,79,object_key | warning_id,appears_in_multiple_files
labour,labour_variance_percent,warning_id,snake_case,11,components | lib,components\revenue-summary\RevenueSummaryMainCard.jsx | lib\calculations\revenueSummaryCalculations.js | lib\selectors\labour\labourStatusSelectors.js | lib\selectors\revenueSummarySelectors.js,components\revenue-summary\RevenueSummaryMainCard.jsx,78,declaration | object_key | warning_id,appears_in_multiple_files
labour,labour_variance_percent_label,warning_id,snake_case,4,components | lib,components\labour\LabourCompactWorkspaceCard.jsx | components\labour\LabourStatusStrip.jsx | lib\selectors\labour\labourStatusSelectors.js,components\labour\LabourCompactWorkspaceCard.jsx,245,object_key | warning_id,appears_in_multiple_files
labour,linked_staff_ids,warning_id,snake_case,1,lib,lib\calculations\cost-allocation\costAllocationValidation.js,lib\calculations\cost-allocation\costAllocationValidation.js,72,snake_case_reference,
labour,low_productive_labour_coverage,warning_id,snake_case,1,lib,lib\calculations\cost-allocation\costAllocationWarnings.js,lib\calculations\cost-allocation\costAllocationWarnings.js,99,snake_case_reference,
labour,margin_gap,warning_id,snake_case,2,lib,lib\calculations\labourCalculations.js,lib\calculations\labourCalculations.js,404,declaration | warning_id,
labour,message,warning_id,plain,4,lib,lib\calculations\labourCalculations.js,lib\calculations\labourCalculations.js,71,object_key,
labour,missing_inputs,warning_id,snake_case,2,lib,lib\selectors\labourRateRealityCheckSelectors.js,lib\selectors\labourRateRealityCheckSelectors.js,40,snake_case_reference,
labour,missing_labour_cost,warning_id,snake_case,4,components | lib,components\recovery-summary\RecoverySummaryStatusStrip.jsx | components\recovery-summary\main-card\RecoverySupportingEvidenceDetail.jsx | lib\calculations\recoverySummaryCalculations.js | lib\calculations\revenueRealityCalculations.js,components\recovery-summary\RecoverySummaryStatusStrip.jsx,13,object_key | snake_case_reference,multiple_roles_detected | appears_in_multiple_files
labour,missing_staff_ids,warning_id,snake_case,1,lib,lib\calculations\cost-allocation\costAllocationValidation.js,lib\calculations\cost-allocation\costAllocationValidation.js,150,snake_case_reference,
labour,no_estimated_labour_cost,warning_id,snake_case,1,lib,lib\selectors\quoteEngineSelectors.js,lib\selectors\quoteEngineSelectors.js,88,snake_case_reference,
labour,no_labour_cost_available,warning_id,snake_case,1,lib,lib\calculations\cost-allocation\costAllocationWarnings.js,lib\calculations\cost-allocation\costAllocationWarnings.js,72,snake_case_reference,
labour,no_labour_hours,warning_id,snake_case,1,lib,lib\selectors\quoteEngineSelectors.js,lib\selectors\quoteEngineSelectors.js,80,snake_case_reference,
labour,no_productive_labour_driver_available,warning_id,snake_case,1,lib,lib\calculations\cost-allocation\costAllocationWarnings.js,lib\calculations\cost-allocation\costAllocationWarnings.js,81,snake_case_reference,
labour,operating_group_asset_without_labour_driver,warning_id,snake_case,1,lib,lib\calculations\cost-allocation\costAllocationWarnings.js,lib\calculations\cost-allocation\costAllocationWarnings.js,171,snake_case_reference,
labour,operating_group_labour_without_productive_capacity,warning_id,snake_case,1,lib,lib\calculations\cost-allocation\costAllocationWarnings.js,lib\calculations\cost-allocation\costAllocationWarnings.js,180,snake_case_reference,
labour,other_review_required,warning_id,snake_case,1,lib,lib\storage\labourStorage.js,lib\storage\labourStorage.js,75,warning_id,
labour,productive_labour_pool_over_allocated,warning_id,snake_case,1,lib,lib\calculations\costAllocationRules.js,lib\calculations\costAllocationRules.js,262,snake_case_reference,
labour,productive_staff_type_rate_outputs,warning_id,snake_case,2,lib,lib\selectors\labour\labourOutputContractSelectors.js,lib\selectors\labour\labourOutputContractSelectors.js,106,snake_case_reference,
labour,productive_staff_type_unassigned,warning_id,snake_case,1,lib,lib\calculations\labourCalculations.js,lib\calculations\labourCalculations.js,86,snake_case_reference,
labour,productive_staff_type_zero_cost,warning_id,snake_case,1,lib,lib\calculations\labourCalculations.js,lib\calculations\labourCalculations.js,78,warning_id,
labour,productive_staff_type_zero_hours,warning_id,snake_case,1,lib,lib\calculations\labourCalculations.js,lib\calculations\labourCalculations.js,70,warning_id,
labour,productivity_percent,warning_id,snake_case,4,components | lib,components\labour\ScenarioModelCard.jsx | lib\selectors\labour\labourStatusSelectors.js | lib\storage\labourStorage.js,components\labour\ScenarioModelCard.jsx,67,object_key | snake_case_reference,multiple_roles_detected | appears_in_multiple_files
labour,rate_gap,warning_id,snake_case,3,lib,lib\calculations\rateBuilderLabourRateCalculations.js,lib\calculations\rateBuilderLabourRateCalculations.js,60,declaration | object_key | warning_id,
labour,readiness_label,warning_id,snake_case,3,components | lib,components\labour-rate-reality-check\LabourRateRealityCheckStatusStrip.jsx | lib\selectors\labourRateRealityCheckSelectors.js,components\labour-rate-reality-check\LabourRateRealityCheckStatusStrip.jsx,5,object_key | snake_case_reference,appears_in_multiple_files
labour,review_unassigned_staff_type,warning_id,snake_case,1,lib,lib\calculations\labourCalculations.js,lib\calculations\labourCalculations.js,84,snake_case_reference,
labour,review_zero_cost,warning_id,snake_case,3,components | lib,components\labour\ProductiveStaffTypeRatesPanel.jsx | lib\calculations\labourCalculations.js,components\labour\ProductiveStaffTypeRatesPanel.jsx,36,warning_id,appears_in_multiple_files
labour,scenario_total_productive_output,warning_id,snake_case,3,hooks | lib,hooks\useBusinessModelling.js | lib\calculations\businessModellingCalculations.js,hooks\useBusinessModelling.js,196,object_key | snake_case_reference,multiple_roles_detected | appears_in_multiple_files
labour,selected_staff_id,warning_id,snake_case,2,lib,lib\selectors\employeeOverheadSelectors.js,lib\selectors\employeeOverheadSelectors.js,24,snake_case_reference,
labour,soft_warning,warning_id,snake_case,3,components | lib,components\labour-rate-reality-check\LabourRateRealityCheckMainCard.jsx | lib\selectors\labourRateRealityCheckSelectors.js,components\labour-rate-reality-check\LabourRateRealityCheckMainCard.jsx,52,object_key | warning_id,appears_in_multiple_files
labour,staff_id,warning_id,snake_case,10,hooks | lib,hooks\cost-allocation\useCostAllocationGroupRecoveryRows.js | hooks\useEmployeeOverheads.js | hooks\useLabour.js | lib\calculations\cost-allocation\costAllocationValidation.js | lib\storage\labourStorage.js,hooks\cost-allocation\useCostAllocationGroupRecoveryRows.js,116,object_key | snake_case_reference,multiple_roles_detected | appears_in_multiple_files
labour,staff_name,warning_id,snake_case,8,hooks | lib,hooks\cost-allocation\useCostAllocationGroupRecoveryRows.js | hooks\useEmployeeOverheads.js | hooks\useLabour.js | lib\calculations\cost-allocation\costAllocationValidation.js | lib\selectors\labour\labourStatusSelectors.js | lib\storage\labourStorage.js,hooks\cost-allocation\useCostAllocationGroupRecoveryRows.js,120,object_key | snake_case_reference,multiple_roles_detected | appears_in_multiple_files
labour,staff_requirement_met,warning_id,snake_case,1,lib,lib\calculations\cost-allocation\costAllocationValidation.js,lib\calculations\cost-allocation\costAllocationValidation.js,147,snake_case_reference,
labour,staff_role,warning_id,snake_case,6,hooks | lib,hooks\cost-allocation\useCostAllocationGroupRecoveryRows.js | hooks\useEmployeeOverheads.js | hooks\useLabour.js | lib\selectors\labour\labourStatusSelectors.js | lib\storage\labourStorage.js,hooks\cost-allocation\useCostAllocationGroupRecoveryRows.js,126,object_key | snake_case_reference,multiple_roles_detected | appears_in_multiple_files
labour,staff_type_name,warning_id,snake_case,16,components | hooks | lib,components\labour\ProductiveStaffTypeRatesPanel.jsx | hooks\useLabour.js | lib\calculations\labourCalculations.js | lib\storage\labourProfileStorage.js | lib\storage\labourStorage.js,components\labour\ProductiveStaffTypeRatesPanel.jsx,143,object_key | snake_case_reference,multiple_roles_detected | appears_in_multiple_files
labour,stress_tested_margin_after_labour,warning_id,snake_case,1,components,components\revenue-reality\RevenueRealityStatusStrip.jsx,components\revenue-reality\RevenueRealityStatusStrip.jsx,17,snake_case_reference,
labour,summary,warning_id,plain,1,lib,lib\selectors\labourRateRealityCheckSelectors.js,lib\selectors\labourRateRealityCheckSelectors.js,42,object_key,
labour,to_number,warning_id,snake_case,1,components,components\labour\LabourCompactWorkspaceCard.jsx,components\labour\LabourCompactWorkspaceCard.jsx,107,snake_case_reference,
labour,total_productive_hours_zero,warning_id,snake_case,1,lib,lib\calculations\labourCalculations.js,lib\calculations\labourCalculations.js,99,warning_id,
labour,unassigned_productive_review,warning_id,snake_case,2,lib,lib\calculations\labourCalculations.js,lib\calculations\labourCalculations.js,46,warning_id,
labour,warning_count,warning_id,snake_case,9,components | lib,components\labour-rate-reality-check\LabourRateRealityCheckStatusStrip.jsx | components\labour\LabourCompactWorkspaceCard.jsx | components\labour\LabourStatusStrip.jsx | lib\selectors\labourRateRealityCheckSelectors.js | lib\selectors\labour\labourStatusSelectors.js,components\labour-rate-reality-check\LabourRateRealityCheckStatusStrip.jsx,6,declaration | object_key | snake_case_reference,appears_in_multiple_files
labour,warning_key,warning_id,snake_case,5,components | lib,components\labour\ProductiveStaffTypeRatesPanel.jsx | lib\calculations\labourCalculations.js,components\labour\ProductiveStaffTypeRatesPanel.jsx,143,object_key | snake_case_reference,appears_in_multiple_files
labour,Active,object_field,PascalCase,1,components,components\labour\SavedProfilesCard.jsx,components\labour\SavedProfilesCard.jsx,106,quoted_object_key,
labour,Example,object_field,PascalCase,3,components,components\cost-allocation\groups\CostAllocationGroupLabourBuilder.jsx,components\cost-allocation\groups\CostAllocationGroupLabourBuilder.jsx,275,object_key,
labour,Hide,object_field,PascalCase,3,components,components\labour-rate-reality-check\LabourRateRealityCheckHelpPanel.jsx | components\labour\LabourSummaryCard.jsx,components\labour-rate-reality-check\LabourRateRealityCheckHelpPanel.jsx,23,quoted_object_key,appears_in_multiple_files
labour,Leak,object_field,PascalCase,1,components,components\rate-builder\RateBuilderLabourRatesResultPanel.jsx,components\rate-builder\RateBuilderLabourRatesResultPanel.jsx,91,object_key,
labour,Max,object_field,PascalCase,2,components,components\cost-allocation\groups\CostAllocationGroupLabourBuilder.jsx,components\cost-allocation\groups\CostAllocationGroupLabourBuilder.jsx,274,object_key,
labour,Status,object_field,PascalCase,1,components,components\rate-builder\RateBuilderLabourRatesResultPanel.jsx,components\rate-builder\RateBuilderLabourRatesResultPanel.jsx,38,object_key,
labour,Surplus,object_field,PascalCase,1,components,components\rate-builder\RateBuilderLabourRatesResultPanel.jsx,components\rate-builder\RateBuilderLabourRatesResultPanel.jsx,88,object_key,
labour,Updated,object_field,PascalCase,1,components,components\labour\SavedProfilesCard.jsx,components\labour\SavedProfilesCard.jsx,99,object_key,
labour,acc_bic_code,object_field,snake_case,1,lib,lib\storage\labourStorage.js,lib\storage\labourStorage.js,111,object_key,
labour,acc_bic_description,object_field,snake_case,1,lib,lib\storage\labourStorage.js,lib\storage\labourStorage.js,112,object_key,
labour,acc_cu_code,object_field,snake_case,1,lib,lib\storage\labourStorage.js,lib\storage\labourStorage.js,113,object_key,
labour,acc_cu_description,object_field,snake_case,1,lib,lib\storage\labourStorage.js,lib\storage\labourStorage.js,114,object_key,
labour,acc_enabled,object_field,snake_case,1,lib,lib\storage\labourStorage.js,lib\storage\labourStorage.js,110,object_key,
labour,acc_manual_override_enabled,object_field,snake_case,1,lib,lib\storage\labourStorage.js,lib\storage\labourStorage.js,116,object_key,
labour,acc_manual_rate,object_field,snake_case,1,lib,lib\storage\labourStorage.js,lib\storage\labourStorage.js,117,object_key,
labour,acc_rate,object_field,snake_case,1,lib,lib\storage\labourStorage.js,lib\storage\labourStorage.js,115,object_key,
labour,actions,object_field,plain,1,hooks,hooks\rate-builder\useRateBuilderLabourRates.js,hooks\rate-builder\useRateBuilderLabourRates.js,233,object_key,
labour,allocated_business_overhead_recovery_rate,object_field,snake_case,1,lib,lib\actions\rate-builder\rateBuilderLabourRateModelActions.js,lib\actions\rate-builder\rateBuilderLabourRateModelActions.js,184,object_key,
labour,annual_leave_weeks,object_field,snake_case,1,lib,lib\storage\labourStorage.js,lib\storage\labourStorage.js,102,object_key,
labour,asset_labour_link_id,object_field,snake_case,1,lib,lib\storage\costAllocationStorage.js,lib\storage\costAllocationStorage.js,78,object_key,
labour,asset_labour_links,object_field,snake_case,6,lib,lib\storage\costAllocationProfileStorage.js | lib\storage\costAllocationStorage.js,lib\storage\costAllocationProfileStorage.js,63,object_key,appears_in_multiple_files
labour,assigned_labour_cost,object_field,snake_case,3,components | hooks,components\cost-allocation\CostAllocationGroupsCard.jsx | components\cost-allocation\divisions\CostAllocationDivisionCard.jsx | hooks\cost-allocation\useCostAllocationAssignmentCards.js,components\cost-allocation\CostAllocationGroupsCard.jsx,83,object_key,appears_in_multiple_files
labour,assigned_labour_hours,object_field,snake_case,2,components | hooks,components\cost-allocation\CostAllocationGroupsCard.jsx | hooks\cost-allocation\useCostAllocationAssignmentCards.js,components\cost-allocation\CostAllocationGroupsCard.jsx,84,object_key,appears_in_multiple_files
labour,assigned_staff_count,object_field,snake_case,2,components | hooks,components\cost-allocation\groups\CostAllocationGroupLabourBuilder.jsx | hooks\useCostAllocation.js,components\cost-allocation\groups\CostAllocationGroupLabourBuilder.jsx,187,object_key,appears_in_multiple_files
labour,assignment_percent,object_field,snake_case,1,components,components\cost-allocation\groups\CostAllocationGroupLabourBuilder.jsx,components\cost-allocation\groups\CostAllocationGroupLabourBuilder.jsx,188,object_key,
labour,available_labour_cost,object_field,snake_case,1,hooks,hooks\cost-allocation\useCostAllocationAssignmentCards.js,hooks\cost-allocation\useCostAllocationAssignmentCards.js,149,object_key,
labour,available_labour_hours,object_field,snake_case,1,hooks,hooks\cost-allocation\useCostAllocationAssignmentCards.js,hooks\cost-allocation\useCostAllocationAssignmentCards.js,150,object_key,
labour,background,object_field,plain,2,components,components\labour-rate-reality-check\LabourRateRealityCheckMainCard.jsx,components\labour-rate-reality-check\LabourRateRealityCheckMainCard.jsx,22,object_key,
labour,base_labour_hours_allowed,object_field,snake_case,4,hooks | lib,hooks\useQuoteEngine.js | lib\storage\quoteEngineStorage.js,hooks\useQuoteEngine.js,307,object_key,appears_in_multiple_files
labour,bereavement_days,object_field,snake_case,1,lib,lib\storage\labourStorage.js,lib\storage\labourStorage.js,105,object_key,
labour,borderRadius,object_field,camelCase,2,components,components\labour-rate-reality-check\LabourRateRealityCheckMainCard.jsx,components\labour-rate-reality-check\LabourRateRealityCheckMainCard.jsx,21,object_key,
labour,button,object_field,plain,1,components,components\labour\LabourSummaryCard.jsx,components\labour\LabourSummaryCard.jsx,91,quoted_object_key,
labour,change_reason,object_field,snake_case,3,lib,lib\storage\labourProfileStorage.js | lib\storage\labourStorage.js,lib\storage\labourProfileStorage.js,62,object_key,appears_in_multiple_files
labour,charge_out_rate,object_field,snake_case,3,components | lib,components\labour\ScenarioModelCard.jsx | lib\storage\labourStorage.js,components\labour\ScenarioModelCard.jsx,66,object_key,appears_in_multiple_files
labour,charge_out_rates_by_labour_source,object_field,snake_case,3,lib,lib\actions\rate-builder\rateBuilderLabourRateModelActions.js,lib\actions\rate-builder\rateBuilderLabourRateModelActions.js,79,object_key,
labour,cog,object_field,plain,1,hooks,hooks\useLabour.js,hooks\useLabour.js,94,object_key,
labour,contributes_to_recovery_hours,object_field,snake_case,3,hooks | lib,hooks\useLabour.js | lib\storage\labourProfileStorage.js | lib\storage\labourStorage.js,hooks\useLabour.js,76,object_key,appears_in_multiple_files
labour,created_at,object_field,snake_case,17,lib,lib\storage\labourProfileStorage.js | lib\storage\labourStorage.js | lib\storage\rateBuilderLabourRatesStorage.js,lib\storage\labourProfileStorage.js,60,object_key,appears_in_multiple_files
labour,currency,object_field,plain,6,components,components\labour\EmployerContributionsCard.jsx | components\labour\LabourCompactWorkspaceCard.jsx | components\labour\LabourFlowCard.jsx | components\labour\LabourInsightsRow.jsx | components\labour\ProductiveStaffTypeRatesPanel.jsx | components\labour\ScenarioModelCard.jsx,components\labour\EmployerContributionsCard.jsx,10,object_key,appears_in_multiple_files
labour,current_charge_out_rate,object_field,snake_case,4,lib,lib\actions\rate-builder\rateBuilderLabourRateModelActions.js | lib\storage\rateBuilderLabourRatesStorage.js,lib\actions\rate-builder\rateBuilderLabourRateModelActions.js,78,object_key,appears_in_multiple_files
labour,cursor,object_field,plain,2,components,components\labour\LabourSummaryCard.jsx,components\labour\LabourSummaryCard.jsx,53,object_key,
labour,days_per_week,object_field,snake_case,2,lib,lib\storage\labourRateRealityCheckStorage.js | lib\storage\labourStorage.js,lib\storage\labourRateRealityCheckStorage.js,10,object_key,appears_in_multiple_files
labour,default_state,object_field,snake_case,1,hooks,hooks\useLabourRateRealityCheck.js,hooks\useLabourRateRealityCheck.js,47,object_key,
labour,delta_value,object_field,snake_case,4,components,components\labour\ScenarioModelCard.jsx,components\labour\ScenarioModelCard.jsx,28,object_key,
labour,effective_from,object_field,snake_case,2,lib,lib\storage\labourProfileStorage.js,lib\storage\labourProfileStorage.js,58,object_key,
labour,employee_kiwisaver_enabled,object_field,snake_case,1,lib,lib\storage\labourStorage.js,lib\storage\labourStorage.js,108,object_key,
labour,family_violence_days,object_field,snake_case,1,lib,lib\storage\labourStorage.js,lib\storage\labourStorage.js,106,object_key,
labour,fully_loaded_labour_rate,object_field,snake_case,1,lib,lib\actions\rate-builder\rateBuilderLabourRateModelActions.js,lib\actions\rate-builder\rateBuilderLabourRateModelActions.js,188,object_key,
labour,height,object_field,plain,2,components,components\labour-rate-reality-check\LabourRateRealityCheckMainCard.jsx,components\labour-rate-reality-check\LabourRateRealityCheckMainCard.jsx,20,object_key,
labour,helper,object_field,plain,1,components,components\labour\LabourCompactWorkspaceCard.jsx,components\labour\LabourCompactWorkspaceCard.jsx,212,object_key,
labour,included_labour_basis_label,object_field,snake_case,1,lib,lib\storage\squareMetreRateStorage.js,lib\storage\squareMetreRateStorage.js,15,object_key,
labour,key,object_field,plain,4,components,components\labour\ScenarioModelCard.jsx,components\labour\ScenarioModelCard.jsx,22,object_key,
labour,kicker,object_field,plain,4,components,components\labour\LabourCompactWorkspaceCard.jsx,components\labour\LabourCompactWorkspaceCard.jsx,358,object_key,
labour,labour_charge_out_rate,object_field,snake_case,4,hooks | lib,hooks\useQuoteEngine.js | lib\storage\quoteEngineStorage.js,hooks\useQuoteEngine.js,306,object_key,appears_in_multiple_files
labour,labour_charge_total,object_field,snake_case,2,hooks | lib,hooks\useQuoteEngine.js | lib\storage\quoteEngineStorage.js,hooks\useQuoteEngine.js,299,object_key,appears_in_multiple_files
labour,labour_cost_rate,object_field,snake_case,2,lib,lib\actions\rate-builder\rateBuilderLabourRateModelActions.js | lib\storage\rateBuilderLabourRatesStorage.js,lib\actions\rate-builder\rateBuilderLabourRateModelActions.js,168,object_key,appears_in_multiple_files
labour,labour_cost_total,object_field,snake_case,2,hooks | lib,hooks\useQuoteEngine.js | lib\storage\quoteEngineStorage.js,hooks\useQuoteEngine.js,298,object_key,appears_in_multiple_files
labour,labour_detail,object_field,snake_case,1,hooks,hooks\useCostSummary.js,hooks\useCostSummary.js,207,object_key,
labour,labour_group_assignment_id,object_field,snake_case,1,hooks,hooks\useCostAllocation.js,hooks\useCostAllocation.js,234,object_key,
labour,labour_group_assignments,object_field,snake_case,7,hooks | lib,hooks\cost-allocation\useCostAllocationAssignmentCards.js | hooks\cost-allocation\useCostAllocationOutputContract.js | hooks\useCostAllocation.js | lib\storage\costAllocationProfileStorage.js | lib\storage\costAllocationStorage.js,hooks\cost-allocation\useCostAllocationAssignmentCards.js,146,object_key,appears_in_multiple_files
labour,labour_group_id,object_field,snake_case,1,components,components\cost-allocation\groups\CostAllocationGroupLabourBuilder.jsx,components\cost-allocation\groups\CostAllocationGroupLabourBuilder.jsx,227,object_key,
labour,labour_group_name,object_field,snake_case,3,lib,lib\actions\rate-builder\rateBuilderLabourRateModelActions.js | lib\storage\rateBuilderLabourRatesStorage.js,lib\actions\rate-builder\rateBuilderLabourRateModelActions.js,167,object_key,appears_in_multiple_files
labour,labour_hourly_cost_rate,object_field,snake_case,2,hooks | lib,hooks\useQuoteEngine.js | lib\storage\quoteEngineStorage.js,hooks\useQuoteEngine.js,297,object_key,appears_in_multiple_files
labour,labour_hours_adjustment,object_field,snake_case,1,hooks,hooks\useQuoteEngine.js,hooks\useQuoteEngine.js,123,object_key,
labour,labour_hours_allowed,object_field,snake_case,2,hooks | lib,hooks\useQuoteEngine.js | lib\storage\quoteEngineStorage.js,hooks\useQuoteEngine.js,296,object_key,appears_in_multiple_files
labour,labour_rate_model_id,object_field,snake_case,2,lib,lib\storage\rateBuilderLabourRatesStorage.js,lib\storage\rateBuilderLabourRatesStorage.js,4,object_key,
labour,labour_rate_model_name,object_field,snake_case,2,lib,lib\storage\rateBuilderLabourRatesStorage.js,lib\storage\rateBuilderLabourRatesStorage.js,5,object_key,
labour,labour_sell_total,object_field,snake_case,4,hooks | lib,hooks\useQuoteEngine.js | lib\storage\quoteEngineStorage.js,hooks\useQuoteEngine.js,305,object_key,appears_in_multiple_files
labour,labour_share_percent,object_field,snake_case,3,hooks | lib,hooks\useRecoverySummary.js | lib\storage\recoverySummaryStorage.js,hooks\useRecoverySummary.js,53,object_key,appears_in_multiple_files
labour,labour_source_kind,object_field,snake_case,4,lib,lib\actions\rate-builder\rateBuilderLabourRateModelActions.js | lib\storage\rateBuilderLabourRatesStorage.js,lib\actions\rate-builder\rateBuilderLabourRateModelActions.js,166,object_key,appears_in_multiple_files
labour,labour_source_type_id,object_field,snake_case,4,lib,lib\actions\rate-builder\rateBuilderLabourRateModelActions.js | lib\storage\rateBuilderLabourRatesStorage.js,lib\actions\rate-builder\rateBuilderLabourRateModelActions.js,164,object_key,appears_in_multiple_files
labour,labour_source_type_name,object_field,snake_case,4,lib,lib\actions\rate-builder\rateBuilderLabourRateModelActions.js | lib\storage\rateBuilderLabourRatesStorage.js,lib\actions\rate-builder\rateBuilderLabourRateModelActions.js,165,object_key,appears_in_multiple_files
labour,labour_type_id,object_field,snake_case,1,hooks,hooks\useCostAllocation.js,hooks\useCostAllocation.js,237,object_key,
labour,labour_type_key,object_field,snake_case,3,hooks,hooks\cost-allocation\useCostAllocationGroupRecoveryRows.js | hooks\useCostAllocation.js,hooks\cost-allocation\useCostAllocationGroupRecoveryRows.js,123,object_key,appears_in_multiple_files
labour,labour_type_label,object_field,snake_case,3,hooks,hooks\cost-allocation\useCostAllocationGroupRecoveryRows.js | hooks\useCostAllocation.js,hooks\cost-allocation\useCostAllocationGroupRecoveryRows.js,124,object_key,appears_in_multiple_files
labour,live_value,object_field,snake_case,4,components,components\labour\ScenarioModelCard.jsx,components\labour\ScenarioModelCard.jsx,24,object_key,
labour,margin_target_percent,object_field,snake_case,3,components | lib,components\labour\ScenarioModelCard.jsx | lib\storage\labourStorage.js,components\labour\ScenarioModelCard.jsx,68,object_key,appears_in_multiple_files
labour,maximumFractionDigits,object_field,camelCase,11,components,components\labour\EmployerContributionsCard.jsx | components\labour\LabourCompactWorkspaceCard.jsx | components\labour\LabourFlowCard.jsx | components\labour\LabourInsightsRow.jsx | components\labour\ProductiveStaffTypeRatesPanel.jsx | components\labour\ScenarioModelCard.jsx,components\labour\EmployerContributionsCard.jsx,11,object_key,appears_in_multiple_files
labour,minimumFractionDigits,object_field,camelCase,10,components,components\labour\LabourCompactWorkspaceCard.jsx | components\labour\LabourFlowCard.jsx | components\labour\LabourInsightsRow.jsx | components\labour\ProductiveStaffTypeRatesPanel.jsx | components\labour\ScenarioModelCard.jsx,components\labour\LabourCompactWorkspaceCard.jsx,29,object_key,appears_in_multiple_files
labour,minimum_recoverable_charge_out_rate,object_field,snake_case,1,lib,lib\actions\rate-builder\rateBuilderLabourRateModelActions.js,lib\actions\rate-builder\rateBuilderLabourRateModelActions.js,186,object_key,
labour,net_profit,object_field,snake_case,1,hooks,hooks\useLabour.js,hooks\useLabour.js,95,object_key,
labour,non_labour_overheads,object_field,snake_case,1,hooks,hooks\useLabour.js,hooks\useLabour.js,96,object_key,
labour,non_productive_labour_pressure_rate,object_field,snake_case,1,lib,lib\actions\rate-builder\rateBuilderLabourRateModelActions.js,lib\actions\rate-builder\rateBuilderLabourRateModelActions.js,180,object_key,
labour,non_productive_labour_recovery_rate,object_field,snake_case,1,lib,lib\actions\rate-builder\rateBuilderLabourRateModelActions.js,lib\actions\rate-builder\rateBuilderLabourRateModelActions.js,182,object_key,
labour,notes,object_field,plain,3,lib,lib\storage\labourProfileStorage.js | lib\storage\labourStorage.js,lib\storage\labourProfileStorage.js,63,object_key,appears_in_multiple_files
labour,over_allocated_labour_cost,object_field,snake_case,2,hooks,hooks\cost-allocation\useCostAllocationAssignmentCards.js,hooks\cost-allocation\useCostAllocationAssignmentCards.js,105,object_key,
labour,over_allocated_labour_hours,object_field,snake_case,2,hooks,hooks\cost-allocation\useCostAllocationAssignmentCards.js,hooks\cost-allocation\useCostAllocationAssignmentCards.js,109,object_key,
labour,overflow,object_field,plain,1,components,components\labour-rate-reality-check\LabourRateRealityCheckMainCard.jsx,components\labour-rate-reality-check\LabourRateRealityCheckMainCard.jsx,23,object_key,
labour,padding,object_field,plain,1,components,components\labour-rate-reality-check\LabourRateRealityCheckMainCard.jsx,components\labour-rate-reality-check\LabourRateRealityCheckMainCard.jsx,15,object_key,
labour,productive_efficiency_percent,object_field,snake_case,5,lib,lib\actions\rate-builder\rateBuilderLabourRateModelActions.js | lib\storage\rateBuilderLabourRatesStorage.js,lib\actions\rate-builder\rateBuilderLabourRateModelActions.js,41,object_key,appears_in_multiple_files
labour,productive_labour_rows,object_field,snake_case,1,hooks,hooks\cost-allocation\useCostAllocationAssignmentCards.js,hooks\cost-allocation\useCostAllocationAssignmentCards.js,142,object_key,
labour,profile_id,object_field,snake_case,4,hooks | lib,hooks\useLabour.js | lib\storage\labourProfileStorage.js,hooks\useLabour.js,68,object_key,appears_in_multiple_files
labour,profile_version,object_field,snake_case,3,lib,lib\storage\labourProfileStorage.js,lib\storage\labourProfileStorage.js,57,object_key,
labour,public_holiday_days,object_field,snake_case,1,lib,lib\storage\labourStorage.js,lib\storage\labourStorage.js,103,object_key,
labour,rate,object_field,plain,2,components,components\labour\EmployerContributionsCard.jsx,components\labour\EmployerContributionsCard.jsx,156,object_key,
labour,recovery_allowance_rate,object_field,snake_case,5,lib,lib\actions\rate-builder\rateBuilderLabourRateModelActions.js | lib\storage\rateBuilderLabourRatesStorage.js,lib\actions\rate-builder\rateBuilderLabourRateModelActions.js,42,object_key,appears_in_multiple_files
labour,remaining_labour_cost,object_field,snake_case,2,hooks,hooks\cost-allocation\useCostAllocationAssignmentCards.js,hooks\cost-allocation\useCostAllocationAssignmentCards.js,97,object_key,
labour,remaining_labour_hours,object_field,snake_case,2,hooks,hooks\cost-allocation\useCostAllocationAssignmentCards.js,hooks\cost-allocation\useCostAllocationAssignmentCards.js,101,object_key,
labour,required_staff_count,object_field,snake_case,5,hooks | lib,hooks\cost-allocation\useCostAllocationGroupRecoveryRows.js | hooks\useCostAllocation.js | lib\storage\costAllocationStorage.js,hooks\cost-allocation\useCostAllocationGroupRecoveryRows.js,215,object_key,appears_in_multiple_files
labour,required_staff_ids,object_field,snake_case,4,hooks | lib,hooks\useCostAllocation.js | lib\storage\costAllocationStorage.js,hooks\useCostAllocation.js,184,object_key,appears_in_multiple_files
labour,revenue,object_field,plain,1,hooks,hooks\useLabour.js,hooks\useLabour.js,93,object_key,
labour,save_selected_labour_source_charge_out_rate,object_field,snake_case,1,hooks,hooks\rate-builder\useRateBuilderLabourRates.js,hooks\rate-builder\useRateBuilderLabourRates.js,237,object_key,
labour,saved_labour_source_rates,object_field,snake_case,1,lib,lib\actions\rate-builder\rateBuilderLabourRateModelActions.js,lib\actions\rate-builder\rateBuilderLabourRateModelActions.js,209,object_key,
labour,scenario_value,object_field,snake_case,4,components,components\labour\ScenarioModelCard.jsx,components\labour\ScenarioModelCard.jsx,25,object_key,
labour,selected_model_total_productive_output,object_field,snake_case,1,hooks,hooks\useBusinessModelling.js,hooks\useBusinessModelling.js,527,object_key,
labour,selected_staff_count,object_field,snake_case,1,hooks,hooks\cost-allocation\useCostAllocationGroupRecoveryRows.js,hooks\cost-allocation\useCostAllocationGroupRecoveryRows.js,216,object_key,
labour,sick_days,object_field,snake_case,1,lib,lib\storage\labourStorage.js,lib\storage\labourStorage.js,104,object_key,
labour,source_staff_ids,object_field,snake_case,1,hooks,hooks\cost-allocation\useCostAllocationGroupRecoveryRows.js,hooks\cost-allocation\useCostAllocationGroupRecoveryRows.js,133,object_key,
labour,staff_assigned,object_field,snake_case,1,lib,lib\storage\quickStartStorage.js,lib\storage\quickStartStorage.js,15,object_key,
labour,staff_names,object_field,snake_case,1,hooks,hooks\cost-allocation\useCostAllocationGroupRecoveryRows.js,hooks\cost-allocation\useCostAllocationGroupRecoveryRows.js,222,object_key,
labour,staff_overhead_item_id,object_field,snake_case,2,lib,lib\storage\employeeOverheadProfileStorage.js,lib\storage\employeeOverheadProfileStorage.js,67,object_key,
labour,staff_overheads,object_field,snake_case,1,hooks,hooks\useGeneralOverheads.js,hooks\useGeneralOverheads.js,133,quoted_object_key,
labour,staff_overheads_cost,object_field,snake_case,1,lib,lib\storage\generalOverheadStorage.js,lib\storage\generalOverheadStorage.js,38,object_key,
labour,staff_transport_allowance_annual,object_field,snake_case,1,lib,lib\storage\employeeOverheadProfileStorage.js,lib\storage\employeeOverheadProfileStorage.js,48,object_key,
labour,staff_type,object_field,snake_case,2,hooks,hooks\cost-allocation\useCostAllocationGroupRecoveryRows.js | hooks\useLabour.js,hooks\cost-allocation\useCostAllocationGroupRecoveryRows.js,125,object_key,appears_in_multiple_files
labour,staff_type_id,object_field,snake_case,13,components | hooks | lib,components\cost-allocation\groups\CostAllocationGroupLabourBuilder.jsx | hooks\useLabour.js | lib\storage\labourStorage.js,components\cost-allocation\groups\CostAllocationGroupLabourBuilder.jsx,186,object_key,appears_in_multiple_files
labour,staff_types,object_field,snake_case,1,lib,lib\storage\labourStorage.js,lib\storage\labourStorage.js,127,object_key,
labour,state,object_field,plain,3,hooks,hooks\useLabourRateRealityCheck.js,hooks\useLabourRateRealityCheck.js,27,object_key,
labour,subcontract_labour_cost,object_field,snake_case,1,lib,lib\storage\revenueSummaryStorage.js,lib\storage\revenueSummaryStorage.js,9,object_key,
labour,support_labour_rows,object_field,snake_case,1,hooks,hooks\cost-allocation\useCostAllocationAssignmentCards.js,hooks\cost-allocation\useCostAllocationAssignmentCards.js,143,object_key,
labour,target_labour_percent,object_field,snake_case,1,lib,lib\storage\revenueSummaryStorage.js,lib\storage\revenueSummaryStorage.js,21,object_key,
labour,target_margin_percent,object_field,snake_case,1,lib,lib\storage\rateBuilderLabourRatesStorage.js,lib\storage\rateBuilderLabourRatesStorage.js,17,object_key,
labour,total,object_field,plain,3,components,components\labour\LabourCompactWorkspaceCard.jsx | components\labour\LabourFlowCard.jsx | components\labour\LabourSummaryCard.jsx,components\labour\LabourCompactWorkspaceCard.jsx,43,quoted_object_key,appears_in_multiple_files
labour,update_active_model,object_field,snake_case,1,hooks,hooks\rate-builder\useRateBuilderLabourRates.js,hooks\rate-builder\useRateBuilderLabourRates.js,235,object_key,
labour,update_source_charge_out_rate,object_field,snake_case,1,hooks,hooks\rate-builder\useRateBuilderLabourRates.js,hooks\rate-builder\useRateBuilderLabourRates.js,236,object_key,
labour,updated_at,object_field,snake_case,21,lib,lib\actions\rate-builder\rateBuilderLabourRateModelActions.js | lib\storage\labourProfileStorage.js | lib\storage\labourStorage.js | lib\storage\rateBuilderLabourRatesStorage.js,lib\actions\rate-builder\rateBuilderLabourRateModelActions.js,43,object_key,appears_in_multiple_files
labour,width,object_field,plain,2,components,components\labour-rate-reality-check\LabourRateRealityCheckMainCard.jsx,components\labour-rate-reality-check\LabourRateRealityCheckMainCard.jsx,19,object_key,
layout-shared,is_active,readiness_field,snake_case,4,components,components\layout\SidebarNavigation.jsx,components\layout\SidebarNavigation.jsx,204,snake_case_reference,
layout-shared,is_in_setup_flow,readiness_field,snake_case,2,components,components\layout\SidebarNavigation.jsx,components\layout\SidebarNavigation.jsx,155,declaration | snake_case_reference,
layout-shared,is_locked,readiness_field,snake_case,2,components,components\layout\SidebarNavigation.jsx,components\layout\SidebarNavigation.jsx,169,declaration | snake_case_reference,
layout-shared,is_setup_route_locked,readiness_field,snake_case,2,components,components\layout\SidebarNavigation.jsx,components\layout\SidebarNavigation.jsx,154,snake_case_reference,
layout-shared,Hide,object_field,PascalCase,1,components,components\common\CollapsibleSection.jsx,components\common\CollapsibleSection.jsx,40,quoted_object_key,
layout-shared,hover,object_field,plain,1,components,components\layout\SidebarNavigation.jsx,components\layout\SidebarNavigation.jsx,150,object_key,
layout-shared,href,object_field,plain,19,components,components\layout\SidebarNavigation.jsx,components\layout\SidebarNavigation.jsx,12,object_key,
layout-shared,items,object_field,plain,5,components,components\layout\SidebarNavigation.jsx,components\layout\SidebarNavigation.jsx,11,object_key,
layout-shared,metadata,object_field,plain,1,app,app\layout.tsx,app\layout.tsx,17,object_key,
layout-shared,subsets,object_field,plain,2,app,app\layout.tsx,app\layout.tsx,9,object_key,
layout-shared,variable,object_field,plain,2,app,app\layout.tsx,app\layout.tsx,8,object_key,
model-readiness,model_readiness,output_contract_field,snake_case,15,app | hooks | lib,app\cost-summary\page.jsx | hooks\useBusinessSummary.js | hooks\useCostSummary.js | hooks\useQuoteEngine.js | hooks\useRecoverySummary.js | lib\selectors\costSummarySelectors.js,app\cost-summary\page.jsx,19,object_key | snake_case_reference,multiple_roles_detected | appears_in_multiple_files | downstream_contract_candidate
model-readiness,model_readiness_status,output_contract_field,snake_case,42,app | components | hooks | lib,app\business-summary\page.jsx | app\cost-summary\page.jsx | app\dev\model-readiness\page.jsx | app\model-readiness\page.jsx | app\quote-engine\page.jsx | components\cost-summary\CostSummaryStatusStrip.jsx | components\model-readiness\ModelReadinessAuditPanel.jsx | components\model-readiness\ModelReadinessStatusStrip.jsx | components\quote-engine\QuoteEngineStatusStrip.jsx | hooks\useBusinessSummary.js | hooks\useCostSummary.js | hooks\useQuoteEngine.js | lib\calculations\modelReadinessCalculations.js | lib\calculations\quoteEngineCalculations.js | lib\selectors\costSummarySelectors.js | lib\selectors\quoteEngineSelectors.js,app\business-summary\page.jsx,18,declaration | object_key | snake_case_reference,multiple_roles_detected | appears_in_multiple_files | downstream_contract_candidate
model-readiness,model_ready,output_contract_field,snake_case,34,app | components | hooks | lib,app\cost-summary\page.jsx | app\dev\model-readiness\page.jsx | app\model-readiness\page.jsx | app\quote-engine\page.jsx | components\cost-summary\CostSummaryStatusStrip.jsx | components\model-readiness\ModelReadinessAuditPanel.jsx | components\model-readiness\ModelReadinessStatusStrip.jsx | hooks\useBusinessSummary.js | hooks\useCostSummary.js | hooks\useQuoteEngine.js | lib\calculations\modelReadinessCalculations.js | lib\calculations\quoteEngineCalculations.js | lib\selectors\costSummarySelectors.js | lib\selectors\quoteEngineSelectors.js,app\cost-summary\page.jsx,26,declaration | object_key | snake_case_reference,multiple_roles_detected | appears_in_multiple_files | downstream_contract_candidate
model-readiness,model_trust_state,output_contract_field,snake_case,45,app | components | hooks | lib,app\business-modelling\page.jsx | app\quote-engine\page.jsx | components\business-modelling\BusinessModellingBaselineCard.jsx | components\quote-engine\QuoteEngineStatusStrip.jsx | hooks\useBusinessModelling.js | hooks\useBusinessSummary.js | hooks\useQuoteEngine.js | hooks\useRecoverySummary.js | lib\calculations\businessModellingCalculations.js | lib\calculations\cost-allocation\costAllocationInputBuilder.js | lib\calculations\quoteEngineCalculations.js | lib\calculations\recoveryOutcomeCalculations.js | lib\calculations\recoverySummaryCalculations.js | lib\selectors\businessModellingSelectors.js | lib\selectors\businessSummarySelectors.js | lib\selectors\quoteEngineSelectors.js | lib\selectors\recoveryOutcomeSelectors.js | lib\selectors\recoverySummarySelectors.js,app\business-modelling\page.jsx,77,declaration | object_key | snake_case_reference,multiple_roles_detected | appears_in_multiple_files | downstream_contract_candidate
model-readiness,output_contract,output_contract_field,snake_case,7,components,components\model-readiness\ModelReadinessAuditPanel.jsx,components\model-readiness\ModelReadinessAuditPanel.jsx,36,output_contract_reference,downstream_contract_candidate
model-readiness,quote_model_trust_state,output_contract_field,snake_case,6,hooks | lib,hooks\useQuoteEngine.js | lib\calculations\quoteEngineCalculations.js | lib\selectors\quoteEngineSelectors.js,hooks\useQuoteEngine.js,379,declaration | object_key | snake_case_reference,multiple_roles_detected | appears_in_multiple_files | downstream_contract_candidate
model-readiness,modules,consumed_field,plain,3,app | hooks,app\dev\model-readiness\page.jsx | app\model-readiness\page.jsx | hooks\useModelReadiness.js,app\dev\model-readiness\page.jsx,9,destructured_name,appears_in_multiple_files | consumed_from_upstream
model-readiness,download_status,status_field,snake_case,3,components,components\model-readiness\ModelReadinessAuditPanel.jsx,components\model-readiness\ModelReadinessAuditPanel.jsx,32,array_destructured_name | snake_case_reference,
model-readiness,set_download_status,status_field,snake_case,3,components,components\model-readiness\ModelReadinessAuditPanel.jsx,components\model-readiness\ModelReadinessAuditPanel.jsx,32,array_destructured_name | snake_case_reference,
model-readiness,status,status_field,plain,4,app | hooks,app\dev\model-readiness\page.jsx | app\model-readiness\page.jsx | hooks\useModelReadiness.js,app\dev\model-readiness\page.jsx,9,declaration | destructured_name,appears_in_multiple_files
model-readiness,opening_hours_model_trust_state,trust_state_field,snake_case,6,components | lib,components\opening-hours\OpeningHoursStatusStrip.jsx | lib\calculations\openingHoursCalculations.js | lib\selectors\openingHoursSelectors.js,components\opening-hours\OpeningHoursStatusStrip.jsx,4,declaration | object_key | snake_case_reference,appears_in_multiple_files
model-readiness,selected_model_trust_state,trust_state_field,snake_case,8,app | components | hooks | lib,app\business-modelling\page.jsx | components\business-modelling\BusinessModellingStatusStrip.jsx | hooks\useBusinessModelling.js | lib\selectors\businessModellingSelectors.js,app\business-modelling\page.jsx,56,declaration | object_key | snake_case_reference,appears_in_multiple_files
model-readiness,has_legacy_running_costs,readiness_field,snake_case,4,app,app\dev\model-readiness\page.jsx | app\model-readiness\page.jsx,app\dev\model-readiness\page.jsx,168,snake_case_reference,appears_in_multiple_files
model-readiness,blocking_modules,warning_id,snake_case,8,app | components | hooks | lib,app\cost-summary\page.jsx | app\model-readiness\page.jsx | components\cost-summary\CostSummaryStatusStrip.jsx | components\model-readiness\ModelReadinessAuditPanel.jsx | components\model-readiness\ModelReadinessStatusStrip.jsx | hooks\useCostSummary.js | lib\selectors\costSummarySelectors.js,app\cost-summary\page.jsx,28,object_key | snake_case_reference,appears_in_multiple_files
model-readiness,cost_of_sales_mapping_variance,warning_id,snake_case,3,components,components\model-readiness\ModelReadinessAuditPanel.jsx,components\model-readiness\ModelReadinessAuditPanel.jsx,215,object_key | warning_id,
model-readiness,depreciation_exclusion_variance,warning_id,snake_case,3,components,components\model-readiness\ModelReadinessAuditPanel.jsx,components\model-readiness\ModelReadinessAuditPanel.jsx,200,object_key | warning_id,
model-readiness,explained_variance,warning_id,snake_case,2,components,components\model-readiness\ModelReadinessAuditPanel.jsx,components\model-readiness\ModelReadinessAuditPanel.jsx,176,declaration | warning_id,
model-readiness,get_variance_level,warning_id,snake_case,2,components,components\model-readiness\ModelReadinessVarianceBreakdown.jsx,components\model-readiness\ModelReadinessVarianceBreakdown.jsx,29,warning_id,
model-readiness,get_variance_percent,warning_id,snake_case,3,components,components\model-readiness\ModelReadinessVarianceBreakdown.jsx,components\model-readiness\ModelReadinessVarianceBreakdown.jsx,19,warning_id,
model-readiness,model_readiness_input,warning_id,snake_case,4,hooks,hooks\useCostSummary.js,hooks\useCostSummary.js,82,snake_case_reference,
model-readiness,module_total_business_costs,warning_id,snake_case,1,components,components\model-readiness\ModelReadinessStatusStrip.jsx,components\model-readiness\ModelReadinessStatusStrip.jsx,57,snake_case_reference,
model-readiness,ready,warning_id,plain,1,lib,lib\calculations\modelReadinessCalculations.js,lib\calculations\modelReadinessCalculations.js,13,status_value,
model-readiness,rounding_variance,warning_id,snake_case,3,components,components\model-readiness\ModelReadinessAuditPanel.jsx,components\model-readiness\ModelReadinessAuditPanel.jsx,225,object_key | warning_id,
model-readiness,status_message,warning_id,snake_case,1,components,components\model-readiness\ModelReadinessStatusStrip.jsx,components\model-readiness\ModelReadinessStatusStrip.jsx,67,declaration,
model-readiness,status_title,warning_id,snake_case,1,components,components\model-readiness\ModelReadinessStatusStrip.jsx,components\model-readiness\ModelReadinessStatusStrip.jsx,61,declaration,
model-readiness,timing_variance,warning_id,snake_case,3,components,components\model-readiness\ModelReadinessAuditPanel.jsx,components\model-readiness\ModelReadinessAuditPanel.jsx,220,object_key | warning_id,
model-readiness,total_variance,warning_id,snake_case,2,components,components\model-readiness\ModelReadinessVarianceBreakdown.jsx,components\model-readiness\ModelReadinessVarianceBreakdown.jsx,209,declaration | warning_id,
model-readiness,unmapped_variance,warning_id,snake_case,3,components,components\model-readiness\ModelReadinessAuditPanel.jsx,components\model-readiness\ModelReadinessAuditPanel.jsx,230,object_key | warning_id,
model-readiness,warning_modules,warning_id,snake_case,16,app | components | hooks | lib,app\cost-summary\page.jsx | app\dev\model-readiness\page.jsx | app\model-readiness\page.jsx | components\cost-summary\CostSummaryStatusStrip.jsx | components\model-readiness\ModelReadinessAuditPanel.jsx | components\model-readiness\ModelReadinessStatusStrip.jsx | hooks\useCostSummary.js | lib\selectors\costSummarySelectors.js,app\cost-summary\page.jsx,29,object_key | snake_case_reference,appears_in_multiple_files
model-readiness,PASS,object_field,PascalCase,1,components,components\model-readiness\ModelReadinessVarianceBreakdown.jsx,components\model-readiness\ModelReadinessVarianceBreakdown.jsx,36,quoted_object_key,
model-readiness,Yes,object_field,PascalCase,1,components,components\model-readiness\ModelReadinessAuditPanel.jsx,components\model-readiness\ModelReadinessAuditPanel.jsx,14,quoted_object_key,
model-readiness,benchmark,object_field,plain,1,components,components\model-readiness\ModelReadinessVarianceBreakdown.jsx,components\model-readiness\ModelReadinessVarianceBreakdown.jsx,306,object_key,
model-readiness,benchmark_label,object_field,snake_case,4,components,components\model-readiness\ModelReadinessVarianceBreakdown.jsx,components\model-readiness\ModelReadinessVarianceBreakdown.jsx,217,object_key,
model-readiness,clear,object_field,plain,1,components,components\model-readiness\ModelReadinessVarianceBreakdown.jsx,components\model-readiness\ModelReadinessVarianceBreakdown.jsx,37,quoted_object_key,
model-readiness,costSummaryData,object_field,camelCase,1,components,components\model-readiness\ModelReadinessAuditPanel.jsx,components\model-readiness\ModelReadinessAuditPanel.jsx,239,object_key,
model-readiness,currency,object_field,plain,4,components,components\model-readiness\ModelReadinessBaselineInputsCard.jsx | components\model-readiness\ModelReadinessDiagnosticSection.jsx | components\model-readiness\ModelReadinessStatusStrip.jsx | components\model-readiness\ModelReadinessVarianceBreakdown.jsx,components\model-readiness\ModelReadinessBaselineInputsCard.jsx,9,object_key,appears_in_multiple_files
model-readiness,direction_override,object_field,snake_case,1,components,components\model-readiness\ModelReadinessVarianceBreakdown.jsx,components\model-readiness\ModelReadinessVarianceBreakdown.jsx,252,object_key,
model-readiness,explainedVariance,object_field,camelCase,1,components,components\model-readiness\ModelReadinessAuditPanel.jsx,components\model-readiness\ModelReadinessAuditPanel.jsx,240,object_key,
model-readiness,extra_rows,object_field,snake_case,1,components,components\model-readiness\ModelReadinessVarianceBreakdown.jsx,components\model-readiness\ModelReadinessVarianceBreakdown.jsx,255,object_key,
model-readiness,last,object_field,plain,5,components,components\model-readiness\ModelReadinessBaselineInputsCard.jsx | components\model-readiness\ModelReadinessDiagnosticSection.jsx | components\model-readiness\ModelReadinessStatusStrip.jsx | components\model-readiness\ModelReadinessVarianceBreakdown.jsx,components\model-readiness\ModelReadinessBaselineInputsCard.jsx,27,object_key,appears_in_multiple_files
model-readiness,maximumFractionDigits,object_field,camelCase,6,components,components\model-readiness\ModelReadinessBaselineInputsCard.jsx | components\model-readiness\ModelReadinessDiagnosticSection.jsx | components\model-readiness\ModelReadinessStatusStrip.jsx | components\model-readiness\ModelReadinessVarianceBreakdown.jsx,components\model-readiness\ModelReadinessBaselineInputsCard.jsx,11,object_key,appears_in_multiple_files
model-readiness,md,object_field,plain,4,components,components\model-readiness\ModelReadinessAuditPanel.jsx | components\model-readiness\ModelReadinessStatusStrip.jsx | components\model-readiness\ModelReadinessVarianceBreakdown.jsx,components\model-readiness\ModelReadinessAuditPanel.jsx,285,object_key,appears_in_multiple_files
model-readiness,minimumFractionDigits,object_field,camelCase,5,components,components\model-readiness\ModelReadinessBaselineInputsCard.jsx | components\model-readiness\ModelReadinessDiagnosticSection.jsx | components\model-readiness\ModelReadinessVarianceBreakdown.jsx,components\model-readiness\ModelReadinessBaselineInputsCard.jsx,10,object_key,appears_in_multiple_files
model-readiness,module_label,object_field,snake_case,4,components,components\model-readiness\ModelReadinessVarianceBreakdown.jsx,components\model-readiness\ModelReadinessVarianceBreakdown.jsx,218,object_key,
model-readiness,module_total,object_field,snake_case,3,components,components\model-readiness\ModelReadinessVarianceBreakdown.jsx,components\model-readiness\ModelReadinessVarianceBreakdown.jsx,225,object_key,
model-readiness,note,object_field,plain,4,components,components\model-readiness\ModelReadinessVarianceBreakdown.jsx,components\model-readiness\ModelReadinessVarianceBreakdown.jsx,219,object_key,
model-readiness,notes,object_field,plain,1,components,components\model-readiness\ModelReadinessAuditPanel.jsx,components\model-readiness\ModelReadinessAuditPanel.jsx,241,object_key,
model-readiness,number,object_field,plain,4,components,components\model-readiness\ModelReadinessAuditPanel.jsx | components\model-readiness\ModelReadinessBaselineInputsCard.jsx | components\model-readiness\ModelReadinessDiagnosticSection.jsx | components\model-readiness\ModelReadinessVarianceBreakdown.jsx,components\model-readiness\ModelReadinessAuditPanel.jsx,8,object_key,appears_in_multiple_files
model-readiness,override_title,object_field,snake_case,1,components,components\model-readiness\ModelReadinessVarianceBreakdown.jsx,components\model-readiness\ModelReadinessVarianceBreakdown.jsx,249,object_key,
model-readiness,pill,object_field,plain,4,components,components\model-readiness\ModelReadinessVarianceBreakdown.jsx,components\model-readiness\ModelReadinessVarianceBreakdown.jsx,36,object_key,
model-readiness,severity,object_field,plain,4,components,components\model-readiness\ModelReadinessVarianceBreakdown.jsx,components\model-readiness\ModelReadinessVarianceBreakdown.jsx,37,object_key,
model-readiness,snapshotName,object_field,camelCase,1,components,components\model-readiness\ModelReadinessAuditPanel.jsx,components\model-readiness\ModelReadinessAuditPanel.jsx,237,object_key,
model-readiness,total_cost_of_sales,object_field,snake_case,1,components,components\model-readiness\ModelReadinessAuditPanel.jsx,components\model-readiness\ModelReadinessAuditPanel.jsx,119,object_key,
model-readiness,total_operating_expenses,object_field,snake_case,1,components,components\model-readiness\ModelReadinessAuditPanel.jsx,components\model-readiness\ModelReadinessAuditPanel.jsx,126,object_key,
model-readiness,total_revenue,object_field,snake_case,1,components,components\model-readiness\ModelReadinessAuditPanel.jsx,components\model-readiness\ModelReadinessAuditPanel.jsx,112,object_key,
model-readiness,variance,object_field,plain,4,components,components\model-readiness\ModelReadinessVarianceBreakdown.jsx,components\model-readiness\ModelReadinessVarianceBreakdown.jsx,216,object_key,
module-reconciliation,acc_work_levy_annual,output_contract_field,snake_case,1,lib,lib\reconciliation\reconciliationRules.js,lib\reconciliation\reconciliationRules.js,415,snake_case_reference,downstream_contract_candidate
module-reconciliation,finance_cost_annual,output_contract_field,snake_case,1,lib,lib\reconciliation\reconciliationRules.js,lib\reconciliation\reconciliationRules.js,249,snake_case_reference,downstream_contract_candidate
module-reconciliation,has_legacy_running_cost,output_contract_field,snake_case,4,lib,lib\reconciliation\reconciliationRules.js,lib\reconciliation\reconciliationRules.js,38,declaration | snake_case_reference,multiple_roles_detected | downstream_contract_candidate
module-reconciliation,is_ready,output_contract_field,snake_case,8,lib,lib\reconciliation\reconciliationRules.js,lib\reconciliation\reconciliationRules.js,53,snake_case_reference,multiple_roles_detected | downstream_contract_candidate
module-reconciliation,legacy_running_cost_check,output_contract_field,snake_case,1,lib,lib\reconciliation\reconciliationRules.js,lib\reconciliation\reconciliationRules.js,295,declaration,downstream_contract_candidate
module-reconciliation,output_contract,output_contract_field,snake_case,8,hooks | lib,hooks\useModuleReconciliation.js | lib\reconciliation\moduleReconciliation.js,hooks\useModuleReconciliation.js,27,output_contract_reference,appears_in_multiple_files | downstream_contract_candidate
module-reconciliation,running_cost_annual,output_contract_field,snake_case,2,lib,lib\reconciliation\reconciliationRules.js,lib\reconciliation\reconciliationRules.js,37,declaration | snake_case_reference,downstream_contract_candidate
module-reconciliation,total_acc_levy_annual,output_contract_field,snake_case,4,lib,lib\reconciliation\moduleReconciliation.js | lib\reconciliation\reconciliationRules.js,lib\reconciliation\moduleReconciliation.js,37,object_key | snake_case_reference,multiple_roles_detected | appears_in_multiple_files | downstream_contract_candidate
module-reconciliation,total_business_costs,output_contract_field,snake_case,1,lib,lib\reconciliation\reconciliationRules.js,lib\reconciliation\reconciliationRules.js,204,declaration,downstream_contract_candidate
module-reconciliation,total_other_income,output_contract_field,snake_case,1,lib,lib\reconciliation\reconciliationRules.js,lib\reconciliation\reconciliationRules.js,205,declaration,downstream_contract_candidate
module-reconciliation,unassigned_balance,output_contract_field,snake_case,1,lib,lib\reconciliation\reconciliationRules.js,lib\reconciliation\reconciliationRules.js,230,declaration,downstream_contract_candidate
module-reconciliation,reconciliation,consumed_field,plain,3,app | hooks,app\dev\model-readiness\page.jsx | app\model-readiness\page.jsx | hooks\useModelReadiness.js,app\dev\model-readiness\page.jsx,9,destructured_name | object_key,multiple_roles_detected | appears_in_multiple_files | consumed_from_upstream
module-reconciliation,reconciliation_status,status_field,snake_case,10,hooks | lib,hooks\useModelReadiness.js | lib\calculations\modelReadinessCalculations.js,hooks\useModelReadiness.js,8,snake_case_reference,appears_in_multiple_files
module-reconciliation,status,status_field,plain,6,hooks | lib,hooks\useModuleReconciliation.js | lib\reconciliation\reconciliationRules.js,hooks\useModuleReconciliation.js,18,declaration | object_key,appears_in_multiple_files
module-reconciliation,has_legacy_running_costs,readiness_field,snake_case,1,lib,lib\reconciliation\reconciliationRules.js,lib\reconciliation\reconciliationRules.js,367,object_key,
module-reconciliation,has_material_unexplained_variance,readiness_field,snake_case,8,lib,lib\reconciliation\reconciliationRules.js,lib\reconciliation\reconciliationRules.js,162,declaration | warning_id,
module-reconciliation,is_blocking,readiness_field,snake_case,9,lib,lib\reconciliation\reconciliationRules.js,lib\reconciliation\reconciliationRules.js,31,object_key | snake_case_reference,
module-reconciliation,is_warning,readiness_field,snake_case,7,lib,lib\reconciliation\reconciliationRules.js,lib\reconciliation\reconciliationRules.js,32,object_key | warning_id,
module-reconciliation,reconciliation_ready,readiness_field,snake_case,3,app | lib,app\dev\model-readiness\page.jsx | app\model-readiness\page.jsx | lib\reconciliation\reconciliationRules.js,app\dev\model-readiness\page.jsx,81,object_key | snake_case_reference,appears_in_multiple_files
module-reconciliation,audit_location,warning_id,snake_case,13,components | lib,components\recovery-summary\RecoverySummaryNoteDrilldown.jsx | lib\recovery\recoveryRiskWarningSystem.js,components\recovery-summary\RecoverySummaryNoteDrilldown.jsx,35,object_key | snake_case_reference,appears_in_multiple_files
module-reconciliation,blocking_checks,warning_id,snake_case,8,app | components | hooks | lib,app\cost-summary\page.jsx | components\cost-summary\CostSummaryStatusStrip.jsx | components\model-readiness\ModelReadinessAuditPanel.jsx | components\model-readiness\ModelReadinessStatusStrip.jsx | hooks\useCostSummary.js | lib\reconciliation\reconciliationRules.js | lib\selectors\costSummarySelectors.js,app\cost-summary\page.jsx,30,object_key | snake_case_reference,appears_in_multiple_files
module-reconciliation,blocking_modules,warning_id,snake_case,1,lib,lib\reconciliation\reconciliationRules.js,lib\reconciliation\reconciliationRules.js,374,snake_case_reference,
module-reconciliation,business_cost_variance,warning_id,snake_case,1,lib,lib\reconciliation\reconciliationRules.js,lib\reconciliation\reconciliationRules.js,166,warning_id,
module-reconciliation,business_cost_variance_amount,warning_id,snake_case,1,lib,lib\reconciliation\reconciliationRules.js,lib\reconciliation\reconciliationRules.js,395,object_key,
module-reconciliation,business_cost_variance_check,warning_id,snake_case,8,lib,lib\reconciliation\reconciliationRules.js,lib\reconciliation\reconciliationRules.js,303,declaration | warning_id,
module-reconciliation,business_cost_variance_percent,warning_id,snake_case,1,lib,lib\reconciliation\reconciliationRules.js,lib\reconciliation\reconciliationRules.js,396,object_key,
module-reconciliation,comparison_total,warning_id,snake_case,1,lib,lib\reconciliation\reconciliationRules.js,lib\reconciliation\reconciliationRules.js,183,snake_case_reference,
module-reconciliation,reconciliation_checks,warning_id,snake_case,2,lib,lib\reconciliation\reconciliationRules.js,lib\reconciliation\reconciliationRules.js,321,snake_case_reference,
module-reconciliation,warning_checks,warning_id,snake_case,19,app | components | hooks | lib,app\cost-summary\page.jsx | components\cost-summary\CostSummaryStatusStrip.jsx | components\model-readiness\ModelReadinessAuditPanel.jsx | components\model-readiness\ModelReadinessStatusStrip.jsx | hooks\useCostSummary.js | lib\calculations\modelReadinessCalculations.js | lib\reconciliation\reconciliationRules.js | lib\selectors\costSummarySelectors.js,app\cost-summary\page.jsx,31,declaration | object_key | snake_case_reference,appears_in_multiple_files
module-reconciliation,warning_modules,warning_id,snake_case,2,lib,lib\reconciliation\reconciliationRules.js,lib\reconciliation\reconciliationRules.js,333,declaration | snake_case_reference,
module-reconciliation,acc_rate_percent,object_field,snake_case,2,lib,lib\reconciliation\moduleReconciliation.js | lib\reconciliation\reconciliationRules.js,lib\reconciliation\moduleReconciliation.js,38,object_key,appears_in_multiple_files
module-reconciliation,blocker,object_field,plain,1,lib,lib\reconciliation\reconciliationRules.js,lib\reconciliation\reconciliationRules.js,169,quoted_object_key,
module-reconciliation,check_id,object_field,snake_case,1,lib,lib\reconciliation\reconciliationRules.js,lib\reconciliation\reconciliationRules.js,100,object_key,
module-reconciliation,detail,object_field,plain,1,lib,lib\reconciliation\reconciliationRules.js,lib\reconciliation\reconciliationRules.js,112,object_key,
module-reconciliation,fail,object_field,plain,2,lib,lib\reconciliation\reconciliationRules.js,lib\reconciliation\reconciliationRules.js,30,quoted_object_key,
module-reconciliation,id,object_field,plain,5,lib,lib\reconciliation\reconciliationRules.js,lib\reconciliation\reconciliationRules.js,24,object_key,
module-reconciliation,info,object_field,plain,1,lib,lib\reconciliation\reconciliationRules.js,lib\reconciliation\reconciliationRules.js,103,quoted_object_key,
module-reconciliation,last,object_field,plain,1,components,components\model-readiness\ModelReadinessReconciliationChecks.jsx,components\model-readiness\ModelReadinessReconciliationChecks.jsx,22,object_key,
module-reconciliation,leak_detected,object_field,snake_case,1,components,components\cost-allocation\CostAllocationStatusStrip.jsx,components\cost-allocation\CostAllocationStatusStrip.jsx,22,object_key,
module-reconciliation,md,object_field,plain,1,components,components\model-readiness\ModelReadinessReconciliationChecks.jsx,components\model-readiness\ModelReadinessReconciliationChecks.jsx,24,object_key,
module-reconciliation,module,object_field,plain,5,lib,lib\reconciliation\reconciliationRules.js,lib\reconciliation\reconciliationRules.js,25,object_key,
module-reconciliation,module_total_business_costs,object_field,snake_case,1,lib,lib\reconciliation\moduleReconciliation.js,lib\reconciliation\moduleReconciliation.js,33,object_key,
module-reconciliation,modules,object_field,plain,1,hooks,hooks\useModuleReconciliation.js,hooks\useModuleReconciliation.js,41,object_key,
module-reconciliation,pass,object_field,plain,2,lib,lib\reconciliation\reconciliationRules.js,lib\reconciliation\reconciliationRules.js,61,quoted_object_key,
module-reconciliation,passed,object_field,plain,1,lib,lib\reconciliation\reconciliationRules.js,lib\reconciliation\reconciliationRules.js,170,object_key,
module-reconciliation,recommended_action,object_field,snake_case,2,lib,lib\reconciliation\reconciliationRules.js,lib\reconciliation\reconciliationRules.js,119,object_key,
module-reconciliation,severity,object_field,plain,2,lib,lib\reconciliation\reconciliationRules.js,lib\reconciliation\reconciliationRules.js,103,object_key,
module-reconciliation,warn,object_field,plain,1,lib,lib\reconciliation\reconciliationRules.js,lib\reconciliation\reconciliationRules.js,47,quoted_object_key,
opening-hours,macro_required_operating_hour_rate,output_contract_field,snake_case,28,app | components | hooks | lib,app\business-summary\page.jsx | app\cost-summary\page.jsx | components\business-summary\BusinessSummaryCard.jsx | components\business-summary\BusinessSummaryStatusStrip.jsx | components\cost-summary\CostSummaryCard.jsx | components\cost-summary\CostSummaryStatusStrip.jsx | hooks\useBusinessSummary.js | hooks\useCostSummary.js | lib\calculations\costSummaryCalculations.js | lib\selectors\businessSummarySelectors.js | lib\selectors\costSummarySelectors.js,app\business-summary\page.jsx,67,declaration | object_key | warning_id,multiple_roles_detected | appears_in_multiple_files | downstream_contract_candidate
opening-hours,net_annual_business_open_hours,output_contract_field,snake_case,6,components | hooks | lib,components\business-summary\BusinessSummaryStatusStrip.jsx | hooks\useBusinessSummary.js | lib\selectors\openingHoursSelectors.js,components\business-summary\BusinessSummaryStatusStrip.jsx,16,object_key | snake_case_reference,multiple_roles_detected | appears_in_multiple_files | downstream_contract_candidate
opening-hours,opening_hours_module,output_contract_field,snake_case,3,hooks,hooks\useCostSummary.js,hooks\useCostSummary.js,18,snake_case_reference,downstream_contract_candidate
opening-hours,actions,consumed_field,plain,2,app | hooks,app\opening-hours\page.jsx | hooks\useOpeningHours.js,app\opening-hours\page.jsx,9,destructured_name | object_key,multiple_roles_detected | appears_in_multiple_files | consumed_from_upstream
opening-hours,build_opening_hours_status,status_field,snake_case,3,hooks | lib,hooks\useOpeningHours.js | lib\selectors\openingHoursSelectors.js,hooks\useOpeningHours.js,12,snake_case_reference,appears_in_multiple_files
opening-hours,opening_hours_status,status_field,snake_case,7,components | lib,components\opening-hours\OpeningHoursStatusStrip.jsx | lib\calculations\openingHoursCalculations.js | lib\selectors\openingHoursSelectors.js,components\opening-hours\OpeningHoursStatusStrip.jsx,2,declaration | object_key | snake_case_reference,appears_in_multiple_files
opening-hours,status,status_field,plain,2,app | hooks,app\opening-hours\page.jsx | hooks\useOpeningHours.js,app\opening-hours\page.jsx,9,declaration | destructured_name,appears_in_multiple_files
opening-hours,has_blocking_warning,readiness_field,snake_case,4,lib,lib\calculations\openingHoursCalculations.js,lib\calculations\openingHoursCalculations.js,265,declaration | warning_id,
opening-hours,has_loaded_storage,readiness_field,snake_case,2,hooks,hooks\useOpeningHours.js,hooks\useOpeningHours.js,18,array_destructured_name | snake_case_reference,
opening-hours,is_active,readiness_field,snake_case,1,lib,lib\storage\openingHoursStorage.js,lib\storage\openingHoursStorage.js,8,object_key,
opening-hours,is_open,readiness_field,snake_case,47,components | lib,components\common\CollapsibleSection.jsx | components\common\Tooltip.jsx | components\cost-allocation\CostAllocationMainCard.jsx | components\cost-allocation\CostAllocationStepBuilder.jsx | components\cost-allocation\divisions\CostAllocationCreateDivisionForm.jsx | components\materials\MaterialsHelpPanel.jsx | components\opening-hours\OpeningHoursMainCard.jsx | components\rates\square-metre\SquareMetreRateHelpPanel.jsx | components\recovery-outcome\RecoveryOutcomeHelpPanel.jsx | components\revenue-reality\RevenueRealityHelpPanel.jsx | components\revenue-summary\RevenueSummaryHelpPanel.jsx | lib\calculations\openingHoursCalculations.js | lib\storage\openingHoursStorage.js,components\common\CollapsibleSection.jsx,11,array_destructured_name | object_key | snake_case_reference,appears_in_multiple_files
opening-hours,not_ready,readiness_field,snake_case,1,components,components\opening-hours\OpeningHoursStatusStrip.jsx,components\opening-hours\OpeningHoursStatusStrip.jsx,24,status_value,
opening-hours,opening_hours_ready,readiness_field,snake_case,4,components | lib,components\opening-hours\OpeningHoursStatusStrip.jsx | lib\calculations\openingHoursCalculations.js | lib\selectors\openingHoursSelectors.js,components\opening-hours\OpeningHoursStatusStrip.jsx,3,object_key | snake_case_reference,appears_in_multiple_files
opening-hours,opening_hours_warnings,warnings_field,snake_case,8,lib,lib\calculations\costSummaryCalculations.js | lib\calculations\openingHoursCalculations.js | lib\selectors\costSummarySelectors.js | lib\selectors\openingHoursSelectors.js,lib\calculations\costSummaryCalculations.js,64,declaration | object_key | warning_id,appears_in_multiple_files
opening-hours,ready_with_warnings,warnings_field,snake_case,1,lib,lib\calculations\openingHoursCalculations.js,lib\calculations\openingHoursCalculations.js,272,warning_id,
opening-hours,warnings,warnings_field,plain,3,lib,lib\calculations\openingHoursCalculations.js | lib\selectors\openingHoursSelectors.js,lib\calculations\openingHoursCalculations.js,90,declaration | object_key,appears_in_multiple_files
opening-hours,blocked,warning_id,plain,2,lib,lib\calculations\openingHoursCalculations.js,lib\calculations\openingHoursCalculations.js,270,status_value,
opening-hours,build_warning,warning_id,snake_case,8,lib,lib\calculations\openingHoursCalculations.js,lib\calculations\openingHoursCalculations.js,66,warning_id,
opening-hours,day_result,warning_id,snake_case,1,lib,lib\calculations\openingHoursCalculations.js,lib\calculations\openingHoursCalculations.js,95,snake_case_reference,
opening-hours,default_used,warning_id,snake_case,1,lib,lib\calculations\openingHoursCalculations.js,lib\calculations\openingHoursCalculations.js,250,snake_case_reference,
opening-hours,downstream_rows,warning_id,snake_case,1,components,components\opening-hours\OpeningHoursMainCard.jsx,components\opening-hours\OpeningHoursMainCard.jsx,9,snake_case_reference,
opening-hours,invalid_time_range,warning_id,snake_case,1,lib,lib\calculations\openingHoursCalculations.js,lib\calculations\openingHoursCalculations.js,95,snake_case_reference,
opening-hours,open_day_count,warning_id,snake_case,1,lib,lib\calculations\openingHoursCalculations.js,lib\calculations\openingHoursCalculations.js,217,snake_case_reference,
opening-hours,opening_hours,warning_id,snake_case,9,app | hooks | lib,app\cost-summary\page.jsx | hooks\useBusinessSummary.js | lib\calculations\openingHoursCalculations.js | lib\selectors\openingHoursSelectors.js,app\cost-summary\page.jsx,18,object_key | snake_case_reference,multiple_roles_detected | appears_in_multiple_files
opening-hours,opening_hours_default_used,warning_id,snake_case,1,lib,lib\calculations\openingHoursCalculations.js,lib\calculations\openingHoursCalculations.js,253,snake_case_reference,
opening-hours,opening_hours_invalid_time_range,warning_id,snake_case,1,lib,lib\calculations\openingHoursCalculations.js,lib\calculations\openingHoursCalculations.js,98,warning_id,
opening-hours,opening_hours_missing,warning_id,snake_case,1,lib,lib\calculations\openingHoursCalculations.js,lib\calculations\openingHoursCalculations.js,207,warning_id,
opening-hours,opening_hours_negative_net_hours,warning_id,snake_case,1,lib,lib\calculations\openingHoursCalculations.js,lib\calculations\openingHoursCalculations.js,192,snake_case_reference,
opening-hours,opening_hours_no_open_days,warning_id,snake_case,1,lib,lib\calculations\openingHoursCalculations.js,lib\calculations\openingHoursCalculations.js,220,snake_case_reference,
opening-hours,opening_hours_shutdown_exceeds_year,warning_id,snake_case,1,lib,lib\calculations\openingHoursCalculations.js,lib\calculations\openingHoursCalculations.js,144,snake_case_reference,
opening-hours,opening_hours_warning_count,warning_id,snake_case,2,lib,lib\calculations\openingHoursCalculations.js | lib\selectors\openingHoursSelectors.js,lib\calculations\openingHoursCalculations.js,312,object_key | warning_id,appears_in_multiple_files
opening-hours,opening_hours_zero_weekly_hours,warning_id,snake_case,1,lib,lib\calculations\openingHoursCalculations.js,lib\calculations\openingHoursCalculations.js,233,warning_id,
opening-hours,ready,warning_id,plain,1,lib,lib\calculations\openingHoursCalculations.js,lib\calculations\openingHoursCalculations.js,279,status_value,
opening-hours,review_action,warning_id,snake_case,1,components,components\opening-hours\OpeningHoursMainCard.jsx,components\opening-hours\OpeningHoursMainCard.jsx,351,snake_case_reference,
opening-hours,severity,warning_id,plain,7,lib,lib\calculations\openingHoursCalculations.js,lib\calculations\openingHoursCalculations.js,99,object_key,
opening-hours,source_module,warning_id,snake_case,1,lib,lib\calculations\openingHoursCalculations.js,lib\calculations\openingHoursCalculations.js,76,object_key,
opening-hours,standard_week_days,warning_id,snake_case,3,lib,lib\calculations\openingHoursCalculations.js | lib\storage\openingHoursStorage.js,lib\calculations\openingHoursCalculations.js,204,object_key | snake_case_reference,multiple_roles_detected | appears_in_multiple_files
opening-hours,standard_weekly_open_hours,warning_id,snake_case,3,components | lib,components\opening-hours\OpeningHoursStatusStrip.jsx | lib\calculations\openingHoursCalculations.js | lib\selectors\openingHoursSelectors.js,components\opening-hours\OpeningHoursStatusStrip.jsx,6,object_key | snake_case_reference,appears_in_multiple_files
opening-hours,warning_count,warning_id,snake_case,3,components | lib,components\opening-hours\OpeningHoursStatusStrip.jsx | lib\selectors\openingHoursSelectors.js,components\opening-hours\OpeningHoursStatusStrip.jsx,5,object_key | snake_case_reference,appears_in_multiple_files
opening-hours,warning_id,warning_id,snake_case,11,components | lib,components\opening-hours\OpeningHoursMainCard.jsx | lib\calculations\openingHoursCalculations.js,components\opening-hours\OpeningHoursMainCard.jsx,346,object_key | snake_case_reference,appears_in_multiple_files
opening-hours,additional_closed_days,object_field,snake_case,3,hooks | lib,hooks\useOpeningHours.js | lib\storage\openingHoursStorage.js,hooks\useOpeningHours.js,99,object_key,appears_in_multiple_files
opening-hours,break_minutes,object_field,snake_case,8,components | lib,components\opening-hours\OpeningHoursMainCard.jsx | lib\storage\openingHoursStorage.js,components\opening-hours\OpeningHoursMainCard.jsx,135,object_key,appears_in_multiple_files
opening-hours,calendar_notes,object_field,snake_case,1,lib,lib\storage\openingHoursStorage.js,lib\storage\openingHoursStorage.js,72,object_key,
opening-hours,close_time,object_field,snake_case,8,components | lib,components\opening-hours\OpeningHoursMainCard.jsx | lib\storage\openingHoursStorage.js,components\opening-hours\OpeningHoursMainCard.jsx,120,object_key,appears_in_multiple_files
opening-hours,closed_day_id,object_field,snake_case,1,hooks,hooks\useOpeningHours.js,hooks\useOpeningHours.js,87,object_key,
opening-hours,closed_hours,object_field,snake_case,2,components | hooks,components\opening-hours\OpeningHoursMainCard.jsx | hooks\useOpeningHours.js,components\opening-hours\OpeningHoursMainCard.jsx,281,object_key,appears_in_multiple_files
opening-hours,created_at,object_field,snake_case,3,lib,lib\storage\openingHoursStorage.js,lib\storage\openingHoursStorage.js,74,object_key,
opening-hours,date,object_field,plain,2,components | hooks,components\opening-hours\OpeningHoursMainCard.jsx | hooks\useOpeningHours.js,components\opening-hours\OpeningHoursMainCard.jsx,253,object_key,appears_in_multiple_files
opening-hours,day_id,object_field,snake_case,7,lib,lib\storage\openingHoursStorage.js,lib\storage\openingHoursStorage.js,12,object_key,
opening-hours,day_name,object_field,snake_case,7,lib,lib\storage\openingHoursStorage.js,lib\storage\openingHoursStorage.js,13,object_key,
opening-hours,default,object_field,plain,1,app,app\opening-hours\page.jsx,app\opening-hours\page.jsx,118,object_key,
opening-hours,effective_from,object_field,snake_case,1,lib,lib\storage\openingHoursStorage.js,lib\storage\openingHoursStorage.js,7,object_key,
opening-hours,open_time,object_field,snake_case,8,components | lib,components\opening-hours\OpeningHoursMainCard.jsx | lib\storage\openingHoursStorage.js,components\opening-hours\OpeningHoursMainCard.jsx,106,object_key,appears_in_multiple_files
opening-hours,opening_hours_profile_id,object_field,snake_case,1,lib,lib\storage\openingHoursStorage.js,lib\storage\openingHoursStorage.js,4,object_key,
opening-hours,opening_hours_profile_name,object_field,snake_case,1,lib,lib\storage\openingHoursStorage.js,lib\storage\openingHoursStorage.js,5,object_key,
opening-hours,profile_version,object_field,snake_case,1,lib,lib\storage\openingHoursStorage.js,lib\storage\openingHoursStorage.js,6,object_key,
opening-hours,public_holiday_days,object_field,snake_case,1,lib,lib\storage\openingHoursStorage.js,lib\storage\openingHoursStorage.js,70,object_key,
opening-hours,reason,object_field,plain,2,components | hooks,components\opening-hours\OpeningHoursMainCard.jsx | hooks\useOpeningHours.js,components\opening-hours\OpeningHoursMainCard.jsx,308,object_key,appears_in_multiple_files
opening-hours,seasonal_shutdown_weeks,object_field,snake_case,1,lib,lib\storage\openingHoursStorage.js,lib\storage\openingHoursStorage.js,69,object_key,
opening-hours,updated_at,object_field,snake_case,8,hooks | lib,hooks\useOpeningHours.js | lib\storage\openingHoursStorage.js,hooks\useOpeningHours.js,62,object_key,appears_in_multiple_files
p-and-l,Ready,output_contract_field,PascalCase,1,lib,lib\selectors\profitAndLossSelectors.js,lib\selectors\profitAndLossSelectors.js,282,quoted_object_key,downstream_contract_candidate
p-and-l,assets_benchmark_total,output_contract_field,snake_case,2,lib,lib\selectors\profitAndLossSelectors.js,lib\selectors\profitAndLossSelectors.js,259,object_key | snake_case_reference,downstream_contract_candidate
p-and-l,build_general_overheads_from_pnl,output_contract_field,snake_case,3,hooks,hooks\useGeneralOverheads.js,hooks\useGeneralOverheads.js,302,snake_case_reference,downstream_contract_candidate
p-and-l,build_pnl_sync_signature,output_contract_field,snake_case,2,hooks,hooks\useGeneralOverheads.js,hooks\useGeneralOverheads.js,281,snake_case_reference,downstream_contract_candidate
p-and-l,build_reconciliation,output_contract_field,snake_case,3,lib,lib\selectors\profitAndLossSelectors.js,lib\selectors\profitAndLossSelectors.js,148,snake_case_reference,downstream_contract_candidate
p-and-l,build_unassigned_details,output_contract_field,snake_case,1,lib,lib\selectors\profitAndLossSelectors.js,lib\selectors\profitAndLossSelectors.js,218,snake_case_reference,downstream_contract_candidate
p-and-l,build_warnings,output_contract_field,snake_case,3,lib,lib\selectors\profitAndLossSelectors.js,lib\selectors\profitAndLossSelectors.js,4,warning_id,downstream_contract_candidate
p-and-l,direct_cost_category_totals,output_contract_field,snake_case,2,lib,lib\selectors\profitAndLossSelectors.js,lib\selectors\profitAndLossSelectors.js,245,object_key | snake_case_reference,downstream_contract_candidate
p-and-l,employee_overheads_benchmark_total,output_contract_field,snake_case,2,lib,lib\selectors\profitAndLossSelectors.js,lib\selectors\profitAndLossSelectors.js,256,object_key | snake_case_reference,downstream_contract_candidate
p-and-l,excluded_asset_finance_interest_total,output_contract_field,snake_case,2,lib,lib\selectors\profitAndLossSelectors.js,lib\selectors\profitAndLossSelectors.js,266,object_key | snake_case_reference,downstream_contract_candidate
p-and-l,format_number,output_contract_field,snake_case,28,lib,lib\selectors\profitAndLossSelectors.js,lib\selectors\profitAndLossSelectors.js,171,snake_case_reference,downstream_contract_candidate
p-and-l,general_overheads_benchmark_total,output_contract_field,snake_case,2,lib,lib\selectors\profitAndLossSelectors.js,lib\selectors\profitAndLossSelectors.js,273,object_key | snake_case_reference,downstream_contract_candidate
p-and-l,good,output_contract_field,plain,4,components | lib,components\p-and-l\ProfitAndLossStatusStrip.jsx | lib\selectors\profitAndLossSelectors.js,components\p-and-l\ProfitAndLossStatusStrip.jsx,5,quoted_object_key,multiple_roles_detected | appears_in_multiple_files | downstream_contract_candidate
p-and-l,gross_profit,output_contract_field,snake_case,4,lib,lib\selectors\profitAndLossSelectors.js,lib\selectors\profitAndLossSelectors.js,15,object_key | snake_case_reference,downstream_contract_candidate
p-and-l,hired_equipment_cost,output_contract_field,snake_case,1,lib,lib\selectors\profitAndLossSelectors.js,lib\selectors\profitAndLossSelectors.js,244,object_key,downstream_contract_candidate
p-and-l,label,output_contract_field,plain,5,lib,lib\selectors\profitAndLossSelectors.js,lib\selectors\profitAndLossSelectors.js,170,object_key,downstream_contract_candidate
p-and-l,labour_benchmark_total,output_contract_field,snake_case,2,lib,lib\selectors\profitAndLossSelectors.js,lib\selectors\profitAndLossSelectors.js,253,object_key | snake_case_reference,downstream_contract_candidate
p-and-l,materials_cost,output_contract_field,snake_case,1,lib,lib\selectors\profitAndLossSelectors.js,lib\selectors\profitAndLossSelectors.js,242,object_key,downstream_contract_candidate
p-and-l,model_total_costs,output_contract_field,snake_case,1,lib,lib\selectors\profitAndLossSelectors.js,lib\selectors\profitAndLossSelectors.js,150,snake_case_reference,downstream_contract_candidate
p-and-l,net_profit,output_contract_field,snake_case,3,lib,lib\selectors\profitAndLossSelectors.js,lib\selectors\profitAndLossSelectors.js,191,object_key | snake_case_reference,downstream_contract_candidate
p-and-l,output_contract,output_contract_field,snake_case,57,hooks | lib,hooks\useProfitAndLoss.js | lib\selectors\profitAndLossSelectors.js,hooks\useProfitAndLoss.js,55,output_contract_reference,appears_in_multiple_files | downstream_contract_candidate
p-and-l,pnl_interest_marked_asset_finance_total,output_contract_field,snake_case,4,lib,lib\reconciliation\reconciliationRules.js | lib\selectors\profitAndLossSelectors.js,lib\reconciliation\reconciliationRules.js,220,object_key | snake_case_reference,appears_in_multiple_files | downstream_contract_candidate
p-and-l,pnl_interest_total,output_contract_field,snake_case,1,lib,lib\selectors\profitAndLossSelectors.js,lib\selectors\profitAndLossSelectors.js,262,object_key,downstream_contract_candidate
p-and-l,pnl_output,output_contract_field,snake_case,1,components,components\model-readiness\ModelReadinessAuditPanel.jsx,components\model-readiness\ModelReadinessAuditPanel.jsx,52,declaration,downstream_contract_candidate
p-and-l,pnl_output_contract,output_contract_field,snake_case,39,hooks | lib,hooks\useAssets.js | hooks\useGeneralOverheads.js | hooks\useRevenueCogs.js | lib\reconciliation\moduleReconciliation.js | lib\reconciliation\reconciliationRules.js,hooks\useAssets.js,202,declaration | snake_case_reference,appears_in_multiple_files | downstream_contract_candidate
p-and-l,pnl_ready,output_contract_field,snake_case,14,app | components | lib,app\dev\model-readiness\page.jsx | app\model-readiness\page.jsx | components\p-and-l\ProfitAndLossMainCard.jsx | components\p-and-l\ProfitAndLossProgressPanel.jsx | lib\calculations\profitAndLossCalculations.js | lib\reconciliation\reconciliationRules.js | lib\selectors\profitAndLossSelectors.js,app\dev\model-readiness\page.jsx,65,declaration | object_key | snake_case_reference,multiple_roles_detected | appears_in_multiple_files | downstream_contract_candidate
p-and-l,pnl_status,output_contract_field,snake_case,3,lib,lib\reconciliation\moduleReconciliation.js | lib\reconciliation\reconciliationRules.js,lib\reconciliation\moduleReconciliation.js,9,declaration | snake_case_reference,appears_in_multiple_files | downstream_contract_candidate
p-and-l,pnl_sync_signature,output_contract_field,snake_case,2,hooks,hooks\useGeneralOverheads.js,hooks\useGeneralOverheads.js,408,declaration | snake_case_reference,downstream_contract_candidate
p-and-l,profit_and_loss,output_contract_field,snake_case,2,components | hooks,components\model-readiness\ModelReadinessAuditPanel.jsx | hooks\useRevenueCogs.js,components\model-readiness\ModelReadinessAuditPanel.jsx,54,snake_case_reference,appears_in_multiple_files | downstream_contract_candidate
p-and-l,profit_and_loss_ready,output_contract_field,snake_case,3,lib,lib\reconciliation\reconciliationRules.js,lib\reconciliation\reconciliationRules.js,285,declaration | snake_case_reference,multiple_roles_detected | downstream_contract_candidate
p-and-l,profit_and_loss_state,output_contract_field,snake_case,6,hooks,hooks\useGeneralOverheads.js | hooks\useProfitAndLoss.js,hooks\useGeneralOverheads.js,402,destructured_name | snake_case_reference,multiple_roles_detected | appears_in_multiple_files | downstream_contract_candidate | consumed_from_upstream
p-and-l,reconciliation,output_contract_field,plain,2,lib,lib\selectors\profitAndLossSelectors.js,lib\selectors\profitAndLossSelectors.js,165,declaration,downstream_contract_candidate
p-and-l,state,output_contract_field,plain,4,hooks | lib,hooks\useProfitAndLoss.js | lib\storage\profitAndLossProfileStorage.js,hooks\useProfitAndLoss.js,81,object_key,multiple_roles_detected | appears_in_multiple_files | downstream_contract_candidate
p-and-l,subcontract_cost,output_contract_field,snake_case,1,lib,lib\selectors\profitAndLossSelectors.js,lib\selectors\profitAndLossSelectors.js,243,object_key,downstream_contract_candidate
p-and-l,summary,output_contract_field,plain,1,lib,lib\selectors\profitAndLossSelectors.js,lib\selectors\profitAndLossSelectors.js,230,object_key,downstream_contract_candidate
p-and-l,tone,output_contract_field,plain,8,components | lib,components\p-and-l\ProfitAndLossProgressPanel.jsx | lib\selectors\profitAndLossSelectors.js,components\p-and-l\ProfitAndLossProgressPanel.jsx,66,object_key,multiple_roles_detected | appears_in_multiple_files | downstream_contract_candidate
p-and-l,total_assigned_business_costs,output_contract_field,snake_case,2,lib,lib\selectors\profitAndLossSelectors.js,lib\selectors\profitAndLossSelectors.js,278,object_key | snake_case_reference,downstream_contract_candidate
p-and-l,total_business_costs,output_contract_field,snake_case,2,lib,lib\selectors\profitAndLossSelectors.js,lib\selectors\profitAndLossSelectors.js,149,object_key | snake_case_reference,downstream_contract_candidate
p-and-l,total_cogs,output_contract_field,snake_case,1,lib,lib\selectors\profitAndLossSelectors.js,lib\selectors\profitAndLossSelectors.js,251,object_key,downstream_contract_candidate
p-and-l,total_cost_of_sales,output_contract_field,snake_case,4,lib,lib\selectors\profitAndLossSelectors.js,lib\selectors\profitAndLossSelectors.js,11,object_key | snake_case_reference,downstream_contract_candidate
p-and-l,total_direct_costs,output_contract_field,snake_case,1,lib,lib\selectors\profitAndLossSelectors.js,lib\selectors\profitAndLossSelectors.js,250,object_key,downstream_contract_candidate
p-and-l,total_model_costs,output_contract_field,snake_case,2,lib,lib\selectors\profitAndLossSelectors.js,lib\selectors\profitAndLossSelectors.js,150,declaration | snake_case_reference,downstream_contract_candidate
p-and-l,total_operating_expenses,output_contract_field,snake_case,4,lib,lib\selectors\profitAndLossSelectors.js,lib\selectors\profitAndLossSelectors.js,186,object_key | snake_case_reference,downstream_contract_candidate
p-and-l,total_other_income,output_contract_field,snake_case,1,lib,lib\selectors\profitAndLossSelectors.js,lib\selectors\profitAndLossSelectors.js,233,object_key,downstream_contract_candidate
p-and-l,total_pnl_costs,output_contract_field,snake_case,2,lib,lib\selectors\profitAndLossSelectors.js,lib\selectors\profitAndLossSelectors.js,149,declaration | snake_case_reference,downstream_contract_candidate
p-and-l,total_revenue,output_contract_field,snake_case,1,lib,lib\selectors\profitAndLossSelectors.js,lib\selectors\profitAndLossSelectors.js,241,object_key,downstream_contract_candidate
p-and-l,total_trading_income,output_contract_field,snake_case,4,lib,lib\selectors\profitAndLossSelectors.js,lib\selectors\profitAndLossSelectors.js,7,object_key | snake_case_reference,downstream_contract_candidate
p-and-l,unassigned_balance,output_contract_field,snake_case,1,lib,lib\selectors\profitAndLossSelectors.js,lib\selectors\profitAndLossSelectors.js,281,object_key,downstream_contract_candidate
p-and-l,unassigned_details,output_contract_field,snake_case,5,components | lib,components\p-and-l\ProfitAndLossMainCard.jsx | lib\selectors\profitAndLossSelectors.js,components\p-and-l\ProfitAndLossMainCard.jsx,162,declaration | snake_case_reference,multiple_roles_detected | appears_in_multiple_files | downstream_contract_candidate
p-and-l,unreviewed_interest_count,output_contract_field,snake_case,2,lib,lib\selectors\profitAndLossSelectors.js,lib\selectors\profitAndLossSelectors.js,25,object_key | snake_case_reference,downstream_contract_candidate
p-and-l,unreviewed_interest_total,output_contract_field,snake_case,2,lib,lib\selectors\profitAndLossSelectors.js,lib\selectors\profitAndLossSelectors.js,270,object_key | snake_case_reference,downstream_contract_candidate
p-and-l,value,output_contract_field,plain,5,lib,lib\selectors\profitAndLossSelectors.js,lib\selectors\profitAndLossSelectors.js,171,object_key,downstream_contract_candidate
p-and-l,variance,output_contract_field,plain,1,lib,lib\selectors\profitAndLossSelectors.js,lib\selectors\profitAndLossSelectors.js,151,declaration,downstream_contract_candidate
p-and-l,warn,output_contract_field,plain,3,components | lib,components\p-and-l\ProfitAndLossStatusStrip.jsx | lib\selectors\profitAndLossSelectors.js,components\p-and-l\ProfitAndLossStatusStrip.jsx,9,quoted_object_key,multiple_roles_detected | appears_in_multiple_files | downstream_contract_candidate
p-and-l,warnings,output_contract_field,plain,3,lib,lib\selectors\profitAndLossSelectors.js,lib\selectors\profitAndLossSelectors.js,5,declaration,downstream_contract_candidate
p-and-l,category,consumed_field,plain,114,components | lib,components\p-and-l\ProfitAndLossOperatingExpenseGroup.jsx | components\p-and-l\ProfitAndLossQuickImportPanel.jsx | lib\p-and-l\profitAndLossClassificationRules.js | lib\storage\profitAndLossProfileStorage.js | lib\storage\profitAndLossStorage.js,components\p-and-l\ProfitAndLossOperatingExpenseGroup.jsx,55,destructured_name | object_key,multiple_roles_detected | appears_in_multiple_files | consumed_from_upstream
p-and-l,subcategory,consumed_field,plain,38,components | lib,components\p-and-l\ProfitAndLossOperatingExpenseGroup.jsx | lib\p-and-l\profitAndLossClassificationRules.js,components\p-and-l\ProfitAndLossOperatingExpenseGroup.jsx,173,destructured_name | object_key,multiple_roles_detected | appears_in_multiple_files | consumed_from_upstream
p-and-l,get_section_status,status_field,snake_case,5,components,components\p-and-l\ProfitAndLossProgressPanel.jsx,components\p-and-l\ProfitAndLossProgressPanel.jsx,54,snake_case_reference,
p-and-l,pnl_labour_recovery_status,status_field,snake_case,5,lib,lib\calculations\labourCalculations.js | lib\selectors\labour\labourOutputContractSelectors.js,lib\calculations\labourCalculations.js,269,declaration | snake_case_reference,appears_in_multiple_files
p-and-l,status,status_field,plain,9,app | components | hooks,app\api\pnl-import\route.js | app\p-and-l\page.jsx | components\p-and-l\ProfitAndLossProgressPanel.jsx | hooks\useProfitAndLoss.js,app\api\pnl-import\route.js,109,declaration | destructured_name | object_key,appears_in_multiple_files
p-and-l,xero_pnl_reconciliation_status,status_field,snake_case,1,lib,lib\imports\xeroCogImporter.js,lib\imports\xeroCogImporter.js,583,object_key,
p-and-l,has_hydrated,readiness_field,snake_case,3,lib,lib\storage\profitAndLossStorage.js,lib\storage\profitAndLossStorage.js,533,array_destructured_name | snake_case_reference,
p-and-l,has_labour_recovery_leak,readiness_field,snake_case,5,components,components\rate-builder\RateBuilderPnlLabourBenchmarkCard.jsx,components\rate-builder\RateBuilderPnlLabourBenchmarkCard.jsx,57,declaration | warning_id,
p-and-l,has_loaded,readiness_field,snake_case,3,lib,lib\storage\profitAndLossProfileStorage.js,lib\storage\profitAndLossProfileStorage.js,163,array_destructured_name | snake_case_reference,
p-and-l,has_meaningful_source_identifier,readiness_field,snake_case,2,lib,lib\p-and-l\profitAndLossLineRules.js,lib\p-and-l\profitAndLossLineRules.js,15,snake_case_reference,
p-and-l,has_unassigned_details,readiness_field,snake_case,2,components,components\p-and-l\ProfitAndLossMainCard.jsx,components\p-and-l\ProfitAndLossMainCard.jsx,171,declaration | snake_case_reference,
p-and-l,has_valid_direct_cost_category,readiness_field,snake_case,2,lib,lib\p-and-l\profitAndLossGroupingRules.js,lib\p-and-l\profitAndLossGroupingRules.js,277,declaration | snake_case_reference,
p-and-l,is_active,readiness_field,snake_case,17,components | lib,components\p-and-l\ProfitAndLossCustomDirectCostCategoryPanel.jsx | components\p-and-l\ProfitAndLossQuickImportPanel.jsx | lib\calculations\profitAndLossCalculations.js | lib\p-and-l\profitAndLossExcelImporter.js | lib\p-and-l\profitAndLossGroupingRules.js | lib\storage\profitAndLossStorage.js,components\p-and-l\ProfitAndLossCustomDirectCostCategoryPanel.jsx,53,object_key | snake_case_reference,appears_in_multiple_files
p-and-l,is_asset_finance_interest_marked,readiness_field,snake_case,2,lib,lib\calculations\profitAndLossCalculations.js,lib\calculations\profitAndLossCalculations.js,126,snake_case_reference,
p-and-l,is_asset_specific_finance,readiness_field,snake_case,2,components,components\p-and-l\ProfitAndLossQuickImportPanel.jsx,components\p-and-l\ProfitAndLossQuickImportPanel.jsx,335,declaration | snake_case_reference,
p-and-l,is_balanced,readiness_field,snake_case,3,components,components\p-and-l\ProfitAndLossReconciliationPanel.jsx,components\p-and-l\ProfitAndLossReconciliationPanel.jsx,22,snake_case_reference,
p-and-l,is_cogs_line,readiness_field,snake_case,5,lib,lib\calculations\profitAndLossCalculations.js,lib\calculations\profitAndLossCalculations.js,99,snake_case_reference,
p-and-l,is_current_manual,readiness_field,snake_case,2,components,components\p-and-l\ProfitAndLossSectionBlock.jsx,components\p-and-l\ProfitAndLossSectionBlock.jsx,140,declaration | snake_case_reference,
p-and-l,is_custom,readiness_field,snake_case,5,components | lib,components\p-and-l\ProfitAndLossCostOfSalesGroup.jsx | lib\p-and-l\profitAndLossGroupingRules.js,components\p-and-l\ProfitAndLossCostOfSalesGroup.jsx,22,object_key | snake_case_reference,appears_in_multiple_files
p-and-l,is_default,readiness_field,snake_case,17,components | lib,components\p-and-l\ProfitAndLossCustomDirectCostCategoryPanel.jsx | components\p-and-l\ProfitAndLossQuickImportPanel.jsx | lib\calculations\profitAndLossCalculations.js | lib\p-and-l\profitAndLossExcelImporter.js | lib\p-and-l\profitAndLossGroupingRules.js | lib\storage\profitAndLossStorage.js,components\p-and-l\ProfitAndLossCustomDirectCostCategoryPanel.jsx,52,object_key | snake_case_reference,appears_in_multiple_files
p-and-l,is_editing,readiness_field,snake_case,2,lib,lib\storage\profitAndLossStorage.js,lib\storage\profitAndLossStorage.js,532,array_destructured_name | snake_case_reference,
p-and-l,is_empty_placeholder_line,readiness_field,snake_case,7,components | lib,components\p-and-l\ProfitAndLossCostOfSalesGroup.jsx | components\p-and-l\ProfitAndLossProgressPanel.jsx | lib\p-and-l\profitAndLossLineRules.js | lib\selectors\profitAndLossSelectors.js,components\p-and-l\ProfitAndLossCostOfSalesGroup.jsx,9,snake_case_reference,appears_in_multiple_files
p-and-l,is_excel_or_csv_file,readiness_field,snake_case,4,components | lib,components\p-and-l\ProfitAndLossQuickImportPanel.jsx | lib\p-and-l\profitAndLossExcelImporter.js,components\p-and-l\ProfitAndLossQuickImportPanel.jsx,444,snake_case_reference,appears_in_multiple_files
p-and-l,is_extracting,readiness_field,snake_case,3,components,components\p-and-l\ProfitAndLossQuickImportPanel.jsx,components\p-and-l\ProfitAndLossQuickImportPanel.jsx,466,array_destructured_name | snake_case_reference,
p-and-l,is_insurance_operating_expense,readiness_field,snake_case,2,components,components\p-and-l\ProfitAndLossQuickImportPanel.jsx,components\p-and-l\ProfitAndLossQuickImportPanel.jsx,323,declaration | snake_case_reference,
p-and-l,is_interest_line,readiness_field,snake_case,6,components | lib,components\p-and-l\ProfitAndLossOperatingExpenseGroup.jsx | lib\calculations\profitAndLossCalculations.js,components\p-and-l\ProfitAndLossOperatingExpenseGroup.jsx,48,snake_case_reference,appears_in_multiple_files
p-and-l,is_known_section_heading,readiness_field,snake_case,2,lib,lib\p-and-l\profitAndLossExcelImporter.js,lib\p-and-l\profitAndLossExcelImporter.js,178,snake_case_reference,
p-and-l,is_mixed_or_generic_finance,readiness_field,snake_case,2,components,components\p-and-l\ProfitAndLossQuickImportPanel.jsx,components\p-and-l\ProfitAndLossQuickImportPanel.jsx,341,declaration | snake_case_reference,
p-and-l,is_negative,readiness_field,snake_case,6,components | lib,components\p-and-l\ProfitAndLossQuickImportPanel.jsx | lib\p-and-l\profitAndLossExcelImporter.js,components\p-and-l\ProfitAndLossQuickImportPanel.jsx,25,declaration | snake_case_reference,appears_in_multiple_files
p-and-l,is_open,readiness_field,snake_case,3,components,components\p-and-l\ProfitAndLossHelpPanel.jsx,components\p-and-l\ProfitAndLossHelpPanel.jsx,6,array_destructured_name | snake_case_reference,
p-and-l,is_pdf_file,readiness_field,snake_case,2,components,components\p-and-l\ProfitAndLossQuickImportPanel.jsx,components\p-and-l\ProfitAndLossQuickImportPanel.jsx,454,snake_case_reference,
p-and-l,is_reconciled,readiness_field,snake_case,3,lib,lib\selectors\profitAndLossSelectors.js,lib\selectors\profitAndLossSelectors.js,152,declaration | snake_case_reference,
p-and-l,is_review_assignment_line,readiness_field,snake_case,5,lib,lib\calculations\profitAndLossCalculations.js | lib\selectors\profitAndLossSelectors.js,lib\calculations\profitAndLossCalculations.js,82,warning_id,appears_in_multiple_files
p-and-l,is_review_line,readiness_field,snake_case,2,components,components\p-and-l\ProfitAndLossProgressPanel.jsx,components\p-and-l\ProfitAndLossProgressPanel.jsx,34,warning_id,
p-and-l,is_synced_from_pnl,readiness_field,snake_case,3,components | hooks | lib,components\general-overheads\GeneralOverheadSummaryCard.jsx | hooks\useGeneralOverheads.js | lib\calculations\generalOverheadCalculations.js,components\general-overheads\GeneralOverheadSummaryCard.jsx,34,object_key | snake_case_reference,appears_in_multiple_files
p-and-l,is_total_or_noise_line,readiness_field,snake_case,2,lib,lib\p-and-l\profitAndLossExcelImporter.js,lib\p-and-l\profitAndLossExcelImporter.js,203,snake_case_reference,
p-and-l,is_wip_line,readiness_field,snake_case,18,components | lib,components\p-and-l\ProfitAndLossCostOfSalesLineRow.jsx | components\p-and-l\ProfitAndLossLineRow.jsx | components\p-and-l\ProfitAndLossOperatingExpenseGroup.jsx | components\p-and-l\ProfitAndLossSectionBlock.jsx | lib\p-and-l\profitAndLossClassificationRules.js | lib\p-and-l\profitAndLossGroupingRules.js | lib\selectors\profitAndLossSelectors.js,components\p-and-l\ProfitAndLossCostOfSalesLineRow.jsx,6,snake_case_reference,appears_in_multiple_files
p-and-l,pnl_benchmark_ready,readiness_field,snake_case,6,components,components\rate-builder\RateBuilderPnlLabourBenchmarkCard.jsx,components\rate-builder\RateBuilderPnlLabourBenchmarkCard.jsx,30,declaration | snake_case_reference,
p-and-l,has_warnings,warnings_field,snake_case,2,components,components\p-and-l\ProfitAndLossProgressPanel.jsx,components\p-and-l\ProfitAndLossProgressPanel.jsx,136,declaration | warning_id,
p-and-l,Balanced,warning_id,PascalCase,1,components,components\p-and-l\ProfitAndLossReconciliationPanel.jsx,components\p-and-l\ProfitAndLossReconciliationPanel.jsx,50,quoted_object_key,
p-and-l,blocked_message,warning_id,snake_case,1,components,components\p-and-l\ProfitAndLossMainCard.jsx,components\p-and-l\ProfitAndLossMainCard.jsx,356,snake_case_reference,
p-and-l,can_continue_to_overheads,warning_id,snake_case,1,components,components\p-and-l\ProfitAndLossMainCard.jsx,components\p-and-l\ProfitAndLossMainCard.jsx,168,declaration,
p-and-l,default,warning_id,plain,15,components | lib,components\p-and-l\ProfitAndLossOperatingExpenseGroup.jsx | components\p-and-l\ProfitAndLossSectionBlock.jsx | components\p-and-l\ProfitAndLossStatusStrip.jsx | lib\p-and-l\profitAndLossClassificationRules.js | lib\p-and-l\profitAndLossGroupingRules.js | lib\storage\profitAndLossProfileStorage.js | lib\storage\profitAndLossStorage.js,components\p-and-l\ProfitAndLossOperatingExpenseGroup.jsx,495,object_key,multiple_roles_detected | appears_in_multiple_files
p-and-l,direct_cost_review_required,warning_id,snake_case,1,components,components\p-and-l\ProfitAndLossCostOfSalesLineRow.jsx,components\p-and-l\ProfitAndLossCostOfSalesLineRow.jsx,114,warning_id,
p-and-l,draft_import,warning_id,snake_case,1,components,components\p-and-l\ProfitAndLossQuickImportPanel.jsx,components\p-and-l\ProfitAndLossQuickImportPanel.jsx,819,snake_case_reference,
p-and-l,full_pnl_business_cost_variance,warning_id,snake_case,1,lib,lib\reconciliation\reconciliationRules.js,lib\reconciliation\reconciliationRules.js,401,object_key,
p-and-l,full_pnl_business_cost_variance_percent,warning_id,snake_case,1,lib,lib\reconciliation\reconciliationRules.js,lib\reconciliation\reconciliationRules.js,403,object_key,
p-and-l,full_pnl_variance_amount,warning_id,snake_case,4,lib,lib\reconciliation\reconciliationRules.js,lib\reconciliation\reconciliationRules.js,154,declaration | warning_id,
p-and-l,full_pnl_variance_percent,warning_id,snake_case,4,lib,lib\reconciliation\reconciliationRules.js,lib\reconciliation\reconciliationRules.js,157,declaration | warning_id,
p-and-l,gating_enabled,warning_id,snake_case,1,components,components\p-and-l\ProfitAndLossMainCard.jsx,components\p-and-l\ProfitAndLossMainCard.jsx,355,snake_case_reference,
p-and-l,imported_cogs_review_required,warning_id,snake_case,2,components | lib,components\p-and-l\ProfitAndLossQuickImportPanel.jsx | lib\p-and-l\profitAndLossExcelImporter.js,components\p-and-l\ProfitAndLossQuickImportPanel.jsx,52,warning_id,appears_in_multiple_files
p-and-l,imported_review_required,warning_id,snake_case,3,components | lib,components\p-and-l\ProfitAndLossProgressPanel.jsx | lib\calculations\profitAndLossCalculations.js | lib\selectors\profitAndLossSelectors.js,components\p-and-l\ProfitAndLossProgressPanel.jsx,12,warning_id,appears_in_multiple_files
p-and-l,labour_recovery_shortfall,warning_id,snake_case,5,components,components\rate-builder\RateBuilderPnlLabourBenchmarkCard.jsx,components\rate-builder\RateBuilderPnlLabourBenchmarkCard.jsx,54,declaration | warning_id,
p-and-l,not_reviewed,warning_id,snake_case,15,components | lib,components\p-and-l\ProfitAndLossOperatingExpenseGroup.jsx | components\p-and-l\ProfitAndLossQuickImportPanel.jsx | lib\calculations\profitAndLossCalculations.js | lib\storage\profitAndLossProfileStorage.js | lib\storage\profitAndLossStorage.js,components\p-and-l\ProfitAndLossOperatingExpenseGroup.jsx,516,quoted_object_key | warning_id,appears_in_multiple_files
p-and-l,on_click,warning_id,snake_case,1,components,components\p-and-l\ProfitAndLossMainCard.jsx,components\p-and-l\ProfitAndLossMainCard.jsx,357,snake_case_reference,
p-and-l,on_continue_to_overheads,warning_id,snake_case,1,components,components\p-and-l\ProfitAndLossMainCard.jsx,components\p-and-l\ProfitAndLossMainCard.jsx,357,snake_case_reference,
p-and-l,other_review_required,warning_id,snake_case,5,components | lib,components\p-and-l\ProfitAndLossOperatingExpenseGroup.jsx | lib\p-and-l\profitAndLossClassificationRules.js | lib\p-and-l\profitAndLossGroupingRules.js,components\p-and-l\ProfitAndLossOperatingExpenseGroup.jsx,144,quoted_object_key | warning_id,appears_in_multiple_files
p-and-l,pnl_business_cost_variance,warning_id,snake_case,5,app | lib,app\dev\model-readiness\page.jsx | app\model-readiness\page.jsx | lib\reconciliation\moduleReconciliation.js | lib\reconciliation\reconciliationRules.js,app\dev\model-readiness\page.jsx,97,object_key | warning_id,appears_in_multiple_files
p-and-l,pnl_business_cost_variance_percent,warning_id,snake_case,9,app | components | lib,app\dev\model-readiness\page.jsx | app\model-readiness\page.jsx | components\model-readiness\ModelReadinessStatusStrip.jsx | lib\reconciliation\moduleReconciliation.js | lib\reconciliation\reconciliationRules.js,app\dev\model-readiness\page.jsx,99,object_key | warning_id,appears_in_multiple_files
p-and-l,pnl_recovery_gap_to_cost_rate,warning_id,snake_case,11,lib,lib\actions\rate-builder\rateBuilderLabourRateModelActions.js | lib\calculations\labourCalculations.js | lib\selectors\rate-builder\rateBuilderLabourModelSelectors.js | lib\selectors\rate-builder\rateBuilderLabourSourceSelectors.js,lib\actions\rate-builder\rateBuilderLabourRateModelActions.js,177,object_key | warning_id,appears_in_multiple_files
p-and-l,pnl_recovery_gap_to_labour_cost,warning_id,snake_case,4,components,components\rate-builder\RateBuilderPnlLabourBenchmarkCard.jsx,components\rate-builder\RateBuilderPnlLabourBenchmarkCard.jsx,68,declaration | warning_id,
p-and-l,review_count,warning_id,snake_case,2,components,components\p-and-l\ProfitAndLossProgressPanel.jsx,components\p-and-l\ProfitAndLossProgressPanel.jsx,62,object_key | snake_case_reference,multiple_roles_detected
p-and-l,review_required,warning_id,snake_case,33,components | lib,components\p-and-l\ProfitAndLossCostOfSalesLineRow.jsx | components\p-and-l\ProfitAndLossLineRow.jsx | components\p-and-l\ProfitAndLossOperatingExpenseGroup.jsx | components\p-and-l\ProfitAndLossProgressPanel.jsx | components\p-and-l\ProfitAndLossQuickImportPanel.jsx | components\p-and-l\ProfitAndLossSectionBlock.jsx | lib\calculations\profitAndLossCalculations.js | lib\p-and-l\profitAndLossClassificationRules.js | lib\p-and-l\profitAndLossGroupingRules.js | lib\selectors\profitAndLossSelectors.js | lib\storage\profitAndLossStorage.js,components\p-and-l\ProfitAndLossCostOfSalesLineRow.jsx,110,quoted_object_key | warning_id,appears_in_multiple_files
p-and-l,review_required_count,warning_id,snake_case,1,lib,lib\calculations\profitAndLossCalculations.js,lib\calculations\profitAndLossCalculations.js,350,object_key,
p-and-l,review_required_lines,warning_id,snake_case,4,lib,lib\calculations\profitAndLossCalculations.js,lib\calculations\profitAndLossCalculations.js,288,declaration | warning_id,
p-and-l,unmatched_lines,warning_id,snake_case,3,app | components,app\api\pnl-import\route.js | components\p-and-l\ProfitAndLossQuickImportPanel.jsx,app\api\pnl-import\route.js,166,object_key | snake_case_reference,multiple_roles_detected | appears_in_multiple_files
p-and-l,Action,object_field,PascalCase,1,components,components\p-and-l\ProfitAndLossMainCard.jsx,components\p-and-l\ProfitAndLossMainCard.jsx,137,object_key,
p-and-l,Adjustment,object_field,PascalCase,1,components,components\p-and-l\ProfitAndLossOperatingExpenseGroup.jsx,components\p-and-l\ProfitAndLossOperatingExpenseGroup.jsx,667,object_key,
p-and-l,Amount,object_field,PascalCase,2,components,components\p-and-l\ProfitAndLossMainCard.jsx | components\p-and-l\ProfitAndLossQuickImportPanel.jsx,components\p-and-l\ProfitAndLossMainCard.jsx,131,object_key,appears_in_multiple_files
p-and-l,Category,object_field,PascalCase,1,components,components\p-and-l\ProfitAndLossMainCard.jsx,components\p-and-l\ProfitAndLossMainCard.jsx,134,object_key,
p-and-l,Cost,object_field,PascalCase,1,components,components\p-and-l\ProfitAndLossOperatingExpenseGroup.jsx,components\p-and-l\ProfitAndLossOperatingExpenseGroup.jsx,663,object_key,
p-and-l,Editing,object_field,PascalCase,1,components,components\p-and-l\ProfitAndLossHeaderPanel.jsx,components\p-and-l\ProfitAndLossHeaderPanel.jsx,49,object_key,
p-and-l,Error,object_field,PascalCase,1,app,app\api\pnl-import\route.js,app\api\pnl-import\route.js,65,object_key,
p-and-l,Example,object_field,PascalCase,1,components,components\p-and-l\ProfitAndLossCustomDirectCostCategoryPanel.jsx,components\p-and-l\ProfitAndLossCustomDirectCostCategoryPanel.jsx,35,object_key,
p-and-l,Leak,object_field,PascalCase,1,components,components\rate-builder\RateBuilderPnlLabourBenchmarkCard.jsx,components\rate-builder\RateBuilderPnlLabourBenchmarkCard.jsx,185,object_key,
p-and-l,Loaded,object_field,PascalCase,1,hooks,hooks\useProfitAndLoss.js,hooks\useProfitAndLoss.js,95,object_key,
p-and-l,Meaning,object_field,PascalCase,1,components,components\rate-builder\RateBuilderPnlLabourBenchmarkCard.jsx,components\rate-builder\RateBuilderPnlLabourBenchmarkCard.jsx,199,object_key,
p-and-l,Model,object_field,PascalCase,1,components,components\p-and-l\ProfitAndLossOperatingExpenseGroup.jsx,components\p-and-l\ProfitAndLossOperatingExpenseGroup.jsx,659,object_key,
p-and-l,Name,object_field,PascalCase,1,components,components\p-and-l\ProfitAndLossMainCard.jsx,components\p-and-l\ProfitAndLossMainCard.jsx,128,object_key,
p-and-l,Next,object_field,PascalCase,1,components,components\p-and-l\ProfitAndLossMainCard.jsx,components\p-and-l\ProfitAndLossMainCard.jsx,353,object_key,
p-and-l,Optional,object_field,PascalCase,1,components,components\p-and-l\ProfitAndLossQuickImportPanel.jsx,components\p-and-l\ProfitAndLossQuickImportPanel.jsx,707,object_key,
p-and-l,Purpose,object_field,PascalCase,1,lib,lib\p-and-l\profitAndLossExcelImporter.js,lib\p-and-l\profitAndLossExcelImporter.js,8,object_key,
p-and-l,Required,object_field,PascalCase,1,components,components\p-and-l\ProfitAndLossOperatingExpenseGroup.jsx,components\p-and-l\ProfitAndLossOperatingExpenseGroup.jsx,655,object_key,
p-and-l,STDERR,object_field,PascalCase,1,app,app\api\pnl-import\route.js,app\api\pnl-import\route.js,81,object_key,
p-and-l,STDOUT,object_field,PascalCase,1,app,app\api\pnl-import\route.js,app\api\pnl-import\route.js,82,object_key,
p-and-l,Saved,object_field,PascalCase,2,components | hooks,components\p-and-l\ProfitAndLossProfilesCard.jsx | hooks\useProfitAndLoss.js,components\p-and-l\ProfitAndLossProfilesCard.jsx,31,object_key,appears_in_multiple_files
p-and-l,Section,object_field,PascalCase,1,components,components\p-and-l\ProfitAndLossMainCard.jsx,components\p-and-l\ProfitAndLossMainCard.jsx,125,object_key,
p-and-l,Source,object_field,PascalCase,1,components,components\p-and-l\ProfitAndLossQuickImportPanel.jsx,components\p-and-l\ProfitAndLossQuickImportPanel.jsx,758,object_key,
p-and-l,Suggested,object_field,PascalCase,3,lib,lib\p-and-l\profitAndLossClassificationRules.js,lib\p-and-l\profitAndLossClassificationRules.js,498,object_key,
p-and-l,Surplus,object_field,PascalCase,1,components,components\rate-builder\RateBuilderPnlLabourBenchmarkCard.jsx,components\rate-builder\RateBuilderPnlLabourBenchmarkCard.jsx,182,object_key,
p-and-l,amount,object_field,plain,42,components | lib,components\p-and-l\ProfitAndLossQuickImportPanel.jsx | lib\storage\profitAndLossProfileStorage.js | lib\storage\profitAndLossStorage.js,components\p-and-l\ProfitAndLossQuickImportPanel.jsx,385,object_key | quoted_object_key,appears_in_multiple_files
p-and-l,asset_finance_exclude,object_field,snake_case,4,components | lib,components\p-and-l\ProfitAndLossOperatingExpenseGroup.jsx | lib\storage\profitAndLossProfileStorage.js | lib\storage\profitAndLossStorage.js,components\p-and-l\ProfitAndLossOperatingExpenseGroup.jsx,511,quoted_object_key,appears_in_multiple_files
p-and-l,assets,object_field,plain,4,components | lib,components\p-and-l\ProfitAndLossOperatingExpenseGroup.jsx | lib\p-and-l\profitAndLossClassificationRules.js | lib\storage\profitAndLossProfileStorage.js,components\p-and-l\ProfitAndLossOperatingExpenseGroup.jsx,484,quoted_object_key,appears_in_multiple_files
p-and-l,bad,object_field,plain,1,components,components\p-and-l\ProfitAndLossStatusStrip.jsx,components\p-and-l\ProfitAndLossStatusStrip.jsx,7,quoted_object_key,
p-and-l,blankrows,object_field,plain,1,lib,lib\p-and-l\profitAndLossExcelImporter.js,lib\p-and-l\profitAndLossExcelImporter.js,275,object_key,
p-and-l,body,object_field,plain,1,components,components\p-and-l\ProfitAndLossQuickImportPanel.jsx,components\p-and-l\ProfitAndLossQuickImportPanel.jsx,536,object_key,
p-and-l,categories,object_field,plain,1,lib,lib\storage\profitAndLossProfileStorage.js,lib\storage\profitAndLossProfileStorage.js,71,object_key,
p-and-l,category_id,object_field,snake_case,13,components | lib,components\p-and-l\ProfitAndLossCustomDirectCostCategoryPanel.jsx | components\p-and-l\ProfitAndLossQuickImportPanel.jsx | lib\p-and-l\profitAndLossExcelImporter.js | lib\storage\profitAndLossStorage.js,components\p-and-l\ProfitAndLossCustomDirectCostCategoryPanel.jsx,50,object_key,appears_in_multiple_files
p-and-l,category_name,object_field,snake_case,12,lib,lib\p-and-l\profitAndLossExcelImporter.js | lib\storage\profitAndLossStorage.js,lib\p-and-l\profitAndLossExcelImporter.js,82,object_key,appears_in_multiple_files
p-and-l,cellDates,object_field,camelCase,1,lib,lib\p-and-l\profitAndLossExcelImporter.js,lib\p-and-l\profitAndLossExcelImporter.js,260,object_key,
p-and-l,changes,object_field,plain,1,hooks,hooks\useProfitAndLoss.js,hooks\useProfitAndLoss.js,85,object_key,
p-and-l,cogs,object_field,plain,5,components | lib,components\p-and-l\ProfitAndLossOperatingExpenseGroup.jsx | lib\p-and-l\profitAndLossClassificationRules.js | lib\storage\profitAndLossProfileStorage.js | lib\storage\profitAndLossStorage.js,components\p-and-l\ProfitAndLossOperatingExpenseGroup.jsx,490,quoted_object_key,appears_in_multiple_files
p-and-l,cogs_hire,object_field,snake_case,3,lib,lib\storage\profitAndLossProfileStorage.js | lib\storage\profitAndLossStorage.js,lib\storage\profitAndLossProfileStorage.js,41,quoted_object_key,appears_in_multiple_files
p-and-l,cogs_materials,object_field,snake_case,3,lib,lib\storage\profitAndLossProfileStorage.js | lib\storage\profitAndLossStorage.js,lib\storage\profitAndLossProfileStorage.js,39,quoted_object_key,appears_in_multiple_files
p-and-l,cogs_subcontract,object_field,snake_case,3,lib,lib\storage\profitAndLossProfileStorage.js | lib\storage\profitAndLossStorage.js,lib\storage\profitAndLossProfileStorage.js,40,quoted_object_key,appears_in_multiple_files
p-and-l,contains_asset_finance_interest,object_field,snake_case,1,components,components\p-and-l\ProfitAndLossOperatingExpenseGroup.jsx,components\p-and-l\ProfitAndLossOperatingExpenseGroup.jsx,510,quoted_object_key,
p-and-l,cost_of_sales,object_field,snake_case,4,components,components\p-and-l\ProfitAndLossQuickImportPanel.jsx | components\p-and-l\ProfitAndLossSectionBlock.jsx,components\p-and-l\ProfitAndLossQuickImportPanel.jsx,437,object_key | quoted_object_key,appears_in_multiple_files
p-and-l,created_at,object_field,snake_case,17,components | lib,components\p-and-l\ProfitAndLossCustomDirectCostCategoryPanel.jsx | components\p-and-l\ProfitAndLossQuickImportPanel.jsx | lib\p-and-l\profitAndLossExcelImporter.js | lib\storage\profitAndLossProfileStorage.js | lib\storage\profitAndLossStorage.js,components\p-and-l\ProfitAndLossCustomDirectCostCategoryPanel.jsx,54,object_key,appears_in_multiple_files
p-and-l,currency,object_field,plain,1,components,components\p-and-l\ProfitAndLossReconciliationPanel.jsx,components\p-and-l\ProfitAndLossReconciliationPanel.jsx,10,object_key,
p-and-l,cwd,object_field,plain,1,app,app\api\pnl-import\route.js,app\api\pnl-import\route.js,42,object_key,
p-and-l,defaultOpen,object_field,camelCase,17,lib,lib\p-and-l\profitAndLossGroupingRules.js,lib\p-and-l\profitAndLossGroupingRules.js,189,object_key,
p-and-l,defval,object_field,plain,1,lib,lib\p-and-l\profitAndLossExcelImporter.js,lib\p-and-l\profitAndLossExcelImporter.js,274,object_key,
p-and-l,detected,object_field,plain,1,components,components\rate-builder\RateBuilderPnlLabourBenchmarkCard.jsx,components\rate-builder\RateBuilderPnlLabourBenchmarkCard.jsx,127,object_key,
p-and-l,direct,object_field,plain,4,components,components\p-and-l\ProfitAndLossCostOfSalesLineRow.jsx,components\p-and-l\ProfitAndLossCostOfSalesLineRow.jsx,42,object_key,
p-and-l,direct_cost_categories,object_field,snake_case,6,components | lib,components\p-and-l\ProfitAndLossQuickImportPanel.jsx | lib\storage\profitAndLossProfileStorage.js | lib\storage\profitAndLossStorage.js,components\p-and-l\ProfitAndLossQuickImportPanel.jsx,417,object_key,appears_in_multiple_files
p-and-l,direct_cost_category_id,object_field,snake_case,23,components | lib,components\p-and-l\ProfitAndLossQuickImportPanel.jsx | lib\storage\profitAndLossProfileStorage.js | lib\storage\profitAndLossStorage.js,components\p-and-l\ProfitAndLossQuickImportPanel.jsx,75,object_key,appears_in_multiple_files
p-and-l,employee_overheads,object_field,snake_case,3,components | lib,components\p-and-l\ProfitAndLossOperatingExpenseGroup.jsx | lib\p-and-l\profitAndLossGroupingRules.js | lib\storage\profitAndLossProfileStorage.js,components\p-and-l\ProfitAndLossOperatingExpenseGroup.jsx,478,quoted_object_key,appears_in_multiple_files
p-and-l,excluded,object_field,plain,2,components | lib,components\p-and-l\ProfitAndLossOperatingExpenseGroup.jsx | lib\p-and-l\profitAndLossClassificationRules.js,components\p-and-l\ProfitAndLossOperatingExpenseGroup.jsx,488,quoted_object_key,appears_in_multiple_files
p-and-l,executable,object_field,plain,2,app,app\api\pnl-import\route.js,app\api\pnl-import\route.js,63,object_key,
p-and-l,facilities_premises,object_field,snake_case,1,lib,lib\p-and-l\profitAndLossGroupingRules.js,lib\p-and-l\profitAndLossGroupingRules.js,79,quoted_object_key,
p-and-l,file,object_field,plain,1,components,components\p-and-l\ProfitAndLossQuickImportPanel.jsx,components\p-and-l\ProfitAndLossQuickImportPanel.jsx,685,object_key,
p-and-l,finance_admin,object_field,snake_case,1,lib,lib\p-and-l\profitAndLossGroupingRules.js,lib\p-and-l\profitAndLossGroupingRules.js,69,quoted_object_key,
p-and-l,finance_interest,object_field,snake_case,2,components | lib,components\p-and-l\ProfitAndLossOperatingExpenseGroup.jsx | lib\p-and-l\profitAndLossGroupingRules.js,components\p-and-l\ProfitAndLossOperatingExpenseGroup.jsx,481,quoted_object_key,appears_in_multiple_files
p-and-l,financial_admin,object_field,snake_case,1,lib,lib\p-and-l\profitAndLossGroupingRules.js,lib\p-and-l\profitAndLossGroupingRules.js,70,quoted_object_key,
p-and-l,financial_year,object_field,snake_case,9,app | components | lib,app\api\pnl-import\route.js | components\p-and-l\ProfitAndLossQuickImportPanel.jsx | lib\p-and-l\profitAndLossExcelImporter.js | lib\storage\profitAndLossProfileStorage.js | lib\storage\profitAndLossStorage.js,app\api\pnl-import\route.js,163,object_key | quoted_object_key,appears_in_multiple_files
p-and-l,general_overhead_keep,object_field,snake_case,4,components | lib,components\p-and-l\ProfitAndLossOperatingExpenseGroup.jsx | lib\storage\profitAndLossProfileStorage.js | lib\storage\profitAndLossStorage.js,components\p-and-l\ProfitAndLossOperatingExpenseGroup.jsx,514,quoted_object_key,appears_in_multiple_files
p-and-l,general_overheads,object_field,snake_case,4,components | lib,components\p-and-l\ProfitAndLossOperatingExpenseGroup.jsx | lib\p-and-l\profitAndLossClassificationRules.js | lib\storage\profitAndLossProfileStorage.js,components\p-and-l\ProfitAndLossOperatingExpenseGroup.jsx,479,quoted_object_key,appears_in_multiple_files
p-and-l,group_key,object_field,snake_case,4,lib,lib\p-and-l\profitAndLossGroupingRules.js,lib\p-and-l\profitAndLossGroupingRules.js,334,object_key,
p-and-l,header,object_field,plain,1,lib,lib\p-and-l\profitAndLossExcelImporter.js,lib\p-and-l\profitAndLossExcelImporter.js,273,object_key,
p-and-l,help,object_field,plain,17,lib,lib\p-and-l\profitAndLossGroupingRules.js,lib\p-and-l\profitAndLossGroupingRules.js,188,object_key,
p-and-l,id,object_field,plain,3,lib,lib\storage\profitAndLossProfileStorage.js,lib\storage\profitAndLossProfileStorage.js,124,object_key,
p-and-l,import_source,object_field,snake_case,4,components | lib,components\p-and-l\ProfitAndLossQuickImportPanel.jsx | lib\p-and-l\profitAndLossExcelImporter.js,components\p-and-l\ProfitAndLossQuickImportPanel.jsx,392,object_key,appears_in_multiple_files
p-and-l,imported_pnl_overhead_rows,object_field,snake_case,1,hooks,hooks\useGeneralOverheads.js,hooks\useGeneralOverheads.js,487,object_key,
p-and-l,income,object_field,plain,2,components | lib,components\p-and-l\ProfitAndLossOperatingExpenseGroup.jsx | lib\p-and-l\profitAndLossClassificationRules.js,components\p-and-l\ProfitAndLossOperatingExpenseGroup.jsx,492,quoted_object_key,appears_in_multiple_files
p-and-l,insurance_compliance,object_field,snake_case,1,lib,lib\p-and-l\profitAndLossGroupingRules.js,lib\p-and-l\profitAndLossGroupingRules.js,76,quoted_object_key,
p-and-l,interest_treatment,object_field,snake_case,4,components | lib,components\p-and-l\ProfitAndLossQuickImportPanel.jsx | lib\storage\profitAndLossProfileStorage.js | lib\storage\profitAndLossStorage.js,components\p-and-l\ProfitAndLossQuickImportPanel.jsx,388,object_key,appears_in_multiple_files
p-and-l,key,object_field,plain,17,lib,lib\p-and-l\profitAndLossGroupingRules.js,lib\p-and-l\profitAndLossGroupingRules.js,186,object_key,
p-and-l,labour,object_field,plain,4,components | lib,components\p-and-l\ProfitAndLossOperatingExpenseGroup.jsx | lib\p-and-l\profitAndLossClassificationRules.js | lib\storage\profitAndLossProfileStorage.js,components\p-and-l\ProfitAndLossOperatingExpenseGroup.jsx,476,quoted_object_key,appears_in_multiple_files
p-and-l,line,object_field,plain,2,components,components\p-and-l\ProfitAndLossCostOfSalesGroup.jsx | components\p-and-l\ProfitAndLossProgressPanel.jsx,components\p-and-l\ProfitAndLossCostOfSalesGroup.jsx,21,quoted_object_key,appears_in_multiple_files
p-and-l,line_items,object_field,snake_case,2,app | components,app\api\pnl-import\route.js | components\p-and-l\ProfitAndLossQuickImportPanel.jsx,app\api\pnl-import\route.js,165,object_key | quoted_object_key,appears_in_multiple_files
p-and-l,line_name,object_field,snake_case,40,components | lib,components\p-and-l\ProfitAndLossQuickImportPanel.jsx | lib\p-and-l\profitAndLossExcelImporter.js | lib\storage\profitAndLossProfileStorage.js | lib\storage\profitAndLossStorage.js,components\p-and-l\ProfitAndLossQuickImportPanel.jsx,717,object_key | quoted_object_key,appears_in_multiple_files
p-and-l,lines,object_field,plain,5,lib,lib\p-and-l\profitAndLossGroupingRules.js,lib\p-and-l\profitAndLossGroupingRules.js,268,object_key,
p-and-l,matched_pnl_cog_account,object_field,snake_case,1,lib,lib\imports\xeroCogImporter.js,lib\imports\xeroCogImporter.js,239,object_key,
p-and-l,matters,object_field,plain,1,components,components\p-and-l\ProfitAndLossHeaderPanel.jsx,components\p-and-l\ProfitAndLossHeaderPanel.jsx,22,object_key,
p-and-l,maximumFractionDigits,object_field,camelCase,3,components | lib,components\p-and-l\ProfitAndLossOperatingExpenseGroup.jsx | components\p-and-l\ProfitAndLossReconciliationPanel.jsx | lib\p-and-l\profitAndLossFormatters.js,components\p-and-l\ProfitAndLossOperatingExpenseGroup.jsx,13,object_key,appears_in_multiple_files
p-and-l,method,object_field,plain,1,components,components\p-and-l\ProfitAndLossQuickImportPanel.jsx,components\p-and-l\ProfitAndLossQuickImportPanel.jsx,535,object_key,
p-and-l,minimumFractionDigits,object_field,camelCase,2,components | lib,components\p-and-l\ProfitAndLossOperatingExpenseGroup.jsx | lib\p-and-l\profitAndLossFormatters.js,components\p-and-l\ProfitAndLossOperatingExpenseGroup.jsx,12,object_key,appears_in_multiple_files
p-and-l,mixed_finance,object_field,snake_case,1,components,components\p-and-l\ProfitAndLossOperatingExpenseGroup.jsx,components\p-and-l\ProfitAndLossOperatingExpenseGroup.jsx,482,quoted_object_key,
p-and-l,month,object_field,plain,2,hooks | lib,hooks\useProfitAndLoss.js | lib\storage\profitAndLossProfileStorage.js,hooks\useProfitAndLoss.js,79,object_key,appears_in_multiple_files
p-and-l,monthly,object_field,plain,2,hooks | lib,hooks\useProfitAndLoss.js | lib\storage\profitAndLossProfileStorage.js,hooks\useProfitAndLoss.js,80,quoted_object_key,appears_in_multiple_files
p-and-l,no_asset_finance_interest,object_field,snake_case,1,components,components\p-and-l\ProfitAndLossOperatingExpenseGroup.jsx,components\p-and-l\ProfitAndLossOperatingExpenseGroup.jsx,513,quoted_object_key,
p-and-l,office_admin,object_field,snake_case,1,lib,lib\p-and-l\profitAndLossGroupingRules.js,lib\p-and-l\profitAndLossGroupingRules.js,73,quoted_object_key,
p-and-l,ok,object_field,plain,5,app,app\api\pnl-import\route.js,app\api\pnl-import\route.js,106,object_key,
p-and-l,on_delete,object_field,snake_case,1,hooks,hooks\useProfitAndLoss.js,hooks\useProfitAndLoss.js,129,object_key,
p-and-l,on_load,object_field,snake_case,1,hooks,hooks\useProfitAndLoss.js,hooks\useProfitAndLoss.js,128,object_key,
p-and-l,on_save,object_field,snake_case,1,hooks,hooks\useProfitAndLoss.js,hooks\useProfitAndLoss.js,127,object_key,
p-and-l,on_toggle_saved_snapshots,object_field,snake_case,1,hooks,hooks\useProfitAndLoss.js,hooks\useProfitAndLoss.js,130,object_key,
p-and-l,operating_expenses,object_field,snake_case,4,components,components\p-and-l\ProfitAndLossQuickImportPanel.jsx | components\p-and-l\ProfitAndLossSectionBlock.jsx,components\p-and-l\ProfitAndLossQuickImportPanel.jsx,439,object_key | quoted_object_key,appears_in_multiple_files
p-and-l,other_income,object_field,snake_case,4,components,components\p-and-l\ProfitAndLossQuickImportPanel.jsx | components\p-and-l\ProfitAndLossSectionBlock.jsx,components\p-and-l\ProfitAndLossQuickImportPanel.jsx,438,object_key | quoted_object_key,appears_in_multiple_files
p-and-l,path,object_field,plain,2,app,app\api\pnl-import\route.js,app\api\pnl-import\route.js,64,object_key,
p-and-l,penalties_non_deductible,object_field,snake_case,1,lib,lib\p-and-l\profitAndLossGroupingRules.js,lib\p-and-l\profitAndLossGroupingRules.js,88,quoted_object_key,
p-and-l,period_key,object_field,snake_case,1,lib,lib\storage\profitAndLossProfileStorage.js,lib\storage\profitAndLossProfileStorage.js,133,object_key,
p-and-l,period_month,object_field,snake_case,8,app | components | lib,app\api\pnl-import\route.js | components\p-and-l\ProfitAndLossQuickImportPanel.jsx | lib\p-and-l\profitAndLossExcelImporter.js | lib\storage\profitAndLossProfileStorage.js | lib\storage\profitAndLossStorage.js,app\api\pnl-import\route.js,164,object_key | quoted_object_key,appears_in_multiple_files
p-and-l,pnl,object_field,plain,5,components | lib,components\model-readiness\ModelReadinessVarianceBreakdown.jsx | lib\audit\buildLiveAuditSnapshotExport.js,components\model-readiness\ModelReadinessVarianceBreakdown.jsx,214,object_key,appears_in_multiple_files
p-and-l,pnlData,object_field,camelCase,1,components,components\model-readiness\ModelReadinessAuditPanel.jsx,components\model-readiness\ModelReadinessAuditPanel.jsx,238,object_key,
p-and-l,pnl_amount,object_field,snake_case,4,lib,lib\imports\xeroCogImporter.js,lib\imports\xeroCogImporter.js,194,object_key,
p-and-l,pnl_asset_cost,object_field,snake_case,2,components | lib,components\model-readiness\ModelReadinessAuditPanel.jsx | lib\audit\buildLiveAuditSnapshotExport.js,components\model-readiness\ModelReadinessAuditPanel.jsx,147,object_key,appears_in_multiple_files
p-and-l,pnl_baseline_cost,object_field,snake_case,2,components | lib,components\model-readiness\ModelReadinessAuditPanel.jsx | lib\audit\buildLiveAuditSnapshotExport.js,components\model-readiness\ModelReadinessAuditPanel.jsx,133,object_key,appears_in_multiple_files
p-and-l,pnl_benchmark_total,object_field,snake_case,1,hooks,hooks\useLabour.js,hooks\useLabour.js,209,object_key,
p-and-l,pnl_business_cost,object_field,snake_case,3,lib,lib\reconciliation\reconciliationRules.js,lib\reconciliation\reconciliationRules.js,304,object_key,
p-and-l,pnl_cogs_total,object_field,snake_case,1,lib,lib\imports\xeroCogImporter.js,lib\imports\xeroCogImporter.js,580,object_key,
p-and-l,pnl_default_group,object_field,snake_case,3,lib,lib\imports\xeroCogImporter.js,lib\imports\xeroCogImporter.js,185,object_key,
p-and-l,pnl_depreciation,object_field,snake_case,2,components | lib,components\model-readiness\ModelReadinessAuditPanel.jsx | lib\audit\buildLiveAuditSnapshotExport.js,components\model-readiness\ModelReadinessAuditPanel.jsx,161,object_key,appears_in_multiple_files
p-and-l,pnl_direct_cost_account_line_count,object_field,snake_case,1,lib,lib\imports\xeroCogImporter.js,lib\imports\xeroCogImporter.js,570,object_key,
p-and-l,pnl_direct_labour,object_field,snake_case,1,lib,lib\storage\revenueSummaryStorage.js,lib\storage\revenueSummaryStorage.js,8,object_key,
p-and-l,pnl_general_overheads,object_field,snake_case,2,components | lib,components\model-readiness\ModelReadinessAuditPanel.jsx | lib\audit\buildLiveAuditSnapshotExport.js,components\model-readiness\ModelReadinessAuditPanel.jsx,154,object_key,appears_in_multiple_files
p-and-l,pnl_implied_recovered_rate,object_field,snake_case,1,lib,lib\actions\rate-builder\rateBuilderLabourRateModelActions.js,lib\actions\rate-builder\rateBuilderLabourRateModelActions.js,175,object_key,
p-and-l,pnl_interest,object_field,snake_case,2,components | lib,components\model-readiness\ModelReadinessAuditPanel.jsx | lib\audit\buildLiveAuditSnapshotExport.js,components\model-readiness\ModelReadinessAuditPanel.jsx,168,object_key,appears_in_multiple_files
p-and-l,pnl_labour_cost,object_field,snake_case,2,components | lib,components\model-readiness\ModelReadinessAuditPanel.jsx | lib\audit\buildLiveAuditSnapshotExport.js,components\model-readiness\ModelReadinessAuditPanel.jsx,140,object_key,appears_in_multiple_files
p-and-l,pnl_line_id,object_field,snake_case,5,components | hooks | lib,components\p-and-l\ProfitAndLossQuickImportPanel.jsx | hooks\useGeneralOverheads.js | lib\p-and-l\profitAndLossExcelImporter.js | lib\storage\profitAndLossProfileStorage.js | lib\storage\profitAndLossStorage.js,components\p-and-l\ProfitAndLossQuickImportPanel.jsx,383,object_key,appears_in_multiple_files
p-and-l,pnl_lines,object_field,snake_case,7,components | lib,components\p-and-l\ProfitAndLossQuickImportPanel.jsx | lib\storage\profitAndLossProfileStorage.js | lib\storage\profitAndLossStorage.js,components\p-and-l\ProfitAndLossQuickImportPanel.jsx,620,object_key,appears_in_multiple_files
p-and-l,pnl_recovery_inputs,object_field,snake_case,1,hooks,hooks\useLabour.js,hooks\useLabour.js,233,object_key,
p-and-l,pnl_total,object_field,snake_case,2,components | lib,components\revenue-cogs\RevenueCogXeroImportPanel.jsx | lib\imports\xeroCogImporter.js,components\revenue-cogs\RevenueCogXeroImportPanel.jsx,228,object_key,appears_in_multiple_files
p-and-l,ready_count,object_field,snake_case,1,components,components\p-and-l\ProfitAndLossProgressPanel.jsx,components\p-and-l\ProfitAndLossProgressPanel.jsx,61,object_key,
p-and-l,recovery_multiplier,object_field,snake_case,1,components,components\rate-builder\RateBuilderPnlLabourBenchmarkCard.jsx,components\rate-builder\RateBuilderPnlLabourBenchmarkCard.jsx,66,object_key,
p-and-l,recursive,object_field,plain,1,app,app\api\pnl-import\route.js,app\api\pnl-import\route.js,137,object_key,
p-and-l,reset_profit_and_loss_state,object_field,snake_case,1,hooks,hooks\useProfitAndLoss.js,hooks\useProfitAndLoss.js,126,object_key,
p-and-l,revenue,object_field,plain,3,lib,lib\p-and-l\profitAndLossClassificationRules.js | lib\storage\profitAndLossProfileStorage.js | lib\storage\profitAndLossStorage.js,lib\p-and-l\profitAndLossClassificationRules.js,196,quoted_object_key,appears_in_multiple_files
p-and-l,review_subcategory,object_field,snake_case,58,components | lib,components\p-and-l\ProfitAndLossOperatingExpenseGroup.jsx | components\p-and-l\ProfitAndLossQuickImportPanel.jsx | lib\p-and-l\profitAndLossClassificationRules.js | lib\storage\profitAndLossProfileStorage.js | lib\storage\profitAndLossStorage.js,components\p-and-l\ProfitAndLossOperatingExpenseGroup.jsx,56,object_key,appears_in_multiple_files
p-and-l,sales_growth,object_field,snake_case,1,lib,lib\p-and-l\profitAndLossGroupingRules.js,lib\p-and-l\profitAndLossGroupingRules.js,82,quoted_object_key,
p-and-l,set_profit_and_loss_state,object_field,snake_case,1,lib,lib\storage\profitAndLossStorage.js,lib\storage\profitAndLossStorage.js,626,object_key,
p-and-l,shell,object_field,plain,1,app,app\api\pnl-import\route.js,app\api\pnl-import\route.js,43,object_key,
p-and-l,source_file,object_field,snake_case,3,app | components | lib,app\api\pnl-import\route.js | components\p-and-l\ProfitAndLossQuickImportPanel.jsx | lib\p-and-l\profitAndLossExcelImporter.js,app\api\pnl-import\route.js,161,object_key,appears_in_multiple_files
p-and-l,source_pnl_line_id,object_field,snake_case,2,hooks,hooks\useGeneralOverheads.js,hooks\useGeneralOverheads.js,117,object_key,
p-and-l,source_sheet_name,object_field,snake_case,1,lib,lib\p-and-l\profitAndLossExcelImporter.js,lib\p-and-l\profitAndLossExcelImporter.js,340,object_key,
p-and-l,source_type,object_field,snake_case,7,app | components | lib,app\api\pnl-import\route.js | components\p-and-l\ProfitAndLossQuickImportPanel.jsx | lib\p-and-l\profitAndLossExcelImporter.js,app\api\pnl-import\route.js,162,object_key,appears_in_multiple_files
p-and-l,staff_overheads,object_field,snake_case,1,lib,lib\p-and-l\profitAndLossGroupingRules.js,lib\p-and-l\profitAndLossGroupingRules.js,58,quoted_object_key,
p-and-l,synced_pnl_overhead_items,object_field,snake_case,6,hooks | lib,hooks\useGeneralOverheads.js | lib\storage\generalOverheadStorage.js,hooks\useGeneralOverheads.js,342,object_key,appears_in_multiple_files
p-and-l,total,object_field,plain,1,components,components\p-and-l\ProfitAndLossMainCard.jsx,components\p-and-l\ProfitAndLossMainCard.jsx,43,quoted_object_key,
p-and-l,total_count,object_field,snake_case,3,components,components\p-and-l\ProfitAndLossProgressPanel.jsx,components\p-and-l\ProfitAndLossProgressPanel.jsx,63,object_key,
p-and-l,trading_income,object_field,snake_case,4,components,components\p-and-l\ProfitAndLossQuickImportPanel.jsx | components\p-and-l\ProfitAndLossSectionBlock.jsx,components\p-and-l\ProfitAndLossQuickImportPanel.jsx,436,object_key | quoted_object_key,appears_in_multiple_files
p-and-l,travel,object_field,plain,1,lib,lib\p-and-l\profitAndLossGroupingRules.js,lib\p-and-l\profitAndLossGroupingRules.js,85,quoted_object_key,
p-and-l,type,object_field,plain,3,hooks | lib,hooks\useProfitAndLoss.js | lib\p-and-l\profitAndLossExcelImporter.js | lib\storage\profitAndLossProfileStorage.js,hooks\useProfitAndLoss.js,80,object_key,appears_in_multiple_files
p-and-l,unassigned,object_field,plain,3,components | lib,components\p-and-l\ProfitAndLossOperatingExpenseGroup.jsx | lib\p-and-l\profitAndLossClassificationRules.js | lib\storage\profitAndLossProfileStorage.js,components\p-and-l\ProfitAndLossOperatingExpenseGroup.jsx,494,quoted_object_key,appears_in_multiple_files
p-and-l,unknown,object_field,plain,4,components | lib,components\p-and-l\ProfitAndLossOperatingExpenseGroup.jsx | lib\storage\profitAndLossProfileStorage.js | lib\storage\profitAndLossStorage.js,components\p-and-l\ProfitAndLossOperatingExpenseGroup.jsx,517,quoted_object_key,appears_in_multiple_files
p-and-l,updated_at,object_field,snake_case,18,components | lib,components\p-and-l\ProfitAndLossCustomDirectCostCategoryPanel.jsx | components\p-and-l\ProfitAndLossQuickImportPanel.jsx | lib\p-and-l\profitAndLossExcelImporter.js | lib\storage\profitAndLossProfileStorage.js | lib\storage\profitAndLossStorage.js,components\p-and-l\ProfitAndLossCustomDirectCostCategoryPanel.jsx,55,object_key,appears_in_multiple_files
p-and-l,vehicle_running_costs,object_field,snake_case,1,lib,lib\p-and-l\profitAndLossGroupingRules.js,lib\p-and-l\profitAndLossGroupingRules.js,62,quoted_object_key,
p-and-l,vehicles_running,object_field,snake_case,1,lib,lib\p-and-l\profitAndLossGroupingRules.js,lib\p-and-l\profitAndLossGroupingRules.js,63,quoted_object_key,
p-and-l,was_updated,object_field,snake_case,2,lib,lib\storage\profitAndLossProfileStorage.js,lib\storage\profitAndLossProfileStorage.js,229,object_key,
p-and-l,wip_treatment,object_field,snake_case,8,components | lib,components\p-and-l\ProfitAndLossOperatingExpenseGroup.jsx | lib\p-and-l\profitAndLossClassificationRules.js,components\p-and-l\ProfitAndLossOperatingExpenseGroup.jsx,421,object_key,appears_in_multiple_files
p-and-l,xero_pnl_difference,object_field,snake_case,1,lib,lib\imports\xeroCogImporter.js,lib\imports\xeroCogImporter.js,582,object_key,
quote-engine-legacy,blocked,output_contract_field,plain,2,components | lib,components\quote-engine\QuoteEngineStatusStrip.jsx | lib\calculations\quoteEngineCalculations.js,components\quote-engine\QuoteEngineStatusStrip.jsx,27,status_value,multiple_roles_detected | appears_in_multiple_files | downstream_contract_candidate | legacy_module_review_required
quote-engine-legacy,output_contract,output_contract_field,snake_case,9,hooks,hooks\useQuoteEngine.js,hooks\useQuoteEngine.js,108,output_contract_reference,downstream_contract_candidate | legacy_module_review_required
quote-engine-legacy,quote_state,output_contract_field,snake_case,3,hooks | lib,hooks\useQuoteEngine.js | lib\calculations\quoteEngineCalculations.js,hooks\useQuoteEngine.js,360,snake_case_reference,appears_in_multiple_files | downstream_contract_candidate | legacy_module_review_required
quote-engine-legacy,quote_result_status,status_field,snake_case,16,app | components | hooks | lib,app\quote-engine\page.jsx | components\quote-engine\QuoteEngineSideCard.jsx | components\quote-engine\QuoteEngineStatusStrip.jsx | hooks\useQuoteEngine.js | lib\selectors\quoteEngineSelectors.js,app\quote-engine\page.jsx,39,declaration | object_key | snake_case_reference,appears_in_multiple_files | legacy_module_review_required
quote-engine-legacy,quote_status,status_field,snake_case,9,components | hooks | lib,components\quote-engine\QuoteEngineMainCard.jsx | hooks\useQuoteEngine.js | lib\calculations\quoteEngineCalculations.js | lib\selectors\quoteEngineSelectors.js | lib\storage\quoteEngineStorage.js,components\quote-engine\QuoteEngineMainCard.jsx,177,object_key | snake_case_reference,appears_in_multiple_files | legacy_module_review_required
quote-engine-legacy,status,status_field,plain,1,hooks,hooks\useQuoteEngine.js,hooks\useQuoteEngine.js,373,declaration,legacy_module_review_required
quote-engine-legacy,has_invalid_input,readiness_field,snake_case,2,lib,lib\selectors\quoteEngineSelectors.js,lib\selectors\quoteEngineSelectors.js,148,declaration | warning_id,legacy_module_review_required
quote-engine-legacy,has_loaded_quote_store,readiness_field,snake_case,3,hooks,hooks\useQuoteEngine.js,hooks\useQuoteEngine.js,118,array_destructured_name | snake_case_reference,legacy_module_review_required
quote-engine-legacy,is_live_job,readiness_field,snake_case,9,components | hooks | lib,components\quote-engine\QuoteEngineMainCard.jsx | hooks\useQuoteEngine.js | lib\calculations\quoteEngineCalculations.js | lib\selectors\quoteEngineSelectors.js | lib\storage\quoteEngineStorage.js,components\quote-engine\QuoteEngineMainCard.jsx,390,object_key | snake_case_reference,appears_in_multiple_files | legacy_module_review_required
quote-engine-legacy,is_winning_quote,readiness_field,snake_case,9,components | hooks | lib,components\quote-engine\QuoteEngineMainCard.jsx | hooks\useQuoteEngine.js | lib\calculations\quoteEngineCalculations.js | lib\selectors\quoteEngineSelectors.js | lib\storage\quoteEngineStorage.js,components\quote-engine\QuoteEngineMainCard.jsx,379,object_key | snake_case_reference,appears_in_multiple_files | legacy_module_review_required
quote-engine-legacy,quote_warnings,warnings_field,snake_case,10,app | components | hooks | lib,app\quote-engine\page.jsx | components\quote-engine\QuoteEngineStatusStrip.jsx | hooks\useQuoteEngine.js | lib\selectors\quoteEngineSelectors.js,app\quote-engine\page.jsx,40,object_key | warning_id,appears_in_multiple_files | legacy_module_review_required
quote-engine-legacy,warnings,warnings_field,plain,1,lib,lib\selectors\quoteEngineSelectors.js,lib\selectors\quoteEngineSelectors.js,28,declaration,legacy_module_review_required
quote-engine-legacy,adjusted_business_recovery_required_total,warning_id,snake_case,2,lib,lib\selectors\quoteEngineSelectors.js,lib\selectors\quoteEngineSelectors.js,487,declaration | warning_id,legacy_module_review_required
quote-engine-legacy,adjusted_quote_gap,warning_id,snake_case,5,components | lib,components\quote-engine\QuoteEngineRepairPanel.jsx | lib\selectors\quoteEngineSelectors.js,components\quote-engine\QuoteEngineRepairPanel.jsx,98,declaration | warning_id,appears_in_multiple_files | legacy_module_review_required
quote-engine-legacy,business_recovery_required_total,warning_id,snake_case,11,components | lib,components\quote-engine\QuoteEngineSideCard.jsx | lib\calculations\quoteEngineCalculations.js | lib\selectors\quoteEngineSelectors.js,components\quote-engine\QuoteEngineSideCard.jsx,69,declaration | object_key | warning_id,appears_in_multiple_files | legacy_module_review_required
quote-engine-legacy,client_name,warning_id,snake_case,4,lib,lib\selectors\quoteEngineSelectors.js | lib\storage\quoteEngineStorage.js,lib\selectors\quoteEngineSelectors.js,56,object_key | snake_case_reference,multiple_roles_detected | appears_in_multiple_files | legacy_module_review_required
quote-engine-legacy,estimated_job_cost_total,warning_id,snake_case,1,lib,lib\selectors\quoteEngineSelectors.js,lib\selectors\quoteEngineSelectors.js,122,snake_case_reference,legacy_module_review_required
quote-engine-legacy,hourly_gap,warning_id,snake_case,10,app | components | lib,app\quote-engine\page.jsx | components\quote-engine\QuoteEngineSideCard.jsx | components\quote-engine\QuoteEngineStatusStrip.jsx | lib\calculations\quoteEngineCalculations.js | lib\selectors\quoteEngineSelectors.js,app\quote-engine\page.jsx,45,declaration | object_key | warning_id,appears_in_multiple_files | legacy_module_review_required
quote-engine-legacy,job_name,warning_id,snake_case,3,lib,lib\selectors\quoteEngineSelectors.js | lib\storage\quoteEngineStorage.js,lib\selectors\quoteEngineSelectors.js,48,object_key | snake_case_reference,multiple_roles_detected | appears_in_multiple_files | legacy_module_review_required
quote-engine-legacy,job_number,warning_id,snake_case,3,lib,lib\selectors\quoteEngineSelectors.js | lib\storage\quoteEngineStorage.js,lib\selectors\quoteEngineSelectors.js,48,object_key | snake_case_reference,multiple_roles_detected | appears_in_multiple_files | legacy_module_review_required
quote-engine-legacy,message,warning_id,plain,12,lib,lib\selectors\quoteEngineSelectors.js,lib\selectors\quoteEngineSelectors.js,51,object_key,legacy_module_review_required
quote-engine-legacy,missing_client_name,warning_id,snake_case,1,lib,lib\selectors\quoteEngineSelectors.js,lib\selectors\quoteEngineSelectors.js,58,snake_case_reference,legacy_module_review_required
quote-engine-legacy,missing_job_identity,warning_id,snake_case,1,lib,lib\selectors\quoteEngineSelectors.js,lib\selectors\quoteEngineSelectors.js,50,snake_case_reference,legacy_module_review_required
quote-engine-legacy,missing_quote_date,warning_id,snake_case,1,lib,lib\selectors\quoteEngineSelectors.js,lib\selectors\quoteEngineSelectors.js,66,snake_case_reference,legacy_module_review_required
quote-engine-legacy,model_untrusted,warning_id,snake_case,1,lib,lib\selectors\quoteEngineSelectors.js,lib\selectors\quoteEngineSelectors.js,130,snake_case_reference,legacy_module_review_required
quote-engine-legacy,model_warning_present,warning_id,snake_case,1,lib,lib\selectors\quoteEngineSelectors.js,lib\selectors\quoteEngineSelectors.js,142,warning_id,legacy_module_review_required
quote-engine-legacy,no_quote_price,warning_id,snake_case,1,lib,lib\selectors\quoteEngineSelectors.js,lib\selectors\quoteEngineSelectors.js,73,snake_case_reference,legacy_module_review_required
quote-engine-legacy,original_quote_gap,warning_id,snake_case,6,components | lib,components\quote-engine\QuoteEngineRepairPanel.jsx | lib\selectors\quoteEngineSelectors.js,components\quote-engine\QuoteEngineRepairPanel.jsx,94,declaration | warning_id,appears_in_multiple_files | legacy_module_review_required
quote-engine-legacy,price_gap,warning_id,snake_case,5,components | lib,components\quote-engine\QuoteEngineSideCard.jsx | lib\calculations\quoteEngineCalculations.js | lib\selectors\quoteEngineSelectors.js,components\quote-engine\QuoteEngineSideCard.jsx,98,declaration | object_key | warning_id,appears_in_multiple_files | legacy_module_review_required
quote-engine-legacy,quote_date,warning_id,snake_case,6,hooks | lib,hooks\useQuoteEngine.js | lib\selectors\quoteEngineSelectors.js | lib\storage\quoteEngineStorage.js,hooks\useQuoteEngine.js,281,object_key | snake_case_reference,multiple_roles_detected | appears_in_multiple_files | legacy_module_review_required
quote-engine-legacy,quote_gap,warning_id,snake_case,14,app | components | lib,app\quote-engine\page.jsx | components\quote-engine\QuoteEngineSideCard.jsx | components\quote-engine\QuoteEngineStatusStrip.jsx | lib\calculations\quoteEngineCalculations.js | lib\selectors\quoteEngineSelectors.js,app\quote-engine\page.jsx,46,declaration | object_key | warning_id,appears_in_multiple_files | legacy_module_review_required
quote-engine-legacy,quote_model_used,warning_id,snake_case,2,hooks | lib,hooks\useQuoteEngine.js | lib\selectors\quoteEngineSelectors.js,hooks\useQuoteEngine.js,402,object_key,appears_in_multiple_files | legacy_module_review_required
quote-engine-legacy,quote_price_total_is_zero,warning_id,snake_case,3,lib,lib\selectors\quoteEngineSelectors.js,lib\selectors\quoteEngineSelectors.js,41,declaration | warning_id,legacy_module_review_required
quote-engine-legacy,quote_warning_count,warning_id,snake_case,1,lib,lib\selectors\quoteEngineSelectors.js,lib\selectors\quoteEngineSelectors.js,171,object_key,legacy_module_review_required
quote-engine-legacy,remaining_quote_gap,warning_id,snake_case,2,components | lib,components\quote-engine\QuoteEngineRepairPanel.jsx | lib\selectors\quoteEngineSelectors.js,components\quote-engine\QuoteEngineRepairPanel.jsx,105,object_key | warning_id,appears_in_multiple_files | legacy_module_review_required
quote-engine-legacy,untrusted_model,warning_id,snake_case,1,lib,lib\selectors\quoteEngineSelectors.js,lib\selectors\quoteEngineSelectors.js,132,snake_case_reference,legacy_module_review_required
quote-engine-legacy,warning_id,warning_id,snake_case,13,components | lib,components\quote-engine\QuoteEngineStatusStrip.jsx | lib\selectors\quoteEngineSelectors.js,components\quote-engine\QuoteEngineStatusStrip.jsx,80,object_key | snake_case_reference,appears_in_multiple_files | legacy_module_review_required
quote-engine-legacy,zero_estimated_job_cost,warning_id,snake_case,1,lib,lib\selectors\quoteEngineSelectors.js,lib\selectors\quoteEngineSelectors.js,124,snake_case_reference,legacy_module_review_required
quote-engine-legacy,client_contact_name,object_field,snake_case,3,lib,lib\storage\quoteEngineStorage.js,lib\storage\quoteEngineStorage.js,32,object_key,legacy_module_review_required
quote-engine-legacy,client_email,object_field,snake_case,3,lib,lib\storage\quoteEngineStorage.js,lib\storage\quoteEngineStorage.js,34,object_key,legacy_module_review_required
quote-engine-legacy,client_id,object_field,snake_case,3,lib,lib\storage\quoteEngineStorage.js,lib\storage\quoteEngineStorage.js,30,object_key,legacy_module_review_required
quote-engine-legacy,client_phone,object_field,snake_case,3,lib,lib\storage\quoteEngineStorage.js,lib\storage\quoteEngineStorage.js,33,object_key,legacy_module_review_required
quote-engine-legacy,created_at,object_field,snake_case,6,hooks | lib,hooks\useQuoteEngine.js | lib\storage\quoteEngineStorage.js,hooks\useQuoteEngine.js,311,object_key,appears_in_multiple_files | legacy_module_review_required
quote-engine-legacy,currency,object_field,plain,2,components,components\quote-engine\QuoteEngineRepairPanel.jsx | components\quote-engine\QuoteEngineStatusStrip.jsx,components\quote-engine\QuoteEngineRepairPanel.jsx,6,object_key,appears_in_multiple_files | legacy_module_review_required
quote-engine-legacy,current_quote_state,object_field,snake_case,8,hooks | lib,hooks\useQuoteEngine.js | lib\storage\quoteEngineStorage.js,hooks\useQuoteEngine.js,177,object_key,appears_in_multiple_files | legacy_module_review_required
quote-engine-legacy,default,object_field,plain,3,components,components\quote-engine\QuoteEngineSideCard.jsx | components\quote-engine\QuoteEngineStatusStrip.jsx,components\quote-engine\QuoteEngineSideCard.jsx,11,object_key,appears_in_multiple_files | legacy_module_review_required
quote-engine-legacy,job_id,object_field,snake_case,3,lib,lib\storage\quoteEngineStorage.js,lib\storage\quoteEngineStorage.js,26,object_key,legacy_module_review_required
quote-engine-legacy,job_type_id,object_field,snake_case,3,lib,lib\storage\quoteEngineStorage.js,lib\storage\quoteEngineStorage.js,36,object_key,legacy_module_review_required
quote-engine-legacy,job_type_name,object_field,snake_case,3,lib,lib\storage\quoteEngineStorage.js,lib\storage\quoteEngineStorage.js,37,object_key,legacy_module_review_required
quote-engine-legacy,leaking,object_field,plain,3,components,components\quote-engine\QuoteEngineSideCard.jsx | components\quote-engine\QuoteEngineStatusStrip.jsx,components\quote-engine\QuoteEngineSideCard.jsx,9,quoted_object_key,appears_in_multiple_files | legacy_module_review_required
quote-engine-legacy,live_job_id,object_field,snake_case,3,hooks | lib,hooks\useQuoteEngine.js | lib\storage\quoteEngineStorage.js,hooks\useQuoteEngine.js,287,object_key,appears_in_multiple_files | legacy_module_review_required
quote-engine-legacy,marginal,object_field,plain,3,components,components\quote-engine\QuoteEngineSideCard.jsx | components\quote-engine\QuoteEngineStatusStrip.jsx,components\quote-engine\QuoteEngineSideCard.jsx,7,quoted_object_key,appears_in_multiple_files | legacy_module_review_required
quote-engine-legacy,material_cost_total,object_field,snake_case,4,hooks | lib,hooks\useQuoteEngine.js | lib\storage\quoteEngineStorage.js,hooks\useQuoteEngine.js,302,object_key,appears_in_multiple_files | legacy_module_review_required
quote-engine-legacy,material_margin_adjustment_percent,object_field,snake_case,1,hooks,hooks\useQuoteEngine.js,hooks\useQuoteEngine.js,124,object_key,legacy_module_review_required
quote-engine-legacy,material_markup_percent,object_field,snake_case,4,hooks | lib,hooks\useQuoteEngine.js | lib\storage\quoteEngineStorage.js,hooks\useQuoteEngine.js,304,object_key,appears_in_multiple_files | legacy_module_review_required
quote-engine-legacy,material_sell_total,object_field,snake_case,4,hooks | lib,hooks\useQuoteEngine.js | lib\storage\quoteEngineStorage.js,hooks\useQuoteEngine.js,303,object_key,appears_in_multiple_files | legacy_module_review_required
quote-engine-legacy,maximumFractionDigits,object_field,camelCase,5,components,components\quote-engine\QuoteEngineMainCard.jsx | components\quote-engine\QuoteEngineRepairPanel.jsx | components\quote-engine\QuoteEngineStatusStrip.jsx,components\quote-engine\QuoteEngineMainCard.jsx,49,object_key,appears_in_multiple_files | legacy_module_review_required
quote-engine-legacy,minimumFractionDigits,object_field,camelCase,1,components,components\quote-engine\QuoteEngineRepairPanel.jsx,components\quote-engine\QuoteEngineRepairPanel.jsx,13,object_key,legacy_module_review_required
quote-engine-legacy,price_adjustment_amount,object_field,snake_case,1,hooks,hooks\useQuoteEngine.js,hooks\useQuoteEngine.js,122,object_key,legacy_module_review_required
quote-engine-legacy,quote_id,object_field,snake_case,5,hooks | lib,hooks\useQuoteEngine.js | lib\storage\quoteEngineStorage.js,hooks\useQuoteEngine.js,275,object_key,appears_in_multiple_files | legacy_module_review_required
quote-engine-legacy,quote_job_id,object_field,snake_case,7,hooks | lib,hooks\useQuoteEngine.js | lib\storage\quoteEngineStorage.js,hooks\useQuoteEngine.js,246,object_key,appears_in_multiple_files | legacy_module_review_required
quote-engine-legacy,quote_jobs,object_field,snake_case,4,hooks | lib,hooks\useQuoteEngine.js | lib\storage\quoteEngineStorage.js,hooks\useQuoteEngine.js,212,object_key,appears_in_multiple_files | legacy_module_review_required
quote-engine-legacy,quote_name,object_field,snake_case,7,hooks | lib,hooks\useQuoteEngine.js | lib\storage\quoteEngineStorage.js,hooks\useQuoteEngine.js,247,object_key,appears_in_multiple_files | legacy_module_review_required
quote-engine-legacy,quote_price_total,object_field,snake_case,4,hooks | lib,hooks\useQuoteEngine.js | lib\storage\quoteEngineStorage.js,hooks\useQuoteEngine.js,289,object_key,appears_in_multiple_files | legacy_module_review_required
quote-engine-legacy,quote_reference,object_field,snake_case,7,hooks | lib,hooks\useQuoteEngine.js | lib\storage\quoteEngineStorage.js,hooks\useQuoteEngine.js,248,object_key,appears_in_multiple_files | legacy_module_review_required
quote-engine-legacy,quote_version,object_field,snake_case,4,hooks | lib,hooks\useQuoteEngine.js | lib\storage\quoteEngineStorage.js,hooks\useQuoteEngine.js,283,object_key,appears_in_multiple_files | legacy_module_review_required
quote-engine-legacy,quote_version_id,object_field,snake_case,5,hooks | lib,hooks\useQuoteEngine.js | lib\storage\quoteEngineStorage.js,hooks\useQuoteEngine.js,276,object_key,appears_in_multiple_files | legacy_module_review_required
quote-engine-legacy,quote_versions,object_field,snake_case,4,hooks | lib,hooks\useQuoteEngine.js | lib\storage\quoteEngineStorage.js,hooks\useQuoteEngine.js,217,object_key,appears_in_multiple_files | legacy_module_review_required
quote-engine-legacy,updated_at,object_field,snake_case,9,hooks | lib,hooks\useQuoteEngine.js | lib\storage\quoteEngineStorage.js,hooks\useQuoteEngine.js,160,object_key,appears_in_multiple_files | legacy_module_review_required
quote-engine-legacy,works,object_field,plain,3,components,components\quote-engine\QuoteEngineSideCard.jsx | components\quote-engine\QuoteEngineStatusStrip.jsx,components\quote-engine\QuoteEngineSideCard.jsx,5,quoted_object_key,appears_in_multiple_files | legacy_module_review_required
rate-builder,group_rows,output_contract_field,snake_case,1,components,components\rate-builder\RateBuilderLineCalculator.jsx,components\rate-builder\RateBuilderLineCalculator.jsx,107,declaration,downstream_contract_candidate
rate-builder,operational_group_cost_rows,output_contract_field,snake_case,2,components,components\rate-builder\RateBuilderLineCalculator.jsx,components\rate-builder\RateBuilderLineCalculator.jsx,108,snake_case_reference,downstream_contract_candidate
rate-builder,output_contract,output_contract_field,snake_case,2,components,components\rate-builder\RateBuilderLineCalculator.jsx,components\rate-builder\RateBuilderLineCalculator.jsx,108,output_contract_reference,downstream_contract_candidate
rate-builder,recovery_status,status_field,snake_case,3,components | lib,components\rate-builder\RateBuilderLineCalculator.jsx | lib\calculations\rateBuilderCalculations.js,components\rate-builder\RateBuilderLineCalculator.jsx,845,declaration | snake_case_reference,appears_in_multiple_files
rate-builder,has_loaded_storage,readiness_field,snake_case,3,components,components\rate-builder\RateBuilderLineCalculator.jsx,components\rate-builder\RateBuilderLineCalculator.jsx,120,array_destructured_name | snake_case_reference,
rate-builder,is_active,readiness_field,snake_case,2,components,components\rate-builder\RateBuilderTabs.jsx,components\rate-builder\RateBuilderTabs.jsx,7,declaration | snake_case_reference,
rate-builder,is_output_driver,readiness_field,snake_case,11,components | lib,components\rate-builder\RateBuilderLineCalculator.jsx | lib\calculations\rateBuilderCalculations.js,components\rate-builder\RateBuilderLineCalculator.jsx,53,object_key | snake_case_reference,appears_in_multiple_files
rate-builder,not_ready,readiness_field,snake_case,1,lib,lib\calculations\rateBuilderCalculations.js,lib\calculations\rateBuilderCalculations.js,129,status_value,
rate-builder,Example,object_field,PascalCase,3,components,components\rate-builder\RateBuilderLineCalculator.jsx,components\rate-builder\RateBuilderLineCalculator.jsx,492,object_key,
rate-builder,Margin,object_field,PascalCase,1,components,components\rate-builder\RateBuilderLineCalculator.jsx,components\rate-builder\RateBuilderLineCalculator.jsx,842,object_key,
rate-builder,Status,object_field,PascalCase,1,components,components\rate-builder\RateBuilderLineCalculator.jsx,components\rate-builder\RateBuilderLineCalculator.jsx,845,object_key,
rate-builder,allocation,object_field,plain,1,components,components\rate-builder\RateBuilderLineCalculator.jsx,components\rate-builder\RateBuilderLineCalculator.jsx,667,object_key,
rate-builder,basis,object_field,plain,1,components,components\rate-builder\RateBuilderLineCalculator.jsx,components\rate-builder\RateBuilderLineCalculator.jsx,684,object_key,
rate-builder,cost,object_field,plain,3,components,components\rate-builder\RateBuilderLineCalculator.jsx,components\rate-builder\RateBuilderLineCalculator.jsx,630,object_key,
rate-builder,current_charge_out_rate,object_field,snake_case,1,components,components\rate-builder\RateBuilderMainCard.jsx,components\rate-builder\RateBuilderMainCard.jsx,24,object_key,
rate-builder,hours,object_field,plain,3,components,components\rate-builder\RateBuilderLineCalculator.jsx,components\rate-builder\RateBuilderLineCalculator.jsx,637,object_key,
rate-builder,id,object_field,plain,14,components,components\rate-builder\RateBuilderLineCalculator.jsx | components\rate-builder\RateBuilderMainCard.jsx,components\rate-builder\RateBuilderLineCalculator.jsx,42,object_key,appears_in_multiple_files
rate-builder,lg,object_field,plain,1,app,app\rate-builder\page.jsx,app\rate-builder\page.jsx,8,object_key,
rate-builder,lines,object_field,plain,10,components,components\rate-builder\RateBuilderLineCalculator.jsx,components\rate-builder\RateBuilderLineCalculator.jsx,45,object_key,
rate-builder,md,object_field,plain,1,components,components\rate-builder\RateBuilderOverview.jsx,components\rate-builder\RateBuilderOverview.jsx,17,object_key,
rate-builder,minimum_recoverable_charge_out_rate,object_field,snake_case,1,components,components\rate-builder\RateBuilderMainCard.jsx,components\rate-builder\RateBuilderMainCard.jsx,26,object_key,
rate-builder,name,object_field,plain,9,components,components\rate-builder\RateBuilderLineCalculator.jsx,components\rate-builder\RateBuilderLineCalculator.jsx,43,object_key,
rate-builder,output_driver_quantity,object_field,snake_case,1,components,components\rate-builder\RateBuilderLineCalculator.jsx,components\rate-builder\RateBuilderLineCalculator.jsx,225,object_key,
rate-builder,quantity,object_field,plain,6,components,components\rate-builder\RateBuilderLineCalculator.jsx,components\rate-builder\RateBuilderLineCalculator.jsx,52,object_key,
rate-builder,rate,object_field,plain,9,components,components\rate-builder\RateBuilderLineCalculator.jsx,components\rate-builder\RateBuilderLineCalculator.jsx,51,object_key,
rate-builder,recovery_driver_quantity,object_field,snake_case,2,components,components\rate-builder\RateBuilderLineCalculator.jsx,components\rate-builder\RateBuilderLineCalculator.jsx,801,object_key,
rate-builder,selected_recovery_rate,object_field,snake_case,1,components,components\rate-builder\RateBuilderLineCalculator.jsx,components\rate-builder\RateBuilderLineCalculator.jsx,223,object_key,
rate-builder,sm,object_field,plain,9,app | components,app\rate-builder\page.jsx | components\rate-builder\RateBuilderLineCalculator.jsx,app\rate-builder\page.jsx,8,object_key,appears_in_multiple_files
rate-builder,type,object_field,plain,5,components,components\rate-builder\RateBuilderLineCalculator.jsx,components\rate-builder\RateBuilderLineCalculator.jsx,49,object_key,
rate-builder,unit,object_field,plain,6,components,components\rate-builder\RateBuilderLineCalculator.jsx,components\rate-builder\RateBuilderLineCalculator.jsx,50,object_key,
recovery-outcome-legacy,card,output_contract_field,plain,1,hooks,hooks\useRecoveryOutcome.js,hooks\useRecoveryOutcome.js,20,object_key,downstream_contract_candidate | legacy_module_review_required
recovery-outcome-legacy,output_contract,output_contract_field,snake_case,3,app | hooks,app\recovery-outcome\page.jsx | hooks\useRecoveryOutcome.js,app\recovery-outcome\page.jsx,15,output_contract_reference,appears_in_multiple_files | downstream_contract_candidate | legacy_module_review_required
recovery-outcome-legacy,business_outcome_status,status_field,snake_case,5,lib,lib\calculations\recoveryOutcomeCalculations.js | lib\selectors\recoveryOutcomeSelectors.js,lib\calculations\recoveryOutcomeCalculations.js,467,declaration | object_key | snake_case_reference,appears_in_multiple_files | legacy_module_review_required
recovery-outcome-legacy,outcome_status,status_field,snake_case,14,components | lib,components\recovery-outcome\RecoveryOutcomeMainCard.jsx | components\recovery-outcome\RecoveryOutcomeStatusStrip.jsx | lib\calculations\recoveryOutcomeCalculations.js | lib\selectors\recoveryOutcomeSelectors.js,components\recovery-outcome\RecoveryOutcomeMainCard.jsx,66,declaration | object_key | snake_case_reference,appears_in_multiple_files | legacy_module_review_required
recovery-outcome-legacy,status,status_field,plain,17,app | hooks | lib,app\recovery-outcome\page.jsx | hooks\useRecoveryOutcome.js | lib\calculations\recoveryOutcomeCalculations.js,app\recovery-outcome\page.jsx,24,destructured_name | object_key,appears_in_multiple_files | legacy_module_review_required
recovery-outcome-legacy,is_blocked_trust_state,trust_state_field,snake_case,2,lib,lib\calculations\recoveryOutcomeCalculations.js,lib\calculations\recoveryOutcomeCalculations.js,120,warning_id,legacy_module_review_required
recovery-outcome-legacy,allocation_not_ready,readiness_field,snake_case,1,lib,lib\calculations\recoveryOutcomeCalculations.js,lib\calculations\recoveryOutcomeCalculations.js,28,object_key,legacy_module_review_required
recovery-outcome-legacy,is_material_negative,readiness_field,snake_case,3,lib,lib\calculations\recoveryOutcomeCalculations.js,lib\calculations\recoveryOutcomeCalculations.js,138,snake_case_reference,legacy_module_review_required
recovery-outcome-legacy,is_object,readiness_field,snake_case,7,lib,lib\calculations\recoveryOutcomeCalculations.js,lib\calculations\recoveryOutcomeCalculations.js,18,snake_case_reference,legacy_module_review_required
recovery-outcome-legacy,is_ready_allocation,readiness_field,snake_case,2,lib,lib\calculations\recoveryOutcomeCalculations.js,lib\calculations\recoveryOutcomeCalculations.js,134,snake_case_reference,legacy_module_review_required
recovery-outcome-legacy,is_valid_recovery_plan_split,readiness_field,snake_case,2,lib,lib\calculations\recoveryOutcomeCalculations.js,lib\calculations\recoveryOutcomeCalculations.js,142,snake_case_reference,legacy_module_review_required
recovery-outcome-legacy,Warnings,warnings_field,PascalCase,1,components,components\recovery-outcome\RecoveryOutcomeStatusStrip.jsx,components\recovery-outcome\RecoveryOutcomeStatusStrip.jsx,56,object_key,legacy_module_review_required
recovery-outcome-legacy,add_decision_warnings,warnings_field,snake_case,2,lib,lib\calculations\recoveryOutcomeCalculations.js,lib\calculations\recoveryOutcomeCalculations.js,397,warning_id,legacy_module_review_required
recovery-outcome-legacy,allocation_warnings,warnings_field,snake_case,3,lib,lib\calculations\recoveryOutcomeCalculations.js | lib\selectors\recoveryOutcomeSelectors.js,lib\calculations\recoveryOutcomeCalculations.js,105,object_key | warning_id,appears_in_multiple_files | legacy_module_review_required
recovery-outcome-legacy,base_warnings,warnings_field,snake_case,2,lib,lib\calculations\recoveryOutcomeCalculations.js,lib\calculations\recoveryOutcomeCalculations.js,469,declaration | warning_id,legacy_module_review_required
recovery-outcome-legacy,collect_warnings,warnings_field,snake_case,2,lib,lib\calculations\recoveryOutcomeCalculations.js,lib\calculations\recoveryOutcomeCalculations.js,97,warning_id,legacy_module_review_required
recovery-outcome-legacy,decision_warnings,warnings_field,snake_case,8,lib,lib\calculations\recoveryOutcomeCalculations.js | lib\selectors\recoveryOutcomeSelectors.js,lib\calculations\recoveryOutcomeCalculations.js,398,declaration | object_key | warning_id,appears_in_multiple_files | legacy_module_review_required
recovery-outcome-legacy,duplicate_link_warnings,warnings_field,snake_case,3,lib,lib\calculations\recoveryOutcomeCalculations.js,lib\calculations\recoveryOutcomeCalculations.js,108,object_key | warning_id,legacy_module_review_required
recovery-outcome-legacy,group_validation_warnings,warnings_field,snake_case,3,lib,lib\calculations\recoveryOutcomeCalculations.js,lib\calculations\recoveryOutcomeCalculations.js,114,object_key | warning_id,legacy_module_review_required
recovery-outcome-legacy,orphan_warnings,warnings_field,snake_case,2,lib,lib\calculations\recoveryOutcomeCalculations.js,lib\calculations\recoveryOutcomeCalculations.js,111,object_key | warning_id,legacy_module_review_required
recovery-outcome-legacy,warnings,warnings_field,plain,2,lib,lib\calculations\recoveryOutcomeCalculations.js | lib\selectors\recoveryOutcomeSelectors.js,lib\calculations\recoveryOutcomeCalculations.js,403,declaration | object_key,appears_in_multiple_files | legacy_module_review_required
recovery-outcome-legacy,activity_driver_value,warning_id,snake_case,1,lib,lib\calculations\recoveryOutcomeCalculations.js,lib\calculations\recoveryOutcomeCalculations.js,429,snake_case_reference,legacy_module_review_required
recovery-outcome-legacy,allocation_dependency_type,warning_id,snake_case,2,lib,lib\calculations\recoveryOutcomeCalculations.js | lib\selectors\recoveryOutcomeSelectors.js,lib\calculations\recoveryOutcomeCalculations.js,553,object_key | snake_case_reference,appears_in_multiple_files | legacy_module_review_required
recovery-outcome-legacy,as_array,warning_id,snake_case,10,lib,lib\calculations\recoveryOutcomeCalculations.js,lib\calculations\recoveryOutcomeCalculations.js,99,snake_case_reference,legacy_module_review_required
recovery-outcome-legacy,bad,warning_id,plain,1,components,components\recovery-outcome\RecoveryOutcomeStatusStrip.jsx,components\recovery-outcome\RecoveryOutcomeStatusStrip.jsx,57,quoted_object_key,legacy_module_review_required
recovery-outcome-legacy,business_model_health,warning_id,snake_case,1,lib,lib\calculations\recoveryOutcomeCalculations.js,lib\calculations\recoveryOutcomeCalculations.js,597,snake_case_reference,legacy_module_review_required
recovery-outcome-legacy,cost_reduction_required_at_current_rates_display,warning_id,snake_case,2,components,components\recovery-outcome\RecoveryOutcomeAnalysisCard.jsx,components\recovery-outcome\RecoveryOutcomeAnalysisCard.jsx,43,warning_id,legacy_module_review_required
recovery-outcome-legacy,dependency_level,warning_id,snake_case,2,components | lib,components\recovery-outcome\RecoveryOutcomeStatusStrip.jsx | lib\selectors\recoveryOutcomeSelectors.js,components\recovery-outcome\RecoveryOutcomeStatusStrip.jsx,16,object_key | snake_case_reference,appears_in_multiple_files | legacy_module_review_required
recovery-outcome-legacy,external_delivery_dependency,warning_id,snake_case,1,lib,lib\calculations\recoveryOutcomeCalculations.js,lib\calculations\recoveryOutcomeCalculations.js,443,snake_case_reference,legacy_module_review_required
recovery-outcome-legacy,external_delivery_not_defined,warning_id,snake_case,1,lib,lib\calculations\recoveryOutcomeCalculations.js,lib\calculations\recoveryOutcomeCalculations.js,451,snake_case_reference,legacy_module_review_required
recovery-outcome-legacy,external_delivery_required,warning_id,snake_case,6,components | lib,components\recovery-outcome\RecoveryOutcomeMainCard.jsx | lib\calculations\recoveryOutcomeCalculations.js | lib\selectors\recoveryOutcomeSelectors.js,components\recovery-outcome\RecoveryOutcomeMainCard.jsx,237,object_key | warning_id,appears_in_multiple_files | legacy_module_review_required
recovery-outcome-legacy,extra_hours_required_at_current_rates_display,warning_id,snake_case,2,components,components\recovery-outcome\RecoveryOutcomeAnalysisCard.jsx,components\recovery-outcome\RecoveryOutcomeAnalysisCard.jsx,42,warning_id,legacy_module_review_required
recovery-outcome-legacy,fallback_source,warning_id,snake_case,4,lib,lib\calculations\recoveryOutcomeCalculations.js,lib\calculations\recoveryOutcomeCalculations.js,67,snake_case_reference,legacy_module_review_required
recovery-outcome-legacy,internal_capacity_shortfall,warning_id,snake_case,4,components | lib,components\recovery-outcome\RecoveryOutcomeMainCard.jsx | lib\calculations\recoveryOutcomeCalculations.js | lib\selectors\recoveryOutcomeSelectors.js,components\recovery-outcome\RecoveryOutcomeMainCard.jsx,242,object_key | warning_id,appears_in_multiple_files | legacy_module_review_required
recovery-outcome-legacy,make_warning,warning_id,snake_case,13,lib,lib\calculations\recoveryOutcomeCalculations.js,lib\calculations\recoveryOutcomeCalculations.js,59,warning_id,legacy_module_review_required
recovery-outcome-legacy,message,warning_id,plain,2,components | lib,components\recovery-outcome\RecoveryOutcomeMainCard.jsx | lib\calculations\recoveryOutcomeCalculations.js,components\recovery-outcome\RecoveryOutcomeMainCard.jsx,40,declaration | object_key,appears_in_multiple_files | legacy_module_review_required
recovery-outcome-legacy,messages,warning_id,plain,1,lib,lib\calculations\recoveryOutcomeCalculations.js,lib\calculations\recoveryOutcomeCalculations.js,23,declaration,legacy_module_review_required
recovery-outcome-legacy,missing_activity_driver,warning_id,snake_case,1,lib,lib\calculations\recoveryOutcomeCalculations.js,lib\calculations\recoveryOutcomeCalculations.js,430,snake_case_reference,legacy_module_review_required
recovery-outcome-legacy,missing_recovery_plan_split,warning_id,snake_case,1,lib,lib\calculations\recoveryOutcomeCalculations.js,lib\calculations\recoveryOutcomeCalculations.js,416,snake_case_reference,legacy_module_review_required
recovery-outcome-legacy,missing_recovery_plan_target,warning_id,snake_case,1,lib,lib\calculations\recoveryOutcomeCalculations.js,lib\calculations\recoveryOutcomeCalculations.js,411,snake_case_reference,legacy_module_review_required
recovery-outcome-legacy,negative_recovery_gap,warning_id,snake_case,2,lib,lib\calculations\recoveryOutcomeCalculations.js,lib\calculations\recoveryOutcomeCalculations.js,42,object_key | warning_id,legacy_module_review_required
recovery-outcome-legacy,normalise_warning,warning_id,snake_case,7,lib,lib\calculations\recoveryOutcomeCalculations.js,lib\calculations\recoveryOutcomeCalculations.js,67,warning_id,legacy_module_review_required
recovery-outcome-legacy,outcome_context,warning_id,snake_case,1,components,components\recovery-outcome\RecoveryOutcomeMainCard.jsx,components\recovery-outcome\RecoveryOutcomeMainCard.jsx,63,snake_case_reference,legacy_module_review_required
recovery-outcome-legacy,primary_constraint,warning_id,snake_case,1,lib,lib\calculations\recoveryOutcomeCalculations.js,lib\calculations\recoveryOutcomeCalculations.js,476,snake_case_reference,legacy_module_review_required
recovery-outcome-legacy,primary_constraint_key,warning_id,snake_case,4,lib,lib\calculations\recoveryOutcomeCalculations.js,lib\calculations\recoveryOutcomeCalculations.js,399,object_key | snake_case_reference,legacy_module_review_required
recovery-outcome-legacy,recovery_gap,warning_id,snake_case,2,components,components\recovery-outcome\RecoveryOutcomeAnalysisCard.jsx,components\recovery-outcome\RecoveryOutcomeAnalysisCard.jsx,38,warning_id,legacy_module_review_required
recovery-outcome-legacy,recovery_gap_display,warning_id,snake_case,2,components,components\recovery-outcome\RecoveryOutcomeAnalysisCard.jsx,components\recovery-outcome\RecoveryOutcomeAnalysisCard.jsx,39,warning_id,legacy_module_review_required
recovery-outcome-legacy,recovery_gap_negative,warning_id,snake_case,1,lib,lib\calculations\recoveryOutcomeCalculations.js,lib\calculations\recoveryOutcomeCalculations.js,345,warning_id,legacy_module_review_required
recovery-outcome-legacy,recovery_gap_per_driver,warning_id,snake_case,8,components | lib,components\recovery-outcome\RecoveryOutcomeMainCard.jsx | lib\calculations\recoveryOutcomeCalculations.js | lib\selectors\recoveryOutcomeSelectors.js,components\recovery-outcome\RecoveryOutcomeMainCard.jsx,157,declaration | object_key | warning_id,appears_in_multiple_files | legacy_module_review_required
recovery-outcome-legacy,recovery_plan_split,warning_id,snake_case,1,lib,lib\calculations\recoveryOutcomeCalculations.js,lib\calculations\recoveryOutcomeCalculations.js,415,snake_case_reference,legacy_module_review_required
recovery-outcome-legacy,recovery_plan_target_per_driver,warning_id,snake_case,1,lib,lib\calculations\recoveryOutcomeCalculations.js,lib\calculations\recoveryOutcomeCalculations.js,409,snake_case_reference,legacy_module_review_required
recovery-outcome-legacy,revenue_gap,warning_id,snake_case,2,components,components\recovery-outcome\RecoveryOutcomeAnalysisCard.jsx,components\recovery-outcome\RecoveryOutcomeAnalysisCard.jsx,33,warning_id,legacy_module_review_required
recovery-outcome-legacy,revenue_gap_display,warning_id,snake_case,2,components,components\recovery-outcome\RecoveryOutcomeAnalysisCard.jsx,components\recovery-outcome\RecoveryOutcomeAnalysisCard.jsx,34,warning_id,legacy_module_review_required
recovery-outcome-legacy,share_model_invalid,warning_id,snake_case,2,lib,lib\calculations\recoveryOutcomeCalculations.js,lib\calculations\recoveryOutcomeCalculations.js,236,warning_id,legacy_module_review_required
recovery-outcome-legacy,source,warning_id,plain,2,components | lib,components\recovery-outcome\RecoveryOutcomeMainCard.jsx | lib\calculations\recoveryOutcomeCalculations.js,components\recovery-outcome\RecoveryOutcomeMainCard.jsx,45,declaration | object_key,appears_in_multiple_files | legacy_module_review_required
recovery-outcome-legacy,structure_valid,warning_id,snake_case,1,lib,lib\selectors\recoveryOutcomeSelectors.js,lib\selectors\recoveryOutcomeSelectors.js,81,object_key,legacy_module_review_required
recovery-outcome-legacy,to_number,warning_id,snake_case,3,lib,lib\calculations\recoveryOutcomeCalculations.js,lib\calculations\recoveryOutcomeCalculations.js,429,snake_case_reference,legacy_module_review_required
recovery-outcome-legacy,warning_count,warning_id,snake_case,4,components | lib,components\recovery-outcome\RecoveryOutcomeStatusStrip.jsx | lib\selectors\recoveryOutcomeSelectors.js,components\recovery-outcome\RecoveryOutcomeStatusStrip.jsx,17,object_key | snake_case_reference,appears_in_multiple_files | legacy_module_review_required
recovery-outcome-legacy,warning_key,warning_id,snake_case,9,components | lib,components\recovery-outcome\RecoveryOutcomeMainCard.jsx | lib\calculations\recoveryOutcomeCalculations.js,components\recovery-outcome\RecoveryOutcomeMainCard.jsx,43,declaration | snake_case_reference,appears_in_multiple_files | legacy_module_review_required
recovery-outcome-legacy,warning_message_from_key,warning_id,snake_case,3,lib,lib\calculations\recoveryOutcomeCalculations.js,lib\calculations\recoveryOutcomeCalculations.js,22,snake_case_reference,legacy_module_review_required
recovery-outcome-legacy,Allocation,object_field,PascalCase,1,components,components\recovery-outcome\RecoveryOutcomeStatusStrip.jsx,components\recovery-outcome\RecoveryOutcomeStatusStrip.jsx,40,object_key,legacy_module_review_required
recovery-outcome-legacy,Dependency,object_field,PascalCase,1,components,components\recovery-outcome\RecoveryOutcomeStatusStrip.jsx,components\recovery-outcome\RecoveryOutcomeStatusStrip.jsx,54,object_key,legacy_module_review_required
recovery-outcome-legacy,Health,object_field,PascalCase,1,components,components\recovery-outcome\RecoveryOutcomeMainCard.jsx,components\recovery-outcome\RecoveryOutcomeMainCard.jsx,84,object_key,legacy_module_review_required
recovery-outcome-legacy,Model,object_field,PascalCase,1,components,components\recovery-outcome\RecoveryOutcomeStatusStrip.jsx,components\recovery-outcome\RecoveryOutcomeStatusStrip.jsx,53,object_key,legacy_module_review_required
recovery-outcome-legacy,Outcome,object_field,PascalCase,1,components,components\recovery-outcome\RecoveryOutcomeStatusStrip.jsx,components\recovery-outcome\RecoveryOutcomeStatusStrip.jsx,36,object_key,legacy_module_review_required
recovery-outcome-legacy,Structure,object_field,PascalCase,1,components,components\recovery-outcome\RecoveryOutcomeStatusStrip.jsx,components\recovery-outcome\RecoveryOutcomeStatusStrip.jsx,50,object_key,legacy_module_review_required
recovery-outcome-legacy,Summary,object_field,PascalCase,1,components,components\recovery-outcome\RecoveryOutcomeAnalysisCard.jsx,components\recovery-outcome\RecoveryOutcomeAnalysisCard.jsx,282,object_key,legacy_module_review_required
recovery-outcome-legacy,Yes,object_field,PascalCase,3,components,components\recovery-outcome\RecoveryOutcomeMainCard.jsx,components\recovery-outcome\RecoveryOutcomeMainCard.jsx,233,quoted_object_key,legacy_module_review_required
recovery-outcome-legacy,maximumFractionDigits,object_field,camelCase,1,components,components\recovery-outcome\RecoveryOutcomeMainCard.jsx,components\recovery-outcome\RecoveryOutcomeMainCard.jsx,6,object_key,legacy_module_review_required
recovery-outcome-legacy,minimumFractionDigits,object_field,camelCase,1,components,components\recovery-outcome\RecoveryOutcomeMainCard.jsx,components\recovery-outcome\RecoveryOutcomeMainCard.jsx,5,object_key,legacy_module_review_required
recovery-outcome-legacy,success,object_field,plain,2,components,components\recovery-outcome\RecoveryOutcomeAnalysisCard.jsx,components\recovery-outcome\RecoveryOutcomeAnalysisCard.jsx,52,quoted_object_key,legacy_module_review_required
recovery-outcome-legacy,valid,object_field,plain,1,components,components\recovery-outcome\RecoveryOutcomeStatusStrip.jsx,components\recovery-outcome\RecoveryOutcomeStatusStrip.jsx,50,quoted_object_key,legacy_module_review_required
recovery-outcome-legacy,verdict,object_field,plain,1,components,components\recovery-outcome\RecoveryOutcomeHelpPanel.jsx,components\recovery-outcome\RecoveryOutcomeHelpPanel.jsx,67,object_key,legacy_module_review_required
recovery-summary,output_contract,output_contract_field,snake_case,7,hooks,hooks\useRecoverySummary.js,hooks\useRecoverySummary.js,27,output_contract_reference,downstream_contract_candidate
recovery-summary,recovery_summary,output_contract_field,snake_case,18,app | lib,app\recovery-outcome\page.jsx | lib\calculations\recoveryOutcomeCalculations.js | lib\recovery\recoveryRiskWarningSystem.js,app\recovery-outcome\page.jsx,15,object_key | snake_case_reference,multiple_roles_detected | appears_in_multiple_files | downstream_contract_candidate
recovery-summary,recovery_summary_contract,output_contract_field,snake_case,1,app,app\recovery-outcome\page.jsx,app\recovery-outcome\page.jsx,14,declaration,downstream_contract_candidate
recovery-summary,gross_profit_source_status,status_field,snake_case,6,hooks | lib,hooks\useRecoverySummary.js | lib\calculations\recoverySummaryCalculations.js | lib\selectors\recoverySummarySelectors.js,hooks\useRecoverySummary.js,167,declaration | object_key | snake_case_reference,appears_in_multiple_files
recovery-summary,material_margin_status,status_field,snake_case,15,components | hooks | lib,components\recovery-summary\RecoverySummaryMainCard.jsx | components\recovery-summary\RecoverySummaryStatusStrip.jsx | components\recovery-summary\main-card\RecoverySupportingEvidenceDetail.jsx | hooks\useRecoverySummary.js | lib\calculations\recoverySummaryCalculations.js | lib\selectors\recoverySummarySelectors.js,components\recovery-summary\RecoverySummaryMainCard.jsx,76,declaration | object_key | snake_case_reference,appears_in_multiple_files
recovery-summary,product_recovery_status,status_field,snake_case,7,hooks | lib,hooks\useRecoverySummary.js | lib\calculations\recoverySummaryCalculations.js | lib\selectors\recoverySummarySelectors.js,hooks\useRecoverySummary.js,202,declaration | object_key | snake_case_reference,appears_in_multiple_files
recovery-summary,product_unit_recovery_status,status_field,snake_case,17,components | hooks | lib,components\recovery-summary\RecoverySummaryMainCard.jsx | components\recovery-summary\RecoverySummaryStatusStrip.jsx | components\recovery-summary\main-card\RecoverySupportingEvidenceDetail.jsx | hooks\useRecoverySummary.js | lib\calculations\recoverySummaryCalculations.js | lib\selectors\recoverySummarySelectors.js,components\recovery-summary\RecoverySummaryMainCard.jsx,85,declaration | object_key | snake_case_reference,appears_in_multiple_files
recovery-summary,recovery_summary_status,status_field,snake_case,7,hooks | lib,hooks\useRecoverySummary.js | lib\calculations\recoveryOutcomeCalculations.js | lib\selectors\recoverySummarySelectors.js,hooks\useRecoverySummary.js,93,declaration | object_key | snake_case_reference,appears_in_multiple_files
recovery-summary,status,status_field,plain,2,app | hooks,app\recovery-summary\page.jsx | hooks\useRecoverySummary.js,app\recovery-summary\page.jsx,17,declaration | destructured_name,appears_in_multiple_files
recovery-summary,has_blocking_driver,readiness_field,snake_case,2,lib,lib\selectors\recoverySummarySelectors.js,lib\selectors\recoverySummarySelectors.js,289,declaration | snake_case_reference,
recovery-summary,has_blocking_recovery_warning,readiness_field,snake_case,4,hooks | lib,hooks\useRecoverySummary.js | lib\recovery\recoveryRiskWarningSystem.js | lib\selectors\recoverySummarySelectors.js,hooks\useRecoverySummary.js,230,object_key | warning_id,appears_in_multiple_files
recovery-summary,has_blocking_warning,readiness_field,snake_case,6,lib,lib\recovery\recoveryRiskWarningSystem.js | lib\selectors\recoverySummarySelectors.js,lib\recovery\recoveryRiskWarningSystem.js,173,declaration | object_key | warning_id,appears_in_multiple_files
recovery-summary,has_commercial_blocking_warning,readiness_field,snake_case,2,components,components\recovery-summary\main-card\recoverySummaryWarningHelpers.js,components\recovery-summary\main-card\recoverySummaryWarningHelpers.js,51,warning_id,
recovery-summary,has_commercial_failure,readiness_field,snake_case,2,components,components\recovery-summary\main-card\recoverySummaryWarningHelpers.js,components\recovery-summary\main-card\recoverySummaryWarningHelpers.js,63,declaration | snake_case_reference,
recovery-summary,has_component_required_recovery,readiness_field,snake_case,2,lib,lib\calculations\recoveryOutcomeCalculations.js,lib\calculations\recoveryOutcomeCalculations.js,153,warning_id,
recovery-summary,has_confidence_warning,readiness_field,snake_case,2,components,components\recovery-summary\main-card\recoverySummaryWarningHelpers.js,components\recovery-summary\main-card\recoverySummaryWarningHelpers.js,66,declaration | warning_id,
recovery-summary,has_failure_path,readiness_field,snake_case,4,components,components\recovery-summary\RecoverySummaryNoteDrilldown.jsx,components\recovery-summary\RecoverySummaryNoteDrilldown.jsx,119,declaration | snake_case_reference,
recovery-summary,has_material_recovery_base,readiness_field,snake_case,6,lib,lib\calculations\recoverySummaryCalculations.js,lib\calculations\recoverySummaryCalculations.js,149,declaration | snake_case_reference,
recovery-summary,has_model_confidence_warning,readiness_field,snake_case,2,components,components\recovery-summary\main-card\recoverySummaryWarningHelpers.js,components\recovery-summary\main-card\recoverySummaryWarningHelpers.js,29,warning_id,
recovery-summary,has_primary_recovery_warning,readiness_field,snake_case,4,hooks | lib,hooks\useRecoverySummary.js | lib\recovery\recoveryRiskWarningSystem.js | lib\selectors\recoverySummarySelectors.js,hooks\useRecoverySummary.js,229,object_key | warning_id,appears_in_multiple_files
recovery-summary,has_primary_warning,readiness_field,snake_case,2,lib,lib\recovery\recoveryRiskWarningSystem.js,lib\recovery\recoveryRiskWarningSystem.js,172,object_key | warning_id,
recovery-summary,has_recovery_shortfall,readiness_field,snake_case,2,components,components\recovery-summary\RecoverySummaryRequirementBlock.jsx,components\recovery-summary\RecoverySummaryRequirementBlock.jsx,59,declaration | warning_id,
recovery-summary,has_recovery_surplus,readiness_field,snake_case,2,components,components\recovery-summary\RecoverySummaryRequirementBlock.jsx,components\recovery-summary\RecoverySummaryRequirementBlock.jsx,62,declaration | snake_case_reference,
recovery-summary,has_review_recovery_warning,readiness_field,snake_case,4,hooks | lib,hooks\useRecoverySummary.js | lib\recovery\recoveryRiskWarningSystem.js | lib\selectors\recoverySummarySelectors.js,hooks\useRecoverySummary.js,231,object_key | warning_id,appears_in_multiple_files
recovery-summary,has_review_warning,readiness_field,snake_case,2,lib,lib\recovery\recoveryRiskWarningSystem.js,lib\recovery\recoveryRiskWarningSystem.js,174,object_key | warning_id,
recovery-summary,has_valid_product_result,readiness_field,snake_case,2,lib,lib\calculations\recoverySummaryCalculations.js,lib\calculations\recoverySummaryCalculations.js,517,declaration | snake_case_reference,
recovery-summary,has_valid_recovery_hour_result,readiness_field,snake_case,2,lib,lib\calculations\recoverySummaryCalculations.js,lib\calculations\recoverySummaryCalculations.js,510,declaration | snake_case_reference,
recovery-summary,is_clickable,readiness_field,snake_case,2,components,components\recovery-summary\RecoverySummaryCalculationTable.jsx,components\recovery-summary\RecoverySummaryCalculationTable.jsx,8,declaration | snake_case_reference,
recovery-summary,is_fully_assigned,readiness_field,snake_case,5,components,components\recovery-summary\RecoverySummaryUnassignedCheckBlock.jsx,components\recovery-summary\RecoverySummaryUnassignedCheckBlock.jsx,9,declaration | snake_case_reference,
recovery-summary,is_material_recovery_clean,readiness_field,snake_case,2,lib,lib\selectors\recoverySummarySelectors.js,lib\selectors\recoverySummarySelectors.js,254,snake_case_reference,
recovery-summary,is_model_confidence_warning,readiness_field,snake_case,4,components,components\recovery-summary\main-card\recoverySummaryWarningHelpers.js,components\recovery-summary\main-card\recoverySummaryWarningHelpers.js,7,warning_id,
recovery-summary,is_mounted,readiness_field,snake_case,2,app,app\recovery-summary\page.jsx,app\recovery-summary\page.jsx,11,array_destructured_name | snake_case_reference,
recovery-summary,is_numeric_input,readiness_field,snake_case,8,lib,lib\calculations\recoverySummaryCalculations.js,lib\calculations\recoverySummaryCalculations.js,8,snake_case_reference,
recovery-summary,is_primary,readiness_field,snake_case,2,components,components\recovery-summary\RecoverySummaryNoteDrilldown.jsx,components\recovery-summary\RecoverySummaryNoteDrilldown.jsx,173,declaration | snake_case_reference,
recovery-summary,is_product_based,readiness_field,snake_case,24,components | hooks | lib,components\recovery-summary\RecoverySummaryMainCard.jsx | components\recovery-summary\RecoverySummaryRequirementBlock.jsx | hooks\useRecoverySummary.js | lib\calculations\recoverySummaryCalculations.js | lib\selectors\recoverySummarySelectors.js,components\recovery-summary\RecoverySummaryMainCard.jsx,122,declaration | object_key | snake_case_reference,appears_in_multiple_files
recovery-summary,product_recovery_ready,readiness_field,snake_case,4,hooks | lib,hooks\useRecoverySummary.js | lib\calculations\recoverySummaryCalculations.js | lib\selectors\recoverySummarySelectors.js,hooks\useRecoverySummary.js,201,declaration | object_key | snake_case_reference,appears_in_multiple_files
recovery-summary,recovery_ready,readiness_field,snake_case,7,app | components | lib,app\recovery-summary\page.jsx | components\recovery-summary\RecoverySummaryMainCard.jsx | components\recovery-summary\main-card\recoverySummaryWarningHelpers.js | lib\selectors\recoverySummarySelectors.js,app\recovery-summary\page.jsx,28,object_key | snake_case_reference,appears_in_multiple_files
recovery-summary,recovery_summary_not_ready,readiness_field,snake_case,2,lib,lib\calculations\recoveryOutcomeCalculations.js,lib\calculations\recoveryOutcomeCalculations.js,26,object_key | snake_case_reference,
recovery-summary,recovery_summary_ready,readiness_field,snake_case,8,hooks | lib,hooks\useRecoverySummary.js | lib\calculations\recoveryOutcomeCalculations.js | lib\selectors\recoverySummarySelectors.js,hooks\useRecoverySummary.js,92,declaration | object_key | snake_case_reference,appears_in_multiple_files
recovery-summary,upstream_model_not_ready,readiness_field,snake_case,6,components | lib,components\recovery-summary\main-card\recoverySummaryWarningHelpers.js | components\recovery-summary\recoverySummaryWarningDetails.js | lib\calculations\recoverySummaryCalculations.js | lib\selectors\recoverySummarySelectors.js,components\recovery-summary\main-card\recoverySummaryWarningHelpers.js,4,object_key | snake_case_reference,appears_in_multiple_files
recovery-summary,blocking_warnings,warnings_field,snake_case,4,lib,lib\recovery\recoveryRiskWarningSystem.js,lib\recovery\recoveryRiskWarningSystem.js,147,declaration | warning_id,
recovery-summary,cascade_recovery_warnings,warnings_field,snake_case,4,hooks | lib,hooks\useRecoverySummary.js | lib\recovery\recoveryRiskWarningSystem.js | lib\selectors\recoverySummarySelectors.js,hooks\useRecoverySummary.js,227,object_key | warning_id,appears_in_multiple_files
recovery-summary,cascade_warnings,warnings_field,snake_case,3,lib,lib\recovery\recoveryRiskWarningSystem.js,lib\recovery\recoveryRiskWarningSystem.js,162,declaration | warning_id,
recovery-summary,get_model_confidence_warnings,warnings_field,snake_case,4,components,components\recovery-summary\RecoverySummaryMainCard.jsx | components\recovery-summary\main-card\recoverySummaryWarningHelpers.js,components\recovery-summary\RecoverySummaryMainCard.jsx,13,warning_id,appears_in_multiple_files
recovery-summary,has_blocking_share_warnings,warnings_field,snake_case,1,lib,lib\recovery\recoveryRiskWarningSystem.js,lib\recovery\recoveryRiskWarningSystem.js,114,object_key,
recovery-summary,has_blocking_warnings,warnings_field,snake_case,1,lib,lib\selectors\recoverySummarySelectors.js,lib\selectors\recoverySummarySelectors.js,352,object_key,
recovery-summary,has_commercial_warnings,warnings_field,snake_case,2,lib,lib\selectors\recoverySummarySelectors.js,lib\selectors\recoverySummarySelectors.js,297,declaration | warning_id,
recovery-summary,has_review_share_warnings,warnings_field,snake_case,1,lib,lib\recovery\recoveryRiskWarningSystem.js,lib\recovery\recoveryRiskWarningSystem.js,115,object_key,
recovery-summary,info_warnings,warnings_field,snake_case,3,lib,lib\recovery\recoveryRiskWarningSystem.js,lib\recovery\recoveryRiskWarningSystem.js,155,declaration | warning_id,
recovery-summary,model_confidence_warnings,warnings_field,snake_case,10,components,components\recovery-summary\RecoverySummaryMainCard.jsx | components\recovery-summary\main-card\RecoveryOutcomeDetail.jsx,components\recovery-summary\RecoverySummaryMainCard.jsx,29,declaration | warning_id,appears_in_multiple_files
recovery-summary,ready_with_warnings,warnings_field,snake_case,2,lib,lib\selectors\recoverySummarySelectors.js,lib\selectors\recoverySummarySelectors.js,308,warning_id,
recovery-summary,recovery_summary_warnings,warnings_field,snake_case,3,hooks | lib,hooks\useRecoverySummary.js | lib\calculations\recoveryOutcomeCalculations.js | lib\selectors\recoverySummarySelectors.js,hooks\useRecoverySummary.js,94,object_key | warning_id,appears_in_multiple_files
recovery-summary,review_warnings,warnings_field,snake_case,4,lib,lib\recovery\recoveryRiskWarningSystem.js,lib\recovery\recoveryRiskWarningSystem.js,151,declaration | warning_id,
recovery-summary,share_total_warnings,warnings_field,snake_case,2,lib,lib\recovery\recoveryRiskWarningSystem.js,lib\recovery\recoveryRiskWarningSystem.js,294,object_key | warning_id,
recovery-summary,sorted_warnings,warnings_field,snake_case,7,lib,lib\recovery\recoveryRiskWarningSystem.js,lib\recovery\recoveryRiskWarningSystem.js,145,declaration | warning_id,
recovery-summary,warnings,warnings_field,plain,9,hooks | lib,hooks\useRecoverySummary.js | lib\calculations\recoverySummaryCalculations.js | lib\recovery\recoveryRiskWarningSystem.js | lib\selectors\recoverySummarySelectors.js,hooks\useRecoverySummary.js,237,declaration | object_key,appears_in_multiple_files
recovery-summary,BLOCKING,warning_id,PascalCase,1,lib,lib\recovery\recoveryRiskWarningSystem.js,lib\recovery\recoveryRiskWarningSystem.js,2,object_key,
recovery-summary,DRIVER,warning_id,PascalCase,1,lib,lib\recovery\recoveryRiskWarningSystem.js,lib\recovery\recoveryRiskWarningSystem.js,13,object_key,
recovery-summary,GROSS_PROFIT,warning_id,constant,1,lib,lib\recovery\recoveryRiskWarningSystem.js,lib\recovery\recoveryRiskWarningSystem.js,9,object_key,
recovery-summary,INFO,warning_id,PascalCase,2,lib,lib\recovery\recoveryRiskWarningSystem.js,lib\recovery\recoveryRiskWarningSystem.js,4,object_key,
recovery-summary,MODEL_CONFIDENCE_WARNING_IDS,warning_id,constant,1,components,components\recovery-summary\main-card\recoverySummaryWarningHelpers.js,components\recovery-summary\main-card\recoverySummaryWarningHelpers.js,1,declaration,
recovery-summary,RECOVERY_RATE,warning_id,constant,1,lib,lib\recovery\recoveryRiskWarningSystem.js,lib\recovery\recoveryRiskWarningSystem.js,10,object_key,
recovery-summary,RECOVERY_STREAM,warning_id,constant,1,lib,lib\recovery\recoveryRiskWarningSystem.js,lib\recovery\recoveryRiskWarningSystem.js,11,object_key,
recovery-summary,REVIEW,warning_id,PascalCase,1,lib,lib\recovery\recoveryRiskWarningSystem.js,lib\recovery\recoveryRiskWarningSystem.js,3,object_key,
recovery-summary,SHARE_TOTAL,warning_id,constant,1,lib,lib\recovery\recoveryRiskWarningSystem.js,lib\recovery\recoveryRiskWarningSystem.js,12,object_key,
recovery-summary,SOURCE_TRUST,warning_id,constant,1,lib,lib\recovery\recoveryRiskWarningSystem.js,lib\recovery\recoveryRiskWarningSystem.js,8,object_key,
recovery-summary,WARNING_PRIORITY,warning_id,constant,1,lib,lib\recovery\recoveryRiskWarningSystem.js,lib\recovery\recoveryRiskWarningSystem.js,7,declaration,
recovery-summary,WARNING_SEVERITY,warning_id,constant,1,lib,lib\recovery\recoveryRiskWarningSystem.js,lib\recovery\recoveryRiskWarningSystem.js,1,declaration,
recovery-summary,active_failure_id,warning_id,snake_case,2,components,components\recovery-summary\RecoverySummaryNoteDrilldown.jsx,components\recovery-summary\RecoverySummaryNoteDrilldown.jsx,138,snake_case_reference,
recovery-summary,active_warning_key,warning_id,snake_case,3,components,components\recovery-summary\RecoverySummaryNoteDrilldown.jsx,components\recovery-summary\RecoverySummaryNoteDrilldown.jsx,132,array_destructured_name | warning_id,
recovery-summary,activity_driver_label,warning_id,snake_case,3,components,components\recovery-summary\main-card\recoverySummaryWarningHelpers.js,components\recovery-summary\main-card\recoverySummaryWarningHelpers.js,110,snake_case_reference,
recovery-summary,activity_driver_type,warning_id,snake_case,2,components,components\recovery-summary\main-card\recoverySummaryWarningHelpers.js,components\recovery-summary\main-card\recoverySummaryWarningHelpers.js,109,snake_case_reference,
recovery-summary,activity_driver_value,warning_id,snake_case,1,lib,lib\calculations\recoverySummaryCalculations.js,lib\calculations\recoverySummaryCalculations.js,768,snake_case_reference,
recovery-summary,actual_maths,warning_id,snake_case,13,components,components\recovery-summary\recoverySummaryWarningDetails.js,components\recovery-summary\recoverySummaryWarningDetails.js,23,object_key,
recovery-summary,annual_gap,warning_id,snake_case,4,components,components\recovery-summary\main-card\RecoveryOutcomeDetail.jsx,components\recovery-summary\main-card\RecoveryOutcomeDetail.jsx,65,declaration | warning_id,
recovery-summary,blocked,warning_id,plain,1,lib,lib\selectors\recoverySummarySelectors.js,lib\selectors\recoverySummarySelectors.js,302,status_value,
recovery-summary,blocking_recovery_warning_count,warning_id,snake_case,4,hooks | lib,hooks\useRecoverySummary.js | lib\recovery\recoveryRiskWarningSystem.js | lib\selectors\recoverySummarySelectors.js,hooks\useRecoverySummary.js,232,object_key | warning_id,appears_in_multiple_files
recovery-summary,blocking_share_warning_count,warning_id,snake_case,3,lib,lib\recovery\recoveryRiskWarningSystem.js,lib\recovery\recoveryRiskWarningSystem.js,97,declaration | warning_id,
recovery-summary,blocking_warning_count,warning_id,snake_case,2,lib,lib\recovery\recoveryRiskWarningSystem.js,lib\recovery\recoveryRiskWarningSystem.js,175,object_key | warning_id,
recovery-summary,blocking_warning_keys,warning_id,snake_case,2,lib,lib\selectors\recoverySummarySelectors.js,lib\selectors\recoverySummarySelectors.js,266,declaration | warning_id,
recovery-summary,build_recovery_share_warning_system,warning_id,snake_case,1,lib,lib\recovery\recoveryRiskWarningSystem.js,lib\recovery\recoveryRiskWarningSystem.js,387,warning_id,
recovery-summary,build_recovery_summary_warning_system,warning_id,snake_case,3,lib,lib\recovery\recoveryRiskWarningSystem.js | lib\selectors\recoverySummarySelectors.js,lib\recovery\recoveryRiskWarningSystem.js,421,warning_id,appears_in_multiple_files
recovery-summary,build_recovery_warning,warning_id,snake_case,12,lib,lib\recovery\recoveryRiskWarningSystem.js,lib\recovery\recoveryRiskWarningSystem.js,49,warning_id,
recovery-summary,build_recovery_warning_hierarchy,warning_id,snake_case,3,lib,lib\recovery\recoveryRiskWarningSystem.js,lib\recovery\recoveryRiskWarningSystem.js,144,warning_id,
recovery-summary,build_share_warning_summary,warning_id,snake_case,2,lib,lib\recovery\recoveryRiskWarningSystem.js,lib\recovery\recoveryRiskWarningSystem.js,94,warning_id,
recovery-summary,business_type,warning_id,snake_case,5,components | lib,components\recovery-summary\main-card\recoverySummaryWarningHelpers.js | lib\calculations\recoverySummaryCalculations.js,components\recovery-summary\main-card\recoverySummaryWarningHelpers.js,102,snake_case_reference,appears_in_multiple_files
recovery-summary,calculation_title,warning_id,snake_case,13,components,components\recovery-summary\recoverySummaryWarningDetails.js,components\recovery-summary\recoverySummaryWarningDetails.js,22,object_key,
recovery-summary,carry_forward_message,warning_id,snake_case,11,components | lib,components\recovery-summary\RecoverySummaryNoteDrilldown.jsx | components\recovery-summary\main-card\RecoveryOutcomeDetail.jsx | lib\recovery\recoveryRiskWarningSystem.js,components\recovery-summary\RecoverySummaryNoteDrilldown.jsx,46,object_key | snake_case_reference,appears_in_multiple_files
recovery-summary,cascade_effect,warning_id,snake_case,10,components | lib,components\recovery-summary\RecoverySummaryNoteDrilldown.jsx | components\recovery-summary\main-card\RecoveryOutcomeDetail.jsx | lib\recovery\recoveryRiskWarningSystem.js,components\recovery-summary\RecoverySummaryNoteDrilldown.jsx,42,object_key | snake_case_reference,appears_in_multiple_files
recovery-summary,cause,warning_id,plain,10,lib,lib\recovery\recoveryRiskWarningSystem.js,lib\recovery\recoveryRiskWarningSystem.js,84,object_key,
recovery-summary,check_recovery_driver_rows,warning_id,snake_case,2,lib,lib\recovery\recoveryRiskWarningSystem.js,lib\recovery\recoveryRiskWarningSystem.js,298,snake_case_reference,
recovery-summary,check_recovery_share_total,warning_id,snake_case,2,lib,lib\recovery\recoveryRiskWarningSystem.js,lib\recovery\recoveryRiskWarningSystem.js,182,snake_case_reference,
recovery-summary,commercial_failures,warning_id,snake_case,2,components,components\recovery-summary\main-card\recoverySummaryWarningHelpers.js,components\recovery-summary\main-card\recoverySummaryWarningHelpers.js,44,declaration | snake_case_reference,
recovery-summary,component_required_recovery,warning_id,snake_case,18,components | hooks | lib,components\recovery-outcome\RecoveryOutcomeMainCard.jsx | hooks\useRecoverySummary.js | lib\calculations\recoveryOutcomeCalculations.js | lib\calculations\recoverySummaryCalculations.js | lib\selectors\recoveryOutcomeSelectors.js | lib\selectors\recoverySummarySelectors.js,components\recovery-outcome\RecoveryOutcomeMainCard.jsx,70,declaration | object_key | warning_id,appears_in_multiple_files
recovery-summary,context,warning_id,plain,9,lib,lib\recovery\recoveryRiskWarningSystem.js,lib\recovery\recoveryRiskWarningSystem.js,227,object_key,
recovery-summary,cost_stream,warning_id,snake_case,23,lib,lib\recovery\recoveryRiskWarningSystem.js,lib\recovery\recoveryRiskWarningSystem.js,54,declaration | object_key | snake_case_reference,
recovery-summary,cost_value,warning_id,snake_case,2,lib,lib\recovery\recoveryRiskWarningSystem.js,lib\recovery\recoveryRiskWarningSystem.js,309,declaration | snake_case_reference,
recovery-summary,current_margin_per_driver,warning_id,snake_case,2,components,components\recovery-summary\recoverySummaryWarningDetails.js,components\recovery-summary\recoverySummaryWarningDetails.js,8,snake_case_reference,
recovery-summary,current_recovery_rate,warning_id,snake_case,3,lib,lib\recovery\recoveryRiskWarningSystem.js,lib\recovery\recoveryRiskWarningSystem.js,425,object_key | snake_case_reference,
recovery-summary,detail_map,warning_id,snake_case,2,components,components\recovery-summary\recoverySummaryWarningDetails.js,components\recovery-summary\recoverySummaryWarningDetails.js,15,declaration | snake_case_reference,
recovery-summary,driver,warning_id,plain,9,lib,lib\recovery\recoveryRiskWarningSystem.js,lib\recovery\recoveryRiskWarningSystem.js,213,declaration | object_key,
recovery-summary,driver_enabled,warning_id,snake_case,2,lib,lib\recovery\recoveryRiskWarningSystem.js,lib\recovery\recoveryRiskWarningSystem.js,311,declaration | snake_case_reference,
recovery-summary,driver_name,warning_id,snake_case,1,lib,lib\recovery\recoveryRiskWarningSystem.js,lib\recovery\recoveryRiskWarningSystem.js,307,snake_case_reference,
recovery-summary,driver_quantity,warning_id,snake_case,2,lib,lib\recovery\recoveryRiskWarningSystem.js,lib\recovery\recoveryRiskWarningSystem.js,310,declaration | snake_case_reference,
recovery-summary,driver_result,warning_id,snake_case,2,lib,lib\recovery\recoveryRiskWarningSystem.js,lib\recovery\recoveryRiskWarningSystem.js,399,declaration | snake_case_reference,
recovery-summary,driver_rows,warning_id,snake_case,4,lib,lib\recovery\recoveryRiskWarningSystem.js,lib\recovery\recoveryRiskWarningSystem.js,300,object_key | snake_case_reference,
recovery-summary,driver_warning_rows,warning_id,snake_case,2,lib,lib\recovery\recoveryRiskWarningSystem.js,lib\recovery\recoveryRiskWarningSystem.js,383,object_key | warning_id,
recovery-summary,effect,warning_id,plain,10,lib,lib\recovery\recoveryRiskWarningSystem.js,lib\recovery\recoveryRiskWarningSystem.js,85,object_key,
recovery-summary,effective_failure_path,warning_id,snake_case,2,components,components\recovery-summary\RecoverySummaryMainCard.jsx,components\recovery-summary\RecoverySummaryMainCard.jsx,273,snake_case_reference,
recovery-summary,effective_warning_count,warning_id,snake_case,2,components,components\recovery-summary\RecoverySummaryMainCard.jsx,components\recovery-summary\RecoverySummaryMainCard.jsx,154,declaration | warning_id,
recovery-summary,emphasis,warning_id,plain,3,components,components\recovery-summary\recoverySummaryWarningDetails.js,components\recovery-summary\recoverySummaryWarningDetails.js,35,object_key,
recovery-summary,failure_rows,warning_id,snake_case,4,components,components\recovery-summary\RecoverySummaryNoteDrilldown.jsx,components\recovery-summary\RecoverySummaryNoteDrilldown.jsx,125,snake_case_reference,
recovery-summary,format_currency,warning_id,snake_case,10,components,components\recovery-summary\recoverySummaryWarningDetails.js,components\recovery-summary\recoverySummaryWarningDetails.js,1,snake_case_reference,
recovery-summary,formula,warning_id,plain,13,components,components\recovery-summary\recoverySummaryWarningDetails.js,components\recovery-summary\recoverySummaryWarningDetails.js,38,object_key,
recovery-summary,get_annual_recovery_gap,warning_id,snake_case,4,components,components\recovery-summary\main-card\RecoveryOutcomeDetail.jsx | components\recovery-summary\main-card\recoverySummaryWarningHelpers.js,components\recovery-summary\main-card\RecoveryOutcomeDetail.jsx,4,warning_id,appears_in_multiple_files
recovery-summary,get_business_type_label,warning_id,snake_case,1,components,components\recovery-summary\main-card\recoverySummaryWarningHelpers.js,components\recovery-summary\main-card\recoverySummaryWarningHelpers.js,102,snake_case_reference,
recovery-summary,get_commercial_failure_path,warning_id,snake_case,5,components,components\recovery-summary\RecoverySummaryMainCard.jsx | components\recovery-summary\main-card\recoverySummaryWarningHelpers.js,components\recovery-summary\RecoverySummaryMainCard.jsx,12,snake_case_reference,appears_in_multiple_files
recovery-summary,get_primary_commercial_warning,warning_id,snake_case,3,components,components\recovery-summary\RecoverySummaryMainCard.jsx | components\recovery-summary\main-card\recoverySummaryWarningHelpers.js,components\recovery-summary\RecoverySummaryMainCard.jsx,14,warning_id,appears_in_multiple_files
recovery-summary,get_primary_warning_cascade,warning_id,snake_case,3,components,components\recovery-summary\main-card\RecoveryOutcomeDetail.jsx,components\recovery-summary\main-card\RecoveryOutcomeDetail.jsx,22,warning_id,
recovery-summary,get_primary_warning_explanation,warning_id,snake_case,2,components,components\recovery-summary\main-card\RecoveryOutcomeDetail.jsx,components\recovery-summary\main-card\RecoveryOutcomeDetail.jsx,14,warning_id,
recovery-summary,get_primary_warning_label,warning_id,snake_case,2,components,components\recovery-summary\main-card\RecoveryOutcomeDetail.jsx,components\recovery-summary\main-card\RecoveryOutcomeDetail.jsx,6,warning_id,
recovery-summary,get_recovery_driver_label,warning_id,snake_case,2,components,components\recovery-summary\RecoverySummaryMainCard.jsx | components\recovery-summary\main-card\recoverySummaryWarningHelpers.js,components\recovery-summary\RecoverySummaryMainCard.jsx,15,snake_case_reference,appears_in_multiple_files
recovery-summary,get_status_label,warning_id,snake_case,2,components,components\recovery-summary\RecoverySummaryMainCard.jsx | components\recovery-summary\main-card\recoverySummaryWarningHelpers.js,components\recovery-summary\RecoverySummaryMainCard.jsx,16,snake_case_reference,appears_in_multiple_files
recovery-summary,get_status_tone,warning_id,snake_case,1,components,components\recovery-summary\main-card\recoverySummaryWarningHelpers.js,components\recovery-summary\main-card\recoverySummaryWarningHelpers.js,92,snake_case_reference,
recovery-summary,get_warning_carry_forward,warning_id,snake_case,3,components,components\recovery-summary\RecoverySummaryNoteDrilldown.jsx,components\recovery-summary\RecoverySummaryNoteDrilldown.jsx,45,warning_id,
recovery-summary,get_warning_cascade,warning_id,snake_case,3,components,components\recovery-summary\RecoverySummaryNoteDrilldown.jsx,components\recovery-summary\RecoverySummaryNoteDrilldown.jsx,41,warning_id,
recovery-summary,get_warning_detail,warning_id,snake_case,3,components,components\recovery-summary\RecoverySummaryNoteDrilldown.jsx | components\recovery-summary\recoverySummaryWarningDetails.js,components\recovery-summary\RecoverySummaryNoteDrilldown.jsx,5,warning_id,appears_in_multiple_files
recovery-summary,get_warning_id,warning_id,snake_case,4,components,components\recovery-summary\RecoverySummaryNoteDrilldown.jsx,components\recovery-summary\RecoverySummaryNoteDrilldown.jsx,49,warning_id,
recovery-summary,get_warning_label,warning_id,snake_case,2,lib,lib\selectors\recoverySummarySelectors.js,lib\selectors\recoverySummarySelectors.js,59,warning_id,
recovery-summary,get_warning_meaning,warning_id,snake_case,2,components,components\recovery-summary\RecoverySummaryNoteDrilldown.jsx,components\recovery-summary\RecoverySummaryNoteDrilldown.jsx,24,warning_id,
recovery-summary,get_warning_source,warning_id,snake_case,2,components,components\recovery-summary\RecoverySummaryNoteDrilldown.jsx,components\recovery-summary\RecoverySummaryNoteDrilldown.jsx,33,warning_id,
recovery-summary,get_warning_title,warning_id,snake_case,3,components,components\recovery-summary\RecoverySummaryNoteDrilldown.jsx,components\recovery-summary\RecoverySummaryNoteDrilldown.jsx,20,warning_id,
recovery-summary,gross_profit,warning_id,snake_case,1,lib,lib\recovery\recoveryRiskWarningSystem.js,lib\recovery\recoveryRiskWarningSystem.js,480,snake_case_reference,
recovery-summary,headline,warning_id,plain,12,lib,lib\recovery\recoveryRiskWarningSystem.js,lib\recovery\recoveryRiskWarningSystem.js,78,object_key,
recovery-summary,hierarchy,warning_id,plain,1,lib,lib\recovery\recoveryRiskWarningSystem.js,lib\recovery\recoveryRiskWarningSystem.js,595,declaration,
recovery-summary,hours_based,warning_id,snake_case,3,lib,lib\calculations\recoverySummaryCalculations.js,lib\calculations\recoverySummaryCalculations.js,776,snake_case_reference,
recovery-summary,info_recovery_warning_count,warning_id,snake_case,4,hooks | lib,hooks\useRecoverySummary.js | lib\recovery\recoveryRiskWarningSystem.js | lib\selectors\recoverySummarySelectors.js,hooks\useRecoverySummary.js,234,object_key | warning_id,appears_in_multiple_files
recovery-summary,info_share_warning_count,warning_id,snake_case,2,lib,lib\recovery\recoveryRiskWarningSystem.js,lib\recovery\recoveryRiskWarningSystem.js,105,declaration | warning_id,
recovery-summary,info_warning_count,warning_id,snake_case,2,lib,lib\recovery\recoveryRiskWarningSystem.js,lib\recovery\recoveryRiskWarningSystem.js,177,object_key | warning_id,
recovery-summary,initial_failure_id,warning_id,snake_case,1,components,components\recovery-summary\RecoverySummaryNoteDrilldown.jsx,components\recovery-summary\RecoverySummaryNoteDrilldown.jsx,124,declaration,
recovery-summary,label,warning_id,plain,10,components | lib,components\recovery-summary\recoverySummaryWarningDetails.js | lib\selectors\recoverySummarySelectors.js,components\recovery-summary\recoverySummaryWarningDetails.js,25,object_key,appears_in_multiple_files
recovery-summary,margin_per_unit,warning_id,snake_case,1,lib,lib\calculations\recoverySummaryCalculations.js,lib\calculations\recoverySummaryCalculations.js,792,snake_case_reference,
recovery-summary,material_margin_unverified,warning_id,snake_case,1,lib,lib\calculations\recoverySummaryCalculations.js,lib\calculations\recoverySummaryCalculations.js,817,snake_case_reference,
recovery-summary,material_recovery_clean,warning_id,snake_case,3,lib,lib\recovery\recoveryRiskWarningSystem.js,lib\recovery\recoveryRiskWarningSystem.js,429,snake_case_reference,
recovery-summary,material_recovery_included,warning_id,snake_case,1,lib,lib\calculations\recoverySummaryCalculations.js,lib\calculations\recoverySummaryCalculations.js,816,snake_case_reference,
recovery-summary,meaning,warning_id,plain,13,components,components\recovery-summary\recoverySummaryWarningDetails.js,components\recovery-summary\recoverySummaryWarningDetails.js,18,object_key,
recovery-summary,message,warning_id,plain,12,lib,lib\recovery\recoveryRiskWarningSystem.js,lib\recovery\recoveryRiskWarningSystem.js,77,object_key,
recovery-summary,missing_business_type,warning_id,snake_case,1,lib,lib\calculations\recoverySummaryCalculations.js,lib\calculations\recoverySummaryCalculations.js,749,snake_case_reference,
recovery-summary,missing_component_required_recovery,warning_id,snake_case,2,lib,lib\calculations\recoveryOutcomeCalculations.js,lib\calculations\recoveryOutcomeCalculations.js,34,object_key | warning_id,
recovery-summary,module,warning_id,plain,5,lib,lib\recovery\recoveryRiskWarningSystem.js,lib\recovery\recoveryRiskWarningSystem.js,450,object_key,
recovery-summary,no_activity_driver,warning_id,snake_case,3,components | lib,components\recovery-summary\recoverySummaryWarningDetails.js | lib\calculations\recoverySummaryCalculations.js | lib\selectors\recoverySummarySelectors.js,components\recovery-summary\recoverySummaryWarningDetails.js,124,object_key | snake_case_reference,appears_in_multiple_files
recovery-summary,no_positive_margin_per_unit,warning_id,snake_case,1,lib,lib\calculations\recoverySummaryCalculations.js,lib\calculations\recoverySummaryCalculations.js,793,snake_case_reference,
recovery-summary,no_productive_output,warning_id,snake_case,2,components | lib,components\recovery-summary\recoverySummaryWarningDetails.js | lib\calculations\recoverySummaryCalculations.js,components\recovery-summary\recoverySummaryWarningDetails.js,146,object_key | snake_case_reference,appears_in_multiple_files
recovery-summary,no_required_recovery_per_driver,warning_id,snake_case,5,components | lib,components\recovery-summary\recoverySummaryWarningDetails.js | lib\calculations\recoverySummaryCalculations.js | lib\selectors\recoverySummarySelectors.js,components\recovery-summary\recoverySummaryWarningDetails.js,135,object_key | warning_id,appears_in_multiple_files
recovery-summary,no_units_sold,warning_id,snake_case,2,components | lib,components\recovery-summary\recoverySummaryWarningDetails.js | lib\calculations\recoverySummaryCalculations.js,components\recovery-summary\recoverySummaryWarningDetails.js,157,object_key | snake_case_reference,appears_in_multiple_files
recovery-summary,normalise_priority,warning_id,snake_case,4,lib,lib\recovery\recoveryRiskWarningSystem.js,lib\recovery\recoveryRiskWarningSystem.js,44,snake_case_reference,
recovery-summary,normalise_severity,warning_id,snake_case,2,lib,lib\recovery\recoveryRiskWarningSystem.js,lib\recovery\recoveryRiskWarningSystem.js,32,snake_case_reference,
recovery-summary,not_trusted,warning_id,snake_case,1,lib,lib\selectors\recoverySummarySelectors.js,lib\selectors\recoverySummarySelectors.js,305,snake_case_reference,
recovery-summary,over_allocated_share_percent,warning_id,snake_case,8,lib,lib\recovery\recoveryRiskWarningSystem.js,lib\recovery\recoveryRiskWarningSystem.js,198,declaration | object_key | snake_case_reference,
recovery-summary,parsed,warning_id,plain,6,lib,lib\recovery\recoveryRiskWarningSystem.js,lib\recovery\recoveryRiskWarningSystem.js,18,declaration | object_key,
recovery-summary,plain_english,warning_id,snake_case,16,components | lib,components\recovery-summary\RecoverySummaryNoteDrilldown.jsx | components\recovery-summary\main-card\RecoveryOutcomeDetail.jsx | lib\recovery\recoveryRiskWarningSystem.js,components\recovery-summary\RecoverySummaryNoteDrilldown.jsx,26,object_key | snake_case_reference,appears_in_multiple_files
recovery-summary,primary_commercial_warning,warning_id,snake_case,5,components,components\recovery-summary\RecoverySummaryMainCard.jsx | components\recovery-summary\main-card\recoverySummaryWarningHelpers.js,components\recovery-summary\RecoverySummaryMainCard.jsx,149,declaration | warning_id,appears_in_multiple_files
recovery-summary,primary_confidence_warning,warning_id,snake_case,5,components,components\recovery-summary\main-card\RecoveryOutcomeDetail.jsx,components\recovery-summary\main-card\RecoveryOutcomeDetail.jsx,39,declaration | warning_id,
recovery-summary,primary_recovery_warning,warning_id,snake_case,34,components | hooks | lib,components\recovery-summary\RecoverySummaryMainCard.jsx | components\recovery-summary\RecoverySummaryNoteDrilldown.jsx | components\recovery-summary\main-card\RecoveryOutcomeDetail.jsx | components\recovery-summary\main-card\recoverySummaryWarningHelpers.js | hooks\useRecoverySummary.js | lib\recovery\recoveryRiskWarningSystem.js | lib\selectors\recoverySummarySelectors.js,components\recovery-summary\RecoverySummaryMainCard.jsx,27,object_key | warning_id,appears_in_multiple_files
recovery-summary,primary_warning,warning_id,snake_case,6,lib,lib\recovery\recoveryRiskWarningSystem.js,lib\recovery\recoveryRiskWarningSystem.js,159,declaration | warning_id,
recovery-summary,priority,warning_id,plain,12,lib,lib\recovery\recoveryRiskWarningSystem.js,lib\recovery\recoveryRiskWarningSystem.js,72,object_key,
recovery-summary,priority_a,warning_id,snake_case,3,lib,lib\recovery\recoveryRiskWarningSystem.js,lib\recovery\recoveryRiskWarningSystem.js,124,declaration | snake_case_reference,
recovery-summary,priority_b,warning_id,snake_case,3,lib,lib\recovery\recoveryRiskWarningSystem.js,lib\recovery\recoveryRiskWarningSystem.js,125,declaration | snake_case_reference,
recovery-summary,product_based,warning_id,snake_case,2,components | lib,components\recovery-summary\main-card\recoverySummaryWarningHelpers.js | lib\calculations\recoverySummaryCalculations.js,components\recovery-summary\main-card\recoverySummaryWarningHelpers.js,103,snake_case_reference,appears_in_multiple_files
recovery-summary,product_mode_active,warning_id,snake_case,2,components,components\recovery-summary\RecoverySummaryMainCard.jsx,components\recovery-summary\RecoverySummaryMainCard.jsx,30,snake_case_reference,
recovery-summary,product_required_cost_label,warning_id,snake_case,14,components | hooks | lib,components\recovery-summary\RecoverySummaryMainCard.jsx | components\recovery-summary\RecoverySummaryStatusStrip.jsx | components\recovery-summary\main-card\RecoverySupportingEvidenceDetail.jsx | hooks\useRecoverySummary.js | lib\calculations\recoverySummaryCalculations.js | lib\selectors\recoverySummarySelectors.js,components\recovery-summary\RecoverySummaryMainCard.jsx,87,object_key | warning_id,appears_in_multiple_files
recovery-summary,product_surplus_gap_label,warning_id,snake_case,14,components | hooks | lib,components\recovery-summary\RecoverySummaryMainCard.jsx | components\recovery-summary\RecoverySummaryStatusStrip.jsx | components\recovery-summary\main-card\RecoverySupportingEvidenceDetail.jsx | hooks\useRecoverySummary.js | lib\calculations\recoverySummaryCalculations.js | lib\selectors\recoverySummarySelectors.js,components\recovery-summary\RecoverySummaryMainCard.jsx,88,object_key | warning_id,appears_in_multiple_files
recovery-summary,product_unit_shortfall,warning_id,snake_case,2,lib,lib\calculations\recoverySummaryCalculations.js | lib\selectors\recoverySummarySelectors.js,lib\calculations\recoverySummaryCalculations.js,797,object_key | warning_id,appears_in_multiple_files
recovery-summary,ready,warning_id,plain,7,components | lib,components\recovery-summary\RecoverySummaryStatusStrip.jsx | components\recovery-summary\main-card\RecoverySupportingEvidenceDetail.jsx | lib\calculations\recoverySummaryCalculations.js | lib\selectors\recoverySummarySelectors.js,components\recovery-summary\RecoverySummaryStatusStrip.jsx,9,object_key | status_value,multiple_roles_detected | appears_in_multiple_files
recovery-summary,recovery_driver_label,warning_id,snake_case,1,components,components\recovery-summary\RecoverySummaryMainCard.jsx,components\recovery-summary\RecoverySummaryMainCard.jsx,23,snake_case_reference,
recovery-summary,recovery_failure_path,warning_id,snake_case,31,components | hooks | lib,components\recovery-summary\RecoverySummaryMainCard.jsx | components\recovery-summary\RecoverySummaryNoteDrilldown.jsx | components\recovery-summary\main-card\recoverySummaryWarningHelpers.js | hooks\useRecoverySummary.js | lib\recovery\recoveryRiskWarningSystem.js | lib\selectors\recoverySummarySelectors.js,components\recovery-summary\RecoverySummaryMainCard.jsx,28,object_key | snake_case_reference,multiple_roles_detected | appears_in_multiple_files
recovery-summary,recovery_gap,warning_id,snake_case,8,components | lib,components\recovery-summary\main-card\RecoveryDriverDetail.jsx | lib\recovery\recoveryRiskWarningSystem.js,components\recovery-summary\main-card\RecoveryDriverDetail.jsx,13,declaration | warning_id,appears_in_multiple_files
recovery-summary,recovery_gap_abs,warning_id,snake_case,2,components,components\recovery-summary\main-card\RecoveryDriverDetail.jsx,components\recovery-summary\main-card\RecoveryDriverDetail.jsx,14,declaration | warning_id,
recovery-summary,recovery_gap_negative,warning_id,snake_case,3,components | lib,components\recovery-summary\recoverySummaryWarningDetails.js | lib\calculations\recoverySummaryCalculations.js | lib\selectors\recoverySummarySelectors.js,components\recovery-summary\recoverySummaryWarningDetails.js,41,object_key | warning_id,appears_in_multiple_files
recovery-summary,recovery_gap_per_driver,warning_id,snake_case,9,components | hooks | lib,components\recovery-summary\RecoverySummaryMainCard.jsx | components\recovery-summary\recoverySummaryWarningDetails.js | hooks\useRecoverySummary.js | lib\calculations\recoverySummaryCalculations.js | lib\selectors\recoverySummarySelectors.js,components\recovery-summary\RecoverySummaryMainCard.jsx,131,declaration | object_key | warning_id,appears_in_multiple_files
recovery-summary,recovery_hours_used,warning_id,snake_case,1,lib,lib\calculations\recoverySummaryCalculations.js,lib\calculations\recoverySummaryCalculations.js,772,snake_case_reference,
recovery-summary,recovery_mode,warning_id,snake_case,3,lib,lib\calculations\recoverySummaryCalculations.js,lib\calculations\recoverySummaryCalculations.js,776,snake_case_reference,
recovery-summary,recovery_rate,warning_id,snake_case,1,lib,lib\recovery\recoveryRiskWarningSystem.js,lib\recovery\recoveryRiskWarningSystem.js,515,snake_case_reference,
recovery-summary,recovery_rate_gap,warning_id,snake_case,2,lib,lib\recovery\recoveryRiskWarningSystem.js,lib\recovery\recoveryRiskWarningSystem.js,440,declaration | warning_id,
recovery-summary,recovery_share_above_100,warning_id,snake_case,1,lib,lib\recovery\recoveryRiskWarningSystem.js,lib\recovery\recoveryRiskWarningSystem.js,239,snake_case_reference,
recovery-summary,recovery_share_balanced,warning_id,snake_case,1,lib,lib\recovery\recoveryRiskWarningSystem.js,lib\recovery\recoveryRiskWarningSystem.js,269,snake_case_reference,
recovery-summary,recovery_share_below_100,warning_id,snake_case,1,lib,lib\recovery\recoveryRiskWarningSystem.js,lib\recovery\recoveryRiskWarningSystem.js,208,snake_case_reference,
recovery-summary,recovery_strategy,warning_id,snake_case,1,lib,lib\recovery\recoveryRiskWarningSystem.js,lib\recovery\recoveryRiskWarningSystem.js,580,snake_case_reference,
recovery-summary,recovery_strategy_can_be_carried_forward,warning_id,snake_case,1,lib,lib\recovery\recoveryRiskWarningSystem.js,lib\recovery\recoveryRiskWarningSystem.js,575,snake_case_reference,
recovery-summary,recovery_stream_cross_subsidy_risk,warning_id,snake_case,1,lib,lib\recovery\recoveryRiskWarningSystem.js,lib\recovery\recoveryRiskWarningSystem.js,542,snake_case_reference,
recovery-summary,recovery_streams,warning_id,snake_case,1,lib,lib\recovery\recoveryRiskWarningSystem.js,lib\recovery\recoveryRiskWarningSystem.js,547,snake_case_reference,
recovery-summary,recovery_summary_usable,warning_id,snake_case,1,lib,lib\selectors\recoverySummarySelectors.js,lib\selectors\recoverySummarySelectors.js,351,object_key,
recovery-summary,recovery_variance_display,warning_id,snake_case,2,components,components\recovery-summary\RecoverySummaryRequirementBlock.jsx,components\recovery-summary\RecoverySummaryRequirementBlock.jsx,54,declaration | warning_id,
recovery-summary,recovery_warning_count,warning_id,snake_case,6,components | hooks | lib,components\recovery-summary\RecoverySummaryMainCard.jsx | hooks\useRecoverySummary.js | lib\recovery\recoveryRiskWarningSystem.js | lib\selectors\recoverySummarySelectors.js,components\recovery-summary\RecoverySummaryMainCard.jsx,116,object_key | warning_id,appears_in_multiple_files
recovery-summary,recovery_warning_rows,warning_id,snake_case,4,hooks | lib,hooks\useRecoverySummary.js | lib\recovery\recoveryRiskWarningSystem.js | lib\selectors\recoverySummarySelectors.js,hooks\useRecoverySummary.js,225,object_key | warning_id,appears_in_multiple_files
recovery-summary,recovery_warning_system,warning_id,snake_case,12,lib,lib\selectors\recoverySummarySelectors.js,lib\selectors\recoverySummarySelectors.js,455,declaration | warning_id,
recovery-summary,required_recovery_per_driver,warning_id,snake_case,3,components | lib,components\recovery-summary\recoverySummaryWarningDetails.js | lib\calculations\recoverySummaryCalculations.js,components\recovery-summary\recoverySummaryWarningDetails.js,9,snake_case_reference,appears_in_multiple_files
recovery-summary,resolved_message,warning_id,snake_case,4,lib,lib\recovery\recoveryRiskWarningSystem.js,lib\recovery\recoveryRiskWarningSystem.js,67,declaration | snake_case_reference,
recovery-summary,review_action,warning_id,snake_case,14,lib,lib\recovery\recoveryRiskWarningSystem.js,lib\recovery\recoveryRiskWarningSystem.js,59,object_key | snake_case_reference,
recovery-summary,review_recovery_warning_count,warning_id,snake_case,4,hooks | lib,hooks\useRecoverySummary.js | lib\recovery\recoveryRiskWarningSystem.js | lib\selectors\recoverySummarySelectors.js,hooks\useRecoverySummary.js,233,object_key | warning_id,appears_in_multiple_files
recovery-summary,review_share_warning_count,warning_id,snake_case,3,lib,lib\recovery\recoveryRiskWarningSystem.js,lib\recovery\recoveryRiskWarningSystem.js,101,declaration | warning_id,
recovery-summary,review_warning_count,warning_id,snake_case,2,lib,lib\recovery\recoveryRiskWarningSystem.js,lib\recovery\recoveryRiskWarningSystem.js,176,object_key | warning_id,
recovery-summary,round_currency,warning_id,snake_case,7,lib,lib\recovery\recoveryRiskWarningSystem.js,lib\recovery\recoveryRiskWarningSystem.js,22,snake_case_reference,
recovery-summary,round_percent,warning_id,snake_case,4,lib,lib\recovery\recoveryRiskWarningSystem.js,lib\recovery\recoveryRiskWarningSystem.js,27,snake_case_reference,
recovery-summary,rows,warning_id,plain,6,components | lib,components\recovery-summary\main-card\recoverySummaryWarningHelpers.js | lib\recovery\recoveryRiskWarningSystem.js,components\recovery-summary\main-card\recoverySummaryWarningHelpers.js,14,declaration,appears_in_multiple_files
recovery-summary,safe_current_recovery_rate,warning_id,snake_case,5,lib,lib\recovery\recoveryRiskWarningSystem.js,lib\recovery\recoveryRiskWarningSystem.js,438,declaration | snake_case_reference,
recovery-summary,selected_detail,warning_id,snake_case,4,components,components\recovery-summary\RecoverySummaryNoteDrilldown.jsx,components\recovery-summary\RecoverySummaryNoteDrilldown.jsx,53,declaration | snake_case_reference,
recovery-summary,selected_failure,warning_id,snake_case,8,components,components\recovery-summary\RecoverySummaryNoteDrilldown.jsx,components\recovery-summary\RecoverySummaryNoteDrilldown.jsx,203,snake_case_reference,
recovery-summary,selected_warning,warning_id,snake_case,3,components,components\recovery-summary\RecoverySummaryNoteDrilldown.jsx,components\recovery-summary\RecoverySummaryNoteDrilldown.jsx,141,declaration | warning_id,
recovery-summary,set_active_failure_id,warning_id,snake_case,1,components,components\recovery-summary\RecoverySummaryNoteDrilldown.jsx,components\recovery-summary\RecoverySummaryNoteDrilldown.jsx,181,snake_case_reference,
recovery-summary,set_active_warning_key,warning_id,snake_case,2,components,components\recovery-summary\RecoverySummaryNoteDrilldown.jsx,components\recovery-summary\RecoverySummaryNoteDrilldown.jsx,132,array_destructured_name | warning_id,
recovery-summary,severity,warning_id,plain,12,lib,lib\recovery\recoveryRiskWarningSystem.js,lib\recovery\recoveryRiskWarningSystem.js,71,object_key,
recovery-summary,severity_rank,warning_id,snake_case,3,lib,lib\recovery\recoveryRiskWarningSystem.js,lib\recovery\recoveryRiskWarningSystem.js,131,declaration | snake_case_reference,
recovery-summary,share_not_balanced,warning_id,snake_case,4,components | hooks | lib,components\recovery-summary\recoverySummaryWarningDetails.js | hooks\useRecoverySummary.js | lib\calculations\recoverySummaryCalculations.js,components\recovery-summary\recoverySummaryWarningDetails.js,91,object_key | snake_case_reference,appears_in_multiple_files
recovery-summary,share_percent,warning_id,snake_case,8,lib,lib\recovery\recoveryRiskWarningSystem.js,lib\recovery\recoveryRiskWarningSystem.js,190,declaration | snake_case_reference,
recovery-summary,share_rows,warning_id,snake_case,4,lib,lib\recovery\recoveryRiskWarningSystem.js,lib\recovery\recoveryRiskWarningSystem.js,184,object_key | snake_case_reference,
recovery-summary,share_total_result,warning_id,snake_case,5,lib,lib\recovery\recoveryRiskWarningSystem.js,lib\recovery\recoveryRiskWarningSystem.js,393,declaration | snake_case_reference,
recovery-summary,share_warning_count,warning_id,snake_case,1,lib,lib\recovery\recoveryRiskWarningSystem.js,lib\recovery\recoveryRiskWarningSystem.js,110,object_key,
recovery-summary,share_warning_rows,warning_id,snake_case,1,lib,lib\recovery\recoveryRiskWarningSystem.js,lib\recovery\recoveryRiskWarningSystem.js,116,object_key,
recovery-summary,sort_recovery_warnings_by_priority,warning_id,snake_case,2,lib,lib\recovery\recoveryRiskWarningSystem.js,lib\recovery\recoveryRiskWarningSystem.js,120,warning_id,
recovery-summary,source,warning_id,plain,13,components,components\recovery-summary\recoverySummaryWarningDetails.js,components\recovery-summary\recoverySummaryWarningDetails.js,20,object_key,
recovery-summary,status_label,warning_id,snake_case,6,components,components\recovery-summary\main-card\recoverySummaryWarningHelpers.js,components\recovery-summary\main-card\recoverySummaryWarningHelpers.js,92,snake_case_reference,
recovery-summary,title,warning_id,plain,13,components,components\recovery-summary\recoverySummaryWarningDetails.js,components\recovery-summary\recoverySummaryWarningDetails.js,17,object_key,
recovery-summary,to_number,warning_id,snake_case,5,lib,lib\recovery\recoveryRiskWarningSystem.js,lib\recovery\recoveryRiskWarningSystem.js,17,snake_case_reference,
recovery-summary,tolerance_percent,warning_id,snake_case,6,lib,lib\recovery\recoveryRiskWarningSystem.js,lib\recovery\recoveryRiskWarningSystem.js,185,snake_case_reference,
recovery-summary,total_annual_surplus_or_gap,warning_id,snake_case,14,components | hooks | lib,components\recovery-summary\RecoverySummaryMainCard.jsx | components\recovery-summary\RecoverySummaryStatusStrip.jsx | components\recovery-summary\main-card\RecoverySupportingEvidenceDetail.jsx | hooks\useRecoverySummary.js | lib\calculations\recoverySummaryCalculations.js | lib\selectors\recoverySummarySelectors.js,components\recovery-summary\RecoverySummaryMainCard.jsx,82,declaration | object_key | warning_id,appears_in_multiple_files
recovery-summary,total_revenue,warning_id,snake_case,3,components | lib,components\recovery-summary\recoverySummaryWarningDetails.js | lib\calculations\recoverySummaryCalculations.js,components\recovery-summary\recoverySummaryWarningDetails.js,11,snake_case_reference,appears_in_multiple_files
recovery-summary,total_units,warning_id,snake_case,1,lib,lib\calculations\recoverySummaryCalculations.js,lib\calculations\recoverySummaryCalculations.js,788,snake_case_reference,
recovery-summary,unallocated_share_percent,warning_id,snake_case,7,lib,lib\recovery\recoveryRiskWarningSystem.js,lib\recovery\recoveryRiskWarningSystem.js,193,declaration | object_key | snake_case_reference,
recovery-summary,unit_surplus_or_gap,warning_id,snake_case,16,components | hooks | lib,components\recovery-summary\RecoverySummaryMainCard.jsx | components\recovery-summary\RecoverySummaryStatusStrip.jsx | components\recovery-summary\main-card\RecoverySupportingEvidenceDetail.jsx | hooks\useRecoverySummary.js | lib\calculations\recoverySummaryCalculations.js | lib\selectors\recoverySummarySelectors.js,components\recovery-summary\RecoverySummaryMainCard.jsx,81,declaration | object_key | warning_id,appears_in_multiple_files
recovery-summary,unit_surplus_or_shortfall,warning_id,snake_case,7,hooks | lib,hooks\useRecoverySummary.js | lib\calculations\recoverySummaryCalculations.js | lib\selectors\recoverySummarySelectors.js,hooks\useRecoverySummary.js,199,declaration | object_key | warning_id,appears_in_multiple_files
recovery-summary,value,warning_id,plain,9,components,components\recovery-summary\recoverySummaryWarningDetails.js,components\recovery-summary\recoverySummaryWarningDetails.js,26,object_key,
recovery-summary,warning_count,warning_id,snake_case,14,app | components | lib,app\recovery-summary\page.jsx | components\recovery-summary\RecoverySummaryMainCard.jsx | components\recovery-summary\RecoverySummaryNoteDrilldown.jsx | components\recovery-summary\main-card\recoverySummaryWarningHelpers.js | lib\recovery\recoveryRiskWarningSystem.js | lib\selectors\recoverySummarySelectors.js,app\recovery-summary\page.jsx,29,object_key | snake_case_reference,appears_in_multiple_files
recovery-summary,warning_id,warning_id,snake_case,23,components | lib,components\recovery-summary\RecoverySummaryNoteDrilldown.jsx | components\recovery-summary\main-card\recoverySummaryWarningHelpers.js | lib\recovery\recoveryRiskWarningSystem.js,components\recovery-summary\RecoverySummaryNoteDrilldown.jsx,50,declaration | object_key | snake_case_reference,appears_in_multiple_files
recovery-summary,warning_items,warning_id,snake_case,18,app | components | lib,app\recovery-summary\page.jsx | components\recovery-summary\RecoverySummaryMainCard.jsx | components\recovery-summary\RecoverySummaryNoteDrilldown.jsx | lib\selectors\recoverySummarySelectors.js,app\recovery-summary\page.jsx,30,declaration | snake_case_reference,appears_in_multiple_files
recovery-summary,warning_key,warning_id,snake_case,16,components | lib,components\recovery-summary\RecoverySummaryNoteDrilldown.jsx | components\recovery-summary\main-card\recoverySummaryWarningHelpers.js | components\recovery-summary\recoverySummaryWarningDetails.js | lib\selectors\recoverySummarySelectors.js,components\recovery-summary\RecoverySummaryNoteDrilldown.jsx,50,snake_case_reference,appears_in_multiple_files
recovery-summary,warning_map,warning_id,snake_case,2,lib,lib\selectors\recoverySummarySelectors.js,lib\selectors\recoverySummarySelectors.js,60,declaration | snake_case_reference,
recovery-summary,warning_rows,warning_id,snake_case,3,lib,lib\recovery\recoveryRiskWarningSystem.js,lib\recovery\recoveryRiskWarningSystem.js,404,declaration | snake_case_reference,
recovery-summary,Guardrail,object_field,PascalCase,1,components,components\recovery-summary\RecoverySummaryHelpPanel.jsx,components\recovery-summary\RecoverySummaryHelpPanel.jsx,100,object_key,
recovery-summary,commercial_failure_path,object_field,snake_case,1,components,components\recovery-summary\RecoverySummaryMainCard.jsx,components\recovery-summary\RecoverySummaryMainCard.jsx,160,object_key,
recovery-summary,currency,object_field,plain,1,components,components\recovery-summary\recoverySummaryFormatters.js,components\recovery-summary\recoverySummaryFormatters.js,4,object_key,
recovery-summary,estimated,object_field,plain,1,components,components\recovery-summary\recoverySummaryFormatters.js,components\recovery-summary\recoverySummaryFormatters.js,29,object_key,
recovery-summary,margin_available,object_field,snake_case,2,components,components\recovery-summary\RecoverySummaryStatusStrip.jsx | components\recovery-summary\main-card\RecoverySupportingEvidenceDetail.jsx,components\recovery-summary\RecoverySummaryStatusStrip.jsx,10,object_key,appears_in_multiple_files
recovery-summary,material_share_percent,object_field,snake_case,3,hooks | lib,hooks\useRecoverySummary.js | lib\storage\recoverySummaryStorage.js,hooks\useRecoverySummary.js,59,object_key,appears_in_multiple_files
recovery-summary,maximumFractionDigits,object_field,camelCase,3,components,components\recovery-summary\recoverySummaryFormatters.js,components\recovery-summary\recoverySummaryFormatters.js,5,object_key,
recovery-summary,missing_recovery_hours,object_field,snake_case,2,components,components\recovery-summary\RecoverySummaryStatusStrip.jsx | components\recovery-summary\main-card\RecoverySupportingEvidenceDetail.jsx,components\recovery-summary\RecoverySummaryStatusStrip.jsx,14,object_key,appears_in_multiple_files
recovery-summary,missing_utilisation,object_field,snake_case,2,components,components\recovery-summary\RecoverySummaryStatusStrip.jsx | components\recovery-summary\main-card\RecoverySupportingEvidenceDetail.jsx,components\recovery-summary\RecoverySummaryStatusStrip.jsx,15,object_key,appears_in_multiple_files
recovery-summary,mode,object_field,plain,4,components,components\recovery-summary\RecoverySummaryStatusStrip.jsx | components\recovery-summary\main-card\RecoverySupportingEvidenceDetail.jsx,components\recovery-summary\RecoverySummaryStatusStrip.jsx,323,object_key,appears_in_multiple_files
recovery-summary,no_direct_costs,object_field,snake_case,2,components,components\recovery-summary\RecoverySummaryStatusStrip.jsx | components\recovery-summary\main-card\RecoverySupportingEvidenceDetail.jsx,components\recovery-summary\RecoverySummaryStatusStrip.jsx,11,object_key,appears_in_multiple_files
recovery-summary,not_recoverable,object_field,snake_case,2,components,components\recovery-summary\RecoverySummaryStatusStrip.jsx | components\recovery-summary\main-card\RecoverySupportingEvidenceDetail.jsx,components\recovery-summary\RecoverySummaryStatusStrip.jsx,12,object_key,appears_in_multiple_files
recovery-summary,not_selected,object_field,snake_case,3,components,components\recovery-summary\RecoverySummaryStatusStrip.jsx | components\recovery-summary\main-card\RecoverySupportingEvidenceDetail.jsx | components\recovery-summary\recoverySummaryFormatters.js,components\recovery-summary\RecoverySummaryStatusStrip.jsx,17,object_key,appears_in_multiple_files
recovery-summary,parsed_value,object_field,snake_case,1,lib,lib\storage\recoverySummaryProfileStorage.js,lib\storage\recoverySummaryProfileStorage.js,10,object_key,
recovery-summary,pending_live_feedback,object_field,snake_case,1,components,components\recovery-summary\recoverySummaryFormatters.js,components\recovery-summary\recoverySummaryFormatters.js,28,object_key,
recovery-summary,recovery_model,object_field,snake_case,3,hooks | lib,hooks\useRecoverySummary.js | lib\storage\recoverySummaryStorage.js,hooks\useRecoverySummary.js,51,object_key,appears_in_multiple_files
recovery-summary,split_manually_overridden,object_field,snake_case,2,lib,lib\storage\recoverySummaryStorage.js,lib\storage\recoverySummaryStorage.js,13,object_key,
recovery-summary,step,object_field,plain,1,components,components\recovery-summary\RecoverySummaryHandoffBlock.jsx,components\recovery-summary\RecoverySummaryHandoffBlock.jsx,23,object_key,
recovery-summary,total,object_field,plain,8,components,components\recovery-summary\RecoverySummaryStatusStrip.jsx | components\recovery-summary\main-card\RecoverySupportingEvidenceDetail.jsx,components\recovery-summary\RecoverySummaryStatusStrip.jsx,44,object_key | quoted_object_key,appears_in_multiple_files
revenue-cogs,business_setup,output_contract_field,snake_case,1,hooks,hooks\useRevenueCogs.js,hooks\useRevenueCogs.js,72,snake_case_reference,downstream_contract_candidate
revenue-cogs,business_type,output_contract_field,snake_case,2,hooks,hooks\useRevenueCogs.js,hooks\useRevenueCogs.js,231,declaration | snake_case_reference,downstream_contract_candidate
revenue-cogs,calculations,output_contract_field,plain,1,hooks,hooks\useRevenueCogs.js,hooks\useRevenueCogs.js,253,declaration,downstream_contract_candidate
revenue-cogs,commercial_driver_mode,output_contract_field,snake_case,10,hooks | lib,hooks\useRevenueCogs.js | lib\calculations\revenueCogsCalculations.js | lib\storage\revenueCogsStorage.js,hooks\useRevenueCogs.js,129,object_key | snake_case_reference,multiple_roles_detected | appears_in_multiple_files | downstream_contract_candidate
revenue-cogs,cost_of_sales_lines,output_contract_field,snake_case,1,hooks,hooks\useRevenueCogs.js,hooks\useRevenueCogs.js,257,object_key,downstream_contract_candidate
revenue-cogs,direct_cost_categories,output_contract_field,snake_case,1,hooks,hooks\useRevenueCogs.js,hooks\useRevenueCogs.js,258,object_key,downstream_contract_candidate
revenue-cogs,direct_cost_category_totals,output_contract_field,snake_case,7,components | hooks,components\business-summary\BusinessSummaryHierarchyBuilder.js | hooks\useBusinessSummary.js | hooks\useRevenueCogs.js,components\business-summary\BusinessSummaryHierarchyBuilder.js,315,object_key | snake_case_reference,multiple_roles_detected | appears_in_multiple_files | downstream_contract_candidate
revenue-cogs,gross_margin_percent,output_contract_field,snake_case,8,hooks,hooks\useBusinessModelling.js | hooks\useBusinessSummary.js | hooks\useRevenueReality.js,hooks\useBusinessModelling.js,105,object_key | snake_case_reference,appears_in_multiple_files | downstream_contract_candidate
revenue-cogs,labour_based,output_contract_field,snake_case,1,hooks,hooks\useRevenueCogs.js,hooks\useRevenueCogs.js,232,snake_case_reference,downstream_contract_candidate
revenue-cogs,output_contract,output_contract_field,snake_case,4,hooks,hooks\useRevenueCogs.js,hooks\useRevenueCogs.js,71,output_contract_reference,downstream_contract_candidate
revenue-cogs,resolved_commercial_driver_mode,output_contract_field,snake_case,4,hooks | lib,hooks\useRevenueCogs.js | lib\calculations\revenueCogsCalculations.js,hooks\useRevenueCogs.js,261,snake_case_reference,multiple_roles_detected | appears_in_multiple_files | downstream_contract_candidate
revenue-cogs,revenue_cogs,output_contract_field,snake_case,4,hooks,hooks\useBusinessSummary.js | hooks\useRecoverySummary.js | hooks\useRevenueReality.js,hooks\useBusinessSummary.js,26,object_key | snake_case_reference,multiple_roles_detected | appears_in_multiple_files | downstream_contract_candidate
revenue-cogs,revenue_cogs_output_contract,output_contract_field,snake_case,19,hooks,hooks\useBusinessSummary.js | hooks\useRevenueReality.js,hooks\useBusinessSummary.js,26,declaration | snake_case_reference,appears_in_multiple_files | downstream_contract_candidate
revenue-cogs,revenue_cogs_outputs,output_contract_field,snake_case,1,hooks,hooks\useRecoverySummary.js,hooks\useRecoverySummary.js,28,declaration,downstream_contract_candidate
revenue-cogs,revenue_cogs_ready,output_contract_field,snake_case,12,app | components | hooks | lib,app\revenue-cogs\page.jsx | components\revenue-cogs\RevenueCogsStatusStrip.jsx | hooks\useBusinessSummary.js | hooks\useRevenueCogs.js | lib\selectors\businessSummarySelectors.js | lib\selectors\revenueCogsSelectors.js,app\revenue-cogs\page.jsx,97,declaration | object_key | snake_case_reference,multiple_roles_detected | appears_in_multiple_files | downstream_contract_candidate
revenue-cogs,revenue_cogs_state,output_contract_field,snake_case,1,hooks,hooks\useRevenueCogs.js,hooks\useRevenueCogs.js,326,snake_case_reference,downstream_contract_candidate
revenue-cogs,revenue_lines,output_contract_field,snake_case,1,hooks,hooks\useRevenueCogs.js,hooks\useRevenueCogs.js,256,object_key,downstream_contract_candidate
revenue-cogs,total_direct_costs,output_contract_field,snake_case,12,components | hooks | lib,components\recovery-summary\recoverySummaryWarningDetails.js | hooks\useBusinessModelling.js | hooks\useBusinessSummary.js | hooks\useRevenueCogs.js | hooks\useRevenueReality.js | lib\calculations\revenueRealityCalculations.js | lib\selectors\revenueCogsSelectors.js,components\recovery-summary\recoverySummaryWarningDetails.js,12,object_key | snake_case_reference,multiple_roles_detected | appears_in_multiple_files | downstream_contract_candidate
revenue-cogs,total_revenue,output_contract_field,snake_case,4,hooks | lib,hooks\useRevenueCogs.js | lib\selectors\revenueCogsSelectors.js,hooks\useRevenueCogs.js,254,object_key | snake_case_reference,multiple_roles_detected | appears_in_multiple_files | downstream_contract_candidate
revenue-cogs,product_recovery_status,status_field,snake_case,4,hooks | lib,hooks\useRevenueCogs.js | lib\calculations\revenueCogsCalculations.js | lib\selectors\revenueCogsSelectors.js,hooks\useRevenueCogs.js,297,object_key | snake_case_reference,appears_in_multiple_files
revenue-cogs,status,status_field,plain,5,components | hooks | lib,components\revenue-cogs\RevenueCogXeroImportPanel.jsx | hooks\useRevenueCogs.js | lib\imports\xeroCogImporter.js,components\revenue-cogs\RevenueCogXeroImportPanel.jsx,231,declaration | object_key,appears_in_multiple_files
revenue-cogs,is_account_heading_row,readiness_field,snake_case,2,lib,lib\imports\xeroCogImporter.js,lib\imports\xeroCogImporter.js,142,snake_case_reference,
revenue-cogs,is_header_row,readiness_field,snake_case,2,lib,lib\imports\xeroCogImporter.js,lib\imports\xeroCogImporter.js,100,snake_case_reference,
revenue-cogs,is_hours_based,readiness_field,snake_case,2,app | lib,app\revenue-cogs\page.jsx | lib\selectors\revenueCogsSelectors.js,app\revenue-cogs\page.jsx,118,object_key | snake_case_reference,appears_in_multiple_files
revenue-cogs,is_labour_based,readiness_field,snake_case,5,app | hooks,app\revenue-cogs\page.jsx | hooks\useRevenueCogs.js,app\revenue-cogs\page.jsx,115,declaration | snake_case_reference,appears_in_multiple_files
revenue-cogs,is_mixed_unit_based,readiness_field,snake_case,10,app | components | lib,app\revenue-cogs\page.jsx | components\revenue-cogs\RevenueCogsCard.jsx | lib\selectors\revenueCogsSelectors.js,app\revenue-cogs\page.jsx,120,object_key | snake_case_reference,appears_in_multiple_files
revenue-cogs,is_negative,readiness_field,snake_case,3,lib,lib\imports\xeroCogImporter.js,lib\imports\xeroCogImporter.js,46,declaration | snake_case_reference,
revenue-cogs,is_processing,readiness_field,snake_case,3,components,components\revenue-cogs\RevenueCogXeroImportPanel.jsx,components\revenue-cogs\RevenueCogXeroImportPanel.jsx,164,array_destructured_name | snake_case_reference,
revenue-cogs,is_product_based,readiness_field,snake_case,10,app | components | hooks,app\revenue-cogs\page.jsx | components\revenue-cogs\RevenueCogsCard.jsx | hooks\useRevenueCogs.js,app\revenue-cogs\page.jsx,114,declaration | snake_case_reference,appears_in_multiple_files
revenue-cogs,is_report_title_row,readiness_field,snake_case,2,lib,lib\imports\xeroCogImporter.js,lib\imports\xeroCogImporter.js,89,snake_case_reference,
revenue-cogs,is_revenue_bucket,readiness_field,snake_case,8,components | lib,components\revenue-cogs\RevenueCogsCard.jsx | lib\calculations\revenueCogsCalculations.js,components\revenue-cogs\RevenueCogsCard.jsx,163,declaration | snake_case_reference,appears_in_multiple_files
revenue-cogs,is_review_category,readiness_field,snake_case,2,lib,lib\imports\xeroCogImporter.js,lib\imports\xeroCogImporter.js,85,warning_id,
revenue-cogs,is_single_mode,readiness_field,snake_case,3,hooks,hooks\useRevenueCogs.js,hooks\useRevenueCogs.js,143,declaration | snake_case_reference,
revenue-cogs,is_total_row,readiness_field,snake_case,2,lib,lib\imports\xeroCogImporter.js,lib\imports\xeroCogImporter.js,130,snake_case_reference,
revenue-cogs,is_unit_based,readiness_field,snake_case,6,app | components | lib,app\revenue-cogs\page.jsx | components\revenue-cogs\RevenueCogsCard.jsx | lib\selectors\revenueCogsSelectors.js,app\revenue-cogs\page.jsx,119,object_key | snake_case_reference,appears_in_multiple_files
revenue-cogs,product_recovery_ready,readiness_field,snake_case,3,hooks | lib,hooks\useRevenueCogs.js | lib\calculations\revenueCogsCalculations.js | lib\selectors\revenueCogsSelectors.js,hooks\useRevenueCogs.js,296,object_key,appears_in_multiple_files
revenue-cogs,revenue_cogs_not_ready,readiness_field,snake_case,1,lib,lib\selectors\businessSummarySelectors.js,lib\selectors\businessSummarySelectors.js,107,snake_case_reference,
revenue-cogs,unit_recovery_ready,readiness_field,snake_case,5,app | hooks | lib,app\revenue-cogs\page.jsx | hooks\useRevenueCogs.js | lib\calculations\revenueCogsCalculations.js | lib\selectors\revenueCogsSelectors.js,app\revenue-cogs\page.jsx,128,object_key | snake_case_reference,appears_in_multiple_files
revenue-cogs,all_warnings,warnings_field,snake_case,4,lib,lib\selectors\revenueCogsSelectors.js,lib\selectors\revenueCogsSelectors.js,124,declaration | warning_id,
revenue-cogs,build_unit_driver_warnings,warnings_field,snake_case,2,lib,lib\calculations\revenueCogsCalculations.js,lib\calculations\revenueCogsCalculations.js,94,warning_id,
revenue-cogs,revenue_cogs_warnings,warnings_field,snake_case,6,app | components | hooks | lib,app\revenue-cogs\page.jsx | components\revenue-cogs\RevenueCogsStatusStrip.jsx | hooks\useRevenueCogs.js | lib\selectors\revenueCogsSelectors.js,app\revenue-cogs\page.jsx,102,object_key | warning_id,appears_in_multiple_files
revenue-cogs,unit_recovery_warnings,warnings_field,snake_case,13,app | components | hooks | lib,app\revenue-cogs\page.jsx | components\revenue-cogs\RevenueCogsCard.jsx | hooks\useRevenueCogs.js | lib\calculations\revenueCogsCalculations.js | lib\selectors\revenueCogsSelectors.js,app\revenue-cogs\page.jsx,129,declaration | object_key | warning_id,appears_in_multiple_files
revenue-cogs,unit_warnings,warnings_field,snake_case,3,lib,lib\selectors\revenueCogsSelectors.js,lib\selectors\revenueCogsSelectors.js,120,declaration | warning_id,
revenue-cogs,warnings,warnings_field,plain,2,lib,lib\calculations\revenueCogsCalculations.js | lib\selectors\revenueCogsSelectors.js,lib\calculations\revenueCogsCalculations.js,98,declaration,appears_in_multiple_files
revenue-cogs,Note,warning_id,PascalCase,1,components,components\revenue-cogs\RevenueCogXeroImportPanel.jsx,components\revenue-cogs\RevenueCogXeroImportPanel.jsx,149,object_key,
revenue-cogs,average_sale_rate_per_unit,warning_id,snake_case,4,hooks | lib,hooks\useRevenueCogs.js | lib\calculations\revenueCogsCalculations.js | lib\storage\revenueCogsStorage.js,hooks\useRevenueCogs.js,30,object_key | snake_case_reference,multiple_roles_detected | appears_in_multiple_files
revenue-cogs,derived_units_annual,warning_id,snake_case,1,lib,lib\calculations\revenueCogsCalculations.js,lib\calculations\revenueCogsCalculations.js,147,snake_case_reference,
revenue-cogs,estimated_units_annual,warning_id,snake_case,4,hooks | lib,hooks\useRevenueCogs.js | lib\calculations\revenueCogsCalculations.js | lib\storage\revenueCogsStorage.js,hooks\useRevenueCogs.js,31,object_key | snake_case_reference,multiple_roles_detected | appears_in_multiple_files
revenue-cogs,hours_based,warning_id,snake_case,3,lib,lib\calculations\revenueCogsCalculations.js,lib\calculations\revenueCogsCalculations.js,100,snake_case_reference,
revenue-cogs,imported_review_required,warning_id,snake_case,1,lib,lib\imports\xeroCogImporter.js,lib\imports\xeroCogImporter.js,6,warning_id,
revenue-cogs,margin_pool,warning_id,snake_case,3,app | components | lib,app\revenue-cogs\page.jsx | components\revenue-cogs\RevenueCogsStatusStrip.jsx | lib\selectors\revenueCogsSelectors.js,app\revenue-cogs\page.jsx,100,snake_case_reference,appears_in_multiple_files
revenue-cogs,message,warning_id,plain,5,lib,lib\calculations\revenueCogsCalculations.js | lib\selectors\revenueCogsSelectors.js,lib\calculations\revenueCogsCalculations.js,107,object_key,appears_in_multiple_files
revenue-cogs,missing_revenue_cogs_data,warning_id,snake_case,1,lib,lib\calculations\recoverySummaryCalculations.js,lib\calculations\recoverySummaryCalculations.js,753,snake_case_reference,
revenue-cogs,negative_margin_pool,warning_id,snake_case,1,lib,lib\selectors\revenueCogsSelectors.js,lib\selectors\revenueCogsSelectors.js,114,snake_case_reference,
revenue-cogs,no_direct_cost_data,warning_id,snake_case,1,lib,lib\selectors\revenueCogsSelectors.js,lib\selectors\revenueCogsSelectors.js,106,snake_case_reference,
revenue-cogs,no_revenue_data,warning_id,snake_case,1,lib,lib\selectors\revenueCogsSelectors.js,lib\selectors\revenueCogsSelectors.js,99,snake_case_reference,
revenue-cogs,no_unit_drivers,warning_id,snake_case,1,lib,lib\calculations\revenueCogsCalculations.js,lib\calculations\revenueCogsCalculations.js,106,snake_case_reference,
revenue-cogs,revenue_share_total,warning_id,snake_case,1,lib,lib\calculations\revenueCogsCalculations.js,lib\calculations\revenueCogsCalculations.js,118,snake_case_reference,
revenue-cogs,review_required,warning_id,snake_case,16,components | lib,components\revenue-cogs\RevenueCogXeroImportPanel.jsx | lib\imports\xeroCogImporter.js | lib\selectors\revenueCogsSelectors.js,components\revenue-cogs\RevenueCogXeroImportPanel.jsx,361,declaration | object_key | quoted_object_key | warning_id,appears_in_multiple_files
revenue-cogs,to_number,warning_id,snake_case,3,lib,lib\calculations\revenueCogsCalculations.js,lib\calculations\revenueCogsCalculations.js,128,snake_case_reference,
revenue-cogs,top_review_rows,warning_id,snake_case,3,components,components\revenue-cogs\RevenueCogXeroImportPanel.jsx,components\revenue-cogs\RevenueCogXeroImportPanel.jsx,219,declaration | warning_id,
revenue-cogs,unit_driver_id,warning_id,snake_case,4,components | lib,components\revenue-cogs\RevenueCogsCard.jsx | lib\calculations\revenueCogsCalculations.js,components\revenue-cogs\RevenueCogsCard.jsx,533,object_key | snake_case_reference,appears_in_multiple_files
revenue-cogs,unit_driver_rows,warning_id,snake_case,10,hooks | lib,hooks\useRevenueCogs.js | lib\calculations\revenueCogsCalculations.js | lib\storage\revenueCogsStorage.js,hooks\useRevenueCogs.js,130,object_key | snake_case_reference,multiple_roles_detected | appears_in_multiple_files
revenue-cogs,unit_quantity_missing,warning_id,snake_case,1,lib,lib\calculations\revenueCogsCalculations.js,lib\calculations\revenueCogsCalculations.js,130,warning_id,
revenue-cogs,unit_revenue_split_not_100,warning_id,snake_case,1,lib,lib\calculations\revenueCogsCalculations.js,lib\calculations\revenueCogsCalculations.js,120,snake_case_reference,
revenue-cogs,unit_sale_rate_missing,warning_id,snake_case,1,lib,lib\calculations\revenueCogsCalculations.js,lib\calculations\revenueCogsCalculations.js,141,warning_id,
revenue-cogs,unit_volume_not_available,warning_id,snake_case,1,lib,lib\calculations\revenueCogsCalculations.js,lib\calculations\revenueCogsCalculations.js,149,warning_id,
revenue-cogs,units_sold_annual,warning_id,snake_case,4,app | hooks | lib,app\revenue-cogs\page.jsx | hooks\useRevenueCogs.js | lib\storage\revenueCogsStorage.js,app\revenue-cogs\page.jsx,130,object_key | snake_case_reference,multiple_roles_detected | appears_in_multiple_files
revenue-cogs,warning_count,warning_id,snake_case,4,app | components | lib,app\revenue-cogs\page.jsx | components\revenue-cogs\RevenueCogsStatusStrip.jsx | lib\selectors\revenueCogsSelectors.js,app\revenue-cogs\page.jsx,101,object_key | snake_case_reference,appears_in_multiple_files
revenue-cogs,warning_id,warning_id,snake_case,10,components | lib,components\revenue-cogs\RevenueCogsCard.jsx | components\revenue-cogs\RevenueCogsStatusStrip.jsx | lib\calculations\revenueCogsCalculations.js | lib\selectors\revenueCogsSelectors.js,components\revenue-cogs\RevenueCogsCard.jsx,532,object_key | snake_case_reference,appears_in_multiple_files
revenue-cogs,weighted_average_margin_per_unit,warning_id,snake_case,1,components,components\revenue-cogs\RevenueCogsCard.jsx,components\revenue-cogs\RevenueCogsCard.jsx,328,snake_case_reference,
revenue-cogs,Example,object_field,PascalCase,2,components,components\revenue-cogs\RevenueCogXeroImportPanel.jsx | components\revenue-cogs\RevenueCogsCard.jsx,components\revenue-cogs\RevenueCogXeroImportPanel.jsx,66,object_key,appears_in_multiple_files
revenue-cogs,Guardrail,object_field,PascalCase,1,components,components\revenue-cogs\RevenueCogsHelpPanel.jsx,components\revenue-cogs\RevenueCogsHelpPanel.jsx,169,object_key,
revenue-cogs,Hide,object_field,PascalCase,2,components,components\revenue-cogs\RevenueCogsCard.jsx | components\revenue-cogs\RevenueCogsHelpPanel.jsx,components\revenue-cogs\RevenueCogsCard.jsx,574,quoted_object_key,appears_in_multiple_files
revenue-cogs,Important,object_field,PascalCase,1,components,components\revenue-cogs\RevenueCogXeroImportPanel.jsx,components\revenue-cogs\RevenueCogXeroImportPanel.jsx,34,object_key,
revenue-cogs,Required,object_field,PascalCase,2,components,components\revenue-cogs\RevenueCogXeroImportPanel.jsx,components\revenue-cogs\RevenueCogXeroImportPanel.jsx,361,quoted_object_key,
revenue-cogs,Yes,object_field,PascalCase,2,components,components\revenue-cogs\RevenueCogXeroImportPanel.jsx,components\revenue-cogs\RevenueCogXeroImportPanel.jsx,360,quoted_object_key,
revenue-cogs,absolute_difference,object_field,snake_case,2,lib,lib\imports\xeroCogImporter.js,lib\imports\xeroCogImporter.js,339,object_key,
revenue-cogs,account_count,object_field,snake_case,1,lib,lib\imports\xeroCogImporter.js,lib\imports\xeroCogImporter.js,279,object_key,
revenue-cogs,account_name,object_field,snake_case,5,lib,lib\imports\xeroCogImporter.js,lib\imports\xeroCogImporter.js,73,object_key,
revenue-cogs,account_row_count,object_field,snake_case,1,lib,lib\imports\xeroCogImporter.js,lib\imports\xeroCogImporter.js,586,object_key,
revenue-cogs,amount,object_field,plain,1,lib,lib\imports\xeroCogImporter.js,lib\imports\xeroCogImporter.js,74,object_key,
revenue-cogs,annual_credit_total,object_field,snake_case,4,lib,lib\imports\xeroCogImporter.js,lib\imports\xeroCogImporter.js,233,object_key,
revenue-cogs,annual_debit_total,object_field,snake_case,4,lib,lib\imports\xeroCogImporter.js,lib\imports\xeroCogImporter.js,232,object_key,
revenue-cogs,annual_gross_total,object_field,snake_case,4,lib,lib\imports\xeroCogImporter.js,lib\imports\xeroCogImporter.js,235,object_key,
revenue-cogs,annual_gst_total,object_field,snake_case,5,lib,lib\imports\xeroCogImporter.js,lib\imports\xeroCogImporter.js,236,object_key,
revenue-cogs,annual_net_total,object_field,snake_case,4,lib,lib\imports\xeroCogImporter.js,lib\imports\xeroCogImporter.js,234,object_key,
revenue-cogs,annual_total_gross,object_field,snake_case,1,lib,lib\imports\xeroCogImporter.js,lib\imports\xeroCogImporter.js,552,object_key,
revenue-cogs,annual_total_net,object_field,snake_case,1,lib,lib\imports\xeroCogImporter.js,lib\imports\xeroCogImporter.js,551,object_key,
revenue-cogs,balanced,object_field,plain,2,lib,lib\imports\xeroCogImporter.js,lib\imports\xeroCogImporter.js,340,quoted_object_key,
revenue-cogs,cog_cost_total,object_field,snake_case,2,hooks | lib,hooks\useQuoteEngine.js | lib\storage\quoteEngineStorage.js,hooks\useQuoteEngine.js,291,object_key,appears_in_multiple_files
revenue-cogs,cog_gst_total,object_field,snake_case,1,lib,lib\imports\xeroCogImporter.js,lib\imports\xeroCogImporter.js,578,object_key,
revenue-cogs,cog_import_treatment,object_field,snake_case,4,lib,lib\imports\xeroCogImporter.js,lib\imports\xeroCogImporter.js,186,object_key,
revenue-cogs,cog_markup_percent,object_field,snake_case,2,hooks | lib,hooks\useQuoteEngine.js | lib\storage\quoteEngineStorage.js,hooks\useQuoteEngine.js,293,object_key,appears_in_multiple_files
revenue-cogs,cog_pricing_mode,object_field,snake_case,4,hooks | lib,hooks\useQuoteEngine.js | lib\storage\quoteEngineStorage.js,hooks\useQuoteEngine.js,292,object_key,appears_in_multiple_files
revenue-cogs,cog_sell_total,object_field,snake_case,2,hooks | lib,hooks\useQuoteEngine.js | lib\storage\quoteEngineStorage.js,hooks\useQuoteEngine.js,294,object_key,appears_in_multiple_files
revenue-cogs,cog_total_credit,object_field,snake_case,1,lib,lib\imports\xeroCogImporter.js,lib\imports\xeroCogImporter.js,574,object_key,
revenue-cogs,cog_total_debit,object_field,snake_case,1,lib,lib\imports\xeroCogImporter.js,lib\imports\xeroCogImporter.js,573,object_key,
revenue-cogs,cog_total_gross,object_field,snake_case,1,lib,lib\imports\xeroCogImporter.js,lib\imports\xeroCogImporter.js,577,object_key,
revenue-cogs,cog_total_net,object_field,snake_case,1,lib,lib\imports\xeroCogImporter.js,lib\imports\xeroCogImporter.js,572,object_key,
revenue-cogs,columns,object_field,plain,1,components,components\revenue-cogs\RevenueCogXeroImportPanel.jsx,components\revenue-cogs\RevenueCogXeroImportPanel.jsx,97,object_key,
revenue-cogs,created_at,object_field,snake_case,3,lib,lib\storage\revenueCogsStorage.js,lib\storage\revenueCogsStorage.js,62,object_key,
revenue-cogs,credit_index,object_field,snake_case,1,lib,lib\imports\xeroCogImporter.js,lib\imports\xeroCogImporter.js,121,object_key,
revenue-cogs,currency,object_field,plain,4,components,components\revenue-cogs\RevenueCogXeroImportPanel.jsx | components\revenue-cogs\RevenueCogsCard.jsx | components\revenue-cogs\RevenueCogsStatusStrip.jsx,components\revenue-cogs\RevenueCogXeroImportPanel.jsx,12,object_key,appears_in_multiple_files
revenue-cogs,date_index,object_field,snake_case,1,lib,lib\imports\xeroCogImporter.js,lib\imports\xeroCogImporter.js,116,object_key,
revenue-cogs,day,object_field,plain,1,app,app\revenue-cogs\page.jsx,app\revenue-cogs\page.jsx,18,object_key,
revenue-cogs,debit_index,object_field,snake_case,1,lib,lib\imports\xeroCogImporter.js,lib\imports\xeroCogImporter.js,120,object_key,
revenue-cogs,description_index,object_field,snake_case,1,lib,lib\imports\xeroCogImporter.js,lib\imports\xeroCogImporter.js,118,object_key,
revenue-cogs,difference,object_field,plain,3,components | lib,components\revenue-cogs\RevenueCogXeroImportPanel.jsx | lib\imports\xeroCogImporter.js,components\revenue-cogs\RevenueCogXeroImportPanel.jsx,230,object_key,appears_in_multiple_files
revenue-cogs,direct_cost_category_id,object_field,snake_case,5,lib,lib\imports\xeroCogImporter.js,lib\imports\xeroCogImporter.js,75,object_key,
revenue-cogs,direct_cost_category_name,object_field,snake_case,5,lib,lib\imports\xeroCogImporter.js,lib\imports\xeroCogImporter.js,77,object_key,
revenue-cogs,direct_cost_package_adjustment_amount,object_field,snake_case,1,hooks,hooks\useQuoteEngine.js,hooks\useQuoteEngine.js,125,object_key,
revenue-cogs,direct_cost_package_allowance_total,object_field,snake_case,4,hooks | lib,hooks\useQuoteEngine.js | lib\storage\quoteEngineStorage.js,hooks\useQuoteEngine.js,308,object_key,appears_in_multiple_files
revenue-cogs,direct_cost_package_cost_total,object_field,snake_case,4,hooks | lib,hooks\useQuoteEngine.js | lib\storage\quoteEngineStorage.js,hooks\useQuoteEngine.js,309,object_key,appears_in_multiple_files
revenue-cogs,excluded_row_count,object_field,snake_case,1,lib,lib\imports\xeroCogImporter.js,lib\imports\xeroCogImporter.js,589,object_key,
revenue-cogs,gross_index,object_field,snake_case,1,lib,lib\imports\xeroCogImporter.js,lib\imports\xeroCogImporter.js,125,object_key,
revenue-cogs,gst_index,object_field,snake_case,1,lib,lib\imports\xeroCogImporter.js,lib\imports\xeroCogImporter.js,126,object_key,
revenue-cogs,hour,object_field,plain,1,app,app\revenue-cogs\page.jsx,app\revenue-cogs\page.jsx,20,object_key,
revenue-cogs,id,object_field,plain,3,hooks | lib,hooks\useRevenueCogs.js | lib\storage\revenueCogsStorage.js,hooks\useRevenueCogs.js,26,object_key,appears_in_multiple_files
revenue-cogs,import_meta,object_field,snake_case,1,lib,lib\imports\xeroCogImporter.js,lib\imports\xeroCogImporter.js,556,object_key,
revenue-cogs,importer_name,object_field,snake_case,1,lib,lib\imports\xeroCogImporter.js,lib\imports\xeroCogImporter.js,557,object_key,
revenue-cogs,includeEmpty,object_field,camelCase,1,lib,lib\imports\xeroCogImporter.js,lib\imports\xeroCogImporter.js,610,object_key,
revenue-cogs,include_in_cog,object_field,snake_case,4,lib,lib\imports\xeroCogImporter.js,lib\imports\xeroCogImporter.js,191,object_key,
revenue-cogs,matched,object_field,plain,2,lib,lib\imports\xeroCogImporter.js,lib\imports\xeroCogImporter.js,184,object_key,
revenue-cogs,maximumFractionDigits,object_field,camelCase,8,components,components\revenue-cogs\RevenueCogXeroImportPanel.jsx | components\revenue-cogs\RevenueCogsCard.jsx | components\revenue-cogs\RevenueCogsStatusStrip.jsx,components\revenue-cogs\RevenueCogXeroImportPanel.jsx,13,object_key,appears_in_multiple_files
revenue-cogs,md,object_field,plain,4,components,components\revenue-cogs\RevenueCogXeroImportPanel.jsx | components\revenue-cogs\RevenueCogsCard.jsx,components\revenue-cogs\RevenueCogXeroImportPanel.jsx,301,object_key,appears_in_multiple_files
revenue-cogs,minimumFractionDigits,object_field,camelCase,2,components,components\revenue-cogs\RevenueCogsCard.jsx,components\revenue-cogs\RevenueCogsCard.jsx,43,object_key,
revenue-cogs,minute,object_field,plain,1,app,app\revenue-cogs\page.jsx,app\revenue-cogs\page.jsx,21,object_key,
revenue-cogs,mixed_unit_based,object_field,snake_case,1,hooks,hooks\useRevenueCogs.js,hooks\useRevenueCogs.js,120,quoted_object_key,
revenue-cogs,modelling_amount,object_field,snake_case,1,lib,lib\imports\xeroCogImporter.js,lib\imports\xeroCogImporter.js,569,object_key,
revenue-cogs,month,object_field,plain,1,app,app\revenue-cogs\page.jsx,app\revenue-cogs\page.jsx,19,object_key,
revenue-cogs,name,object_field,plain,1,components,components\revenue-cogs\RevenueCogXeroImportPanel.jsx,components\revenue-cogs\RevenueCogXeroImportPanel.jsx,132,object_key,
revenue-cogs,raw_state,object_field,snake_case,1,hooks,hooks\useRevenueCogs.js,hooks\useRevenueCogs.js,314,object_key,
revenue-cogs,reference_index,object_field,snake_case,1,lib,lib\imports\xeroCogImporter.js,lib\imports\xeroCogImporter.js,119,object_key,
revenue-cogs,required_columns,object_field,snake_case,1,lib,lib\imports\xeroCogImporter.js,lib\imports\xeroCogImporter.js,559,object_key,
revenue-cogs,revenue_share_percent,object_field,snake_case,4,hooks | lib,hooks\useRevenueCogs.js | lib\storage\revenueCogsStorage.js,hooks\useRevenueCogs.js,44,object_key,appears_in_multiple_files
revenue-cogs,review_reason,object_field,snake_case,3,lib,lib\imports\xeroCogImporter.js,lib\imports\xeroCogImporter.js,193,object_key,
revenue-cogs,review_row_count,object_field,snake_case,1,lib,lib\imports\xeroCogImporter.js,lib\imports\xeroCogImporter.js,590,object_key,
revenue-cogs,running_balance_index,object_field,snake_case,1,lib,lib\imports\xeroCogImporter.js,lib\imports\xeroCogImporter.js,122,object_key,
revenue-cogs,save,object_field,plain,1,app,app\revenue-cogs\page.jsx,app\revenue-cogs\page.jsx,46,object_key,
revenue-cogs,scenario_gross_margin_percent,object_field,snake_case,1,hooks,hooks\useBusinessModelling.js,hooks\useBusinessModelling.js,193,object_key,
revenue-cogs,scenario_total_direct_costs,object_field,snake_case,1,hooks,hooks\useBusinessModelling.js,hooks\useBusinessModelling.js,191,object_key,
revenue-cogs,sensitivity,object_field,plain,1,lib,lib\imports\xeroCogImporter.js,lib\imports\xeroCogImporter.js,486,object_key,
revenue-cogs,source_index,object_field,snake_case,1,lib,lib\imports\xeroCogImporter.js,lib\imports\xeroCogImporter.js,117,object_key,
revenue-cogs,source_report,object_field,snake_case,1,lib,lib\imports\xeroCogImporter.js,lib\imports\xeroCogImporter.js,558,object_key,
revenue-cogs,suggested_qs_category,object_field,snake_case,3,lib,lib\imports\xeroCogImporter.js,lib\imports\xeroCogImporter.js,188,object_key,
revenue-cogs,summary,object_field,plain,2,components | lib,components\revenue-cogs\RevenueCogXeroImportPanel.jsx | lib\imports\xeroCogImporter.js,components\revenue-cogs\RevenueCogXeroImportPanel.jsx,227,object_key,appears_in_multiple_files
revenue-cogs,supplier_account_row_count,object_field,snake_case,1,lib,lib\imports\xeroCogImporter.js,lib\imports\xeroCogImporter.js,587,object_key,
revenue-cogs,supplier_account_summary,object_field,snake_case,1,lib,lib\imports\xeroCogImporter.js,lib\imports\xeroCogImporter.js,547,object_key,
revenue-cogs,supplier_name,object_field,snake_case,1,lib,lib\imports\xeroCogImporter.js,lib\imports\xeroCogImporter.js,549,object_key,
revenue-cogs,supplier_source,object_field,snake_case,1,lib,lib\imports\xeroCogImporter.js,lib\imports\xeroCogImporter.js,568,object_key,
revenue-cogs,total_credit,object_field,snake_case,1,lib,lib\imports\xeroCogImporter.js,lib\imports\xeroCogImporter.js,412,object_key,
revenue-cogs,total_debit,object_field,snake_case,1,lib,lib\imports\xeroCogImporter.js,lib\imports\xeroCogImporter.js,411,object_key,
revenue-cogs,total_net,object_field,snake_case,1,lib,lib\imports\xeroCogImporter.js,lib\imports\xeroCogImporter.js,413,object_key,
revenue-cogs,transaction_count,object_field,snake_case,1,lib,lib\imports\xeroCogImporter.js,lib\imports\xeroCogImporter.js,237,object_key,
revenue-cogs,transaction_row_count,object_field,snake_case,1,lib,lib\imports\xeroCogImporter.js,lib\imports\xeroCogImporter.js,585,object_key,
revenue-cogs,type,object_field,plain,1,components,components\revenue-cogs\RevenueCogsCard.jsx,components\revenue-cogs\RevenueCogsCard.jsx,414,object_key,
revenue-cogs,unit_label,object_field,snake_case,3,hooks | lib,hooks\useRevenueCogs.js | lib\storage\revenueCogsStorage.js,hooks\useRevenueCogs.js,27,object_key,appears_in_multiple_files
revenue-cogs,unit_type,object_field,snake_case,3,hooks | lib,hooks\useRevenueCogs.js | lib\storage\revenueCogsStorage.js,hooks\useRevenueCogs.js,28,object_key,appears_in_multiple_files
revenue-cogs,updated_at,object_field,snake_case,10,hooks | lib,hooks\useRevenueCogs.js | lib\storage\revenueCogsStorage.js,hooks\useRevenueCogs.js,107,object_key,appears_in_multiple_files
revenue-cogs,visible_by_default,object_field,snake_case,3,lib,lib\imports\xeroCogImporter.js,lib\imports\xeroCogImporter.js,187,object_key,
revenue-cogs,visible_default_row_count,object_field,snake_case,1,lib,lib\imports\xeroCogImporter.js,lib\imports\xeroCogImporter.js,588,object_key,
revenue-cogs,xero_cogs_total_net,object_field,snake_case,1,lib,lib\imports\xeroCogImporter.js,lib\imports\xeroCogImporter.js,581,object_key,
revenue-cogs,xero_total_net,object_field,snake_case,3,components | lib,components\revenue-cogs\RevenueCogXeroImportPanel.jsx | lib\imports\xeroCogImporter.js,components\revenue-cogs\RevenueCogXeroImportPanel.jsx,229,object_key,appears_in_multiple_files
revenue-cogs,xl,object_field,plain,1,components,components\revenue-cogs\RevenueCogsCard.jsx,components\revenue-cogs\RevenueCogsCard.jsx,192,object_key,
revenue-reality,business_setup,output_contract_field,snake_case,1,hooks,hooks\useRevenueReality.js,hooks\useRevenueReality.js,21,snake_case_reference,downstream_contract_candidate
revenue-reality,business_type,output_contract_field,snake_case,6,hooks | lib,hooks\useRevenueReality.js | lib\calculations\revenueRealityCalculations.js,hooks\useRevenueReality.js,33,declaration | object_key | snake_case_reference,multiple_roles_detected | appears_in_multiple_files | downstream_contract_candidate
revenue-reality,calculations,output_contract_field,plain,1,hooks,hooks\useRevenueReality.js,hooks\useRevenueReality.js,39,declaration,downstream_contract_candidate
revenue-reality,is_product_based,output_contract_field,snake_case,8,hooks | lib,hooks\useRevenueReality.js | lib\calculations\revenueRealityCalculations.js,hooks\useRevenueReality.js,48,object_key | snake_case_reference,multiple_roles_detected | appears_in_multiple_files | downstream_contract_candidate
revenue-reality,output_contract,output_contract_field,snake_case,5,hooks,hooks\useRevenueReality.js,hooks\useRevenueReality.js,21,output_contract_reference,downstream_contract_candidate
revenue-reality,total_revenue,output_contract_field,snake_case,6,components | hooks | lib,components\revenue-reality\RevenueRealityStatusStrip.jsx | hooks\useRevenueReality.js | lib\calculations\revenueRealityCalculations.js,components\revenue-reality\RevenueRealityStatusStrip.jsx,13,object_key | snake_case_reference,multiple_roles_detected | appears_in_multiple_files | downstream_contract_candidate
revenue-reality,get_revenue_reality_status,status_field,snake_case,2,lib,lib\calculations\revenueRealityCalculations.js,lib\calculations\revenueRealityCalculations.js,86,snake_case_reference,
revenue-reality,revenue_reality_status,status_field,snake_case,6,hooks | lib,hooks\useRevenueReality.js | lib\calculations\revenueRealityCalculations.js | lib\selectors\revenueRealitySelectors.js,hooks\useRevenueReality.js,85,declaration | object_key | snake_case_reference,appears_in_multiple_files
revenue-reality,status,status_field,plain,2,app | hooks,app\revenue-reality\page.jsx | hooks\useRevenueReality.js,app\revenue-reality\page.jsx,16,declaration | destructured_name,appears_in_multiple_files
revenue-reality,is_hours_based,readiness_field,snake_case,5,app | components | hooks | lib,app\revenue-reality\page.jsx | components\revenue-reality\RevenueRealityMainCard.jsx | hooks\useRevenueReality.js | lib\calculations\revenueRealityCalculations.js,app\revenue-reality\page.jsx,45,object_key | snake_case_reference,appears_in_multiple_files
revenue-reality,is_mounted,readiness_field,snake_case,2,app,app\revenue-reality\page.jsx,app\revenue-reality\page.jsx,15,array_destructured_name | snake_case_reference,
revenue-reality,revenue_reality_ready,readiness_field,snake_case,3,hooks | lib,hooks\useRevenueReality.js | lib\calculations\revenueRealityCalculations.js | lib\selectors\revenueRealitySelectors.js,hooks\useRevenueReality.js,79,object_key,appears_in_multiple_files
revenue-reality,build_revenue_reality_warnings,warnings_field,snake_case,2,lib,lib\calculations\revenueRealityCalculations.js,lib\calculations\revenueRealityCalculations.js,20,warning_id,
revenue-reality,revenue_reality_warnings,warnings_field,snake_case,15,app | components | hooks | lib,app\revenue-reality\page.jsx | components\revenue-reality\RevenueRealityStatusStrip.jsx | hooks\useRevenueReality.js | lib\calculations\revenueRealityCalculations.js | lib\selectors\revenueRealitySelectors.js,app\revenue-reality\page.jsx,39,declaration | object_key | warning_id,appears_in_multiple_files
revenue-reality,warnings,warnings_field,plain,1,lib,lib\calculations\revenueRealityCalculations.js,lib\calculations\revenueRealityCalculations.js,27,declaration,
revenue-reality,make_warning,warning_id,snake_case,7,lib,lib\calculations\revenueRealityCalculations.js,lib\calculations\revenueRealityCalculations.js,13,warning_id,
revenue-reality,material_margin,warning_id,snake_case,2,lib,lib\calculations\revenueRealityCalculations.js,lib\calculations\revenueRealityCalculations.js,56,snake_case_reference,
revenue-reality,missing_cogs,warning_id,snake_case,1,lib,lib\calculations\revenueRealityCalculations.js,lib\calculations\revenueRealityCalculations.js,41,snake_case_reference,
revenue-reality,missing_revenue,warning_id,snake_case,1,lib,lib\calculations\revenueRealityCalculations.js,lib\calculations\revenueRealityCalculations.js,32,snake_case_reference,
revenue-reality,negative_material_margin,warning_id,snake_case,1,lib,lib\calculations\revenueRealityCalculations.js,lib\calculations\revenueRealityCalculations.js,59,snake_case_reference,
revenue-reality,resolved_business_type,warning_id,snake_case,1,lib,lib\calculations\revenueRealityCalculations.js,lib\calculations\revenueRealityCalculations.js,179,snake_case_reference,
revenue-reality,status_title,warning_id,snake_case,2,components | lib,components\revenue-reality\RevenueRealityStatusStrip.jsx | lib\selectors\revenueRealitySelectors.js,components\revenue-reality\RevenueRealityStatusStrip.jsx,12,object_key | snake_case_reference,appears_in_multiple_files
revenue-reality,warning_count,warning_id,snake_case,4,app | components | lib,app\revenue-reality\page.jsx | components\revenue-reality\RevenueRealityStatusStrip.jsx | lib\selectors\revenueRealitySelectors.js,app\revenue-reality\page.jsx,38,object_key | snake_case_reference,appears_in_multiple_files
revenue-reality,warning_id,warning_id,snake_case,3,components | lib,components\revenue-reality\RevenueRealityStatusStrip.jsx | lib\calculations\revenueRealityCalculations.js,components\revenue-reality\RevenueRealityStatusStrip.jsx,77,snake_case_reference,appears_in_multiple_files
revenue-reality,Hide,object_field,PascalCase,1,components,components\revenue-reality\RevenueRealityHelpPanel.jsx,components\revenue-reality\RevenueRealityHelpPanel.jsx,38,quoted_object_key,
revenue-reality,currency,object_field,plain,1,components,components\revenue-reality\RevenueRealityStatusStrip.jsx,components\revenue-reality\RevenueRealityStatusStrip.jsx,6,object_key,
revenue-reality,maximumFractionDigits,object_field,camelCase,1,components,components\revenue-reality\RevenueRealityStatusStrip.jsx,components\revenue-reality\RevenueRealityStatusStrip.jsx,7,object_key,
revenue-reality,total,object_field,plain,1,components,components\revenue-reality\RevenueRealityComparisonBlock.jsx,components\revenue-reality\RevenueRealityComparisonBlock.jsx,26,quoted_object_key,
unknown,annual_income,output_contract_field,snake_case,1,lib,lib\selectors\quickStartSelectors.js,lib\selectors\quickStartSelectors.js,146,snake_case_reference,downstream_contract_candidate | module_owner_review_required
unknown,annual_perfect_text,output_contract_field,snake_case,1,lib,lib\selectors\quickStartSelectors.js,lib\selectors\quickStartSelectors.js,145,object_key,downstream_contract_candidate | module_owner_review_required
unknown,annual_real_text,output_contract_field,snake_case,1,lib,lib\selectors\quickStartSelectors.js,lib\selectors\quickStartSelectors.js,146,object_key,downstream_contract_candidate | module_owner_review_required
unknown,cost_pct,output_contract_field,snake_case,1,lib,lib\selectors\quickStartSelectors.js,lib\selectors\quickStartSelectors.js,135,object_key,downstream_contract_candidate | module_owner_review_required
unknown,cost_value,output_contract_field,snake_case,1,lib,lib\selectors\quickStartSelectors.js,lib\selectors\quickStartSelectors.js,131,object_key,downstream_contract_candidate | module_owner_review_required
unknown,crew_days,output_contract_field,snake_case,1,lib,lib\selectors\quickStartSelectors.js,lib\selectors\quickStartSelectors.js,95,snake_case_reference,downstream_contract_candidate | module_owner_review_required
unknown,direct_cost,output_contract_field,snake_case,1,lib,lib\selectors\quickStartSelectors.js,lib\selectors\quickStartSelectors.js,52,snake_case_reference,downstream_contract_candidate | module_owner_review_required
unknown,equivalent_rate,output_contract_field,snake_case,2,lib,lib\selectors\quickStartSelectors.js,lib\selectors\quickStartSelectors.js,140,snake_case_reference,downstream_contract_candidate | module_owner_review_required
unknown,equivalent_rate_text,output_contract_field,snake_case,1,lib,lib\selectors\quickStartSelectors.js,lib\selectors\quickStartSelectors.js,140,object_key,downstream_contract_candidate | module_owner_review_required
unknown,equivalent_rate_value,output_contract_field,snake_case,1,lib,lib\selectors\quickStartSelectors.js,lib\selectors\quickStartSelectors.js,142,object_key,downstream_contract_candidate | module_owner_review_required
unknown,fill_percent,output_contract_field,snake_case,2,lib,lib\selectors\quickStartSelectors.js,lib\selectors\quickStartSelectors.js,143,snake_case_reference,downstream_contract_candidate | module_owner_review_required
unknown,format_currency,output_contract_field,snake_case,8,lib,lib\selectors\quickStartSelectors.js,lib\selectors\quickStartSelectors.js,56,snake_case_reference,downstream_contract_candidate | module_owner_review_required
unknown,format_hours,output_contract_field,snake_case,5,lib,lib\selectors\quickStartSelectors.js,lib\selectors\quickStartSelectors.js,33,snake_case_reference,downstream_contract_candidate | module_owner_review_required
unknown,format_rate,output_contract_field,snake_case,9,lib,lib\selectors\quickStartSelectors.js,lib\selectors\quickStartSelectors.js,22,snake_case_reference,downstream_contract_candidate | module_owner_review_required
unknown,headline_rate_pct,output_contract_field,snake_case,1,lib,lib\selectors\quickStartSelectors.js,lib\selectors\quickStartSelectors.js,143,object_key,downstream_contract_candidate | module_owner_review_required
unknown,headline_rate_text,output_contract_field,snake_case,1,lib,lib\selectors\quickStartSelectors.js,lib\selectors\quickStartSelectors.js,139,object_key,downstream_contract_candidate | module_owner_review_required
unknown,headline_rate_value,output_contract_field,snake_case,1,lib,lib\selectors\quickStartSelectors.js,lib\selectors\quickStartSelectors.js,141,object_key,downstream_contract_candidate | module_owner_review_required
unknown,hours_per_person,output_contract_field,snake_case,1,lib,lib\selectors\quickStartSelectors.js,lib\selectors\quickStartSelectors.js,91,snake_case_reference,downstream_contract_candidate | module_owner_review_required
unknown,implied_cost_per_person_per_hour,output_contract_field,snake_case,1,lib,lib\selectors\quickStartSelectors.js,lib\selectors\quickStartSelectors.js,72,snake_case_reference,downstream_contract_candidate | module_owner_review_required
unknown,insight_text,output_contract_field,snake_case,2,lib,lib\calculations\quickStartCalculations.js | lib\selectors\quickStartSelectors.js,lib\calculations\quickStartCalculations.js,155,object_key | snake_case_reference,multiple_roles_detected | appears_in_multiple_files | downstream_contract_candidate | module_owner_review_required
unknown,label,output_contract_field,plain,13,lib,lib\selectors\quickStartSelectors.js,lib\selectors\quickStartSelectors.js,32,object_key,downstream_contract_candidate | module_owner_review_required
unknown,lost_rate_pct,output_contract_field,snake_case,1,lib,lib\selectors\quickStartSelectors.js,lib\selectors\quickStartSelectors.js,144,object_key,downstream_contract_candidate | module_owner_review_required
unknown,m2_rate,output_contract_field,snake_case,2,lib,lib\selectors\quickStartSelectors.js,lib\selectors\quickStartSelectors.js,25,snake_case_reference,downstream_contract_candidate | module_owner_review_required
unknown,mode_key,output_contract_field,snake_case,4,lib,lib\selectors\quickStartSelectors.js,lib\selectors\quickStartSelectors.js,20,snake_case_reference,downstream_contract_candidate | module_owner_review_required
unknown,non_working_hours,output_contract_field,snake_case,1,lib,lib\selectors\quickStartSelectors.js,lib\selectors\quickStartSelectors.js,37,snake_case_reference,downstream_contract_candidate | module_owner_review_required
unknown,output_contract,output_contract_field,snake_case,46,hooks | lib,hooks\useMaterials.js | hooks\useQuickStart.js | hooks\useRevenueSummary.js | hooks\useSquareMetreRate.js | lib\selectors\quickStartSelectors.js,hooks\useMaterials.js,59,output_contract_reference,appears_in_multiple_files | downstream_contract_candidate | module_owner_review_required
unknown,paid_hours_per_year,output_contract_field,snake_case,1,lib,lib\selectors\quickStartSelectors.js,lib\selectors\quickStartSelectors.js,33,snake_case_reference,downstream_contract_candidate | module_owner_review_required
unknown,perfect_world_income,output_contract_field,snake_case,1,lib,lib\selectors\quickStartSelectors.js,lib\selectors\quickStartSelectors.js,145,snake_case_reference,downstream_contract_candidate | module_owner_review_required
unknown,perfectly,output_contract_field,plain,1,lib,lib\selectors\quickStartSelectors.js,lib\selectors\quickStartSelectors.js,145,object_key,downstream_contract_candidate | module_owner_review_required
unknown,primary_label,output_contract_field,snake_case,4,components | lib,components\quick-start\QuickStartStatusStrip.jsx | lib\selectors\quickStartSelectors.js,components\quick-start\QuickStartStatusStrip.jsx,7,declaration | snake_case_reference,multiple_roles_detected | appears_in_multiple_files | downstream_contract_candidate | module_owner_review_required
unknown,primary_value,output_contract_field,snake_case,1,lib,lib\selectors\quickStartSelectors.js,lib\selectors\quickStartSelectors.js,22,declaration,downstream_contract_candidate | module_owner_review_required
unknown,quick_start_state,output_contract_field,snake_case,4,hooks | lib,hooks\useQuickStart.js | lib\selectors\quickStartSelectors.js,hooks\useQuickStart.js,16,snake_case_reference,appears_in_multiple_files | downstream_contract_candidate | module_owner_review_required
unknown,rate_drop_amount,output_contract_field,snake_case,1,lib,lib\selectors\quickStartSelectors.js,lib\selectors\quickStartSelectors.js,45,snake_case_reference,downstream_contract_candidate | module_owner_review_required
unknown,realistically,output_contract_field,plain,1,lib,lib\selectors\quickStartSelectors.js,lib\selectors\quickStartSelectors.js,146,object_key,downstream_contract_candidate | module_owner_review_required
unknown,remaining_pct,output_contract_field,snake_case,1,lib,lib\selectors\quickStartSelectors.js,lib\selectors\quickStartSelectors.js,137,object_key,downstream_contract_candidate | module_owner_review_required
unknown,remaining_value,output_contract_field,snake_case,1,lib,lib\selectors\quickStartSelectors.js,lib\selectors\quickStartSelectors.js,133,object_key,downstream_contract_candidate | module_owner_review_required
unknown,sub_label,output_contract_field,snake_case,1,lib,lib\selectors\quickStartSelectors.js,lib\selectors\quickStartSelectors.js,126,object_key,downstream_contract_candidate | module_owner_review_required
unknown,team_rate_per_hour,output_contract_field,snake_case,1,lib,lib\selectors\quickStartSelectors.js,lib\selectors\quickStartSelectors.js,67,snake_case_reference,downstream_contract_candidate | module_owner_review_required
unknown,total_days,output_contract_field,snake_case,1,lib,lib\selectors\quickStartSelectors.js,lib\selectors\quickStartSelectors.js,81,snake_case_reference,downstream_contract_candidate | module_owner_review_required
unknown,total_job_price,output_contract_field,snake_case,3,lib,lib\selectors\quickStartSelectors.js | lib\storage\quickStartStorage.js,lib\selectors\quickStartSelectors.js,85,object_key | snake_case_reference,multiple_roles_detected | appears_in_multiple_files | downstream_contract_candidate | module_owner_review_required
unknown,total_job_value,output_contract_field,snake_case,1,lib,lib\selectors\quickStartSelectors.js,lib\selectors\quickStartSelectors.js,129,object_key,downstream_contract_candidate | module_owner_review_required
unknown,update_quick_start_field,output_contract_field,snake_case,3,hooks | lib,hooks\useQuickStart.js | lib\selectors\quickStartSelectors.js,hooks\useQuickStart.js,23,snake_case_reference,appears_in_multiple_files | downstream_contract_candidate | module_owner_review_required
unknown,value,output_contract_field,plain,14,lib,lib\selectors\quickStartSelectors.js,lib\selectors\quickStartSelectors.js,33,object_key,downstream_contract_candidate | module_owner_review_required
unknown,weekly_buffer,output_contract_field,snake_case,1,lib,lib\selectors\quickStartSelectors.js,lib\selectors\quickStartSelectors.js,56,snake_case_reference,downstream_contract_candidate | module_owner_review_required
unknown,working_hours,output_contract_field,snake_case,1,lib,lib\selectors\quickStartSelectors.js,lib\selectors\quickStartSelectors.js,41,snake_case_reference,downstream_contract_candidate | module_owner_review_required
unknown,availableThemes,consumed_field,camelCase,2,app | hooks,app\settings\page.jsx | hooks\useTheme.js,app\settings\page.jsx,7,destructured_name | object_key,multiple_roles_detected | appears_in_multiple_files | consumed_from_upstream | module_owner_review_required
unknown,searchParams,consumed_field,camelCase,1,app,app\api\acc\search\route.js,app\api\acc\search\route.js,17,destructured_name,consumed_from_upstream | module_owner_review_required
unknown,setTheme,consumed_field,camelCase,1,app,app\settings\page.jsx,app\settings\page.jsx,7,destructured_name,consumed_from_upstream | module_owner_review_required
unknown,summary,consumed_field,plain,3,app,app\materials\page.jsx | app\rates\square-metre\page.jsx | app\revenue-summary\page.jsx,app\materials\page.jsx,10,destructured_name,appears_in_multiple_files | consumed_from_upstream | module_owner_review_required
unknown,theme,consumed_field,plain,1,app,app\settings\page.jsx,app\settings\page.jsx,7,destructured_name,consumed_from_upstream | module_owner_review_required
unknown,status,status_field,plain,9,app | hooks,app\api\acc\search\route.js | app\api\demo-login\route.js | app\materials\page.jsx | app\rates\square-metre\page.jsx | app\revenue-summary\page.jsx | hooks\useMaterials.js | hooks\useRevenueSummary.js | hooks\useSquareMetreRate.js,app\api\acc\search\route.js,75,declaration | destructured_name | object_key,appears_in_multiple_files | module_owner_review_required
unknown,is_active,readiness_field,snake_case,6,lib,lib\selectors\materialsSelectors.js | lib\selectors\revenueSummarySelectors.js | lib\selectors\squareMetreRateSelectors.js | lib\storage\materialsStorage.js | lib\storage\revenueSummaryStorage.js | lib\storage\squareMetreRateStorage.js,lib\selectors\materialsSelectors.js,19,object_key | snake_case_reference,appears_in_multiple_files | module_owner_review_required
unknown,is_blocked,readiness_field,snake_case,3,components,components\common\SetupNextButton.jsx,components\common\SetupNextButton.jsx,10,declaration | warning_id,module_owner_review_required
unknown,is_drag_target,readiness_field,snake_case,3,components,components\common\ReclassificationBoard.jsx,components\common\ReclassificationBoard.jsx,133,snake_case_reference,module_owner_review_required
unknown,is_reclassified,readiness_field,snake_case,1,components,components\common\ReclassificationBoard.jsx,components\common\ReclassificationBoard.jsx,61,snake_case_reference,module_owner_review_required
unknown,is_submitting,readiness_field,snake_case,3,app,app\demo-login\page.jsx,app\demo-login\page.jsx,12,array_destructured_name | snake_case_reference,module_owner_review_required
unknown,Warnings,warnings_field,PascalCase,3,components,components\materials\MaterialsStatusStrip.jsx | components\rates\square-metre\SquareMetreRateStatusStrip.jsx | components\revenue-summary\RevenueSummaryStatusStrip.jsx,components\materials\MaterialsStatusStrip.jsx,62,object_key,appears_in_multiple_files | module_owner_review_required
unknown,warnings,warnings_field,plain,9,lib,lib\calculations\materialsCalculations.js | lib\calculations\revenueSummaryCalculations.js | lib\calculations\squareMetreRateCalculations.js | lib\selectors\materialsSelectors.js | lib\selectors\revenueSummarySelectors.js | lib\selectors\squareMetreRateSelectors.js,lib\calculations\materialsCalculations.js,42,declaration | object_key,appears_in_multiple_files | module_owner_review_required
unknown,annual_material_cost,warning_id,snake_case,3,lib,lib\calculations\materialsCalculations.js | lib\storage\materialsStorage.js,lib\calculations\materialsCalculations.js,48,object_key | snake_case_reference,multiple_roles_detected | appears_in_multiple_files | module_owner_review_required
unknown,annual_material_revenue,warning_id,snake_case,5,lib,lib\calculations\materialsCalculations.js | lib\storage\materialsStorage.js,lib\calculations\materialsCalculations.js,44,object_key | snake_case_reference,multiple_roles_detected | appears_in_multiple_files | module_owner_review_required
unknown,bad,warning_id,plain,3,components,components\materials\MaterialsStatusStrip.jsx | components\rates\square-metre\SquareMetreRateStatusStrip.jsx | components\revenue-summary\RevenueSummaryStatusStrip.jsx,components\materials\MaterialsStatusStrip.jsx,63,quoted_object_key,appears_in_multiple_files | module_owner_review_required
unknown,base_square_metre_rate,warning_id,snake_case,2,lib,lib\calculations\squareMetreRateCalculations.js | lib\storage\squareMetreRateStorage.js,lib\calculations\squareMetreRateCalculations.js,42,object_key | snake_case_reference,multiple_roles_detected | appears_in_multiple_files | module_owner_review_required
unknown,cost_entered,warning_id,snake_case,2,components | lib,components\materials\MaterialsStatusStrip.jsx | lib\selectors\materialsSelectors.js,components\materials\MaterialsStatusStrip.jsx,26,snake_case_reference,appears_in_multiple_files | module_owner_review_required
unknown,cost_of_sales_mapping_variance,warning_id,snake_case,2,lib,lib\audit\buildLiveAuditSnapshotExport.js,lib\audit\buildLiveAuditSnapshotExport.js,136,object_key | warning_id,module_owner_review_required
unknown,cost_reduction_required_at_current_rates,warning_id,snake_case,5,lib,lib\calculations\recoveryAnalysisCalculations.js | lib\selectors\recoveryAnalysisSelectors.js,lib\calculations\recoveryAnalysisCalculations.js,62,declaration | object_key | warning_id,appears_in_multiple_files | module_owner_review_required
unknown,cost_reduction_required_at_current_rates_display,warning_id,snake_case,1,lib,lib\selectors\recoveryAnalysisSelectors.js,lib\selectors\recoveryAnalysisSelectors.js,64,object_key,module_owner_review_required
unknown,current_revenue,warning_id,snake_case,1,lib,lib\calculations\revenueSummaryCalculations.js,lib\calculations\revenueSummaryCalculations.js,146,snake_case_reference,module_owner_review_required
unknown,depreciation_exclusion_variance,warning_id,snake_case,2,lib,lib\audit\buildLiveAuditSnapshotExport.js,lib\audit\buildLiveAuditSnapshotExport.js,127,object_key | warning_id,module_owner_review_required
unknown,expected_annual_square_metres,warning_id,snake_case,2,lib,lib\calculations\squareMetreRateCalculations.js | lib\storage\squareMetreRateStorage.js,lib\calculations\squareMetreRateCalculations.js,46,object_key | snake_case_reference,multiple_roles_detected | appears_in_multiple_files | module_owner_review_required
unknown,expected_recovery_contribution,warning_id,snake_case,2,components | lib,components\rates\square-metre\SquareMetreRateMainCard.jsx | lib\selectors\squareMetreRateSelectors.js,components\rates\square-metre\SquareMetreRateMainCard.jsx,41,snake_case_reference,appears_in_multiple_files | module_owner_review_required
unknown,expected_revenue_annual,warning_id,snake_case,1,lib,lib\selectors\squareMetreRateSelectors.js,lib\selectors\squareMetreRateSelectors.js,6,snake_case_reference,module_owner_review_required
unknown,explained_variance,warning_id,snake_case,1,lib,lib\audit\buildLiveAuditSnapshotExport.js,lib\audit\buildLiveAuditSnapshotExport.js,169,object_key,module_owner_review_required
unknown,extra_hours_required_at_current_rates,warning_id,snake_case,5,lib,lib\calculations\recoveryAnalysisCalculations.js | lib\selectors\recoveryAnalysisSelectors.js,lib\calculations\recoveryAnalysisCalculations.js,57,declaration | object_key | warning_id,appears_in_multiple_files | module_owner_review_required
unknown,extra_hours_required_at_current_rates_display,warning_id,snake_case,1,lib,lib\selectors\recoveryAnalysisSelectors.js,lib\selectors\recoveryAnalysisSelectors.js,58,object_key,module_owner_review_required
unknown,get_health,warning_id,snake_case,1,lib,lib\selectors\revenueSummarySelectors.js,lib\selectors\revenueSummarySelectors.js,17,snake_case_reference,module_owner_review_required
unknown,get_rate_health,warning_id,snake_case,2,lib,lib\selectors\squareMetreRateSelectors.js,lib\selectors\squareMetreRateSelectors.js,1,snake_case_reference,module_owner_review_required
unknown,health,warning_id,plain,4,components | lib,components\materials\MaterialsSummaryCard.jsx | components\rates\square-metre\SquareMetreRateStatusStrip.jsx | components\rates\square-metre\SquareMetreRateSummaryCard.jsx | lib\selectors\revenueSummarySelectors.js,components\materials\MaterialsSummaryCard.jsx,37,object_key,multiple_roles_detected | appears_in_multiple_files | module_owner_review_required
unknown,hours_per_week,warning_id,snake_case,2,lib,lib\calculations\quickStartCalculations.js | lib\storage\quickStartStorage.js,lib\calculations\quickStartCalculations.js,97,object_key | snake_case_reference,multiple_roles_detected | appears_in_multiple_files | module_owner_review_required
unknown,material_cost_total,warning_id,snake_case,2,lib,lib\calculations\revenueSummaryCalculations.js | lib\storage\revenueSummaryStorage.js,lib\calculations\revenueSummaryCalculations.js,138,object_key | snake_case_reference,multiple_roles_detected | appears_in_multiple_files | module_owner_review_required
unknown,material_margin_annual,warning_id,snake_case,2,lib,lib\calculations\materialsCalculations.js,lib\calculations\materialsCalculations.js,56,snake_case_reference,module_owner_review_required
unknown,material_margin_percent,warning_id,snake_case,3,components | lib,components\materials\MaterialsMainCard.jsx | lib\calculations\materialsCalculations.js | lib\selectors\materialsSelectors.js,components\materials\MaterialsMainCard.jsx,36,object_key | snake_case_reference,appears_in_multiple_files | module_owner_review_required
unknown,minimum_charge,warning_id,snake_case,2,lib,lib\calculations\squareMetreRateCalculations.js | lib\storage\squareMetreRateStorage.js,lib\calculations\squareMetreRateCalculations.js,50,object_key | snake_case_reference,multiple_roles_detected | appears_in_multiple_files | module_owner_review_required
unknown,minor_gap,warning_id,snake_case,1,lib,lib\calculations\recoveryAnalysisCalculations.js,lib\calculations\recoveryAnalysisCalculations.js,82,warning_id,module_owner_review_required
unknown,moderate_gap,warning_id,snake_case,1,lib,lib\calculations\recoveryAnalysisCalculations.js,lib\calculations\recoveryAnalysisCalculations.js,89,warning_id,module_owner_review_required
unknown,on_annual_material_cost_change,warning_id,snake_case,1,components,components\materials\MaterialsMainCard.jsx,components\materials\MaterialsMainCard.jsx,38,snake_case_reference,module_owner_review_required
unknown,operating_expenses_total,warning_id,snake_case,2,lib,lib\calculations\revenueSummaryCalculations.js | lib\storage\revenueSummaryStorage.js,lib\calculations\revenueSummaryCalculations.js,142,object_key | snake_case_reference,multiple_roles_detected | appears_in_multiple_files | module_owner_review_required
unknown,profit_gap,warning_id,snake_case,5,components | lib,components\revenue-summary\RevenueSummaryMainCard.jsx | lib\calculations\revenueSummaryCalculations.js | lib\selectors\revenueSummarySelectors.js,components\revenue-summary\RevenueSummaryMainCard.jsx,71,declaration | object_key | warning_id,appears_in_multiple_files | module_owner_review_required
unknown,rate_health,warning_id,snake_case,2,components | lib,components\rates\square-metre\SquareMetreRateStatusStrip.jsx | lib\selectors\squareMetreRateSelectors.js,components\rates\square-metre\SquareMetreRateStatusStrip.jsx,20,object_key | snake_case_reference,appears_in_multiple_files | module_owner_review_required
unknown,recovery_gap,warning_id,snake_case,5,lib,lib\calculations\recoveryAnalysisCalculations.js | lib\selectors\recoveryAnalysisSelectors.js,lib\calculations\recoveryAnalysisCalculations.js,53,declaration | object_key | warning_id,appears_in_multiple_files | module_owner_review_required
unknown,recovery_gap_display,warning_id,snake_case,1,lib,lib\selectors\recoveryAnalysisSelectors.js,lib\selectors\recoveryAnalysisSelectors.js,51,object_key,module_owner_review_required
unknown,required_revenue,warning_id,snake_case,1,lib,lib\calculations\revenueSummaryCalculations.js,lib\calculations\revenueSummaryCalculations.js,146,snake_case_reference,module_owner_review_required
unknown,revenue_gap,warning_id,snake_case,16,components | lib,components\revenue-summary\RevenueSummaryMainCard.jsx | components\revenue-summary\RevenueSummarySummaryCard.jsx | lib\calculations\recoveryAnalysisCalculations.js | lib\calculations\revenueSummaryCalculations.js | lib\selectors\recoveryAnalysisSelectors.js | lib\selectors\revenueSummarySelectors.js,components\revenue-summary\RevenueSummaryMainCard.jsx,70,declaration | object_key | warning_id,appears_in_multiple_files | module_owner_review_required
unknown,revenue_gap_display,warning_id,snake_case,1,lib,lib\selectors\recoveryAnalysisSelectors.js,lib\selectors\recoveryAnalysisSelectors.js,38,object_key,module_owner_review_required
unknown,rounding_variance,warning_id,snake_case,2,lib,lib\audit\buildLiveAuditSnapshotExport.js,lib\audit\buildLiveAuditSnapshotExport.js,142,object_key | warning_id,module_owner_review_required
unknown,sales_revenue,warning_id,snake_case,2,lib,lib\calculations\revenueSummaryCalculations.js | lib\storage\revenueSummaryStorage.js,lib\calculations\revenueSummaryCalculations.js,134,object_key | snake_case_reference,multiple_roles_detected | appears_in_multiple_files | module_owner_review_required
unknown,target_split_total,warning_id,snake_case,3,components | lib,components\revenue-summary\RevenueSummaryMainCard.jsx | lib\calculations\revenueSummaryCalculations.js | lib\selectors\revenueSummarySelectors.js,components\revenue-summary\RevenueSummaryMainCard.jsx,81,object_key | snake_case_reference,appears_in_multiple_files | module_owner_review_required
unknown,timing_variance,warning_id,snake_case,2,lib,lib\audit\buildLiveAuditSnapshotExport.js,lib\audit\buildLiveAuditSnapshotExport.js,139,object_key | warning_id,module_owner_review_required
unknown,unmapped_variance,warning_id,snake_case,2,lib,lib\audit\buildLiveAuditSnapshotExport.js,lib\audit\buildLiveAuditSnapshotExport.js,145,object_key | warning_id,module_owner_review_required
unknown,warning_count,warning_id,snake_case,20,components | lib,components\materials\MaterialsStatusStrip.jsx | components\quick-start\QuickStartStatusStrip.jsx | components\rates\square-metre\SquareMetreRateStatusStrip.jsx | components\revenue-summary\RevenueSummaryStatusStrip.jsx | lib\calculations\quickStartCalculations.js | lib\selectors\materialsSelectors.js | lib\selectors\revenueSummarySelectors.js | lib\selectors\squareMetreRateSelectors.js,components\materials\MaterialsStatusStrip.jsx,27,declaration | object_key | snake_case_reference,appears_in_multiple_files | module_owner_review_required
unknown,Health,object_field,PascalCase,2,components,components\revenue-summary\RevenueSummaryStatusStrip.jsx | components\revenue-summary\RevenueSummarySummaryCard.jsx,components\revenue-summary\RevenueSummaryStatusStrip.jsx,44,object_key,appears_in_multiple_files | module_owner_review_required
unknown,Margin,object_field,PascalCase,1,components,components\materials\MaterialsStatusStrip.jsx,components\materials\MaterialsStatusStrip.jsx,58,object_key,module_owner_review_required
unknown,Purpose,object_field,PascalCase,2,lib,lib\audit\buildLiveAuditSnapshotExport.js | lib\audit\downloadLiveAuditSnapshot.js,lib\audit\buildLiveAuditSnapshotExport.js,5,object_key,appears_in_multiple_files | module_owner_review_required
unknown,acc_cu_code,object_field,snake_case,2,lib,lib\data\accLevyRates2026_2027.js,lib\data\accLevyRates2026_2027.js,24,object_key,module_owner_review_required
unknown,acc_cu_description,object_field,snake_case,2,lib,lib\data\accLevyRates2026_2027.js,lib\data\accLevyRates2026_2027.js,25,object_key,module_owner_review_required
unknown,average_job_size_m2,object_field,snake_case,1,lib,lib\storage\squareMetreRateStorage.js,lib\storage\squareMetreRateStorage.js,11,object_key,module_owner_review_required
unknown,background,object_field,plain,1,components,components\quick-start\QuickStartMainCard.jsx,components\quick-start\QuickStartMainCard.jsx,219,object_key,module_owner_review_required
unknown,bic_code,object_field,snake_case,2,lib,lib\data\accLevyRates2026_2027.js,lib\data\accLevyRates2026_2027.js,26,object_key,module_owner_review_required
unknown,bic_description,object_field,snake_case,2,lib,lib\data\accLevyRates2026_2027.js,lib\data\accLevyRates2026_2027.js,27,object_key,module_owner_review_required
unknown,body,object_field,plain,4,app,app\demo-login\page.jsx | app\page.js,app\demo-login\page.jsx,26,object_key,appears_in_multiple_files | module_owner_review_required
unknown,business_type,object_field,snake_case,1,lib,lib\storage\quickStartStorage.js,lib\storage\quickStartStorage.js,8,object_key,module_owner_review_required
unknown,by,object_field,plain,1,lib,lib\audit\buildLiveAuditSnapshotExport.js,lib\audit\buildLiveAuditSnapshotExport.js,6,object_key,module_owner_review_required
unknown,category,object_field,plain,1,components,components\common\ReclassificationBoard.jsx,components\common\ReclassificationBoard.jsx,58,object_key,module_owner_review_required
unknown,charge_out_rate,object_field,snake_case,1,lib,lib\storage\quickStartStorage.js,lib\storage\quickStartStorage.js,27,object_key,module_owner_review_required
unknown,created_at,object_field,snake_case,3,lib,lib\storage\materialsStorage.js | lib\storage\revenueSummaryStorage.js | lib\storage\squareMetreRateStorage.js,lib\storage\materialsStorage.js,19,object_key,appears_in_multiple_files | module_owner_review_required
unknown,dark,object_field,plain,1,components,components\settings\ThemeSettingsCard.jsx,components\settings\ThemeSettingsCard.jsx,11,object_key,module_owner_review_required
unknown,effective_from,object_field,snake_case,4,lib,lib\data\accLevyRates2026_2027.js | lib\storage\materialsStorage.js | lib\storage\revenueSummaryStorage.js | lib\storage\squareMetreRateStorage.js,lib\data\accLevyRates2026_2027.js,17,object_key,appears_in_multiple_files | module_owner_review_required
unknown,effective_to,object_field,snake_case,1,lib,lib\data\accLevyRates2026_2027.js,lib\data\accLevyRates2026_2027.js,18,object_key,module_owner_review_required
unknown,employer_work_levy_rate,object_field,snake_case,2,lib,lib\data\accLevyRates2026_2027.js,lib\data\accLevyRates2026_2027.js,29,object_key,module_owner_review_required
unknown,equipment_hire_cost,object_field,snake_case,1,lib,lib\storage\revenueSummaryStorage.js,lib\storage\revenueSummaryStorage.js,11,object_key,module_owner_review_required
unknown,expected_task_hours,object_field,snake_case,1,lib,lib\storage\quickStartStorage.js,lib\storage\quickStartStorage.js,22,object_key,module_owner_review_required
unknown,good,object_field,plain,5,components,components\materials\MaterialsStatusStrip.jsx | components\rates\square-metre\SquareMetreRateStatusStrip.jsx | components\revenue-summary\RevenueSummaryStatusStrip.jsx,components\materials\MaterialsStatusStrip.jsx,47,quoted_object_key,appears_in_multiple_files | module_owner_review_required
unknown,headers,object_field,plain,1,app,app\demo-login\page.jsx,app\demo-login\page.jsx,23,object_key,module_owner_review_required
unknown,hover,object_field,plain,1,components,components\settings\ThemeSettingsCard.jsx,components\settings\ThemeSettingsCard.jsx,40,object_key,module_owner_review_required
unknown,httpOnly,object_field,camelCase,1,app,app\api\demo-login\route.js,app\api\demo-login\route.js,26,object_key,module_owner_review_required
unknown,included_material_basis_label,object_field,snake_case,1,lib,lib\storage\squareMetreRateStorage.js,lib\storage\squareMetreRateStorage.js,16,object_key,module_owner_review_required
unknown,key,object_field,plain,5,components,components\common\ReclassificationBoard.jsx | components\quick-start\QuickStartMainCard.jsx,components\common\ReclassificationBoard.jsx,120,object_key,appears_in_multiple_files | module_owner_review_required
unknown,large_job_discount_percent,object_field,snake_case,1,lib,lib\storage\squareMetreRateStorage.js,lib\storage\squareMetreRateStorage.js,13,object_key,module_owner_review_required
unknown,length,object_field,plain,1,components,components\quick-start\QuickStartBreakdownBar.jsx,components\quick-start\QuickStartBreakdownBar.jsx,7,object_key,module_owner_review_required
unknown,levy_risk_group,object_field,snake_case,2,lib,lib\data\accLevyRates2026_2027.js,lib\data\accLevyRates2026_2027.js,28,object_key,module_owner_review_required
unknown,lg,object_field,plain,1,components,components\quick-start\QuickStartMainCard.jsx,components\quick-start\QuickStartMainCard.jsx,325,object_key,module_owner_review_required
unknown,light,object_field,plain,1,components,components\settings\ThemeSettingsCard.jsx,components\settings\ThemeSettingsCard.jsx,9,object_key,module_owner_review_required
unknown,machine_rate,object_field,snake_case,1,lib,lib\storage\quickStartStorage.js,lib\storage\quickStartStorage.js,25,object_key,module_owner_review_required
unknown,maxAge,object_field,camelCase,1,app,app\api\demo-login\route.js,app\api\demo-login\route.js,30,object_key,module_owner_review_required
unknown,maximumFractionDigits,object_field,camelCase,8,components | lib,components\materials\MaterialsMainCard.jsx | components\materials\MaterialsStatusStrip.jsx | components\materials\MaterialsSummaryCard.jsx | components\rates\square-metre\SquareMetreRateMainCard.jsx | components\rates\square-metre\SquareMetreRateStatusStrip.jsx | components\rates\square-metre\SquareMetreRateSummaryCard.jsx | lib\formatters\numberFormatters.js,components\materials\MaterialsMainCard.jsx,8,object_key,appears_in_multiple_files | module_owner_review_required
unknown,medium,object_field,plain,1,components,components\settings\ThemeSettingsCard.jsx,components\settings\ThemeSettingsCard.jsx,10,object_key,module_owner_review_required
unknown,method,object_field,plain,1,app,app\demo-login\page.jsx,app\demo-login\page.jsx,22,object_key,module_owner_review_required
unknown,mimeType,object_field,camelCase,1,lib,lib\audit\downloadLiveAuditSnapshot.js,lib\audit\downloadLiveAuditSnapshot.js,79,object_key,module_owner_review_required
unknown,minimumFractionDigits,object_field,camelCase,7,components | lib,components\materials\MaterialsMainCard.jsx | components\materials\MaterialsStatusStrip.jsx | components\materials\MaterialsSummaryCard.jsx | components\rates\square-metre\SquareMetreRateMainCard.jsx | components\rates\square-metre\SquareMetreRateStatusStrip.jsx | components\rates\square-metre\SquareMetreRateSummaryCard.jsx | lib\formatters\numberFormatters.js,components\materials\MaterialsMainCard.jsx,7,object_key,appears_in_multiple_files | module_owner_review_required
unknown,operator_rate,object_field,snake_case,1,lib,lib\storage\quickStartStorage.js,lib\storage\quickStartStorage.js,26,object_key,module_owner_review_required
unknown,path,object_field,plain,1,app,app\api\demo-login\route.js,app\api\demo-login\route.js,29,object_key,module_owner_review_required
unknown,product_cost,object_field,snake_case,1,lib,lib\storage\quickStartStorage.js,lib\storage\quickStartStorage.js,17,object_key,module_owner_review_required
unknown,product_margin_percent,object_field,snake_case,1,lib,lib\storage\quickStartStorage.js,lib\storage\quickStartStorage.js,18,object_key,module_owner_review_required
unknown,profile_version,object_field,snake_case,3,lib,lib\storage\materialsStorage.js | lib\storage\revenueSummaryStorage.js | lib\storage\squareMetreRateStorage.js,lib\storage\materialsStorage.js,16,object_key,appears_in_multiple_files | module_owner_review_required
unknown,rate_basis,object_field,snake_case,1,lib,lib\data\accLevyRates2026_2027.js,lib\data\accLevyRates2026_2027.js,19,object_key,module_owner_review_required
unknown,rate_basis_label,object_field,snake_case,1,lib,lib\data\accLevyRates2026_2027.js,lib\data\accLevyRates2026_2027.js,20,object_key,module_owner_review_required
unknown,rate_per_m2,object_field,snake_case,1,lib,lib\storage\quickStartStorage.js,lib\storage\quickStartStorage.js,21,object_key,module_owner_review_required
unknown,readonly,object_field,plain,1,app,app\api\acc\search\route.js,app\api\acc\search\route.js,13,object_key,module_owner_review_required
unknown,resale_material_cost,object_field,snake_case,1,lib,lib\storage\materialsStorage.js,lib\storage\materialsStorage.js,11,object_key,module_owner_review_required
unknown,resale_material_revenue,object_field,snake_case,1,lib,lib\storage\materialsStorage.js,lib\storage\materialsStorage.js,12,object_key,module_owner_review_required
unknown,results,object_field,plain,3,app,app\api\acc\search\route.js,app\api\acc\search\route.js,21,object_key,module_owner_review_required
unknown,row_key,object_field,snake_case,1,components,components\common\ReclassificationBoard.jsx,components\common\ReclassificationBoard.jsx,37,object_key,module_owner_review_required
unknown,sameSite,object_field,camelCase,1,app,app\api\demo-login\route.js,app\api\demo-login\route.js,28,object_key,module_owner_review_required
unknown,secure,object_field,plain,1,app,app\api\demo-login\route.js,app\api\demo-login\route.js,27,object_key,module_owner_review_required
unknown,small_job_threshold_m2,object_field,snake_case,1,lib,lib\storage\squareMetreRateStorage.js,lib\storage\squareMetreRateStorage.js,10,object_key,module_owner_review_required
unknown,small_job_uplift_percent,object_field,snake_case,1,lib,lib\storage\squareMetreRateStorage.js,lib\storage\squareMetreRateStorage.js,12,object_key,module_owner_review_required
unknown,snapshot_date,object_field,snake_case,1,lib,lib\audit\buildLiveAuditSnapshotExport.js,lib\audit\buildLiveAuditSnapshotExport.js,163,object_key,module_owner_review_required
unknown,snapshot_name,object_field,snake_case,1,lib,lib\audit\buildLiveAuditSnapshotExport.js,lib\audit\buildLiveAuditSnapshotExport.js,161,object_key,module_owner_review_required
unknown,snapshot_source,object_field,snake_case,1,lib,lib\audit\buildLiveAuditSnapshotExport.js,lib\audit\buildLiveAuditSnapshotExport.js,162,object_key,module_owner_review_required
unknown,source_category_key,object_field,snake_case,1,components,components\common\ReclassificationBoard.jsx,components\common\ReclassificationBoard.jsx,38,object_key,module_owner_review_required
unknown,source_name,object_field,snake_case,1,lib,lib\data\accLevyRates2026_2027.js,lib\data\accLevyRates2026_2027.js,16,object_key,module_owner_review_required
unknown,subcontract_general_cost,object_field,snake_case,1,lib,lib\storage\revenueSummaryStorage.js,lib\storage\revenueSummaryStorage.js,10,object_key,module_owner_review_required
unknown,subcontract_pass_through_cost,object_field,snake_case,1,lib,lib\storage\materialsStorage.js,lib\storage\materialsStorage.js,13,object_key,module_owner_review_required
unknown,subcontract_pass_through_revenue,object_field,snake_case,1,lib,lib\storage\materialsStorage.js,lib\storage\materialsStorage.js,14,object_key,module_owner_review_required
unknown,success,object_field,plain,3,app | lib,app\api\demo-login\route.js | lib\audit\downloadLiveAuditSnapshot.js,app\api\demo-login\route.js,23,object_key,appears_in_multiple_files | module_owner_review_required
unknown,supplied_material_cost,object_field,snake_case,1,lib,lib\storage\materialsStorage.js,lib\storage\materialsStorage.js,9,object_key,module_owner_review_required
unknown,supplied_material_revenue,object_field,snake_case,1,lib,lib\storage\materialsStorage.js,lib\storage\materialsStorage.js,10,object_key,module_owner_review_required
unknown,target_material_percent,object_field,snake_case,1,lib,lib\storage\revenueSummaryStorage.js,lib\storage\revenueSummaryStorage.js,20,object_key,module_owner_review_required
unknown,target_profit_amount_override,object_field,snake_case,1,lib,lib\storage\revenueSummaryStorage.js,lib\storage\revenueSummaryStorage.js,18,object_key,module_owner_review_required
unknown,target_profit_percent,object_field,snake_case,1,lib,lib\storage\revenueSummaryStorage.js,lib\storage\revenueSummaryStorage.js,17,object_key,module_owner_review_required
unknown,total_acc_rate,object_field,snake_case,2,lib,lib\data\accLevyRates2026_2027.js,lib\data\accLevyRates2026_2027.js,31,object_key,module_owner_review_required
unknown,total_m2,object_field,snake_case,1,lib,lib\storage\quickStartStorage.js,lib\storage\quickStartStorage.js,20,object_key,module_owner_review_required
unknown,trade_delivery_other_cost,object_field,snake_case,1,lib,lib\storage\revenueSummaryStorage.js,lib\storage\revenueSummaryStorage.js,12,object_key,module_owner_review_required
unknown,type,object_field,plain,2,lib,lib\audit\buildLiveAuditSnapshotExport.js | lib\audit\downloadLiveAuditSnapshot.js,lib\audit\buildLiveAuditSnapshotExport.js,181,object_key,appears_in_multiple_files | module_owner_review_required
unknown,updated_at,object_field,snake_case,6,lib,lib\storage\materialsStorage.js | lib\storage\revenueSummaryStorage.js | lib\storage\squareMetreRateStorage.js,lib\storage\materialsStorage.js,20,object_key,appears_in_multiple_files | module_owner_review_required
unknown,utilisation_hours,object_field,snake_case,1,lib,lib\storage\quickStartStorage.js,lib\storage\quickStartStorage.js,28,object_key,module_owner_review_required
unknown,width,object_field,plain,2,components,components\quick-start\QuickStartMainCard.jsx,components\quick-start\QuickStartMainCard.jsx,200,object_key,module_owner_review_required
unknown,working_safer_levy_rate,object_field,snake_case,2,lib,lib\data\accLevyRates2026_2027.js,lib\data\accLevyRates2026_2027.js,30,object_key,module_owner_review_required
