file_path,file_name,line_number,module_hint,variable_name,variable_style,likely_role,section_hint,context
09_MIRRA_ASSETS_MODULE_v4.0_LOCKED.txt,09_MIRRA_ASSETS_MODULE_v4.0_LOCKED.txt,1203,assets,affected_variable,snake_case,warning_id,warnings,"severity, message, affected_variable, blocking, review_action"
16_MIRRA_ASSET_REALITY_v4.0_LOCKED.txt,16_MIRRA_ASSET_REALITY_v4.0_LOCKED.txt,732,assets,affected_variable,snake_case,warning_id,warnings,"severity, message, affected_variable, blocking, review_action"
03_MIRRA_VARIABLE_CONTRACT_BRIEF_v4.0_LOCKED.txt,03_MIRRA_VARIABLE_CONTRACT_BRIEF_v4.0_LOCKED.txt,1262,assets,asset_cost_without_utilisation,snake_case,warning_id,warnings,asset_zero_utilisation_hours asset_cost_without_utilisation asset_pool_over_allocated asset_pool_no_source
09_MIRRA_ASSETS_MODULE_v4.0_LOCKED.txt,09_MIRRA_ASSETS_MODULE_v4.0_LOCKED.txt,1213,assets,asset_cost_without_utilisation,snake_case,warning_id,warnings,asset_invalid_cost asset_zero_utilisation_hours asset_cost_without_utilisation asset_utilisation_default_used asset_zero_cost_with_utilisation
03_MIRRA_VARIABLE_CONTRACT_BRIEF_v4.0_LOCKED.txt,03_MIRRA_VARIABLE_CONTRACT_BRIEF_v4.0_LOCKED.txt,1267,assets,asset_data_missing,snake_case,warning_id,warnings,asset_pool_under_allocated productive_asset_missing_cost asset_data_missing ## 13.10 Readiness variables
05_MIRRA_GENERAL_OVERHEADS_v4.0_LOCKED.txt,05_MIRRA_GENERAL_OVERHEADS_v4.0_LOCKED.txt,647,assets,asset_finance_exclusion_exceeds_benchmark,snake_case,warning_id,warnings,general_overhead_review_required general_overheads_source_missing asset_finance_exclusion_exceeds_benchmark asset_finance_exclusion_review possible_duplicate_asset_cost
09_MIRRA_ASSETS_MODULE_v4.0_LOCKED.txt,09_MIRRA_ASSETS_MODULE_v4.0_LOCKED.txt,1211,assets,asset_invalid_cost,snake_case,warning_id,warnings,no_assets_data asset_invalid_cost asset_zero_utilisation_hours asset_cost_without_utilisation
16_MIRRA_ASSET_REALITY_v4.0_LOCKED.txt,16_MIRRA_ASSET_REALITY_v4.0_LOCKED.txt,1100,assets,asset_pool_guardrail_status,snake_case,warning_id,warnings,- Assets status - Model Readiness status - asset_pool_guardrail_status - blocking warnings - non-blocking warnings
03_MIRRA_VARIABLE_CONTRACT_BRIEF_v4.0_LOCKED.txt,03_MIRRA_VARIABLE_CONTRACT_BRIEF_v4.0_LOCKED.txt,1264,assets,asset_pool_no_source,snake_case,warning_id,warnings,asset_cost_without_utilisation asset_pool_over_allocated asset_pool_no_source asset_pool_under_allocated productive_asset_missing_cost
09_MIRRA_ASSETS_MODULE_v4.0_LOCKED.txt,09_MIRRA_ASSETS_MODULE_v4.0_LOCKED.txt,1220,assets,asset_pool_no_source,snake_case,warning_id,warnings,asset_pool_over_allocated asset_pool_under_allocated asset_pool_no_source asset_pool_review_required asset_running_cost_transfer_over_allocated
03_MIRRA_VARIABLE_CONTRACT_BRIEF_v4.0_LOCKED.txt,03_MIRRA_VARIABLE_CONTRACT_BRIEF_v4.0_LOCKED.txt,1263,assets,asset_pool_over_allocated,snake_case,warning_id,warnings,asset_zero_utilisation_hours asset_cost_without_utilisation asset_pool_over_allocated asset_pool_no_source asset_pool_under_allocated
09_MIRRA_ASSETS_MODULE_v4.0_LOCKED.txt,09_MIRRA_ASSETS_MODULE_v4.0_LOCKED.txt,1218,assets,asset_pool_over_allocated,snake_case,warning_id,warnings,productive_asset_missing_cost non_productive_asset_excluded_from_recovery asset_pool_over_allocated asset_pool_under_allocated asset_pool_no_source
09_MIRRA_ASSETS_MODULE_v4.0_LOCKED.txt,09_MIRRA_ASSETS_MODULE_v4.0_LOCKED.txt,1221,assets,asset_pool_review_required,snake_case,warning_id,warnings,asset_pool_under_allocated asset_pool_no_source asset_pool_review_required asset_running_cost_transfer_over_allocated asset_running_cost_transfer_remaining_in_overheads
03_MIRRA_VARIABLE_CONTRACT_BRIEF_v4.0_LOCKED.txt,03_MIRRA_VARIABLE_CONTRACT_BRIEF_v4.0_LOCKED.txt,1265,assets,asset_pool_under_allocated,snake_case,warning_id,warnings,asset_pool_over_allocated asset_pool_no_source asset_pool_under_allocated productive_asset_missing_cost asset_data_missing
09_MIRRA_ASSETS_MODULE_v4.0_LOCKED.txt,09_MIRRA_ASSETS_MODULE_v4.0_LOCKED.txt,1219,assets,asset_pool_under_allocated,snake_case,warning_id,warnings,non_productive_asset_excluded_from_recovery asset_pool_over_allocated asset_pool_under_allocated asset_pool_no_source asset_pool_review_required
16_MIRRA_ASSET_REALITY_v4.0_LOCKED.txt,16_MIRRA_ASSET_REALITY_v4.0_LOCKED.txt,635,assets,asset_pressure_detected,snake_case,warning_id,warnings,Calculations are usable but warnings remain visible. asset_pressure_detected: One or more productive assets may require high recovery due to cost or low utilisation.
03_MIRRA_VARIABLE_CONTRACT_BRIEF_v4.0_LOCKED.txt,03_MIRRA_VARIABLE_CONTRACT_BRIEF_v4.0_LOCKED.txt,2497,assets,asset_rate_gap,snake_case,warning_id,calculation,"required_asset_rate, current_asset_rate, asset_rate_gap, status }"
16_MIRRA_ASSET_REALITY_v4.0_LOCKED.txt,16_MIRRA_ASSET_REALITY_v4.0_LOCKED.txt,746,assets,asset_reality_asset_pool_blocked,snake_case,warning_id,warnings,asset_reality_low_utilisation asset_reality_high_required_recovery_rate asset_reality_asset_pool_blocked asset_reality_running_cost_transfer_warning asset_reality_non_productive_assets_excluded
16_MIRRA_ASSET_REALITY_v4.0_LOCKED.txt,16_MIRRA_ASSET_REALITY_v4.0_LOCKED.txt,793,assets,asset_reality_asset_pool_blocked,snake_case,warning_id,status_readiness_trust,This asset may create pricing pressure. ## asset_reality_asset_pool_blocked Use when asset_pool_guardrail_status = blocked.
16_MIRRA_ASSET_REALITY_v4.0_LOCKED.txt,16_MIRRA_ASSET_REALITY_v4.0_LOCKED.txt,745,assets,asset_reality_high_required_recovery_rate,snake_case,warning_id,warnings,asset_reality_zero_cost_with_utilisation asset_reality_low_utilisation asset_reality_high_required_recovery_rate asset_reality_asset_pool_blocked asset_reality_running_cost_transfer_warning
16_MIRRA_ASSET_REALITY_v4.0_LOCKED.txt,16_MIRRA_ASSET_REALITY_v4.0_LOCKED.txt,781,assets,asset_reality_high_required_recovery_rate,snake_case,warning_id,warnings,This asset may need a high recovery rate because it is not used enough. ## asset_reality_high_required_recovery_rate Use when required asset recovery rate is high.
16_MIRRA_ASSET_REALITY_v4.0_LOCKED.txt,16_MIRRA_ASSET_REALITY_v4.0_LOCKED.txt,742,assets,asset_reality_invalid_asset_cost,snake_case,warning_id,warnings,asset_reality_no_productive_assets asset_reality_zero_utilisation asset_reality_invalid_asset_cost asset_reality_zero_cost_with_utilisation asset_reality_low_utilisation
16_MIRRA_ASSET_REALITY_v4.0_LOCKED.txt,16_MIRRA_ASSET_REALITY_v4.0_LOCKED.txt,744,assets,asset_reality_low_utilisation,snake_case,warning_id,warnings,asset_reality_invalid_asset_cost asset_reality_zero_cost_with_utilisation asset_reality_low_utilisation asset_reality_high_required_recovery_rate asset_reality_asset_pool_blocked
16_MIRRA_ASSET_REALITY_v4.0_LOCKED.txt,16_MIRRA_ASSET_REALITY_v4.0_LOCKED.txt,769,assets,asset_reality_low_utilisation,snake_case,warning_id,warnings,Required asset recovery rate cannot be calculated because asset utilisation is zero. ## asset_reality_low_utilisation Use when an asset has low entered utilisation compared with expected use.
16_MIRRA_ASSET_REALITY_v4.0_LOCKED.txt,16_MIRRA_ASSET_REALITY_v4.0_LOCKED.txt,739,assets,asset_reality_missing_assets,snake_case,warning_id,warnings,Required warning IDs: asset_reality_missing_assets asset_reality_no_productive_assets asset_reality_zero_utilisation
16_MIRRA_ASSET_REALITY_v4.0_LOCKED.txt,16_MIRRA_ASSET_REALITY_v4.0_LOCKED.txt,682,assets,asset_reality_model_trust_state,snake_case,warning_id,warnings,If warnings exist but calculations are valid: asset_reality_model_trust_state = warning If source data is trusted and no warnings exist:
16_MIRRA_ASSET_REALITY_v4.0_LOCKED.txt,16_MIRRA_ASSET_REALITY_v4.0_LOCKED.txt,685,assets,asset_reality_model_trust_state,snake_case,warning_id,warnings,If source data is trusted and no warnings exist: asset_reality_model_trust_state = ready ---
16_MIRRA_ASSET_REALITY_v4.0_LOCKED.txt,16_MIRRA_ASSET_REALITY_v4.0_LOCKED.txt,740,assets,asset_reality_no_productive_assets,snake_case,warning_id,warnings,asset_reality_missing_assets asset_reality_no_productive_assets asset_reality_zero_utilisation asset_reality_invalid_asset_cost
16_MIRRA_ASSET_REALITY_v4.0_LOCKED.txt,16_MIRRA_ASSET_REALITY_v4.0_LOCKED.txt,748,assets,asset_reality_non_productive_assets_excluded,snake_case,warning_id,warnings,asset_reality_asset_pool_blocked asset_reality_running_cost_transfer_warning asset_reality_non_productive_assets_excluded asset_reality_upstream_warning asset_reality_upstream_blocked
16_MIRRA_ASSET_REALITY_v4.0_LOCKED.txt,16_MIRRA_ASSET_REALITY_v4.0_LOCKED.txt,751,assets,asset_reality_preview_only,snake_case,warning_id,warnings,asset_reality_upstream_warning asset_reality_upstream_blocked asset_reality_preview_only ---
16_MIRRA_ASSET_REALITY_v4.0_LOCKED.txt,16_MIRRA_ASSET_REALITY_v4.0_LOCKED.txt,747,assets,asset_reality_running_cost_transfer_warning,snake_case,warning_id,warnings,asset_reality_high_required_recovery_rate asset_reality_asset_pool_blocked asset_reality_running_cost_transfer_warning asset_reality_non_productive_assets_excluded asset_reality_upstream_warning
16_MIRRA_ASSET_REALITY_v4.0_LOCKED.txt,16_MIRRA_ASSET_REALITY_v4.0_LOCKED.txt,750,assets,asset_reality_upstream_blocked,snake_case,warning_id,warnings,asset_reality_non_productive_assets_excluded asset_reality_upstream_warning asset_reality_upstream_blocked asset_reality_preview_only
16_MIRRA_ASSET_REALITY_v4.0_LOCKED.txt,16_MIRRA_ASSET_REALITY_v4.0_LOCKED.txt,749,assets,asset_reality_upstream_warning,snake_case,warning_id,warnings,asset_reality_running_cost_transfer_warning asset_reality_non_productive_assets_excluded asset_reality_upstream_warning asset_reality_upstream_blocked asset_reality_preview_only
16_MIRRA_ASSET_REALITY_v4.0_LOCKED.txt,16_MIRRA_ASSET_REALITY_v4.0_LOCKED.txt,447,assets,asset_reality_warning_count,snake_case,warning_id,row_or_array_contract,asset_reality_status asset_reality_warnings asset_reality_warning_count asset_reality_model_trust_state
16_MIRRA_ASSET_REALITY_v4.0_LOCKED.txt,16_MIRRA_ASSET_REALITY_v4.0_LOCKED.txt,844,assets,asset_reality_warning_count,snake_case,warning_id,warnings,"asset_reality_status, asset_reality_warnings, asset_reality_warning_count, asset_reality_model_trust_state,"
16_MIRRA_ASSET_REALITY_v4.0_LOCKED.txt,16_MIRRA_ASSET_REALITY_v4.0_LOCKED.txt,446,assets,asset_reality_warnings,snake_case,warning_id,row_or_array_contract,asset_reality_ready asset_reality_status asset_reality_warnings asset_reality_warning_count asset_reality_model_trust_state
16_MIRRA_ASSET_REALITY_v4.0_LOCKED.txt,16_MIRRA_ASSET_REALITY_v4.0_LOCKED.txt,843,assets,asset_reality_warnings,snake_case,warning_id,warnings,"asset_reality_ready, asset_reality_status, asset_reality_warnings, asset_reality_warning_count, asset_reality_model_trust_state,"
16_MIRRA_ASSET_REALITY_v4.0_LOCKED.txt,16_MIRRA_ASSET_REALITY_v4.0_LOCKED.txt,743,assets,asset_reality_zero_cost_with_utilisation,snake_case,warning_id,warnings,asset_reality_zero_utilisation asset_reality_invalid_asset_cost asset_reality_zero_cost_with_utilisation asset_reality_low_utilisation asset_reality_high_required_recovery_rate
16_MIRRA_ASSET_REALITY_v4.0_LOCKED.txt,16_MIRRA_ASSET_REALITY_v4.0_LOCKED.txt,741,assets,asset_reality_zero_utilisation,snake_case,warning_id,warnings,asset_reality_missing_assets asset_reality_no_productive_assets asset_reality_zero_utilisation asset_reality_invalid_asset_cost asset_reality_zero_cost_with_utilisation
16_MIRRA_ASSET_REALITY_v4.0_LOCKED.txt,16_MIRRA_ASSET_REALITY_v4.0_LOCKED.txt,757,assets,asset_reality_zero_utilisation,snake_case,warning_id,warnings,# 29. WARNING MEANINGS ## asset_reality_zero_utilisation Use when a productive asset has annual cost but zero utilisation.
03_MIRRA_VARIABLE_CONTRACT_BRIEF_v4.0_LOCKED.txt,03_MIRRA_VARIABLE_CONTRACT_BRIEF_v4.0_LOCKED.txt,2312,assets,asset_recovery_gap,snake_case,warning_id,inputs,"required_asset_recovery_rate, actual_asset_recovery_position, asset_recovery_gap, test_status }"
23_MIRRA_JOB_COSTING_PROFITABILITY_v4.0_LOCKED.txt,23_MIRRA_JOB_COSTING_PROFITABILITY_v4.0_LOCKED.txt,463,assets,asset_recovery_gap,snake_case,warning_id,inputs,"model_asset_recovery, actual_asset_recovery, asset_recovery_gap, utilisation_variance, asset_variance_status,"
09_MIRRA_ASSETS_MODULE_v4.0_LOCKED.txt,09_MIRRA_ASSETS_MODULE_v4.0_LOCKED.txt,2137,assets,asset_review_required,snake_case,warning_id,warnings,- asset_operator - asset_review_required # END v5.0 PASS 4 MANUAL ACCEPTED OUTPUT CONTRACT - assets
09_MIRRA_ASSETS_MODULE_v4.0_LOCKED.txt,09_MIRRA_ASSETS_MODULE_v4.0_LOCKED.txt,1222,assets,asset_running_cost_transfer_over_allocated,snake_case,warning_id,warnings,asset_pool_no_source asset_pool_review_required asset_running_cost_transfer_over_allocated asset_running_cost_transfer_remaining_in_overheads asset_running_cost_double_count_risk
09_MIRRA_ASSETS_MODULE_v4.0_LOCKED.txt,09_MIRRA_ASSETS_MODULE_v4.0_LOCKED.txt,1223,assets,asset_running_cost_transfer_remaining_in_overheads,snake_case,warning_id,warnings,asset_pool_review_required asset_running_cost_transfer_over_allocated asset_running_cost_transfer_remaining_in_overheads asset_running_cost_double_count_risk possible_duplicate_overhead_cost
16_MIRRA_ASSET_REALITY_v4.0_LOCKED.txt,16_MIRRA_ASSET_REALITY_v4.0_LOCKED.txt,457,assets,asset_underutilisation_flags,snake_case,warning_id,row_or_array_contract,highest_pressure_asset lowest_utilisation_asset asset_underutilisation_flags asset_recovery_pressure_summary asset_reality_source_trace
16_MIRRA_ASSET_REALITY_v4.0_LOCKED.txt,16_MIRRA_ASSET_REALITY_v4.0_LOCKED.txt,591,assets,asset_underutilisation_flags,snake_case,warning_id,calculation,Asset Reality may expose: asset_underutilisation_flags[] Each row:
16_MIRRA_ASSET_REALITY_v4.0_LOCKED.txt,16_MIRRA_ASSET_REALITY_v4.0_LOCKED.txt,823,assets,asset_underutilisation_flags,snake_case,warning_id,status_readiness_trust,- highest_pressure_asset - lowest_utilisation_asset - asset_underutilisation_flags Each trace should show:
16_MIRRA_ASSET_REALITY_v4.0_LOCKED.txt,16_MIRRA_ASSET_REALITY_v4.0_LOCKED.txt,856,assets,asset_underutilisation_flags,snake_case,warning_id,warnings,"highest_pressure_asset, lowest_utilisation_asset, asset_underutilisation_flags, asset_recovery_pressure_summary,"
16_MIRRA_ASSET_REALITY_v4.0_LOCKED.txt,16_MIRRA_ASSET_REALITY_v4.0_LOCKED.txt,909,assets,asset_underutilisation_flags,snake_case,warning_id,status_readiness_trust,- total_productive_asset_utilisation_hours - highest_pressure_asset - asset_underutilisation_flags - asset_reality_model_trust_state
16_MIRRA_ASSET_REALITY_v4.0_LOCKED.txt,16_MIRRA_ASSET_REALITY_v4.0_LOCKED.txt,968,assets,asset_underutilisation_flags,snake_case,warning_id,status_readiness_trust,- highest_pressure_asset - lowest_utilisation_asset - asset_underutilisation_flags - asset_recovery_pressure_summary - asset_reality_model_trust_state
17_MIRRA_COST_ALLOCATION_v4.0_LOCKED.txt,17_MIRRA_COST_ALLOCATION_v4.0_LOCKED.txt,1141,assets,asset_underutilisation_flags,snake_case,warning_id,calculation,highest_pressure_asset lowest_utilisation_asset asset_underutilisation_flags asset_recovery_pressure_summary asset_reality_status
18_MIRRA_RECOVERY_SUMMARY_v4.0_LOCKED.txt,18_MIRRA_RECOVERY_SUMMARY_v4.0_LOCKED.txt,362,assets,asset_underutilisation_flags,snake_case,warning_id,downstream_consumption,highest_pressure_asset lowest_utilisation_asset asset_underutilisation_flags asset_recovery_pressure_summary asset_reality_model_trust_state
20_MIRRA_BUSINESS_OUTCOME_v4.0_LOCKED.txt,20_MIRRA_BUSINESS_OUTCOME_v4.0_LOCKED.txt,232,assets,asset_underutilisation_flags,snake_case,warning_id,downstream_consumption,- highest_pressure_asset - lowest_utilisation_asset - asset_underutilisation_flags - asset_recovery_pressure_summary - asset_reality_status
30_MIRRA_BUSINESS_MODELLING_v4.0_LOCKED.txt,30_MIRRA_BUSINESS_MODELLING_v4.0_LOCKED.txt,354,assets,asset_underutilisation_flags,snake_case,warning_id,downstream_consumption,- highest_pressure_asset - lowest_utilisation_asset - asset_underutilisation_flags - asset_recovery_pressure_summary - asset_reality_status
09_MIRRA_ASSETS_MODULE_v4.0_LOCKED.txt,09_MIRRA_ASSETS_MODULE_v4.0_LOCKED.txt,1214,assets,asset_utilisation_default_used,snake_case,warning_id,warnings,asset_zero_utilisation_hours asset_cost_without_utilisation asset_utilisation_default_used asset_zero_cost_with_utilisation productive_asset_missing_cost
23_MIRRA_JOB_COSTING_PROFITABILITY_v4.0_LOCKED.txt,23_MIRRA_JOB_COSTING_PROFITABILITY_v4.0_LOCKED.txt,452,assets,asset_variance_id,snake_case,warning_id,inputs,"{ asset_variance_id, job_id, quote_line_id,"
23_MIRRA_JOB_COSTING_PROFITABILITY_v4.0_LOCKED.txt,23_MIRRA_JOB_COSTING_PROFITABILITY_v4.0_LOCKED.txt,447,assets,asset_variance_rows,snake_case,warning_id,inputs,# 16. ASSET VARIANCE CONTRACT asset_variance_rows[] Each row:
23_MIRRA_JOB_COSTING_PROFITABILITY_v4.0_LOCKED.txt,23_MIRRA_JOB_COSTING_PROFITABILITY_v4.0_LOCKED.txt,465,assets,asset_variance_status,snake_case,warning_id,inputs,"asset_recovery_gap, utilisation_variance, asset_variance_status, source_trace }"
09_MIRRA_ASSETS_MODULE_v4.0_LOCKED.txt,09_MIRRA_ASSETS_MODULE_v4.0_LOCKED.txt,1215,assets,asset_zero_cost_with_utilisation,snake_case,warning_id,warnings,asset_cost_without_utilisation asset_utilisation_default_used asset_zero_cost_with_utilisation productive_asset_missing_cost non_productive_asset_excluded_from_recovery
03_MIRRA_VARIABLE_CONTRACT_BRIEF_v4.0_LOCKED.txt,03_MIRRA_VARIABLE_CONTRACT_BRIEF_v4.0_LOCKED.txt,1261,assets,asset_zero_utilisation_hours,snake_case,warning_id,warnings,Required warning IDs: asset_zero_utilisation_hours asset_cost_without_utilisation asset_pool_over_allocated
09_MIRRA_ASSETS_MODULE_v4.0_LOCKED.txt,09_MIRRA_ASSETS_MODULE_v4.0_LOCKED.txt,1212,assets,asset_zero_utilisation_hours,snake_case,warning_id,warnings,no_assets_data asset_invalid_cost asset_zero_utilisation_hours asset_cost_without_utilisation asset_utilisation_default_used
03_MIRRA_VARIABLE_CONTRACT_BRIEF_v4.0_LOCKED.txt,03_MIRRA_VARIABLE_CONTRACT_BRIEF_v4.0_LOCKED.txt,1274,assets,assets_warning_count,snake_case,warning_id,status_readiness_trust,assets_status assets_warnings assets_warning_count assets_model_trust_state
09_MIRRA_ASSETS_MODULE_v4.0_LOCKED.txt,09_MIRRA_ASSETS_MODULE_v4.0_LOCKED.txt,1268,assets,assets_warning_count,snake_case,warning_id,warnings,"assets_status, assets_warnings, assets_warning_count, assets_model_trust_state }"
03_MIRRA_VARIABLE_CONTRACT_BRIEF_v4.0_LOCKED.txt,03_MIRRA_VARIABLE_CONTRACT_BRIEF_v4.0_LOCKED.txt,1257,assets,assets_warnings,snake_case,warning_id,warnings,## 13.9 Asset warnings assets_warnings[] Required warning IDs:
03_MIRRA_VARIABLE_CONTRACT_BRIEF_v4.0_LOCKED.txt,03_MIRRA_VARIABLE_CONTRACT_BRIEF_v4.0_LOCKED.txt,1273,assets,assets_warnings,snake_case,warning_id,status_readiness_trust,assets_ready assets_status assets_warnings assets_warning_count assets_model_trust_state
06_MIRRA_COST_SUMMARY_v4.0_LOCKED.txt,06_MIRRA_COST_SUMMARY_v4.0_LOCKED.txt,187,assets,assets_warnings,snake_case,warning_id,downstream_consumption,- assets_status - assets_model_trust_state - assets_warnings ## General Overheads
06_MIRRA_COST_SUMMARY_v4.0_LOCKED.txt,06_MIRRA_COST_SUMMARY_v4.0_LOCKED.txt,272,assets,assets_warnings,snake_case,warning_id,downstream_consumption,assets_status assets_model_trust_state assets_warnings From General Overheads:
09_MIRRA_ASSETS_MODULE_v4.0_LOCKED.txt,09_MIRRA_ASSETS_MODULE_v4.0_LOCKED.txt,1267,assets,assets_warnings,snake_case,warning_id,warnings,"assets_ready, assets_status, assets_warnings, assets_warning_count, assets_model_trust_state"
09_MIRRA_ASSETS_MODULE_v4.0_LOCKED.txt,09_MIRRA_ASSETS_MODULE_v4.0_LOCKED.txt,1341,assets,assets_warnings,snake_case,warning_id,warnings,- assets_status - assets_model_trust_state - assets_warnings Asset Reality uses these to test:
10_MIRRA_MODULE_RECONCILIATION_v4.0_LOCKED.txt,10_MIRRA_MODULE_RECONCILIATION_v4.0_LOCKED.txt,278,assets,assets_warnings,snake_case,warning_id,inputs,assets_status assets_model_trust_state assets_warnings Asset finance / interest may be compared against:
16_MIRRA_ASSET_REALITY_v4.0_LOCKED.txt,16_MIRRA_ASSET_REALITY_v4.0_LOCKED.txt,217,assets,assets_warnings,snake_case,warning_id,downstream_consumption,assets_status assets_model_trust_state assets_warnings Assets module owns these values.
17_MIRRA_COST_ALLOCATION_v4.0_LOCKED.txt,17_MIRRA_COST_ALLOCATION_v4.0_LOCKED.txt,599,assets,assets_warnings,snake_case,warning_id,downstream_consumption,assets_status assets_model_trust_state assets_warnings Each productive asset should include:
14_MIRRA_BUSINESS_SUMMARY_v4.0_LOCKED.txt,14_MIRRA_BUSINESS_SUMMARY_v4.0_LOCKED.txt,1152,assets,business_summary_asset_reality_pressure,snake_case,warning_id,warnings,business_summary_bridge_proof_mismatch business_summary_revenue_reality_pressure business_summary_asset_reality_pressure business_summary_upstream_warning business_summary_upstream_blocked
14_MIRRA_BUSINESS_SUMMARY_v4.0_LOCKED.txt,14_MIRRA_BUSINESS_SUMMARY_v4.0_LOCKED.txt,1227,assets,business_summary_asset_reality_pressure,snake_case,warning_id,warnings,false if Revenue Reality source data is trusted. ## business_summary_asset_reality_pressure Use when Asset Reality reports productive asset pressure.
14_MIRRA_BUSINESS_SUMMARY_v4.0_LOCKED.txt,14_MIRRA_BUSINESS_SUMMARY_v4.0_LOCKED.txt,1150,assets,business_summary_bridge_proof_mismatch,snake_case,warning_id,warnings,business_summary_bridge_not_available business_summary_bridge_variance business_summary_bridge_proof_mismatch business_summary_revenue_reality_pressure business_summary_asset_reality_pressure
14_MIRRA_BUSINESS_SUMMARY_v4.0_LOCKED.txt,14_MIRRA_BUSINESS_SUMMARY_v4.0_LOCKED.txt,1151,assets,business_summary_revenue_reality_pressure,snake_case,warning_id,warnings,business_summary_bridge_variance business_summary_bridge_proof_mismatch business_summary_revenue_reality_pressure business_summary_asset_reality_pressure business_summary_upstream_warning
14_MIRRA_BUSINESS_SUMMARY_v4.0_LOCKED.txt,14_MIRRA_BUSINESS_SUMMARY_v4.0_LOCKED.txt,1154,assets,business_summary_upstream_blocked,snake_case,warning_id,warnings,business_summary_asset_reality_pressure business_summary_upstream_warning business_summary_upstream_blocked business_summary_preview_only
14_MIRRA_BUSINESS_SUMMARY_v4.0_LOCKED.txt,14_MIRRA_BUSINESS_SUMMARY_v4.0_LOCKED.txt,1235,assets,business_summary_upstream_blocked,snake_case,warning_id,status_readiness_trust,false if Asset Reality source data is trusted. ## business_summary_upstream_blocked Use when Model Readiness blocks trusted output.
14_MIRRA_BUSINESS_SUMMARY_v4.0_LOCKED.txt,14_MIRRA_BUSINESS_SUMMARY_v4.0_LOCKED.txt,1153,assets,business_summary_upstream_warning,snake_case,warning_id,warnings,business_summary_revenue_reality_pressure business_summary_asset_reality_pressure business_summary_upstream_warning business_summary_upstream_blocked business_summary_preview_only
17_MIRRA_COST_ALLOCATION_v4.0_LOCKED.txt,17_MIRRA_COST_ALLOCATION_v4.0_LOCKED.txt,1499,assets,cost_allocation_asset_reality_pressure,snake_case,warning_id,warnings,cost_allocation_revenue_reality_pressure cost_allocation_asset_reality_pressure cost_allocation_upstream_blocked cost_allocation_preview_only
17_MIRRA_COST_ALLOCATION_v4.0_LOCKED.txt,17_MIRRA_COST_ALLOCATION_v4.0_LOCKED.txt,1485,assets,cost_allocation_asset_under_allocated,snake_case,warning_id,warnings,cost_allocation_asset_over_allocated cost_allocation_asset_under_allocated cost_allocation_shared_asset_over_100_percent cost_allocation_non_productive_asset_excluded
17_MIRRA_COST_ALLOCATION_v4.0_LOCKED.txt,17_MIRRA_COST_ALLOCATION_v4.0_LOCKED.txt,1488,assets,cost_allocation_asset_utilisation_missing,snake_case,warning_id,warnings,cost_allocation_shared_asset_over_100_percent cost_allocation_non_productive_asset_excluded cost_allocation_asset_utilisation_missing cost_allocation_overhead_over_allocated
17_MIRRA_COST_ALLOCATION_v4.0_LOCKED.txt,17_MIRRA_COST_ALLOCATION_v4.0_LOCKED.txt,1487,assets,cost_allocation_non_productive_asset_excluded,snake_case,warning_id,warnings,cost_allocation_asset_under_allocated cost_allocation_shared_asset_over_100_percent cost_allocation_non_productive_asset_excluded cost_allocation_asset_utilisation_missing
17_MIRRA_COST_ALLOCATION_v4.0_LOCKED.txt,17_MIRRA_COST_ALLOCATION_v4.0_LOCKED.txt,1490,assets,cost_allocation_overhead_over_allocated,snake_case,warning_id,warnings,cost_allocation_asset_utilisation_missing cost_allocation_overhead_over_allocated cost_allocation_overhead_under_allocated cost_allocation_overhead_double_count_risk
17_MIRRA_COST_ALLOCATION_v4.0_LOCKED.txt,17_MIRRA_COST_ALLOCATION_v4.0_LOCKED.txt,1501,assets,cost_allocation_preview_only,snake_case,warning_id,warnings,cost_allocation_asset_reality_pressure cost_allocation_upstream_blocked cost_allocation_preview_only ---
17_MIRRA_COST_ALLOCATION_v4.0_LOCKED.txt,17_MIRRA_COST_ALLOCATION_v4.0_LOCKED.txt,1498,assets,cost_allocation_revenue_reality_pressure,snake_case,warning_id,warnings,cost_allocation_double_count_risk cost_allocation_revenue_reality_pressure cost_allocation_asset_reality_pressure cost_allocation_upstream_blocked
17_MIRRA_COST_ALLOCATION_v4.0_LOCKED.txt,17_MIRRA_COST_ALLOCATION_v4.0_LOCKED.txt,1486,assets,cost_allocation_shared_asset_over_100_percent,snake_case,warning_id,warnings,cost_allocation_asset_over_allocated cost_allocation_asset_under_allocated cost_allocation_shared_asset_over_100_percent cost_allocation_non_productive_asset_excluded cost_allocation_asset_utilisation_missing
17_MIRRA_COST_ALLOCATION_v4.0_LOCKED.txt,17_MIRRA_COST_ALLOCATION_v4.0_LOCKED.txt,1500,assets,cost_allocation_upstream_blocked,snake_case,warning_id,warnings,cost_allocation_revenue_reality_pressure cost_allocation_asset_reality_pressure cost_allocation_upstream_blocked cost_allocation_preview_only
06_MIRRA_COST_SUMMARY_v4.0_LOCKED.txt,06_MIRRA_COST_SUMMARY_v4.0_LOCKED.txt,706,assets,cost_summary_missing_assets,snake_case,warning_id,warnings,true. ## cost_summary_missing_assets Use when Assets source output is not available.
06_MIRRA_COST_SUMMARY_v4.0_LOCKED.txt,06_MIRRA_COST_SUMMARY_v4.0_LOCKED.txt,714,assets,cost_summary_missing_general_overheads,snake_case,warning_id,warnings,true unless Assets are explicitly confirmed not applicable. ## cost_summary_missing_general_overheads Use when General Overheads source output is not available.
06_MIRRA_COST_SUMMARY_v4.0_LOCKED.txt,06_MIRRA_COST_SUMMARY_v4.0_LOCKED.txt,686,assets,cost_summary_productive_output_zero,snake_case,warning_id,warnings,cost_summary_invalid_asset_total cost_summary_invalid_overhead_total cost_summary_productive_output_zero cost_summary_total_cost_zero cost_summary_upstream_blocked
26_MIRRA_DATA_QUALITY_DASHBOARD_v4.0_LOCKED.txt,26_MIRRA_DATA_QUALITY_DASHBOARD_v4.0_LOCKED.txt,518,assets,data_quality_double_count_risk,snake_case,warning_id,warnings,data_quality_unmapped_cog_category data_quality_duplicate_cost data_quality_double_count_risk data_quality_missing_productive_hours data_quality_missing_asset_utilisation
26_MIRRA_DATA_QUALITY_DASHBOARD_v4.0_LOCKED.txt,26_MIRRA_DATA_QUALITY_DASHBOARD_v4.0_LOCKED.txt,513,assets,data_quality_failed_reconciliation,snake_case,warning_id,warnings,data_quality_missing_assets data_quality_missing_overheads data_quality_failed_reconciliation data_quality_unmapped_supplier data_quality_unmapped_account
26_MIRRA_DATA_QUALITY_DASHBOARD_v4.0_LOCKED.txt,26_MIRRA_DATA_QUALITY_DASHBOARD_v4.0_LOCKED.txt,520,assets,data_quality_missing_asset_utilisation,snake_case,warning_id,warnings,data_quality_double_count_risk data_quality_missing_productive_hours data_quality_missing_asset_utilisation data_quality_over_allocated_pool data_quality_missing_recovery_driver
26_MIRRA_DATA_QUALITY_DASHBOARD_v4.0_LOCKED.txt,26_MIRRA_DATA_QUALITY_DASHBOARD_v4.0_LOCKED.txt,519,assets,data_quality_missing_productive_hours,snake_case,warning_id,warnings,data_quality_duplicate_cost data_quality_double_count_risk data_quality_missing_productive_hours data_quality_missing_asset_utilisation data_quality_over_allocated_pool
26_MIRRA_DATA_QUALITY_DASHBOARD_v4.0_LOCKED.txt,26_MIRRA_DATA_QUALITY_DASHBOARD_v4.0_LOCKED.txt,522,assets,data_quality_missing_recovery_driver,snake_case,warning_id,warnings,data_quality_missing_asset_utilisation data_quality_over_allocated_pool data_quality_missing_recovery_driver data_quality_missing_rate_driver data_quality_missing_quote_target
26_MIRRA_DATA_QUALITY_DASHBOARD_v4.0_LOCKED.txt,26_MIRRA_DATA_QUALITY_DASHBOARD_v4.0_LOCKED.txt,521,assets,data_quality_over_allocated_pool,snake_case,warning_id,warnings,data_quality_missing_productive_hours data_quality_missing_asset_utilisation data_quality_over_allocated_pool data_quality_missing_recovery_driver data_quality_missing_rate_driver
05_MIRRA_GENERAL_OVERHEADS_v4.0_LOCKED.txt,05_MIRRA_GENERAL_OVERHEADS_v4.0_LOCKED.txt,645,assets,general_overhead_review_required,snake_case,warning_id,warnings,general_overheads_total_zero general_overhead_invalid_amount general_overhead_review_required general_overheads_source_missing asset_finance_exclusion_exceeds_benchmark
05_MIRRA_GENERAL_OVERHEADS_v4.0_LOCKED.txt,05_MIRRA_GENERAL_OVERHEADS_v4.0_LOCKED.txt,646,assets,general_overheads_source_missing,snake_case,warning_id,warnings,general_overhead_invalid_amount general_overhead_review_required general_overheads_source_missing asset_finance_exclusion_exceeds_benchmark asset_finance_exclusion_review
03_MIRRA_VARIABLE_CONTRACT_BRIEF_v4.0_LOCKED.txt,03_MIRRA_VARIABLE_CONTRACT_BRIEF_v4.0_LOCKED.txt,1461,assets,general_overheads_variance_amount,snake_case,warning_id,ownership,asset_finance_variance_amount asset_finance_variance_percent general_overheads_variance_amount general_overheads_variance_percent total_business_cost_variance_amount
10_MIRRA_MODULE_RECONCILIATION_v4.0_LOCKED.txt,10_MIRRA_MODULE_RECONCILIATION_v4.0_LOCKED.txt,370,assets,general_overheads_variance_amount,snake_case,warning_id,inputs,asset_finance_variance_amount asset_finance_variance_percent general_overheads_variance_amount general_overheads_variance_percent total_business_cost_variance_amount
10_MIRRA_MODULE_RECONCILIATION_v4.0_LOCKED.txt,10_MIRRA_MODULE_RECONCILIATION_v4.0_LOCKED.txt,952,assets,general_overheads_variance_amount,snake_case,warning_id,warnings,"asset_finance_variance_amount, asset_finance_variance_percent, general_overheads_variance_amount, general_overheads_variance_percent, total_business_cost_variance_amount,"
14_MIRRA_BUSINESS_SUMMARY_v4.0_LOCKED.txt,14_MIRRA_BUSINESS_SUMMARY_v4.0_LOCKED.txt,307,assets,general_overheads_variance_amount,snake_case,warning_id,downstream_consumption,asset_finance_variance_amount asset_finance_variance_percent general_overheads_variance_amount general_overheads_variance_percent total_business_cost_variance_amount
03_MIRRA_VARIABLE_CONTRACT_BRIEF_v4.0_LOCKED.txt,03_MIRRA_VARIABLE_CONTRACT_BRIEF_v4.0_LOCKED.txt,1462,assets,general_overheads_variance_percent,snake_case,warning_id,ownership,asset_finance_variance_percent general_overheads_variance_amount general_overheads_variance_percent total_business_cost_variance_amount total_business_cost_variance_percent
10_MIRRA_MODULE_RECONCILIATION_v4.0_LOCKED.txt,10_MIRRA_MODULE_RECONCILIATION_v4.0_LOCKED.txt,371,assets,general_overheads_variance_percent,snake_case,warning_id,inputs,asset_finance_variance_percent general_overheads_variance_amount general_overheads_variance_percent total_business_cost_variance_amount total_business_cost_variance_percent
10_MIRRA_MODULE_RECONCILIATION_v4.0_LOCKED.txt,10_MIRRA_MODULE_RECONCILIATION_v4.0_LOCKED.txt,953,assets,general_overheads_variance_percent,snake_case,warning_id,warnings,"asset_finance_variance_percent, general_overheads_variance_amount, general_overheads_variance_percent, total_business_cost_variance_amount, total_business_cost_variance_percent,"
14_MIRRA_BUSINESS_SUMMARY_v4.0_LOCKED.txt,14_MIRRA_BUSINESS_SUMMARY_v4.0_LOCKED.txt,308,assets,general_overheads_variance_percent,snake_case,warning_id,downstream_consumption,asset_finance_variance_percent general_overheads_variance_amount general_overheads_variance_percent total_business_cost_variance_amount total_business_cost_variance_percent
03_MIRRA_VARIABLE_CONTRACT_BRIEF_v4.0_LOCKED.txt,03_MIRRA_VARIABLE_CONTRACT_BRIEF_v4.0_LOCKED.txt,1195,assets,invalid_zero_utilisation_hours,snake_case,warning_id,calculation,required_asset_recovery_rate = 0 asset_recovery_rate_status = invalid_zero_utilisation_hours ## 13.6 Productive asset pool variables
09_MIRRA_ASSETS_MODULE_v4.0_LOCKED.txt,09_MIRRA_ASSETS_MODULE_v4.0_LOCKED.txt,754,assets,invalid_zero_utilisation_hours,snake_case,warning_id,calculation,required_asset_recovery_rate = 0 asset_recovery_rate_status = invalid_zero_utilisation_hours Warning:
09_MIRRA_ASSETS_MODULE_v4.0_LOCKED.txt,09_MIRRA_ASSETS_MODULE_v4.0_LOCKED.txt,804,assets,invalid_zero_utilisation_hours,snake_case,warning_id,status_readiness_trust,ready invalid_zero_utilisation_hours review_zero_cost non_productive_asset
09_MIRRA_ASSETS_MODULE_v4.0_LOCKED.txt,09_MIRRA_ASSETS_MODULE_v4.0_LOCKED.txt,815,assets,invalid_zero_utilisation_hours,snake_case,warning_id,status_readiness_trust,"asset is active, productive, has cost, and has utilisation hours. invalid_zero_utilisation_hours: asset has cost but zero utilisation hours."
23_MIRRA_JOB_COSTING_PROFITABILITY_v4.0_LOCKED.txt,23_MIRRA_JOB_COSTING_PROFITABILITY_v4.0_LOCKED.txt,886,assets,job_costing_zero_revenue,snake_case,warning_id,warnings,job_costing_unmapped_asset job_costing_unmapped_subcontractor job_costing_zero_revenue job_costing_under_recovered job_costing_margin_shortfall
11_MIRRA_MODEL_READINESS_v4.0_LOCKED.txt,11_MIRRA_MODEL_READINESS_v4.0_LOCKED.txt,582,assets,model_asset_pool_blocked,snake_case,warning_id,status_readiness_trust,true. ## model_asset_pool_blocked Use when asset_pool_guardrail_status = blocked.
11_MIRRA_MODEL_READINESS_v4.0_LOCKED.txt,11_MIRRA_MODEL_READINESS_v4.0_LOCKED.txt,531,assets,model_asset_transfer_double_count_risk,snake_case,warning_id,warnings,model_assets_blocked model_asset_pool_blocked model_asset_transfer_double_count_risk model_general_overheads_blocked model_reconciliation_blocked
11_MIRRA_MODEL_READINESS_v4.0_LOCKED.txt,11_MIRRA_MODEL_READINESS_v4.0_LOCKED.txt,574,assets,model_assets_blocked,snake_case,warning_id,status_readiness_trust,true. ## model_assets_blocked Use when Assets status is blocked.
24_MIRRA_MODEL_FEEDBACK_LOOP_v4.0_LOCKED.txt,24_MIRRA_MODEL_FEEDBACK_LOOP_v4.0_LOCKED.txt,911,assets,model_feedback_data_quality_issue,snake_case,warning_id,warnings,model_feedback_asset_recovery_issue model_feedback_overhead_recovery_issue model_feedback_data_quality_issue model_feedback_preview_only model_feedback_upstream_blocked
11_MIRRA_MODEL_READINESS_v4.0_LOCKED.txt,11_MIRRA_MODEL_READINESS_v4.0_LOCKED.txt,532,assets,model_general_overheads_blocked,snake_case,warning_id,warnings,model_asset_pool_blocked model_asset_transfer_double_count_risk model_general_overheads_blocked model_reconciliation_blocked model_source_period_mismatch
11_MIRRA_MODEL_READINESS_v4.0_LOCKED.txt,11_MIRRA_MODEL_READINESS_v4.0_LOCKED.txt,533,assets,model_reconciliation_blocked,snake_case,warning_id,warnings,model_asset_transfer_double_count_risk model_general_overheads_blocked model_reconciliation_blocked model_source_period_mismatch model_preview_only
24_MIRRA_MODEL_FEEDBACK_LOOP_v4.0_LOCKED.txt,24_MIRRA_MODEL_FEEDBACK_LOOP_v4.0_LOCKED.txt,523,assets,model_required_recovery_rate,snake_case,warning_id,status_readiness_trust,"asset_id, asset_name, model_required_recovery_rate, actual_recovery_rate, actual_usage_hours,"
14_MIRRA_BUSINESS_SUMMARY_v4.0_LOCKED.txt,14_MIRRA_BUSINESS_SUMMARY_v4.0_LOCKED.txt,1828,assets,net_position,snake_case,warning_id,warnings,23. Ensure downstream modules can consume stable contract. 24. Run build. 25. Confirm Recovery Summary is not preview-only solely because Business Summary net_position is negative. 26. Confirm bridge proof rows reconcile to Mirra operating position. 27. Confirm Business Summary does not duplicate Revenue Reality or Asset Reality calculations.
09_MIRRA_ASSETS_MODULE_v4.0_LOCKED.txt,09_MIRRA_ASSETS_MODULE_v4.0_LOCKED.txt,1210,assets,no_assets_data,snake_case,warning_id,warnings,Required warning IDs: no_assets_data asset_invalid_cost asset_zero_utilisation_hours
09_MIRRA_ASSETS_MODULE_v4.0_LOCKED.txt,09_MIRRA_ASSETS_MODULE_v4.0_LOCKED.txt,1217,assets,non_productive_asset_excluded_from_recovery,snake_case,warning_id,warnings,asset_zero_cost_with_utilisation productive_asset_missing_cost non_productive_asset_excluded_from_recovery asset_pool_over_allocated asset_pool_under_allocated
23_MIRRA_JOB_COSTING_PROFITABILITY_v4.0_LOCKED.txt,23_MIRRA_JOB_COSTING_PROFITABILITY_v4.0_LOCKED.txt,916,assets,overhead_recovery_variance_rows,snake_case,warning_id,warnings,"asset_variance_rows, subcontractor_variance_rows, overhead_recovery_variance_rows, supplier_job_performance_rows,"
24_MIRRA_MODEL_FEEDBACK_LOOP_v4.0_LOCKED.txt,24_MIRRA_MODEL_FEEDBACK_LOOP_v4.0_LOCKED.txt,175,assets,overhead_recovery_variance_rows,snake_case,warning_id,downstream_consumption,- asset_variance_rows - subcontractor_variance_rows - overhead_recovery_variance_rows - supplier_job_performance_rows - task_profitability_rows
05_MIRRA_GENERAL_OVERHEADS_v4.0_LOCKED.txt,05_MIRRA_GENERAL_OVERHEADS_v4.0_LOCKED.txt,700,assets,possible_duplicate_asset_cost,snake_case,warning_id,status_readiness_trust,true. ## possible_duplicate_asset_cost Use when a category appears to duplicate asset ownership costs.
03_MIRRA_VARIABLE_CONTRACT_BRIEF_v4.0_LOCKED.txt,03_MIRRA_VARIABLE_CONTRACT_BRIEF_v4.0_LOCKED.txt,1266,assets,productive_asset_missing_cost,snake_case,warning_id,warnings,asset_pool_no_source asset_pool_under_allocated productive_asset_missing_cost asset_data_missing
09_MIRRA_ASSETS_MODULE_v4.0_LOCKED.txt,09_MIRRA_ASSETS_MODULE_v4.0_LOCKED.txt,1216,assets,productive_asset_missing_cost,snake_case,warning_id,warnings,asset_utilisation_default_used asset_zero_cost_with_utilisation productive_asset_missing_cost non_productive_asset_excluded_from_recovery asset_pool_over_allocated
19_MIRRA_RATE_BUILDER_v4.0_LOCKED.txt,19_MIRRA_RATE_BUILDER_v4.0_LOCKED.txt,899,assets,rate_builder_asset_reality_pressure,snake_case,warning_id,warnings,rate_builder_current_rate_not_available rate_builder_revenue_reality_pressure rate_builder_asset_reality_pressure rate_builder_material_markup_context_only rate_builder_preview_only
19_MIRRA_RATE_BUILDER_v4.0_LOCKED.txt,19_MIRRA_RATE_BUILDER_v4.0_LOCKED.txt,897,assets,rate_builder_current_rate_not_available,snake_case,warning_id,warnings,rate_builder_margin_shortfall rate_builder_market_rate_not_available rate_builder_current_rate_not_available rate_builder_revenue_reality_pressure rate_builder_asset_reality_pressure
19_MIRRA_RATE_BUILDER_v4.0_LOCKED.txt,19_MIRRA_RATE_BUILDER_v4.0_LOCKED.txt,900,assets,rate_builder_material_markup_context_only,snake_case,warning_id,warnings,rate_builder_revenue_reality_pressure rate_builder_asset_reality_pressure rate_builder_material_markup_context_only rate_builder_preview_only rate_builder_upstream_blocked
19_MIRRA_RATE_BUILDER_v4.0_LOCKED.txt,19_MIRRA_RATE_BUILDER_v4.0_LOCKED.txt,901,assets,rate_builder_preview_only,snake_case,warning_id,warnings,rate_builder_asset_reality_pressure rate_builder_material_markup_context_only rate_builder_preview_only rate_builder_upstream_blocked
19_MIRRA_RATE_BUILDER_v4.0_LOCKED.txt,19_MIRRA_RATE_BUILDER_v4.0_LOCKED.txt,898,assets,rate_builder_revenue_reality_pressure,snake_case,warning_id,warnings,rate_builder_market_rate_not_available rate_builder_current_rate_not_available rate_builder_revenue_reality_pressure rate_builder_asset_reality_pressure rate_builder_material_markup_context_only
23_MIRRA_JOB_COSTING_PROFITABILITY_v4.0_LOCKED.txt,23_MIRRA_JOB_COSTING_PROFITABILITY_v4.0_LOCKED.txt,745,assets,rate_gap,snake_case,warning_id,status_readiness_trust,- asset_utilisation - overhead_recovery - rate_gap - quote_alignment - mixed_pressure
09_MIRRA_ASSETS_MODULE_v4.0_LOCKED.txt,09_MIRRA_ASSETS_MODULE_v4.0_LOCKED.txt,1133,assets,ready_with_warnings,snake_case,warning_id,status_readiness_trust,ready ready_with_warnings review_required blocked
09_MIRRA_ASSETS_MODULE_v4.0_LOCKED.txt,09_MIRRA_ASSETS_MODULE_v4.0_LOCKED.txt,1144,assets,ready_with_warnings,snake_case,warning_id,warnings,"Assets data is complete, utilisation valid, no blocking warnings. ready_with_warnings: Assets can be used, but non-blocking warnings remain."
09_MIRRA_ASSETS_MODULE_v4.0_LOCKED.txt,09_MIRRA_ASSETS_MODULE_v4.0_LOCKED.txt,1179,assets,ready_with_warnings,snake_case,warning_id,status_readiness_trust,→ ready assets_status = ready_with_warnings or review_required → warning
16_MIRRA_ASSET_REALITY_v4.0_LOCKED.txt,16_MIRRA_ASSET_REALITY_v4.0_LOCKED.txt,620,assets,ready_with_warnings,snake_case,warning_id,status_readiness_trust,ready ready_with_warnings review_required blocked
16_MIRRA_ASSET_REALITY_v4.0_LOCKED.txt,16_MIRRA_ASSET_REALITY_v4.0_LOCKED.txt,632,assets,ready_with_warnings,snake_case,warning_id,warnings,Assets source is trusted and productive assets have valid cost/utilisation. ready_with_warnings: Calculations are usable but warnings remain visible.
16_MIRRA_ASSET_REALITY_v4.0_LOCKED.txt,16_MIRRA_ASSET_REALITY_v4.0_LOCKED.txt,701,assets,ready_with_warnings,snake_case,warning_id,warnings,- no blocking Asset Reality warning exists Asset Reality may be ready_with_warnings when: - asset pressure is detected
10_MIRRA_MODULE_RECONCILIATION_v4.0_LOCKED.txt,10_MIRRA_MODULE_RECONCILIATION_v4.0_LOCKED.txt,877,assets,reconciliation_asset_transfer_double_count_risk,snake_case,warning_id,warnings,reconciliation_cog_leak_detected reconciliation_other_income_present reconciliation_asset_transfer_double_count_risk reconciliation_asset_transfer_over_allocated reconciliation_source_period_mismatch
10_MIRRA_MODULE_RECONCILIATION_v4.0_LOCKED.txt,10_MIRRA_MODULE_RECONCILIATION_v4.0_LOCKED.txt,919,assets,reconciliation_asset_transfer_double_count_risk,snake_case,warning_id,warnings,true for COG-dependent downstream modules. ## reconciliation_asset_transfer_double_count_risk Use when transferred running costs appear in both Assets and full General Overheads.
10_MIRRA_MODULE_RECONCILIATION_v4.0_LOCKED.txt,10_MIRRA_MODULE_RECONCILIATION_v4.0_LOCKED.txt,875,assets,reconciliation_cog_leak_detected,snake_case,warning_id,warnings,reconciliation_general_overheads_variance reconciliation_total_business_cost_variance reconciliation_cog_leak_detected reconciliation_other_income_present reconciliation_asset_transfer_double_count_risk
10_MIRRA_MODULE_RECONCILIATION_v4.0_LOCKED.txt,10_MIRRA_MODULE_RECONCILIATION_v4.0_LOCKED.txt,876,assets,reconciliation_other_income_present,snake_case,warning_id,warnings,reconciliation_total_business_cost_variance reconciliation_cog_leak_detected reconciliation_other_income_present reconciliation_asset_transfer_double_count_risk reconciliation_asset_transfer_over_allocated
10_MIRRA_MODULE_RECONCILIATION_v4.0_LOCKED.txt,10_MIRRA_MODULE_RECONCILIATION_v4.0_LOCKED.txt,874,assets,reconciliation_total_business_cost_variance,snake_case,warning_id,warnings,reconciliation_asset_finance_variance reconciliation_general_overheads_variance reconciliation_total_business_cost_variance reconciliation_cog_leak_detected reconciliation_other_income_present
20_MIRRA_BUSINESS_OUTCOME_v4.0_LOCKED.txt,20_MIRRA_BUSINESS_OUTCOME_v4.0_LOCKED.txt,678,assets,recovery_gap,snake_case,warning_id,inputs,- asset_pressure - overhead_pressure - recovery_gap - rate_under_recovery - mixed_pressure
27_MIRRA_REPORTING_ANALYTICS_v4.0_LOCKED.txt,27_MIRRA_REPORTING_ANALYTICS_v4.0_LOCKED.txt,620,assets,recovery_gap,snake_case,warning_id,status_readiness_trust,"asset_cost, overhead_cost, recovery_gap, net_position, trust_state"
03_MIRRA_VARIABLE_CONTRACT_BRIEF_v4.0_LOCKED.txt,03_MIRRA_VARIABLE_CONTRACT_BRIEF_v4.0_LOCKED.txt,2756,assets,recovery_gap_negative,snake_case,warning_id,status_readiness_trust,asset_strategy_without_assets negative_net_position recovery_gap_negative model_not_trusted allocation_not_supported
14_MIRRA_BUSINESS_SUMMARY_v4.0_LOCKED.txt,14_MIRRA_BUSINESS_SUMMARY_v4.0_LOCKED.txt,1468,assets,recovery_gap_per_driver,snake_case,warning_id,warnings,- required_recovery_per_driver - current_margin_per_driver - recovery_gap_per_driver - revenue_reality_context - asset_reality_context
18_MIRRA_RECOVERY_SUMMARY_v4.0_LOCKED.txt,18_MIRRA_RECOVERY_SUMMARY_v4.0_LOCKED.txt,951,assets,recovery_summary_model_under_recovered,snake_case,warning_id,warnings,recovery_summary_no_recoverable_value recovery_summary_group_under_recovered recovery_summary_model_under_recovered recovery_summary_revenue_reality_pressure recovery_summary_asset_reality_pressure
18_MIRRA_RECOVERY_SUMMARY_v4.0_LOCKED.txt,18_MIRRA_RECOVERY_SUMMARY_v4.0_LOCKED.txt,957,assets,recovery_summary_preview_only,snake_case,warning_id,warnings,recovery_summary_unassigned_asset_pool recovery_summary_unassigned_overhead_pool recovery_summary_preview_only recovery_summary_not_available recovery_summary_upstream_blocked
09_MIRRA_ASSETS_MODULE_v4.0_LOCKED.txt,09_MIRRA_ASSETS_MODULE_v4.0_LOCKED.txt,776,assets,required_asset_recovery_rate,snake_case,warning_id,warnings,Assets must calculate: required_asset_recovery_rate Formula:
16_MIRRA_ASSET_REALITY_v4.0_LOCKED.txt,16_MIRRA_ASSET_REALITY_v4.0_LOCKED.txt,600,assets,required_asset_recovery_rate,snake_case,warning_id,calculation,"utilisation_hours_per_week, utilisation_hours_annual, required_asset_recovery_rate, warning_id, severity,"
06_MIRRA_COST_SUMMARY_v4.0_LOCKED.txt,06_MIRRA_COST_SUMMARY_v4.0_LOCKED.txt,1164,assets,required_recovery_rate,snake_case,warning_id,warnings,7. total_cost_burden equals people + assets + overheads. 8. total_business_cost_annual does not diverge from total_cost_burden. 9. required_recovery_rate equals total_cost_burden / total_productive_output. 10. Zero productive output is guarded and does not divide by zero. 11. Source composition is visible.
09_MIRRA_ASSETS_MODULE_v4.0_LOCKED.txt,09_MIRRA_ASSETS_MODULE_v4.0_LOCKED.txt,1205,assets,review_action,snake_case,warning_id,warnings,"affected_variable, blocking, review_action }"
16_MIRRA_ASSET_REALITY_v4.0_LOCKED.txt,16_MIRRA_ASSET_REALITY_v4.0_LOCKED.txt,734,assets,review_action,snake_case,warning_id,warnings,"affected_variable, blocking, review_action }"
03_MIRRA_VARIABLE_CONTRACT_BRIEF_v4.0_LOCKED.txt,03_MIRRA_VARIABLE_CONTRACT_BRIEF_v4.0_LOCKED.txt,1228,assets,review_required,snake_case,warning_id,status_readiness_trust,over_allocated no_source_pool review_required ## 13.8 Asset pool summary
03_MIRRA_VARIABLE_CONTRACT_BRIEF_v4.0_LOCKED.txt,03_MIRRA_VARIABLE_CONTRACT_BRIEF_v4.0_LOCKED.txt,1249,assets,review_required,snake_case,warning_id,status_readiness_trust,"asset_pool_guardrail_status = blocked If any pool is under_allocated, no_source_pool, or review_required: asset_pool_guardrail_status = review_required"
03_MIRRA_VARIABLE_CONTRACT_BRIEF_v4.0_LOCKED.txt,03_MIRRA_VARIABLE_CONTRACT_BRIEF_v4.0_LOCKED.txt,1250,assets,review_required,snake_case,warning_id,status_readiness_trust,"If any pool is under_allocated, no_source_pool, or review_required: asset_pool_guardrail_status = review_required Else:"
09_MIRRA_ASSETS_MODULE_v4.0_LOCKED.txt,09_MIRRA_ASSETS_MODULE_v4.0_LOCKED.txt,808,assets,review_required,snake_case,warning_id,status_readiness_trust,non_productive_asset inactive_asset review_required Status rules:
09_MIRRA_ASSETS_MODULE_v4.0_LOCKED.txt,09_MIRRA_ASSETS_MODULE_v4.0_LOCKED.txt,827,assets,review_required,snake_case,warning_id,status_readiness_trust,asset is inactive and excluded from active totals. review_required: asset setup is incomplete or unclear.
09_MIRRA_ASSETS_MODULE_v4.0_LOCKED.txt,09_MIRRA_ASSETS_MODULE_v4.0_LOCKED.txt,974,assets,review_required,snake_case,warning_id,status_readiness_trust,over_allocated no_source_pool review_required ---
09_MIRRA_ASSETS_MODULE_v4.0_LOCKED.txt,09_MIRRA_ASSETS_MODULE_v4.0_LOCKED.txt,992,assets,review_required,snake_case,warning_id,status_readiness_trust,"available_pool_amount is zero or missing but user has assigned costs. review_required: source data is incomplete, uncertain, or mapping is unclear."
09_MIRRA_ASSETS_MODULE_v4.0_LOCKED.txt,09_MIRRA_ASSETS_MODULE_v4.0_LOCKED.txt,1022,assets,review_required,snake_case,warning_id,status_readiness_trust,ready review_required blocked
09_MIRRA_ASSETS_MODULE_v4.0_LOCKED.txt,09_MIRRA_ASSETS_MODULE_v4.0_LOCKED.txt,1030,assets,review_required,snake_case,warning_id,status_readiness_trust,"asset_pool_guardrail_status = blocked Else if any pool allocation_status = under_allocated, no_source_pool, or review_required: asset_pool_guardrail_status = review_required"
09_MIRRA_ASSETS_MODULE_v4.0_LOCKED.txt,09_MIRRA_ASSETS_MODULE_v4.0_LOCKED.txt,1031,assets,review_required,snake_case,warning_id,status_readiness_trust,"Else if any pool allocation_status = under_allocated, no_source_pool, or review_required: asset_pool_guardrail_status = review_required Else:"
09_MIRRA_ASSETS_MODULE_v4.0_LOCKED.txt,09_MIRRA_ASSETS_MODULE_v4.0_LOCKED.txt,1134,assets,review_required,snake_case,warning_id,status_readiness_trust,ready ready_with_warnings review_required blocked preview_only
09_MIRRA_ASSETS_MODULE_v4.0_LOCKED.txt,09_MIRRA_ASSETS_MODULE_v4.0_LOCKED.txt,1147,assets,review_required,snake_case,warning_id,status_readiness_trust,"Assets can be used, but non-blocking warnings remain. review_required: Assets can calculate, but user review is required before relying downstream."
09_MIRRA_ASSETS_MODULE_v4.0_LOCKED.txt,09_MIRRA_ASSETS_MODULE_v4.0_LOCKED.txt,1179,assets,review_required,snake_case,warning_id,status_readiness_trust,→ ready assets_status = ready_with_warnings or review_required → warning
16_MIRRA_ASSET_REALITY_v4.0_LOCKED.txt,16_MIRRA_ASSET_REALITY_v4.0_LOCKED.txt,327,assets,review_required,snake_case,warning_id,downstream_consumption,required_asset_recovery_rate = 0 asset_reality_status = blocked or review_required depending source state Do not divide by zero.
16_MIRRA_ASSET_REALITY_v4.0_LOCKED.txt,16_MIRRA_ASSET_REALITY_v4.0_LOCKED.txt,397,assets,review_required,snake_case,warning_id,row_or_array_contract,"asset_recovery_rate_status, asset_reality_status, review_required }"
16_MIRRA_ASSET_REALITY_v4.0_LOCKED.txt,16_MIRRA_ASSET_REALITY_v4.0_LOCKED.txt,473,assets,review_required,snake_case,warning_id,row_or_array_contract,total_productive_asset_utilisation_hours = 0 asset_reality_status = review_required or not_ready depending setup If productive assets exist but utilisation hours total zero:
16_MIRRA_ASSET_REALITY_v4.0_LOCKED.txt,16_MIRRA_ASSET_REALITY_v4.0_LOCKED.txt,498,assets,review_required,snake_case,warning_id,calculation,weighted_required_asset_recovery_rate = 0 status = blocked or review_required This is a pool-level diagnostic only.
16_MIRRA_ASSET_REALITY_v4.0_LOCKED.txt,16_MIRRA_ASSET_REALITY_v4.0_LOCKED.txt,621,assets,review_required,snake_case,warning_id,status_readiness_trust,ready ready_with_warnings review_required blocked preview_only
16_MIRRA_ASSET_REALITY_v4.0_LOCKED.txt,16_MIRRA_ASSET_REALITY_v4.0_LOCKED.txt,638,assets,review_required,snake_case,warning_id,status_readiness_trust,One or more productive assets may require high recovery due to cost or low utilisation. review_required: Values calculate but user review is required.
17_MIRRA_COST_ALLOCATION_v4.0_LOCKED.txt,17_MIRRA_COST_ALLOCATION_v4.0_LOCKED.txt,1525,assets,review_required,snake_case,warning_id,status_readiness_trust,Status: review_required. ## cost_allocation_asset_over_allocated
17_MIRRA_COST_ALLOCATION_v4.0_LOCKED.txt,17_MIRRA_COST_ALLOCATION_v4.0_LOCKED.txt,1545,assets,review_required,snake_case,warning_id,status_readiness_trust,Status: review_required. ## cost_allocation_shared_asset_over_100_percent
09_MIRRA_ASSETS_MODULE_v4.0_LOCKED.txt,09_MIRRA_ASSETS_MODULE_v4.0_LOCKED.txt,805,assets,review_zero_cost,snake_case,warning_id,status_readiness_trust,ready invalid_zero_utilisation_hours review_zero_cost non_productive_asset inactive_asset
09_MIRRA_ASSETS_MODULE_v4.0_LOCKED.txt,09_MIRRA_ASSETS_MODULE_v4.0_LOCKED.txt,818,assets,review_zero_cost,snake_case,warning_id,status_readiness_trust,asset has cost but zero utilisation hours. review_zero_cost: asset has utilisation hours but zero cost.
03_MIRRA_VARIABLE_CONTRACT_BRIEF_v4.0_LOCKED.txt,03_MIRRA_VARIABLE_CONTRACT_BRIEF_v4.0_LOCKED.txt,2752,assets,share_model_invalid,snake_case,warning_id,status_readiness_trust,weak_structure structure_incomplete share_model_invalid no_recoverable_base asset_strategy_without_assets
22_MIRRA_SOQ_JOB_PO_LAYER_v4.0_LOCKED.txt,22_MIRRA_SOQ_JOB_PO_LAYER_v4.0_LOCKED.txt,735,assets,soq_actual_cost_missing,snake_case,warning_id,warnings,soq_asset_unmapped soq_subcontractor_unmapped soq_actual_cost_missing soq_actual_exceeds_quote soq_under_recovered
09_MIRRA_ASSETS_MODULE_v4.0_LOCKED.txt,09_MIRRA_ASSETS_MODULE_v4.0_LOCKED.txt,1200,assets,source_module,snake_case,warning_id,warnings,"{ warning_id, source_module, severity, message,"
16_MIRRA_ASSET_REALITY_v4.0_LOCKED.txt,16_MIRRA_ASSET_REALITY_v4.0_LOCKED.txt,729,assets,source_module,snake_case,warning_id,warnings,"{ warning_id, source_module, severity, message,"
06_MIRRA_COST_SUMMARY_v4.0_LOCKED.txt,06_MIRRA_COST_SUMMARY_v4.0_LOCKED.txt,974,assets,total_asset_cost_annual,snake_case,warning_id,warnings,- total_people_cost_annual - total_asset_cost_annual - total_business_overheads - total_cost_burden
06_MIRRA_COST_SUMMARY_v4.0_LOCKED.txt,06_MIRRA_COST_SUMMARY_v4.0_LOCKED.txt,1014,assets,total_asset_cost_annual,snake_case,warning_id,warnings,- total_cost_burden - total_people_cost_annual - total_asset_cost_annual - total_business_overheads - total_productive_output
06_MIRRA_COST_SUMMARY_v4.0_LOCKED.txt,06_MIRRA_COST_SUMMARY_v4.0_LOCKED.txt,1163,assets,total_business_cost_annual,snake_case,warning_id,warnings,6. total_business_overheads is traceable to General Overheads. 7. total_cost_burden equals people + assets + overheads. 8. total_business_cost_annual does not diverge from total_cost_burden. 9. required_recovery_rate equals total_cost_burden / total_productive_output. 10. Zero productive output is guarded and does not divide by zero.
06_MIRRA_COST_SUMMARY_v4.0_LOCKED.txt,06_MIRRA_COST_SUMMARY_v4.0_LOCKED.txt,536,assets,total_business_cost_variance_amount,snake_case,warning_id,downstream_consumption,"asset_finance_variance_amount, general_overheads_variance_amount, total_business_cost_variance_amount, blocking_checks, warning_checks"
06_MIRRA_COST_SUMMARY_v4.0_LOCKED.txt,06_MIRRA_COST_SUMMARY_v4.0_LOCKED.txt,975,assets,total_business_overheads,snake_case,warning_id,warnings,- total_people_cost_annual - total_asset_cost_annual - total_business_overheads - total_cost_burden - required_recovery_rate
06_MIRRA_COST_SUMMARY_v4.0_LOCKED.txt,06_MIRRA_COST_SUMMARY_v4.0_LOCKED.txt,1015,assets,total_business_overheads,snake_case,warning_id,warnings,- total_people_cost_annual - total_asset_cost_annual - total_business_overheads - total_productive_output - cost_summary_model_trust_state
06_MIRRA_COST_SUMMARY_v4.0_LOCKED.txt,06_MIRRA_COST_SUMMARY_v4.0_LOCKED.txt,976,assets,total_cost_burden,snake_case,warning_id,warnings,- total_asset_cost_annual - total_business_overheads - total_cost_burden - required_recovery_rate - total_productive_output
06_MIRRA_COST_SUMMARY_v4.0_LOCKED.txt,06_MIRRA_COST_SUMMARY_v4.0_LOCKED.txt,1012,assets,total_cost_burden,snake_case,warning_id,warnings,Cost Allocation may receive: - total_cost_burden - total_people_cost_annual - total_asset_cost_annual
06_MIRRA_COST_SUMMARY_v4.0_LOCKED.txt,06_MIRRA_COST_SUMMARY_v4.0_LOCKED.txt,1162,assets,total_cost_burden,snake_case,warning_id,warnings,5. total_asset_cost_annual is traceable to Assets. 6. total_business_overheads is traceable to General Overheads. 7. total_cost_burden equals people + assets + overheads. 8. total_business_cost_annual does not diverge from total_cost_burden. 9. required_recovery_rate equals total_cost_burden / total_productive_output.
06_MIRRA_COST_SUMMARY_v4.0_LOCKED.txt,06_MIRRA_COST_SUMMARY_v4.0_LOCKED.txt,1163,assets,total_cost_burden,snake_case,warning_id,warnings,6. total_business_overheads is traceable to General Overheads. 7. total_cost_burden equals people + assets + overheads. 8. total_business_cost_annual does not diverge from total_cost_burden. 9. required_recovery_rate equals total_cost_burden / total_productive_output. 10. Zero productive output is guarded and does not divide by zero.
06_MIRRA_COST_SUMMARY_v4.0_LOCKED.txt,06_MIRRA_COST_SUMMARY_v4.0_LOCKED.txt,1164,assets,total_cost_burden,snake_case,warning_id,warnings,7. total_cost_burden equals people + assets + overheads. 8. total_business_cost_annual does not diverge from total_cost_burden. 9. required_recovery_rate equals total_cost_burden / total_productive_output. 10. Zero productive output is guarded and does not divide by zero. 11. Source composition is visible.
06_MIRRA_COST_SUMMARY_v4.0_LOCKED.txt,06_MIRRA_COST_SUMMARY_v4.0_LOCKED.txt,973,assets,total_people_cost_annual,snake_case,warning_id,warnings,Business Summary should receive: - total_people_cost_annual - total_asset_cost_annual - total_business_overheads
06_MIRRA_COST_SUMMARY_v4.0_LOCKED.txt,06_MIRRA_COST_SUMMARY_v4.0_LOCKED.txt,1013,assets,total_people_cost_annual,snake_case,warning_id,warnings,- total_cost_burden - total_people_cost_annual - total_asset_cost_annual - total_business_overheads
06_MIRRA_COST_SUMMARY_v4.0_LOCKED.txt,06_MIRRA_COST_SUMMARY_v4.0_LOCKED.txt,1016,assets,total_productive_output,snake_case,warning_id,warnings,- total_asset_cost_annual - total_business_overheads - total_productive_output - cost_summary_model_trust_state
06_MIRRA_COST_SUMMARY_v4.0_LOCKED.txt,06_MIRRA_COST_SUMMARY_v4.0_LOCKED.txt,1164,assets,total_productive_output,snake_case,warning_id,warnings,7. total_cost_burden equals people + assets + overheads. 8. total_business_cost_annual does not diverge from total_cost_burden. 9. required_recovery_rate equals total_cost_burden / total_productive_output. 10. Zero productive output is guarded and does not divide by zero. 11. Source composition is visible.
17_MIRRA_COST_ALLOCATION_v4.0_LOCKED.txt,17_MIRRA_COST_ALLOCATION_v4.0_LOCKED.txt,929,assets,unassigned_review,snake_case,warning_id,downstream_consumption,asset_burden_weighted equal_split unassigned_review Recommended v4.0 methods:
03_MIRRA_VARIABLE_CONTRACT_BRIEF_v4.0_LOCKED.txt,03_MIRRA_VARIABLE_CONTRACT_BRIEF_v4.0_LOCKED.txt,2764,assets,unit_volume_gap,snake_case,warning_id,status_readiness_trust,asset_under_recovery unit_margin_gap unit_volume_gap overhead_burden_gap material_margin_dependency
16_MIRRA_ASSET_REALITY_v4.0_LOCKED.txt,16_MIRRA_ASSET_REALITY_v4.0_LOCKED.txt,599,assets,utilisation_hours_annual,snake_case,warning_id,calculation,"asset_name, utilisation_hours_per_week, utilisation_hours_annual, required_asset_recovery_rate, warning_id,"
23_MIRRA_JOB_COSTING_PROFITABILITY_v4.0_LOCKED.txt,23_MIRRA_JOB_COSTING_PROFITABILITY_v4.0_LOCKED.txt,464,assets,utilisation_variance,snake_case,warning_id,inputs,"actual_asset_recovery, asset_recovery_gap, utilisation_variance, asset_variance_status, source_trace"
09_MIRRA_ASSETS_MODULE_v4.0_LOCKED.txt,09_MIRRA_ASSETS_MODULE_v4.0_LOCKED.txt,1199,assets,warning_id,snake_case,warning_id,warnings,"{ warning_id, source_module, severity,"
16_MIRRA_ASSET_REALITY_v4.0_LOCKED.txt,16_MIRRA_ASSET_REALITY_v4.0_LOCKED.txt,601,assets,warning_id,snake_case,warning_id,calculation,"utilisation_hours_annual, required_asset_recovery_rate, warning_id, severity, message,"
16_MIRRA_ASSET_REALITY_v4.0_LOCKED.txt,16_MIRRA_ASSET_REALITY_v4.0_LOCKED.txt,728,assets,warning_id,snake_case,warning_id,warnings,"{ warning_id, source_module, severity,"
14_MIRRA_BUSINESS_SUMMARY_v4.0_LOCKED.txt,14_MIRRA_BUSINESS_SUMMARY_v4.0_LOCKED.txt,366,assets,weighted_required_asset_recovery_rate,snake_case,warning_id,downstream_consumption,Business Summary may receive Asset Reality outputs for display context only: weighted_required_asset_recovery_rate asset_recovery_pressure_summary highest_pressure_asset
14_MIRRA_BUSINESS_SUMMARY_v4.0_LOCKED.txt,14_MIRRA_BUSINESS_SUMMARY_v4.0_LOCKED.txt,1359,assets,weighted_required_asset_recovery_rate,snake_case,warning_id,warnings,"asset_reality_context = { weighted_required_asset_recovery_rate, total_productive_asset_burden, total_productive_asset_utilisation_hours,"
16_MIRRA_ASSET_REALITY_v4.0_LOCKED.txt,16_MIRRA_ASSET_REALITY_v4.0_LOCKED.txt,454,assets,weighted_required_asset_recovery_rate,snake_case,warning_id,row_or_array_contract,total_productive_asset_burden total_productive_asset_utilisation_hours weighted_required_asset_recovery_rate highest_pressure_asset lowest_utilisation_asset
16_MIRRA_ASSET_REALITY_v4.0_LOCKED.txt,16_MIRRA_ASSET_REALITY_v4.0_LOCKED.txt,487,assets,weighted_required_asset_recovery_rate,snake_case,warning_id,calculation,Formula: weighted_required_asset_recovery_rate = total_productive_asset_burden / total_productive_asset_utilisation_hours
16_MIRRA_ASSET_REALITY_v4.0_LOCKED.txt,16_MIRRA_ASSET_REALITY_v4.0_LOCKED.txt,497,assets,weighted_required_asset_recovery_rate,snake_case,warning_id,calculation,If total_productive_asset_utilisation_hours = 0: weighted_required_asset_recovery_rate = 0 status = blocked or review_required
16_MIRRA_ASSET_REALITY_v4.0_LOCKED.txt,16_MIRRA_ASSET_REALITY_v4.0_LOCKED.txt,820,assets,weighted_required_asset_recovery_rate,snake_case,warning_id,status_readiness_trust,- total_productive_asset_burden - total_productive_asset_utilisation_hours - weighted_required_asset_recovery_rate - highest_pressure_asset - lowest_utilisation_asset
16_MIRRA_ASSET_REALITY_v4.0_LOCKED.txt,16_MIRRA_ASSET_REALITY_v4.0_LOCKED.txt,852,assets,weighted_required_asset_recovery_rate,snake_case,warning_id,warnings,"total_productive_asset_burden, total_productive_asset_utilisation_hours, weighted_required_asset_recovery_rate, highest_pressure_asset,"
16_MIRRA_ASSET_REALITY_v4.0_LOCKED.txt,16_MIRRA_ASSET_REALITY_v4.0_LOCKED.txt,868,assets,weighted_required_asset_recovery_rate,snake_case,warning_id,warnings,Business Summary may receive: - weighted_required_asset_recovery_rate - total_productive_asset_burden - total_productive_asset_utilisation_hours
16_MIRRA_ASSET_REALITY_v4.0_LOCKED.txt,16_MIRRA_ASSET_REALITY_v4.0_LOCKED.txt,905,assets,weighted_required_asset_recovery_rate,snake_case,warning_id,status_readiness_trust,- asset_reality_status - weighted_required_asset_recovery_rate - total_productive_asset_burden - total_productive_asset_utilisation_hours
16_MIRRA_ASSET_REALITY_v4.0_LOCKED.txt,16_MIRRA_ASSET_REALITY_v4.0_LOCKED.txt,929,assets,weighted_required_asset_recovery_rate,snake_case,warning_id,status_readiness_trust,- asset_reality_status - weighted_required_asset_recovery_rate - total_productive_asset_burden - total_productive_asset_utilisation_hours
16_MIRRA_ASSET_REALITY_v4.0_LOCKED.txt,16_MIRRA_ASSET_REALITY_v4.0_LOCKED.txt,947,assets,weighted_required_asset_recovery_rate,snake_case,warning_id,status_readiness_trust,Rate Builder may receive: - weighted_required_asset_recovery_rate - productive_asset_reality_rows - asset_reality_status
16_MIRRA_ASSET_REALITY_v4.0_LOCKED.txt,16_MIRRA_ASSET_REALITY_v4.0_LOCKED.txt,965,assets,weighted_required_asset_recovery_rate,snake_case,warning_id,status_readiness_trust,- asset_reality_status - weighted_required_asset_recovery_rate - highest_pressure_asset - lowest_utilisation_asset
16_MIRRA_ASSET_REALITY_v4.0_LOCKED.txt,16_MIRRA_ASSET_REALITY_v4.0_LOCKED.txt,1002,assets,weighted_required_asset_recovery_rate,snake_case,warning_id,status_readiness_trust,- total_productive_asset_burden - total_productive_asset_utilisation_hours - weighted_required_asset_recovery_rate - productive asset count - warning count
16_MIRRA_ASSET_REALITY_v4.0_LOCKED.txt,16_MIRRA_ASSET_REALITY_v4.0_LOCKED.txt,1307,assets,weighted_required_asset_recovery_rate,snake_case,warning_id,status_readiness_trust,10. Build non_productive_asset_context_rows. 11. Calculate total_productive_asset_utilisation_hours. 12. Calculate weighted_required_asset_recovery_rate. 13. Identify highest_pressure_asset. 14. Identify lowest_utilisation_asset.
17_MIRRA_COST_ALLOCATION_v4.0_LOCKED.txt,17_MIRRA_COST_ALLOCATION_v4.0_LOCKED.txt,1138,assets,weighted_required_asset_recovery_rate,snake_case,warning_id,calculation,Cost Allocation may consume Asset Reality context: weighted_required_asset_recovery_rate highest_pressure_asset lowest_utilisation_asset
18_MIRRA_RECOVERY_SUMMARY_v4.0_LOCKED.txt,18_MIRRA_RECOVERY_SUMMARY_v4.0_LOCKED.txt,357,assets,weighted_required_asset_recovery_rate,snake_case,warning_id,downstream_consumption,asset_reality_status weighted_required_asset_recovery_rate total_productive_asset_burden total_productive_asset_utilisation_hours
20_MIRRA_BUSINESS_OUTCOME_v4.0_LOCKED.txt,20_MIRRA_BUSINESS_OUTCOME_v4.0_LOCKED.txt,229,assets,weighted_required_asset_recovery_rate,snake_case,warning_id,downstream_consumption,Business Outcome consumes: - weighted_required_asset_recovery_rate - highest_pressure_asset - lowest_utilisation_asset
30_MIRRA_BUSINESS_MODELLING_v4.0_LOCKED.txt,30_MIRRA_BUSINESS_MODELLING_v4.0_LOCKED.txt,351,assets,weighted_required_asset_recovery_rate,snake_case,warning_id,downstream_consumption,Business Modelling consumes: - weighted_required_asset_recovery_rate - highest_pressure_asset - lowest_utilisation_asset
30_MIRRA_BUSINESS_MODELLING_v4.0_LOCKED.txt,30_MIRRA_BUSINESS_MODELLING_v4.0_LOCKED.txt,776,business-modelling,business_modelling_product_unit_requires_soq,snake_case,warning_id,warnings,business_modelling_invalid_adjustment business_modelling_supplier_markup_not_individual business_modelling_product_unit_requires_soq business_modelling_rate_target_below_minimum business_modelling_target_not_selected
30_MIRRA_BUSINESS_MODELLING_v4.0_LOCKED.txt,30_MIRRA_BUSINESS_MODELLING_v4.0_LOCKED.txt,777,business-modelling,business_modelling_rate_target_below_minimum,snake_case,warning_id,warnings,business_modelling_supplier_markup_not_individual business_modelling_product_unit_requires_soq business_modelling_rate_target_below_minimum business_modelling_target_not_selected business_modelling_target_preview_only
30_MIRRA_BUSINESS_MODELLING_v4.0_LOCKED.txt,30_MIRRA_BUSINESS_MODELLING_v4.0_LOCKED.txt,810,business-modelling,business_modelling_rate_target_below_minimum,snake_case,warning_id,warnings,True product/unit modelling needs physical quantity data. ## business_modelling_rate_target_below_minimum Use when a selected target rate is below minimum recoverable rate.
30_MIRRA_BUSINESS_MODELLING_v4.0_LOCKED.txt,30_MIRRA_BUSINESS_MODELLING_v4.0_LOCKED.txt,775,business-modelling,business_modelling_supplier_markup_not_individual,snake_case,warning_id,warnings,business_modelling_zero_revenue business_modelling_invalid_adjustment business_modelling_supplier_markup_not_individual business_modelling_product_unit_requires_soq business_modelling_rate_target_below_minimum
30_MIRRA_BUSINESS_MODELLING_v4.0_LOCKED.txt,30_MIRRA_BUSINESS_MODELLING_v4.0_LOCKED.txt,786,business-modelling,business_modelling_supplier_markup_not_individual,snake_case,warning_id,warnings,# 31. WARNING MEANINGS ## business_modelling_supplier_markup_not_individual Use when supplier rows are shown but user may interpret them as supplier-specific markups.
30_MIRRA_BUSINESS_MODELLING_v4.0_LOCKED.txt,30_MIRRA_BUSINESS_MODELLING_v4.0_LOCKED.txt,778,business-modelling,business_modelling_target_not_selected,snake_case,warning_id,warnings,business_modelling_product_unit_requires_soq business_modelling_rate_target_below_minimum business_modelling_target_not_selected business_modelling_target_preview_only business_modelling_upstream_blocked
30_MIRRA_BUSINESS_MODELLING_v4.0_LOCKED.txt,30_MIRRA_BUSINESS_MODELLING_v4.0_LOCKED.txt,818,business-modelling,business_modelling_target_not_selected,snake_case,warning_id,warnings,"false by default, but target must be clearly marked under-recovering. ## business_modelling_target_not_selected Use when modelling scenarios exist but no target model has been selected for Quote Checker."
30_MIRRA_BUSINESS_MODELLING_v4.0_LOCKED.txt,30_MIRRA_BUSINESS_MODELLING_v4.0_LOCKED.txt,779,business-modelling,business_modelling_target_preview_only,snake_case,warning_id,warnings,business_modelling_rate_target_below_minimum business_modelling_target_not_selected business_modelling_target_preview_only business_modelling_upstream_blocked
30_MIRRA_BUSINESS_MODELLING_v4.0_LOCKED.txt,30_MIRRA_BUSINESS_MODELLING_v4.0_LOCKED.txt,780,business-modelling,business_modelling_upstream_blocked,snake_case,warning_id,warnings,business_modelling_target_not_selected business_modelling_target_preview_only business_modelling_upstream_blocked ---
25_MIRRA_MODEL_REVIEW_APPROVAL_v4.0_LOCKED.txt,25_MIRRA_MODEL_REVIEW_APPROVAL_v4.0_LOCKED.txt,248,business-modelling,data_quality_fix_required,snake_case,warning_id,inputs,- overhead_assumption - quote_checker_target_set - data_quality_fix_required - model_version_release - rollback
30_MIRRA_BUSINESS_MODELLING_v4.0_LOCKED.txt,30_MIRRA_BUSINESS_MODELLING_v4.0_LOCKED.txt,701,business-modelling,ready_with_warnings,snake_case,warning_id,status_readiness_trust,- ready - ready_with_warnings - review_required - blocked
30_MIRRA_BUSINESS_MODELLING_v4.0_LOCKED.txt,30_MIRRA_BUSINESS_MODELLING_v4.0_LOCKED.txt,716,business-modelling,ready_with_warnings,snake_case,warning_id,warnings,A target model has been selected for Quote Checker. ready_with_warnings: Modelling works but warnings remain.
30_MIRRA_BUSINESS_MODELLING_v4.0_LOCKED.txt,30_MIRRA_BUSINESS_MODELLING_v4.0_LOCKED.txt,1243,business-modelling,recovery_gap_per_hour,snake_case,warning_id,warnings,- has_baseline - modelling_ready - recovery_gap_per_hour - summary_status - summaryWarnings
30_MIRRA_BUSINESS_MODELLING_v4.0_LOCKED.txt,30_MIRRA_BUSINESS_MODELLING_v4.0_LOCKED.txt,702,business-modelling,review_required,snake_case,warning_id,status_readiness_trust,- ready - ready_with_warnings - review_required - blocked - preview_only
30_MIRRA_BUSINESS_MODELLING_v4.0_LOCKED.txt,30_MIRRA_BUSINESS_MODELLING_v4.0_LOCKED.txt,719,business-modelling,review_required,snake_case,warning_id,status_readiness_trust,Modelling works but warnings remain. review_required: Scenario values need review.
30_MIRRA_BUSINESS_MODELLING_v4.0_LOCKED.txt,30_MIRRA_BUSINESS_MODELLING_v4.0_LOCKED.txt,297,business-modelling,total_required_recovery_amount,snake_case,warning_id,downstream_consumption,Business Modelling consumes: - total_required_recovery_amount - total_recovered_cost - total_unrecovered_cost
25_MIRRA_MODEL_REVIEW_APPROVAL_v4.0_LOCKED.txt,25_MIRRA_MODEL_REVIEW_APPROVAL_v4.0_LOCKED.txt,471,business-outcome,create_rate_review,snake_case,warning_id,status_readiness_trust,- mark_as_one_off - send_to_data_quality - create_rate_review - create_business_outcome_scenario - create_quote_checker_target
24_MIRRA_MODEL_FEEDBACK_LOOP_v4.0_LOCKED.txt,24_MIRRA_MODEL_FEEDBACK_LOOP_v4.0_LOCKED.txt,237,business-outcome,margin_shortfall_lines,snake_case,warning_id,downstream_consumption,- quote_line_results - under_recovering_lines - margin_shortfall_lines - unmatched_lines - selected_business_outcome_targets
25_MIRRA_MODEL_REVIEW_APPROVAL_v4.0_LOCKED.txt,25_MIRRA_MODEL_REVIEW_APPROVAL_v4.0_LOCKED.txt,615,business-outcome,model_review_data_quality_block,snake_case,warning_id,warnings,model_review_missing_business_outcome model_review_low_confidence model_review_data_quality_block model_review_missing_effective_date model_review_no_active_target_set
20_MIRRA_BUSINESS_OUTCOME_v4.0_LOCKED.txt,20_MIRRA_BUSINESS_OUTCOME_v4.0_LOCKED.txt,737,business-outcome,modelled_improvement,snake_case,warning_id,warnings,Current model shows deficit or under-recovery but source data is trusted. modelled_improvement: A modelled scenario improves outcome.
20_MIRRA_BUSINESS_OUTCOME_v4.0_LOCKED.txt,20_MIRRA_BUSINESS_OUTCOME_v4.0_LOCKED.txt,734,business-outcome,negative_outcome,snake_case,warning_id,warnings,Outcome is calculated but warnings remain. negative_outcome: Current model shows deficit or under-recovery but source data is trusted.
24_MIRRA_MODEL_FEEDBACK_LOOP_v4.0_LOCKED.txt,24_MIRRA_MODEL_FEEDBACK_LOOP_v4.0_LOCKED.txt,944,business-outcome,rate_review_handoff_rows,snake_case,warning_id,warnings,"model_update_recommendation_rows, rate_review_handoff_rows, business_outcome_handoff_rows,"
25_MIRRA_MODEL_REVIEW_APPROVAL_v4.0_LOCKED.txt,25_MIRRA_MODEL_REVIEW_APPROVAL_v4.0_LOCKED.txt,170,business-outcome,rate_review_handoff_rows,snake_case,warning_id,downstream_consumption,- data_quality_feedback_rows - model_update_recommendation_rows - rate_review_handoff_rows - business_outcome_handoff_rows - model_feedback_status
20_MIRRA_BUSINESS_OUTCOME_v4.0_LOCKED.txt,20_MIRRA_BUSINESS_OUTCOME_v4.0_LOCKED.txt,718,business-outcome,ready_with_warnings,snake_case,warning_id,status_readiness_trust,- ready - ready_with_warnings - review_required - blocked
20_MIRRA_BUSINESS_OUTCOME_v4.0_LOCKED.txt,20_MIRRA_BUSINESS_OUTCOME_v4.0_LOCKED.txt,731,business-outcome,ready_with_warnings,snake_case,warning_id,warnings,Outcome is calculated and source trust is good. ready_with_warnings: Outcome is calculated but warnings remain.
20_MIRRA_BUSINESS_OUTCOME_v4.0_LOCKED.txt,20_MIRRA_BUSINESS_OUTCOME_v4.0_LOCKED.txt,719,business-outcome,review_required,snake_case,warning_id,status_readiness_trust,- ready - ready_with_warnings - review_required - blocked - preview_only
20_MIRRA_BUSINESS_OUTCOME_v4.0_LOCKED.txt,20_MIRRA_BUSINESS_OUTCOME_v4.0_LOCKED.txt,740,business-outcome,review_required,snake_case,warning_id,status_readiness_trust,A modelled scenario improves outcome. review_required: Inputs are valid but need review.
20_MIRRA_BUSINESS_OUTCOME_v4.0_LOCKED.txt,20_MIRRA_BUSINESS_OUTCOME_v4.0_LOCKED.txt,681,business-outcome,source_data_blocked,snake_case,warning_id,inputs,- rate_under_recovery - mixed_pressure - source_data_blocked - not_available
12_MIRRA_BUSINESS_SETUP_v4.0_LOCKED.txt,12_MIRRA_BUSINESS_SETUP_v4.0_LOCKED.txt,559,business-setup,affected_variable,snake_case,warning_id,warnings,"severity, message, affected_variable, blocking, review_action"
12_MIRRA_BUSINESS_SETUP_v4.0_LOCKED.txt,12_MIRRA_BUSINESS_SETUP_v4.0_LOCKED.txt,570,business-setup,business_mode_changed,snake_case,warning_id,warnings,business_type_invalid business_name_missing business_mode_changed business_mode_requires_review
12_MIRRA_BUSINESS_SETUP_v4.0_LOCKED.txt,12_MIRRA_BUSINESS_SETUP_v4.0_LOCKED.txt,609,business-setup,business_mode_changed,snake_case,warning_id,warnings,false unless name is required by future company profile logic. ## business_mode_changed Use when the user changes mode after downstream data exists.
12_MIRRA_BUSINESS_SETUP_v4.0_LOCKED.txt,12_MIRRA_BUSINESS_SETUP_v4.0_LOCKED.txt,571,business-setup,business_mode_requires_review,snake_case,warning_id,warnings,business_name_missing business_mode_changed business_mode_requires_review ---
12_MIRRA_BUSINESS_SETUP_v4.0_LOCKED.txt,12_MIRRA_BUSINESS_SETUP_v4.0_LOCKED.txt,617,business-setup,business_mode_requires_review,snake_case,warning_id,warnings,"false by default, but affected downstream modules should show review_required. ## business_mode_requires_review Use when mode-dependent downstream pages need confirmation after mode selection or mode change."
12_MIRRA_BUSINESS_SETUP_v4.0_LOCKED.txt,12_MIRRA_BUSINESS_SETUP_v4.0_LOCKED.txt,603,business-setup,business_name,snake_case,warning_id,warnings,## business_name_missing Use when business_name is blank. Blocking:
12_MIRRA_BUSINESS_SETUP_v4.0_LOCKED.txt,12_MIRRA_BUSINESS_SETUP_v4.0_LOCKED.txt,569,business-setup,business_name_missing,snake_case,warning_id,warnings,business_type_missing business_type_invalid business_name_missing business_mode_changed business_mode_requires_review
12_MIRRA_BUSINESS_SETUP_v4.0_LOCKED.txt,12_MIRRA_BUSINESS_SETUP_v4.0_LOCKED.txt,601,business-setup,business_name_missing,snake_case,warning_id,warnings,true. ## business_name_missing Use when business_name is blank.
12_MIRRA_BUSINESS_SETUP_v4.0_LOCKED.txt,12_MIRRA_BUSINESS_SETUP_v4.0_LOCKED.txt,566,business-setup,business_setup_missing,snake_case,warning_id,warnings,Required warning IDs: business_setup_missing business_type_missing business_type_invalid
12_MIRRA_BUSINESS_SETUP_v4.0_LOCKED.txt,12_MIRRA_BUSINESS_SETUP_v4.0_LOCKED.txt,577,business-setup,business_setup_missing,snake_case,warning_id,warnings,# 22. WARNING MEANINGS ## business_setup_missing Use when no setup record exists.
12_MIRRA_BUSINESS_SETUP_v4.0_LOCKED.txt,12_MIRRA_BUSINESS_SETUP_v4.0_LOCKED.txt,990,business-setup,business_setup_model_trust_state,snake_case,warning_id,warnings,7. business_setup_ready is exposed. 8. business_setup_status is exposed. 9. business_setup_model_trust_state is exposed. 10. Structured warnings are exposed. 11. Business mode is not inferred automatically.
12_MIRRA_BUSINESS_SETUP_v4.0_LOCKED.txt,12_MIRRA_BUSINESS_SETUP_v4.0_LOCKED.txt,988,business-setup,business_setup_ready,snake_case,warning_id,warnings,5. is_product_based is derived correctly. 6. setup_completed is exposed. 7. business_setup_ready is exposed. 8. business_setup_status is exposed. 9. business_setup_model_trust_state is exposed.
12_MIRRA_BUSINESS_SETUP_v4.0_LOCKED.txt,12_MIRRA_BUSINESS_SETUP_v4.0_LOCKED.txt,989,business-setup,business_setup_status,snake_case,warning_id,warnings,6. setup_completed is exposed. 7. business_setup_ready is exposed. 8. business_setup_status is exposed. 9. business_setup_model_trust_state is exposed. 10. Structured warnings are exposed.
12_MIRRA_BUSINESS_SETUP_v4.0_LOCKED.txt,12_MIRRA_BUSINESS_SETUP_v4.0_LOCKED.txt,642,business-setup,business_setup_warning_count,snake_case,warning_id,warnings,"business_setup_status, business_setup_warnings, business_setup_warning_count, business_setup_model_trust_state }"
12_MIRRA_BUSINESS_SETUP_v4.0_LOCKED.txt,12_MIRRA_BUSINESS_SETUP_v4.0_LOCKED.txt,276,business-setup,business_setup_warnings,snake_case,warning_id,status_readiness_trust,business_setup_ready business_setup_status business_setup_warnings business_setup_model_trust_state
12_MIRRA_BUSINESS_SETUP_v4.0_LOCKED.txt,12_MIRRA_BUSINESS_SETUP_v4.0_LOCKED.txt,379,business-setup,business_setup_warnings,snake_case,warning_id,status_readiness_trust,business_setup_ready business_setup_status business_setup_warnings business_setup_model_trust_state
12_MIRRA_BUSINESS_SETUP_v4.0_LOCKED.txt,12_MIRRA_BUSINESS_SETUP_v4.0_LOCKED.txt,641,business-setup,business_setup_warnings,snake_case,warning_id,warnings,"business_setup_ready, business_setup_status, business_setup_warnings, business_setup_warning_count, business_setup_model_trust_state"
14_MIRRA_BUSINESS_SUMMARY_v4.0_LOCKED.txt,14_MIRRA_BUSINESS_SUMMARY_v4.0_LOCKED.txt,1138,business-setup,business_summary_missing_business_setup,snake_case,warning_id,warnings,Required warning IDs: business_summary_missing_business_setup business_summary_missing_revenue_cogs business_summary_missing_cost_summary
14_MIRRA_BUSINESS_SUMMARY_v4.0_LOCKED.txt,14_MIRRA_BUSINESS_SUMMARY_v4.0_LOCKED.txt,1140,business-setup,business_summary_missing_cost_summary,snake_case,warning_id,warnings,business_summary_missing_business_setup business_summary_missing_revenue_cogs business_summary_missing_cost_summary business_summary_missing_activity_driver business_summary_zero_activity_driver
14_MIRRA_BUSINESS_SUMMARY_v4.0_LOCKED.txt,14_MIRRA_BUSINESS_SUMMARY_v4.0_LOCKED.txt,1139,business-setup,business_summary_missing_revenue_cogs,snake_case,warning_id,warnings,business_summary_missing_business_setup business_summary_missing_revenue_cogs business_summary_missing_cost_summary business_summary_missing_activity_driver
14_MIRRA_BUSINESS_SUMMARY_v4.0_LOCKED.txt,14_MIRRA_BUSINESS_SUMMARY_v4.0_LOCKED.txt,1805,business-setup,business_summary_ready,snake_case,warning_id,warnings,1. Inspect current Business Summary calculations. 2. Confirm negative net position does not set business_summary_ready = false by itself. 3. Confirm negative residual margin after labour does not set business_summary_ready = false by itself. 4. Consume Business Setup mode.
14_MIRRA_BUSINESS_SUMMARY_v4.0_LOCKED.txt,14_MIRRA_BUSINESS_SUMMARY_v4.0_LOCKED.txt,1806,business-setup,business_summary_ready,snake_case,warning_id,warnings,1. Inspect current Business Summary calculations. 2. Confirm negative net position does not set business_summary_ready = false by itself. 3. Confirm negative residual margin after labour does not set business_summary_ready = false by itself. 4. Consume Business Setup mode. 5. Consume Revenue / COGS totals.
14_MIRRA_BUSINESS_SUMMARY_v4.0_LOCKED.txt,14_MIRRA_BUSINESS_SUMMARY_v4.0_LOCKED.txt,2195,business-setup,business_summary_warnings,snake_case,warning_id,warnings,- business_recovery_hours - business_summary_warnings - business_type - cost_burden_breakdown
12_MIRRA_BUSINESS_SETUP_v4.0_LOCKED.txt,12_MIRRA_BUSINESS_SETUP_v4.0_LOCKED.txt,432,business-setup,business_type,snake_case,warning_id,warnings,"But changing business_type must not silently rewrite downstream source data. If business_type changes after downstream modules contain data, show warning: Business mode changed. Review Revenue / COGS, Business Summary, Recovery Summary, Rate Builder, and Business Outcome because mode-dependent interpretation may change."
12_MIRRA_BUSINESS_SETUP_v4.0_LOCKED.txt,12_MIRRA_BUSINESS_SETUP_v4.0_LOCKED.txt,462,business-setup,business_type,snake_case,warning_id,warnings,Examples: If business_type = labour_based: Business Summary should show:
12_MIRRA_BUSINESS_SETUP_v4.0_LOCKED.txt,12_MIRRA_BUSINESS_SETUP_v4.0_LOCKED.txt,483,business-setup,business_type,snake_case,warning_id,warnings,- material margin If business_type = product_based: Business Summary should show:
12_MIRRA_BUSINESS_SETUP_v4.0_LOCKED.txt,12_MIRRA_BUSINESS_SETUP_v4.0_LOCKED.txt,587,business-setup,business_type,snake_case,warning_id,warnings,## business_type_missing Use when business_type has not been selected. Blocking:
12_MIRRA_BUSINESS_SETUP_v4.0_LOCKED.txt,12_MIRRA_BUSINESS_SETUP_v4.0_LOCKED.txt,595,business-setup,business_type,snake_case,warning_id,warnings,## business_type_invalid Use when business_type is not an allowed value. Blocking:
12_MIRRA_BUSINESS_SETUP_v4.0_LOCKED.txt,12_MIRRA_BUSINESS_SETUP_v4.0_LOCKED.txt,963,business-setup,business_type,snake_case,warning_id,warnings,1. Inspect current Business Setup state. 2. Preserve existing business_type values. 3. Preserve compatibility with labour_based and product_based. 4. Add clear display labels.
12_MIRRA_BUSINESS_SETUP_v4.0_LOCKED.txt,12_MIRRA_BUSINESS_SETUP_v4.0_LOCKED.txt,984,business-setup,business_type,snake_case,warning_id,warnings,1. Business name can be stored. 2. Business type can be selected. 3. Allowed business_type values remain compatible. 4. is_labour_based is derived correctly. 5. is_product_based is derived correctly.
13_MIRRA_REVENUE_COGS_v4.0_LOCKED.txt,13_MIRRA_REVENUE_COGS_v4.0_LOCKED.txt,1632,business-setup,business_type,snake_case,warning_id,warnings,Mapping from Business Setup: If business_type = labour_based: commercial_driver_mode = hours_based
13_MIRRA_REVENUE_COGS_v4.0_LOCKED.txt,13_MIRRA_REVENUE_COGS_v4.0_LOCKED.txt,1636,business-setup,business_type,snake_case,warning_id,warnings,commercial_driver_mode = hours_based If business_type = product_based: commercial_driver_mode may be:
14_MIRRA_BUSINESS_SUMMARY_v4.0_LOCKED.txt,14_MIRRA_BUSINESS_SUMMARY_v4.0_LOCKED.txt,1966,business-setup,business_type,snake_case,warning_id,warnings,"- Define owner, meaning, source, downstream consumers where known, current/live status, and review notes. ### `business_type` - Classification: `accept_contract_field`"
14_MIRRA_BUSINESS_SUMMARY_v4.0_LOCKED.txt,14_MIRRA_BUSINESS_SUMMARY_v4.0_LOCKED.txt,1977,business-setup,business_type,snake_case,warning_id,warnings,"Brief insertion instruction: - Add `business_type` to the `business-summary` output contract. - Define owner, meaning, source, downstream consumers where known, current/live status, and review notes."
12_MIRRA_BUSINESS_SETUP_v4.0_LOCKED.txt,12_MIRRA_BUSINESS_SETUP_v4.0_LOCKED.txt,568,business-setup,business_type_invalid,snake_case,warning_id,warnings,business_setup_missing business_type_missing business_type_invalid business_name_missing business_mode_changed
12_MIRRA_BUSINESS_SETUP_v4.0_LOCKED.txt,12_MIRRA_BUSINESS_SETUP_v4.0_LOCKED.txt,593,business-setup,business_type_invalid,snake_case,warning_id,warnings,true. ## business_type_invalid Use when business_type is not an allowed value.
12_MIRRA_BUSINESS_SETUP_v4.0_LOCKED.txt,12_MIRRA_BUSINESS_SETUP_v4.0_LOCKED.txt,567,business-setup,business_type_missing,snake_case,warning_id,warnings,business_setup_missing business_type_missing business_type_invalid business_name_missing
12_MIRRA_BUSINESS_SETUP_v4.0_LOCKED.txt,12_MIRRA_BUSINESS_SETUP_v4.0_LOCKED.txt,585,business-setup,business_type_missing,snake_case,warning_id,warnings,true. ## business_type_missing Use when business_type has not been selected.
13_MIRRA_REVENUE_COGS_v4.0_LOCKED.txt,13_MIRRA_REVENUE_COGS_v4.0_LOCKED.txt,1634,business-setup,commercial_driver_mode,snake_case,warning_id,warnings,If business_type = labour_based: commercial_driver_mode = hours_based If business_type = product_based:
13_MIRRA_REVENUE_COGS_v4.0_LOCKED.txt,13_MIRRA_REVENUE_COGS_v4.0_LOCKED.txt,1638,business-setup,commercial_driver_mode,snake_case,warning_id,warnings,If business_type = product_based: commercial_driver_mode may be: unit_based
26_MIRRA_DATA_QUALITY_DASHBOARD_v4.0_LOCKED.txt,26_MIRRA_DATA_QUALITY_DASHBOARD_v4.0_LOCKED.txt,507,business-setup,data_quality_missing_business_setup,snake_case,warning_id,warnings,Required warning IDs: data_quality_missing_business_setup data_quality_missing_pnl data_quality_missing_revenue_cogs
26_MIRRA_DATA_QUALITY_DASHBOARD_v4.0_LOCKED.txt,26_MIRRA_DATA_QUALITY_DASHBOARD_v4.0_LOCKED.txt,508,business-setup,data_quality_missing_pnl,snake_case,warning_id,warnings,data_quality_missing_business_setup data_quality_missing_pnl data_quality_missing_revenue_cogs data_quality_missing_labour
26_MIRRA_DATA_QUALITY_DASHBOARD_v4.0_LOCKED.txt,26_MIRRA_DATA_QUALITY_DASHBOARD_v4.0_LOCKED.txt,509,business-setup,data_quality_missing_revenue_cogs,snake_case,warning_id,warnings,data_quality_missing_business_setup data_quality_missing_pnl data_quality_missing_revenue_cogs data_quality_missing_labour data_quality_missing_assets
13_MIRRA_REVENUE_COGS_v4.0_LOCKED.txt,13_MIRRA_REVENUE_COGS_v4.0_LOCKED.txt,1634,business-setup,hours_based,snake_case,warning_id,warnings,If business_type = labour_based: commercial_driver_mode = hours_based If business_type = product_based:
12_MIRRA_BUSINESS_SETUP_v4.0_LOCKED.txt,12_MIRRA_BUSINESS_SETUP_v4.0_LOCKED.txt,985,business-setup,is_labour_based,snake_case,warning_id,warnings,2. Business type can be selected. 3. Allowed business_type values remain compatible. 4. is_labour_based is derived correctly. 5. is_product_based is derived correctly. 6. setup_completed is exposed.
12_MIRRA_BUSINESS_SETUP_v4.0_LOCKED.txt,12_MIRRA_BUSINESS_SETUP_v4.0_LOCKED.txt,986,business-setup,is_product_based,snake_case,warning_id,warnings,3. Allowed business_type values remain compatible. 4. is_labour_based is derived correctly. 5. is_product_based is derived correctly. 6. setup_completed is exposed. 7. business_setup_ready is exposed.
12_MIRRA_BUSINESS_SETUP_v4.0_LOCKED.txt,12_MIRRA_BUSINESS_SETUP_v4.0_LOCKED.txt,462,business-setup,labour_based,snake_case,warning_id,warnings,Examples: If business_type = labour_based: Business Summary should show:
12_MIRRA_BUSINESS_SETUP_v4.0_LOCKED.txt,12_MIRRA_BUSINESS_SETUP_v4.0_LOCKED.txt,964,business-setup,labour_based,snake_case,warning_id,warnings,1. Inspect current Business Setup state. 2. Preserve existing business_type values. 3. Preserve compatibility with labour_based and product_based. 4. Add clear display labels. 5. Add setup readiness.
13_MIRRA_REVENUE_COGS_v4.0_LOCKED.txt,13_MIRRA_REVENUE_COGS_v4.0_LOCKED.txt,1632,business-setup,labour_based,snake_case,warning_id,warnings,Mapping from Business Setup: If business_type = labour_based: commercial_driver_mode = hours_based
13_MIRRA_REVENUE_COGS_v4.0_LOCKED.txt,13_MIRRA_REVENUE_COGS_v4.0_LOCKED.txt,1628,business-setup,mixed_unit_based,snake_case,warning_id,warnings,hours_based unit_based mixed_unit_based Mapping from Business Setup:
11_MIRRA_MODEL_READINESS_v4.0_LOCKED.txt,11_MIRRA_MODEL_READINESS_v4.0_LOCKED.txt,523,business-setup,model_missing_business_setup,snake_case,warning_id,warnings,Required warning IDs: model_missing_business_setup model_missing_pnl model_pnl_blocked
11_MIRRA_MODEL_READINESS_v4.0_LOCKED.txt,11_MIRRA_MODEL_READINESS_v4.0_LOCKED.txt,542,business-setup,model_missing_business_setup,snake_case,warning_id,warnings,# 16. WARNING MEANINGS ## model_missing_business_setup Use when Business Setup is incomplete.
11_MIRRA_MODEL_READINESS_v4.0_LOCKED.txt,11_MIRRA_MODEL_READINESS_v4.0_LOCKED.txt,524,business-setup,model_missing_pnl,snake_case,warning_id,warnings,model_missing_business_setup model_missing_pnl model_pnl_blocked model_revenue_cogs_blocked
11_MIRRA_MODEL_READINESS_v4.0_LOCKED.txt,11_MIRRA_MODEL_READINESS_v4.0_LOCKED.txt,525,business-setup,model_pnl_blocked,snake_case,warning_id,warnings,model_missing_business_setup model_missing_pnl model_pnl_blocked model_revenue_cogs_blocked model_cog_reconciliation_leak
12_MIRRA_BUSINESS_SETUP_v4.0_LOCKED.txt,12_MIRRA_BUSINESS_SETUP_v4.0_LOCKED.txt,483,business-setup,product_based,snake_case,warning_id,warnings,- material margin If business_type = product_based: Business Summary should show:
12_MIRRA_BUSINESS_SETUP_v4.0_LOCKED.txt,12_MIRRA_BUSINESS_SETUP_v4.0_LOCKED.txt,964,business-setup,product_based,snake_case,warning_id,warnings,1. Inspect current Business Setup state. 2. Preserve existing business_type values. 3. Preserve compatibility with labour_based and product_based. 4. Add clear display labels. 5. Add setup readiness.
13_MIRRA_REVENUE_COGS_v4.0_LOCKED.txt,13_MIRRA_REVENUE_COGS_v4.0_LOCKED.txt,1636,business-setup,product_based,snake_case,warning_id,warnings,commercial_driver_mode = hours_based If business_type = product_based: commercial_driver_mode may be:
19_MIRRA_RATE_BUILDER_v4.0_LOCKED.txt,19_MIRRA_RATE_BUILDER_v4.0_LOCKED.txt,883,business-setup,rate_builder_missing_business_setup,snake_case,warning_id,warnings,Required warning IDs: rate_builder_missing_business_setup rate_builder_missing_cost_allocation rate_builder_missing_recovery_summary
19_MIRRA_RATE_BUILDER_v4.0_LOCKED.txt,19_MIRRA_RATE_BUILDER_v4.0_LOCKED.txt,884,business-setup,rate_builder_missing_cost_allocation,snake_case,warning_id,warnings,rate_builder_missing_business_setup rate_builder_missing_cost_allocation rate_builder_missing_recovery_summary rate_builder_cost_allocation_blocked
19_MIRRA_RATE_BUILDER_v4.0_LOCKED.txt,19_MIRRA_RATE_BUILDER_v4.0_LOCKED.txt,885,business-setup,rate_builder_missing_recovery_summary,snake_case,warning_id,warnings,rate_builder_missing_business_setup rate_builder_missing_cost_allocation rate_builder_missing_recovery_summary rate_builder_cost_allocation_blocked rate_builder_recovery_summary_blocked
12_MIRRA_BUSINESS_SETUP_v4.0_LOCKED.txt,12_MIRRA_BUSINESS_SETUP_v4.0_LOCKED.txt,385,business-setup,ready_with_warnings,snake_case,warning_id,status_readiness_trust,ready ready_with_warnings review_required blocked
12_MIRRA_BUSINESS_SETUP_v4.0_LOCKED.txt,12_MIRRA_BUSINESS_SETUP_v4.0_LOCKED.txt,519,business-setup,recovery_gap,snake_case,warning_id,calculation,- total_cost_burden - net_position - recovery_gap - required_rate - business_outcome_status
03_MIRRA_VARIABLE_CONTRACT_BRIEF_v4.0_LOCKED.txt,03_MIRRA_VARIABLE_CONTRACT_BRIEF_v4.0_LOCKED.txt,1737,business-setup,recovery_gap_label,snake_case,warning_id,calculation,current_margin_label recovery_gap_per_driver recovery_gap_label If business_type = labour_based:
14_MIRRA_BUSINESS_SUMMARY_v4.0_LOCKED.txt,14_MIRRA_BUSINESS_SUMMARY_v4.0_LOCKED.txt,585,business-setup,recovery_gap_label,snake_case,warning_id,calculation,required_recovery_unit_label = $/hour current_margin_label = Current margin per productive hour recovery_gap_label = Recovery gap per productive hour If business_type = product_based:
18_MIRRA_RECOVERY_SUMMARY_v4.0_LOCKED.txt,18_MIRRA_RECOVERY_SUMMARY_v4.0_LOCKED.txt,1499,business-setup,recovery_model_type,snake_case,warning_id,warnings,3. Remove driver selection. 4. Consume Business Setup mode. 5. Automatically set recovery_model_type from business mode. 6. Consume Cost Allocation group cost stacks. 7. Consume Cost Allocation pool reconciliation status.
18_MIRRA_RECOVERY_SUMMARY_v4.0_LOCKED.txt,18_MIRRA_RECOVERY_SUMMARY_v4.0_LOCKED.txt,940,business-setup,recovery_summary_missing_business_setup,snake_case,warning_id,warnings,Required warning IDs: recovery_summary_missing_business_setup recovery_summary_missing_revenue_cogs recovery_summary_missing_business_summary
18_MIRRA_RECOVERY_SUMMARY_v4.0_LOCKED.txt,18_MIRRA_RECOVERY_SUMMARY_v4.0_LOCKED.txt,942,business-setup,recovery_summary_missing_business_summary,snake_case,warning_id,warnings,recovery_summary_missing_business_setup recovery_summary_missing_revenue_cogs recovery_summary_missing_business_summary recovery_summary_missing_cost_allocation recovery_summary_cost_allocation_blocked
18_MIRRA_RECOVERY_SUMMARY_v4.0_LOCKED.txt,18_MIRRA_RECOVERY_SUMMARY_v4.0_LOCKED.txt,941,business-setup,recovery_summary_missing_revenue_cogs,snake_case,warning_id,warnings,recovery_summary_missing_business_setup recovery_summary_missing_revenue_cogs recovery_summary_missing_business_summary recovery_summary_missing_cost_allocation
03_MIRRA_VARIABLE_CONTRACT_BRIEF_v4.0_LOCKED.txt,03_MIRRA_VARIABLE_CONTRACT_BRIEF_v4.0_LOCKED.txt,2279,business-setup,recovery_summary_warnings,snake_case,warning_id,inputs,recovery_summary_ready recovery_summary_status recovery_summary_warnings business_type recovery_test_status
18_MIRRA_RECOVERY_SUMMARY_v4.0_LOCKED.txt,18_MIRRA_RECOVERY_SUMMARY_v4.0_LOCKED.txt,985,business-setup,recovery_summary_zero_recovery_driver,snake_case,warning_id,status_readiness_trust,"Return to Business Setup, Revenue / COGS, Labour, Assets, or Cost Allocation depending missing source. ## recovery_summary_zero_recovery_driver Use when a recovery driver is zero."
12_MIRRA_BUSINESS_SETUP_v4.0_LOCKED.txt,12_MIRRA_BUSINESS_SETUP_v4.0_LOCKED.txt,561,business-setup,review_action,snake_case,warning_id,warnings,"affected_variable, blocking, review_action }"
12_MIRRA_BUSINESS_SETUP_v4.0_LOCKED.txt,12_MIRRA_BUSINESS_SETUP_v4.0_LOCKED.txt,289,business-setup,review_required,snake_case,warning_id,status_readiness_trust,"- business_name may be user-entered - business_name may be blank during initial setup - if blank, show review_required - do not use business_name as database/company identity later unless future company system brief says so - business_name is display identity only in this module"
12_MIRRA_BUSINESS_SETUP_v4.0_LOCKED.txt,12_MIRRA_BUSINESS_SETUP_v4.0_LOCKED.txt,386,business-setup,review_required,snake_case,warning_id,status_readiness_trust,ready ready_with_warnings review_required blocked not_ready
12_MIRRA_BUSINESS_SETUP_v4.0_LOCKED.txt,12_MIRRA_BUSINESS_SETUP_v4.0_LOCKED.txt,408,business-setup,review_required,snake_case,warning_id,status_readiness_trust,- no blocking setup warning exists Business Setup is review_required when: - business_name is missing but business_type exists
12_MIRRA_BUSINESS_SETUP_v4.0_LOCKED.txt,12_MIRRA_BUSINESS_SETUP_v4.0_LOCKED.txt,615,business-setup,review_required,snake_case,warning_id,warnings,"Blocking: false by default, but affected downstream modules should show review_required. ## business_mode_requires_review"
12_MIRRA_BUSINESS_SETUP_v4.0_LOCKED.txt,12_MIRRA_BUSINESS_SETUP_v4.0_LOCKED.txt,987,business-setup,setup_completed,snake_case,warning_id,warnings,4. is_labour_based is derived correctly. 5. is_product_based is derived correctly. 6. setup_completed is exposed. 7. business_setup_ready is exposed. 8. business_setup_status is exposed.
12_MIRRA_BUSINESS_SETUP_v4.0_LOCKED.txt,12_MIRRA_BUSINESS_SETUP_v4.0_LOCKED.txt,556,business-setup,source_module,snake_case,warning_id,warnings,"{ warning_id, source_module, severity, message,"
03_MIRRA_VARIABLE_CONTRACT_BRIEF_v4.0_LOCKED.txt,03_MIRRA_VARIABLE_CONTRACT_BRIEF_v4.0_LOCKED.txt,2282,business-setup,total_recovery_gap,snake_case,warning_id,inputs,business_type recovery_test_status total_recovery_gap ## 21.4 Hours-based recovery tests
12_MIRRA_BUSINESS_SETUP_v4.0_LOCKED.txt,12_MIRRA_BUSINESS_SETUP_v4.0_LOCKED.txt,555,business-setup,warning_id,snake_case,warning_id,warnings,"{ warning_id, source_module, severity,"
14_MIRRA_BUSINESS_SUMMARY_v4.0_LOCKED.txt,14_MIRRA_BUSINESS_SUMMARY_v4.0_LOCKED.txt,1131,business-summary,affected_variable,snake_case,warning_id,warnings,"severity, message, affected_variable, blocking, review_action"
14_MIRRA_BUSINESS_SUMMARY_v4.0_LOCKED.txt,14_MIRRA_BUSINESS_SUMMARY_v4.0_LOCKED.txt,1211,business-summary,business_summary_bridge_proof_mismatch,snake_case,warning_id,warnings,false if forward proof can still display; true only if bridge is required by the current workflow. ## business_summary_bridge_proof_mismatch Use when bridge proof rows do not reconcile to Mirra operating position.
14_MIRRA_BUSINESS_SUMMARY_v4.0_LOCKED.txt,14_MIRRA_BUSINESS_SUMMARY_v4.0_LOCKED.txt,1161,business-summary,business_summary_negative_net_position,snake_case,warning_id,warnings,# 41. WARNING MEANINGS ## business_summary_negative_net_position Use when net_position < 0.
14_MIRRA_BUSINESS_SUMMARY_v4.0_LOCKED.txt,14_MIRRA_BUSINESS_SUMMARY_v4.0_LOCKED.txt,1155,business-summary,business_summary_preview_only,snake_case,warning_id,warnings,business_summary_upstream_warning business_summary_upstream_blocked business_summary_preview_only ---
14_MIRRA_BUSINESS_SUMMARY_v4.0_LOCKED.txt,14_MIRRA_BUSINESS_SUMMARY_v4.0_LOCKED.txt,1952,business-summary,business_summary_warnings,snake_case,warning_id,warnings,"- Define owner, meaning, source, downstream consumers where known, current/live status, and review notes. ### `business_summary_warnings` - Classification: `accept_contract_field`"
14_MIRRA_BUSINESS_SUMMARY_v4.0_LOCKED.txt,14_MIRRA_BUSINESS_SUMMARY_v4.0_LOCKED.txt,1963,business-summary,business_summary_warnings,snake_case,warning_id,warnings,"Brief insertion instruction: - Add `business_summary_warnings` to the `business-summary` output contract. - Define owner, meaning, source, downstream consumers where known, current/live status, and review notes."
14_MIRRA_BUSINESS_SUMMARY_v4.0_LOCKED.txt,14_MIRRA_BUSINESS_SUMMARY_v4.0_LOCKED.txt,1187,business-summary,business_summary_zero_activity_driver,snake_case,warning_id,warnings,Revenue Reality owns the diagnostic interpretation. ## business_summary_zero_activity_driver Use when selected driver denominator is zero.
14_MIRRA_BUSINESS_SUMMARY_v4.0_LOCKED.txt,14_MIRRA_BUSINESS_SUMMARY_v4.0_LOCKED.txt,1980,business-summary,cost_burden_breakdown,snake_case,warning_id,warnings,"- Define owner, meaning, source, downstream consumers where known, current/live status, and review notes. ### `cost_burden_breakdown` - Classification: `accept_contract_field`"
14_MIRRA_BUSINESS_SUMMARY_v4.0_LOCKED.txt,14_MIRRA_BUSINESS_SUMMARY_v4.0_LOCKED.txt,1991,business-summary,cost_burden_breakdown,snake_case,warning_id,warnings,"Brief insertion instruction: - Add `cost_burden_breakdown` to the `business-summary` output contract. - Define owner, meaning, source, downstream consumers where known, current/live status, and review notes."
14_MIRRA_BUSINESS_SUMMARY_v4.0_LOCKED.txt,14_MIRRA_BUSINESS_SUMMARY_v4.0_LOCKED.txt,1959,business-summary,implemented_contract_not_documented_in_brief,snake_case,warning_id,warnings,- Reason: Field is a named business/status/readiness/financial/hour/recovery output used by code. - Source code file(s): app\business-summary\page.jsx | components\business-summary\BusinessSummaryStatusStrip.jsx | hooks\useBusinessModelling.js | hooks\useBusinessSummary.js | hooks\useQuoteEngine.js | lib\calculations\businessModellingCalculations.js | lib\selectors\businessSummarySelectors.js | lib\selectors\quoteEngineSelectors.js - Audit notes: implemented_contract_not_documented_in_brief | warnings_field Brief insertion instruction:
14_MIRRA_BUSINESS_SUMMARY_v4.0_LOCKED.txt,14_MIRRA_BUSINESS_SUMMARY_v4.0_LOCKED.txt,1973,business-summary,implemented_contract_not_documented_in_brief,snake_case,warning_id,warnings,- Reason: Field is a named business/status/readiness/financial/hour/recovery output used by code. - Source code file(s): hooks\useBusinessSummary.js - Audit notes: implemented_contract_not_documented_in_brief Brief insertion instruction:
14_MIRRA_BUSINESS_SUMMARY_v4.0_LOCKED.txt,14_MIRRA_BUSINESS_SUMMARY_v4.0_LOCKED.txt,1987,business-summary,implemented_contract_not_documented_in_brief,snake_case,warning_id,warnings,- Reason: Field is a named business/status/readiness/financial/hour/recovery output used by code. - Source code file(s): hooks\useBusinessSummary.js - Audit notes: implemented_contract_not_documented_in_brief Brief insertion instruction:
14_MIRRA_BUSINESS_SUMMARY_v4.0_LOCKED.txt,14_MIRRA_BUSINESS_SUMMARY_v4.0_LOCKED.txt,2001,business-summary,implemented_contract_not_documented_in_brief,snake_case,warning_id,warnings,- Reason: Field is a named business/status/readiness/financial/hour/recovery output used by code. - Source code file(s): app\business-summary\page.jsx | components\business-summary\BusinessSummaryCard.jsx | components\business-summary\BusinessSummaryHierarchyBuilder.js | hooks\useBusinessSummary.js | lib\calculations\businessSummaryCalculations.js | lib\selectors\businessSummarySelectors.js - Audit notes: implemented_contract_not_documented_in_brief | readiness_field Brief insertion instruction:
14_MIRRA_BUSINESS_SUMMARY_v4.0_LOCKED.txt,14_MIRRA_BUSINESS_SUMMARY_v4.0_LOCKED.txt,2015,business-summary,implemented_contract_not_documented_in_brief,snake_case,warning_id,warnings,- Reason: Field is a named business/status/readiness/financial/hour/recovery output used by code. - Source code file(s): components\recovery-summary\main-card\RecoveryOutcomeDetail.jsx | components\recovery-summary\main-card\recoverySummaryWarningHelpers.js | components\recovery-summary\recoverySummaryWarningDetails.js | hooks\useBusinessModelling.js | hooks\useBusinessSummary.js | hooks\useRevenueReality.js | lib\calculations\recoverySummaryCalculations.js | lib\recovery\recoveryRiskWarningSystem.js | lib\selectors\businessSummarySelectors.js - Audit notes: implemented_contract_not_documented_in_brief Brief insertion instruction:
14_MIRRA_BUSINESS_SUMMARY_v4.0_LOCKED.txt,14_MIRRA_BUSINESS_SUMMARY_v4.0_LOCKED.txt,2029,business-summary,implemented_contract_not_documented_in_brief,snake_case,warning_id,warnings,- Reason: Field is a named business/status/readiness/financial/hour/recovery output used by code. - Source code file(s): components\recovery-summary\recoverySummaryWarningDetails.js | hooks\useBusinessModelling.js | lib\calculations\recoveryOutcomeCalculations.js | lib\calculations\recoverySummaryCalculations.js | lib\selectors\businessSummarySelectors.js - Audit notes: implemented_contract_not_documented_in_brief Brief insertion instruction:
14_MIRRA_BUSINESS_SUMMARY_v4.0_LOCKED.txt,14_MIRRA_BUSINESS_SUMMARY_v4.0_LOCKED.txt,2043,business-summary,implemented_contract_not_documented_in_brief,snake_case,warning_id,warnings,- Reason: Field is a named business/status/readiness/financial/hour/recovery output used by code. - Source code file(s): hooks\useBusinessSummary.js - Audit notes: implemented_contract_not_documented_in_brief Brief insertion instruction:
14_MIRRA_BUSINESS_SUMMARY_v4.0_LOCKED.txt,14_MIRRA_BUSINESS_SUMMARY_v4.0_LOCKED.txt,1994,business-summary,is_product_based,snake_case,warning_id,warnings,"- Define owner, meaning, source, downstream consumers where known, current/live status, and review notes. ### `is_product_based` - Classification: `accept_contract_field`"
14_MIRRA_BUSINESS_SUMMARY_v4.0_LOCKED.txt,14_MIRRA_BUSINESS_SUMMARY_v4.0_LOCKED.txt,2005,business-summary,is_product_based,snake_case,warning_id,warnings,"Brief insertion instruction: - Add `is_product_based` to the `business-summary` output contract. - Define owner, meaning, source, downstream consumers where known, current/live status, and review notes."
14_MIRRA_BUSINESS_SUMMARY_v4.0_LOCKED.txt,14_MIRRA_BUSINESS_SUMMARY_v4.0_LOCKED.txt,2008,business-summary,margin_pool,snake_case,warning_id,warnings,"- Define owner, meaning, source, downstream consumers where known, current/live status, and review notes. ### `margin_pool` - Classification: `accept_contract_field`"
14_MIRRA_BUSINESS_SUMMARY_v4.0_LOCKED.txt,14_MIRRA_BUSINESS_SUMMARY_v4.0_LOCKED.txt,2019,business-summary,margin_pool,snake_case,warning_id,warnings,"Brief insertion instruction: - Add `margin_pool` to the `business-summary` output contract. - Define owner, meaning, source, downstream consumers where known, current/live status, and review notes."
14_MIRRA_BUSINESS_SUMMARY_v4.0_LOCKED.txt,14_MIRRA_BUSINESS_SUMMARY_v4.0_LOCKED.txt,1163,business-summary,net_position,snake_case,warning_id,warnings,## business_summary_negative_net_position Use when net_position < 0. Blocking:
14_MIRRA_BUSINESS_SUMMARY_v4.0_LOCKED.txt,14_MIRRA_BUSINESS_SUMMARY_v4.0_LOCKED.txt,2022,business-summary,net_position,snake_case,warning_id,warnings,"- Define owner, meaning, source, downstream consumers where known, current/live status, and review notes. ### `net_position` - Classification: `accept_contract_field`"
14_MIRRA_BUSINESS_SUMMARY_v4.0_LOCKED.txt,14_MIRRA_BUSINESS_SUMMARY_v4.0_LOCKED.txt,2033,business-summary,net_position,snake_case,warning_id,warnings,"Brief insertion instruction: - Add `net_position` to the `business-summary` output contract. - Define owner, meaning, source, downstream consumers where known, current/live status, and review notes."
14_MIRRA_BUSINESS_SUMMARY_v4.0_LOCKED.txt,14_MIRRA_BUSINESS_SUMMARY_v4.0_LOCKED.txt,2036,business-summary,operating_recovery_hours,snake_case,warning_id,warnings,"- Define owner, meaning, source, downstream consumers where known, current/live status, and review notes. ### `operating_recovery_hours` - Classification: `accept_contract_field`"
14_MIRRA_BUSINESS_SUMMARY_v4.0_LOCKED.txt,14_MIRRA_BUSINESS_SUMMARY_v4.0_LOCKED.txt,2047,business-summary,operating_recovery_hours,snake_case,warning_id,warnings,"Brief insertion instruction: - Add `operating_recovery_hours` to the `business-summary` output contract. - Define owner, meaning, source, downstream consumers where known, current/live status, and review notes."
14_MIRRA_BUSINESS_SUMMARY_v4.0_LOCKED.txt,14_MIRRA_BUSINESS_SUMMARY_v4.0_LOCKED.txt,2001,business-summary,readiness_field,snake_case,warning_id,warnings,- Reason: Field is a named business/status/readiness/financial/hour/recovery output used by code. - Source code file(s): app\business-summary\page.jsx | components\business-summary\BusinessSummaryCard.jsx | components\business-summary\BusinessSummaryHierarchyBuilder.js | hooks\useBusinessSummary.js | lib\calculations\businessSummaryCalculations.js | lib\selectors\businessSummarySelectors.js - Audit notes: implemented_contract_not_documented_in_brief | readiness_field Brief insertion instruction:
14_MIRRA_BUSINESS_SUMMARY_v4.0_LOCKED.txt,14_MIRRA_BUSINESS_SUMMARY_v4.0_LOCKED.txt,180,business-summary,ready_with_warnings,snake_case,warning_id,status_readiness_trust,"net_position < 0 â†’ business_summary_status = negative_position, at_risk, or ready_with_warnings â†’ business_summary_ready may remain true if source data is trusted"
14_MIRRA_BUSINESS_SUMMARY_v4.0_LOCKED.txt,14_MIRRA_BUSINESS_SUMMARY_v4.0_LOCKED.txt,1014,business-summary,ready_with_warnings,snake_case,warning_id,status_readiness_trust,ready ready_with_warnings review_required blocked
14_MIRRA_BUSINESS_SUMMARY_v4.0_LOCKED.txt,14_MIRRA_BUSINESS_SUMMARY_v4.0_LOCKED.txt,1027,business-summary,ready_with_warnings,snake_case,warning_id,warnings,Trusted source data and no material warnings. ready_with_warnings: Source data is usable but warnings remain visible.
14_MIRRA_BUSINESS_SUMMARY_v4.0_LOCKED.txt,14_MIRRA_BUSINESS_SUMMARY_v4.0_LOCKED.txt,1096,business-summary,ready_with_warnings,snake_case,warning_id,warnings,- no blocking Business Summary-specific warning exists Business Summary may be ready_with_warnings when: - net_position is negative
25_MIRRA_MODEL_REVIEW_APPROVAL_v4.0_LOCKED.txt,25_MIRRA_MODEL_REVIEW_APPROVAL_v4.0_LOCKED.txt,375,business-summary,recovery_gap_change,snake_case,warning_id,status_readiness_trust,"approved_modelled_outcome, net_position_change, recovery_gap_change, rate_impact_summary, effective_from,"
03_MIRRA_VARIABLE_CONTRACT_BRIEF_v4.0_LOCKED.txt,03_MIRRA_VARIABLE_CONTRACT_BRIEF_v4.0_LOCKED.txt,1763,business-summary,recovery_gap_per_driver,snake_case,warning_id,calculation,margin_pool / activity_driver_value recovery_gap_per_driver = current_margin_per_driver - required_recovery_per_driver
03_MIRRA_VARIABLE_CONTRACT_BRIEF_v4.0_LOCKED.txt,03_MIRRA_VARIABLE_CONTRACT_BRIEF_v4.0_LOCKED.txt,1770,business-summary,recovery_gap_per_driver,snake_case,warning_id,calculation,required_recovery_per_driver = 0 current_margin_per_driver = 0 recovery_gap_per_driver = 0 business_summary_status = blocked or not_ready
03_MIRRA_VARIABLE_CONTRACT_BRIEF_v4.0_LOCKED.txt,03_MIRRA_VARIABLE_CONTRACT_BRIEF_v4.0_LOCKED.txt,2670,business-summary,recovery_gap_per_driver,snake_case,warning_id,inputs,business_summary_status net_position recovery_gap_per_driver activity_driver_type activity_driver_value
14_MIRRA_BUSINESS_SUMMARY_v4.0_LOCKED.txt,14_MIRRA_BUSINESS_SUMMARY_v4.0_LOCKED.txt,411,business-summary,recovery_gap_per_driver,snake_case,warning_id,downstream_consumption,current_margin_per_driver current_margin_label recovery_gap_per_driver recovery_gap_label
14_MIRRA_BUSINESS_SUMMARY_v4.0_LOCKED.txt,14_MIRRA_BUSINESS_SUMMARY_v4.0_LOCKED.txt,609,business-summary,recovery_gap_per_driver,snake_case,warning_id,calculation,required_recovery_per_driver current_margin_per_driver recovery_gap_per_driver Formula:
14_MIRRA_BUSINESS_SUMMARY_v4.0_LOCKED.txt,14_MIRRA_BUSINESS_SUMMARY_v4.0_LOCKED.txt,619,business-summary,recovery_gap_per_driver,snake_case,warning_id,calculation,margin_pool / activity_driver_value recovery_gap_per_driver = current_margin_per_driver - required_recovery_per_driver
14_MIRRA_BUSINESS_SUMMARY_v4.0_LOCKED.txt,14_MIRRA_BUSINESS_SUMMARY_v4.0_LOCKED.txt,626,business-summary,recovery_gap_per_driver,snake_case,warning_id,calculation,required_recovery_per_driver = 0 current_margin_per_driver = 0 recovery_gap_per_driver = 0 business_summary_status = review_required or blocked depending mode and source data
14_MIRRA_BUSINESS_SUMMARY_v4.0_LOCKED.txt,14_MIRRA_BUSINESS_SUMMARY_v4.0_LOCKED.txt,1313,business-summary,recovery_gap_per_driver,snake_case,warning_id,warnings,"current_margin_per_driver, current_margin_label, recovery_gap_per_driver, recovery_gap_label,"
18_MIRRA_RECOVERY_SUMMARY_v4.0_LOCKED.txt,18_MIRRA_RECOVERY_SUMMARY_v4.0_LOCKED.txt,944,business-summary,recovery_summary_cost_allocation_blocked,snake_case,warning_id,warnings,recovery_summary_missing_business_summary recovery_summary_missing_cost_allocation recovery_summary_cost_allocation_blocked recovery_summary_no_groups recovery_summary_missing_group_cost_stack
14_MIRRA_BUSINESS_SUMMARY_v4.0_LOCKED.txt,14_MIRRA_BUSINESS_SUMMARY_v4.0_LOCKED.txt,1133,business-summary,review_action,snake_case,warning_id,warnings,"affected_variable, blocking, review_action }"
14_MIRRA_BUSINESS_SUMMARY_v4.0_LOCKED.txt,14_MIRRA_BUSINESS_SUMMARY_v4.0_LOCKED.txt,627,business-summary,review_required,snake_case,warning_id,calculation,current_margin_per_driver = 0 recovery_gap_per_driver = 0 business_summary_status = review_required or blocked depending mode and source data Do not divide by zero.
14_MIRRA_BUSINESS_SUMMARY_v4.0_LOCKED.txt,14_MIRRA_BUSINESS_SUMMARY_v4.0_LOCKED.txt,936,business-summary,review_required,snake_case,warning_id,row_or_array_contract,"- amounts must match bridge values - bridge total must equal Mirra operating position - if rows do not reconcile, bridge_status = review_required or blocked - do not hide unreconciled proof differences"
14_MIRRA_BUSINESS_SUMMARY_v4.0_LOCKED.txt,14_MIRRA_BUSINESS_SUMMARY_v4.0_LOCKED.txt,1015,business-summary,review_required,snake_case,warning_id,status_readiness_trust,ready ready_with_warnings review_required blocked preview_only
14_MIRRA_BUSINESS_SUMMARY_v4.0_LOCKED.txt,14_MIRRA_BUSINESS_SUMMARY_v4.0_LOCKED.txt,1030,business-summary,review_required,snake_case,warning_id,status_readiness_trust,"Source data is usable but warnings remain visible. review_required: Values calculate, but user review is required."
14_MIRRA_BUSINESS_SUMMARY_v4.0_LOCKED.txt,14_MIRRA_BUSINESS_SUMMARY_v4.0_LOCKED.txt,1601,business-summary,review_required,snake_case,warning_id,status_readiness_trust,"- recovery gap per unit If driver is missing or zero, show review_required. ---"
14_MIRRA_BUSINESS_SUMMARY_v4.0_LOCKED.txt,14_MIRRA_BUSINESS_SUMMARY_v4.0_LOCKED.txt,1128,business-summary,source_module,snake_case,warning_id,warnings,"{ warning_id, source_module, severity, message,"
14_MIRRA_BUSINESS_SUMMARY_v4.0_LOCKED.txt,14_MIRRA_BUSINESS_SUMMARY_v4.0_LOCKED.txt,1127,business-summary,warning_id,snake_case,warning_id,warnings,"{ warning_id, source_module, severity,"
14_MIRRA_BUSINESS_SUMMARY_v4.0_LOCKED.txt,14_MIRRA_BUSINESS_SUMMARY_v4.0_LOCKED.txt,1959,business-summary,warnings_field,snake_case,warning_id,warnings,- Reason: Field is a named business/status/readiness/financial/hour/recovery output used by code. - Source code file(s): app\business-summary\page.jsx | components\business-summary\BusinessSummaryStatusStrip.jsx | hooks\useBusinessModelling.js | hooks\useBusinessSummary.js | hooks\useQuoteEngine.js | lib\calculations\businessModellingCalculations.js | lib\selectors\businessSummarySelectors.js | lib\selectors\quoteEngineSelectors.js - Audit notes: implemented_contract_not_documented_in_brief | warnings_field Brief insertion instruction:
17_MIRRA_COST_ALLOCATION_v4.0_LOCKED.txt,17_MIRRA_COST_ALLOCATION_v4.0_LOCKED.txt,1468,cost-allocation,affected_variable,snake_case,warning_id,warnings,"severity, message, affected_variable, blocking, review_action"
17_MIRRA_COST_ALLOCATION_v4.0_LOCKED.txt,17_MIRRA_COST_ALLOCATION_v4.0_LOCKED.txt,1494,cost-allocation,cost_allocation_group_total_mismatch,snake_case,warning_id,warnings,cost_allocation_overhead_double_count_risk cost_allocation_group_total_mismatch cost_allocation_source_pool_mismatch cost_allocation_double_count_risk
17_MIRRA_COST_ALLOCATION_v4.0_LOCKED.txt,17_MIRRA_COST_ALLOCATION_v4.0_LOCKED.txt,1492,cost-allocation,cost_allocation_overhead_double_count_risk,snake_case,warning_id,warnings,cost_allocation_overhead_over_allocated cost_allocation_overhead_under_allocated cost_allocation_overhead_double_count_risk cost_allocation_group_total_mismatch
17_MIRRA_COST_ALLOCATION_v4.0_LOCKED.txt,17_MIRRA_COST_ALLOCATION_v4.0_LOCKED.txt,1491,cost-allocation,cost_allocation_overhead_under_allocated,snake_case,warning_id,warnings,cost_allocation_overhead_over_allocated cost_allocation_overhead_under_allocated cost_allocation_overhead_double_count_risk
17_MIRRA_COST_ALLOCATION_v4.0_LOCKED.txt,17_MIRRA_COST_ALLOCATION_v4.0_LOCKED.txt,1495,cost-allocation,cost_allocation_source_pool_mismatch,snake_case,warning_id,warnings,cost_allocation_group_total_mismatch cost_allocation_source_pool_mismatch cost_allocation_double_count_risk
03_MIRRA_VARIABLE_CONTRACT_BRIEF_v4.0_LOCKED.txt,03_MIRRA_VARIABLE_CONTRACT_BRIEF_v4.0_LOCKED.txt,2686,cost-allocation,cost_allocation_warnings,snake_case,warning_id,inputs,cost_allocation_status allocation_groups cost_allocation_warnings From Recovery Summary:
19_MIRRA_RATE_BUILDER_v4.0_LOCKED.txt,19_MIRRA_RATE_BUILDER_v4.0_LOCKED.txt,886,cost-allocation,rate_builder_cost_allocation_blocked,snake_case,warning_id,warnings,rate_builder_missing_cost_allocation rate_builder_missing_recovery_summary rate_builder_cost_allocation_blocked rate_builder_recovery_summary_blocked rate_builder_missing_rate_driver
19_MIRRA_RATE_BUILDER_v4.0_LOCKED.txt,19_MIRRA_RATE_BUILDER_v4.0_LOCKED.txt,888,cost-allocation,rate_builder_missing_rate_driver,snake_case,warning_id,warnings,rate_builder_cost_allocation_blocked rate_builder_recovery_summary_blocked rate_builder_missing_rate_driver rate_builder_zero_rate_driver rate_builder_missing_components
19_MIRRA_RATE_BUILDER_v4.0_LOCKED.txt,19_MIRRA_RATE_BUILDER_v4.0_LOCKED.txt,887,cost-allocation,rate_builder_recovery_summary_blocked,snake_case,warning_id,warnings,rate_builder_missing_recovery_summary rate_builder_cost_allocation_blocked rate_builder_recovery_summary_blocked rate_builder_missing_rate_driver rate_builder_zero_rate_driver
17_MIRRA_COST_ALLOCATION_v4.0_LOCKED.txt,17_MIRRA_COST_ALLOCATION_v4.0_LOCKED.txt,1392,cost-allocation,ready_with_warnings,snake_case,warning_id,status_readiness_trust,ready ready_with_warnings review_required blocked
17_MIRRA_COST_ALLOCATION_v4.0_LOCKED.txt,17_MIRRA_COST_ALLOCATION_v4.0_LOCKED.txt,1404,cost-allocation,ready_with_warnings,snake_case,warning_id,warnings,"Required pools assigned or intentionally reviewed, no blocking issues. ready_with_warnings: Usable but warnings remain visible."
17_MIRRA_COST_ALLOCATION_v4.0_LOCKED.txt,17_MIRRA_COST_ALLOCATION_v4.0_LOCKED.txt,1442,cost-allocation,ready_with_warnings,snake_case,warning_id,status_readiness_trust,â†’ ready cost_allocation_status = ready_with_warnings or review_required â†’ warning
18_MIRRA_RECOVERY_SUMMARY_v4.0_LOCKED.txt,18_MIRRA_RECOVERY_SUMMARY_v4.0_LOCKED.txt,965,cost-allocation,recovery_summary_cost_allocation_blocked,snake_case,warning_id,status_readiness_trust,# 32. WARNING MEANINGS ## recovery_summary_cost_allocation_blocked Use when Cost Allocation is blocked or leaking.
18_MIRRA_RECOVERY_SUMMARY_v4.0_LOCKED.txt,18_MIRRA_RECOVERY_SUMMARY_v4.0_LOCKED.txt,946,cost-allocation,recovery_summary_missing_group_cost_stack,snake_case,warning_id,warnings,recovery_summary_cost_allocation_blocked recovery_summary_no_groups recovery_summary_missing_group_cost_stack recovery_summary_missing_upstream_recovery_driver recovery_summary_zero_recovery_driver
18_MIRRA_RECOVERY_SUMMARY_v4.0_LOCKED.txt,18_MIRRA_RECOVERY_SUMMARY_v4.0_LOCKED.txt,945,cost-allocation,recovery_summary_no_groups,snake_case,warning_id,warnings,recovery_summary_missing_cost_allocation recovery_summary_cost_allocation_blocked recovery_summary_no_groups recovery_summary_missing_group_cost_stack recovery_summary_missing_upstream_recovery_driver
17_MIRRA_COST_ALLOCATION_v4.0_LOCKED.txt,17_MIRRA_COST_ALLOCATION_v4.0_LOCKED.txt,1470,cost-allocation,review_action,snake_case,warning_id,warnings,"affected_variable, blocking, review_action }"
17_MIRRA_COST_ALLOCATION_v4.0_LOCKED.txt,17_MIRRA_COST_ALLOCATION_v4.0_LOCKED.txt,249,cost-allocation,review_required,snake_case,warning_id,status_readiness_trust,Status: review_required unless the user intentionally leaves it unassigned. ## State 2 â€” Default pool = 0
17_MIRRA_COST_ALLOCATION_v4.0_LOCKED.txt,17_MIRRA_COST_ALLOCATION_v4.0_LOCKED.txt,912,cost-allocation,review_required,snake_case,warning_id,downstream_consumption,- Remaining overhead stays visible. - Over-assigned overhead blocks trusted downstream output. - Under-allocated overhead is review_required. - Overheads should generally be fully distributed before trusted downstream recovery testing.
17_MIRRA_COST_ALLOCATION_v4.0_LOCKED.txt,17_MIRRA_COST_ALLOCATION_v4.0_LOCKED.txt,1296,cost-allocation,review_required,snake_case,warning_id,status_readiness_trust,under_allocated over_allocated review_required not_available
17_MIRRA_COST_ALLOCATION_v4.0_LOCKED.txt,17_MIRRA_COST_ALLOCATION_v4.0_LOCKED.txt,1377,cost-allocation,review_required,snake_case,warning_id,calculation,- show remaining overhead amount - status = review_required - downstream recovery tests must know overheads remain unallocated
17_MIRRA_COST_ALLOCATION_v4.0_LOCKED.txt,17_MIRRA_COST_ALLOCATION_v4.0_LOCKED.txt,1407,cost-allocation,review_required,snake_case,warning_id,status_readiness_trust,Usable but warnings remain visible. review_required: Allocations calculate but require user review.
17_MIRRA_COST_ALLOCATION_v4.0_LOCKED.txt,17_MIRRA_COST_ALLOCATION_v4.0_LOCKED.txt,1442,cost-allocation,review_required,snake_case,warning_id,status_readiness_trust,â†’ ready cost_allocation_status = ready_with_warnings or review_required â†’ warning
17_MIRRA_COST_ALLOCATION_v4.0_LOCKED.txt,17_MIRRA_COST_ALLOCATION_v4.0_LOCKED.txt,1465,cost-allocation,source_module,snake_case,warning_id,warnings,"{ warning_id, source_module, severity, message,"
17_MIRRA_COST_ALLOCATION_v4.0_LOCKED.txt,17_MIRRA_COST_ALLOCATION_v4.0_LOCKED.txt,1464,cost-allocation,warning_id,snake_case,warning_id,warnings,"{ warning_id, source_module, severity,"
06_MIRRA_COST_SUMMARY_v4.0_LOCKED.txt,06_MIRRA_COST_SUMMARY_v4.0_LOCKED.txt,673,cost-summary,affected_variable,snake_case,warning_id,warnings,"severity, message, affected_variable, blocking, review_action"
# QS Tools — Future Build Brief Micro Recovery Layer Rollout.txt,# QS Tools — Future Build Brief Micro Recovery Layer Rollout.txt,208,cost-summary,allocation_warning_state,snake_case,warning_id,status_readiness_trust,division_required_recovery_rate allocation_share_percent allocation_warning_state ```
14_MIRRA_BUSINESS_SUMMARY_v4.0_LOCKED.txt,14_MIRRA_BUSINESS_SUMMARY_v4.0_LOCKED.txt,1142,cost-summary,business_summary_zero_activity_driver,snake_case,warning_id,warnings,business_summary_missing_cost_summary business_summary_missing_activity_driver business_summary_zero_activity_driver business_summary_negative_net_position business_summary_negative_margin_pool
06_MIRRA_COST_SUMMARY_v4.0_LOCKED.txt,06_MIRRA_COST_SUMMARY_v4.0_LOCKED.txt,722,cost-summary,cost_summary_productive_output_zero,snake_case,warning_id,warnings,true unless overheads are explicitly confirmed as zero. ## cost_summary_productive_output_zero Use when total_productive_output is zero.
06_MIRRA_COST_SUMMARY_v4.0_LOCKED.txt,06_MIRRA_COST_SUMMARY_v4.0_LOCKED.txt,687,cost-summary,cost_summary_total_cost_zero,snake_case,warning_id,warnings,cost_summary_invalid_overhead_total cost_summary_productive_output_zero cost_summary_total_cost_zero cost_summary_upstream_blocked cost_summary_model_preview_only
06_MIRRA_COST_SUMMARY_v4.0_LOCKED.txt,06_MIRRA_COST_SUMMARY_v4.0_LOCKED.txt,734,cost-summary,cost_summary_total_cost_zero,snake_case,warning_id,warnings,Required recovery per productive hour cannot be calculated because productive output is zero. ## cost_summary_total_cost_zero Use when total_cost_burden is zero.
# QS Tools — Future Build Brief Micro Recovery Layer Rollout.txt,# QS Tools — Future Build Brief Micro Recovery Layer Rollout.txt,206,cost-summary,division_required_recovery_rate,snake_case,warning_id,status_readiness_trust,selected_recovery_quantity group_required_recovery_rate division_required_recovery_rate allocation_share_percent allocation_warning_state
# QS Tools — Future Build Brief Micro Recovery Layer Rollout.txt,# QS Tools — Future Build Brief Micro Recovery Layer Rollout.txt,205,cost-summary,group_required_recovery_rate,snake_case,warning_id,status_readiness_trust,selected_recovery_driver selected_recovery_quantity group_required_recovery_rate division_required_recovery_rate allocation_share_percent
06_MIRRA_COST_SUMMARY_v4.0_LOCKED.txt,06_MIRRA_COST_SUMMARY_v4.0_LOCKED.txt,381,cost-summary,minimum_recovery_required,snake_case,warning_id,status_readiness_trust,or: minimum_recovery_required = total_cost_burden
06_MIRRA_COST_SUMMARY_v4.0_LOCKED.txt,06_MIRRA_COST_SUMMARY_v4.0_LOCKED.txt,605,cost-summary,ready_with_warnings,snake_case,warning_id,status_readiness_trust,ready ready_with_warnings review_required blocked
06_MIRRA_COST_SUMMARY_v4.0_LOCKED.txt,06_MIRRA_COST_SUMMARY_v4.0_LOCKED.txt,651,cost-summary,ready_with_warnings,snake_case,warning_id,status_readiness_trust,→ ready cost_summary_status = ready_with_warnings or review_required → warning
31_Macro_Micro_Layer_v4.0_Locked.txt,31_Macro_Micro_Layer_v4.0_Locked.txt,576,cost-summary,recovery_gap,snake_case,warning_id,status_readiness_trust,required_recovery_rate actual_recovery_rate recovery_gap ```
03_MIRRA_VARIABLE_CONTRACT_BRIEF_v4.0_LOCKED.txt,03_MIRRA_VARIABLE_CONTRACT_BRIEF_v4.0_LOCKED.txt,2255,cost-summary,recovery_gap_per_driver,snake_case,warning_id,inputs,required_recovery_per_driver current_margin_per_driver recovery_gap_per_driver margin_pool total_cost_burden
14_MIRRA_BUSINESS_SUMMARY_v4.0_LOCKED.txt,14_MIRRA_BUSINESS_SUMMARY_v4.0_LOCKED.txt,1445,cost-summary,recovery_gap_per_driver,snake_case,warning_id,warnings,- required_recovery_per_driver - current_margin_per_driver - recovery_gap_per_driver - margin_pool - total_cost_burden
18_MIRRA_RECOVERY_SUMMARY_v4.0_LOCKED.txt,18_MIRRA_RECOVERY_SUMMARY_v4.0_LOCKED.txt,316,cost-summary,recovery_gap_per_driver,snake_case,warning_id,downstream_consumption,required_recovery_per_driver current_margin_per_driver recovery_gap_per_driver margin_pool total_cost_burden
06_MIRRA_COST_SUMMARY_v4.0_LOCKED.txt,06_MIRRA_COST_SUMMARY_v4.0_LOCKED.txt,1032,cost-summary,required_recovery_rate,snake_case,warning_id,warnings,- total_cost_burden - required_recovery_rate - total_productive_output - cost_summary_status
06_MIRRA_COST_SUMMARY_v4.0_LOCKED.txt,06_MIRRA_COST_SUMMARY_v4.0_LOCKED.txt,1140,cost-summary,required_recovery_rate,snake_case,warning_id,warnings,7. Confirm revenue is not included. 8. Confirm total_cost_burden formula. 9. Confirm required_recovery_rate formula. 10. Confirm zero productive output guardrail. 11. Add source composition output if missing.
06_MIRRA_COST_SUMMARY_v4.0_LOCKED.txt,06_MIRRA_COST_SUMMARY_v4.0_LOCKED.txt,675,cost-summary,review_action,snake_case,warning_id,warnings,"affected_variable, blocking, review_action }"
06_MIRRA_COST_SUMMARY_v4.0_LOCKED.txt,06_MIRRA_COST_SUMMARY_v4.0_LOCKED.txt,606,cost-summary,review_required,snake_case,warning_id,status_readiness_trust,ready ready_with_warnings review_required blocked preview_only
06_MIRRA_COST_SUMMARY_v4.0_LOCKED.txt,06_MIRRA_COST_SUMMARY_v4.0_LOCKED.txt,651,cost-summary,review_required,snake_case,warning_id,status_readiness_trust,→ ready cost_summary_status = ready_with_warnings or review_required → warning
06_MIRRA_COST_SUMMARY_v4.0_LOCKED.txt,06_MIRRA_COST_SUMMARY_v4.0_LOCKED.txt,740,cost-summary,review_required,snake_case,warning_id,warnings,Blocking: review_required unless confirmed. ## cost_summary_upstream_blocked
06_MIRRA_COST_SUMMARY_v4.0_LOCKED.txt,06_MIRRA_COST_SUMMARY_v4.0_LOCKED.txt,670,cost-summary,source_module,snake_case,warning_id,warnings,"{ warning_id, source_module, severity, message,"
03_MIRRA_VARIABLE_CONTRACT_BRIEF_v4.0_LOCKED.txt,03_MIRRA_VARIABLE_CONTRACT_BRIEF_v4.0_LOCKED.txt,2345,cost-summary,surplus_or_gap_per_unit,snake_case,warning_id,inputs,"total_cost_burden, required_cost_per_unit, surplus_or_gap_per_unit, annual_surplus_or_gap, test_status"
06_MIRRA_COST_SUMMARY_v4.0_LOCKED.txt,06_MIRRA_COST_SUMMARY_v4.0_LOCKED.txt,736,cost-summary,total_cost_burden,snake_case,warning_id,warnings,## cost_summary_total_cost_zero Use when total_cost_burden is zero. Blocking:
06_MIRRA_COST_SUMMARY_v4.0_LOCKED.txt,06_MIRRA_COST_SUMMARY_v4.0_LOCKED.txt,1031,cost-summary,total_cost_burden,snake_case,warning_id,warnings,Recovery Summary should receive: - total_cost_burden - required_recovery_rate - total_productive_output
06_MIRRA_COST_SUMMARY_v4.0_LOCKED.txt,06_MIRRA_COST_SUMMARY_v4.0_LOCKED.txt,1074,cost-summary,total_cost_burden,snake_case,warning_id,warnings,"Business Outcome must not directly recalculate Cost Summary. Business Outcome may display total_cost_burden, but it should not own it. ---"
06_MIRRA_COST_SUMMARY_v4.0_LOCKED.txt,06_MIRRA_COST_SUMMARY_v4.0_LOCKED.txt,724,cost-summary,total_productive_output,snake_case,warning_id,warnings,## cost_summary_productive_output_zero Use when total_productive_output is zero. Blocking:
06_MIRRA_COST_SUMMARY_v4.0_LOCKED.txt,06_MIRRA_COST_SUMMARY_v4.0_LOCKED.txt,669,cost-summary,warning_id,snake_case,warning_id,warnings,"{ warning_id, source_module, severity,"
28_MIRRA_DATABASE_STORAGE_EXPORT_LAYER_v4.0_LOCKED.txt,28_MIRRA_DATABASE_STORAGE_EXPORT_LAYER_v4.0_LOCKED.txt,360,database-storage-export,line_margin_gap,snake_case,warning_id,status_readiness_trust,"model_suggested_sell_rate, line_recovery_gap, line_margin_gap, line_status, warnings,"
28_MIRRA_DATABASE_STORAGE_EXPORT_LAYER_v4.0_LOCKED.txt,28_MIRRA_DATABASE_STORAGE_EXPORT_LAYER_v4.0_LOCKED.txt,482,database-storage-export,model_minimum_required_recovery,snake_case,warning_id,row_or_array_contract,"approved_model_version_id, quoted_revenue, model_minimum_required_recovery, model_target_revenue, actual_material_cost,"
28_MIRRA_DATABASE_STORAGE_EXPORT_LAYER_v4.0_LOCKED.txt,28_MIRRA_DATABASE_STORAGE_EXPORT_LAYER_v4.0_LOCKED.txt,336,database-storage-export,quote_minimum_required_recovery,snake_case,warning_id,status_readiness_trust,"target_set_id, quote_total_revenue, quote_minimum_required_recovery, quote_required_target_revenue, quote_recovery_gap,"
28_MIRRA_DATABASE_STORAGE_EXPORT_LAYER_v4.0_LOCKED.txt,28_MIRRA_DATABASE_STORAGE_EXPORT_LAYER_v4.0_LOCKED.txt,337,database-storage-export,quote_required_target_revenue,snake_case,warning_id,status_readiness_trust,"quote_total_revenue, quote_minimum_required_recovery, quote_required_target_revenue, quote_recovery_gap, quote_target_gap,"
28_MIRRA_DATABASE_STORAGE_EXPORT_LAYER_v4.0_LOCKED.txt,28_MIRRA_DATABASE_STORAGE_EXPORT_LAYER_v4.0_LOCKED.txt,940,database-storage-export,ready_with_warnings,snake_case,warning_id,status_readiness_trust,- ready - ready_with_warnings - blocked - preview_only
28_MIRRA_DATABASE_STORAGE_EXPORT_LAYER_v4.0_LOCKED.txt,28_MIRRA_DATABASE_STORAGE_EXPORT_LAYER_v4.0_LOCKED.txt,950,database-storage-export,ready_with_warnings,snake_case,warning_id,warnings,Storage/export layer is available and trusted. ready_with_warnings: Storage works but warnings exist.
28_MIRRA_DATABASE_STORAGE_EXPORT_LAYER_v4.0_LOCKED.txt,28_MIRRA_DATABASE_STORAGE_EXPORT_LAYER_v4.0_LOCKED.txt,525,database-storage-export,recommended_review_action,snake_case,warning_id,row_or_array_contract,"affected_module, affected_variable, recommended_review_action, evidence_summary, source_trace"
28_MIRRA_DATABASE_STORAGE_EXPORT_LAYER_v4.0_LOCKED.txt,28_MIRRA_DATABASE_STORAGE_EXPORT_LAYER_v4.0_LOCKED.txt,975,database-storage-export,storage_active_target_missing,snake_case,warning_id,warnings,storage_source_trace_missing storage_model_version_missing storage_active_target_missing storage_duplicate_active_model_version storage_quote_check_not_persisted
28_MIRRA_DATABASE_STORAGE_EXPORT_LAYER_v4.0_LOCKED.txt,28_MIRRA_DATABASE_STORAGE_EXPORT_LAYER_v4.0_LOCKED.txt,979,database-storage-export,storage_backup_missing,snake_case,warning_id,warnings,storage_quote_check_not_persisted storage_job_actual_not_persisted storage_backup_missing storage_restore_conflict storage_powerbi_export_not_ready
28_MIRRA_DATABASE_STORAGE_EXPORT_LAYER_v4.0_LOCKED.txt,28_MIRRA_DATABASE_STORAGE_EXPORT_LAYER_v4.0_LOCKED.txt,969,database-storage-export,storage_database_not_configured,snake_case,warning_id,warnings,storage_missing_database storage_database_not_configured storage_export_failed storage_migration_required
28_MIRRA_DATABASE_STORAGE_EXPORT_LAYER_v4.0_LOCKED.txt,28_MIRRA_DATABASE_STORAGE_EXPORT_LAYER_v4.0_LOCKED.txt,976,database-storage-export,storage_duplicate_active_model_version,snake_case,warning_id,warnings,storage_model_version_missing storage_active_target_missing storage_duplicate_active_model_version storage_quote_check_not_persisted storage_job_actual_not_persisted
28_MIRRA_DATABASE_STORAGE_EXPORT_LAYER_v4.0_LOCKED.txt,28_MIRRA_DATABASE_STORAGE_EXPORT_LAYER_v4.0_LOCKED.txt,970,database-storage-export,storage_export_failed,snake_case,warning_id,warnings,storage_missing_database storage_database_not_configured storage_export_failed storage_migration_required storage_migration_failed
28_MIRRA_DATABASE_STORAGE_EXPORT_LAYER_v4.0_LOCKED.txt,28_MIRRA_DATABASE_STORAGE_EXPORT_LAYER_v4.0_LOCKED.txt,978,database-storage-export,storage_job_actual_not_persisted,snake_case,warning_id,warnings,storage_duplicate_active_model_version storage_quote_check_not_persisted storage_job_actual_not_persisted storage_backup_missing storage_restore_conflict
28_MIRRA_DATABASE_STORAGE_EXPORT_LAYER_v4.0_LOCKED.txt,28_MIRRA_DATABASE_STORAGE_EXPORT_LAYER_v4.0_LOCKED.txt,972,database-storage-export,storage_migration_failed,snake_case,warning_id,warnings,storage_export_failed storage_migration_required storage_migration_failed storage_source_trace_missing storage_model_version_missing
28_MIRRA_DATABASE_STORAGE_EXPORT_LAYER_v4.0_LOCKED.txt,28_MIRRA_DATABASE_STORAGE_EXPORT_LAYER_v4.0_LOCKED.txt,971,database-storage-export,storage_migration_required,snake_case,warning_id,warnings,storage_database_not_configured storage_export_failed storage_migration_required storage_migration_failed storage_source_trace_missing
28_MIRRA_DATABASE_STORAGE_EXPORT_LAYER_v4.0_LOCKED.txt,28_MIRRA_DATABASE_STORAGE_EXPORT_LAYER_v4.0_LOCKED.txt,968,database-storage-export,storage_missing_database,snake_case,warning_id,warnings,Required warning IDs: storage_missing_database storage_database_not_configured storage_export_failed
28_MIRRA_DATABASE_STORAGE_EXPORT_LAYER_v4.0_LOCKED.txt,28_MIRRA_DATABASE_STORAGE_EXPORT_LAYER_v4.0_LOCKED.txt,974,database-storage-export,storage_model_version_missing,snake_case,warning_id,warnings,storage_migration_failed storage_source_trace_missing storage_model_version_missing storage_active_target_missing storage_duplicate_active_model_version
28_MIRRA_DATABASE_STORAGE_EXPORT_LAYER_v4.0_LOCKED.txt,28_MIRRA_DATABASE_STORAGE_EXPORT_LAYER_v4.0_LOCKED.txt,981,database-storage-export,storage_powerbi_export_not_ready,snake_case,warning_id,warnings,storage_backup_missing storage_restore_conflict storage_powerbi_export_not_ready storage_preview_only
28_MIRRA_DATABASE_STORAGE_EXPORT_LAYER_v4.0_LOCKED.txt,28_MIRRA_DATABASE_STORAGE_EXPORT_LAYER_v4.0_LOCKED.txt,982,database-storage-export,storage_preview_only,snake_case,warning_id,warnings,storage_restore_conflict storage_powerbi_export_not_ready storage_preview_only ---
28_MIRRA_DATABASE_STORAGE_EXPORT_LAYER_v4.0_LOCKED.txt,28_MIRRA_DATABASE_STORAGE_EXPORT_LAYER_v4.0_LOCKED.txt,977,database-storage-export,storage_quote_check_not_persisted,snake_case,warning_id,warnings,storage_active_target_missing storage_duplicate_active_model_version storage_quote_check_not_persisted storage_job_actual_not_persisted storage_backup_missing
28_MIRRA_DATABASE_STORAGE_EXPORT_LAYER_v4.0_LOCKED.txt,28_MIRRA_DATABASE_STORAGE_EXPORT_LAYER_v4.0_LOCKED.txt,980,database-storage-export,storage_restore_conflict,snake_case,warning_id,warnings,storage_job_actual_not_persisted storage_backup_missing storage_restore_conflict storage_powerbi_export_not_ready storage_preview_only
28_MIRRA_DATABASE_STORAGE_EXPORT_LAYER_v4.0_LOCKED.txt,28_MIRRA_DATABASE_STORAGE_EXPORT_LAYER_v4.0_LOCKED.txt,973,database-storage-export,storage_source_trace_missing,snake_case,warning_id,warnings,storage_migration_required storage_migration_failed storage_source_trace_missing storage_model_version_missing storage_active_target_missing
28_MIRRA_DATABASE_STORAGE_EXPORT_LAYER_v4.0_LOCKED.txt,28_MIRRA_DATABASE_STORAGE_EXPORT_LAYER_v4.0_LOCKED.txt,907,database-storage-export,storage_warning_count,snake_case,warning_id,warnings,"storage_status, storage_warnings, storage_warning_count, storage_trust_state,"
28_MIRRA_DATABASE_STORAGE_EXPORT_LAYER_v4.0_LOCKED.txt,28_MIRRA_DATABASE_STORAGE_EXPORT_LAYER_v4.0_LOCKED.txt,906,database-storage-export,storage_warnings,snake_case,warning_id,warnings,"storage_ready, storage_status, storage_warnings, storage_warning_count, storage_trust_state,"
28_MIRRA_DATABASE_STORAGE_EXPORT_LAYER_v4.0_LOCKED.txt,28_MIRRA_DATABASE_STORAGE_EXPORT_LAYER_v4.0_LOCKED.txt,538,database-storage-export,suggested_review_value,snake_case,warning_id,row_or_array_contract,"affected_variable, current_model_value, suggested_review_value, evidence_count, jobs_affected_count,"
05_MIRRA_GENERAL_OVERHEADS_v4.0_LOCKED.txt,05_MIRRA_GENERAL_OVERHEADS_v4.0_LOCKED.txt,635,general-overheads,affected_variable,snake_case,warning_id,warnings,"severity, message, affected_variable, blocking, review_action"
05_MIRRA_GENERAL_OVERHEADS_v4.0_LOCKED.txt,05_MIRRA_GENERAL_OVERHEADS_v4.0_LOCKED.txt,644,general-overheads,general_overhead_invalid_amount,snake_case,warning_id,warnings,no_general_overheads_data general_overheads_total_zero general_overhead_invalid_amount general_overhead_review_required general_overheads_source_missing
05_MIRRA_GENERAL_OVERHEADS_v4.0_LOCKED.txt,05_MIRRA_GENERAL_OVERHEADS_v4.0_LOCKED.txt,676,general-overheads,general_overhead_invalid_amount,snake_case,warning_id,warnings,"false if intentionally zero, true if source missing. ## general_overhead_invalid_amount Use when an active overhead line has non-numeric or invalid amount."
05_MIRRA_GENERAL_OVERHEADS_v4.0_LOCKED.txt,05_MIRRA_GENERAL_OVERHEADS_v4.0_LOCKED.txt,684,general-overheads,general_overhead_review_required,snake_case,warning_id,status_readiness_trust,true. ## general_overhead_review_required Use when a material overhead line needs review.
05_MIRRA_GENERAL_OVERHEADS_v4.0_LOCKED.txt,05_MIRRA_GENERAL_OVERHEADS_v4.0_LOCKED.txt,643,general-overheads,general_overheads_total_zero,snake_case,warning_id,warnings,no_general_overheads_data general_overheads_total_zero general_overhead_invalid_amount general_overhead_review_required
05_MIRRA_GENERAL_OVERHEADS_v4.0_LOCKED.txt,05_MIRRA_GENERAL_OVERHEADS_v4.0_LOCKED.txt,668,general-overheads,general_overheads_total_zero,snake_case,warning_id,warnings,true unless the user explicitly confirms zero overheads. ## general_overheads_total_zero Use when overhead total is zero.
03_MIRRA_VARIABLE_CONTRACT_BRIEF_v4.0_LOCKED.txt,03_MIRRA_VARIABLE_CONTRACT_BRIEF_v4.0_LOCKED.txt,1377,general-overheads,general_overheads_warning_count,snake_case,warning_id,status_readiness_trust,general_overheads_status general_overheads_warnings general_overheads_warning_count general_overheads_model_trust_state
05_MIRRA_GENERAL_OVERHEADS_v4.0_LOCKED.txt,05_MIRRA_GENERAL_OVERHEADS_v4.0_LOCKED.txt,374,general-overheads,general_overheads_warning_count,snake_case,warning_id,inputs,general_overheads_status general_overheads_warnings general_overheads_warning_count general_overheads_model_trust_state
05_MIRRA_GENERAL_OVERHEADS_v4.0_LOCKED.txt,05_MIRRA_GENERAL_OVERHEADS_v4.0_LOCKED.txt,807,general-overheads,general_overheads_warning_count,snake_case,warning_id,warnings,"general_overheads_status, general_overheads_warnings, general_overheads_warning_count, general_overheads_model_trust_state, general_overheads_reconciliation_checks"
03_MIRRA_VARIABLE_CONTRACT_BRIEF_v4.0_LOCKED.txt,03_MIRRA_VARIABLE_CONTRACT_BRIEF_v4.0_LOCKED.txt,1376,general-overheads,general_overheads_warnings,snake_case,warning_id,status_readiness_trust,general_overheads_ready general_overheads_status general_overheads_warnings general_overheads_warning_count general_overheads_model_trust_state
05_MIRRA_GENERAL_OVERHEADS_v4.0_LOCKED.txt,05_MIRRA_GENERAL_OVERHEADS_v4.0_LOCKED.txt,373,general-overheads,general_overheads_warnings,snake_case,warning_id,inputs,general_overheads_ready general_overheads_status general_overheads_warnings general_overheads_warning_count general_overheads_model_trust_state
05_MIRRA_GENERAL_OVERHEADS_v4.0_LOCKED.txt,05_MIRRA_GENERAL_OVERHEADS_v4.0_LOCKED.txt,806,general-overheads,general_overheads_warnings,snake_case,warning_id,warnings,"general_overheads_ready, general_overheads_status, general_overheads_warnings, general_overheads_warning_count, general_overheads_model_trust_state,"
06_MIRRA_COST_SUMMARY_v4.0_LOCKED.txt,06_MIRRA_COST_SUMMARY_v4.0_LOCKED.txt,280,general-overheads,general_overheads_warnings,snake_case,warning_id,downstream_consumption,general_overheads_status general_overheads_model_trust_state general_overheads_warnings From Model Readiness:
10_MIRRA_MODULE_RECONCILIATION_v4.0_LOCKED.txt,10_MIRRA_MODULE_RECONCILIATION_v4.0_LOCKED.txt,302,general-overheads,general_overheads_warnings,snake_case,warning_id,inputs,general_overheads_status general_overheads_model_trust_state general_overheads_warnings General Overheads module value should be compared against:
17_MIRRA_COST_ALLOCATION_v4.0_LOCKED.txt,17_MIRRA_COST_ALLOCATION_v4.0_LOCKED.txt,855,general-overheads,general_overheads_warnings,snake_case,warning_id,downstream_consumption,general_overheads_status general_overheads_model_trust_state general_overheads_warnings Preferred overhead pool:
31_Macro_Micro_Layer_v4.0_Locked.txt,31_Macro_Micro_Layer_v4.0_Locked.txt,164,general-overheads,macro_required_operating_hour_rate,snake_case,warning_id,status_readiness_trust,total_business_overheads total_cost_burden macro_required_operating_hour_rate ```
05_MIRRA_GENERAL_OVERHEADS_v4.0_LOCKED.txt,05_MIRRA_GENERAL_OVERHEADS_v4.0_LOCKED.txt,654,general-overheads,manual_overhead_source_preview_only,snake_case,warning_id,warnings,overhead_category_unmapped general_overheads_variance_to_pnl manual_overhead_source_preview_only ---
11_MIRRA_MODEL_READINESS_v4.0_LOCKED.txt,11_MIRRA_MODEL_READINESS_v4.0_LOCKED.txt,598,general-overheads,model_general_overheads_blocked,snake_case,warning_id,status_readiness_trust,true. ## model_general_overheads_blocked Use when General Overheads status is blocked.
11_MIRRA_MODEL_READINESS_v4.0_LOCKED.txt,11_MIRRA_MODEL_READINESS_v4.0_LOCKED.txt,534,general-overheads,model_source_period_mismatch,snake_case,warning_id,warnings,model_general_overheads_blocked model_reconciliation_blocked model_source_period_mismatch model_preview_only model_ready_with_warnings
05_MIRRA_GENERAL_OVERHEADS_v4.0_LOCKED.txt,05_MIRRA_GENERAL_OVERHEADS_v4.0_LOCKED.txt,642,general-overheads,no_general_overheads_data,snake_case,warning_id,warnings,Required warning IDs: no_general_overheads_data general_overheads_total_zero general_overhead_invalid_amount
05_MIRRA_GENERAL_OVERHEADS_v4.0_LOCKED.txt,05_MIRRA_GENERAL_OVERHEADS_v4.0_LOCKED.txt,660,general-overheads,no_general_overheads_data,snake_case,warning_id,warnings,# 25. WARNING MEANINGS ## no_general_overheads_data Use when there are no overhead categories or valid overhead source records.
05_MIRRA_GENERAL_OVERHEADS_v4.0_LOCKED.txt,05_MIRRA_GENERAL_OVERHEADS_v4.0_LOCKED.txt,568,general-overheads,ready_with_warnings,snake_case,warning_id,status_readiness_trust,ready ready_with_warnings review_required blocked
05_MIRRA_GENERAL_OVERHEADS_v4.0_LOCKED.txt,05_MIRRA_GENERAL_OVERHEADS_v4.0_LOCKED.txt,578,general-overheads,ready_with_warnings,snake_case,warning_id,warnings,"Overhead source pool is complete and trusted. ready_with_warnings: Overhead source pool can be used, but non-blocking warnings remain."
05_MIRRA_GENERAL_OVERHEADS_v4.0_LOCKED.txt,05_MIRRA_GENERAL_OVERHEADS_v4.0_LOCKED.txt,610,general-overheads,ready_with_warnings,snake_case,warning_id,status_readiness_trust,→ ready general_overheads_status = ready_with_warnings or review_required → warning
06_MIRRA_COST_SUMMARY_v4.0_LOCKED.txt,06_MIRRA_COST_SUMMARY_v4.0_LOCKED.txt,977,general-overheads,required_recovery_rate,snake_case,warning_id,warnings,- total_business_overheads - total_cost_burden - required_recovery_rate - total_productive_output - cost_summary_status
05_MIRRA_GENERAL_OVERHEADS_v4.0_LOCKED.txt,05_MIRRA_GENERAL_OVERHEADS_v4.0_LOCKED.txt,637,general-overheads,review_action,snake_case,warning_id,warnings,"affected_variable, blocking, review_action }"
04_MIRRA_P_AND_L_PAGE_v4.0_LOCKED.txt,04_MIRRA_P_AND_L_PAGE_v4.0_LOCKED.txt,426,general-overheads,review_required,snake_case,warning_id,inputs,"They may need review before being included in operating cost burden. If Other Expenses are outside normal operations, they should remain visible as review_required or excluded from operating model with explanation. Do not silently include unusual expenses in General Overheads without classification."
05_MIRRA_GENERAL_OVERHEADS_v4.0_LOCKED.txt,05_MIRRA_GENERAL_OVERHEADS_v4.0_LOCKED.txt,245,general-overheads,review_required,snake_case,warning_id,status_readiness_trust,"- cash transfers If uncertain, classify as review_required. Do not silently include unclear items in overheads."
05_MIRRA_GENERAL_OVERHEADS_v4.0_LOCKED.txt,05_MIRRA_GENERAL_OVERHEADS_v4.0_LOCKED.txt,339,general-overheads,review_required,snake_case,warning_id,inputs,"is_active, is_user_created, review_required, notes }"
05_MIRRA_GENERAL_OVERHEADS_v4.0_LOCKED.txt,05_MIRRA_GENERAL_OVERHEADS_v4.0_LOCKED.txt,529,general-overheads,review_required,snake_case,warning_id,ownership,Any overhead line that cannot be confidently classified should be assigned: review_required = true The module should show it clearly.
05_MIRRA_GENERAL_OVERHEADS_v4.0_LOCKED.txt,05_MIRRA_GENERAL_OVERHEADS_v4.0_LOCKED.txt,535,general-overheads,review_required,snake_case,warning_id,ownership,"Review required items should not disappear. If the item is material and unresolved, General Overheads status should become review_required or blocked depending severity. ---"
05_MIRRA_GENERAL_OVERHEADS_v4.0_LOCKED.txt,05_MIRRA_GENERAL_OVERHEADS_v4.0_LOCKED.txt,569,general-overheads,review_required,snake_case,warning_id,status_readiness_trust,ready ready_with_warnings review_required blocked not_ready
05_MIRRA_GENERAL_OVERHEADS_v4.0_LOCKED.txt,05_MIRRA_GENERAL_OVERHEADS_v4.0_LOCKED.txt,581,general-overheads,review_required,snake_case,warning_id,status_readiness_trust,"Overhead source pool can be used, but non-blocking warnings remain. review_required: Some categories or exclusions require review before relying downstream."
05_MIRRA_GENERAL_OVERHEADS_v4.0_LOCKED.txt,05_MIRRA_GENERAL_OVERHEADS_v4.0_LOCKED.txt,610,general-overheads,review_required,snake_case,warning_id,status_readiness_trust,→ ready general_overheads_status = ready_with_warnings or review_required → warning
05_MIRRA_GENERAL_OVERHEADS_v4.0_LOCKED.txt,05_MIRRA_GENERAL_OVERHEADS_v4.0_LOCKED.txt,722,general-overheads,review_required,snake_case,warning_id,status_readiness_trust,Blocking: review_required. ---
05_MIRRA_GENERAL_OVERHEADS_v4.0_LOCKED.txt,05_MIRRA_GENERAL_OVERHEADS_v4.0_LOCKED.txt,632,general-overheads,source_module,snake_case,warning_id,warnings,"{ warning_id, source_module, severity, message,"
03_MIRRA_VARIABLE_CONTRACT_BRIEF_v4.0_LOCKED.txt,03_MIRRA_VARIABLE_CONTRACT_BRIEF_v4.0_LOCKED.txt,1463,general-overheads,total_business_cost_variance_amount,snake_case,warning_id,ownership,general_overheads_variance_amount general_overheads_variance_percent total_business_cost_variance_amount total_business_cost_variance_percent
03_MIRRA_VARIABLE_CONTRACT_BRIEF_v4.0_LOCKED.txt,03_MIRRA_VARIABLE_CONTRACT_BRIEF_v4.0_LOCKED.txt,1464,general-overheads,total_business_cost_variance_percent,snake_case,warning_id,ownership,general_overheads_variance_percent total_business_cost_variance_amount total_business_cost_variance_percent ## 15.6 Other income variable
05_MIRRA_GENERAL_OVERHEADS_v4.0_LOCKED.txt,05_MIRRA_GENERAL_OVERHEADS_v4.0_LOCKED.txt,782,general-overheads,variance_review,snake_case,warning_id,status_readiness_trust,- balanced if variance = 0.00 - rounding_only if absolute variance <= 1.00 - variance_review if above tolerance but non-blocking - leak_detected if variance may create hidden unreconciled overhead burden - blocked if source is invalid or over-exclusion exists
05_MIRRA_GENERAL_OVERHEADS_v4.0_LOCKED.txt,05_MIRRA_GENERAL_OVERHEADS_v4.0_LOCKED.txt,631,general-overheads,warning_id,snake_case,warning_id,warnings,"{ warning_id, source_module, severity,"
29_MIRRA_INTEGRATIONS_API_LAYER_v4.0_LOCKED.txt,29_MIRRA_INTEGRATIONS_API_LAYER_v4.0_LOCKED.txt,492,integrations,confirmed_duplicate,snake_case,warning_id,status_readiness_trust,- suspected_duplicate - confirmed_duplicate - not_duplicate - ignored
29_MIRRA_INTEGRATIONS_API_LAYER_v4.0_LOCKED.txt,29_MIRRA_INTEGRATIONS_API_LAYER_v4.0_LOCKED.txt,873,integrations,integration_api_error,snake_case,warning_id,warnings,integration_missing_source_trace integration_mock_data_preview_only integration_api_error integration_upstream_source_unavailable
29_MIRRA_INTEGRATIONS_API_LAYER_v4.0_LOCKED.txt,29_MIRRA_INTEGRATIONS_API_LAYER_v4.0_LOCKED.txt,861,integrations,integration_auth_expired,snake_case,warning_id,warnings,integration_missing_connector integration_auth_expired integration_sync_failed integration_partial_sync
29_MIRRA_INTEGRATIONS_API_LAYER_v4.0_LOCKED.txt,29_MIRRA_INTEGRATIONS_API_LAYER_v4.0_LOCKED.txt,865,integrations,integration_duplicate_records_detected,snake_case,warning_id,warnings,integration_partial_sync integration_stale_data integration_duplicate_records_detected integration_unmapped_supplier integration_unmapped_account
29_MIRRA_INTEGRATIONS_API_LAYER_v4.0_LOCKED.txt,29_MIRRA_INTEGRATIONS_API_LAYER_v4.0_LOCKED.txt,860,integrations,integration_missing_connector,snake_case,warning_id,warnings,Required warning IDs: integration_missing_connector integration_auth_expired integration_sync_failed
29_MIRRA_INTEGRATIONS_API_LAYER_v4.0_LOCKED.txt,29_MIRRA_INTEGRATIONS_API_LAYER_v4.0_LOCKED.txt,863,integrations,integration_partial_sync,snake_case,warning_id,warnings,integration_auth_expired integration_sync_failed integration_partial_sync integration_stale_data integration_duplicate_records_detected
29_MIRRA_INTEGRATIONS_API_LAYER_v4.0_LOCKED.txt,29_MIRRA_INTEGRATIONS_API_LAYER_v4.0_LOCKED.txt,864,integrations,integration_stale_data,snake_case,warning_id,warnings,integration_sync_failed integration_partial_sync integration_stale_data integration_duplicate_records_detected integration_unmapped_supplier
29_MIRRA_INTEGRATIONS_API_LAYER_v4.0_LOCKED.txt,29_MIRRA_INTEGRATIONS_API_LAYER_v4.0_LOCKED.txt,862,integrations,integration_sync_failed,snake_case,warning_id,warnings,integration_missing_connector integration_auth_expired integration_sync_failed integration_partial_sync integration_stale_data
29_MIRRA_INTEGRATIONS_API_LAYER_v4.0_LOCKED.txt,29_MIRRA_INTEGRATIONS_API_LAYER_v4.0_LOCKED.txt,867,integrations,integration_unmapped_account,snake_case,warning_id,warnings,integration_duplicate_records_detected integration_unmapped_supplier integration_unmapped_account integration_low_confidence_supplier_match integration_credit_note_detected
29_MIRRA_INTEGRATIONS_API_LAYER_v4.0_LOCKED.txt,29_MIRRA_INTEGRATIONS_API_LAYER_v4.0_LOCKED.txt,866,integrations,integration_unmapped_supplier,snake_case,warning_id,warnings,integration_stale_data integration_duplicate_records_detected integration_unmapped_supplier integration_unmapped_account integration_low_confidence_supplier_match
29_MIRRA_INTEGRATIONS_API_LAYER_v4.0_LOCKED.txt,29_MIRRA_INTEGRATIONS_API_LAYER_v4.0_LOCKED.txt,874,integrations,integration_upstream_source_unavailable,snake_case,warning_id,warnings,integration_mock_data_preview_only integration_api_error integration_upstream_source_unavailable ---
29_MIRRA_INTEGRATIONS_API_LAYER_v4.0_LOCKED.txt,29_MIRRA_INTEGRATIONS_API_LAYER_v4.0_LOCKED.txt,886,integrations,integration_warning_count,snake_case,warning_id,warnings,"integration_status, integration_warnings, integration_warning_count, integration_trust_state,"
29_MIRRA_INTEGRATIONS_API_LAYER_v4.0_LOCKED.txt,29_MIRRA_INTEGRATIONS_API_LAYER_v4.0_LOCKED.txt,885,integrations,integration_warnings,snake_case,warning_id,warnings,"integration_ready, integration_status, integration_warnings, integration_warning_count, integration_trust_state,"
29_MIRRA_INTEGRATIONS_API_LAYER_v4.0_LOCKED.txt,29_MIRRA_INTEGRATIONS_API_LAYER_v4.0_LOCKED.txt,495,integrations,needs_review,snake_case,warning_id,status_readiness_trust,- not_duplicate - ignored - needs_review Do not import duplicate rows silently.
29_MIRRA_INTEGRATIONS_API_LAYER_v4.0_LOCKED.txt,29_MIRRA_INTEGRATIONS_API_LAYER_v4.0_LOCKED.txt,718,integrations,needs_review,snake_case,warning_id,status_readiness_trust,- failed - cancelled - needs_review sync_run_rows[]
29_MIRRA_INTEGRATIONS_API_LAYER_v4.0_LOCKED.txt,29_MIRRA_INTEGRATIONS_API_LAYER_v4.0_LOCKED.txt,493,integrations,not_duplicate,snake_case,warning_id,status_readiness_trust,- suspected_duplicate - confirmed_duplicate - not_duplicate - ignored - needs_review
29_MIRRA_INTEGRATIONS_API_LAYER_v4.0_LOCKED.txt,29_MIRRA_INTEGRATIONS_API_LAYER_v4.0_LOCKED.txt,824,integrations,ready_with_warnings,snake_case,warning_id,status_readiness_trust,- ready - ready_with_warnings - review_required - blocked
29_MIRRA_INTEGRATIONS_API_LAYER_v4.0_LOCKED.txt,29_MIRRA_INTEGRATIONS_API_LAYER_v4.0_LOCKED.txt,836,integrations,ready_with_warnings,snake_case,warning_id,warnings,Imports available and trusted. ready_with_warnings: Imports available but warnings exist.
29_MIRRA_INTEGRATIONS_API_LAYER_v4.0_LOCKED.txt,29_MIRRA_INTEGRATIONS_API_LAYER_v4.0_LOCKED.txt,533,integrations,review_required,snake_case,warning_id,status_readiness_trust,If not reconcilable: status = review_required Do not hide mismatch.
29_MIRRA_INTEGRATIONS_API_LAYER_v4.0_LOCKED.txt,29_MIRRA_INTEGRATIONS_API_LAYER_v4.0_LOCKED.txt,825,integrations,review_required,snake_case,warning_id,status_readiness_trust,- ready - ready_with_warnings - review_required - blocked - preview_only
29_MIRRA_INTEGRATIONS_API_LAYER_v4.0_LOCKED.txt,29_MIRRA_INTEGRATIONS_API_LAYER_v4.0_LOCKED.txt,839,integrations,review_required,snake_case,warning_id,status_readiness_trust,Imports available but warnings exist. review_required: Mappings or duplicates require review.
29_MIRRA_INTEGRATIONS_API_LAYER_v4.0_LOCKED.txt,29_MIRRA_INTEGRATIONS_API_LAYER_v4.0_LOCKED.txt,491,integrations,suspected_duplicate,snake_case,warning_id,status_readiness_trust,Allowed duplicate_status values: - suspected_duplicate - confirmed_duplicate - not_duplicate
29_MIRRA_INTEGRATIONS_API_LAYER_v4.0_LOCKED.txt,29_MIRRA_INTEGRATIONS_API_LAYER_v4.0_LOCKED.txt,382,integrations,user_reviewed,snake_case,warning_id,row_or_array_contract,"match_method, confidence, user_reviewed, source_trace }"
29_MIRRA_INTEGRATIONS_API_LAYER_v4.0_LOCKED.txt,29_MIRRA_INTEGRATIONS_API_LAYER_v4.0_LOCKED.txt,419,integrations,user_reviewed,snake_case,warning_id,row_or_array_contract,"mirra_default_module, mirra_default_category, user_reviewed, source_trace }"
23_MIRRA_JOB_COSTING_PROFITABILITY_v4.0_LOCKED.txt,23_MIRRA_JOB_COSTING_PROFITABILITY_v4.0_LOCKED.txt,890,job-costing,job_costing_actual_exceeds_quote,snake_case,warning_id,warnings,job_costing_margin_shortfall job_costing_job_loss job_costing_actual_exceeds_quote job_costing_rate_feedback_required job_costing_supplier_pressure
23_MIRRA_JOB_COSTING_PROFITABILITY_v4.0_LOCKED.txt,23_MIRRA_JOB_COSTING_PROFITABILITY_v4.0_LOCKED.txt,889,job-costing,job_costing_job_loss,snake_case,warning_id,warnings,job_costing_under_recovered job_costing_margin_shortfall job_costing_job_loss job_costing_actual_exceeds_quote job_costing_rate_feedback_required
23_MIRRA_JOB_COSTING_PROFITABILITY_v4.0_LOCKED.txt,23_MIRRA_JOB_COSTING_PROFITABILITY_v4.0_LOCKED.txt,888,job-costing,job_costing_margin_shortfall,snake_case,warning_id,warnings,job_costing_zero_revenue job_costing_under_recovered job_costing_margin_shortfall job_costing_job_loss job_costing_actual_exceeds_quote
23_MIRRA_JOB_COSTING_PROFITABILITY_v4.0_LOCKED.txt,23_MIRRA_JOB_COSTING_PROFITABILITY_v4.0_LOCKED.txt,893,job-costing,job_costing_preview_only,snake_case,warning_id,warnings,job_costing_rate_feedback_required job_costing_supplier_pressure job_costing_preview_only job_costing_upstream_blocked
23_MIRRA_JOB_COSTING_PROFITABILITY_v4.0_LOCKED.txt,23_MIRRA_JOB_COSTING_PROFITABILITY_v4.0_LOCKED.txt,891,job-costing,job_costing_rate_feedback_required,snake_case,warning_id,warnings,job_costing_job_loss job_costing_actual_exceeds_quote job_costing_rate_feedback_required job_costing_supplier_pressure job_costing_preview_only
23_MIRRA_JOB_COSTING_PROFITABILITY_v4.0_LOCKED.txt,23_MIRRA_JOB_COSTING_PROFITABILITY_v4.0_LOCKED.txt,892,job-costing,job_costing_supplier_pressure,snake_case,warning_id,warnings,job_costing_actual_exceeds_quote job_costing_rate_feedback_required job_costing_supplier_pressure job_costing_preview_only job_costing_upstream_blocked
23_MIRRA_JOB_COSTING_PROFITABILITY_v4.0_LOCKED.txt,23_MIRRA_JOB_COSTING_PROFITABILITY_v4.0_LOCKED.txt,887,job-costing,job_costing_under_recovered,snake_case,warning_id,warnings,job_costing_unmapped_subcontractor job_costing_zero_revenue job_costing_under_recovered job_costing_margin_shortfall job_costing_job_loss
23_MIRRA_JOB_COSTING_PROFITABILITY_v4.0_LOCKED.txt,23_MIRRA_JOB_COSTING_PROFITABILITY_v4.0_LOCKED.txt,894,job-costing,job_costing_upstream_blocked,snake_case,warning_id,warnings,job_costing_supplier_pressure job_costing_preview_only job_costing_upstream_blocked ---
23_MIRRA_JOB_COSTING_PROFITABILITY_v4.0_LOCKED.txt,23_MIRRA_JOB_COSTING_PROFITABILITY_v4.0_LOCKED.txt,590,job-costing,margin_shortfall,snake_case,warning_id,status_readiness_trust,- passed_minimum_only - under_recovered - margin_shortfall - review_required - blocked
23_MIRRA_JOB_COSTING_PROFITABILITY_v4.0_LOCKED.txt,23_MIRRA_JOB_COSTING_PROFITABILITY_v4.0_LOCKED.txt,606,job-costing,margin_shortfall,snake_case,warning_id,status_readiness_trust,Actual job result fails minimum recovery. margin_shortfall: Actual job recovers cost but misses target margin.
23_MIRRA_JOB_COSTING_PROFITABILITY_v4.0_LOCKED.txt,23_MIRRA_JOB_COSTING_PROFITABILITY_v4.0_LOCKED.txt,330,job-costing,model_minimum_required_recovery,snake_case,warning_id,inputs,"customer_name, quoted_revenue, model_minimum_required_recovery, model_target_revenue, actual_material_cost,"
23_MIRRA_JOB_COSTING_PROFITABILITY_v4.0_LOCKED.txt,23_MIRRA_JOB_COSTING_PROFITABILITY_v4.0_LOCKED.txt,516,job-costing,model_required_overhead_recovery,snake_case,warning_id,inputs,"rate_id, quoted_overhead_recovery, model_required_overhead_recovery, actual_overhead_recovered, overhead_recovery_gap,"
23_MIRRA_JOB_COSTING_PROFITABILITY_v4.0_LOCKED.txt,23_MIRRA_JOB_COSTING_PROFITABILITY_v4.0_LOCKED.txt,518,job-costing,overhead_recovery_gap,snake_case,warning_id,inputs,"model_required_overhead_recovery, actual_overhead_recovered, overhead_recovery_gap, overhead_recovery_status, source_trace"
23_MIRRA_JOB_COSTING_PROFITABILITY_v4.0_LOCKED.txt,23_MIRRA_JOB_COSTING_PROFITABILITY_v4.0_LOCKED.txt,170,job-costing,quote_minimum_required_recovery,snake_case,warning_id,downstream_consumption,- quote_line_results - quote_total_revenue - quote_minimum_required_recovery - quote_required_target_revenue - quote_recovery_gap
23_MIRRA_JOB_COSTING_PROFITABILITY_v4.0_LOCKED.txt,23_MIRRA_JOB_COSTING_PROFITABILITY_v4.0_LOCKED.txt,172,job-costing,quote_recovery_gap,snake_case,warning_id,downstream_consumption,- quote_minimum_required_recovery - quote_required_target_revenue - quote_recovery_gap - quote_target_gap - under_recovering_lines
23_MIRRA_JOB_COSTING_PROFITABILITY_v4.0_LOCKED.txt,23_MIRRA_JOB_COSTING_PROFITABILITY_v4.0_LOCKED.txt,171,job-costing,quote_required_target_revenue,snake_case,warning_id,downstream_consumption,- quote_total_revenue - quote_minimum_required_recovery - quote_required_target_revenue - quote_recovery_gap - quote_target_gap
23_MIRRA_JOB_COSTING_PROFITABILITY_v4.0_LOCKED.txt,23_MIRRA_JOB_COSTING_PROFITABILITY_v4.0_LOCKED.txt,173,job-costing,quote_target_gap,snake_case,warning_id,downstream_consumption,- quote_required_target_revenue - quote_recovery_gap - quote_target_gap - under_recovering_lines - margin_shortfall_lines
23_MIRRA_JOB_COSTING_PROFITABILITY_v4.0_LOCKED.txt,23_MIRRA_JOB_COSTING_PROFITABILITY_v4.0_LOCKED.txt,558,job-costing,review_required,snake_case,warning_id,inputs,margin percentages = 0 status = review_required or blocked ---
23_MIRRA_JOB_COSTING_PROFITABILITY_v4.0_LOCKED.txt,23_MIRRA_JOB_COSTING_PROFITABILITY_v4.0_LOCKED.txt,591,job-costing,review_required,snake_case,warning_id,status_readiness_trust,- under_recovered - margin_shortfall - review_required - blocked - not_available
23_MIRRA_JOB_COSTING_PROFITABILITY_v4.0_LOCKED.txt,23_MIRRA_JOB_COSTING_PROFITABILITY_v4.0_LOCKED.txt,609,job-costing,review_required,snake_case,warning_id,status_readiness_trust,Actual job recovers cost but misses target margin. review_required: Data exists but mapping or quantity review is required.
23_MIRRA_JOB_COSTING_PROFITABILITY_v4.0_LOCKED.txt,23_MIRRA_JOB_COSTING_PROFITABILITY_v4.0_LOCKED.txt,629,job-costing,review_required,snake_case,warning_id,status_readiness_trust,- under_recovered - loss - review_required - blocked - preview_only
23_MIRRA_JOB_COSTING_PROFITABILITY_v4.0_LOCKED.txt,23_MIRRA_JOB_COSTING_PROFITABILITY_v4.0_LOCKED.txt,651,job-costing,review_required,snake_case,warning_id,status_readiness_trust,Actual job net margin is negative. review_required: Actuals need review.
07_MIRRA_LABOUR_MODULE_v4.0_LOCKED.txt,07_MIRRA_LABOUR_MODULE_v4.0_LOCKED.txt,740,labour,affected_variable,snake_case,warning_id,warnings,"severity, message, affected_variable, blocking, review_action"
07_MIRRA_LABOUR_MODULE_v4.0_LOCKED.txt,07_MIRRA_LABOUR_MODULE_v4.0_LOCKED.txt,774,labour,annual_labour_cost,snake_case,warning_id,warnings,## labour_invalid_staff_cost Use when annual_labour_cost is invalid. Blocking:
05_MIRRA_GENERAL_OVERHEADS_v4.0_LOCKED.txt,05_MIRRA_GENERAL_OVERHEADS_v4.0_LOCKED.txt,648,labour,asset_finance_exclusion_review,snake_case,warning_id,warnings,general_overheads_source_missing asset_finance_exclusion_exceeds_benchmark asset_finance_exclusion_review possible_duplicate_asset_cost possible_duplicate_labour_cost
03_MIRRA_VARIABLE_CONTRACT_BRIEF_v4.0_LOCKED.txt,03_MIRRA_VARIABLE_CONTRACT_BRIEF_v4.0_LOCKED.txt,1459,labour,asset_finance_variance_amount,snake_case,warning_id,ownership,labour_variance_amount labour_variance_percent asset_finance_variance_amount asset_finance_variance_percent general_overheads_variance_amount
03_MIRRA_VARIABLE_CONTRACT_BRIEF_v4.0_LOCKED.txt,03_MIRRA_VARIABLE_CONTRACT_BRIEF_v4.0_LOCKED.txt,1685,labour,asset_finance_variance_amount,snake_case,warning_id,inputs,labour_variance_amount asset_finance_variance_amount general_overheads_variance_amount total_other_income
06_MIRRA_COST_SUMMARY_v4.0_LOCKED.txt,06_MIRRA_COST_SUMMARY_v4.0_LOCKED.txt,534,labour,asset_finance_variance_amount,snake_case,warning_id,downstream_consumption,"model_trust_state, labour_variance_amount, asset_finance_variance_amount, general_overheads_variance_amount, total_business_cost_variance_amount,"
10_MIRRA_MODULE_RECONCILIATION_v4.0_LOCKED.txt,10_MIRRA_MODULE_RECONCILIATION_v4.0_LOCKED.txt,368,labour,asset_finance_variance_amount,snake_case,warning_id,inputs,labour_variance_amount labour_variance_percent asset_finance_variance_amount asset_finance_variance_percent general_overheads_variance_amount
10_MIRRA_MODULE_RECONCILIATION_v4.0_LOCKED.txt,10_MIRRA_MODULE_RECONCILIATION_v4.0_LOCKED.txt,950,labour,asset_finance_variance_amount,snake_case,warning_id,warnings,"labour_variance_amount, labour_variance_percent, asset_finance_variance_amount, asset_finance_variance_percent, general_overheads_variance_amount,"
14_MIRRA_BUSINESS_SUMMARY_v4.0_LOCKED.txt,14_MIRRA_BUSINESS_SUMMARY_v4.0_LOCKED.txt,305,labour,asset_finance_variance_amount,snake_case,warning_id,downstream_consumption,labour_variance_amount labour_variance_percent asset_finance_variance_amount asset_finance_variance_percent general_overheads_variance_amount
03_MIRRA_VARIABLE_CONTRACT_BRIEF_v4.0_LOCKED.txt,03_MIRRA_VARIABLE_CONTRACT_BRIEF_v4.0_LOCKED.txt,1460,labour,asset_finance_variance_percent,snake_case,warning_id,ownership,labour_variance_percent asset_finance_variance_amount asset_finance_variance_percent general_overheads_variance_amount general_overheads_variance_percent
10_MIRRA_MODULE_RECONCILIATION_v4.0_LOCKED.txt,10_MIRRA_MODULE_RECONCILIATION_v4.0_LOCKED.txt,369,labour,asset_finance_variance_percent,snake_case,warning_id,inputs,labour_variance_percent asset_finance_variance_amount asset_finance_variance_percent general_overheads_variance_amount general_overheads_variance_percent
10_MIRRA_MODULE_RECONCILIATION_v4.0_LOCKED.txt,10_MIRRA_MODULE_RECONCILIATION_v4.0_LOCKED.txt,951,labour,asset_finance_variance_percent,snake_case,warning_id,warnings,"labour_variance_percent, asset_finance_variance_amount, asset_finance_variance_percent, general_overheads_variance_amount, general_overheads_variance_percent,"
14_MIRRA_BUSINESS_SUMMARY_v4.0_LOCKED.txt,14_MIRRA_BUSINESS_SUMMARY_v4.0_LOCKED.txt,306,labour,asset_finance_variance_percent,snake_case,warning_id,downstream_consumption,labour_variance_percent asset_finance_variance_amount asset_finance_variance_percent general_overheads_variance_amount general_overheads_variance_percent
24_MIRRA_MODEL_FEEDBACK_LOOP_v4.0_LOCKED.txt,24_MIRRA_MODEL_FEEDBACK_LOOP_v4.0_LOCKED.txt,593,labour,asset_variance,snake_case,warning_id,status_readiness_trust,- supplier_variance - labour_productivity_variance - asset_variance - scope_variance - data_quality_issue
23_MIRRA_JOB_COSTING_PROFITABILITY_v4.0_LOCKED.txt,23_MIRRA_JOB_COSTING_PROFITABILITY_v4.0_LOCKED.txt,914,labour,asset_variance_rows,snake_case,warning_id,warnings,"material_variance_rows, labour_variance_rows, asset_variance_rows, subcontractor_variance_rows, overhead_recovery_variance_rows,"
24_MIRRA_MODEL_FEEDBACK_LOOP_v4.0_LOCKED.txt,24_MIRRA_MODEL_FEEDBACK_LOOP_v4.0_LOCKED.txt,173,labour,asset_variance_rows,snake_case,warning_id,downstream_consumption,- material_variance_rows - labour_variance_rows - asset_variance_rows - subcontractor_variance_rows - overhead_recovery_variance_rows
30_MIRRA_BUSINESS_MODELLING_v4.0_LOCKED.txt,30_MIRRA_BUSINESS_MODELLING_v4.0_LOCKED.txt,798,labour,business_modelling_product_unit_requires_soq,snake_case,warning_id,warnings,"Supplier/category rows show contribution to blended material markup, not true supplier-level markup. ## business_modelling_product_unit_requires_soq Use when a labour-based business tries to model product/unit costs without manual components or SOQ/job data."
14_MIRRA_BUSINESS_SUMMARY_v4.0_LOCKED.txt,14_MIRRA_BUSINESS_SUMMARY_v4.0_LOCKED.txt,1144,labour,business_summary_negative_margin_pool,snake_case,warning_id,warnings,business_summary_zero_activity_driver business_summary_negative_net_position business_summary_negative_margin_pool business_summary_negative_residual_margin_after_labour business_summary_recovery_gap_negative
14_MIRRA_BUSINESS_SUMMARY_v4.0_LOCKED.txt,14_MIRRA_BUSINESS_SUMMARY_v4.0_LOCKED.txt,1143,labour,business_summary_negative_net_position,snake_case,warning_id,warnings,business_summary_missing_activity_driver business_summary_zero_activity_driver business_summary_negative_net_position business_summary_negative_margin_pool business_summary_negative_residual_margin_after_labour
14_MIRRA_BUSINESS_SUMMARY_v4.0_LOCKED.txt,14_MIRRA_BUSINESS_SUMMARY_v4.0_LOCKED.txt,1145,labour,business_summary_negative_residual_margin_after_labour,snake_case,warning_id,warnings,business_summary_negative_net_position business_summary_negative_margin_pool business_summary_negative_residual_margin_after_labour business_summary_recovery_gap_negative business_summary_other_income_present
14_MIRRA_BUSINESS_SUMMARY_v4.0_LOCKED.txt,14_MIRRA_BUSINESS_SUMMARY_v4.0_LOCKED.txt,1173,labour,business_summary_negative_residual_margin_after_labour,snake_case,warning_id,warnings,"The business result is negative, but the calculation may still be valid. ## business_summary_negative_residual_margin_after_labour Use when residual_margin_after_labour < 0."
14_MIRRA_BUSINESS_SUMMARY_v4.0_LOCKED.txt,14_MIRRA_BUSINESS_SUMMARY_v4.0_LOCKED.txt,1147,labour,business_summary_other_income_present,snake_case,warning_id,warnings,business_summary_negative_residual_margin_after_labour business_summary_recovery_gap_negative business_summary_other_income_present business_summary_bridge_not_available business_summary_bridge_variance
14_MIRRA_BUSINESS_SUMMARY_v4.0_LOCKED.txt,14_MIRRA_BUSINESS_SUMMARY_v4.0_LOCKED.txt,1847,labour,business_summary_ready,snake_case,warning_id,warnings,8. Business Summary calculates residual_margin_after_labour. 9. Business Summary calculates net_position. 10. Negative net_position does not automatically make business_summary_ready false. 11. Negative residual_margin_after_labour does not automatically make business_summary_ready false. 12. Business Summary creates mode-aware activity driver labels.
14_MIRRA_BUSINESS_SUMMARY_v4.0_LOCKED.txt,14_MIRRA_BUSINESS_SUMMARY_v4.0_LOCKED.txt,1848,labour,business_summary_ready,snake_case,warning_id,warnings,9. Business Summary calculates net_position. 10. Negative net_position does not automatically make business_summary_ready false. 11. Negative residual_margin_after_labour does not automatically make business_summary_ready false. 12. Business Summary creates mode-aware activity driver labels. 13. Hours-based mode uses productive hours as driver.
14_MIRRA_BUSINESS_SUMMARY_v4.0_LOCKED.txt,14_MIRRA_BUSINESS_SUMMARY_v4.0_LOCKED.txt,1146,labour,business_summary_recovery_gap_negative,snake_case,warning_id,warnings,business_summary_negative_margin_pool business_summary_negative_residual_margin_after_labour business_summary_recovery_gap_negative business_summary_other_income_present business_summary_bridge_not_available
14_MIRRA_BUSINESS_SUMMARY_v4.0_LOCKED.txt,14_MIRRA_BUSINESS_SUMMARY_v4.0_LOCKED.txt,1219,labour,business_summary_revenue_reality_pressure,snake_case,warning_id,warnings,true until corrected. ## business_summary_revenue_reality_pressure Use when Revenue Reality reports labour/margin pressure.
07_MIRRA_LABOUR_MODULE_v4.0_LOCKED.txt,07_MIRRA_LABOUR_MODULE_v4.0_LOCKED.txt,607,labour,calculation_rule,snake_case,warning_id,warnings,- source_module = labour - source_variable - calculation_rule - source_status - trust_state
17_MIRRA_COST_ALLOCATION_v4.0_LOCKED.txt,17_MIRRA_COST_ALLOCATION_v4.0_LOCKED.txt,1484,labour,cost_allocation_asset_over_allocated,snake_case,warning_id,warnings,cost_allocation_non_productive_labour_excluded cost_allocation_asset_over_allocated cost_allocation_asset_under_allocated cost_allocation_shared_asset_over_100_percent
17_MIRRA_COST_ALLOCATION_v4.0_LOCKED.txt,17_MIRRA_COST_ALLOCATION_v4.0_LOCKED.txt,1480,labour,cost_allocation_labour_over_allocated,snake_case,warning_id,warnings,cost_allocation_no_working_groups cost_allocation_labour_over_allocated cost_allocation_labour_under_allocated cost_allocation_non_productive_labour_excluded
17_MIRRA_COST_ALLOCATION_v4.0_LOCKED.txt,17_MIRRA_COST_ALLOCATION_v4.0_LOCKED.txt,1507,labour,cost_allocation_labour_over_allocated,snake_case,warning_id,warnings,# 49. WARNING MEANINGS ## cost_allocation_labour_over_allocated Use when assigned labour cost or hours exceed available Productive Labour Pool.
17_MIRRA_COST_ALLOCATION_v4.0_LOCKED.txt,17_MIRRA_COST_ALLOCATION_v4.0_LOCKED.txt,1481,labour,cost_allocation_labour_under_allocated,snake_case,warning_id,warnings,cost_allocation_labour_over_allocated cost_allocation_labour_under_allocated cost_allocation_non_productive_labour_excluded
17_MIRRA_COST_ALLOCATION_v4.0_LOCKED.txt,17_MIRRA_COST_ALLOCATION_v4.0_LOCKED.txt,1515,labour,cost_allocation_labour_under_allocated,snake_case,warning_id,warnings,true. ## cost_allocation_labour_under_allocated Use when some productive labour remains in Default Productive Labour Pool.
17_MIRRA_COST_ALLOCATION_v4.0_LOCKED.txt,17_MIRRA_COST_ALLOCATION_v4.0_LOCKED.txt,1476,labour,cost_allocation_missing_asset_pool,snake_case,warning_id,warnings,cost_allocation_missing_labour_pool cost_allocation_missing_asset_pool cost_allocation_missing_overhead_pool cost_allocation_no_working_groups
17_MIRRA_COST_ALLOCATION_v4.0_LOCKED.txt,17_MIRRA_COST_ALLOCATION_v4.0_LOCKED.txt,1475,labour,cost_allocation_missing_labour_pool,snake_case,warning_id,warnings,Required warning IDs: cost_allocation_missing_labour_pool cost_allocation_missing_asset_pool cost_allocation_missing_overhead_pool
17_MIRRA_COST_ALLOCATION_v4.0_LOCKED.txt,17_MIRRA_COST_ALLOCATION_v4.0_LOCKED.txt,1477,labour,cost_allocation_missing_overhead_pool,snake_case,warning_id,warnings,cost_allocation_missing_labour_pool cost_allocation_missing_asset_pool cost_allocation_missing_overhead_pool cost_allocation_no_working_groups
17_MIRRA_COST_ALLOCATION_v4.0_LOCKED.txt,17_MIRRA_COST_ALLOCATION_v4.0_LOCKED.txt,1478,labour,cost_allocation_no_working_groups,snake_case,warning_id,warnings,cost_allocation_missing_asset_pool cost_allocation_missing_overhead_pool cost_allocation_no_working_groups cost_allocation_labour_over_allocated
17_MIRRA_COST_ALLOCATION_v4.0_LOCKED.txt,17_MIRRA_COST_ALLOCATION_v4.0_LOCKED.txt,1482,labour,cost_allocation_non_productive_labour_excluded,snake_case,warning_id,warnings,cost_allocation_labour_over_allocated cost_allocation_labour_under_allocated cost_allocation_non_productive_labour_excluded cost_allocation_asset_over_allocated
06_MIRRA_COST_SUMMARY_v4.0_LOCKED.txt,06_MIRRA_COST_SUMMARY_v4.0_LOCKED.txt,684,labour,cost_summary_invalid_asset_total,snake_case,warning_id,warnings,cost_summary_missing_general_overheads cost_summary_invalid_labour_total cost_summary_invalid_asset_total cost_summary_invalid_overhead_total cost_summary_productive_output_zero
06_MIRRA_COST_SUMMARY_v4.0_LOCKED.txt,06_MIRRA_COST_SUMMARY_v4.0_LOCKED.txt,683,labour,cost_summary_invalid_labour_total,snake_case,warning_id,warnings,cost_summary_missing_assets cost_summary_missing_general_overheads cost_summary_invalid_labour_total cost_summary_invalid_asset_total cost_summary_invalid_overhead_total
06_MIRRA_COST_SUMMARY_v4.0_LOCKED.txt,06_MIRRA_COST_SUMMARY_v4.0_LOCKED.txt,685,labour,cost_summary_invalid_overhead_total,snake_case,warning_id,warnings,cost_summary_invalid_labour_total cost_summary_invalid_asset_total cost_summary_invalid_overhead_total cost_summary_productive_output_zero cost_summary_total_cost_zero
06_MIRRA_COST_SUMMARY_v4.0_LOCKED.txt,06_MIRRA_COST_SUMMARY_v4.0_LOCKED.txt,681,labour,cost_summary_missing_assets,snake_case,warning_id,warnings,cost_summary_missing_labour cost_summary_missing_assets cost_summary_missing_general_overheads cost_summary_invalid_labour_total
06_MIRRA_COST_SUMMARY_v4.0_LOCKED.txt,06_MIRRA_COST_SUMMARY_v4.0_LOCKED.txt,682,labour,cost_summary_missing_general_overheads,snake_case,warning_id,warnings,cost_summary_missing_labour cost_summary_missing_assets cost_summary_missing_general_overheads cost_summary_invalid_labour_total cost_summary_invalid_asset_total
06_MIRRA_COST_SUMMARY_v4.0_LOCKED.txt,06_MIRRA_COST_SUMMARY_v4.0_LOCKED.txt,680,labour,cost_summary_missing_labour,snake_case,warning_id,warnings,Required warning IDs: cost_summary_missing_labour cost_summary_missing_assets cost_summary_missing_general_overheads
06_MIRRA_COST_SUMMARY_v4.0_LOCKED.txt,06_MIRRA_COST_SUMMARY_v4.0_LOCKED.txt,698,labour,cost_summary_missing_labour,snake_case,warning_id,warnings,# 23. WARNING MEANINGS ## cost_summary_missing_labour Use when Labour source output is not available.
06_MIRRA_COST_SUMMARY_v4.0_LOCKED.txt,06_MIRRA_COST_SUMMARY_v4.0_LOCKED.txt,1000,labour,cost_summary_model_trust_state,snake_case,warning_id,warnings,- total_people_cost_annual - total_labour_cost_annual where needed - cost_summary_model_trust_state Revenue Reality uses labour cost to stress-test material margin after labour.
06_MIRRA_COST_SUMMARY_v4.0_LOCKED.txt,06_MIRRA_COST_SUMMARY_v4.0_LOCKED.txt,1017,labour,cost_summary_model_trust_state,snake_case,warning_id,warnings,"- total_business_overheads - total_productive_output - cost_summary_model_trust_state However, Cost Allocation should primarily consume source module detail from Labour, Assets, and General Overheads where it needs allocation detail."
03_MIRRA_VARIABLE_CONTRACT_BRIEF_v4.0_LOCKED.txt,03_MIRRA_VARIABLE_CONTRACT_BRIEF_v4.0_LOCKED.txt,2901,labour,cost_variance,snake_case,warning_id,ownership,expected_cost actual_cost cost_variance expected_labour_hours actual_labour_hours
23_MIRRA_JOB_COSTING_PROFITABILITY_v4.0_LOCKED.txt,23_MIRRA_JOB_COSTING_PROFITABILITY_v4.0_LOCKED.txt,433,labour,cost_variance,snake_case,warning_id,inputs,"actual_labour_cost, hours_variance, cost_variance, labour_productivity_variance_percent, labour_variance_status,"
26_MIRRA_DATA_QUALITY_DASHBOARD_v4.0_LOCKED.txt,26_MIRRA_DATA_QUALITY_DASHBOARD_v4.0_LOCKED.txt,512,labour,data_quality_missing_overheads,snake_case,warning_id,warnings,data_quality_missing_labour data_quality_missing_assets data_quality_missing_overheads data_quality_failed_reconciliation data_quality_unmapped_supplier
24_MIRRA_MODEL_FEEDBACK_LOOP_v4.0_LOCKED.txt,24_MIRRA_MODEL_FEEDBACK_LOOP_v4.0_LOCKED.txt,590,labour,execution_variance,snake_case,warning_id,status_readiness_trust,- quote_under_recovered - quote_margin_shortfall - execution_variance - supplier_variance - labour_productivity_variance
03_MIRRA_VARIABLE_CONTRACT_BRIEF_v4.0_LOCKED.txt,03_MIRRA_VARIABLE_CONTRACT_BRIEF_v4.0_LOCKED.txt,1779,labour,general_overheads_bridge_variance,snake_case,warning_id,calculation,labour_bridge_variance asset_finance_bridge_variance general_overheads_bridge_variance other_income_excluded mirra_operating_position
14_MIRRA_BUSINESS_SUMMARY_v4.0_LOCKED.txt,14_MIRRA_BUSINESS_SUMMARY_v4.0_LOCKED.txt,709,labour,general_overheads_bridge_variance,snake_case,warning_id,calculation,labour_bridge_variance asset_finance_bridge_variance general_overheads_bridge_variance other_income_excluded mirra_operating_position
14_MIRRA_BUSINESS_SUMMARY_v4.0_LOCKED.txt,14_MIRRA_BUSINESS_SUMMARY_v4.0_LOCKED.txt,721,labour,general_overheads_bridge_variance,snake_case,warning_id,calculation,"labour_bridge_variance, asset_finance_bridge_variance, general_overheads_bridge_variance, other_income_excluded, other_adjustments,"
14_MIRRA_BUSINESS_SUMMARY_v4.0_LOCKED.txt,14_MIRRA_BUSINESS_SUMMARY_v4.0_LOCKED.txt,1320,labour,general_overheads_bridge_variance,snake_case,warning_id,warnings,"labour_bridge_variance, asset_finance_bridge_variance, general_overheads_bridge_variance, other_income_excluded, mirra_operating_position,"
06_MIRRA_COST_SUMMARY_v4.0_LOCKED.txt,06_MIRRA_COST_SUMMARY_v4.0_LOCKED.txt,535,labour,general_overheads_variance_amount,snake_case,warning_id,downstream_consumption,"labour_variance_amount, asset_finance_variance_amount, general_overheads_variance_amount, total_business_cost_variance_amount, blocking_checks,"
23_MIRRA_JOB_COSTING_PROFITABILITY_v4.0_LOCKED.txt,23_MIRRA_JOB_COSTING_PROFITABILITY_v4.0_LOCKED.txt,432,labour,hours_variance,snake_case,warning_id,inputs,"model_labour_cost, actual_labour_cost, hours_variance, cost_variance, labour_productivity_variance_percent,"
20_MIRRA_BUSINESS_OUTCOME_v4.0_LOCKED.txt,20_MIRRA_BUSINESS_OUTCOME_v4.0_LOCKED.txt,614,labour,impact_on_required_rate,snake_case,warning_id,inputs,"impact_on_margin_after_labour, impact_on_recovery_requirement, impact_on_required_rate, impact_on_net_position, quote_checker_target_change,"
30_MIRRA_BUSINESS_MODELLING_v4.0_LOCKED.txt,30_MIRRA_BUSINESS_MODELLING_v4.0_LOCKED.txt,657,labour,impact_on_required_rate,snake_case,warning_id,row_or_array_contract,"impact_on_margin_after_labour, impact_on_recovery_requirement, impact_on_required_rate, impact_on_net_position, quote_checker_target_change,"
07_MIRRA_LABOUR_MODULE_v4.0_LOCKED.txt,07_MIRRA_LABOUR_MODULE_v4.0_LOCKED.txt,1462,labour,implemented_contract_not_documented_in_brief,snake_case,warning_id,warnings,- Reason: Field is a named business/status/readiness/financial/hour/recovery output used by code. - Source code file(s): components\labour\LabourCompactWorkspaceCard.jsx | components\labour\ProductiveStaffTypeRatesPanel.jsx | lib\calculations\labourCalculations.js | lib\selectors\labour\labourOutputContractSelectors.js - Audit notes: implemented_contract_not_documented_in_brief | warnings_field Brief insertion instruction:
03_MIRRA_VARIABLE_CONTRACT_BRIEF_v4.0_LOCKED.txt,03_MIRRA_VARIABLE_CONTRACT_BRIEF_v4.0_LOCKED.txt,1003,labour,invalid_zero_productive_hours,snake_case,warning_id,calculation,weighted_all_productive_labour_rate = 0 rate_status = invalid_zero_productive_hours ## 12.5 Productive staff type rates
03_MIRRA_VARIABLE_CONTRACT_BRIEF_v4.0_LOCKED.txt,03_MIRRA_VARIABLE_CONTRACT_BRIEF_v4.0_LOCKED.txt,1032,labour,invalid_zero_productive_hours,snake_case,warning_id,status_readiness_trust,ready invalid_zero_productive_hours review_zero_cost review_unassigned_staff_type
07_MIRRA_LABOUR_MODULE_v4.0_LOCKED.txt,07_MIRRA_LABOUR_MODULE_v4.0_LOCKED.txt,398,labour,invalid_zero_productive_hours,snake_case,warning_id,calculation,and: rate_status = invalid_zero_productive_hours Do not divide by zero.
07_MIRRA_LABOUR_MODULE_v4.0_LOCKED.txt,07_MIRRA_LABOUR_MODULE_v4.0_LOCKED.txt,516,labour,invalid_zero_productive_hours,snake_case,warning_id,status_readiness_trust,ready invalid_zero_productive_hours review_zero_cost review_unassigned_staff_type
07_MIRRA_LABOUR_MODULE_v4.0_LOCKED.txt,07_MIRRA_LABOUR_MODULE_v4.0_LOCKED.txt,525,labour,invalid_zero_productive_hours,snake_case,warning_id,status_readiness_trust,"staff type has productive staff, annual cost, and productive hours. invalid_zero_productive_hours: staff type has annual cost but zero productive hours."
07_MIRRA_LABOUR_MODULE_v4.0_LOCKED.txt,07_MIRRA_LABOUR_MODULE_v4.0_LOCKED.txt,541,labour,invalid_zero_productive_hours,snake_case,warning_id,status_readiness_trust,weighted_productive_hourly_rate = 0 rate_status = invalid_zero_productive_hours Warning:
11_MIRRA_MODEL_READINESS_v4.0_LOCKED.txt,11_MIRRA_MODEL_READINESS_v4.0_LOCKED.txt,732,labour,invalid_zero_productive_hours,snake_case,warning_id,status_readiness_trust,- total productive hours are zero - productive staff have missing staff type - productive staff type rate has invalid_zero_productive_hours - productive staff type rate has blocking warnings
23_MIRRA_JOB_COSTING_PROFITABILITY_v4.0_LOCKED.txt,23_MIRRA_JOB_COSTING_PROFITABILITY_v4.0_LOCKED.txt,881,labour,job_costing_missing_invoice,snake_case,warning_id,warnings,job_costing_missing_actuals job_costing_missing_po job_costing_missing_invoice job_costing_unmapped_material job_costing_unmapped_labour
23_MIRRA_JOB_COSTING_PROFITABILITY_v4.0_LOCKED.txt,23_MIRRA_JOB_COSTING_PROFITABILITY_v4.0_LOCKED.txt,884,labour,job_costing_unmapped_asset,snake_case,warning_id,warnings,job_costing_unmapped_material job_costing_unmapped_labour job_costing_unmapped_asset job_costing_unmapped_subcontractor job_costing_zero_revenue
23_MIRRA_JOB_COSTING_PROFITABILITY_v4.0_LOCKED.txt,23_MIRRA_JOB_COSTING_PROFITABILITY_v4.0_LOCKED.txt,883,labour,job_costing_unmapped_labour,snake_case,warning_id,warnings,job_costing_missing_invoice job_costing_unmapped_material job_costing_unmapped_labour job_costing_unmapped_asset job_costing_unmapped_subcontractor
23_MIRRA_JOB_COSTING_PROFITABILITY_v4.0_LOCKED.txt,23_MIRRA_JOB_COSTING_PROFITABILITY_v4.0_LOCKED.txt,882,labour,job_costing_unmapped_material,snake_case,warning_id,warnings,job_costing_missing_po job_costing_missing_invoice job_costing_unmapped_material job_costing_unmapped_labour job_costing_unmapped_asset
23_MIRRA_JOB_COSTING_PROFITABILITY_v4.0_LOCKED.txt,23_MIRRA_JOB_COSTING_PROFITABILITY_v4.0_LOCKED.txt,885,labour,job_costing_unmapped_subcontractor,snake_case,warning_id,warnings,job_costing_unmapped_labour job_costing_unmapped_asset job_costing_unmapped_subcontractor job_costing_zero_revenue job_costing_under_recovered
15_MIRRA_REVENUE_REALITY_v4.0_LOCKED.txt,15_MIRRA_REVENUE_REALITY_v4.0_LOCKED.txt,1327,labour,labour_consumption_of_margin_percent,snake_case,warning_id,warnings,7. Consume Model Readiness trust state. 8. Calculate margin_after_labour. 9. Calculate labour_consumption_of_margin_percent. 10. Calculate surplus / shortfall display values. 11. Calculate mode-aware per-driver values.
15_MIRRA_REVENUE_REALITY_v4.0_LOCKED.txt,15_MIRRA_REVENUE_REALITY_v4.0_LOCKED.txt,1353,labour,labour_consumption_of_margin_percent,snake_case,warning_id,warnings,6. Revenue Reality shows Margin Pool - Labour = Margin After Labour. 7. Revenue Reality calculates margin_after_labour. 8. Revenue Reality calculates labour_consumption_of_margin_percent. 9. Revenue Reality calculates margin_after_labour_percent_of_revenue. 10. Revenue Reality shows surplus or shortfall after Labour.
15_MIRRA_REVENUE_REALITY_v4.0_LOCKED.txt,15_MIRRA_REVENUE_REALITY_v4.0_LOCKED.txt,798,labour,labour_cost_for_stress_test,snake_case,warning_id,warnings,Use when: labour_cost_for_stress_test > margin_pool Blocking:
03_MIRRA_VARIABLE_CONTRACT_BRIEF_v4.0_LOCKED.txt,03_MIRRA_VARIABLE_CONTRACT_BRIEF_v4.0_LOCKED.txt,1059,labour,labour_data_missing,snake_case,warning_id,warnings,productive_staff_type_unassigned total_productive_hours_zero labour_data_missing labour_reconciliation_variance
07_MIRRA_LABOUR_MODULE_v4.0_LOCKED.txt,07_MIRRA_LABOUR_MODULE_v4.0_LOCKED.txt,756,labour,labour_data_missing,snake_case,warning_id,warnings,productive_staff_type_unassigned total_productive_hours_zero labour_data_missing labour_reconciliation_variance labour_preview_only
03_MIRRA_VARIABLE_CONTRACT_BRIEF_v4.0_LOCKED.txt,03_MIRRA_VARIABLE_CONTRACT_BRIEF_v4.0_LOCKED.txt,2904,labour,labour_hour_variance,snake_case,warning_id,ownership,expected_labour_hours actual_labour_hours labour_hour_variance expected_margin actual_margin
07_MIRRA_LABOUR_MODULE_v4.0_LOCKED.txt,07_MIRRA_LABOUR_MODULE_v4.0_LOCKED.txt,748,labour,labour_invalid_staff_cost,snake_case,warning_id,warnings,no_labour_data labour_invalid_staff_cost labour_missing_staff_type labour_missing_productive_hours
07_MIRRA_LABOUR_MODULE_v4.0_LOCKED.txt,07_MIRRA_LABOUR_MODULE_v4.0_LOCKED.txt,772,labour,labour_invalid_staff_cost,snake_case,warning_id,warnings,true unless user explicitly confirms no labour. ## labour_invalid_staff_cost Use when annual_labour_cost is invalid.
15_MIRRA_REVENUE_REALITY_v4.0_LOCKED.txt,15_MIRRA_REVENUE_REALITY_v4.0_LOCKED.txt,370,labour,labour_margin_gap,snake_case,warning_id,downstream_consumption,labour_consumption_of_margin_percent margin_after_labour_percent_of_revenue labour_margin_gap labour_shortfall_against_margin margin_surplus_after_labour
15_MIRRA_REVENUE_REALITY_v4.0_LOCKED.txt,15_MIRRA_REVENUE_REALITY_v4.0_LOCKED.txt,479,labour,labour_margin_gap,snake_case,warning_id,downstream_consumption,Revenue Reality calculates: labour_margin_gap = margin_pool - labour_cost_for_stress_test
15_MIRRA_REVENUE_REALITY_v4.0_LOCKED.txt,15_MIRRA_REVENUE_REALITY_v4.0_LOCKED.txt,492,labour,labour_margin_gap,snake_case,warning_id,downstream_consumption,Compatibility alias: labour_margin_gap ---
15_MIRRA_REVENUE_REALITY_v4.0_LOCKED.txt,15_MIRRA_REVENUE_REALITY_v4.0_LOCKED.txt,900,labour,labour_margin_gap,snake_case,warning_id,warnings,"labour_consumption_of_margin_percent, margin_after_labour_percent_of_revenue, labour_margin_gap, labour_shortfall_against_margin, margin_surplus_after_labour,"
15_MIRRA_REVENUE_REALITY_v4.0_LOCKED.txt,15_MIRRA_REVENUE_REALITY_v4.0_LOCKED.txt,381,labour,labour_margin_gap_per_driver,snake_case,warning_id,downstream_consumption,labour_cost_per_driver margin_after_labour_per_driver labour_margin_gap_per_driver revenue_reality_summary_cards
15_MIRRA_REVENUE_REALITY_v4.0_LOCKED.txt,15_MIRRA_REVENUE_REALITY_v4.0_LOCKED.txt,511,labour,labour_margin_gap_per_driver,snake_case,warning_id,downstream_consumption,margin_after_labour / activity_driver_value labour_margin_gap_per_driver = margin_after_labour_per_driver
15_MIRRA_REVENUE_REALITY_v4.0_LOCKED.txt,15_MIRRA_REVENUE_REALITY_v4.0_LOCKED.txt,911,labour,labour_margin_gap_per_driver,snake_case,warning_id,warnings,"labour_cost_per_driver, margin_after_labour_per_driver, labour_margin_gap_per_driver, revenue_reality_summary_cards,"
07_MIRRA_LABOUR_MODULE_v4.0_LOCKED.txt,07_MIRRA_LABOUR_MODULE_v4.0_LOCKED.txt,750,labour,labour_missing_productive_hours,snake_case,warning_id,warnings,labour_invalid_staff_cost labour_missing_staff_type labour_missing_productive_hours labour_zero_productive_hours productive_staff_type_zero_hours
07_MIRRA_LABOUR_MODULE_v4.0_LOCKED.txt,07_MIRRA_LABOUR_MODULE_v4.0_LOCKED.txt,788,labour,labour_missing_productive_hours,snake_case,warning_id,warnings,true for staff type rates. ## labour_missing_productive_hours Use when productive staff has missing productive hours.
07_MIRRA_LABOUR_MODULE_v4.0_LOCKED.txt,07_MIRRA_LABOUR_MODULE_v4.0_LOCKED.txt,749,labour,labour_missing_staff_type,snake_case,warning_id,warnings,no_labour_data labour_invalid_staff_cost labour_missing_staff_type labour_missing_productive_hours labour_zero_productive_hours
07_MIRRA_LABOUR_MODULE_v4.0_LOCKED.txt,07_MIRRA_LABOUR_MODULE_v4.0_LOCKED.txt,780,labour,labour_missing_staff_type,snake_case,warning_id,warnings,true. ## labour_missing_staff_type Use when staff type is missing for productive staff.
07_MIRRA_LABOUR_MODULE_v4.0_LOCKED.txt,07_MIRRA_LABOUR_MODULE_v4.0_LOCKED.txt,758,labour,labour_preview_only,snake_case,warning_id,warnings,labour_data_missing labour_reconciliation_variance labour_preview_only ---
24_MIRRA_MODEL_FEEDBACK_LOOP_v4.0_LOCKED.txt,24_MIRRA_MODEL_FEEDBACK_LOOP_v4.0_LOCKED.txt,592,labour,labour_productivity_variance,snake_case,warning_id,status_readiness_trust,- execution_variance - supplier_variance - labour_productivity_variance - asset_variance - scope_variance
23_MIRRA_JOB_COSTING_PROFITABILITY_v4.0_LOCKED.txt,23_MIRRA_JOB_COSTING_PROFITABILITY_v4.0_LOCKED.txt,434,labour,labour_productivity_variance_percent,snake_case,warning_id,inputs,"hours_variance, cost_variance, labour_productivity_variance_percent, labour_variance_status, source_trace"
07_MIRRA_LABOUR_MODULE_v4.0_LOCKED.txt,07_MIRRA_LABOUR_MODULE_v4.0_LOCKED.txt,625,labour,labour_ready,snake_case,warning_id,warnings,total_labour_cost_annual total_people_cost_annual labour_ready labour_status labour_model_trust_state
03_MIRRA_VARIABLE_CONTRACT_BRIEF_v4.0_LOCKED.txt,03_MIRRA_VARIABLE_CONTRACT_BRIEF_v4.0_LOCKED.txt,1060,labour,labour_reconciliation_variance,snake_case,warning_id,warnings,total_productive_hours_zero labour_data_missing labour_reconciliation_variance ## 12.8 Readiness variables
07_MIRRA_LABOUR_MODULE_v4.0_LOCKED.txt,07_MIRRA_LABOUR_MODULE_v4.0_LOCKED.txt,757,labour,labour_reconciliation_variance,snake_case,warning_id,warnings,total_productive_hours_zero labour_data_missing labour_reconciliation_variance labour_preview_only
03_MIRRA_VARIABLE_CONTRACT_BRIEF_v4.0_LOCKED.txt,03_MIRRA_VARIABLE_CONTRACT_BRIEF_v4.0_LOCKED.txt,2301,labour,labour_recovery_gap,snake_case,warning_id,inputs,"required_labour_recovery_rate, actual_labour_recovery_position, labour_recovery_gap, test_status }"
03_MIRRA_VARIABLE_CONTRACT_BRIEF_v4.0_LOCKED.txt,03_MIRRA_VARIABLE_CONTRACT_BRIEF_v4.0_LOCKED.txt,1855,labour,labour_shortfall_against_margin,snake_case,warning_id,inputs,stress_tested_margin_percent labour_consumption_percent labour_shortfall_against_margin revenue_reality_status
03_MIRRA_VARIABLE_CONTRACT_BRIEF_v4.0_LOCKED.txt,03_MIRRA_VARIABLE_CONTRACT_BRIEF_v4.0_LOCKED.txt,1874,labour,labour_shortfall_against_margin,snake_case,warning_id,calculation,If stress_tested_margin_after_labour < 0: labour_shortfall_against_margin = absolute value of stress_tested_margin_after_labour
03_MIRRA_VARIABLE_CONTRACT_BRIEF_v4.0_LOCKED.txt,03_MIRRA_VARIABLE_CONTRACT_BRIEF_v4.0_LOCKED.txt,2679,labour,labour_shortfall_against_margin,snake_case,warning_id,inputs,stress_tested_margin_after_labour labour_consumption_percent labour_shortfall_against_margin revenue_reality_status
14_MIRRA_BUSINESS_SUMMARY_v4.0_LOCKED.txt,14_MIRRA_BUSINESS_SUMMARY_v4.0_LOCKED.txt,205,labour,labour_shortfall_against_margin,snake_case,warning_id,ownership,margin_after_labour labour_consumption_of_margin_percent labour_shortfall_against_margin margin_surplus_after_labour
14_MIRRA_BUSINESS_SUMMARY_v4.0_LOCKED.txt,14_MIRRA_BUSINESS_SUMMARY_v4.0_LOCKED.txt,351,labour,labour_shortfall_against_margin,snake_case,warning_id,downstream_consumption,margin_after_labour labour_consumption_of_margin_percent labour_shortfall_against_margin margin_surplus_after_labour revenue_reality_status
14_MIRRA_BUSINESS_SUMMARY_v4.0_LOCKED.txt,14_MIRRA_BUSINESS_SUMMARY_v4.0_LOCKED.txt,1342,labour,labour_shortfall_against_margin,snake_case,warning_id,warnings,"margin_after_labour, labour_consumption_of_margin_percent, labour_shortfall_against_margin, margin_surplus_after_labour, revenue_reality_status,"
15_MIRRA_REVENUE_REALITY_v4.0_LOCKED.txt,15_MIRRA_REVENUE_REALITY_v4.0_LOCKED.txt,371,labour,labour_shortfall_against_margin,snake_case,warning_id,downstream_consumption,margin_after_labour_percent_of_revenue labour_margin_gap labour_shortfall_against_margin margin_surplus_after_labour
15_MIRRA_REVENUE_REALITY_v4.0_LOCKED.txt,15_MIRRA_REVENUE_REALITY_v4.0_LOCKED.txt,463,labour,labour_shortfall_against_margin,snake_case,warning_id,downstream_consumption,"max(0, margin_pool - labour_cost_for_stress_test) labour_shortfall_against_margin = max(0, labour_cost_for_stress_test - margin_pool)"
15_MIRRA_REVENUE_REALITY_v4.0_LOCKED.txt,15_MIRRA_REVENUE_REALITY_v4.0_LOCKED.txt,901,labour,labour_shortfall_against_margin,snake_case,warning_id,warnings,"margin_after_labour_percent_of_revenue, labour_margin_gap, labour_shortfall_against_margin, margin_surplus_after_labour,"
15_MIRRA_REVENUE_REALITY_v4.0_LOCKED.txt,15_MIRRA_REVENUE_REALITY_v4.0_LOCKED.txt,925,labour,labour_shortfall_against_margin,snake_case,warning_id,warnings,- margin_after_labour - labour_consumption_of_margin_percent - labour_shortfall_against_margin - margin_surplus_after_labour - revenue_reality_status
15_MIRRA_REVENUE_REALITY_v4.0_LOCKED.txt,15_MIRRA_REVENUE_REALITY_v4.0_LOCKED.txt,1019,labour,labour_shortfall_against_margin,snake_case,warning_id,warnings,- margin_after_labour - labour_consumption_of_margin_percent - labour_shortfall_against_margin - margin_surplus_after_labour - revenue_reality_model_trust_state
17_MIRRA_COST_ALLOCATION_v4.0_LOCKED.txt,17_MIRRA_COST_ALLOCATION_v4.0_LOCKED.txt,1115,labour,labour_shortfall_against_margin,snake_case,warning_id,calculation,margin_after_labour labour_consumption_of_margin_percent labour_shortfall_against_margin margin_surplus_after_labour revenue_reality_status
18_MIRRA_RECOVERY_SUMMARY_v4.0_LOCKED.txt,18_MIRRA_RECOVERY_SUMMARY_v4.0_LOCKED.txt,337,labour,labour_shortfall_against_margin,snake_case,warning_id,downstream_consumption,margin_after_labour labour_consumption_of_margin_percent labour_shortfall_against_margin margin_surplus_after_labour margin_after_labour_per_driver
19_MIRRA_RATE_BUILDER_v4.0_LOCKED.txt,19_MIRRA_RATE_BUILDER_v4.0_LOCKED.txt,292,labour,labour_shortfall_against_margin,snake_case,warning_id,downstream_consumption,- margin_after_labour - labour_consumption_of_margin_percent - labour_shortfall_against_margin - margin_surplus_after_labour - revenue_reality_status
20_MIRRA_BUSINESS_OUTCOME_v4.0_LOCKED.txt,20_MIRRA_BUSINESS_OUTCOME_v4.0_LOCKED.txt,213,labour,labour_shortfall_against_margin,snake_case,warning_id,downstream_consumption,- margin_after_labour - labour_consumption_of_margin_percent - labour_shortfall_against_margin - margin_surplus_after_labour - margin_after_labour_per_driver
30_MIRRA_BUSINESS_MODELLING_v4.0_LOCKED.txt,30_MIRRA_BUSINESS_MODELLING_v4.0_LOCKED.txt,336,labour,labour_shortfall_against_margin,snake_case,warning_id,downstream_consumption,- margin_after_labour - labour_consumption_of_margin_percent - labour_shortfall_against_margin - margin_surplus_after_labour - revenue_reality_status
07_MIRRA_LABOUR_MODULE_v4.0_LOCKED.txt,07_MIRRA_LABOUR_MODULE_v4.0_LOCKED.txt,626,labour,labour_status,snake_case,warning_id,warnings,total_people_cost_annual labour_ready labour_status labour_model_trust_state
03_MIRRA_VARIABLE_CONTRACT_BRIEF_v4.0_LOCKED.txt,03_MIRRA_VARIABLE_CONTRACT_BRIEF_v4.0_LOCKED.txt,1457,labour,labour_variance_amount,snake_case,warning_id,ownership,## 15.5 Variance variables labour_variance_amount labour_variance_percent asset_finance_variance_amount
03_MIRRA_VARIABLE_CONTRACT_BRIEF_v4.0_LOCKED.txt,03_MIRRA_VARIABLE_CONTRACT_BRIEF_v4.0_LOCKED.txt,1684,labour,labour_variance_amount,snake_case,warning_id,inputs,From Module Reconciliation: labour_variance_amount asset_finance_variance_amount general_overheads_variance_amount
06_MIRRA_COST_SUMMARY_v4.0_LOCKED.txt,06_MIRRA_COST_SUMMARY_v4.0_LOCKED.txt,533,labour,labour_variance_amount,snake_case,warning_id,downstream_consumption,"module_reconciliation_status, model_trust_state, labour_variance_amount, asset_finance_variance_amount, general_overheads_variance_amount,"
10_MIRRA_MODULE_RECONCILIATION_v4.0_LOCKED.txt,10_MIRRA_MODULE_RECONCILIATION_v4.0_LOCKED.txt,366,labour,labour_variance_amount,snake_case,warning_id,inputs,warning_checks normalised_reconciliation_inputs labour_variance_amount labour_variance_percent asset_finance_variance_amount
10_MIRRA_MODULE_RECONCILIATION_v4.0_LOCKED.txt,10_MIRRA_MODULE_RECONCILIATION_v4.0_LOCKED.txt,948,labour,labour_variance_amount,snake_case,warning_id,warnings,"warning_checks, normalised_reconciliation_inputs, labour_variance_amount, labour_variance_percent, asset_finance_variance_amount,"
23_MIRRA_JOB_COSTING_PROFITABILITY_v4.0_LOCKED.txt,23_MIRRA_JOB_COSTING_PROFITABILITY_v4.0_LOCKED.txt,421,labour,labour_variance_id,snake_case,warning_id,inputs,"{ labour_variance_id, job_id, quote_line_id,"
03_MIRRA_VARIABLE_CONTRACT_BRIEF_v4.0_LOCKED.txt,03_MIRRA_VARIABLE_CONTRACT_BRIEF_v4.0_LOCKED.txt,1458,labour,labour_variance_percent,snake_case,warning_id,ownership,labour_variance_amount labour_variance_percent asset_finance_variance_amount asset_finance_variance_percent
10_MIRRA_MODULE_RECONCILIATION_v4.0_LOCKED.txt,10_MIRRA_MODULE_RECONCILIATION_v4.0_LOCKED.txt,367,labour,labour_variance_percent,snake_case,warning_id,inputs,normalised_reconciliation_inputs labour_variance_amount labour_variance_percent asset_finance_variance_amount asset_finance_variance_percent
10_MIRRA_MODULE_RECONCILIATION_v4.0_LOCKED.txt,10_MIRRA_MODULE_RECONCILIATION_v4.0_LOCKED.txt,949,labour,labour_variance_percent,snake_case,warning_id,warnings,"normalised_reconciliation_inputs, labour_variance_amount, labour_variance_percent, asset_finance_variance_amount, asset_finance_variance_percent,"
23_MIRRA_JOB_COSTING_PROFITABILITY_v4.0_LOCKED.txt,23_MIRRA_JOB_COSTING_PROFITABILITY_v4.0_LOCKED.txt,416,labour,labour_variance_rows,snake_case,warning_id,inputs,# 15. LABOUR VARIANCE CONTRACT labour_variance_rows[] Each row:
23_MIRRA_JOB_COSTING_PROFITABILITY_v4.0_LOCKED.txt,23_MIRRA_JOB_COSTING_PROFITABILITY_v4.0_LOCKED.txt,913,labour,labour_variance_rows,snake_case,warning_id,warnings,"material_variance_rows, labour_variance_rows, asset_variance_rows, subcontractor_variance_rows,"
24_MIRRA_MODEL_FEEDBACK_LOOP_v4.0_LOCKED.txt,24_MIRRA_MODEL_FEEDBACK_LOOP_v4.0_LOCKED.txt,172,labour,labour_variance_rows,snake_case,warning_id,downstream_consumption,- quote_line_profitability_rows - material_variance_rows - labour_variance_rows - asset_variance_rows - subcontractor_variance_rows
23_MIRRA_JOB_COSTING_PROFITABILITY_v4.0_LOCKED.txt,23_MIRRA_JOB_COSTING_PROFITABILITY_v4.0_LOCKED.txt,435,labour,labour_variance_status,snake_case,warning_id,inputs,"cost_variance, labour_productivity_variance_percent, labour_variance_status, source_trace }"
03_MIRRA_VARIABLE_CONTRACT_BRIEF_v4.0_LOCKED.txt,03_MIRRA_VARIABLE_CONTRACT_BRIEF_v4.0_LOCKED.txt,1067,labour,labour_warning_count,snake_case,warning_id,status_readiness_trust,labour_status labour_warnings labour_warning_count labour_model_trust_state
07_MIRRA_LABOUR_MODULE_v4.0_LOCKED.txt,07_MIRRA_LABOUR_MODULE_v4.0_LOCKED.txt,855,labour,labour_warning_count,snake_case,warning_id,warnings,"labour_status, labour_warnings, labour_warning_count, labour_model_trust_state }"
03_MIRRA_VARIABLE_CONTRACT_BRIEF_v4.0_LOCKED.txt,03_MIRRA_VARIABLE_CONTRACT_BRIEF_v4.0_LOCKED.txt,1051,labour,labour_warnings,snake_case,warning_id,warnings,## 12.7 Labour warnings labour_warnings[] Required warning IDs:
03_MIRRA_VARIABLE_CONTRACT_BRIEF_v4.0_LOCKED.txt,03_MIRRA_VARIABLE_CONTRACT_BRIEF_v4.0_LOCKED.txt,1066,labour,labour_warnings,snake_case,warning_id,status_readiness_trust,labour_ready labour_status labour_warnings labour_warning_count labour_model_trust_state
06_MIRRA_COST_SUMMARY_v4.0_LOCKED.txt,06_MIRRA_COST_SUMMARY_v4.0_LOCKED.txt,174,labour,labour_warnings,snake_case,warning_id,downstream_consumption,- labour_status - labour_model_trust_state - labour_warnings ## Assets
06_MIRRA_COST_SUMMARY_v4.0_LOCKED.txt,06_MIRRA_COST_SUMMARY_v4.0_LOCKED.txt,263,labour,labour_warnings,snake_case,warning_id,downstream_consumption,labour_status labour_model_trust_state labour_warnings From Assets:
07_MIRRA_LABOUR_MODULE_v4.0_LOCKED.txt,07_MIRRA_LABOUR_MODULE_v4.0_LOCKED.txt,854,labour,labour_warnings,snake_case,warning_id,warnings,"labour_ready, labour_status, labour_warnings, labour_warning_count, labour_model_trust_state"
10_MIRRA_MODULE_RECONCILIATION_v4.0_LOCKED.txt,10_MIRRA_MODULE_RECONCILIATION_v4.0_LOCKED.txt,257,labour,labour_warnings,snake_case,warning_id,inputs,labour_status labour_model_trust_state labour_warnings Labour module value should be compared against:
17_MIRRA_COST_ALLOCATION_v4.0_LOCKED.txt,17_MIRRA_COST_ALLOCATION_v4.0_LOCKED.txt,411,labour,labour_warnings,snake_case,warning_id,downstream_consumption,labour_status labour_model_trust_state labour_warnings Labour owns:
07_MIRRA_LABOUR_MODULE_v4.0_LOCKED.txt,07_MIRRA_LABOUR_MODULE_v4.0_LOCKED.txt,751,labour,labour_zero_productive_hours,snake_case,warning_id,warnings,labour_missing_staff_type labour_missing_productive_hours labour_zero_productive_hours productive_staff_type_zero_hours productive_staff_type_zero_cost
07_MIRRA_LABOUR_MODULE_v4.0_LOCKED.txt,07_MIRRA_LABOUR_MODULE_v4.0_LOCKED.txt,796,labour,labour_zero_productive_hours,snake_case,warning_id,warnings,true for recovery/rate calculations. ## labour_zero_productive_hours Use when total productive hours is zero.
15_MIRRA_REVENUE_REALITY_v4.0_LOCKED.txt,15_MIRRA_REVENUE_REALITY_v4.0_LOCKED.txt,1326,labour,margin_after_labour,snake_case,warning_id,warnings,6. Consume Business Summary / Cost Summary Labour burden. 7. Consume Model Readiness trust state. 8. Calculate margin_after_labour. 9. Calculate labour_consumption_of_margin_percent. 10. Calculate surplus / shortfall display values.
15_MIRRA_REVENUE_REALITY_v4.0_LOCKED.txt,15_MIRRA_REVENUE_REALITY_v4.0_LOCKED.txt,1360,labour,margin_after_labour,snake_case,warning_id,warnings,13. Product/unit mode uses annual units. 14. Zero activity driver is guarded. 15. Negative margin_after_labour does not automatically make readiness false. 16. Negative margin_after_labour is shown as commercial pressure. 17. COG reconciliation blocked state blocks trusted output.
15_MIRRA_REVENUE_REALITY_v4.0_LOCKED.txt,15_MIRRA_REVENUE_REALITY_v4.0_LOCKED.txt,1361,labour,margin_after_labour,snake_case,warning_id,warnings,14. Zero activity driver is guarded. 15. Negative margin_after_labour does not automatically make readiness false. 16. Negative margin_after_labour is shown as commercial pressure. 17. COG reconciliation blocked state blocks trusted output. 18. Assets are not included in the Labour stress-test box.
15_MIRRA_REVENUE_REALITY_v4.0_LOCKED.txt,15_MIRRA_REVENUE_REALITY_v4.0_LOCKED.txt,1354,labour,margin_after_labour_percent_of_revenue,snake_case,warning_id,warnings,7. Revenue Reality calculates margin_after_labour. 8. Revenue Reality calculates labour_consumption_of_margin_percent. 9. Revenue Reality calculates margin_after_labour_percent_of_revenue. 10. Revenue Reality shows surplus or shortfall after Labour. 11. Revenue Reality calculates mode-aware per-driver values.
15_MIRRA_REVENUE_REALITY_v4.0_LOCKED.txt,15_MIRRA_REVENUE_REALITY_v4.0_LOCKED.txt,798,labour,margin_pool,snake_case,warning_id,warnings,Use when: labour_cost_for_stress_test > margin_pool Blocking:
14_MIRRA_BUSINESS_SUMMARY_v4.0_LOCKED.txt,14_MIRRA_BUSINESS_SUMMARY_v4.0_LOCKED.txt,1844,labour,material_margin,snake_case,warning_id,warnings,5. Business Summary consumes Model Readiness trust state. 6. Business Summary shows the forward proof. 7. Business Summary calculates material_margin. 8. Business Summary calculates residual_margin_after_labour. 9. Business Summary calculates net_position.
23_MIRRA_JOB_COSTING_PROFITABILITY_v4.0_LOCKED.txt,23_MIRRA_JOB_COSTING_PROFITABILITY_v4.0_LOCKED.txt,912,labour,material_variance_rows,snake_case,warning_id,warnings,"quote_line_profitability_rows, material_variance_rows, labour_variance_rows, asset_variance_rows,"
24_MIRRA_MODEL_FEEDBACK_LOOP_v4.0_LOCKED.txt,24_MIRRA_MODEL_FEEDBACK_LOOP_v4.0_LOCKED.txt,171,labour,material_variance_rows,snake_case,warning_id,downstream_consumption,- job_profitability_rows - quote_line_profitability_rows - material_variance_rows - labour_variance_rows - asset_variance_rows
11_MIRRA_MODEL_READINESS_v4.0_LOCKED.txt,11_MIRRA_MODEL_READINESS_v4.0_LOCKED.txt,530,labour,model_asset_pool_blocked,snake_case,warning_id,warnings,model_labour_blocked model_assets_blocked model_asset_pool_blocked model_asset_transfer_double_count_risk model_general_overheads_blocked
11_MIRRA_MODEL_READINESS_v4.0_LOCKED.txt,11_MIRRA_MODEL_READINESS_v4.0_LOCKED.txt,529,labour,model_assets_blocked,snake_case,warning_id,warnings,model_cog_reconciliation_leak model_labour_blocked model_assets_blocked model_asset_pool_blocked model_asset_transfer_double_count_risk
24_MIRRA_MODEL_FEEDBACK_LOOP_v4.0_LOCKED.txt,24_MIRRA_MODEL_FEEDBACK_LOOP_v4.0_LOCKED.txt,909,labour,model_feedback_asset_recovery_issue,snake_case,warning_id,warnings,model_feedback_supplier_pressure model_feedback_labour_productivity_issue model_feedback_asset_recovery_issue model_feedback_overhead_recovery_issue model_feedback_data_quality_issue
24_MIRRA_MODEL_FEEDBACK_LOOP_v4.0_LOCKED.txt,24_MIRRA_MODEL_FEEDBACK_LOOP_v4.0_LOCKED.txt,908,labour,model_feedback_labour_productivity_issue,snake_case,warning_id,warnings,model_feedback_rate_review_required model_feedback_supplier_pressure model_feedback_labour_productivity_issue model_feedback_asset_recovery_issue model_feedback_overhead_recovery_issue
24_MIRRA_MODEL_FEEDBACK_LOOP_v4.0_LOCKED.txt,24_MIRRA_MODEL_FEEDBACK_LOOP_v4.0_LOCKED.txt,910,labour,model_feedback_overhead_recovery_issue,snake_case,warning_id,warnings,model_feedback_labour_productivity_issue model_feedback_asset_recovery_issue model_feedback_overhead_recovery_issue model_feedback_data_quality_issue model_feedback_preview_only
24_MIRRA_MODEL_FEEDBACK_LOOP_v4.0_LOCKED.txt,24_MIRRA_MODEL_FEEDBACK_LOOP_v4.0_LOCKED.txt,906,labour,model_feedback_rate_review_required,snake_case,warning_id,warnings,model_feedback_low_confidence model_feedback_repeated_issue_detected model_feedback_rate_review_required model_feedback_supplier_pressure model_feedback_labour_productivity_issue
24_MIRRA_MODEL_FEEDBACK_LOOP_v4.0_LOCKED.txt,24_MIRRA_MODEL_FEEDBACK_LOOP_v4.0_LOCKED.txt,907,labour,model_feedback_supplier_pressure,snake_case,warning_id,warnings,model_feedback_repeated_issue_detected model_feedback_rate_review_required model_feedback_supplier_pressure model_feedback_labour_productivity_issue model_feedback_asset_recovery_issue
11_MIRRA_MODEL_READINESS_v4.0_LOCKED.txt,11_MIRRA_MODEL_READINESS_v4.0_LOCKED.txt,566,labour,model_labour_blocked,snake_case,warning_id,status_readiness_trust,true for COG-dependent downstream modules. ## model_labour_blocked Use when Labour status is blocked.
14_MIRRA_BUSINESS_SUMMARY_v4.0_LOCKED.txt,14_MIRRA_BUSINESS_SUMMARY_v4.0_LOCKED.txt,1098,labour,net_position,snake_case,warning_id,warnings,Business Summary may be ready_with_warnings when: - net_position is negative - recovery gap is negative - residual margin after labour is negative
14_MIRRA_BUSINESS_SUMMARY_v4.0_LOCKED.txt,14_MIRRA_BUSINESS_SUMMARY_v4.0_LOCKED.txt,1846,labour,net_position,snake_case,warning_id,warnings,7. Business Summary calculates material_margin. 8. Business Summary calculates residual_margin_after_labour. 9. Business Summary calculates net_position. 10. Negative net_position does not automatically make business_summary_ready false. 11. Negative residual_margin_after_labour does not automatically make business_summary_ready false.
14_MIRRA_BUSINESS_SUMMARY_v4.0_LOCKED.txt,14_MIRRA_BUSINESS_SUMMARY_v4.0_LOCKED.txt,1847,labour,net_position,snake_case,warning_id,warnings,8. Business Summary calculates residual_margin_after_labour. 9. Business Summary calculates net_position. 10. Negative net_position does not automatically make business_summary_ready false. 11. Negative residual_margin_after_labour does not automatically make business_summary_ready false. 12. Business Summary creates mode-aware activity driver labels.
07_MIRRA_LABOUR_MODULE_v4.0_LOCKED.txt,07_MIRRA_LABOUR_MODULE_v4.0_LOCKED.txt,747,labour,no_labour_data,snake_case,warning_id,warnings,Required warning IDs: no_labour_data labour_invalid_staff_cost labour_missing_staff_type
07_MIRRA_LABOUR_MODULE_v4.0_LOCKED.txt,07_MIRRA_LABOUR_MODULE_v4.0_LOCKED.txt,764,labour,no_labour_data,snake_case,warning_id,warnings,# 28. WARNING MEANINGS ## no_labour_data Use when no staff rows exist.
05_MIRRA_GENERAL_OVERHEADS_v4.0_LOCKED.txt,05_MIRRA_GENERAL_OVERHEADS_v4.0_LOCKED.txt,708,labour,possible_duplicate_labour_cost,snake_case,warning_id,status_readiness_trust,review_required. ## possible_duplicate_labour_cost Use when a category appears to duplicate Labour module wage/on-cost values.
07_MIRRA_LABOUR_MODULE_v4.0_LOCKED.txt,07_MIRRA_LABOUR_MODULE_v4.0_LOCKED.txt,1455,labour,productive_staff_type_rate_warnings,snake_case,warning_id,warnings,"- Define owner, meaning, source, downstream consumers where known, current/live status, and review notes. ### `productive_staff_type_rate_warnings` - Classification: `accept_contract_field`"
07_MIRRA_LABOUR_MODULE_v4.0_LOCKED.txt,07_MIRRA_LABOUR_MODULE_v4.0_LOCKED.txt,1466,labour,productive_staff_type_rate_warnings,snake_case,warning_id,warnings,"Brief insertion instruction: - Add `productive_staff_type_rate_warnings` to the `labour` output contract. - Define owner, meaning, source, downstream consumers where known, current/live status, and review notes."
07_MIRRA_LABOUR_MODULE_v4.0_LOCKED.txt,07_MIRRA_LABOUR_MODULE_v4.0_LOCKED.txt,1667,labour,productive_staff_type_rate_warnings,snake_case,warning_id,warnings,- productive_labour_type_rows - productive_rows - productive_staff_type_rate_warnings - profile_rows - rate_builder_labour_recovery_rows
07_MIRRA_LABOUR_MODULE_v4.0_LOCKED.txt,07_MIRRA_LABOUR_MODULE_v4.0_LOCKED.txt,601,labour,productive_staff_type_rates,snake_case,warning_id,warnings,- total_productive_output - weighted_all_productive_labour_rate - productive_staff_type_rates Each trace should identify:
03_MIRRA_VARIABLE_CONTRACT_BRIEF_v4.0_LOCKED.txt,03_MIRRA_VARIABLE_CONTRACT_BRIEF_v4.0_LOCKED.txt,1057,labour,productive_staff_type_unassigned,snake_case,warning_id,warnings,productive_staff_type_zero_hours productive_staff_type_zero_cost productive_staff_type_unassigned total_productive_hours_zero labour_data_missing
07_MIRRA_LABOUR_MODULE_v4.0_LOCKED.txt,07_MIRRA_LABOUR_MODULE_v4.0_LOCKED.txt,754,labour,productive_staff_type_unassigned,snake_case,warning_id,warnings,productive_staff_type_zero_hours productive_staff_type_zero_cost productive_staff_type_unassigned total_productive_hours_zero labour_data_missing
03_MIRRA_VARIABLE_CONTRACT_BRIEF_v4.0_LOCKED.txt,03_MIRRA_VARIABLE_CONTRACT_BRIEF_v4.0_LOCKED.txt,1056,labour,productive_staff_type_zero_cost,snake_case,warning_id,warnings,productive_staff_type_zero_hours productive_staff_type_zero_cost productive_staff_type_unassigned total_productive_hours_zero
07_MIRRA_LABOUR_MODULE_v4.0_LOCKED.txt,07_MIRRA_LABOUR_MODULE_v4.0_LOCKED.txt,753,labour,productive_staff_type_zero_cost,snake_case,warning_id,warnings,labour_zero_productive_hours productive_staff_type_zero_hours productive_staff_type_zero_cost productive_staff_type_unassigned total_productive_hours_zero
07_MIRRA_LABOUR_MODULE_v4.0_LOCKED.txt,07_MIRRA_LABOUR_MODULE_v4.0_LOCKED.txt,812,labour,productive_staff_type_zero_cost,snake_case,warning_id,warnings,true for that staff type rate. ## productive_staff_type_zero_cost Use when a staff type has hours but no cost.
03_MIRRA_VARIABLE_CONTRACT_BRIEF_v4.0_LOCKED.txt,03_MIRRA_VARIABLE_CONTRACT_BRIEF_v4.0_LOCKED.txt,1055,labour,productive_staff_type_zero_hours,snake_case,warning_id,warnings,Required warning IDs: productive_staff_type_zero_hours productive_staff_type_zero_cost productive_staff_type_unassigned
07_MIRRA_LABOUR_MODULE_v4.0_LOCKED.txt,07_MIRRA_LABOUR_MODULE_v4.0_LOCKED.txt,752,labour,productive_staff_type_zero_hours,snake_case,warning_id,warnings,labour_missing_productive_hours labour_zero_productive_hours productive_staff_type_zero_hours productive_staff_type_zero_cost productive_staff_type_unassigned
07_MIRRA_LABOUR_MODULE_v4.0_LOCKED.txt,07_MIRRA_LABOUR_MODULE_v4.0_LOCKED.txt,804,labour,productive_staff_type_zero_hours,snake_case,warning_id,warnings,true for hourly recovery. ## productive_staff_type_zero_hours Use when a staff type has cost but no productive hours.
03_MIRRA_VARIABLE_CONTRACT_BRIEF_v4.0_LOCKED.txt,03_MIRRA_VARIABLE_CONTRACT_BRIEF_v4.0_LOCKED.txt,2874,labour,quote_required_recovery,snake_case,warning_id,ownership,quoted_labour_hours quoted_margin quote_required_recovery quote_recovery_gap quote_viability_status
24_MIRRA_MODEL_FEEDBACK_LOOP_v4.0_LOCKED.txt,24_MIRRA_MODEL_FEEDBACK_LOOP_v4.0_LOCKED.txt,390,labour,rate_review_signal_rows,snake_case,warning_id,status_readiness_trust,- labour rate is below actual cost pressure rate_review_signal_rows[] {
07_MIRRA_LABOUR_MODULE_v4.0_LOCKED.txt,07_MIRRA_LABOUR_MODULE_v4.0_LOCKED.txt,556,labour,rate_status,snake_case,warning_id,warnings,weighted_productive_hourly_rate = 0 rate_status = review_zero_cost Warning:
07_MIRRA_LABOUR_MODULE_v4.0_LOCKED.txt,07_MIRRA_LABOUR_MODULE_v4.0_LOCKED.txt,670,labour,ready_with_warnings,snake_case,warning_id,status_readiness_trust,ready ready_with_warnings review_required blocked
07_MIRRA_LABOUR_MODULE_v4.0_LOCKED.txt,07_MIRRA_LABOUR_MODULE_v4.0_LOCKED.txt,681,labour,ready_with_warnings,snake_case,warning_id,warnings,"Labour data is complete, staff type rates are valid, no blocking warnings. ready_with_warnings: Labour can be used, but non-blocking warnings remain."
07_MIRRA_LABOUR_MODULE_v4.0_LOCKED.txt,07_MIRRA_LABOUR_MODULE_v4.0_LOCKED.txt,716,labour,ready_with_warnings,snake_case,warning_id,status_readiness_trust,→ ready labour_status = ready_with_warnings or review_required → warning
15_MIRRA_REVENUE_REALITY_v4.0_LOCKED.txt,15_MIRRA_REVENUE_REALITY_v4.0_LOCKED.txt,672,labour,ready_with_warnings,snake_case,warning_id,warnings,Inputs are trusted and margin after Labour is positive. ready_with_warnings: Inputs are trusted but warnings remain visible.
15_MIRRA_REVENUE_REALITY_v4.0_LOCKED.txt,15_MIRRA_REVENUE_REALITY_v4.0_LOCKED.txt,739,labour,ready_with_warnings,snake_case,warning_id,warnings,- no blocking Revenue Reality warning exists Revenue Reality may be ready_with_warnings when: - margin after Labour is negative
10_MIRRA_MODULE_RECONCILIATION_v4.0_LOCKED.txt,10_MIRRA_MODULE_RECONCILIATION_v4.0_LOCKED.txt,872,labour,reconciliation_asset_finance_variance,snake_case,warning_id,warnings,reconciliation_missing_general_overheads reconciliation_labour_variance reconciliation_asset_finance_variance reconciliation_general_overheads_variance reconciliation_total_business_cost_variance
10_MIRRA_MODULE_RECONCILIATION_v4.0_LOCKED.txt,10_MIRRA_MODULE_RECONCILIATION_v4.0_LOCKED.txt,873,labour,reconciliation_general_overheads_variance,snake_case,warning_id,warnings,reconciliation_labour_variance reconciliation_asset_finance_variance reconciliation_general_overheads_variance reconciliation_total_business_cost_variance reconciliation_cog_leak_detected
10_MIRRA_MODULE_RECONCILIATION_v4.0_LOCKED.txt,10_MIRRA_MODULE_RECONCILIATION_v4.0_LOCKED.txt,871,labour,reconciliation_labour_variance,snake_case,warning_id,warnings,reconciliation_missing_assets reconciliation_missing_general_overheads reconciliation_labour_variance reconciliation_asset_finance_variance reconciliation_general_overheads_variance
10_MIRRA_MODULE_RECONCILIATION_v4.0_LOCKED.txt,10_MIRRA_MODULE_RECONCILIATION_v4.0_LOCKED.txt,869,labour,reconciliation_missing_assets,snake_case,warning_id,warnings,reconciliation_missing_pnl reconciliation_missing_labour reconciliation_missing_assets reconciliation_missing_general_overheads reconciliation_labour_variance
10_MIRRA_MODULE_RECONCILIATION_v4.0_LOCKED.txt,10_MIRRA_MODULE_RECONCILIATION_v4.0_LOCKED.txt,870,labour,reconciliation_missing_general_overheads,snake_case,warning_id,warnings,reconciliation_missing_labour reconciliation_missing_assets reconciliation_missing_general_overheads reconciliation_labour_variance reconciliation_asset_finance_variance
10_MIRRA_MODULE_RECONCILIATION_v4.0_LOCKED.txt,10_MIRRA_MODULE_RECONCILIATION_v4.0_LOCKED.txt,868,labour,reconciliation_missing_labour,snake_case,warning_id,warnings,reconciliation_missing_pnl reconciliation_missing_labour reconciliation_missing_assets reconciliation_missing_general_overheads
10_MIRRA_MODULE_RECONCILIATION_v4.0_LOCKED.txt,10_MIRRA_MODULE_RECONCILIATION_v4.0_LOCKED.txt,867,labour,reconciliation_missing_pnl,snake_case,warning_id,warnings,Required warning IDs: reconciliation_missing_pnl reconciliation_missing_labour reconciliation_missing_assets
14_MIRRA_BUSINESS_SUMMARY_v4.0_LOCKED.txt,14_MIRRA_BUSINESS_SUMMARY_v4.0_LOCKED.txt,595,labour,recovery_gap_label,snake_case,warning_id,calculation,required_recovery_unit_label = $/unit current_margin_label = Current margin per unit recovery_gap_label = Recovery gap per unit Do not use productive hours as the primary driver in product/unit mode.
18_MIRRA_RECOVERY_SUMMARY_v4.0_LOCKED.txt,18_MIRRA_RECOVERY_SUMMARY_v4.0_LOCKED.txt,953,labour,recovery_summary_asset_reality_pressure,snake_case,warning_id,warnings,recovery_summary_model_under_recovered recovery_summary_revenue_reality_pressure recovery_summary_asset_reality_pressure recovery_summary_unassigned_labour_pool recovery_summary_unassigned_asset_pool
18_MIRRA_RECOVERY_SUMMARY_v4.0_LOCKED.txt,18_MIRRA_RECOVERY_SUMMARY_v4.0_LOCKED.txt,952,labour,recovery_summary_revenue_reality_pressure,snake_case,warning_id,warnings,recovery_summary_group_under_recovered recovery_summary_model_under_recovered recovery_summary_revenue_reality_pressure recovery_summary_asset_reality_pressure recovery_summary_unassigned_labour_pool
18_MIRRA_RECOVERY_SUMMARY_v4.0_LOCKED.txt,18_MIRRA_RECOVERY_SUMMARY_v4.0_LOCKED.txt,955,labour,recovery_summary_unassigned_asset_pool,snake_case,warning_id,warnings,recovery_summary_asset_reality_pressure recovery_summary_unassigned_labour_pool recovery_summary_unassigned_asset_pool recovery_summary_unassigned_overhead_pool recovery_summary_preview_only
18_MIRRA_RECOVERY_SUMMARY_v4.0_LOCKED.txt,18_MIRRA_RECOVERY_SUMMARY_v4.0_LOCKED.txt,954,labour,recovery_summary_unassigned_labour_pool,snake_case,warning_id,warnings,recovery_summary_revenue_reality_pressure recovery_summary_asset_reality_pressure recovery_summary_unassigned_labour_pool recovery_summary_unassigned_asset_pool recovery_summary_unassigned_overhead_pool
18_MIRRA_RECOVERY_SUMMARY_v4.0_LOCKED.txt,18_MIRRA_RECOVERY_SUMMARY_v4.0_LOCKED.txt,956,labour,recovery_summary_unassigned_overhead_pool,snake_case,warning_id,warnings,recovery_summary_unassigned_labour_pool recovery_summary_unassigned_asset_pool recovery_summary_unassigned_overhead_pool recovery_summary_preview_only recovery_summary_not_available
14_MIRRA_BUSINESS_SUMMARY_v4.0_LOCKED.txt,14_MIRRA_BUSINESS_SUMMARY_v4.0_LOCKED.txt,1852,labour,required_recovery_per_driver,snake_case,warning_id,warnings,13. Hours-based mode uses productive hours as driver. 14. Product/unit mode uses annual units as driver. 15. Business Summary calculates required_recovery_per_driver. 16. Business Summary calculates current_margin_per_driver. 17. Business Summary calculates recovery_gap_per_driver.
14_MIRRA_BUSINESS_SUMMARY_v4.0_LOCKED.txt,14_MIRRA_BUSINESS_SUMMARY_v4.0_LOCKED.txt,1175,labour,residual_margin_after_labour,snake_case,warning_id,warnings,## business_summary_negative_residual_margin_after_labour Use when residual_margin_after_labour < 0. Blocking:
14_MIRRA_BUSINESS_SUMMARY_v4.0_LOCKED.txt,14_MIRRA_BUSINESS_SUMMARY_v4.0_LOCKED.txt,1845,labour,residual_margin_after_labour,snake_case,warning_id,warnings,6. Business Summary shows the forward proof. 7. Business Summary calculates material_margin. 8. Business Summary calculates residual_margin_after_labour. 9. Business Summary calculates net_position. 10. Negative net_position does not automatically make business_summary_ready false.
14_MIRRA_BUSINESS_SUMMARY_v4.0_LOCKED.txt,14_MIRRA_BUSINESS_SUMMARY_v4.0_LOCKED.txt,1848,labour,residual_margin_after_labour,snake_case,warning_id,warnings,9. Business Summary calculates net_position. 10. Negative net_position does not automatically make business_summary_ready false. 11. Negative residual_margin_after_labour does not automatically make business_summary_ready false. 12. Business Summary creates mode-aware activity driver labels. 13. Hours-based mode uses productive hours as driver.
15_MIRRA_REVENUE_REALITY_v4.0_LOCKED.txt,15_MIRRA_REVENUE_REALITY_v4.0_LOCKED.txt,785,labour,revenue_reality_cog_reconciliation_blocked,snake_case,warning_id,warnings,revenue_reality_labour_exceeds_margin revenue_reality_low_margin_after_labour revenue_reality_cog_reconciliation_blocked revenue_reality_upstream_warning revenue_reality_upstream_blocked
15_MIRRA_REVENUE_REALITY_v4.0_LOCKED.txt,15_MIRRA_REVENUE_REALITY_v4.0_LOCKED.txt,820,labour,revenue_reality_cog_reconciliation_blocked,snake_case,warning_id,status_readiness_trust,The business has little margin left after Labour before Assets and Overheads. ## revenue_reality_cog_reconciliation_blocked Use when COG reconciliation is blocked or leak_detected and Revenue Reality depends on COG totals.
15_MIRRA_REVENUE_REALITY_v4.0_LOCKED.txt,15_MIRRA_REVENUE_REALITY_v4.0_LOCKED.txt,783,labour,revenue_reality_labour_exceeds_margin,snake_case,warning_id,warnings,revenue_reality_margin_pool_zero revenue_reality_margin_pool_negative revenue_reality_labour_exceeds_margin revenue_reality_low_margin_after_labour revenue_reality_cog_reconciliation_blocked
15_MIRRA_REVENUE_REALITY_v4.0_LOCKED.txt,15_MIRRA_REVENUE_REALITY_v4.0_LOCKED.txt,794,labour,revenue_reality_labour_exceeds_margin,snake_case,warning_id,warnings,# 30. WARNING MEANINGS ## revenue_reality_labour_exceeds_margin Use when:
15_MIRRA_REVENUE_REALITY_v4.0_LOCKED.txt,15_MIRRA_REVENUE_REALITY_v4.0_LOCKED.txt,784,labour,revenue_reality_low_margin_after_labour,snake_case,warning_id,warnings,revenue_reality_margin_pool_negative revenue_reality_labour_exceeds_margin revenue_reality_low_margin_after_labour revenue_reality_cog_reconciliation_blocked revenue_reality_upstream_warning
15_MIRRA_REVENUE_REALITY_v4.0_LOCKED.txt,15_MIRRA_REVENUE_REALITY_v4.0_LOCKED.txt,808,labour,revenue_reality_low_margin_after_labour,snake_case,warning_id,warnings,"Labour exceeds the available margin pool. This is a commercial pressure result, not a data failure. ## revenue_reality_low_margin_after_labour Use when margin after Labour is positive but low."
15_MIRRA_REVENUE_REALITY_v4.0_LOCKED.txt,15_MIRRA_REVENUE_REALITY_v4.0_LOCKED.txt,782,labour,revenue_reality_margin_pool_negative,snake_case,warning_id,warnings,revenue_reality_zero_activity_driver revenue_reality_margin_pool_zero revenue_reality_margin_pool_negative revenue_reality_labour_exceeds_margin revenue_reality_low_margin_after_labour
15_MIRRA_REVENUE_REALITY_v4.0_LOCKED.txt,15_MIRRA_REVENUE_REALITY_v4.0_LOCKED.txt,781,labour,revenue_reality_margin_pool_zero,snake_case,warning_id,warnings,revenue_reality_missing_activity_driver revenue_reality_zero_activity_driver revenue_reality_margin_pool_zero revenue_reality_margin_pool_negative revenue_reality_labour_exceeds_margin
15_MIRRA_REVENUE_REALITY_v4.0_LOCKED.txt,15_MIRRA_REVENUE_REALITY_v4.0_LOCKED.txt,779,labour,revenue_reality_missing_activity_driver,snake_case,warning_id,warnings,revenue_reality_missing_margin_pool revenue_reality_missing_labour_cost revenue_reality_missing_activity_driver revenue_reality_zero_activity_driver revenue_reality_margin_pool_zero
15_MIRRA_REVENUE_REALITY_v4.0_LOCKED.txt,15_MIRRA_REVENUE_REALITY_v4.0_LOCKED.txt,786,labour,revenue_reality_upstream_warning,snake_case,warning_id,warnings,revenue_reality_low_margin_after_labour revenue_reality_cog_reconciliation_blocked revenue_reality_upstream_warning revenue_reality_upstream_blocked revenue_reality_preview_only
15_MIRRA_REVENUE_REALITY_v4.0_LOCKED.txt,15_MIRRA_REVENUE_REALITY_v4.0_LOCKED.txt,780,labour,revenue_reality_zero_activity_driver,snake_case,warning_id,warnings,revenue_reality_missing_labour_cost revenue_reality_missing_activity_driver revenue_reality_zero_activity_driver revenue_reality_margin_pool_zero revenue_reality_margin_pool_negative
20_MIRRA_BUSINESS_OUTCOME_v4.0_LOCKED.txt,20_MIRRA_BUSINESS_OUTCOME_v4.0_LOCKED.txt,673,labour,revenue_shortfall,snake_case,warning_id,inputs,Allowed pressure_source values: - revenue_shortfall - cog_pressure - labour_pressure
07_MIRRA_LABOUR_MODULE_v4.0_LOCKED.txt,07_MIRRA_LABOUR_MODULE_v4.0_LOCKED.txt,742,labour,review_action,snake_case,warning_id,warnings,"affected_variable, blocking, review_action }"
03_MIRRA_VARIABLE_CONTRACT_BRIEF_v4.0_LOCKED.txt,03_MIRRA_VARIABLE_CONTRACT_BRIEF_v4.0_LOCKED.txt,1975,labour,review_required,snake_case,warning_id,inputs,mixed_labour_asset_group product_unit_group review_required ## 20.4 Default productive labour group
05_MIRRA_GENERAL_OVERHEADS_v4.0_LOCKED.txt,05_MIRRA_GENERAL_OVERHEADS_v4.0_LOCKED.txt,706,labour,review_required,snake_case,warning_id,status_readiness_trust,Blocking: review_required. ## possible_duplicate_labour_cost
07_MIRRA_LABOUR_MODULE_v4.0_LOCKED.txt,07_MIRRA_LABOUR_MODULE_v4.0_LOCKED.txt,322,labour,review_required,snake_case,warning_id,row_or_array_contract,employment_type = other review_required = true ---
07_MIRRA_LABOUR_MODULE_v4.0_LOCKED.txt,07_MIRRA_LABOUR_MODULE_v4.0_LOCKED.txt,671,labour,review_required,snake_case,warning_id,status_readiness_trust,ready ready_with_warnings review_required blocked preview_only
07_MIRRA_LABOUR_MODULE_v4.0_LOCKED.txt,07_MIRRA_LABOUR_MODULE_v4.0_LOCKED.txt,684,labour,review_required,snake_case,warning_id,status_readiness_trust,"Labour can be used, but non-blocking warnings remain. review_required: Labour can calculate, but user review is required before relying downstream."
07_MIRRA_LABOUR_MODULE_v4.0_LOCKED.txt,07_MIRRA_LABOUR_MODULE_v4.0_LOCKED.txt,716,labour,review_required,snake_case,warning_id,status_readiness_trust,→ ready labour_status = ready_with_warnings or review_required → warning
07_MIRRA_LABOUR_MODULE_v4.0_LOCKED.txt,07_MIRRA_LABOUR_MODULE_v4.0_LOCKED.txt,818,labour,review_required,snake_case,warning_id,warnings,Blocking: review_required. ## labour_reconciliation_variance
15_MIRRA_REVENUE_REALITY_v4.0_LOCKED.txt,15_MIRRA_REVENUE_REALITY_v4.0_LOCKED.txt,422,labour,review_required,snake_case,warning_id,downstream_consumption,labour_consumption_of_margin_percent = 0 status = review_required or blocked depending source state Do not divide by zero.
15_MIRRA_REVENUE_REALITY_v4.0_LOCKED.txt,15_MIRRA_REVENUE_REALITY_v4.0_LOCKED.txt,471,labour,review_required,snake_case,warning_id,downstream_consumption,"margin_pool - labour_cost_for_stress_test If the reconciliation does not hold, show review_required or blocked depending severity. ---"
15_MIRRA_REVENUE_REALITY_v4.0_LOCKED.txt,15_MIRRA_REVENUE_REALITY_v4.0_LOCKED.txt,1187,labour,review_required,snake_case,warning_id,status_readiness_trust,"- margin after Labour per unit If driver is missing, show review_required. ---"
03_MIRRA_VARIABLE_CONTRACT_BRIEF_v4.0_LOCKED.txt,03_MIRRA_VARIABLE_CONTRACT_BRIEF_v4.0_LOCKED.txt,1033,labour,review_zero_cost,snake_case,warning_id,status_readiness_trust,ready invalid_zero_productive_hours review_zero_cost review_unassigned_staff_type
07_MIRRA_LABOUR_MODULE_v4.0_LOCKED.txt,07_MIRRA_LABOUR_MODULE_v4.0_LOCKED.txt,517,labour,review_zero_cost,snake_case,warning_id,status_readiness_trust,ready invalid_zero_productive_hours review_zero_cost review_unassigned_staff_type
07_MIRRA_LABOUR_MODULE_v4.0_LOCKED.txt,07_MIRRA_LABOUR_MODULE_v4.0_LOCKED.txt,528,labour,review_zero_cost,snake_case,warning_id,status_readiness_trust,staff type has annual cost but zero productive hours. review_zero_cost: staff type has productive hours but zero annual cost.
07_MIRRA_LABOUR_MODULE_v4.0_LOCKED.txt,07_MIRRA_LABOUR_MODULE_v4.0_LOCKED.txt,556,labour,review_zero_cost,snake_case,warning_id,warnings,weighted_productive_hourly_rate = 0 rate_status = review_zero_cost Warning:
24_MIRRA_MODEL_FEEDBACK_LOOP_v4.0_LOCKED.txt,24_MIRRA_MODEL_FEEDBACK_LOOP_v4.0_LOCKED.txt,594,labour,scope_variance,snake_case,warning_id,status_readiness_trust,- labour_productivity_variance - asset_variance - scope_variance - data_quality_issue - mixed
22_MIRRA_SOQ_JOB_PO_LAYER_v4.0_LOCKED.txt,22_MIRRA_SOQ_JOB_PO_LAYER_v4.0_LOCKED.txt,733,labour,soq_asset_unmapped,snake_case,warning_id,warnings,soq_material_unmapped soq_labour_unmapped soq_asset_unmapped soq_subcontractor_unmapped soq_actual_cost_missing
22_MIRRA_SOQ_JOB_PO_LAYER_v4.0_LOCKED.txt,22_MIRRA_SOQ_JOB_PO_LAYER_v4.0_LOCKED.txt,730,labour,soq_invoice_not_matched,snake_case,warning_id,warnings,soq_missing_po_link soq_missing_supplier_link soq_invoice_not_matched soq_material_unmapped soq_labour_unmapped
22_MIRRA_SOQ_JOB_PO_LAYER_v4.0_LOCKED.txt,22_MIRRA_SOQ_JOB_PO_LAYER_v4.0_LOCKED.txt,732,labour,soq_labour_unmapped,snake_case,warning_id,warnings,soq_invoice_not_matched soq_material_unmapped soq_labour_unmapped soq_asset_unmapped soq_subcontractor_unmapped
22_MIRRA_SOQ_JOB_PO_LAYER_v4.0_LOCKED.txt,22_MIRRA_SOQ_JOB_PO_LAYER_v4.0_LOCKED.txt,731,labour,soq_material_unmapped,snake_case,warning_id,warnings,soq_missing_supplier_link soq_invoice_not_matched soq_material_unmapped soq_labour_unmapped soq_asset_unmapped
22_MIRRA_SOQ_JOB_PO_LAYER_v4.0_LOCKED.txt,22_MIRRA_SOQ_JOB_PO_LAYER_v4.0_LOCKED.txt,734,labour,soq_subcontractor_unmapped,snake_case,warning_id,warnings,soq_labour_unmapped soq_asset_unmapped soq_subcontractor_unmapped soq_actual_cost_missing soq_actual_exceeds_quote
07_MIRRA_LABOUR_MODULE_v4.0_LOCKED.txt,07_MIRRA_LABOUR_MODULE_v4.0_LOCKED.txt,605,labour,source_module,snake_case,warning_id,warnings,Each trace should identify: - source_module = labour - source_variable - calculation_rule
07_MIRRA_LABOUR_MODULE_v4.0_LOCKED.txt,07_MIRRA_LABOUR_MODULE_v4.0_LOCKED.txt,737,labour,source_module,snake_case,warning_id,warnings,"{ warning_id, source_module, severity, message,"
07_MIRRA_LABOUR_MODULE_v4.0_LOCKED.txt,07_MIRRA_LABOUR_MODULE_v4.0_LOCKED.txt,608,labour,source_status,snake_case,warning_id,warnings,- source_variable - calculation_rule - source_status - trust_state
07_MIRRA_LABOUR_MODULE_v4.0_LOCKED.txt,07_MIRRA_LABOUR_MODULE_v4.0_LOCKED.txt,606,labour,source_variable,snake_case,warning_id,warnings,- source_module = labour - source_variable - calculation_rule - source_status
07_MIRRA_LABOUR_MODULE_v4.0_LOCKED.txt,07_MIRRA_LABOUR_MODULE_v4.0_LOCKED.txt,568,labour,staff_type_id,snake_case,warning_id,warnings,# 21. UNASSIGNED STAFF TYPE GUARDRAIL If productive staff has no staff_type_id: place into review bucket:
07_MIRRA_LABOUR_MODULE_v4.0_LOCKED.txt,07_MIRRA_LABOUR_MODULE_v4.0_LOCKED.txt,572,labour,staff_type_id,snake_case,warning_id,warnings,place into review bucket: staff_type_id = unassigned_productive_review staff_type_name = Unassigned / Review required
07_MIRRA_LABOUR_MODULE_v4.0_LOCKED.txt,07_MIRRA_LABOUR_MODULE_v4.0_LOCKED.txt,573,labour,staff_type_name,snake_case,warning_id,warnings,staff_type_id = unassigned_productive_review staff_type_name = Unassigned / Review required Expose:
23_MIRRA_JOB_COSTING_PROFITABILITY_v4.0_LOCKED.txt,23_MIRRA_JOB_COSTING_PROFITABILITY_v4.0_LOCKED.txt,915,labour,subcontractor_variance_rows,snake_case,warning_id,warnings,"labour_variance_rows, asset_variance_rows, subcontractor_variance_rows, overhead_recovery_variance_rows,"
24_MIRRA_MODEL_FEEDBACK_LOOP_v4.0_LOCKED.txt,24_MIRRA_MODEL_FEEDBACK_LOOP_v4.0_LOCKED.txt,174,labour,subcontractor_variance_rows,snake_case,warning_id,downstream_consumption,- labour_variance_rows - asset_variance_rows - subcontractor_variance_rows - overhead_recovery_variance_rows - supplier_job_performance_rows
24_MIRRA_MODEL_FEEDBACK_LOOP_v4.0_LOCKED.txt,24_MIRRA_MODEL_FEEDBACK_LOOP_v4.0_LOCKED.txt,591,labour,supplier_variance,snake_case,warning_id,status_readiness_trust,- quote_margin_shortfall - execution_variance - supplier_variance - labour_productivity_variance - asset_variance
06_MIRRA_COST_SUMMARY_v4.0_LOCKED.txt,06_MIRRA_COST_SUMMARY_v4.0_LOCKED.txt,1160,labour,total_asset_cost_annual,snake_case,warning_id,warnings,3. Cost Summary does not include Revenue. 4. total_people_cost_annual is traceable to Labour. 5. total_asset_cost_annual is traceable to Assets. 6. total_business_overheads is traceable to General Overheads. 7. total_cost_burden equals people + assets + overheads.
06_MIRRA_COST_SUMMARY_v4.0_LOCKED.txt,06_MIRRA_COST_SUMMARY_v4.0_LOCKED.txt,1161,labour,total_business_overheads,snake_case,warning_id,warnings,4. total_people_cost_annual is traceable to Labour. 5. total_asset_cost_annual is traceable to Assets. 6. total_business_overheads is traceable to General Overheads. 7. total_cost_burden equals people + assets + overheads. 8. total_business_cost_annual does not diverge from total_cost_burden.
06_MIRRA_COST_SUMMARY_v4.0_LOCKED.txt,06_MIRRA_COST_SUMMARY_v4.0_LOCKED.txt,999,labour,total_labour_cost_annual,snake_case,warning_id,warnings,- total_people_cost_annual - total_labour_cost_annual where needed - cost_summary_model_trust_state
07_MIRRA_LABOUR_MODULE_v4.0_LOCKED.txt,07_MIRRA_LABOUR_MODULE_v4.0_LOCKED.txt,595,labour,total_labour_cost_annual,snake_case,warning_id,warnings,Required source trace for: - total_labour_cost_annual - total_people_cost_annual - total_productive_labour_cost
07_MIRRA_LABOUR_MODULE_v4.0_LOCKED.txt,07_MIRRA_LABOUR_MODULE_v4.0_LOCKED.txt,623,labour,total_labour_cost_annual,snake_case,warning_id,warnings,Relevant Labour outputs: total_labour_cost_annual total_people_cost_annual labour_ready
06_MIRRA_COST_SUMMARY_v4.0_LOCKED.txt,06_MIRRA_COST_SUMMARY_v4.0_LOCKED.txt,998,labour,total_people_cost_annual,snake_case,warning_id,warnings,Revenue Reality should receive: - total_people_cost_annual - total_labour_cost_annual where needed - cost_summary_model_trust_state
07_MIRRA_LABOUR_MODULE_v4.0_LOCKED.txt,07_MIRRA_LABOUR_MODULE_v4.0_LOCKED.txt,596,labour,total_people_cost_annual,snake_case,warning_id,warnings,- total_labour_cost_annual - total_people_cost_annual - total_productive_labour_cost - total_productive_labour_hours
07_MIRRA_LABOUR_MODULE_v4.0_LOCKED.txt,07_MIRRA_LABOUR_MODULE_v4.0_LOCKED.txt,624,labour,total_people_cost_annual,snake_case,warning_id,warnings,total_labour_cost_annual total_people_cost_annual labour_ready labour_status
03_MIRRA_VARIABLE_CONTRACT_BRIEF_v4.0_LOCKED.txt,03_MIRRA_VARIABLE_CONTRACT_BRIEF_v4.0_LOCKED.txt,1058,labour,total_productive_hours_zero,snake_case,warning_id,warnings,productive_staff_type_zero_cost productive_staff_type_unassigned total_productive_hours_zero labour_data_missing labour_reconciliation_variance
07_MIRRA_LABOUR_MODULE_v4.0_LOCKED.txt,07_MIRRA_LABOUR_MODULE_v4.0_LOCKED.txt,755,labour,total_productive_hours_zero,snake_case,warning_id,warnings,productive_staff_type_zero_cost productive_staff_type_unassigned total_productive_hours_zero labour_data_missing labour_reconciliation_variance
07_MIRRA_LABOUR_MODULE_v4.0_LOCKED.txt,07_MIRRA_LABOUR_MODULE_v4.0_LOCKED.txt,597,labour,total_productive_labour_cost,snake_case,warning_id,warnings,- total_labour_cost_annual - total_people_cost_annual - total_productive_labour_cost - total_productive_labour_hours - total_productive_output
07_MIRRA_LABOUR_MODULE_v4.0_LOCKED.txt,07_MIRRA_LABOUR_MODULE_v4.0_LOCKED.txt,598,labour,total_productive_labour_hours,snake_case,warning_id,warnings,- total_people_cost_annual - total_productive_labour_cost - total_productive_labour_hours - total_productive_output - weighted_all_productive_labour_rate
07_MIRRA_LABOUR_MODULE_v4.0_LOCKED.txt,07_MIRRA_LABOUR_MODULE_v4.0_LOCKED.txt,599,labour,total_productive_output,snake_case,warning_id,warnings,- total_productive_labour_cost - total_productive_labour_hours - total_productive_output - weighted_all_productive_labour_rate - productive_staff_type_rates
07_MIRRA_LABOUR_MODULE_v4.0_LOCKED.txt,07_MIRRA_LABOUR_MODULE_v4.0_LOCKED.txt,609,labour,trust_state,snake_case,warning_id,warnings,- calculation_rule - source_status - trust_state ---
03_MIRRA_VARIABLE_CONTRACT_BRIEF_v4.0_LOCKED.txt,03_MIRRA_VARIABLE_CONTRACT_BRIEF_v4.0_LOCKED.txt,1046,labour,unassigned_productive_review,snake_case,warning_id,status_readiness_trust,assign to review bucket: staff_type_id = unassigned_productive_review staff_type_name = Unassigned / Review required
07_MIRRA_LABOUR_MODULE_v4.0_LOCKED.txt,07_MIRRA_LABOUR_MODULE_v4.0_LOCKED.txt,572,labour,unassigned_productive_review,snake_case,warning_id,warnings,place into review bucket: staff_type_id = unassigned_productive_review staff_type_name = Unassigned / Review required
07_MIRRA_LABOUR_MODULE_v4.0_LOCKED.txt,07_MIRRA_LABOUR_MODULE_v4.0_LOCKED.txt,577,labour,unassigned_productive_staff,snake_case,warning_id,warnings,Expose: unassigned_productive_staff[] unassigned_productive_staff_cost unassigned_productive_staff_hours
07_MIRRA_LABOUR_MODULE_v4.0_LOCKED.txt,07_MIRRA_LABOUR_MODULE_v4.0_LOCKED.txt,578,labour,unassigned_productive_staff_cost,snake_case,warning_id,warnings,unassigned_productive_staff[] unassigned_productive_staff_cost unassigned_productive_staff_hours
07_MIRRA_LABOUR_MODULE_v4.0_LOCKED.txt,07_MIRRA_LABOUR_MODULE_v4.0_LOCKED.txt,579,labour,unassigned_productive_staff_hours,snake_case,warning_id,warnings,unassigned_productive_staff[] unassigned_productive_staff_cost unassigned_productive_staff_hours Warning:
03_MIRRA_VARIABLE_CONTRACT_BRIEF_v4.0_LOCKED.txt,03_MIRRA_VARIABLE_CONTRACT_BRIEF_v4.0_LOCKED.txt,2763,labour,unit_margin_gap,snake_case,warning_id,status_readiness_trust,labour_under_recovery asset_under_recovery unit_margin_gap unit_volume_gap overhead_burden_gap
07_MIRRA_LABOUR_MODULE_v4.0_LOCKED.txt,07_MIRRA_LABOUR_MODULE_v4.0_LOCKED.txt,736,labour,warning_id,snake_case,warning_id,warnings,"{ warning_id, source_module, severity,"
07_MIRRA_LABOUR_MODULE_v4.0_LOCKED.txt,07_MIRRA_LABOUR_MODULE_v4.0_LOCKED.txt,1462,labour,warnings_field,snake_case,warning_id,warnings,- Reason: Field is a named business/status/readiness/financial/hour/recovery output used by code. - Source code file(s): components\labour\LabourCompactWorkspaceCard.jsx | components\labour\ProductiveStaffTypeRatesPanel.jsx | lib\calculations\labourCalculations.js | lib\selectors\labour\labourOutputContractSelectors.js - Audit notes: implemented_contract_not_documented_in_brief | warnings_field Brief insertion instruction:
07_MIRRA_LABOUR_MODULE_v4.0_LOCKED.txt,07_MIRRA_LABOUR_MODULE_v4.0_LOCKED.txt,600,labour,weighted_all_productive_labour_rate,snake_case,warning_id,warnings,- total_productive_labour_hours - total_productive_output - weighted_all_productive_labour_rate - productive_staff_type_rates
07_MIRRA_LABOUR_MODULE_v4.0_LOCKED.txt,07_MIRRA_LABOUR_MODULE_v4.0_LOCKED.txt,555,labour,weighted_productive_hourly_rate,snake_case,warning_id,warnings,If a productive staff type has productive hours but zero annual cost: weighted_productive_hourly_rate = 0 rate_status = review_zero_cost
# QS Tools — Future Build Brief Micro Recovery Layer Rollout.txt,# QS Tools — Future Build Brief Micro Recovery Layer Rollout.txt,440,macro-micro,blocking_share_warning_count,snake_case,warning_id,warnings,```txt share_warning_count blocking_share_warning_count review_share_warning_count share_warning_rows
# QS Tools — Future Build Brief Micro Recovery Layer Rollout.txt,# QS Tools — Future Build Brief Micro Recovery Layer Rollout.txt,454,macro-micro,cost_stream,snake_case,warning_id,warnings,severity module cost_stream driver message
31_Macro_Micro_Layer_v4.0_Locked.txt,31_Macro_Micro_Layer_v4.0_Locked.txt,247,macro-micro,macro_required_operating_hour_rate,snake_case,warning_id,calculation,```txt deficit_or_surplus_per_open_hour = actual_margin_per_open_hour - macro_required_operating_hour_rate ```
# QS Tools — Future Build Brief Micro Recovery Layer Rollout.txt,# QS Tools — Future Build Brief Micro Recovery Layer Rollout.txt,283,macro-micro,recovery_gap_per_selected_driver,snake_case,warning_id,status_readiness_trust,required_recovery_per_selected_driver actual_recovery_per_selected_driver recovery_gap_per_selected_driver group_recovery_status division_recovery_status
# QS Tools — Future Build Brief Micro Recovery Layer Rollout.txt,# QS Tools — Future Build Brief Micro Recovery Layer Rollout.txt,290,macro-micro,recovery_share_warnings,snake_case,warning_id,status_readiness_trust,material_recovery_status overhead_absorption_status recovery_share_warnings ```
# QS Tools — Future Build Brief Micro Recovery Layer Rollout.txt,# QS Tools — Future Build Brief Micro Recovery Layer Rollout.txt,457,macro-micro,review_action,snake_case,warning_id,warnings,driver message review_action ```
# QS Tools — Future Build Brief Micro Recovery Layer Rollout.txt,# QS Tools — Future Build Brief Micro Recovery Layer Rollout.txt,441,macro-micro,review_share_warning_count,snake_case,warning_id,warnings,share_warning_count blocking_share_warning_count review_share_warning_count share_warning_rows recovery_share_total_percent
# QS Tools — Future Build Brief Micro Recovery Layer Rollout.txt,# QS Tools — Future Build Brief Micro Recovery Layer Rollout.txt,439,macro-micro,share_warning_count,snake_case,warning_id,warnings,```txt share_warning_count blocking_share_warning_count review_share_warning_count
# QS Tools — Future Build Brief Micro Recovery Layer Rollout.txt,# QS Tools — Future Build Brief Micro Recovery Layer Rollout.txt,442,macro-micro,share_warning_rows,snake_case,warning_id,warnings,blocking_share_warning_count review_share_warning_count share_warning_rows recovery_share_total_percent unallocated_share_percent
# QS Tools — Future Build Brief Micro Recovery Layer Rollout.txt,# QS Tools — Future Build Brief Micro Recovery Layer Rollout.txt,451,macro-micro,warning_id,snake_case,warning_id,warnings,```txt warning_id severity module
24_MIRRA_MODEL_FEEDBACK_LOOP_v4.0_LOCKED.txt,24_MIRRA_MODEL_FEEDBACK_LOOP_v4.0_LOCKED.txt,748,model-feedback,rate_review_handoff_rows,snake_case,warning_id,status_readiness_trust,Model Feedback Loop may create rate review handoff rows. rate_review_handoff_rows[] {
11_MIRRA_MODEL_READINESS_v4.0_LOCKED.txt,11_MIRRA_MODEL_READINESS_v4.0_LOCKED.txt,516,model-readiness,affected_variable,snake_case,warning_id,warnings,"severity, message, affected_variable, blocking, review_action"
30_MIRRA_BUSINESS_MODELLING_v4.0_LOCKED.txt,30_MIRRA_BUSINESS_MODELLING_v4.0_LOCKED.txt,836,model-readiness,business_modelling_warning_count,snake_case,warning_id,warnings,"business_modelling_status, business_modelling_warnings, business_modelling_warning_count, business_modelling_model_trust_state,"
30_MIRRA_BUSINESS_MODELLING_v4.0_LOCKED.txt,30_MIRRA_BUSINESS_MODELLING_v4.0_LOCKED.txt,835,model-readiness,business_modelling_warnings,snake_case,warning_id,warnings,"business_modelling_ready, business_modelling_status, business_modelling_warnings, business_modelling_warning_count, business_modelling_model_trust_state,"
20_MIRRA_BUSINESS_OUTCOME_v4.0_LOCKED.txt,20_MIRRA_BUSINESS_OUTCOME_v4.0_LOCKED.txt,784,model-readiness,business_outcome_model_trust_state,snake_case,warning_id,warnings,If outcome is calculated and no warnings: business_outcome_model_trust_state = ready ---
03_MIRRA_VARIABLE_CONTRACT_BRIEF_v4.0_LOCKED.txt,03_MIRRA_VARIABLE_CONTRACT_BRIEF_v4.0_LOCKED.txt,2803,model-readiness,business_outcome_warning_count,snake_case,warning_id,status_readiness_trust,business_outcome_status business_outcome_warnings business_outcome_warning_count business_outcome_model_trust_state
20_MIRRA_BUSINESS_OUTCOME_v4.0_LOCKED.txt,20_MIRRA_BUSINESS_OUTCOME_v4.0_LOCKED.txt,796,model-readiness,business_outcome_warning_count,snake_case,warning_id,warnings,"business_outcome_status, business_outcome_warnings, business_outcome_warning_count, business_outcome_model_trust_state,"
03_MIRRA_VARIABLE_CONTRACT_BRIEF_v4.0_LOCKED.txt,03_MIRRA_VARIABLE_CONTRACT_BRIEF_v4.0_LOCKED.txt,2802,model-readiness,business_outcome_warnings,snake_case,warning_id,status_readiness_trust,business_outcome_ready business_outcome_status business_outcome_warnings business_outcome_warning_count business_outcome_model_trust_state
20_MIRRA_BUSINESS_OUTCOME_v4.0_LOCKED.txt,20_MIRRA_BUSINESS_OUTCOME_v4.0_LOCKED.txt,795,model-readiness,business_outcome_warnings,snake_case,warning_id,warnings,"business_outcome_ready, business_outcome_status, business_outcome_warnings, business_outcome_warning_count, business_outcome_model_trust_state,"
14_MIRRA_BUSINESS_SUMMARY_v4.0_LOCKED.txt,14_MIRRA_BUSINESS_SUMMARY_v4.0_LOCKED.txt,1074,model-readiness,business_summary_model_trust_state,snake_case,warning_id,warnings,If model_trust_state = warning: business_summary_model_trust_state = warning If model_trust_state = ready and calculations are valid:
03_MIRRA_VARIABLE_CONTRACT_BRIEF_v4.0_LOCKED.txt,03_MIRRA_VARIABLE_CONTRACT_BRIEF_v4.0_LOCKED.txt,1799,model-readiness,business_summary_warning_count,snake_case,warning_id,status_readiness_trust,business_summary_status business_summary_warnings business_summary_warning_count business_summary_model_trust_state
14_MIRRA_BUSINESS_SUMMARY_v4.0_LOCKED.txt,14_MIRRA_BUSINESS_SUMMARY_v4.0_LOCKED.txt,386,model-readiness,business_summary_warning_count,snake_case,warning_id,downstream_consumption,business_summary_status business_summary_warnings business_summary_warning_count business_summary_model_trust_state
14_MIRRA_BUSINESS_SUMMARY_v4.0_LOCKED.txt,14_MIRRA_BUSINESS_SUMMARY_v4.0_LOCKED.txt,1284,model-readiness,business_summary_warning_count,snake_case,warning_id,warnings,"business_summary_status, business_summary_warnings, business_summary_warning_count, business_summary_model_trust_state,"
03_MIRRA_VARIABLE_CONTRACT_BRIEF_v4.0_LOCKED.txt,03_MIRRA_VARIABLE_CONTRACT_BRIEF_v4.0_LOCKED.txt,1798,model-readiness,business_summary_warnings,snake_case,warning_id,status_readiness_trust,business_summary_ready business_summary_status business_summary_warnings business_summary_warning_count business_summary_model_trust_state
14_MIRRA_BUSINESS_SUMMARY_v4.0_LOCKED.txt,14_MIRRA_BUSINESS_SUMMARY_v4.0_LOCKED.txt,385,model-readiness,business_summary_warnings,snake_case,warning_id,downstream_consumption,business_summary_ready business_summary_status business_summary_warnings business_summary_warning_count business_summary_model_trust_state
14_MIRRA_BUSINESS_SUMMARY_v4.0_LOCKED.txt,14_MIRRA_BUSINESS_SUMMARY_v4.0_LOCKED.txt,1283,model-readiness,business_summary_warnings,snake_case,warning_id,warnings,"business_summary_ready, business_summary_status, business_summary_warnings, business_summary_warning_count, business_summary_model_trust_state,"
03_MIRRA_VARIABLE_CONTRACT_BRIEF_v4.0_LOCKED.txt,03_MIRRA_VARIABLE_CONTRACT_BRIEF_v4.0_LOCKED.txt,2202,model-readiness,cost_allocation_warning_count,snake_case,warning_id,status_readiness_trust,cost_allocation_status cost_allocation_warnings cost_allocation_warning_count cost_allocation_model_trust_state
17_MIRRA_COST_ALLOCATION_v4.0_LOCKED.txt,17_MIRRA_COST_ALLOCATION_v4.0_LOCKED.txt,1601,model-readiness,cost_allocation_warning_count,snake_case,warning_id,warnings,"cost_allocation_status, cost_allocation_warnings, cost_allocation_warning_count, cost_allocation_model_trust_state,"
03_MIRRA_VARIABLE_CONTRACT_BRIEF_v4.0_LOCKED.txt,03_MIRRA_VARIABLE_CONTRACT_BRIEF_v4.0_LOCKED.txt,2201,model-readiness,cost_allocation_warnings,snake_case,warning_id,status_readiness_trust,cost_allocation_ready cost_allocation_status cost_allocation_warnings cost_allocation_warning_count cost_allocation_model_trust_state
17_MIRRA_COST_ALLOCATION_v4.0_LOCKED.txt,17_MIRRA_COST_ALLOCATION_v4.0_LOCKED.txt,1600,model-readiness,cost_allocation_warnings,snake_case,warning_id,warnings,"cost_allocation_ready, cost_allocation_status, cost_allocation_warnings, cost_allocation_warning_count, cost_allocation_model_trust_state,"
06_MIRRA_COST_SUMMARY_v4.0_LOCKED.txt,06_MIRRA_COST_SUMMARY_v4.0_LOCKED.txt,561,model-readiness,cost_summary_model_trust_state,snake_case,warning_id,warnings,If model_trust_state = warning: cost_summary_model_trust_state = warning If all source modules are ready and model_trust_state = ready:
06_MIRRA_COST_SUMMARY_v4.0_LOCKED.txt,06_MIRRA_COST_SUMMARY_v4.0_LOCKED.txt,980,model-readiness,cost_summary_model_trust_state,snake_case,warning_id,warnings,- total_productive_output - cost_summary_status - cost_summary_model_trust_state Business Summary uses these to calculate:
06_MIRRA_COST_SUMMARY_v4.0_LOCKED.txt,06_MIRRA_COST_SUMMARY_v4.0_LOCKED.txt,1035,model-readiness,cost_summary_model_trust_state,snake_case,warning_id,warnings,- total_productive_output - cost_summary_status - cost_summary_model_trust_state Recovery Summary tests recovery by mode.
06_MIRRA_COST_SUMMARY_v4.0_LOCKED.txt,06_MIRRA_COST_SUMMARY_v4.0_LOCKED.txt,1049,model-readiness,cost_summary_model_trust_state,snake_case,warning_id,warnings,- total_cost_burden - required_recovery_rate - cost_summary_model_trust_state But Rate Builder should primarily consume:
06_MIRRA_COST_SUMMARY_v4.0_LOCKED.txt,06_MIRRA_COST_SUMMARY_v4.0_LOCKED.txt,979,model-readiness,cost_summary_status,snake_case,warning_id,warnings,- required_recovery_rate - total_productive_output - cost_summary_status - cost_summary_model_trust_state
06_MIRRA_COST_SUMMARY_v4.0_LOCKED.txt,06_MIRRA_COST_SUMMARY_v4.0_LOCKED.txt,1034,model-readiness,cost_summary_status,snake_case,warning_id,warnings,- required_recovery_rate - total_productive_output - cost_summary_status - cost_summary_model_trust_state
06_MIRRA_COST_SUMMARY_v4.0_LOCKED.txt,06_MIRRA_COST_SUMMARY_v4.0_LOCKED.txt,742,model-readiness,cost_summary_upstream_blocked,snake_case,warning_id,status_readiness_trust,review_required unless confirmed. ## cost_summary_upstream_blocked Use when Model Readiness or a source module is blocked.
03_MIRRA_VARIABLE_CONTRACT_BRIEF_v4.0_LOCKED.txt,03_MIRRA_VARIABLE_CONTRACT_BRIEF_v4.0_LOCKED.txt,1626,model-readiness,cost_summary_warning_count,snake_case,warning_id,status_readiness_trust,cost_summary_status cost_summary_warnings cost_summary_warning_count cost_summary_model_trust_state
06_MIRRA_COST_SUMMARY_v4.0_LOCKED.txt,06_MIRRA_COST_SUMMARY_v4.0_LOCKED.txt,307,model-readiness,cost_summary_warning_count,snake_case,warning_id,status_readiness_trust,cost_summary_status cost_summary_warnings cost_summary_warning_count cost_summary_model_trust_state cost_summary_source_breakdown
03_MIRRA_VARIABLE_CONTRACT_BRIEF_v4.0_LOCKED.txt,03_MIRRA_VARIABLE_CONTRACT_BRIEF_v4.0_LOCKED.txt,1625,model-readiness,cost_summary_warnings,snake_case,warning_id,status_readiness_trust,cost_summary_ready cost_summary_status cost_summary_warnings cost_summary_warning_count cost_summary_model_trust_state
06_MIRRA_COST_SUMMARY_v4.0_LOCKED.txt,06_MIRRA_COST_SUMMARY_v4.0_LOCKED.txt,306,model-readiness,cost_summary_warnings,snake_case,warning_id,status_readiness_trust,cost_summary_ready cost_summary_status cost_summary_warnings cost_summary_warning_count cost_summary_model_trust_state
04_MIRRA_P_AND_L_PAGE_v4.0_LOCKED.txt,04_MIRRA_P_AND_L_PAGE_v4.0_LOCKED.txt,1517,model-readiness,implemented_contract_not_documented_in_brief,snake_case,warning_id,warnings,- Reason: Field appears to be a named module output contract wrapper consumed by another module. - Source code file(s): components\model-readiness\ModelReadinessAuditPanel.jsx - Audit notes: implemented_contract_not_documented_in_brief Brief insertion instruction:
23_MIRRA_JOB_COSTING_PROFITABILITY_v4.0_LOCKED.txt,23_MIRRA_JOB_COSTING_PROFITABILITY_v4.0_LOCKED.txt,906,model-readiness,job_costing_warning_count,snake_case,warning_id,warnings,"job_costing_status, job_costing_warnings, job_costing_warning_count, job_costing_model_trust_state,"
23_MIRRA_JOB_COSTING_PROFITABILITY_v4.0_LOCKED.txt,23_MIRRA_JOB_COSTING_PROFITABILITY_v4.0_LOCKED.txt,905,model-readiness,job_costing_warnings,snake_case,warning_id,warnings,"job_costing_ready, job_costing_status, job_costing_warnings, job_costing_warning_count, job_costing_model_trust_state,"
24_MIRRA_MODEL_FEEDBACK_LOOP_v4.0_LOCKED.txt,24_MIRRA_MODEL_FEEDBACK_LOOP_v4.0_LOCKED.txt,200,model-readiness,margin_shortfall_rates,snake_case,warning_id,downstream_consumption,- market_rate where supplied - under_recovering_rates - margin_shortfall_rates - selected components - rate_builder_model_trust_state
11_MIRRA_MODEL_READINESS_v4.0_LOCKED.txt,11_MIRRA_MODEL_READINESS_v4.0_LOCKED.txt,614,model-readiness,model_preview_only,snake_case,warning_id,status_readiness_trust,true. ## model_preview_only Use when calculations are displayable but source confidence is not final.
11_MIRRA_MODEL_READINESS_v4.0_LOCKED.txt,11_MIRRA_MODEL_READINESS_v4.0_LOCKED.txt,536,model-readiness,model_ready_with_warnings,snake_case,warning_id,warnings,model_source_period_mismatch model_preview_only model_ready_with_warnings ---
06_MIRRA_COST_SUMMARY_v4.0_LOCKED.txt,06_MIRRA_COST_SUMMARY_v4.0_LOCKED.txt,559,model-readiness,model_trust_state,snake_case,warning_id,warnings,cost_summary_model_trust_state = preview_only If model_trust_state = warning: cost_summary_model_trust_state = warning
11_MIRRA_MODEL_READINESS_v4.0_LOCKED.txt,11_MIRRA_MODEL_READINESS_v4.0_LOCKED.txt,875,model-readiness,model_trust_state,snake_case,warning_id,warnings,Downstream modules may show trusted outputs. If model_trust_state = warning: Downstream modules may show calculated outputs but must display warnings.
14_MIRRA_BUSINESS_SUMMARY_v4.0_LOCKED.txt,14_MIRRA_BUSINESS_SUMMARY_v4.0_LOCKED.txt,1073,model-readiness,model_trust_state,snake_case,warning_id,warnings,business_summary_model_trust_state = preview_only If model_trust_state = warning: business_summary_model_trust_state = warning
15_MIRRA_REVENUE_REALITY_v4.0_LOCKED.txt,15_MIRRA_REVENUE_REALITY_v4.0_LOCKED.txt,718,model-readiness,model_trust_state,snake_case,warning_id,warnings,revenue_reality_model_trust_state = preview_only If model_trust_state = warning: revenue_reality_model_trust_state = warning
03_MIRRA_VARIABLE_CONTRACT_BRIEF_v4.0_LOCKED.txt,03_MIRRA_VARIABLE_CONTRACT_BRIEF_v4.0_LOCKED.txt,212,model-readiness,module_warnings,snake_case,warning_id,status_readiness_trust,module_ready module_status module_warnings warning_count model_trust_state
18_MIRRA_RECOVERY_SUMMARY_v4.0_LOCKED.txt,18_MIRRA_RECOVERY_SUMMARY_v4.0_LOCKED.txt,876,model-readiness,not_available,snake_case,warning_id,warnings,"recovery_summary_model_trust_state = preview_only If recovery_summary_status = ready_with_warnings, review_required, under_recovered, or not_available: recovery_summary_model_trust_state = warning"
21_MIRRA_QUOTE_CHECKER_v4.0_LOCKED.txt,21_MIRRA_QUOTE_CHECKER_v4.0_LOCKED.txt,716,model-readiness,quote_checker_warning_count,snake_case,warning_id,warnings,"quote_checker_status, quote_checker_warnings, quote_checker_warning_count, quote_checker_model_trust_state,"
21_MIRRA_QUOTE_CHECKER_v4.0_LOCKED.txt,21_MIRRA_QUOTE_CHECKER_v4.0_LOCKED.txt,715,model-readiness,quote_checker_warnings,snake_case,warning_id,warnings,"quote_checker_ready, quote_checker_status, quote_checker_warnings, quote_checker_warning_count, quote_checker_model_trust_state,"
03_MIRRA_VARIABLE_CONTRACT_BRIEF_v4.0_LOCKED.txt,03_MIRRA_VARIABLE_CONTRACT_BRIEF_v4.0_LOCKED.txt,2448,model-readiness,rate_builder_warning_count,snake_case,warning_id,inputs,rate_builder_status rate_builder_warnings rate_builder_warning_count rate_builder_model_trust_state
03_MIRRA_VARIABLE_CONTRACT_BRIEF_v4.0_LOCKED.txt,03_MIRRA_VARIABLE_CONTRACT_BRIEF_v4.0_LOCKED.txt,2447,model-readiness,rate_builder_warnings,snake_case,warning_id,inputs,rate_builder_ready rate_builder_status rate_builder_warnings rate_builder_warning_count rate_builder_model_trust_state
19_MIRRA_RATE_BUILDER_v4.0_LOCKED.txt,19_MIRRA_RATE_BUILDER_v4.0_LOCKED.txt,808,model-readiness,rate_builder_warnings,snake_case,warning_id,warnings,- rate_builder_ready - rate_builder_status - rate_builder_warnings - rate_builder_model_trust_state - rate_builder_rows
03_MIRRA_VARIABLE_CONTRACT_BRIEF_v4.0_LOCKED.txt,03_MIRRA_VARIABLE_CONTRACT_BRIEF_v4.0_LOCKED.txt,1530,model-readiness,readiness_warnings,snake_case,warning_id,ownership,blocking_checks[] warning_checks[] readiness_warnings[] Allowed model_trust_state values:
11_MIRRA_MODEL_READINESS_v4.0_LOCKED.txt,11_MIRRA_MODEL_READINESS_v4.0_LOCKED.txt,311,model-readiness,readiness_warnings,snake_case,warning_id,status_readiness_trust,blocking_checks warning_checks readiness_warnings readiness_summary source_module_statuses
11_MIRRA_MODEL_READINESS_v4.0_LOCKED.txt,11_MIRRA_MODEL_READINESS_v4.0_LOCKED.txt,199,model-readiness,ready_with_warnings,snake_case,warning_id,status_readiness_trust,ready ready_with_warnings review_required blocked
11_MIRRA_MODEL_READINESS_v4.0_LOCKED.txt,11_MIRRA_MODEL_READINESS_v4.0_LOCKED.txt,245,model-readiness,ready_with_warnings,snake_case,warning_id,status_readiness_trust,"or, where explicitly allowed: model_readiness_status = ready_with_warnings if downstream module can safely carry warnings."
18_MIRRA_RECOVERY_SUMMARY_v4.0_LOCKED.txt,18_MIRRA_RECOVERY_SUMMARY_v4.0_LOCKED.txt,876,model-readiness,ready_with_warnings,snake_case,warning_id,warnings,"recovery_summary_model_trust_state = preview_only If recovery_summary_status = ready_with_warnings, review_required, under_recovered, or not_available: recovery_summary_model_trust_state = warning"
18_MIRRA_RECOVERY_SUMMARY_v4.0_LOCKED.txt,18_MIRRA_RECOVERY_SUMMARY_v4.0_LOCKED.txt,907,model-readiness,ready_with_warnings,snake_case,warning_id,warnings,- Model Readiness blocks trusted output Recovery Summary may be ready_with_warnings when: - groups are under-recovered
18_MIRRA_RECOVERY_SUMMARY_v4.0_LOCKED.txt,18_MIRRA_RECOVERY_SUMMARY_v4.0_LOCKED.txt,877,model-readiness,recovery_summary_model_trust_state,snake_case,warning_id,warnings,"If recovery_summary_status = ready_with_warnings, review_required, under_recovered, or not_available: recovery_summary_model_trust_state = warning If recovery_summary_status = ready or covered:"
18_MIRRA_RECOVERY_SUMMARY_v4.0_LOCKED.txt,18_MIRRA_RECOVERY_SUMMARY_v4.0_LOCKED.txt,876,model-readiness,recovery_summary_status,snake_case,warning_id,warnings,"recovery_summary_model_trust_state = preview_only If recovery_summary_status = ready_with_warnings, review_required, under_recovered, or not_available: recovery_summary_model_trust_state = warning"
18_MIRRA_RECOVERY_SUMMARY_v4.0_LOCKED.txt,18_MIRRA_RECOVERY_SUMMARY_v4.0_LOCKED.txt,1101,model-readiness,recovery_summary_warning_count,snake_case,warning_id,warnings,"recovery_summary_status, recovery_summary_warnings, recovery_summary_warning_count, recovery_summary_model_trust_state,"
18_MIRRA_RECOVERY_SUMMARY_v4.0_LOCKED.txt,18_MIRRA_RECOVERY_SUMMARY_v4.0_LOCKED.txt,1100,model-readiness,recovery_summary_warnings,snake_case,warning_id,warnings,"recovery_summary_ready, recovery_summary_status, recovery_summary_warnings, recovery_summary_warning_count, recovery_summary_model_trust_state,"
06_MIRRA_COST_SUMMARY_v4.0_LOCKED.txt,06_MIRRA_COST_SUMMARY_v4.0_LOCKED.txt,1048,model-readiness,required_recovery_rate,snake_case,warning_id,warnings,- total_cost_burden - required_recovery_rate - cost_summary_model_trust_state
15_MIRRA_REVENUE_REALITY_v4.0_LOCKED.txt,15_MIRRA_REVENUE_REALITY_v4.0_LOCKED.txt,719,model-readiness,revenue_reality_model_trust_state,snake_case,warning_id,warnings,If model_trust_state = warning: revenue_reality_model_trust_state = warning If model_trust_state = ready and calculations are valid:
03_MIRRA_VARIABLE_CONTRACT_BRIEF_v4.0_LOCKED.txt,03_MIRRA_VARIABLE_CONTRACT_BRIEF_v4.0_LOCKED.txt,1890,model-readiness,revenue_reality_warning_count,snake_case,warning_id,status_readiness_trust,revenue_reality_status revenue_reality_warnings revenue_reality_warning_count revenue_reality_model_trust_state
15_MIRRA_REVENUE_REALITY_v4.0_LOCKED.txt,15_MIRRA_REVENUE_REALITY_v4.0_LOCKED.txt,356,model-readiness,revenue_reality_warning_count,snake_case,warning_id,downstream_consumption,revenue_reality_status revenue_reality_warnings revenue_reality_warning_count revenue_reality_model_trust_state
15_MIRRA_REVENUE_REALITY_v4.0_LOCKED.txt,15_MIRRA_REVENUE_REALITY_v4.0_LOCKED.txt,886,model-readiness,revenue_reality_warning_count,snake_case,warning_id,warnings,"revenue_reality_status, revenue_reality_warnings, revenue_reality_warning_count, revenue_reality_model_trust_state,"
03_MIRRA_VARIABLE_CONTRACT_BRIEF_v4.0_LOCKED.txt,03_MIRRA_VARIABLE_CONTRACT_BRIEF_v4.0_LOCKED.txt,1889,model-readiness,revenue_reality_warnings,snake_case,warning_id,status_readiness_trust,revenue_reality_ready revenue_reality_status revenue_reality_warnings revenue_reality_warning_count revenue_reality_model_trust_state
15_MIRRA_REVENUE_REALITY_v4.0_LOCKED.txt,15_MIRRA_REVENUE_REALITY_v4.0_LOCKED.txt,355,model-readiness,revenue_reality_warnings,snake_case,warning_id,downstream_consumption,revenue_reality_ready revenue_reality_status revenue_reality_warnings revenue_reality_warning_count revenue_reality_model_trust_state
15_MIRRA_REVENUE_REALITY_v4.0_LOCKED.txt,15_MIRRA_REVENUE_REALITY_v4.0_LOCKED.txt,885,model-readiness,revenue_reality_warnings,snake_case,warning_id,warnings,"revenue_reality_ready, revenue_reality_status, revenue_reality_warnings, revenue_reality_warning_count, revenue_reality_model_trust_state,"
11_MIRRA_MODEL_READINESS_v4.0_LOCKED.txt,11_MIRRA_MODEL_READINESS_v4.0_LOCKED.txt,518,model-readiness,review_action,snake_case,warning_id,warnings,"affected_variable, blocking, review_action }"
11_MIRRA_MODEL_READINESS_v4.0_LOCKED.txt,11_MIRRA_MODEL_READINESS_v4.0_LOCKED.txt,214,model-readiness,review_required,snake_case,warning_id,status_readiness_trust,Model is usable but warnings remain visible. review_required: Model can calculate but user review is required before relying downstream.
18_MIRRA_RECOVERY_SUMMARY_v4.0_LOCKED.txt,18_MIRRA_RECOVERY_SUMMARY_v4.0_LOCKED.txt,876,model-readiness,review_required,snake_case,warning_id,warnings,"recovery_summary_model_trust_state = preview_only If recovery_summary_status = ready_with_warnings, review_required, under_recovered, or not_available: recovery_summary_model_trust_state = warning"
22_MIRRA_SOQ_JOB_PO_LAYER_v4.0_LOCKED.txt,22_MIRRA_SOQ_JOB_PO_LAYER_v4.0_LOCKED.txt,752,model-readiness,soq_job_po_warning_count,snake_case,warning_id,warnings,"soq_job_po_status, soq_job_po_warnings, soq_job_po_warning_count, soq_job_po_model_trust_state,"
22_MIRRA_SOQ_JOB_PO_LAYER_v4.0_LOCKED.txt,22_MIRRA_SOQ_JOB_PO_LAYER_v4.0_LOCKED.txt,751,model-readiness,soq_job_po_warnings,snake_case,warning_id,warnings,"soq_job_po_ready, soq_job_po_status, soq_job_po_warnings, soq_job_po_warning_count, soq_job_po_model_trust_state,"
11_MIRRA_MODEL_READINESS_v4.0_LOCKED.txt,11_MIRRA_MODEL_READINESS_v4.0_LOCKED.txt,513,model-readiness,source_module,snake_case,warning_id,warnings,"{ warning_id, source_module, severity, message,"
06_MIRRA_COST_SUMMARY_v4.0_LOCKED.txt,06_MIRRA_COST_SUMMARY_v4.0_LOCKED.txt,1047,model-readiness,total_cost_burden,snake_case,warning_id,warnings,Rate Builder may receive: - total_cost_burden - required_recovery_rate - cost_summary_model_trust_state
06_MIRRA_COST_SUMMARY_v4.0_LOCKED.txt,06_MIRRA_COST_SUMMARY_v4.0_LOCKED.txt,978,model-readiness,total_productive_output,snake_case,warning_id,warnings,- total_cost_burden - required_recovery_rate - total_productive_output - cost_summary_status - cost_summary_model_trust_state
06_MIRRA_COST_SUMMARY_v4.0_LOCKED.txt,06_MIRRA_COST_SUMMARY_v4.0_LOCKED.txt,1033,model-readiness,total_productive_output,snake_case,warning_id,warnings,- total_cost_burden - required_recovery_rate - total_productive_output - cost_summary_status - cost_summary_model_trust_state
18_MIRRA_RECOVERY_SUMMARY_v4.0_LOCKED.txt,18_MIRRA_RECOVERY_SUMMARY_v4.0_LOCKED.txt,876,model-readiness,under_recovered,snake_case,warning_id,warnings,"recovery_summary_model_trust_state = preview_only If recovery_summary_status = ready_with_warnings, review_required, under_recovered, or not_available: recovery_summary_model_trust_state = warning"
11_MIRRA_MODEL_READINESS_v4.0_LOCKED.txt,11_MIRRA_MODEL_READINESS_v4.0_LOCKED.txt,512,model-readiness,warning_id,snake_case,warning_id,warnings,"{ warning_id, source_module, severity,"
25_MIRRA_MODEL_REVIEW_APPROVAL_v4.0_LOCKED.txt,25_MIRRA_MODEL_REVIEW_APPROVAL_v4.0_LOCKED.txt,651,model-review,blocked_review_items,snake_case,warning_id,warnings,"deferred_review_items, rejected_review_items, blocked_review_items, model_review_cards,"
25_MIRRA_MODEL_REVIEW_APPROVAL_v4.0_LOCKED.txt,25_MIRRA_MODEL_REVIEW_APPROVAL_v4.0_LOCKED.txt,549,model-review,data_quality_fix_required,snake_case,warning_id,status_readiness_trust,These should create: data_quality_fix_required They must not create approved rate or scenario changes until resolved.
25_MIRRA_MODEL_REVIEW_APPROVAL_v4.0_LOCKED.txt,25_MIRRA_MODEL_REVIEW_APPROVAL_v4.0_LOCKED.txt,649,model-review,deferred_review_items,snake_case,warning_id,warnings,"approval_audit_trail_rows, deferred_review_items, rejected_review_items, blocked_review_items,"
25_MIRRA_MODEL_REVIEW_APPROVAL_v4.0_LOCKED.txt,25_MIRRA_MODEL_REVIEW_APPROVAL_v4.0_LOCKED.txt,653,model-review,model_review_cards,snake_case,warning_id,warnings,"blocked_review_items, model_review_cards, model_review_source_trace }"
25_MIRRA_MODEL_REVIEW_APPROVAL_v4.0_LOCKED.txt,25_MIRRA_MODEL_REVIEW_APPROVAL_v4.0_LOCKED.txt,618,model-review,model_review_duplicate_active_version,snake_case,warning_id,warnings,model_review_missing_effective_date model_review_no_active_target_set model_review_duplicate_active_version model_review_pending_items model_review_rollback_available
25_MIRRA_MODEL_REVIEW_APPROVAL_v4.0_LOCKED.txt,25_MIRRA_MODEL_REVIEW_APPROVAL_v4.0_LOCKED.txt,616,model-review,model_review_missing_effective_date,snake_case,warning_id,warnings,model_review_low_confidence model_review_data_quality_block model_review_missing_effective_date model_review_no_active_target_set model_review_duplicate_active_version
25_MIRRA_MODEL_REVIEW_APPROVAL_v4.0_LOCKED.txt,25_MIRRA_MODEL_REVIEW_APPROVAL_v4.0_LOCKED.txt,617,model-review,model_review_no_active_target_set,snake_case,warning_id,warnings,model_review_data_quality_block model_review_missing_effective_date model_review_no_active_target_set model_review_duplicate_active_version model_review_pending_items
25_MIRRA_MODEL_REVIEW_APPROVAL_v4.0_LOCKED.txt,25_MIRRA_MODEL_REVIEW_APPROVAL_v4.0_LOCKED.txt,619,model-review,model_review_pending_items,snake_case,warning_id,warnings,model_review_no_active_target_set model_review_duplicate_active_version model_review_pending_items model_review_rollback_available model_review_source_trace_missing
25_MIRRA_MODEL_REVIEW_APPROVAL_v4.0_LOCKED.txt,25_MIRRA_MODEL_REVIEW_APPROVAL_v4.0_LOCKED.txt,298,model-review,model_review_queue_rows,snake_case,warning_id,status_readiness_trust,# 11. REVIEW QUEUE CONTRACT model_review_queue_rows[] Each row:
25_MIRRA_MODEL_REVIEW_APPROVAL_v4.0_LOCKED.txt,25_MIRRA_MODEL_REVIEW_APPROVAL_v4.0_LOCKED.txt,637,model-review,model_review_queue_rows,snake_case,warning_id,warnings,"model_review_trust_state, model_review_queue_rows, approved_rate_set_rows,"
25_MIRRA_MODEL_REVIEW_APPROVAL_v4.0_LOCKED.txt,25_MIRRA_MODEL_REVIEW_APPROVAL_v4.0_LOCKED.txt,631,model-review,model_review_ready,snake_case,warning_id,warnings,"{ model_review_ready, model_review_status, model_review_warnings,"
25_MIRRA_MODEL_REVIEW_APPROVAL_v4.0_LOCKED.txt,25_MIRRA_MODEL_REVIEW_APPROVAL_v4.0_LOCKED.txt,620,model-review,model_review_rollback_available,snake_case,warning_id,warnings,model_review_duplicate_active_version model_review_pending_items model_review_rollback_available model_review_source_trace_missing model_review_upstream_blocked
25_MIRRA_MODEL_REVIEW_APPROVAL_v4.0_LOCKED.txt,25_MIRRA_MODEL_REVIEW_APPROVAL_v4.0_LOCKED.txt,654,model-review,model_review_source_trace,snake_case,warning_id,warnings,"model_review_cards, model_review_source_trace }"
25_MIRRA_MODEL_REVIEW_APPROVAL_v4.0_LOCKED.txt,25_MIRRA_MODEL_REVIEW_APPROVAL_v4.0_LOCKED.txt,621,model-review,model_review_source_trace_missing,snake_case,warning_id,warnings,model_review_pending_items model_review_rollback_available model_review_source_trace_missing model_review_upstream_blocked
25_MIRRA_MODEL_REVIEW_APPROVAL_v4.0_LOCKED.txt,25_MIRRA_MODEL_REVIEW_APPROVAL_v4.0_LOCKED.txt,632,model-review,model_review_status,snake_case,warning_id,warnings,"{ model_review_ready, model_review_status, model_review_warnings, model_review_warning_count,"
25_MIRRA_MODEL_REVIEW_APPROVAL_v4.0_LOCKED.txt,25_MIRRA_MODEL_REVIEW_APPROVAL_v4.0_LOCKED.txt,661,model-review,model_review_status,snake_case,warning_id,status_readiness_trust,# 26. STATUS VALUES Allowed model_review_status values: - ready
25_MIRRA_MODEL_REVIEW_APPROVAL_v4.0_LOCKED.txt,25_MIRRA_MODEL_REVIEW_APPROVAL_v4.0_LOCKED.txt,753,model-review,model_review_status,snake_case,warning_id,status_readiness_trust,Show: - model_review_status - trust state - pending items
25_MIRRA_MODEL_REVIEW_APPROVAL_v4.0_LOCKED.txt,25_MIRRA_MODEL_REVIEW_APPROVAL_v4.0_LOCKED.txt,635,model-review,model_review_trust_state,snake_case,warning_id,warnings,"model_review_warnings, model_review_warning_count, model_review_trust_state, model_review_queue_rows,"
25_MIRRA_MODEL_REVIEW_APPROVAL_v4.0_LOCKED.txt,25_MIRRA_MODEL_REVIEW_APPROVAL_v4.0_LOCKED.txt,704,model-review,model_review_trust_state,snake_case,warning_id,status_readiness_trust,Model Review must expose: model_review_trust_state Allowed values:
25_MIRRA_MODEL_REVIEW_APPROVAL_v4.0_LOCKED.txt,25_MIRRA_MODEL_REVIEW_APPROVAL_v4.0_LOCKED.txt,722,model-review,model_review_trust_state,snake_case,warning_id,status_readiness_trust,If pending review items exist: model_review_trust_state = warning If active model version exists and sources are trusted:
25_MIRRA_MODEL_REVIEW_APPROVAL_v4.0_LOCKED.txt,25_MIRRA_MODEL_REVIEW_APPROVAL_v4.0_LOCKED.txt,725,model-review,model_review_trust_state,snake_case,warning_id,status_readiness_trust,If active model version exists and sources are trusted: model_review_trust_state = ready If values are preview-only:
25_MIRRA_MODEL_REVIEW_APPROVAL_v4.0_LOCKED.txt,25_MIRRA_MODEL_REVIEW_APPROVAL_v4.0_LOCKED.txt,728,model-review,model_review_trust_state,snake_case,warning_id,status_readiness_trust,If values are preview-only: model_review_trust_state = preview_only ---
25_MIRRA_MODEL_REVIEW_APPROVAL_v4.0_LOCKED.txt,25_MIRRA_MODEL_REVIEW_APPROVAL_v4.0_LOCKED.txt,622,model-review,model_review_upstream_blocked,snake_case,warning_id,warnings,model_review_rollback_available model_review_source_trace_missing model_review_upstream_blocked ---
25_MIRRA_MODEL_REVIEW_APPROVAL_v4.0_LOCKED.txt,25_MIRRA_MODEL_REVIEW_APPROVAL_v4.0_LOCKED.txt,634,model-review,model_review_warning_count,snake_case,warning_id,warnings,"model_review_status, model_review_warnings, model_review_warning_count, model_review_trust_state,"
25_MIRRA_MODEL_REVIEW_APPROVAL_v4.0_LOCKED.txt,25_MIRRA_MODEL_REVIEW_APPROVAL_v4.0_LOCKED.txt,633,model-review,model_review_warnings,snake_case,warning_id,warnings,"model_review_ready, model_review_status, model_review_warnings, model_review_warning_count, model_review_trust_state,"
25_MIRRA_MODEL_REVIEW_APPROVAL_v4.0_LOCKED.txt,25_MIRRA_MODEL_REVIEW_APPROVAL_v4.0_LOCKED.txt,259,model-review,pending_review,snake_case,warning_id,status_readiness_trust,Allowed approval_status values: - pending_review - approved - rejected
25_MIRRA_MODEL_REVIEW_APPROVAL_v4.0_LOCKED.txt,25_MIRRA_MODEL_REVIEW_APPROVAL_v4.0_LOCKED.txt,270,model-review,pending_review,snake_case,warning_id,status_readiness_trust,Definitions: pending_review: Item awaits decision.
25_MIRRA_MODEL_REVIEW_APPROVAL_v4.0_LOCKED.txt,25_MIRRA_MODEL_REVIEW_APPROVAL_v4.0_LOCKED.txt,448,model-review,pending_review,snake_case,warning_id,status_readiness_trust,- draft - pending_review - approved - active
25_MIRRA_MODEL_REVIEW_APPROVAL_v4.0_LOCKED.txt,25_MIRRA_MODEL_REVIEW_APPROVAL_v4.0_LOCKED.txt,665,model-review,pending_review,snake_case,warning_id,status_readiness_trust,- ready - ready_with_warnings - pending_review - approved - active
25_MIRRA_MODEL_REVIEW_APPROVAL_v4.0_LOCKED.txt,25_MIRRA_MODEL_REVIEW_APPROVAL_v4.0_LOCKED.txt,680,model-review,pending_review,snake_case,warning_id,warnings,Review available but warnings remain. pending_review: Items require decision.
25_MIRRA_MODEL_REVIEW_APPROVAL_v4.0_LOCKED.txt,25_MIRRA_MODEL_REVIEW_APPROVAL_v4.0_LOCKED.txt,159,model-review,rate_review_signal_rows,snake_case,warning_id,downstream_consumption,- feedback_signal_rows - rate_review_signal_rows - supplier_feedback_rows - material_category_feedback_rows
25_MIRRA_MODEL_REVIEW_APPROVAL_v4.0_LOCKED.txt,25_MIRRA_MODEL_REVIEW_APPROVAL_v4.0_LOCKED.txt,664,model-review,ready_with_warnings,snake_case,warning_id,status_readiness_trust,- ready - ready_with_warnings - pending_review - approved
25_MIRRA_MODEL_REVIEW_APPROVAL_v4.0_LOCKED.txt,25_MIRRA_MODEL_REVIEW_APPROVAL_v4.0_LOCKED.txt,677,model-review,ready_with_warnings,snake_case,warning_id,warnings,Review queue is available and no blocking source issue exists. ready_with_warnings: Review available but warnings remain.
25_MIRRA_MODEL_REVIEW_APPROVAL_v4.0_LOCKED.txt,25_MIRRA_MODEL_REVIEW_APPROVAL_v4.0_LOCKED.txt,650,model-review,rejected_review_items,snake_case,warning_id,warnings,"deferred_review_items, rejected_review_items, blocked_review_items,"
10_MIRRA_MODULE_RECONCILIATION_v4.0_LOCKED.txt,10_MIRRA_MODULE_RECONCILIATION_v4.0_LOCKED.txt,860,module-reconciliation,affected_variable,snake_case,warning_id,warnings,"severity, message, affected_variable, blocking, review_action"
14_MIRRA_BUSINESS_SUMMARY_v4.0_LOCKED.txt,14_MIRRA_BUSINESS_SUMMARY_v4.0_LOCKED.txt,1148,module-reconciliation,business_summary_bridge_not_available,snake_case,warning_id,warnings,business_summary_recovery_gap_negative business_summary_other_income_present business_summary_bridge_not_available business_summary_bridge_variance business_summary_bridge_proof_mismatch
14_MIRRA_BUSINESS_SUMMARY_v4.0_LOCKED.txt,14_MIRRA_BUSINESS_SUMMARY_v4.0_LOCKED.txt,1149,module-reconciliation,business_summary_bridge_variance,snake_case,warning_id,warnings,business_summary_other_income_present business_summary_bridge_not_available business_summary_bridge_variance business_summary_bridge_proof_mismatch business_summary_revenue_reality_pressure
03_MIRRA_VARIABLE_CONTRACT_BRIEF_v4.0_LOCKED.txt,03_MIRRA_VARIABLE_CONTRACT_BRIEF_v4.0_LOCKED.txt,784,module-reconciliation,cog_reconciliation_variance_percent,snake_case,warning_id,calculation,cog_reconciliation_status cog_reconciliation_difference cog_reconciliation_variance_percent cog_reconciliation_checks[] cog_reconciliation_warnings[]
03_MIRRA_VARIABLE_CONTRACT_BRIEF_v4.0_LOCKED.txt,03_MIRRA_VARIABLE_CONTRACT_BRIEF_v4.0_LOCKED.txt,786,module-reconciliation,cog_reconciliation_warnings,snake_case,warning_id,calculation,cog_reconciliation_variance_percent cog_reconciliation_checks[] cog_reconciliation_warnings[] Formula:
26_MIRRA_DATA_QUALITY_DASHBOARD_v4.0_LOCKED.txt,26_MIRRA_DATA_QUALITY_DASHBOARD_v4.0_LOCKED.txt,553,module-reconciliation,commercial_warnings,snake_case,warning_id,warnings,"blocking_issues, review_required_issues, commercial_warnings, data_mapping_issues, reconciliation_issues,"
06_MIRRA_COST_SUMMARY_v4.0_LOCKED.txt,06_MIRRA_COST_SUMMARY_v4.0_LOCKED.txt,688,module-reconciliation,cost_summary_upstream_blocked,snake_case,warning_id,warnings,cost_summary_productive_output_zero cost_summary_total_cost_zero cost_summary_upstream_blocked cost_summary_model_preview_only cost_summary_reconciliation_warning
24_MIRRA_MODEL_FEEDBACK_LOOP_v4.0_LOCKED.txt,24_MIRRA_MODEL_FEEDBACK_LOOP_v4.0_LOCKED.txt,498,module-reconciliation,cost_variance,snake_case,warning_id,status_readiness_trust,"hours_variance, productivity_variance_percent, cost_variance, jobs_affected_count, recommended_review_action,"
26_MIRRA_DATA_QUALITY_DASHBOARD_v4.0_LOCKED.txt,26_MIRRA_DATA_QUALITY_DASHBOARD_v4.0_LOCKED.txt,515,module-reconciliation,data_quality_unmapped_account,snake_case,warning_id,warnings,data_quality_failed_reconciliation data_quality_unmapped_supplier data_quality_unmapped_account data_quality_unmapped_cog_category data_quality_duplicate_cost
26_MIRRA_DATA_QUALITY_DASHBOARD_v4.0_LOCKED.txt,26_MIRRA_DATA_QUALITY_DASHBOARD_v4.0_LOCKED.txt,514,module-reconciliation,data_quality_unmapped_supplier,snake_case,warning_id,warnings,data_quality_missing_overheads data_quality_failed_reconciliation data_quality_unmapped_supplier data_quality_unmapped_account data_quality_unmapped_cog_category
24_MIRRA_MODEL_FEEDBACK_LOOP_v4.0_LOCKED.txt,24_MIRRA_MODEL_FEEDBACK_LOOP_v4.0_LOCKED.txt,496,module-reconciliation,hours_variance,snake_case,warning_id,status_readiness_trust,"model_allowed_hours, actual_hours, hours_variance, productivity_variance_percent, cost_variance,"
29_MIRRA_INTEGRATIONS_API_LAYER_v4.0_LOCKED.txt,29_MIRRA_INTEGRATIONS_API_LAYER_v4.0_LOCKED.txt,869,module-reconciliation,integration_credit_note_detected,snake_case,warning_id,warnings,integration_unmapped_account integration_low_confidence_supplier_match integration_credit_note_detected integration_reconciliation_mismatch integration_missing_source_trace
29_MIRRA_INTEGRATIONS_API_LAYER_v4.0_LOCKED.txt,29_MIRRA_INTEGRATIONS_API_LAYER_v4.0_LOCKED.txt,868,module-reconciliation,integration_low_confidence_supplier_match,snake_case,warning_id,warnings,integration_unmapped_supplier integration_unmapped_account integration_low_confidence_supplier_match integration_credit_note_detected integration_reconciliation_mismatch
29_MIRRA_INTEGRATIONS_API_LAYER_v4.0_LOCKED.txt,29_MIRRA_INTEGRATIONS_API_LAYER_v4.0_LOCKED.txt,871,module-reconciliation,integration_missing_source_trace,snake_case,warning_id,warnings,integration_credit_note_detected integration_reconciliation_mismatch integration_missing_source_trace integration_mock_data_preview_only integration_api_error
29_MIRRA_INTEGRATIONS_API_LAYER_v4.0_LOCKED.txt,29_MIRRA_INTEGRATIONS_API_LAYER_v4.0_LOCKED.txt,872,module-reconciliation,integration_mock_data_preview_only,snake_case,warning_id,warnings,integration_reconciliation_mismatch integration_missing_source_trace integration_mock_data_preview_only integration_api_error integration_upstream_source_unavailable
29_MIRRA_INTEGRATIONS_API_LAYER_v4.0_LOCKED.txt,29_MIRRA_INTEGRATIONS_API_LAYER_v4.0_LOCKED.txt,870,module-reconciliation,integration_reconciliation_mismatch,snake_case,warning_id,warnings,integration_low_confidence_supplier_match integration_credit_note_detected integration_reconciliation_mismatch integration_missing_source_trace integration_mock_data_preview_only
03_MIRRA_VARIABLE_CONTRACT_BRIEF_v4.0_LOCKED.txt,03_MIRRA_VARIABLE_CONTRACT_BRIEF_v4.0_LOCKED.txt,2907,module-reconciliation,margin_variance,snake_case,warning_id,ownership,expected_margin actual_margin margin_variance feedback_status
23_MIRRA_JOB_COSTING_PROFITABILITY_v4.0_LOCKED.txt,23_MIRRA_JOB_COSTING_PROFITABILITY_v4.0_LOCKED.txt,391,module-reconciliation,material_variance_id,snake_case,warning_id,inputs,"{ material_variance_id, job_id, quote_line_id,"
23_MIRRA_JOB_COSTING_PROFITABILITY_v4.0_LOCKED.txt,23_MIRRA_JOB_COSTING_PROFITABILITY_v4.0_LOCKED.txt,386,module-reconciliation,material_variance_rows,snake_case,warning_id,inputs,# 14. MATERIAL VARIANCE CONTRACT material_variance_rows[] Each row:
23_MIRRA_JOB_COSTING_PROFITABILITY_v4.0_LOCKED.txt,23_MIRRA_JOB_COSTING_PROFITABILITY_v4.0_LOCKED.txt,404,module-reconciliation,material_variance_status,snake_case,warning_id,inputs,"variance_to_po, variance_percent, material_variance_status, source_trace }"
24_MIRRA_MODEL_FEEDBACK_LOOP_v4.0_LOCKED.txt,24_MIRRA_MODEL_FEEDBACK_LOOP_v4.0_LOCKED.txt,265,module-reconciliation,model_assumption_review,snake_case,warning_id,downstream_consumption,- scope_variance - task_margin_issue - model_assumption_review - data_quality_review - positive_signal
23_MIRRA_JOB_COSTING_PROFITABILITY_v4.0_LOCKED.txt,23_MIRRA_JOB_COSTING_PROFITABILITY_v4.0_LOCKED.txt,568,module-reconciliation,model_minimum_required_recovery,snake_case,warning_id,inputs,variance_to_model_minimum = quoted_revenue - model_minimum_required_recovery variance_to_model_target =
11_MIRRA_MODEL_READINESS_v4.0_LOCKED.txt,11_MIRRA_MODEL_READINESS_v4.0_LOCKED.txt,535,module-reconciliation,model_preview_only,snake_case,warning_id,warnings,model_reconciliation_blocked model_source_period_mismatch model_preview_only model_ready_with_warnings
11_MIRRA_MODEL_READINESS_v4.0_LOCKED.txt,11_MIRRA_MODEL_READINESS_v4.0_LOCKED.txt,606,module-reconciliation,model_reconciliation_blocked,snake_case,warning_id,status_readiness_trust,true. ## model_reconciliation_blocked Use when Module Reconciliation has blocking checks.
00_MIRRA_SYSTEM_PRINCIPLES_v4.0_LOCKED.txt,00_MIRRA_SYSTEM_PRINCIPLES_v4.0_LOCKED.txt,933,module-reconciliation,module_amount,snake_case,warning_id,warnings,"source_amount, module_name, module_amount, variance_amount, variance_percent,"
03_MIRRA_VARIABLE_CONTRACT_BRIEF_v4.0_LOCKED.txt,03_MIRRA_VARIABLE_CONTRACT_BRIEF_v4.0_LOCKED.txt,305,module-reconciliation,module_amount,snake_case,warning_id,warnings,"source_amount, module_name, module_amount, variance_amount, variance_percent,"
04_MIRRA_P_AND_L_PAGE_v4.0_LOCKED.txt,04_MIRRA_P_AND_L_PAGE_v4.0_LOCKED.txt,661,module-reconciliation,module_amount,snake_case,warning_id,warnings,"source_amount, module_name, module_amount, variance_amount, variance_percent,"
00_MIRRA_SYSTEM_PRINCIPLES_v4.0_LOCKED.txt,00_MIRRA_SYSTEM_PRINCIPLES_v4.0_LOCKED.txt,932,module-reconciliation,module_name,snake_case,warning_id,warnings,"source_name, source_amount, module_name, module_amount, variance_amount,"
03_MIRRA_VARIABLE_CONTRACT_BRIEF_v4.0_LOCKED.txt,03_MIRRA_VARIABLE_CONTRACT_BRIEF_v4.0_LOCKED.txt,304,module-reconciliation,module_name,snake_case,warning_id,warnings,"source_name, source_amount, module_name, module_amount, variance_amount,"
04_MIRRA_P_AND_L_PAGE_v4.0_LOCKED.txt,04_MIRRA_P_AND_L_PAGE_v4.0_LOCKED.txt,660,module-reconciliation,module_name,snake_case,warning_id,warnings,"source_name, source_amount, module_name, module_amount, variance_amount,"
03_MIRRA_VARIABLE_CONTRACT_BRIEF_v4.0_LOCKED.txt,03_MIRRA_VARIABLE_CONTRACT_BRIEF_v4.0_LOCKED.txt,1493,module-reconciliation,module_reconciliation_warning_count,snake_case,warning_id,status_readiness_trust,module_reconciliation_status module_reconciliation_warnings module_reconciliation_warning_count module_reconciliation_model_trust_state
10_MIRRA_MODULE_RECONCILIATION_v4.0_LOCKED.txt,10_MIRRA_MODULE_RECONCILIATION_v4.0_LOCKED.txt,381,module-reconciliation,module_reconciliation_warning_count,snake_case,warning_id,inputs,module_reconciliation_status module_reconciliation_warnings module_reconciliation_warning_count module_reconciliation_model_trust_state
10_MIRRA_MODULE_RECONCILIATION_v4.0_LOCKED.txt,10_MIRRA_MODULE_RECONCILIATION_v4.0_LOCKED.txt,964,module-reconciliation,module_reconciliation_warning_count,snake_case,warning_id,warnings,"module_reconciliation_status, module_reconciliation_warnings, module_reconciliation_warning_count, module_reconciliation_model_trust_state }"
03_MIRRA_VARIABLE_CONTRACT_BRIEF_v4.0_LOCKED.txt,03_MIRRA_VARIABLE_CONTRACT_BRIEF_v4.0_LOCKED.txt,1492,module-reconciliation,module_reconciliation_warnings,snake_case,warning_id,status_readiness_trust,module_reconciliation_ready module_reconciliation_status module_reconciliation_warnings module_reconciliation_warning_count module_reconciliation_model_trust_state
10_MIRRA_MODULE_RECONCILIATION_v4.0_LOCKED.txt,10_MIRRA_MODULE_RECONCILIATION_v4.0_LOCKED.txt,380,module-reconciliation,module_reconciliation_warnings,snake_case,warning_id,inputs,module_reconciliation_ready module_reconciliation_status module_reconciliation_warnings module_reconciliation_warning_count module_reconciliation_model_trust_state
10_MIRRA_MODULE_RECONCILIATION_v4.0_LOCKED.txt,10_MIRRA_MODULE_RECONCILIATION_v4.0_LOCKED.txt,963,module-reconciliation,module_reconciliation_warnings,snake_case,warning_id,warnings,"module_reconciliation_ready, module_reconciliation_status, module_reconciliation_warnings, module_reconciliation_warning_count, module_reconciliation_model_trust_state"
23_MIRRA_JOB_COSTING_PROFITABILITY_v4.0_LOCKED.txt,23_MIRRA_JOB_COSTING_PROFITABILITY_v4.0_LOCKED.txt,511,module-reconciliation,overhead_recovery_variance_id,snake_case,warning_id,inputs,"{ overhead_recovery_variance_id, job_id, quote_line_id,"
23_MIRRA_JOB_COSTING_PROFITABILITY_v4.0_LOCKED.txt,23_MIRRA_JOB_COSTING_PROFITABILITY_v4.0_LOCKED.txt,506,module-reconciliation,overhead_recovery_variance_rows,snake_case,warning_id,inputs,# 18. OVERHEAD RECOVERY VARIANCE CONTRACT overhead_recovery_variance_rows[] Each row:
24_MIRRA_MODEL_FEEDBACK_LOOP_v4.0_LOCKED.txt,24_MIRRA_MODEL_FEEDBACK_LOOP_v4.0_LOCKED.txt,649,module-reconciliation,positive_variance,snake_case,warning_id,status_readiness_trust,"actual_result, model_target, positive_variance, jobs_affected_count, confidence_signal,"
24_MIRRA_MODEL_FEEDBACK_LOOP_v4.0_LOCKED.txt,24_MIRRA_MODEL_FEEDBACK_LOOP_v4.0_LOCKED.txt,497,module-reconciliation,productivity_variance_percent,snake_case,warning_id,status_readiness_trust,"actual_hours, hours_variance, productivity_variance_percent, cost_variance, jobs_affected_count,"
24_MIRRA_MODEL_FEEDBACK_LOOP_v4.0_LOCKED.txt,24_MIRRA_MODEL_FEEDBACK_LOOP_v4.0_LOCKED.txt,589,module-reconciliation,quote_margin_shortfall,snake_case,warning_id,status_readiness_trust,- quote_under_recovered - quote_margin_shortfall - execution_variance - supplier_variance
06_MIRRA_COST_SUMMARY_v4.0_LOCKED.txt,06_MIRRA_COST_SUMMARY_v4.0_LOCKED.txt,616,module-reconciliation,ready_with_warnings,snake_case,warning_id,warnings,"All required source modules are ready, totals are numeric, trust state ready. ready_with_warnings: Cost Summary can calculate, but warnings from source modules or reconciliation remain."
10_MIRRA_MODULE_RECONCILIATION_v4.0_LOCKED.txt,10_MIRRA_MODULE_RECONCILIATION_v4.0_LOCKED.txt,791,module-reconciliation,ready_with_warnings,snake_case,warning_id,status_readiness_trust,ready ready_with_warnings review_required blocked
10_MIRRA_MODULE_RECONCILIATION_v4.0_LOCKED.txt,10_MIRRA_MODULE_RECONCILIATION_v4.0_LOCKED.txt,802,module-reconciliation,ready_with_warnings,snake_case,warning_id,warnings,"All required checks balanced or acceptable with no warnings. ready_with_warnings: No blocking checks, but warnings remain visible."
10_MIRRA_MODULE_RECONCILIATION_v4.0_LOCKED.txt,10_MIRRA_MODULE_RECONCILIATION_v4.0_LOCKED.txt,837,module-reconciliation,ready_with_warnings,snake_case,warning_id,status_readiness_trust,→ ready module_reconciliation_status = ready_with_warnings or review_required → warning
11_MIRRA_MODEL_READINESS_v4.0_LOCKED.txt,11_MIRRA_MODEL_READINESS_v4.0_LOCKED.txt,211,module-reconciliation,ready_with_warnings,snake_case,warning_id,warnings,All required source modules and reconciliation checks are ready. ready_with_warnings: Model is usable but warnings remain visible.
11_MIRRA_MODEL_READINESS_v4.0_LOCKED.txt,11_MIRRA_MODEL_READINESS_v4.0_LOCKED.txt,433,module-reconciliation,ready_with_warnings,snake_case,warning_id,warnings,A module should be listed as warning when: - source module is ready_with_warnings - source module is review_required - non-blocking variance exists
24_MIRRA_MODEL_FEEDBACK_LOOP_v4.0_LOCKED.txt,24_MIRRA_MODEL_FEEDBACK_LOOP_v4.0_LOCKED.txt,500,module-reconciliation,recommended_review_action,snake_case,warning_id,status_readiness_trust,"cost_variance, jobs_affected_count, recommended_review_action, feedback_status }"
24_MIRRA_MODEL_FEEDBACK_LOOP_v4.0_LOCKED.txt,24_MIRRA_MODEL_FEEDBACK_LOOP_v4.0_LOCKED.txt,529,module-reconciliation,recommended_review_action,snake_case,warning_id,status_readiness_trust,"utilisation_variance, jobs_affected_count, recommended_review_action, feedback_status }"
23_MIRRA_JOB_COSTING_PROFITABILITY_v4.0_LOCKED.txt,23_MIRRA_JOB_COSTING_PROFITABILITY_v4.0_LOCKED.txt,696,module-reconciliation,recommended_review_flag,snake_case,warning_id,status_readiness_trust,"actual_margin_rate, variance_to_model_rate, recommended_review_flag, evidence_summary, source_trace"
00_MIRRA_SYSTEM_PRINCIPLES_v4.0_LOCKED.txt,00_MIRRA_SYSTEM_PRINCIPLES_v4.0_LOCKED.txt,928,module-reconciliation,reconciliation_id,snake_case,warning_id,warnings,"{ reconciliation_id, source_module, source_name,"
03_MIRRA_VARIABLE_CONTRACT_BRIEF_v4.0_LOCKED.txt,03_MIRRA_VARIABLE_CONTRACT_BRIEF_v4.0_LOCKED.txt,300,module-reconciliation,reconciliation_id,snake_case,warning_id,warnings,"{ reconciliation_id, source_module, source_name,"
04_MIRRA_P_AND_L_PAGE_v4.0_LOCKED.txt,04_MIRRA_P_AND_L_PAGE_v4.0_LOCKED.txt,656,module-reconciliation,reconciliation_id,snake_case,warning_id,warnings,"{ reconciliation_id, source_module, source_name,"
00_MIRRA_SYSTEM_PRINCIPLES_v4.0_LOCKED.txt,00_MIRRA_SYSTEM_PRINCIPLES_v4.0_LOCKED.txt,936,module-reconciliation,reconciliation_status,snake_case,warning_id,warnings,"variance_amount, variance_percent, reconciliation_status, tolerance_amount, explanation,"
03_MIRRA_VARIABLE_CONTRACT_BRIEF_v4.0_LOCKED.txt,03_MIRRA_VARIABLE_CONTRACT_BRIEF_v4.0_LOCKED.txt,308,module-reconciliation,reconciliation_status,snake_case,warning_id,warnings,"variance_amount, variance_percent, reconciliation_status, tolerance_amount, explanation,"
04_MIRRA_P_AND_L_PAGE_v4.0_LOCKED.txt,04_MIRRA_P_AND_L_PAGE_v4.0_LOCKED.txt,664,module-reconciliation,reconciliation_status,snake_case,warning_id,warnings,"variance_amount, variance_percent, reconciliation_status, tolerance_amount, explanation,"
24_MIRRA_MODEL_FEEDBACK_LOOP_v4.0_LOCKED.txt,24_MIRRA_MODEL_FEEDBACK_LOOP_v4.0_LOCKED.txt,526,module-reconciliation,recovery_gap,snake_case,warning_id,status_readiness_trust,"actual_recovery_rate, actual_usage_hours, recovery_gap, utilisation_variance, jobs_affected_count,"
15_MIRRA_REVENUE_REALITY_v4.0_LOCKED.txt,15_MIRRA_REVENUE_REALITY_v4.0_LOCKED.txt,787,module-reconciliation,revenue_reality_upstream_blocked,snake_case,warning_id,warnings,revenue_reality_cog_reconciliation_blocked revenue_reality_upstream_warning revenue_reality_upstream_blocked revenue_reality_preview_only
03_MIRRA_VARIABLE_CONTRACT_BRIEF_v4.0_LOCKED.txt,03_MIRRA_VARIABLE_CONTRACT_BRIEF_v4.0_LOCKED.txt,2898,module-reconciliation,revenue_variance,snake_case,warning_id,ownership,expected_revenue actual_revenue revenue_variance expected_cost actual_cost
10_MIRRA_MODULE_RECONCILIATION_v4.0_LOCKED.txt,10_MIRRA_MODULE_RECONCILIATION_v4.0_LOCKED.txt,862,module-reconciliation,review_action,snake_case,warning_id,warnings,"affected_variable, blocking, review_action }"
00_MIRRA_SYSTEM_PRINCIPLES_v4.0_LOCKED.txt,00_MIRRA_SYSTEM_PRINCIPLES_v4.0_LOCKED.txt,835,module-reconciliation,review_required,snake_case,warning_id,status_readiness_trust,ready ready_with_warnings review_required blocked leak_detected
03_MIRRA_VARIABLE_CONTRACT_BRIEF_v4.0_LOCKED.txt,03_MIRRA_VARIABLE_CONTRACT_BRIEF_v4.0_LOCKED.txt,234,module-reconciliation,review_required,snake_case,warning_id,status_readiness_trust,ready ready_with_warnings review_required blocked leak_detected
03_MIRRA_VARIABLE_CONTRACT_BRIEF_v4.0_LOCKED.txt,03_MIRRA_VARIABLE_CONTRACT_BRIEF_v4.0_LOCKED.txt,2193,module-reconciliation,review_required,snake_case,warning_id,status_readiness_trust,ready review_required blocked leak_detected
03_MIRRA_VARIABLE_CONTRACT_BRIEF_v4.0_LOCKED.txt,03_MIRRA_VARIABLE_CONTRACT_BRIEF_v4.0_LOCKED.txt,2375,module-reconciliation,review_required,snake_case,warning_id,status_readiness_trust,ready review_required blocked leak_detected
06_MIRRA_COST_SUMMARY_v4.0_LOCKED.txt,06_MIRRA_COST_SUMMARY_v4.0_LOCKED.txt,619,module-reconciliation,review_required,snake_case,warning_id,status_readiness_trust,"Cost Summary can calculate, but warnings from source modules or reconciliation remain. review_required: Cost Summary can calculate, but user review is required before relying downstream."
10_MIRRA_MODULE_RECONCILIATION_v4.0_LOCKED.txt,10_MIRRA_MODULE_RECONCILIATION_v4.0_LOCKED.txt,792,module-reconciliation,review_required,snake_case,warning_id,status_readiness_trust,ready ready_with_warnings review_required blocked leak_detected
10_MIRRA_MODULE_RECONCILIATION_v4.0_LOCKED.txt,10_MIRRA_MODULE_RECONCILIATION_v4.0_LOCKED.txt,805,module-reconciliation,review_required,snake_case,warning_id,status_readiness_trust,"No blocking checks, but warnings remain visible. review_required: Material variances require review but do not fully block."
10_MIRRA_MODULE_RECONCILIATION_v4.0_LOCKED.txt,10_MIRRA_MODULE_RECONCILIATION_v4.0_LOCKED.txt,837,module-reconciliation,review_required,snake_case,warning_id,status_readiness_trust,→ ready module_reconciliation_status = ready_with_warnings or review_required → warning
10_MIRRA_MODULE_RECONCILIATION_v4.0_LOCKED.txt,10_MIRRA_MODULE_RECONCILIATION_v4.0_LOCKED.txt,909,module-reconciliation,review_required,snake_case,warning_id,warnings,Blocking: review_required. ## reconciliation_cog_leak_detected
11_MIRRA_MODEL_READINESS_v4.0_LOCKED.txt,11_MIRRA_MODEL_READINESS_v4.0_LOCKED.txt,200,module-reconciliation,review_required,snake_case,warning_id,status_readiness_trust,ready ready_with_warnings review_required blocked leak_detected
11_MIRRA_MODEL_READINESS_v4.0_LOCKED.txt,11_MIRRA_MODEL_READINESS_v4.0_LOCKED.txt,434,module-reconciliation,review_required,snake_case,warning_id,warnings,- source module is ready_with_warnings - source module is review_required - non-blocking variance exists - defaults are used
17_MIRRA_COST_ALLOCATION_v4.0_LOCKED.txt,17_MIRRA_COST_ALLOCATION_v4.0_LOCKED.txt,1393,module-reconciliation,review_required,snake_case,warning_id,status_readiness_trust,ready ready_with_warnings review_required blocked leak_detected
24_MIRRA_MODEL_FEEDBACK_LOOP_v4.0_LOCKED.txt,24_MIRRA_MODEL_FEEDBACK_LOOP_v4.0_LOCKED.txt,263,module-reconciliation,scope_variance,snake_case,warning_id,downstream_consumption,- subcontractor_pressure - quote_alignment_failure - scope_variance - task_margin_issue - model_assumption_review
00_MIRRA_SYSTEM_PRINCIPLES_v4.0_LOCKED.txt,00_MIRRA_SYSTEM_PRINCIPLES_v4.0_LOCKED.txt,929,module-reconciliation,source_module,snake_case,warning_id,warnings,"{ reconciliation_id, source_module, source_name, source_amount,"
03_MIRRA_VARIABLE_CONTRACT_BRIEF_v4.0_LOCKED.txt,03_MIRRA_VARIABLE_CONTRACT_BRIEF_v4.0_LOCKED.txt,301,module-reconciliation,source_module,snake_case,warning_id,warnings,"{ reconciliation_id, source_module, source_name, source_amount,"
04_MIRRA_P_AND_L_PAGE_v4.0_LOCKED.txt,04_MIRRA_P_AND_L_PAGE_v4.0_LOCKED.txt,657,module-reconciliation,source_module,snake_case,warning_id,warnings,"{ reconciliation_id, source_module, source_name, source_amount,"
10_MIRRA_MODULE_RECONCILIATION_v4.0_LOCKED.txt,10_MIRRA_MODULE_RECONCILIATION_v4.0_LOCKED.txt,857,module-reconciliation,source_module,snake_case,warning_id,warnings,"{ warning_id, source_module, severity, message,"
00_MIRRA_SYSTEM_PRINCIPLES_v4.0_LOCKED.txt,00_MIRRA_SYSTEM_PRINCIPLES_v4.0_LOCKED.txt,930,module-reconciliation,source_name,snake_case,warning_id,warnings,"reconciliation_id, source_module, source_name, source_amount, module_name,"
03_MIRRA_VARIABLE_CONTRACT_BRIEF_v4.0_LOCKED.txt,03_MIRRA_VARIABLE_CONTRACT_BRIEF_v4.0_LOCKED.txt,302,module-reconciliation,source_name,snake_case,warning_id,warnings,"reconciliation_id, source_module, source_name, source_amount, module_name,"
04_MIRRA_P_AND_L_PAGE_v4.0_LOCKED.txt,04_MIRRA_P_AND_L_PAGE_v4.0_LOCKED.txt,658,module-reconciliation,source_name,snake_case,warning_id,warnings,"reconciliation_id, source_module, source_name, source_amount, module_name,"
23_MIRRA_JOB_COSTING_PROFITABILITY_v4.0_LOCKED.txt,23_MIRRA_JOB_COSTING_PROFITABILITY_v4.0_LOCKED.txt,482,module-reconciliation,subcontractor_variance_id,snake_case,warning_id,inputs,"{ subcontractor_variance_id, job_id, quote_line_id,"
23_MIRRA_JOB_COSTING_PROFITABILITY_v4.0_LOCKED.txt,23_MIRRA_JOB_COSTING_PROFITABILITY_v4.0_LOCKED.txt,477,module-reconciliation,subcontractor_variance_rows,snake_case,warning_id,inputs,# 17. SUBCONTRACTOR VARIANCE CONTRACT subcontractor_variance_rows[] Each row:
23_MIRRA_JOB_COSTING_PROFITABILITY_v4.0_LOCKED.txt,23_MIRRA_JOB_COSTING_PROFITABILITY_v4.0_LOCKED.txt,494,module-reconciliation,subcontractor_variance_status,snake_case,warning_id,inputs,"variance_to_po, variance_percent, subcontractor_variance_status, source_trace }"
23_MIRRA_JOB_COSTING_PROFITABILITY_v4.0_LOCKED.txt,23_MIRRA_JOB_COSTING_PROFITABILITY_v4.0_LOCKED.txt,734,module-reconciliation,suggested_modelling_review,snake_case,warning_id,status_readiness_trust,"modelled_result, variance, suggested_modelling_review, evidence_summary, source_trace"
00_MIRRA_SYSTEM_PRINCIPLES_v4.0_LOCKED.txt,00_MIRRA_SYSTEM_PRINCIPLES_v4.0_LOCKED.txt,937,module-reconciliation,tolerance_amount,snake_case,warning_id,warnings,"variance_percent, reconciliation_status, tolerance_amount, explanation, blocking,"
03_MIRRA_VARIABLE_CONTRACT_BRIEF_v4.0_LOCKED.txt,03_MIRRA_VARIABLE_CONTRACT_BRIEF_v4.0_LOCKED.txt,309,module-reconciliation,tolerance_amount,snake_case,warning_id,warnings,"variance_percent, reconciliation_status, tolerance_amount, explanation, blocking,"
04_MIRRA_P_AND_L_PAGE_v4.0_LOCKED.txt,04_MIRRA_P_AND_L_PAGE_v4.0_LOCKED.txt,665,module-reconciliation,tolerance_amount,snake_case,warning_id,warnings,"variance_percent, reconciliation_status, tolerance_amount, explanation, blocking,"
24_MIRRA_MODEL_FEEDBACK_LOOP_v4.0_LOCKED.txt,24_MIRRA_MODEL_FEEDBACK_LOOP_v4.0_LOCKED.txt,527,module-reconciliation,utilisation_variance,snake_case,warning_id,status_readiness_trust,"actual_usage_hours, recovery_gap, utilisation_variance, jobs_affected_count, recommended_review_action,"
00_MIRRA_SYSTEM_PRINCIPLES_v4.0_LOCKED.txt,00_MIRRA_SYSTEM_PRINCIPLES_v4.0_LOCKED.txt,934,module-reconciliation,variance_amount,snake_case,warning_id,warnings,"module_name, module_amount, variance_amount, variance_percent, reconciliation_status,"
03_MIRRA_VARIABLE_CONTRACT_BRIEF_v4.0_LOCKED.txt,03_MIRRA_VARIABLE_CONTRACT_BRIEF_v4.0_LOCKED.txt,306,module-reconciliation,variance_amount,snake_case,warning_id,warnings,"module_name, module_amount, variance_amount, variance_percent, reconciliation_status,"
04_MIRRA_P_AND_L_PAGE_v4.0_LOCKED.txt,04_MIRRA_P_AND_L_PAGE_v4.0_LOCKED.txt,662,module-reconciliation,variance_amount,snake_case,warning_id,warnings,"module_name, module_amount, variance_amount, variance_percent, reconciliation_status,"
00_MIRRA_SYSTEM_PRINCIPLES_v4.0_LOCKED.txt,00_MIRRA_SYSTEM_PRINCIPLES_v4.0_LOCKED.txt,935,module-reconciliation,variance_percent,snake_case,warning_id,warnings,"module_amount, variance_amount, variance_percent, reconciliation_status, tolerance_amount,"
03_MIRRA_VARIABLE_CONTRACT_BRIEF_v4.0_LOCKED.txt,03_MIRRA_VARIABLE_CONTRACT_BRIEF_v4.0_LOCKED.txt,307,module-reconciliation,variance_percent,snake_case,warning_id,warnings,"module_amount, variance_amount, variance_percent, reconciliation_status, tolerance_amount,"
04_MIRRA_P_AND_L_PAGE_v4.0_LOCKED.txt,04_MIRRA_P_AND_L_PAGE_v4.0_LOCKED.txt,663,module-reconciliation,variance_percent,snake_case,warning_id,warnings,"module_amount, variance_amount, variance_percent, reconciliation_status, tolerance_amount,"
00_MIRRA_SYSTEM_PRINCIPLES_v4.0_LOCKED.txt,00_MIRRA_SYSTEM_PRINCIPLES_v4.0_LOCKED.txt,947,module-reconciliation,variance_review,snake_case,warning_id,status_readiness_trust,balanced rounding_only variance_review leak_detected blocked
03_MIRRA_VARIABLE_CONTRACT_BRIEF_v4.0_LOCKED.txt,03_MIRRA_VARIABLE_CONTRACT_BRIEF_v4.0_LOCKED.txt,319,module-reconciliation,variance_review,snake_case,warning_id,status_readiness_trust,balanced rounding_only variance_review leak_detected blocked
10_MIRRA_MODULE_RECONCILIATION_v4.0_LOCKED.txt,10_MIRRA_MODULE_RECONCILIATION_v4.0_LOCKED.txt,410,module-reconciliation,variance_review,snake_case,warning_id,status_readiness_trust,balanced rounding_only variance_review leak_detected blocked
10_MIRRA_MODULE_RECONCILIATION_v4.0_LOCKED.txt,10_MIRRA_MODULE_RECONCILIATION_v4.0_LOCKED.txt,434,module-reconciliation,variance_review,snake_case,warning_id,status_readiness_trust,variance_percent = null reconciliation_status = variance_review or leak_detected depending check If both source_amount and module_amount = 0:
10_MIRRA_MODULE_RECONCILIATION_v4.0_LOCKED.txt,10_MIRRA_MODULE_RECONCILIATION_v4.0_LOCKED.txt,768,module-reconciliation,warning_checks,snake_case,warning_id,warnings,# 27. WARNING CHECKS warning_checks[] should include visible issues that do not necessarily block all downstream output. Examples:
10_MIRRA_MODULE_RECONCILIATION_v4.0_LOCKED.txt,10_MIRRA_MODULE_RECONCILIATION_v4.0_LOCKED.txt,856,module-reconciliation,warning_id,snake_case,warning_id,warnings,"{ warning_id, source_module, severity,"
31_MIRRA_OPENING_HOURS_SUPPORTING_MODULE_v5.0.txt,31_MIRRA_OPENING_HOURS_SUPPORTING_MODULE_v5.0.txt,21,opening-hours,macro_required_operating_hour_rate,snake_case,warning_id,warnings,The opening-hours module exposes the following implemented output contract fields: - `macro_required_operating_hour_rate` - `net_annual_business_open_hours` - `opening_hours_module`
31_MIRRA_OPENING_HOURS_SUPPORTING_MODULE_v5.0.txt,31_MIRRA_OPENING_HOURS_SUPPORTING_MODULE_v5.0.txt,27,opening-hours,macro_required_operating_hour_rate,snake_case,warning_id,warnings,## Field Notes ### `macro_required_operating_hour_rate` Meaning:
31_Macro_Micro_Layer_v4.0_Locked.txt,31_Macro_Micro_Layer_v4.0_Locked.txt,179,opening-hours,macro_required_operating_hour_rate,snake_case,warning_id,calculation,```txt macro_required_operating_hour_rate = total_cost_burden / net_annual_business_open_hours ```
31_Macro_Micro_Layer_v4.0_Locked.txt,31_Macro_Micro_Layer_v4.0_Locked.txt,547,opening-hours,macro_required_operating_hour_rate,snake_case,warning_id,status_readiness_trust,net_annual_business_open_hours total_cost_burden macro_required_operating_hour_rate margin_pool actual_margin_per_open_hour
31_Macro_Micro_Layer_v4.0_Locked.txt,31_Macro_Micro_Layer_v4.0_Locked.txt,120,opening-hours,opening_hours_warnings,snake_case,warning_id,status_readiness_trust,net_annual_business_open_hours opening_hours_status opening_hours_warnings ```
04_MIRRA_P_AND_L_PAGE_v4.0_LOCKED.txt,04_MIRRA_P_AND_L_PAGE_v4.0_LOCKED.txt,1512,p-and-l,accept_reference_wrapper,snake_case,warning_id,warnings,### `pnl_output` - Classification: `accept_reference_wrapper` - Recommended action: `document_as_reference_wrapper_not_business_metric` - Confidence: `medium`
03_MIRRA_VARIABLE_CONTRACT_BRIEF_v4.0_LOCKED.txt,03_MIRRA_VARIABLE_CONTRACT_BRIEF_v4.0_LOCKED.txt,286,p-and-l,affected_variable,snake_case,warning_id,warnings,"severity: ""critical"", message: ""COG Account Transactions do not reconcile to P&L Cost of Sales."", affected_variable: ""cog_reconciliation_status"", blocking: true, review_action: ""Review the Account Transactions import and P&L Cost of Sales lines."""
03_MIRRA_VARIABLE_CONTRACT_BRIEF_v4.0_LOCKED.txt,03_MIRRA_VARIABLE_CONTRACT_BRIEF_v4.0_LOCKED.txt,1778,p-and-l,asset_finance_bridge_variance,snake_case,warning_id,calculation,traditional_pnl_net_profit labour_bridge_variance asset_finance_bridge_variance general_overheads_bridge_variance other_income_excluded
14_MIRRA_BUSINESS_SUMMARY_v4.0_LOCKED.txt,14_MIRRA_BUSINESS_SUMMARY_v4.0_LOCKED.txt,708,p-and-l,asset_finance_bridge_variance,snake_case,warning_id,calculation,traditional_pnl_net_profit labour_bridge_variance asset_finance_bridge_variance general_overheads_bridge_variance other_income_excluded
14_MIRRA_BUSINESS_SUMMARY_v4.0_LOCKED.txt,14_MIRRA_BUSINESS_SUMMARY_v4.0_LOCKED.txt,720,p-and-l,asset_finance_bridge_variance,snake_case,warning_id,calculation,"traditional_pnl_net_profit, labour_bridge_variance, asset_finance_bridge_variance, general_overheads_bridge_variance, other_income_excluded,"
14_MIRRA_BUSINESS_SUMMARY_v4.0_LOCKED.txt,14_MIRRA_BUSINESS_SUMMARY_v4.0_LOCKED.txt,1319,p-and-l,asset_finance_bridge_variance,snake_case,warning_id,warnings,"traditional_pnl_net_profit, labour_bridge_variance, asset_finance_bridge_variance, general_overheads_bridge_variance, other_income_excluded,"
09_MIRRA_ASSETS_MODULE_v4.0_LOCKED.txt,09_MIRRA_ASSETS_MODULE_v4.0_LOCKED.txt,1284,p-and-l,assets_warnings,snake_case,warning_id,warnings,- assets_status - assets_model_trust_state - assets_warnings Module Reconciliation compares Assets output to relevant P&L benchmark values.
14_MIRRA_BUSINESS_SUMMARY_v4.0_LOCKED.txt,14_MIRRA_BUSINESS_SUMMARY_v4.0_LOCKED.txt,1203,p-and-l,business_summary_bridge_not_available,snake_case,warning_id,warnings,false. ## business_summary_bridge_not_available Use when P&L-to-operational bridge cannot be shown because required reconciliation data is unavailable.
14_MIRRA_BUSINESS_SUMMARY_v4.0_LOCKED.txt,14_MIRRA_BUSINESS_SUMMARY_v4.0_LOCKED.txt,1195,p-and-l,business_summary_other_income_present,snake_case,warning_id,warnings,true for per-driver calculations. ## business_summary_other_income_present Use when Other Income affects P&L bridge.
13_MIRRA_REVENUE_COGS_v4.0_LOCKED.txt,13_MIRRA_REVENUE_COGS_v4.0_LOCKED.txt,1450,p-and-l,cog_gross_used_warning,snake_case,warning_id,warnings,cog_reconciliation_missing_pnl_account cog_reconciliation_missing_transaction_detail cog_gross_used_warning cog_payable_invoice_detail_rejected cog_variance_above_tolerance
13_MIRRA_REVENUE_COGS_v4.0_LOCKED.txt,13_MIRRA_REVENUE_COGS_v4.0_LOCKED.txt,2091,p-and-l,cog_payable_invoice_detail_rejected,snake_case,warning_id,warnings,cog_reconciliation_missing_pnl_account cog_reconciliation_missing_transaction_detail cog_payable_invoice_detail_rejected cog_gross_used_warning cog_variance_above_tolerance
13_MIRRA_REVENUE_COGS_v4.0_LOCKED.txt,13_MIRRA_REVENUE_COGS_v4.0_LOCKED.txt,1446,p-and-l,cog_reconciliation_leak_detected,snake_case,warning_id,warnings,cog_import_period_missing cog_import_period_mismatch cog_reconciliation_leak_detected cog_reconciliation_unmatched_account cog_reconciliation_missing_pnl_account
13_MIRRA_REVENUE_COGS_v4.0_LOCKED.txt,13_MIRRA_REVENUE_COGS_v4.0_LOCKED.txt,2087,p-and-l,cog_reconciliation_leak_detected,snake_case,warning_id,warnings,cog_import_period_missing cog_import_period_mismatch cog_reconciliation_leak_detected cog_reconciliation_unmatched_account cog_reconciliation_missing_pnl_account
13_MIRRA_REVENUE_COGS_v4.0_LOCKED.txt,13_MIRRA_REVENUE_COGS_v4.0_LOCKED.txt,1448,p-and-l,cog_reconciliation_missing_pnl_account,snake_case,warning_id,warnings,cog_reconciliation_leak_detected cog_reconciliation_unmatched_account cog_reconciliation_missing_pnl_account cog_reconciliation_missing_transaction_detail cog_gross_used_warning
13_MIRRA_REVENUE_COGS_v4.0_LOCKED.txt,13_MIRRA_REVENUE_COGS_v4.0_LOCKED.txt,2089,p-and-l,cog_reconciliation_missing_pnl_account,snake_case,warning_id,warnings,cog_reconciliation_leak_detected cog_reconciliation_unmatched_account cog_reconciliation_missing_pnl_account cog_reconciliation_missing_transaction_detail cog_payable_invoice_detail_rejected
13_MIRRA_REVENUE_COGS_v4.0_LOCKED.txt,13_MIRRA_REVENUE_COGS_v4.0_LOCKED.txt,1449,p-and-l,cog_reconciliation_missing_transaction_detail,snake_case,warning_id,warnings,cog_reconciliation_unmatched_account cog_reconciliation_missing_pnl_account cog_reconciliation_missing_transaction_detail cog_gross_used_warning cog_payable_invoice_detail_rejected
13_MIRRA_REVENUE_COGS_v4.0_LOCKED.txt,13_MIRRA_REVENUE_COGS_v4.0_LOCKED.txt,2090,p-and-l,cog_reconciliation_missing_transaction_detail,snake_case,warning_id,warnings,cog_reconciliation_unmatched_account cog_reconciliation_missing_pnl_account cog_reconciliation_missing_transaction_detail cog_payable_invoice_detail_rejected cog_gross_used_warning
03_MIRRA_VARIABLE_CONTRACT_BRIEF_v4.0_LOCKED.txt,03_MIRRA_VARIABLE_CONTRACT_BRIEF_v4.0_LOCKED.txt,286,p-and-l,cog_reconciliation_status,snake_case,warning_id,warnings,"severity: ""critical"", message: ""COG Account Transactions do not reconcile to P&L Cost of Sales."", affected_variable: ""cog_reconciliation_status"", blocking: true, review_action: ""Review the Account Transactions import and P&L Cost of Sales lines."""
13_MIRRA_REVENUE_COGS_v4.0_LOCKED.txt,13_MIRRA_REVENUE_COGS_v4.0_LOCKED.txt,1447,p-and-l,cog_reconciliation_unmatched_account,snake_case,warning_id,warnings,cog_import_period_mismatch cog_reconciliation_leak_detected cog_reconciliation_unmatched_account cog_reconciliation_missing_pnl_account cog_reconciliation_missing_transaction_detail
13_MIRRA_REVENUE_COGS_v4.0_LOCKED.txt,13_MIRRA_REVENUE_COGS_v4.0_LOCKED.txt,2088,p-and-l,cog_reconciliation_unmatched_account,snake_case,warning_id,warnings,cog_import_period_mismatch cog_reconciliation_leak_detected cog_reconciliation_unmatched_account cog_reconciliation_missing_pnl_account cog_reconciliation_missing_transaction_detail
13_MIRRA_REVENUE_COGS_v4.0_LOCKED.txt,13_MIRRA_REVENUE_COGS_v4.0_LOCKED.txt,1370,p-and-l,cog_reconciliation_variance_percent,snake_case,warning_id,calculation,account_transactions_net_total - pnl_cog_total cog_reconciliation_variance_percent = cog_reconciliation_difference / pnl_cog_total
14_MIRRA_BUSINESS_SUMMARY_v4.0_LOCKED.txt,14_MIRRA_BUSINESS_SUMMARY_v4.0_LOCKED.txt,1853,p-and-l,current_margin_per_driver,snake_case,warning_id,warnings,14. Product/unit mode uses annual units as driver. 15. Business Summary calculates required_recovery_per_driver. 16. Business Summary calculates current_margin_per_driver. 17. Business Summary calculates recovery_gap_per_driver. 18. Business Summary shows P&L-to-operational bridge.
03_MIRRA_VARIABLE_CONTRACT_BRIEF_v4.0_LOCKED.txt,03_MIRRA_VARIABLE_CONTRACT_BRIEF_v4.0_LOCKED.txt,1686,p-and-l,general_overheads_variance_amount,snake_case,warning_id,inputs,labour_variance_amount asset_finance_variance_amount general_overheads_variance_amount total_other_income pnl_net_profit where available
03_MIRRA_VARIABLE_CONTRACT_BRIEF_v4.0_LOCKED.txt,03_MIRRA_VARIABLE_CONTRACT_BRIEF_v4.0_LOCKED.txt,1777,p-and-l,labour_bridge_variance,snake_case,warning_id,calculation,pnl_to_operational_bridge traditional_pnl_net_profit labour_bridge_variance asset_finance_bridge_variance general_overheads_bridge_variance
14_MIRRA_BUSINESS_SUMMARY_v4.0_LOCKED.txt,14_MIRRA_BUSINESS_SUMMARY_v4.0_LOCKED.txt,707,p-and-l,labour_bridge_variance,snake_case,warning_id,calculation,pnl_to_operational_bridge traditional_pnl_net_profit labour_bridge_variance asset_finance_bridge_variance general_overheads_bridge_variance
14_MIRRA_BUSINESS_SUMMARY_v4.0_LOCKED.txt,14_MIRRA_BUSINESS_SUMMARY_v4.0_LOCKED.txt,719,p-and-l,labour_bridge_variance,snake_case,warning_id,calculation,"{ traditional_pnl_net_profit, labour_bridge_variance, asset_finance_bridge_variance, general_overheads_bridge_variance,"
14_MIRRA_BUSINESS_SUMMARY_v4.0_LOCKED.txt,14_MIRRA_BUSINESS_SUMMARY_v4.0_LOCKED.txt,1318,p-and-l,labour_bridge_variance,snake_case,warning_id,warnings,"pnl_to_operational_bridge, traditional_pnl_net_profit, labour_bridge_variance, asset_finance_bridge_variance, general_overheads_bridge_variance,"
07_MIRRA_LABOUR_MODULE_v4.0_LOCKED.txt,07_MIRRA_LABOUR_MODULE_v4.0_LOCKED.txt,627,p-and-l,labour_model_trust_state,snake_case,warning_id,warnings,"labour_ready labour_status labour_model_trust_state If P&L labour differs from Labour module, show variance in Module Reconciliation."
07_MIRRA_LABOUR_MODULE_v4.0_LOCKED.txt,07_MIRRA_LABOUR_MODULE_v4.0_LOCKED.txt,820,p-and-l,labour_reconciliation_variance,snake_case,warning_id,warnings,review_required. ## labour_reconciliation_variance Use when Module Reconciliation reports Labour vs P&L variance.
14_MIRRA_BUSINESS_SUMMARY_v4.0_LOCKED.txt,14_MIRRA_BUSINESS_SUMMARY_v4.0_LOCKED.txt,303,p-and-l,labour_variance_amount,snake_case,warning_id,downstream_consumption,traditional_pnl_net_profit pnl_net_profit labour_variance_amount labour_variance_percent asset_finance_variance_amount
14_MIRRA_BUSINESS_SUMMARY_v4.0_LOCKED.txt,14_MIRRA_BUSINESS_SUMMARY_v4.0_LOCKED.txt,304,p-and-l,labour_variance_percent,snake_case,warning_id,downstream_consumption,pnl_net_profit labour_variance_amount labour_variance_percent asset_finance_variance_amount asset_finance_variance_percent
07_MIRRA_LABOUR_MODULE_v4.0_LOCKED.txt,07_MIRRA_LABOUR_MODULE_v4.0_LOCKED.txt,869,p-and-l,labour_warnings,snake_case,warning_id,warnings,- labour_status - labour_model_trust_state - labour_warnings Module Reconciliation compares Labour output to P&L labour benchmark.
11_MIRRA_MODEL_READINESS_v4.0_LOCKED.txt,11_MIRRA_MODEL_READINESS_v4.0_LOCKED.txt,527,p-and-l,model_cog_reconciliation_leak,snake_case,warning_id,warnings,model_pnl_blocked model_revenue_cogs_blocked model_cog_reconciliation_leak model_labour_blocked model_assets_blocked
11_MIRRA_MODEL_READINESS_v4.0_LOCKED.txt,11_MIRRA_MODEL_READINESS_v4.0_LOCKED.txt,558,p-and-l,model_cog_reconciliation_leak,snake_case,warning_id,warnings,true for accounting-based model. ## model_cog_reconciliation_leak Use when Revenue / COGS COG control data does not reconcile to P&L.
11_MIRRA_MODEL_READINESS_v4.0_LOCKED.txt,11_MIRRA_MODEL_READINESS_v4.0_LOCKED.txt,550,p-and-l,model_missing_pnl,snake_case,warning_id,warnings,true. ## model_missing_pnl Use when no valid P&L source exists.
11_MIRRA_MODEL_READINESS_v4.0_LOCKED.txt,11_MIRRA_MODEL_READINESS_v4.0_LOCKED.txt,526,p-and-l,model_revenue_cogs_blocked,snake_case,warning_id,warnings,model_missing_pnl model_pnl_blocked model_revenue_cogs_blocked model_cog_reconciliation_leak model_labour_blocked
10_MIRRA_MODULE_RECONCILIATION_v4.0_LOCKED.txt,10_MIRRA_MODULE_RECONCILIATION_v4.0_LOCKED.txt,1314,p-and-l,module_reconciliation_model_trust_state,snake_case,warning_id,warnings,13. It creates blocking checks. 14. It creates warning checks. 15. It exposes module_reconciliation_model_trust_state. 16. It feeds Model Readiness. 17. It does not overwrite P&L values.
04_MIRRA_P_AND_L_PAGE_v4.0_LOCKED.txt,04_MIRRA_P_AND_L_PAGE_v4.0_LOCKED.txt,627,p-and-l,no_pnl_data,snake_case,warning_id,warnings,Required warning IDs: no_pnl_data pnl_period_missing pnl_import_failed
13_MIRRA_REVENUE_COGS_v4.0_LOCKED.txt,13_MIRRA_REVENUE_COGS_v4.0_LOCKED.txt,1493,p-and-l,not_available,snake_case,warning_id,warnings,"If only P&L high-level totals exist and no detail import exists: the module may be usable as preview, but COG detail-dependent outputs must be not_available or preview_only. If detail import exists and does not reconcile:"
04_MIRRA_P_AND_L_PAGE_v4.0_LOCKED.txt,04_MIRRA_P_AND_L_PAGE_v4.0_LOCKED.txt,632,p-and-l,pnl_account_mapping_conflict,snake_case,warning_id,warnings,pnl_totals_zero pnl_unclassified_lines pnl_account_mapping_conflict pnl_net_profit_variance pnl_unknown_revenue_lines
10_MIRRA_MODULE_RECONCILIATION_v4.0_LOCKED.txt,10_MIRRA_MODULE_RECONCILIATION_v4.0_LOCKED.txt,374,p-and-l,pnl_business_cost_variance,snake_case,warning_id,inputs,total_business_cost_variance_amount total_business_cost_variance_percent pnl_business_cost_variance pnl_business_cost_variance_percent module_total_business_costs
10_MIRRA_MODULE_RECONCILIATION_v4.0_LOCKED.txt,10_MIRRA_MODULE_RECONCILIATION_v4.0_LOCKED.txt,956,p-and-l,pnl_business_cost_variance,snake_case,warning_id,warnings,"total_business_cost_variance_amount, total_business_cost_variance_percent, pnl_business_cost_variance, pnl_business_cost_variance_percent, module_total_business_costs,"
14_MIRRA_BUSINESS_SUMMARY_v4.0_LOCKED.txt,14_MIRRA_BUSINESS_SUMMARY_v4.0_LOCKED.txt,311,p-and-l,pnl_business_cost_variance,snake_case,warning_id,downstream_consumption,total_business_cost_variance_amount total_business_cost_variance_percent pnl_business_cost_variance pnl_business_cost_variance_percent module_total_business_costs
10_MIRRA_MODULE_RECONCILIATION_v4.0_LOCKED.txt,10_MIRRA_MODULE_RECONCILIATION_v4.0_LOCKED.txt,375,p-and-l,pnl_business_cost_variance_percent,snake_case,warning_id,inputs,total_business_cost_variance_percent pnl_business_cost_variance pnl_business_cost_variance_percent module_total_business_costs total_other_income
10_MIRRA_MODULE_RECONCILIATION_v4.0_LOCKED.txt,10_MIRRA_MODULE_RECONCILIATION_v4.0_LOCKED.txt,957,p-and-l,pnl_business_cost_variance_percent,snake_case,warning_id,warnings,"total_business_cost_variance_percent, pnl_business_cost_variance, pnl_business_cost_variance_percent, module_total_business_costs, total_other_income,"
14_MIRRA_BUSINESS_SUMMARY_v4.0_LOCKED.txt,14_MIRRA_BUSINESS_SUMMARY_v4.0_LOCKED.txt,312,p-and-l,pnl_business_cost_variance_percent,snake_case,warning_id,downstream_consumption,total_business_cost_variance_percent pnl_business_cost_variance pnl_business_cost_variance_percent module_total_business_costs total_other_income
04_MIRRA_P_AND_L_PAGE_v4.0_LOCKED.txt,04_MIRRA_P_AND_L_PAGE_v4.0_LOCKED.txt,629,p-and-l,pnl_import_failed,snake_case,warning_id,warnings,no_pnl_data pnl_period_missing pnl_import_failed pnl_totals_zero pnl_unclassified_lines
04_MIRRA_P_AND_L_PAGE_v4.0_LOCKED.txt,04_MIRRA_P_AND_L_PAGE_v4.0_LOCKED.txt,633,p-and-l,pnl_net_profit_variance,snake_case,warning_id,warnings,pnl_unclassified_lines pnl_account_mapping_conflict pnl_net_profit_variance pnl_unknown_revenue_lines pnl_unknown_cogs_lines
04_MIRRA_P_AND_L_PAGE_v4.0_LOCKED.txt,04_MIRRA_P_AND_L_PAGE_v4.0_LOCKED.txt,638,p-and-l,pnl_other_expense_review,snake_case,warning_id,warnings,pnl_unknown_operating_expense_lines pnl_other_income_review pnl_other_expense_review pnl_wip_or_journal_review
04_MIRRA_P_AND_L_PAGE_v4.0_LOCKED.txt,04_MIRRA_P_AND_L_PAGE_v4.0_LOCKED.txt,637,p-and-l,pnl_other_income_review,snake_case,warning_id,warnings,pnl_unknown_cogs_lines pnl_unknown_operating_expense_lines pnl_other_income_review pnl_other_expense_review pnl_wip_or_journal_review
04_MIRRA_P_AND_L_PAGE_v4.0_LOCKED.txt,04_MIRRA_P_AND_L_PAGE_v4.0_LOCKED.txt,1510,p-and-l,pnl_output,snake_case,warning_id,warnings,## Reference Wrapper Fields To Document Separately ### `pnl_output` - Classification: `accept_reference_wrapper`
04_MIRRA_P_AND_L_PAGE_v4.0_LOCKED.txt,04_MIRRA_P_AND_L_PAGE_v4.0_LOCKED.txt,1521,p-and-l,pnl_output,snake_case,warning_id,warnings,Brief insertion instruction: - Document `pnl_output` as a wrapper/reference field for `p-and-l`. - Do not describe it as a business metric. - Identify what object it wraps and which modules consume it.
04_MIRRA_P_AND_L_PAGE_v4.0_LOCKED.txt,04_MIRRA_P_AND_L_PAGE_v4.0_LOCKED.txt,628,p-and-l,pnl_period_missing,snake_case,warning_id,warnings,no_pnl_data pnl_period_missing pnl_import_failed pnl_totals_zero
04_MIRRA_P_AND_L_PAGE_v4.0_LOCKED.txt,04_MIRRA_P_AND_L_PAGE_v4.0_LOCKED.txt,630,p-and-l,pnl_totals_zero,snake_case,warning_id,warnings,pnl_period_missing pnl_import_failed pnl_totals_zero pnl_unclassified_lines pnl_account_mapping_conflict
04_MIRRA_P_AND_L_PAGE_v4.0_LOCKED.txt,04_MIRRA_P_AND_L_PAGE_v4.0_LOCKED.txt,631,p-and-l,pnl_unclassified_lines,snake_case,warning_id,warnings,pnl_import_failed pnl_totals_zero pnl_unclassified_lines pnl_account_mapping_conflict pnl_net_profit_variance
04_MIRRA_P_AND_L_PAGE_v4.0_LOCKED.txt,04_MIRRA_P_AND_L_PAGE_v4.0_LOCKED.txt,635,p-and-l,pnl_unknown_cogs_lines,snake_case,warning_id,warnings,pnl_net_profit_variance pnl_unknown_revenue_lines pnl_unknown_cogs_lines pnl_unknown_operating_expense_lines pnl_other_income_review
04_MIRRA_P_AND_L_PAGE_v4.0_LOCKED.txt,04_MIRRA_P_AND_L_PAGE_v4.0_LOCKED.txt,636,p-and-l,pnl_unknown_operating_expense_lines,snake_case,warning_id,warnings,pnl_unknown_revenue_lines pnl_unknown_cogs_lines pnl_unknown_operating_expense_lines pnl_other_income_review pnl_other_expense_review
04_MIRRA_P_AND_L_PAGE_v4.0_LOCKED.txt,04_MIRRA_P_AND_L_PAGE_v4.0_LOCKED.txt,634,p-and-l,pnl_unknown_revenue_lines,snake_case,warning_id,warnings,pnl_account_mapping_conflict pnl_net_profit_variance pnl_unknown_revenue_lines pnl_unknown_cogs_lines pnl_unknown_operating_expense_lines
03_MIRRA_VARIABLE_CONTRACT_BRIEF_v4.0_LOCKED.txt,03_MIRRA_VARIABLE_CONTRACT_BRIEF_v4.0_LOCKED.txt,553,p-and-l,pnl_warning_count,snake_case,warning_id,status_readiness_trust,pnl_status pnl_warnings pnl_warning_count pnl_model_trust_state
04_MIRRA_P_AND_L_PAGE_v4.0_LOCKED.txt,04_MIRRA_P_AND_L_PAGE_v4.0_LOCKED.txt,714,p-and-l,pnl_warning_count,snake_case,warning_id,warnings,"pnl_status, pnl_warnings, pnl_warning_count, pnl_model_trust_state, pnl_reconciliation_checks"
03_MIRRA_VARIABLE_CONTRACT_BRIEF_v4.0_LOCKED.txt,03_MIRRA_VARIABLE_CONTRACT_BRIEF_v4.0_LOCKED.txt,552,p-and-l,pnl_warnings,snake_case,warning_id,status_readiness_trust,pnl_ready pnl_status pnl_warnings pnl_warning_count pnl_model_trust_state
04_MIRRA_P_AND_L_PAGE_v4.0_LOCKED.txt,04_MIRRA_P_AND_L_PAGE_v4.0_LOCKED.txt,713,p-and-l,pnl_warnings,snake_case,warning_id,warnings,"pnl_ready, pnl_status, pnl_warnings, pnl_warning_count, pnl_model_trust_state,"
10_MIRRA_MODULE_RECONCILIATION_v4.0_LOCKED.txt,10_MIRRA_MODULE_RECONCILIATION_v4.0_LOCKED.txt,243,p-and-l,pnl_warnings,snake_case,warning_id,inputs,pnl_model_trust_state pnl_status pnl_warnings ---
MIRRA_v4_CHAT_HANDOVER_PNL_REBUILD.txt,MIRRA_v4_CHAT_HANDOVER_PNL_REBUILD.txt,434,p-and-l,pnl_warnings,snake_case,warning_id,status_readiness_trust,- pnl_ready - pnl_status - pnl_warnings - pnl_model_trust_state - total_revenue
04_MIRRA_P_AND_L_PAGE_v4.0_LOCKED.txt,04_MIRRA_P_AND_L_PAGE_v4.0_LOCKED.txt,639,p-and-l,pnl_wip_or_journal_review,snake_case,warning_id,warnings,pnl_other_income_review pnl_other_expense_review pnl_wip_or_journal_review ---
13_MIRRA_REVENUE_COGS_v4.0_LOCKED.txt,13_MIRRA_REVENUE_COGS_v4.0_LOCKED.txt,1493,p-and-l,preview_only,snake_case,warning_id,warnings,"If only P&L high-level totals exist and no detail import exists: the module may be usable as preview, but COG detail-dependent outputs must be not_available or preview_only. If detail import exists and does not reconcile:"
04_MIRRA_P_AND_L_PAGE_v4.0_LOCKED.txt,04_MIRRA_P_AND_L_PAGE_v4.0_LOCKED.txt,569,p-and-l,ready_with_warnings,snake_case,warning_id,warnings,"P&L data exists, source period exists, required sections are classified, no blocking warnings. ready_with_warnings: P&L is usable but warnings remain visible."
04_MIRRA_P_AND_L_PAGE_v4.0_LOCKED.txt,04_MIRRA_P_AND_L_PAGE_v4.0_LOCKED.txt,601,p-and-l,ready_with_warnings,snake_case,warning_id,status_readiness_trust,â†’ pnl_model_trust_state = ready pnl_status = ready_with_warnings or review_required â†’ pnl_model_trust_state = warning
10_MIRRA_MODULE_RECONCILIATION_v4.0_LOCKED.txt,10_MIRRA_MODULE_RECONCILIATION_v4.0_LOCKED.txt,895,p-and-l,reconciliation_asset_finance_variance,snake_case,warning_id,warnings,false by default unless Model Readiness rules make it blocking. ## reconciliation_asset_finance_variance Use when Assets finance/interest differs from P&L benchmark.
10_MIRRA_MODULE_RECONCILIATION_v4.0_LOCKED.txt,10_MIRRA_MODULE_RECONCILIATION_v4.0_LOCKED.txt,878,p-and-l,reconciliation_asset_transfer_over_allocated,snake_case,warning_id,warnings,reconciliation_other_income_present reconciliation_asset_transfer_double_count_risk reconciliation_asset_transfer_over_allocated reconciliation_source_period_mismatch reconciliation_unclassified_pnl_lines
10_MIRRA_MODULE_RECONCILIATION_v4.0_LOCKED.txt,10_MIRRA_MODULE_RECONCILIATION_v4.0_LOCKED.txt,911,p-and-l,reconciliation_cog_leak_detected,snake_case,warning_id,warnings,review_required. ## reconciliation_cog_leak_detected Use when Revenue / COGS COG import does not reconcile to P&L COG.
10_MIRRA_MODULE_RECONCILIATION_v4.0_LOCKED.txt,10_MIRRA_MODULE_RECONCILIATION_v4.0_LOCKED.txt,903,p-and-l,reconciliation_general_overheads_variance,snake_case,warning_id,warnings,false by default unless material and unresolved. ## reconciliation_general_overheads_variance Use when General Overheads differs from P&L benchmark.
10_MIRRA_MODULE_RECONCILIATION_v4.0_LOCKED.txt,10_MIRRA_MODULE_RECONCILIATION_v4.0_LOCKED.txt,887,p-and-l,reconciliation_labour_variance,snake_case,warning_id,warnings,# 31. WARNING MEANINGS ## reconciliation_labour_variance Use when Labour module amount differs from P&L labour benchmark.
10_MIRRA_MODULE_RECONCILIATION_v4.0_LOCKED.txt,10_MIRRA_MODULE_RECONCILIATION_v4.0_LOCKED.txt,881,p-and-l,reconciliation_preview_only,snake_case,warning_id,warnings,reconciliation_source_period_mismatch reconciliation_unclassified_pnl_lines reconciliation_preview_only ---
10_MIRRA_MODULE_RECONCILIATION_v4.0_LOCKED.txt,10_MIRRA_MODULE_RECONCILIATION_v4.0_LOCKED.txt,879,p-and-l,reconciliation_source_period_mismatch,snake_case,warning_id,warnings,reconciliation_asset_transfer_double_count_risk reconciliation_asset_transfer_over_allocated reconciliation_source_period_mismatch reconciliation_unclassified_pnl_lines reconciliation_preview_only
10_MIRRA_MODULE_RECONCILIATION_v4.0_LOCKED.txt,10_MIRRA_MODULE_RECONCILIATION_v4.0_LOCKED.txt,927,p-and-l,reconciliation_source_period_mismatch,snake_case,warning_id,warnings,true if unresolved. ## reconciliation_source_period_mismatch Use when P&L and imported detail reports have different periods.
10_MIRRA_MODULE_RECONCILIATION_v4.0_LOCKED.txt,10_MIRRA_MODULE_RECONCILIATION_v4.0_LOCKED.txt,880,p-and-l,reconciliation_unclassified_pnl_lines,snake_case,warning_id,warnings,reconciliation_asset_transfer_over_allocated reconciliation_source_period_mismatch reconciliation_unclassified_pnl_lines reconciliation_preview_only
14_MIRRA_BUSINESS_SUMMARY_v4.0_LOCKED.txt,14_MIRRA_BUSINESS_SUMMARY_v4.0_LOCKED.txt,412,p-and-l,recovery_gap_label,snake_case,warning_id,downstream_consumption,current_margin_label recovery_gap_per_driver recovery_gap_label pnl_to_operational_bridge
14_MIRRA_BUSINESS_SUMMARY_v4.0_LOCKED.txt,14_MIRRA_BUSINESS_SUMMARY_v4.0_LOCKED.txt,1314,p-and-l,recovery_gap_label,snake_case,warning_id,warnings,"current_margin_label, recovery_gap_per_driver, recovery_gap_label, pnl_to_operational_bridge,"
14_MIRRA_BUSINESS_SUMMARY_v4.0_LOCKED.txt,14_MIRRA_BUSINESS_SUMMARY_v4.0_LOCKED.txt,1485,p-and-l,recovery_gap_per_driver,snake_case,warning_id,warnings,- business_summary_status - net_position - recovery_gap_per_driver - residual_margin_after_labour - pnl_to_operational_bridge
14_MIRRA_BUSINESS_SUMMARY_v4.0_LOCKED.txt,14_MIRRA_BUSINESS_SUMMARY_v4.0_LOCKED.txt,1854,p-and-l,recovery_gap_per_driver,snake_case,warning_id,warnings,15. Business Summary calculates required_recovery_per_driver. 16. Business Summary calculates current_margin_per_driver. 17. Business Summary calculates recovery_gap_per_driver. 18. Business Summary shows P&L-to-operational bridge. 19. Business Summary shows Labour variance bridge card.
03_MIRRA_VARIABLE_CONTRACT_BRIEF_v4.0_LOCKED.txt,03_MIRRA_VARIABLE_CONTRACT_BRIEF_v4.0_LOCKED.txt,283,p-and-l,revenue_cogs,snake_case,warning_id,warnings,"{ warning_id: ""cog_reconciliation_leak_detected"", source_module: ""revenue_cogs"", severity: ""critical"", message: ""COG Account Transactions do not reconcile to P&L Cost of Sales."","
03_MIRRA_VARIABLE_CONTRACT_BRIEF_v4.0_LOCKED.txt,03_MIRRA_VARIABLE_CONTRACT_BRIEF_v4.0_LOCKED.txt,288,p-and-l,review_action,snake_case,warning_id,warnings,"affected_variable: ""cog_reconciliation_status"", blocking: true, review_action: ""Review the Account Transactions import and P&L Cost of Sales lines."" }"
04_MIRRA_P_AND_L_PAGE_v4.0_LOCKED.txt,04_MIRRA_P_AND_L_PAGE_v4.0_LOCKED.txt,178,p-and-l,review_required,snake_case,warning_id,inputs,"P&L period identity is required so downstream reconciliations can confirm that imported COG detail, module comparisons, and benchmark totals refer to the same period. If period is missing, the P&L page should show review_required or not_ready. ---"
04_MIRRA_P_AND_L_PAGE_v4.0_LOCKED.txt,04_MIRRA_P_AND_L_PAGE_v4.0_LOCKED.txt,224,p-and-l,review_required,snake_case,warning_id,inputs,other_expenses unassigned review_required Do not create narrow operational categories at the P&L source layer.
04_MIRRA_P_AND_L_PAGE_v4.0_LOCKED.txt,04_MIRRA_P_AND_L_PAGE_v4.0_LOCKED.txt,572,p-and-l,review_required,snake_case,warning_id,status_readiness_trust,P&L is usable but warnings remain visible. review_required: P&L data exists but some lines need review before downstream trust.
04_MIRRA_P_AND_L_PAGE_v4.0_LOCKED.txt,04_MIRRA_P_AND_L_PAGE_v4.0_LOCKED.txt,601,p-and-l,review_required,snake_case,warning_id,status_readiness_trust,â†’ pnl_model_trust_state = ready pnl_status = ready_with_warnings or review_required â†’ pnl_model_trust_state = warning
05_MIRRA_GENERAL_OVERHEADS_v4.0_LOCKED.txt,05_MIRRA_GENERAL_OVERHEADS_v4.0_LOCKED.txt,350,p-and-l,review_required,snake_case,warning_id,inputs,"- annual_amount must be numeric. - source_module must show whether the value came from P&L, manual entry, or future import. - review_required must be true when classification is uncertain. - user-created categories must not overwrite source P&L names. - original source names must be preserved."
03_MIRRA_VARIABLE_CONTRACT_BRIEF_v4.0_LOCKED.txt,03_MIRRA_VARIABLE_CONTRACT_BRIEF_v4.0_LOCKED.txt,519,p-and-l,review_required_lines,snake_case,warning_id,ownership,saved_account_mappings unclassified_lines review_required_lines pnl_classification_status
04_MIRRA_P_AND_L_PAGE_v4.0_LOCKED.txt,04_MIRRA_P_AND_L_PAGE_v4.0_LOCKED.txt,697,p-and-l,review_required_lines,snake_case,warning_id,warnings,"saved_account_mappings, unclassified_lines, review_required_lines, pnl_total_revenue, pnl_total_cogs,"
03_MIRRA_VARIABLE_CONTRACT_BRIEF_v4.0_LOCKED.txt,03_MIRRA_VARIABLE_CONTRACT_BRIEF_v4.0_LOCKED.txt,283,p-and-l,source_module,snake_case,warning_id,warnings,"{ warning_id: ""cog_reconciliation_leak_detected"", source_module: ""revenue_cogs"", severity: ""critical"", message: ""COG Account Transactions do not reconcile to P&L Cost of Sales."","
10_MIRRA_MODULE_RECONCILIATION_v4.0_LOCKED.txt,10_MIRRA_MODULE_RECONCILIATION_v4.0_LOCKED.txt,372,p-and-l,total_business_cost_variance_amount,snake_case,warning_id,inputs,general_overheads_variance_amount general_overheads_variance_percent total_business_cost_variance_amount total_business_cost_variance_percent pnl_business_cost_variance
10_MIRRA_MODULE_RECONCILIATION_v4.0_LOCKED.txt,10_MIRRA_MODULE_RECONCILIATION_v4.0_LOCKED.txt,954,p-and-l,total_business_cost_variance_amount,snake_case,warning_id,warnings,"general_overheads_variance_amount, general_overheads_variance_percent, total_business_cost_variance_amount, total_business_cost_variance_percent, pnl_business_cost_variance,"
14_MIRRA_BUSINESS_SUMMARY_v4.0_LOCKED.txt,14_MIRRA_BUSINESS_SUMMARY_v4.0_LOCKED.txt,309,p-and-l,total_business_cost_variance_amount,snake_case,warning_id,downstream_consumption,general_overheads_variance_amount general_overheads_variance_percent total_business_cost_variance_amount total_business_cost_variance_percent pnl_business_cost_variance
10_MIRRA_MODULE_RECONCILIATION_v4.0_LOCKED.txt,10_MIRRA_MODULE_RECONCILIATION_v4.0_LOCKED.txt,373,p-and-l,total_business_cost_variance_percent,snake_case,warning_id,inputs,general_overheads_variance_percent total_business_cost_variance_amount total_business_cost_variance_percent pnl_business_cost_variance pnl_business_cost_variance_percent
10_MIRRA_MODULE_RECONCILIATION_v4.0_LOCKED.txt,10_MIRRA_MODULE_RECONCILIATION_v4.0_LOCKED.txt,955,p-and-l,total_business_cost_variance_percent,snake_case,warning_id,warnings,"general_overheads_variance_percent, total_business_cost_variance_amount, total_business_cost_variance_percent, pnl_business_cost_variance, pnl_business_cost_variance_percent,"
14_MIRRA_BUSINESS_SUMMARY_v4.0_LOCKED.txt,14_MIRRA_BUSINESS_SUMMARY_v4.0_LOCKED.txt,310,p-and-l,total_business_cost_variance_percent,snake_case,warning_id,downstream_consumption,general_overheads_variance_percent total_business_cost_variance_amount total_business_cost_variance_percent pnl_business_cost_variance pnl_business_cost_variance_percent
10_MIRRA_MODULE_RECONCILIATION_v4.0_LOCKED.txt,10_MIRRA_MODULE_RECONCILIATION_v4.0_LOCKED.txt,462,p-and-l,variance_review,snake_case,warning_id,status_readiness_trust,For module vs P&L comparisons: above tolerance may be variance_review unless it creates downstream risk. Do not hide small percentage variances.
21_MIRRA_QUOTE_CHECKER_v4.0_LOCKED.txt,21_MIRRA_QUOTE_CHECKER_v4.0_LOCKED.txt,757,quote-checker,affected_variable,snake_case,warning_id,warnings,"severity, message, affected_variable, blocking, review_action"
21_MIRRA_QUOTE_CHECKER_v4.0_LOCKED.txt,21_MIRRA_QUOTE_CHECKER_v4.0_LOCKED.txt,803,quote-checker,calculation_rule,snake_case,warning_id,warnings,- source_module - source_variable - calculation_rule - source_status - trust_state
23_MIRRA_JOB_COSTING_PROFITABILITY_v4.0_LOCKED.txt,23_MIRRA_JOB_COSTING_PROFITABILITY_v4.0_LOCKED.txt,879,quote-checker,job_costing_missing_actuals,snake_case,warning_id,warnings,job_costing_missing_quote_checker_target job_costing_missing_soq job_costing_missing_actuals job_costing_missing_po job_costing_missing_invoice
23_MIRRA_JOB_COSTING_PROFITABILITY_v4.0_LOCKED.txt,23_MIRRA_JOB_COSTING_PROFITABILITY_v4.0_LOCKED.txt,875,quote-checker,job_costing_missing_job,snake_case,warning_id,warnings,Required warning IDs: job_costing_missing_job job_costing_missing_quote job_costing_missing_quote_checker_target
23_MIRRA_JOB_COSTING_PROFITABILITY_v4.0_LOCKED.txt,23_MIRRA_JOB_COSTING_PROFITABILITY_v4.0_LOCKED.txt,876,quote-checker,job_costing_missing_quote,snake_case,warning_id,warnings,job_costing_missing_job job_costing_missing_quote job_costing_missing_quote_checker_target job_costing_missing_soq
23_MIRRA_JOB_COSTING_PROFITABILITY_v4.0_LOCKED.txt,23_MIRRA_JOB_COSTING_PROFITABILITY_v4.0_LOCKED.txt,877,quote-checker,job_costing_missing_quote_checker_target,snake_case,warning_id,warnings,job_costing_missing_job job_costing_missing_quote job_costing_missing_quote_checker_target job_costing_missing_soq job_costing_missing_actuals
23_MIRRA_JOB_COSTING_PROFITABILITY_v4.0_LOCKED.txt,23_MIRRA_JOB_COSTING_PROFITABILITY_v4.0_LOCKED.txt,878,quote-checker,job_costing_missing_soq,snake_case,warning_id,warnings,job_costing_missing_quote job_costing_missing_quote_checker_target job_costing_missing_soq job_costing_missing_actuals job_costing_missing_po
21_MIRRA_QUOTE_CHECKER_v4.0_LOCKED.txt,21_MIRRA_QUOTE_CHECKER_v4.0_LOCKED.txt,341,quote-checker,line_margin_gap,snake_case,warning_id,inputs,"calculated_quote_markup_percent, line_recovery_gap, line_margin_gap, pass_status, warnings"
21_MIRRA_QUOTE_CHECKER_v4.0_LOCKED.txt,21_MIRRA_QUOTE_CHECKER_v4.0_LOCKED.txt,340,quote-checker,line_recovery_gap,snake_case,warning_id,inputs,"calculated_quote_margin_percent, calculated_quote_markup_percent, line_recovery_gap, line_margin_gap, pass_status,"
21_MIRRA_QUOTE_CHECKER_v4.0_LOCKED.txt,21_MIRRA_QUOTE_CHECKER_v4.0_LOCKED.txt,411,quote-checker,line_sell_rate_gap,snake_case,warning_id,inputs,quoted_unit_rate - model_suggested_sell_rate If line_sell_rate_gap < 0: line may recover cost but miss target margin.
21_MIRRA_QUOTE_CHECKER_v4.0_LOCKED.txt,21_MIRRA_QUOTE_CHECKER_v4.0_LOCKED.txt,424,quote-checker,margin_shortfall,snake_case,warning_id,status_readiness_trust,- pass_with_warning - under_recovering - margin_shortfall - unmatched - review_required
21_MIRRA_QUOTE_CHECKER_v4.0_LOCKED.txt,21_MIRRA_QUOTE_CHECKER_v4.0_LOCKED.txt,494,quote-checker,margin_shortfall,snake_case,warning_id,status_readiness_trust,- pass_with_warnings - under_recovering - margin_shortfall - review_required - blocked
21_MIRRA_QUOTE_CHECKER_v4.0_LOCKED.txt,21_MIRRA_QUOTE_CHECKER_v4.0_LOCKED.txt,511,quote-checker,margin_shortfall,snake_case,warning_id,warnings,Quote total or one or more lines are below minimum recoverable rate. margin_shortfall: Quote recovers cost but misses margin / markup target.
27_MIRRA_REPORTING_ANALYTICS_v4.0_LOCKED.txt,27_MIRRA_REPORTING_ANALYTICS_v4.0_LOCKED.txt,643,quote-checker,margin_shortfall_line_count,snake_case,warning_id,status_readiness_trust,"quote_checker_status, under_recovering_line_count, margin_shortfall_line_count, unmatched_line_count, trust_state"
21_MIRRA_QUOTE_CHECKER_v4.0_LOCKED.txt,21_MIRRA_QUOTE_CHECKER_v4.0_LOCKED.txt,732,quote-checker,margin_shortfall_lines,snake_case,warning_id,warnings,"under_recovering_lines, margin_shortfall_lines, unmatched_lines, blocked_lines,"
21_MIRRA_QUOTE_CHECKER_v4.0_LOCKED.txt,21_MIRRA_QUOTE_CHECKER_v4.0_LOCKED.txt,800,quote-checker,output_variable,snake_case,warning_id,warnings,Each trace should show: - output_variable - source_module - source_variable
21_MIRRA_QUOTE_CHECKER_v4.0_LOCKED.txt,21_MIRRA_QUOTE_CHECKER_v4.0_LOCKED.txt,422,quote-checker,pass_with_warning,snake_case,warning_id,status_readiness_trust,- pass - pass_with_warning - under_recovering - margin_shortfall
21_MIRRA_QUOTE_CHECKER_v4.0_LOCKED.txt,21_MIRRA_QUOTE_CHECKER_v4.0_LOCKED.txt,435,quote-checker,pass_with_warning,snake_case,warning_id,warnings,Line meets or exceeds minimum recoverable and target sell rate. pass_with_warning: Line meets minimum recovery but has non-blocking warnings.
21_MIRRA_QUOTE_CHECKER_v4.0_LOCKED.txt,21_MIRRA_QUOTE_CHECKER_v4.0_LOCKED.txt,492,quote-checker,pass_with_warnings,snake_case,warning_id,status_readiness_trust,- pass - pass_with_warnings - under_recovering - margin_shortfall
21_MIRRA_QUOTE_CHECKER_v4.0_LOCKED.txt,21_MIRRA_QUOTE_CHECKER_v4.0_LOCKED.txt,505,quote-checker,pass_with_warnings,snake_case,warning_id,warnings,Quote meets minimum recovery and selected target assumptions. pass_with_warnings: Quote passes but warnings remain.
21_MIRRA_QUOTE_CHECKER_v4.0_LOCKED.txt,21_MIRRA_QUOTE_CHECKER_v4.0_LOCKED.txt,772,quote-checker,quote_checker_margin_shortfall,snake_case,warning_id,warnings,quote_checker_unmatched_quote_line quote_checker_rate_under_recovering quote_checker_margin_shortfall quote_checker_material_markup_not_available quote_checker_product_unit_not_supported_without_soq
21_MIRRA_QUOTE_CHECKER_v4.0_LOCKED.txt,21_MIRRA_QUOTE_CHECKER_v4.0_LOCKED.txt,773,quote-checker,quote_checker_material_markup_not_available,snake_case,warning_id,warnings,quote_checker_rate_under_recovering quote_checker_margin_shortfall quote_checker_material_markup_not_available quote_checker_product_unit_not_supported_without_soq quote_checker_selected_scenario_missing
21_MIRRA_QUOTE_CHECKER_v4.0_LOCKED.txt,21_MIRRA_QUOTE_CHECKER_v4.0_LOCKED.txt,769,quote-checker,quote_checker_missing_unit_rate,snake_case,warning_id,warnings,quote_checker_missing_quantity quote_checker_zero_quantity quote_checker_missing_unit_rate quote_checker_unmatched_quote_line quote_checker_rate_under_recovering
21_MIRRA_QUOTE_CHECKER_v4.0_LOCKED.txt,21_MIRRA_QUOTE_CHECKER_v4.0_LOCKED.txt,777,quote-checker,quote_checker_preview_only,snake_case,warning_id,warnings,quote_checker_selected_scenario_missing quote_checker_upstream_blocked quote_checker_preview_only ---
21_MIRRA_QUOTE_CHECKER_v4.0_LOCKED.txt,21_MIRRA_QUOTE_CHECKER_v4.0_LOCKED.txt,774,quote-checker,quote_checker_product_unit_not_supported_without_soq,snake_case,warning_id,warnings,quote_checker_margin_shortfall quote_checker_material_markup_not_available quote_checker_product_unit_not_supported_without_soq quote_checker_selected_scenario_missing quote_checker_upstream_blocked
21_MIRRA_QUOTE_CHECKER_v4.0_LOCKED.txt,21_MIRRA_QUOTE_CHECKER_v4.0_LOCKED.txt,771,quote-checker,quote_checker_rate_under_recovering,snake_case,warning_id,warnings,quote_checker_missing_unit_rate quote_checker_unmatched_quote_line quote_checker_rate_under_recovering quote_checker_margin_shortfall quote_checker_material_markup_not_available
21_MIRRA_QUOTE_CHECKER_v4.0_LOCKED.txt,21_MIRRA_QUOTE_CHECKER_v4.0_LOCKED.txt,775,quote-checker,quote_checker_selected_scenario_missing,snake_case,warning_id,warnings,quote_checker_material_markup_not_available quote_checker_product_unit_not_supported_without_soq quote_checker_selected_scenario_missing quote_checker_upstream_blocked quote_checker_preview_only
21_MIRRA_QUOTE_CHECKER_v4.0_LOCKED.txt,21_MIRRA_QUOTE_CHECKER_v4.0_LOCKED.txt,770,quote-checker,quote_checker_unmatched_quote_line,snake_case,warning_id,warnings,quote_checker_zero_quantity quote_checker_missing_unit_rate quote_checker_unmatched_quote_line quote_checker_rate_under_recovering quote_checker_margin_shortfall
21_MIRRA_QUOTE_CHECKER_v4.0_LOCKED.txt,21_MIRRA_QUOTE_CHECKER_v4.0_LOCKED.txt,776,quote-checker,quote_checker_upstream_blocked,snake_case,warning_id,warnings,quote_checker_product_unit_not_supported_without_soq quote_checker_selected_scenario_missing quote_checker_upstream_blocked quote_checker_preview_only
21_MIRRA_QUOTE_CHECKER_v4.0_LOCKED.txt,21_MIRRA_QUOTE_CHECKER_v4.0_LOCKED.txt,768,quote-checker,quote_checker_zero_quantity,snake_case,warning_id,warnings,quote_checker_missing_quote_lines quote_checker_missing_quantity quote_checker_zero_quantity quote_checker_missing_unit_rate quote_checker_unmatched_quote_line
21_MIRRA_QUOTE_CHECKER_v4.0_LOCKED.txt,21_MIRRA_QUOTE_CHECKER_v4.0_LOCKED.txt,465,quote-checker,quote_minimum_required_recovery,snake_case,warning_id,status_readiness_trust,sum quote_lines.quoted_total quote_minimum_required_recovery = sum line minimum recoverable amount
21_MIRRA_QUOTE_CHECKER_v4.0_LOCKED.txt,21_MIRRA_QUOTE_CHECKER_v4.0_LOCKED.txt,472,quote-checker,quote_minimum_required_recovery,snake_case,warning_id,status_readiness_trust,quote_recovery_gap = quote_total_revenue - quote_minimum_required_recovery quote_target_gap =
21_MIRRA_QUOTE_CHECKER_v4.0_LOCKED.txt,21_MIRRA_QUOTE_CHECKER_v4.0_LOCKED.txt,478,quote-checker,quote_minimum_required_recovery,snake_case,warning_id,status_readiness_trust,quote_margin_amount = quote_total_revenue - quote_minimum_required_recovery quote_margin_percent =
21_MIRRA_QUOTE_CHECKER_v4.0_LOCKED.txt,21_MIRRA_QUOTE_CHECKER_v4.0_LOCKED.txt,724,quote-checker,quote_minimum_required_recovery,snake_case,warning_id,warnings,"quote_total_revenue, quote_minimum_required_recovery, quote_required_target_revenue, quote_recovery_gap,"
21_MIRRA_QUOTE_CHECKER_v4.0_LOCKED.txt,21_MIRRA_QUOTE_CHECKER_v4.0_LOCKED.txt,471,quote-checker,quote_recovery_gap,snake_case,warning_id,status_readiness_trust,sum line suggested target amount quote_recovery_gap = quote_total_revenue - quote_minimum_required_recovery
21_MIRRA_QUOTE_CHECKER_v4.0_LOCKED.txt,21_MIRRA_QUOTE_CHECKER_v4.0_LOCKED.txt,726,quote-checker,quote_recovery_gap,snake_case,warning_id,warnings,"quote_minimum_required_recovery, quote_required_target_revenue, quote_recovery_gap, quote_target_gap, quote_margin_amount,"
28_MIRRA_DATABASE_STORAGE_EXPORT_LAYER_v4.0_LOCKED.txt,28_MIRRA_DATABASE_STORAGE_EXPORT_LAYER_v4.0_LOCKED.txt,338,quote-checker,quote_recovery_gap,snake_case,warning_id,status_readiness_trust,"quote_minimum_required_recovery, quote_required_target_revenue, quote_recovery_gap, quote_target_gap, quote_checker_status,"
21_MIRRA_QUOTE_CHECKER_v4.0_LOCKED.txt,21_MIRRA_QUOTE_CHECKER_v4.0_LOCKED.txt,468,quote-checker,quote_required_target_revenue,snake_case,warning_id,status_readiness_trust,sum line minimum recoverable amount quote_required_target_revenue = sum line suggested target amount
21_MIRRA_QUOTE_CHECKER_v4.0_LOCKED.txt,21_MIRRA_QUOTE_CHECKER_v4.0_LOCKED.txt,475,quote-checker,quote_required_target_revenue,snake_case,warning_id,status_readiness_trust,quote_target_gap = quote_total_revenue - quote_required_target_revenue quote_margin_amount =
21_MIRRA_QUOTE_CHECKER_v4.0_LOCKED.txt,21_MIRRA_QUOTE_CHECKER_v4.0_LOCKED.txt,725,quote-checker,quote_required_target_revenue,snake_case,warning_id,warnings,"quote_total_revenue, quote_minimum_required_recovery, quote_required_target_revenue, quote_recovery_gap, quote_target_gap,"
21_MIRRA_QUOTE_CHECKER_v4.0_LOCKED.txt,21_MIRRA_QUOTE_CHECKER_v4.0_LOCKED.txt,474,quote-checker,quote_target_gap,snake_case,warning_id,status_readiness_trust,quote_total_revenue - quote_minimum_required_recovery quote_target_gap = quote_total_revenue - quote_required_target_revenue
21_MIRRA_QUOTE_CHECKER_v4.0_LOCKED.txt,21_MIRRA_QUOTE_CHECKER_v4.0_LOCKED.txt,727,quote-checker,quote_target_gap,snake_case,warning_id,warnings,"quote_required_target_revenue, quote_recovery_gap, quote_target_gap, quote_margin_amount, quote_margin_percent,"
28_MIRRA_DATABASE_STORAGE_EXPORT_LAYER_v4.0_LOCKED.txt,28_MIRRA_DATABASE_STORAGE_EXPORT_LAYER_v4.0_LOCKED.txt,339,quote-checker,quote_target_gap,snake_case,warning_id,status_readiness_trust,"quote_required_target_revenue, quote_recovery_gap, quote_target_gap, quote_checker_status, trust_state,"
27_MIRRA_REPORTING_ANALYTICS_v4.0_LOCKED.txt,27_MIRRA_REPORTING_ANALYTICS_v4.0_LOCKED.txt,639,quote-checker,recovery_gap,snake_case,warning_id,status_readiness_trust,"minimum_required_recovery, target_revenue, recovery_gap, target_gap, quote_checker_status,"
21_MIRRA_QUOTE_CHECKER_v4.0_LOCKED.txt,21_MIRRA_QUOTE_CHECKER_v4.0_LOCKED.txt,759,quote-checker,review_action,snake_case,warning_id,warnings,"affected_variable, blocking, review_action }"
21_MIRRA_QUOTE_CHECKER_v4.0_LOCKED.txt,21_MIRRA_QUOTE_CHECKER_v4.0_LOCKED.txt,377,quote-checker,review_required,snake_case,warning_id,inputs,If no match exists: line_status = review_required Do not guess silently.
21_MIRRA_QUOTE_CHECKER_v4.0_LOCKED.txt,21_MIRRA_QUOTE_CHECKER_v4.0_LOCKED.txt,395,quote-checker,review_required,snake_case,warning_id,inputs,quoted_unit_rate = 0 line_status = blocked or review_required Minimum recovery check:
21_MIRRA_QUOTE_CHECKER_v4.0_LOCKED.txt,21_MIRRA_QUOTE_CHECKER_v4.0_LOCKED.txt,426,quote-checker,review_required,snake_case,warning_id,status_readiness_trust,- margin_shortfall - unmatched - review_required - blocked - not_available
21_MIRRA_QUOTE_CHECKER_v4.0_LOCKED.txt,21_MIRRA_QUOTE_CHECKER_v4.0_LOCKED.txt,495,quote-checker,review_required,snake_case,warning_id,status_readiness_trust,- under_recovering - margin_shortfall - review_required - blocked - preview_only
21_MIRRA_QUOTE_CHECKER_v4.0_LOCKED.txt,21_MIRRA_QUOTE_CHECKER_v4.0_LOCKED.txt,514,quote-checker,review_required,snake_case,warning_id,status_readiness_trust,Quote recovers cost but misses margin / markup target. review_required: Quote can be checked but needs user review.
21_MIRRA_QUOTE_CHECKER_v4.0_LOCKED.txt,21_MIRRA_QUOTE_CHECKER_v4.0_LOCKED.txt,658,quote-checker,review_required,snake_case,warning_id,status_readiness_trust,Do not attempt detailed unit validation. Show review_required or not_available. ---
21_MIRRA_QUOTE_CHECKER_v4.0_LOCKED.txt,21_MIRRA_QUOTE_CHECKER_v4.0_LOCKED.txt,754,quote-checker,source_module,snake_case,warning_id,warnings,"{ warning_id, source_module, severity, message,"
21_MIRRA_QUOTE_CHECKER_v4.0_LOCKED.txt,21_MIRRA_QUOTE_CHECKER_v4.0_LOCKED.txt,801,quote-checker,source_module,snake_case,warning_id,warnings,- output_variable - source_module - source_variable - calculation_rule
21_MIRRA_QUOTE_CHECKER_v4.0_LOCKED.txt,21_MIRRA_QUOTE_CHECKER_v4.0_LOCKED.txt,804,quote-checker,source_status,snake_case,warning_id,warnings,- source_variable - calculation_rule - source_status - trust_state
21_MIRRA_QUOTE_CHECKER_v4.0_LOCKED.txt,21_MIRRA_QUOTE_CHECKER_v4.0_LOCKED.txt,802,quote-checker,source_variable,snake_case,warning_id,warnings,- output_variable - source_module - source_variable - calculation_rule - source_status
27_MIRRA_REPORTING_ANALYTICS_v4.0_LOCKED.txt,27_MIRRA_REPORTING_ANALYTICS_v4.0_LOCKED.txt,640,quote-checker,target_gap,snake_case,warning_id,status_readiness_trust,"target_revenue, recovery_gap, target_gap, quote_checker_status, under_recovering_line_count,"
21_MIRRA_QUOTE_CHECKER_v4.0_LOCKED.txt,21_MIRRA_QUOTE_CHECKER_v4.0_LOCKED.txt,805,quote-checker,trust_state,snake_case,warning_id,warnings,- calculation_rule - source_status - trust_state ---
21_MIRRA_QUOTE_CHECKER_v4.0_LOCKED.txt,21_MIRRA_QUOTE_CHECKER_v4.0_LOCKED.txt,438,quote-checker,under_recovering,snake_case,warning_id,warnings,Line meets minimum recovery but has non-blocking warnings. under_recovering: Line is below minimum recoverable rate.
21_MIRRA_QUOTE_CHECKER_v4.0_LOCKED.txt,21_MIRRA_QUOTE_CHECKER_v4.0_LOCKED.txt,508,quote-checker,under_recovering,snake_case,warning_id,warnings,Quote passes but warnings remain. under_recovering: Quote total or one or more lines are below minimum recoverable rate.
21_MIRRA_QUOTE_CHECKER_v4.0_LOCKED.txt,21_MIRRA_QUOTE_CHECKER_v4.0_LOCKED.txt,753,quote-checker,warning_id,snake_case,warning_id,warnings,"{ warning_id, source_module, severity,"
24_MIRRA_MODEL_FEEDBACK_LOOP_v4.0_LOCKED.txt,24_MIRRA_MODEL_FEEDBACK_LOOP_v4.0_LOCKED.txt,336,rate-builder,applied_to_rate_review,snake_case,warning_id,status_readiness_trust,Signal has been used in Business Outcome modelling. applied_to_rate_review: Signal has been used to create a Rate Builder review item.
21_MIRRA_QUOTE_CHECKER_v4.0_LOCKED.txt,21_MIRRA_QUOTE_CHECKER_v4.0_LOCKED.txt,399,rate-builder,line_recovery_gap,snake_case,warning_id,inputs,Minimum recovery check: line_recovery_gap = quoted_unit_rate - model_minimum_recoverable_rate
21_MIRRA_QUOTE_CHECKER_v4.0_LOCKED.txt,21_MIRRA_QUOTE_CHECKER_v4.0_LOCKED.txt,402,rate-builder,line_recovery_gap,snake_case,warning_id,inputs,quoted_unit_rate - model_minimum_recoverable_rate If line_recovery_gap < 0: line is under-recovering.
28_MIRRA_DATABASE_STORAGE_EXPORT_LAYER_v4.0_LOCKED.txt,28_MIRRA_DATABASE_STORAGE_EXPORT_LAYER_v4.0_LOCKED.txt,359,rate-builder,line_recovery_gap,snake_case,warning_id,status_readiness_trust,"model_minimum_recoverable_rate, model_suggested_sell_rate, line_recovery_gap, line_margin_gap, line_status,"
21_MIRRA_QUOTE_CHECKER_v4.0_LOCKED.txt,21_MIRRA_QUOTE_CHECKER_v4.0_LOCKED.txt,408,rate-builder,line_sell_rate_gap,snake_case,warning_id,inputs,Suggested sell rate check: line_sell_rate_gap = quoted_unit_rate - model_suggested_sell_rate
19_MIRRA_RATE_BUILDER_v4.0_LOCKED.txt,19_MIRRA_RATE_BUILDER_v4.0_LOCKED.txt,789,rate-builder,margin_shortfall,snake_case,warning_id,status_readiness_trust,- preview_only - under_recovering - margin_shortfall - not_available
21_MIRRA_QUOTE_CHECKER_v4.0_LOCKED.txt,21_MIRRA_QUOTE_CHECKER_v4.0_LOCKED.txt,441,rate-builder,margin_shortfall,snake_case,warning_id,warnings,Line is below minimum recoverable rate. margin_shortfall: Line is above minimum recoverable rate but below suggested sell rate or margin target.
21_MIRRA_QUOTE_CHECKER_v4.0_LOCKED.txt,21_MIRRA_QUOTE_CHECKER_v4.0_LOCKED.txt,553,rate-builder,margin_shortfall,snake_case,warning_id,status_readiness_trust,If quoted rate is above minimum recoverable but below suggested sell rate: - flag margin_shortfall - show target gap - show required margin
23_MIRRA_JOB_COSTING_PROFITABILITY_v4.0_LOCKED.txt,23_MIRRA_JOB_COSTING_PROFITABILITY_v4.0_LOCKED.txt,175,rate-builder,margin_shortfall_lines,snake_case,warning_id,downstream_consumption,- quote_target_gap - under_recovering_lines - margin_shortfall_lines - selected_business_outcome_targets - selected_rate_builder_rows
21_MIRRA_QUOTE_CHECKER_v4.0_LOCKED.txt,21_MIRRA_QUOTE_CHECKER_v4.0_LOCKED.txt,787,rate-builder,matched_rate_id,snake_case,warning_id,warnings,Required source trace for: - matched_rate_id - model_minimum_recoverable_rate - model_suggested_sell_rate
21_MIRRA_QUOTE_CHECKER_v4.0_LOCKED.txt,21_MIRRA_QUOTE_CHECKER_v4.0_LOCKED.txt,788,rate-builder,model_minimum_recoverable_rate,snake_case,warning_id,warnings,- matched_rate_id - model_minimum_recoverable_rate - model_suggested_sell_rate - quote line rate comparison
25_MIRRA_MODEL_REVIEW_APPROVAL_v4.0_LOCKED.txt,25_MIRRA_MODEL_REVIEW_APPROVAL_v4.0_LOCKED.txt,614,rate-builder,model_review_low_confidence,snake_case,warning_id,warnings,model_review_missing_rate_builder model_review_missing_business_outcome model_review_low_confidence model_review_data_quality_block model_review_missing_effective_date
25_MIRRA_MODEL_REVIEW_APPROVAL_v4.0_LOCKED.txt,25_MIRRA_MODEL_REVIEW_APPROVAL_v4.0_LOCKED.txt,613,rate-builder,model_review_missing_business_outcome,snake_case,warning_id,warnings,model_review_missing_feedback model_review_missing_rate_builder model_review_missing_business_outcome model_review_low_confidence model_review_data_quality_block
25_MIRRA_MODEL_REVIEW_APPROVAL_v4.0_LOCKED.txt,25_MIRRA_MODEL_REVIEW_APPROVAL_v4.0_LOCKED.txt,611,rate-builder,model_review_missing_feedback,snake_case,warning_id,warnings,Required warning IDs: model_review_missing_feedback model_review_missing_rate_builder model_review_missing_business_outcome
25_MIRRA_MODEL_REVIEW_APPROVAL_v4.0_LOCKED.txt,25_MIRRA_MODEL_REVIEW_APPROVAL_v4.0_LOCKED.txt,612,rate-builder,model_review_missing_rate_builder,snake_case,warning_id,warnings,model_review_missing_feedback model_review_missing_rate_builder model_review_missing_business_outcome model_review_low_confidence
25_MIRRA_MODEL_REVIEW_APPROVAL_v4.0_LOCKED.txt,25_MIRRA_MODEL_REVIEW_APPROVAL_v4.0_LOCKED.txt,716,rate-builder,model_review_trust_state,snake_case,warning_id,status_readiness_trust,If feedback source is blocked: model_review_trust_state = blocked If Rate Builder or Business Outcome is blocked:
25_MIRRA_MODEL_REVIEW_APPROVAL_v4.0_LOCKED.txt,25_MIRRA_MODEL_REVIEW_APPROVAL_v4.0_LOCKED.txt,719,rate-builder,model_review_trust_state,snake_case,warning_id,status_readiness_trust,If Rate Builder or Business Outcome is blocked: model_review_trust_state = blocked If pending review items exist:
21_MIRRA_QUOTE_CHECKER_v4.0_LOCKED.txt,21_MIRRA_QUOTE_CHECKER_v4.0_LOCKED.txt,789,rate-builder,model_suggested_sell_rate,snake_case,warning_id,warnings,- matched_rate_id - model_minimum_recoverable_rate - model_suggested_sell_rate - quote line rate comparison - selected Business Outcome target
21_MIRRA_QUOTE_CHECKER_v4.0_LOCKED.txt,21_MIRRA_QUOTE_CHECKER_v4.0_LOCKED.txt,764,rate-builder,quote_checker_missing_business_outcome_targets,snake_case,warning_id,warnings,Required warning IDs: quote_checker_missing_business_outcome_targets quote_checker_missing_rate_builder_rows quote_checker_missing_quote_lines
21_MIRRA_QUOTE_CHECKER_v4.0_LOCKED.txt,21_MIRRA_QUOTE_CHECKER_v4.0_LOCKED.txt,767,rate-builder,quote_checker_missing_quantity,snake_case,warning_id,warnings,quote_checker_missing_rate_builder_rows quote_checker_missing_quote_lines quote_checker_missing_quantity quote_checker_zero_quantity quote_checker_missing_unit_rate
21_MIRRA_QUOTE_CHECKER_v4.0_LOCKED.txt,21_MIRRA_QUOTE_CHECKER_v4.0_LOCKED.txt,766,rate-builder,quote_checker_missing_quote_lines,snake_case,warning_id,warnings,quote_checker_missing_business_outcome_targets quote_checker_missing_rate_builder_rows quote_checker_missing_quote_lines quote_checker_missing_quantity quote_checker_zero_quantity
21_MIRRA_QUOTE_CHECKER_v4.0_LOCKED.txt,21_MIRRA_QUOTE_CHECKER_v4.0_LOCKED.txt,765,rate-builder,quote_checker_missing_rate_builder_rows,snake_case,warning_id,warnings,quote_checker_missing_business_outcome_targets quote_checker_missing_rate_builder_rows quote_checker_missing_quote_lines quote_checker_missing_quantity
19_MIRRA_RATE_BUILDER_v4.0_LOCKED.txt,19_MIRRA_RATE_BUILDER_v4.0_LOCKED.txt,891,rate-builder,rate_builder_invalid_component_source,snake_case,warning_id,warnings,rate_builder_zero_rate_driver rate_builder_missing_components rate_builder_invalid_component_source rate_builder_product_rate_not_supported_from_cog_totals rate_builder_unit_rate_requires_soq_or_manual_components
19_MIRRA_RATE_BUILDER_v4.0_LOCKED.txt,19_MIRRA_RATE_BUILDER_v4.0_LOCKED.txt,895,rate-builder,rate_builder_margin_shortfall,snake_case,warning_id,warnings,rate_builder_unit_rate_requires_soq_or_manual_components rate_builder_under_recovering rate_builder_margin_shortfall rate_builder_market_rate_not_available rate_builder_current_rate_not_available
19_MIRRA_RATE_BUILDER_v4.0_LOCKED.txt,19_MIRRA_RATE_BUILDER_v4.0_LOCKED.txt,890,rate-builder,rate_builder_missing_components,snake_case,warning_id,warnings,rate_builder_missing_rate_driver rate_builder_zero_rate_driver rate_builder_missing_components rate_builder_invalid_component_source rate_builder_product_rate_not_supported_from_cog_totals
19_MIRRA_RATE_BUILDER_v4.0_LOCKED.txt,19_MIRRA_RATE_BUILDER_v4.0_LOCKED.txt,892,rate-builder,rate_builder_product_rate_not_supported_from_cog_totals,snake_case,warning_id,warnings,rate_builder_missing_components rate_builder_invalid_component_source rate_builder_product_rate_not_supported_from_cog_totals rate_builder_unit_rate_requires_soq_or_manual_components rate_builder_under_recovering
19_MIRRA_RATE_BUILDER_v4.0_LOCKED.txt,19_MIRRA_RATE_BUILDER_v4.0_LOCKED.txt,894,rate-builder,rate_builder_under_recovering,snake_case,warning_id,warnings,rate_builder_product_rate_not_supported_from_cog_totals rate_builder_unit_rate_requires_soq_or_manual_components rate_builder_under_recovering rate_builder_margin_shortfall rate_builder_market_rate_not_available
19_MIRRA_RATE_BUILDER_v4.0_LOCKED.txt,19_MIRRA_RATE_BUILDER_v4.0_LOCKED.txt,893,rate-builder,rate_builder_unit_rate_requires_soq_or_manual_components,snake_case,warning_id,warnings,rate_builder_invalid_component_source rate_builder_product_rate_not_supported_from_cog_totals rate_builder_unit_rate_requires_soq_or_manual_components rate_builder_under_recovering rate_builder_margin_shortfall
19_MIRRA_RATE_BUILDER_v4.0_LOCKED.txt,19_MIRRA_RATE_BUILDER_v4.0_LOCKED.txt,902,rate-builder,rate_builder_upstream_blocked,snake_case,warning_id,warnings,rate_builder_material_markup_context_only rate_builder_preview_only rate_builder_upstream_blocked ---
19_MIRRA_RATE_BUILDER_v4.0_LOCKED.txt,19_MIRRA_RATE_BUILDER_v4.0_LOCKED.txt,869,rate-builder,rate_gap_to_current,snake_case,warning_id,row_or_array_contract,target_rate market_rate rate_gap_to_current rate_gap_to_target rate_gap_to_market
19_MIRRA_RATE_BUILDER_v4.0_LOCKED.txt,19_MIRRA_RATE_BUILDER_v4.0_LOCKED.txt,871,rate-builder,rate_gap_to_market,snake_case,warning_id,row_or_array_contract,rate_gap_to_current rate_gap_to_target rate_gap_to_market rate_status
19_MIRRA_RATE_BUILDER_v4.0_LOCKED.txt,19_MIRRA_RATE_BUILDER_v4.0_LOCKED.txt,870,rate-builder,rate_gap_to_target,snake_case,warning_id,row_or_array_contract,market_rate rate_gap_to_current rate_gap_to_target rate_gap_to_market
19_MIRRA_RATE_BUILDER_v4.0_LOCKED.txt,19_MIRRA_RATE_BUILDER_v4.0_LOCKED.txt,784,rate-builder,ready_with_warnings,snake_case,warning_id,status_readiness_trust,- ready - ready_with_warnings - review_required - blocked
19_MIRRA_RATE_BUILDER_v4.0_LOCKED.txt,19_MIRRA_RATE_BUILDER_v4.0_LOCKED.txt,785,rate-builder,review_required,snake_case,warning_id,status_readiness_trust,- ready - ready_with_warnings - review_required - blocked - preview_only
21_MIRRA_QUOTE_CHECKER_v4.0_LOCKED.txt,21_MIRRA_QUOTE_CHECKER_v4.0_LOCKED.txt,447,rate-builder,review_required,snake_case,warning_id,status_readiness_trust,No Rate Builder match exists. review_required: Line can be checked only partially.
03_MIRRA_VARIABLE_CONTRACT_BRIEF_v4.0_LOCKED.txt,03_MIRRA_VARIABLE_CONTRACT_BRIEF_v4.0_LOCKED.txt,2693,rate-builder,total_recovery_gap,snake_case,warning_id,inputs,hours_based_recovery_tests unit_based_recovery_tests total_recovery_gap From Rate Builder:
19_MIRRA_RATE_BUILDER_v4.0_LOCKED.txt,19_MIRRA_RATE_BUILDER_v4.0_LOCKED.txt,272,rate-builder,total_required_recovery_amount,snake_case,warning_id,downstream_consumption,- recovery_model_type - group_recovery_rows - total_required_recovery_amount - required_recovery_per_driver - recovery warnings
18_MIRRA_RECOVERY_SUMMARY_v4.0_LOCKED.txt,18_MIRRA_RECOVERY_SUMMARY_v4.0_LOCKED.txt,933,recovery-summary,affected_variable,snake_case,warning_id,warnings,"severity, message, affected_variable, blocking, review_action"
30_MIRRA_BUSINESS_MODELLING_v4.0_LOCKED.txt,30_MIRRA_BUSINESS_MODELLING_v4.0_LOCKED.txt,769,recovery-summary,business_modelling_missing_business_outcome,snake_case,warning_id,warnings,Required warning IDs: business_modelling_missing_business_outcome business_modelling_missing_rate_builder business_modelling_missing_recovery_summary
18_MIRRA_RECOVERY_SUMMARY_v4.0_LOCKED.txt,18_MIRRA_RECOVERY_SUMMARY_v4.0_LOCKED.txt,915,recovery-summary,not_available,snake_case,warning_id,warnings,- unassigned pools remain but are visible and intentionally reviewed Recovery Summary may be not_available when: - required recovery amounts can be shown
18_MIRRA_RECOVERY_SUMMARY_v4.0_LOCKED.txt,18_MIRRA_RECOVERY_SUMMARY_v4.0_LOCKED.txt,1511,recovery-summary,not_available,snake_case,warning_id,warnings,"15. Calculate required recovery per driver where valid. 16. Calculate recovered / unrecovered only where recoverable value exists. 17. If recoverable value does not exist, show not_available rather than guessing. 18. Calculate coverage percentages where valid. 19. Show under-recovery as commercial result, not data failure."
18_MIRRA_RECOVERY_SUMMARY_v4.0_LOCKED.txt,18_MIRRA_RECOVERY_SUMMARY_v4.0_LOCKED.txt,1547,recovery-summary,not_available,snake_case,warning_id,warnings,19. Recovery Summary shows required recovery per driver where valid. 20. Recovery Summary shows recovered / unrecovered cost where recoverable value exists. 21. Recovery Summary shows not_available instead of guessing when recoverable value does not exist. 22. Recovery Summary calculates recovery coverage % safely. 23. Recovery Summary guards missing upstream drivers.
19_MIRRA_RATE_BUILDER_v4.0_LOCKED.txt,19_MIRRA_RATE_BUILDER_v4.0_LOCKED.txt,889,recovery-summary,rate_builder_zero_rate_driver,snake_case,warning_id,warnings,rate_builder_recovery_summary_blocked rate_builder_missing_rate_driver rate_builder_zero_rate_driver rate_builder_missing_components rate_builder_invalid_component_source
18_MIRRA_RECOVERY_SUMMARY_v4.0_LOCKED.txt,18_MIRRA_RECOVERY_SUMMARY_v4.0_LOCKED.txt,805,recovery-summary,ready_with_warnings,snake_case,warning_id,status_readiness_trust,ready ready_with_warnings review_required blocked
18_MIRRA_RECOVERY_SUMMARY_v4.0_LOCKED.txt,18_MIRRA_RECOVERY_SUMMARY_v4.0_LOCKED.txt,825,recovery-summary,ready_with_warnings,snake_case,warning_id,warnings,"Recovery test shows unrecovered cost remains, but source data is trusted. ready_with_warnings: Recovery test is usable but warnings remain visible."
18_MIRRA_RECOVERY_SUMMARY_v4.0_LOCKED.txt,18_MIRRA_RECOVERY_SUMMARY_v4.0_LOCKED.txt,947,recovery-summary,recovery_summary_missing_upstream_recovery_driver,snake_case,warning_id,warnings,recovery_summary_no_groups recovery_summary_missing_group_cost_stack recovery_summary_missing_upstream_recovery_driver recovery_summary_zero_recovery_driver recovery_summary_no_recoverable_value
18_MIRRA_RECOVERY_SUMMARY_v4.0_LOCKED.txt,18_MIRRA_RECOVERY_SUMMARY_v4.0_LOCKED.txt,973,recovery-summary,recovery_summary_missing_upstream_recovery_driver,snake_case,warning_id,status_readiness_trust,true. ## recovery_summary_missing_upstream_recovery_driver Use when a group has cost but no upstream recovery driver.
18_MIRRA_RECOVERY_SUMMARY_v4.0_LOCKED.txt,18_MIRRA_RECOVERY_SUMMARY_v4.0_LOCKED.txt,949,recovery-summary,recovery_summary_no_recoverable_value,snake_case,warning_id,warnings,recovery_summary_missing_upstream_recovery_driver recovery_summary_zero_recovery_driver recovery_summary_no_recoverable_value recovery_summary_group_under_recovered recovery_summary_model_under_recovered
18_MIRRA_RECOVERY_SUMMARY_v4.0_LOCKED.txt,18_MIRRA_RECOVERY_SUMMARY_v4.0_LOCKED.txt,958,recovery-summary,recovery_summary_not_available,snake_case,warning_id,warnings,recovery_summary_unassigned_overhead_pool recovery_summary_preview_only recovery_summary_not_available recovery_summary_upstream_blocked
18_MIRRA_RECOVERY_SUMMARY_v4.0_LOCKED.txt,18_MIRRA_RECOVERY_SUMMARY_v4.0_LOCKED.txt,959,recovery-summary,recovery_summary_upstream_blocked,snake_case,warning_id,warnings,recovery_summary_preview_only recovery_summary_not_available recovery_summary_upstream_blocked ---
18_MIRRA_RECOVERY_SUMMARY_v4.0_LOCKED.txt,18_MIRRA_RECOVERY_SUMMARY_v4.0_LOCKED.txt,948,recovery-summary,recovery_summary_zero_recovery_driver,snake_case,warning_id,warnings,recovery_summary_missing_group_cost_stack recovery_summary_missing_upstream_recovery_driver recovery_summary_zero_recovery_driver recovery_summary_no_recoverable_value recovery_summary_group_under_recovered
18_MIRRA_RECOVERY_SUMMARY_v4.0_LOCKED.txt,18_MIRRA_RECOVERY_SUMMARY_v4.0_LOCKED.txt,935,recovery-summary,review_action,snake_case,warning_id,warnings,"affected_variable, blocking, review_action }"
18_MIRRA_RECOVERY_SUMMARY_v4.0_LOCKED.txt,18_MIRRA_RECOVERY_SUMMARY_v4.0_LOCKED.txt,192,recovery-summary,review_required,snake_case,warning_id,inputs,not_available review_required or blocked
18_MIRRA_RECOVERY_SUMMARY_v4.0_LOCKED.txt,18_MIRRA_RECOVERY_SUMMARY_v4.0_LOCKED.txt,611,recovery-summary,review_required,snake_case,warning_id,inputs,recovered_cost = 0 where applicable unrecovered_cost = total_group_cost where applicable recovery_status = review_required or not_available Do not divide by zero.
18_MIRRA_RECOVERY_SUMMARY_v4.0_LOCKED.txt,18_MIRRA_RECOVERY_SUMMARY_v4.0_LOCKED.txt,653,recovery-summary,review_required,snake_case,warning_id,inputs,required_recovery_per_driver = 0 status = review_required or not_available This is a required recovery signal only.
18_MIRRA_RECOVERY_SUMMARY_v4.0_LOCKED.txt,18_MIRRA_RECOVERY_SUMMARY_v4.0_LOCKED.txt,708,recovery-summary,review_required,snake_case,warning_id,inputs,recovery_coverage_percent = 0 status = review_required or not_available If recoverable_value_available is not available:
18_MIRRA_RECOVERY_SUMMARY_v4.0_LOCKED.txt,18_MIRRA_RECOVERY_SUMMARY_v4.0_LOCKED.txt,715,recovery-summary,review_required,snake_case,warning_id,inputs,unrecovered_cost = not_available or total_group_cost depending display choice recovery_coverage_percent = not_available status = not_available or review_required Do not divide by zero.
18_MIRRA_RECOVERY_SUMMARY_v4.0_LOCKED.txt,18_MIRRA_RECOVERY_SUMMARY_v4.0_LOCKED.txt,730,recovery-summary,review_required,snake_case,warning_id,status_readiness_trust,under_recovered over_recovered review_required blocked preview_only
18_MIRRA_RECOVERY_SUMMARY_v4.0_LOCKED.txt,18_MIRRA_RECOVERY_SUMMARY_v4.0_LOCKED.txt,746,recovery-summary,review_required,snake_case,warning_id,status_readiness_trust,recovered_cost > total_group_cost review_required: driver or source requires review
18_MIRRA_RECOVERY_SUMMARY_v4.0_LOCKED.txt,18_MIRRA_RECOVERY_SUMMARY_v4.0_LOCKED.txt,791,recovery-summary,review_required,snake_case,warning_id,calculation,overall_recovery_coverage_percent = 0 status = review_required or not_available If recovered values are not available:
18_MIRRA_RECOVERY_SUMMARY_v4.0_LOCKED.txt,18_MIRRA_RECOVERY_SUMMARY_v4.0_LOCKED.txt,806,recovery-summary,review_required,snake_case,warning_id,status_readiness_trust,ready ready_with_warnings review_required blocked preview_only
18_MIRRA_RECOVERY_SUMMARY_v4.0_LOCKED.txt,18_MIRRA_RECOVERY_SUMMARY_v4.0_LOCKED.txt,828,recovery-summary,review_required,snake_case,warning_id,status_readiness_trust,Recovery test is usable but warnings remain visible. review_required: Values calculate but source/driver review is required.
18_MIRRA_RECOVERY_SUMMARY_v4.0_LOCKED.txt,18_MIRRA_RECOVERY_SUMMARY_v4.0_LOCKED.txt,930,recovery-summary,source_module,snake_case,warning_id,warnings,"{ warning_id, source_module, severity, message,"
18_MIRRA_RECOVERY_SUMMARY_v4.0_LOCKED.txt,18_MIRRA_RECOVERY_SUMMARY_v4.0_LOCKED.txt,632,recovery-summary,total_required_recovery_amount,snake_case,warning_id,inputs,Also: total_required_recovery_amount = sum group total_group_cost
18_MIRRA_RECOVERY_SUMMARY_v4.0_LOCKED.txt,18_MIRRA_RECOVERY_SUMMARY_v4.0_LOCKED.txt,764,recovery-summary,total_required_recovery_amount,snake_case,warning_id,status_readiness_trust,Recovery Summary must calculate: total_required_recovery_amount total_recovered_cost total_unrecovered_cost
18_MIRRA_RECOVERY_SUMMARY_v4.0_LOCKED.txt,18_MIRRA_RECOVERY_SUMMARY_v4.0_LOCKED.txt,773,recovery-summary,total_required_recovery_amount,snake_case,warning_id,calculation,Formula: total_required_recovery_amount = sum group total_group_cost
18_MIRRA_RECOVERY_SUMMARY_v4.0_LOCKED.txt,18_MIRRA_RECOVERY_SUMMARY_v4.0_LOCKED.txt,786,recovery-summary,total_required_recovery_amount,snake_case,warning_id,calculation,overall_recovery_coverage_percent = total_recovered_cost / total_required_recovery_amount If total_required_recovery_amount = 0:
18_MIRRA_RECOVERY_SUMMARY_v4.0_LOCKED.txt,18_MIRRA_RECOVERY_SUMMARY_v4.0_LOCKED.txt,788,recovery-summary,total_required_recovery_amount,snake_case,warning_id,calculation,total_recovered_cost / total_required_recovery_amount If total_required_recovery_amount = 0: overall_recovery_coverage_percent = 0
18_MIRRA_RECOVERY_SUMMARY_v4.0_LOCKED.txt,18_MIRRA_RECOVERY_SUMMARY_v4.0_LOCKED.txt,1071,recovery-summary,total_required_recovery_amount,snake_case,warning_id,status_readiness_trust,- recovery_model_type - group_recovery_rows - total_required_recovery_amount - total_recovered_cost - total_unrecovered_cost
18_MIRRA_RECOVERY_SUMMARY_v4.0_LOCKED.txt,18_MIRRA_RECOVERY_SUMMARY_v4.0_LOCKED.txt,1108,recovery-summary,total_required_recovery_amount,snake_case,warning_id,warnings,"group_recovery_rows, total_required_recovery_amount, total_recovered_cost, total_unrecovered_cost,"
18_MIRRA_RECOVERY_SUMMARY_v4.0_LOCKED.txt,18_MIRRA_RECOVERY_SUMMARY_v4.0_LOCKED.txt,1133,recovery-summary,total_required_recovery_amount,snake_case,warning_id,warnings,- recovery_model_type - group_recovery_rows - total_required_recovery_amount - total_unrecovered_cost - required_recovery_per_driver
18_MIRRA_RECOVERY_SUMMARY_v4.0_LOCKED.txt,18_MIRRA_RECOVERY_SUMMARY_v4.0_LOCKED.txt,1153,recovery-summary,total_required_recovery_amount,snake_case,warning_id,warnings,- recovery_summary_status - overall_recovery_status - total_required_recovery_amount - total_recovered_cost - total_unrecovered_cost
20_MIRRA_BUSINESS_OUTCOME_v4.0_LOCKED.txt,20_MIRRA_BUSINESS_OUTCOME_v4.0_LOCKED.txt,270,recovery-summary,total_required_recovery_amount,snake_case,warning_id,downstream_consumption,- recovery_summary_status - overall_recovery_status - total_required_recovery_amount - total_recovered_cost - total_unrecovered_cost
21_MIRRA_QUOTE_CHECKER_v4.0_LOCKED.txt,21_MIRRA_QUOTE_CHECKER_v4.0_LOCKED.txt,216,recovery-summary,total_required_recovery_amount,snake_case,warning_id,inputs,- recovery_summary_status - total_required_recovery_amount - total_unrecovered_cost - group_recovery_rows
18_MIRRA_RECOVERY_SUMMARY_v4.0_LOCKED.txt,18_MIRRA_RECOVERY_SUMMARY_v4.0_LOCKED.txt,929,recovery-summary,warning_id,snake_case,warning_id,warnings,"{ warning_id, source_module, severity,"
28_MIRRA_DATABASE_STORAGE_EXPORT_LAYER_v4.0_LOCKED.txt,28_MIRRA_DATABASE_STORAGE_EXPORT_LAYER_v4.0_LOCKED.txt,1077,reporting-analytics,backup_database,snake_case,warning_id,warnings,tools/export_reporting_tables.py tools/backup_database.py tools/migrate_database.py
28_MIRRA_DATABASE_STORAGE_EXPORT_LAYER_v4.0_LOCKED.txt,28_MIRRA_DATABASE_STORAGE_EXPORT_LAYER_v4.0_LOCKED.txt,1076,reporting-analytics,export_reporting_tables,snake_case,warning_id,warnings,Possible tooling: tools/export_reporting_tables.py tools/backup_database.py tools/migrate_database.py
27_MIRRA_REPORTING_ANALYTICS_v4.0_LOCKED.txt,27_MIRRA_REPORTING_ANALYTICS_v4.0_LOCKED.txt,711,reporting-analytics,margin_shortfall_count,snake_case,warning_id,status_readiness_trust,"average_actual_margin_rate, under_recovery_count, margin_shortfall_count, pass_count, trust_state"
28_MIRRA_DATABASE_STORAGE_EXPORT_LAYER_v4.0_LOCKED.txt,28_MIRRA_DATABASE_STORAGE_EXPORT_LAYER_v4.0_LOCKED.txt,1078,reporting-analytics,migrate_database,snake_case,warning_id,warnings,tools/export_reporting_tables.py tools/backup_database.py tools/migrate_database.py Future database:
27_MIRRA_REPORTING_ANALYTICS_v4.0_LOCKED.txt,27_MIRRA_REPORTING_ANALYTICS_v4.0_LOCKED.txt,637,reporting-analytics,minimum_required_recovery,snake_case,warning_id,status_readiness_trust,"model_version_id, quote_total, minimum_required_recovery, target_revenue, recovery_gap,"
27_MIRRA_REPORTING_ANALYTICS_v4.0_LOCKED.txt,27_MIRRA_REPORTING_ANALYTICS_v4.0_LOCKED.txt,743,reporting-analytics,ready_with_warnings,snake_case,warning_id,status_readiness_trust,- ready - ready_with_warnings - blocked - preview_only
27_MIRRA_REPORTING_ANALYTICS_v4.0_LOCKED.txt,27_MIRRA_REPORTING_ANALYTICS_v4.0_LOCKED.txt,753,reporting-analytics,ready_with_warnings,snake_case,warning_id,warnings,Reports are available and trusted. ready_with_warnings: Reports are available but source warnings exist.
27_MIRRA_REPORTING_ANALYTICS_v4.0_LOCKED.txt,27_MIRRA_REPORTING_ANALYTICS_v4.0_LOCKED.txt,807,reporting-analytics,reporting_data_quality_blocked,snake_case,warning_id,warnings,reporting_missing_model_version reporting_source_trace_missing reporting_data_quality_blocked reporting_preview_only reporting_not_enough_history
27_MIRRA_REPORTING_ANALYTICS_v4.0_LOCKED.txt,27_MIRRA_REPORTING_ANALYTICS_v4.0_LOCKED.txt,810,reporting-analytics,reporting_export_not_ready,snake_case,warning_id,warnings,reporting_preview_only reporting_not_enough_history reporting_export_not_ready reporting_upstream_blocked
27_MIRRA_REPORTING_ANALYTICS_v4.0_LOCKED.txt,27_MIRRA_REPORTING_ANALYTICS_v4.0_LOCKED.txt,800,reporting-analytics,reporting_missing_business_snapshot,snake_case,warning_id,warnings,Required warning IDs: reporting_missing_business_snapshot reporting_missing_quote_data reporting_missing_job_data
27_MIRRA_REPORTING_ANALYTICS_v4.0_LOCKED.txt,27_MIRRA_REPORTING_ANALYTICS_v4.0_LOCKED.txt,802,reporting-analytics,reporting_missing_job_data,snake_case,warning_id,warnings,reporting_missing_business_snapshot reporting_missing_quote_data reporting_missing_job_data reporting_missing_supplier_data reporting_missing_rate_data
27_MIRRA_REPORTING_ANALYTICS_v4.0_LOCKED.txt,27_MIRRA_REPORTING_ANALYTICS_v4.0_LOCKED.txt,805,reporting-analytics,reporting_missing_model_version,snake_case,warning_id,warnings,reporting_missing_supplier_data reporting_missing_rate_data reporting_missing_model_version reporting_source_trace_missing reporting_data_quality_blocked
27_MIRRA_REPORTING_ANALYTICS_v4.0_LOCKED.txt,27_MIRRA_REPORTING_ANALYTICS_v4.0_LOCKED.txt,801,reporting-analytics,reporting_missing_quote_data,snake_case,warning_id,warnings,reporting_missing_business_snapshot reporting_missing_quote_data reporting_missing_job_data reporting_missing_supplier_data
27_MIRRA_REPORTING_ANALYTICS_v4.0_LOCKED.txt,27_MIRRA_REPORTING_ANALYTICS_v4.0_LOCKED.txt,804,reporting-analytics,reporting_missing_rate_data,snake_case,warning_id,warnings,reporting_missing_job_data reporting_missing_supplier_data reporting_missing_rate_data reporting_missing_model_version reporting_source_trace_missing
27_MIRRA_REPORTING_ANALYTICS_v4.0_LOCKED.txt,27_MIRRA_REPORTING_ANALYTICS_v4.0_LOCKED.txt,803,reporting-analytics,reporting_missing_supplier_data,snake_case,warning_id,warnings,reporting_missing_quote_data reporting_missing_job_data reporting_missing_supplier_data reporting_missing_rate_data reporting_missing_model_version
27_MIRRA_REPORTING_ANALYTICS_v4.0_LOCKED.txt,27_MIRRA_REPORTING_ANALYTICS_v4.0_LOCKED.txt,809,reporting-analytics,reporting_not_enough_history,snake_case,warning_id,warnings,reporting_data_quality_blocked reporting_preview_only reporting_not_enough_history reporting_export_not_ready reporting_upstream_blocked
27_MIRRA_REPORTING_ANALYTICS_v4.0_LOCKED.txt,27_MIRRA_REPORTING_ANALYTICS_v4.0_LOCKED.txt,808,reporting-analytics,reporting_preview_only,snake_case,warning_id,warnings,reporting_source_trace_missing reporting_data_quality_blocked reporting_preview_only reporting_not_enough_history reporting_export_not_ready
27_MIRRA_REPORTING_ANALYTICS_v4.0_LOCKED.txt,27_MIRRA_REPORTING_ANALYTICS_v4.0_LOCKED.txt,806,reporting-analytics,reporting_source_trace_missing,snake_case,warning_id,warnings,reporting_missing_rate_data reporting_missing_model_version reporting_source_trace_missing reporting_data_quality_blocked reporting_preview_only
27_MIRRA_REPORTING_ANALYTICS_v4.0_LOCKED.txt,27_MIRRA_REPORTING_ANALYTICS_v4.0_LOCKED.txt,789,reporting-analytics,reporting_trust_state,snake_case,warning_id,warnings,If reports are available with warnings: reporting_trust_state = warning If source data is trusted:
27_MIRRA_REPORTING_ANALYTICS_v4.0_LOCKED.txt,27_MIRRA_REPORTING_ANALYTICS_v4.0_LOCKED.txt,792,reporting-analytics,reporting_trust_state,snake_case,warning_id,warnings,If source data is trusted: reporting_trust_state = ready ---
27_MIRRA_REPORTING_ANALYTICS_v4.0_LOCKED.txt,27_MIRRA_REPORTING_ANALYTICS_v4.0_LOCKED.txt,811,reporting-analytics,reporting_upstream_blocked,snake_case,warning_id,warnings,reporting_not_enough_history reporting_export_not_ready reporting_upstream_blocked ---
13_MIRRA_REVENUE_COGS_v4.0_LOCKED.txt,13_MIRRA_REVENUE_COGS_v4.0_LOCKED.txt,1468,revenue-cogs,affected_variable,snake_case,warning_id,warnings,"severity, message, affected_variable, blocking, review_action"
13_MIRRA_REVENUE_COGS_v4.0_LOCKED.txt,13_MIRRA_REVENUE_COGS_v4.0_LOCKED.txt,2071,revenue-cogs,affected_variable,snake_case,warning_id,warnings,"severity, message, affected_variable, blocking, review_action"
09_MIRRA_ASSETS_MODULE_v4.0_LOCKED.txt,09_MIRRA_ASSETS_MODULE_v4.0_LOCKED.txt,1227,revenue-cogs,asset_reconciliation_variance,snake_case,warning_id,warnings,possible_duplicate_overhead_cost possible_duplicate_cogs_cost asset_reconciliation_variance assets_preview_only
09_MIRRA_ASSETS_MODULE_v4.0_LOCKED.txt,09_MIRRA_ASSETS_MODULE_v4.0_LOCKED.txt,1224,revenue-cogs,asset_running_cost_double_count_risk,snake_case,warning_id,warnings,asset_running_cost_transfer_over_allocated asset_running_cost_transfer_remaining_in_overheads asset_running_cost_double_count_risk possible_duplicate_overhead_cost possible_duplicate_cogs_cost
09_MIRRA_ASSETS_MODULE_v4.0_LOCKED.txt,09_MIRRA_ASSETS_MODULE_v4.0_LOCKED.txt,1228,revenue-cogs,assets_preview_only,snake_case,warning_id,warnings,possible_duplicate_cogs_cost asset_reconciliation_variance assets_preview_only ---
30_MIRRA_BUSINESS_MODELLING_v4.0_LOCKED.txt,30_MIRRA_BUSINESS_MODELLING_v4.0_LOCKED.txt,774,revenue-cogs,business_modelling_invalid_adjustment,snake_case,warning_id,warnings,business_modelling_missing_revenue_cogs business_modelling_zero_revenue business_modelling_invalid_adjustment business_modelling_supplier_markup_not_individual business_modelling_product_unit_requires_soq
30_MIRRA_BUSINESS_MODELLING_v4.0_LOCKED.txt,30_MIRRA_BUSINESS_MODELLING_v4.0_LOCKED.txt,770,revenue-cogs,business_modelling_missing_rate_builder,snake_case,warning_id,warnings,business_modelling_missing_business_outcome business_modelling_missing_rate_builder business_modelling_missing_recovery_summary business_modelling_missing_revenue_cogs
30_MIRRA_BUSINESS_MODELLING_v4.0_LOCKED.txt,30_MIRRA_BUSINESS_MODELLING_v4.0_LOCKED.txt,771,revenue-cogs,business_modelling_missing_recovery_summary,snake_case,warning_id,warnings,business_modelling_missing_business_outcome business_modelling_missing_rate_builder business_modelling_missing_recovery_summary business_modelling_missing_revenue_cogs business_modelling_zero_revenue
30_MIRRA_BUSINESS_MODELLING_v4.0_LOCKED.txt,30_MIRRA_BUSINESS_MODELLING_v4.0_LOCKED.txt,772,revenue-cogs,business_modelling_missing_revenue_cogs,snake_case,warning_id,warnings,business_modelling_missing_rate_builder business_modelling_missing_recovery_summary business_modelling_missing_revenue_cogs business_modelling_zero_revenue business_modelling_invalid_adjustment
30_MIRRA_BUSINESS_MODELLING_v4.0_LOCKED.txt,30_MIRRA_BUSINESS_MODELLING_v4.0_LOCKED.txt,773,revenue-cogs,business_modelling_zero_revenue,snake_case,warning_id,warnings,business_modelling_missing_recovery_summary business_modelling_missing_revenue_cogs business_modelling_zero_revenue business_modelling_invalid_adjustment business_modelling_supplier_markup_not_individual
14_MIRRA_BUSINESS_SUMMARY_v4.0_LOCKED.txt,14_MIRRA_BUSINESS_SUMMARY_v4.0_LOCKED.txt,1141,revenue-cogs,business_summary_missing_activity_driver,snake_case,warning_id,warnings,business_summary_missing_revenue_cogs business_summary_missing_cost_summary business_summary_missing_activity_driver business_summary_zero_activity_driver business_summary_negative_net_position
13_MIRRA_REVENUE_COGS_v4.0_LOCKED.txt,13_MIRRA_REVENUE_COGS_v4.0_LOCKED.txt,751,revenue-cogs,cog_gross_used_warning,snake_case,warning_id,warnings,"If the importer detects gross being used as net value, create warning: cog_gross_used_warning ---"
13_MIRRA_REVENUE_COGS_v4.0_LOCKED.txt,13_MIRRA_REVENUE_COGS_v4.0_LOCKED.txt,2092,revenue-cogs,cog_gross_used_warning,snake_case,warning_id,warnings,cog_reconciliation_missing_transaction_detail cog_payable_invoice_detail_rejected cog_gross_used_warning cog_variance_above_tolerance cog_unassigned_category
13_MIRRA_REVENUE_COGS_v4.0_LOCKED.txt,13_MIRRA_REVENUE_COGS_v4.0_LOCKED.txt,1443,revenue-cogs,cog_import_failed,snake_case,warning_id,warnings,cog_import_missing cog_import_failed cog_import_period_missing cog_import_period_mismatch
13_MIRRA_REVENUE_COGS_v4.0_LOCKED.txt,13_MIRRA_REVENUE_COGS_v4.0_LOCKED.txt,2084,revenue-cogs,cog_import_failed,snake_case,warning_id,warnings,revenue_cogs_margin_negative cog_import_missing cog_import_failed cog_import_period_missing cog_import_period_mismatch
13_MIRRA_REVENUE_COGS_v4.0_LOCKED.txt,13_MIRRA_REVENUE_COGS_v4.0_LOCKED.txt,1442,revenue-cogs,cog_import_missing,snake_case,warning_id,warnings,Required warning IDs: cog_import_missing cog_import_failed cog_import_period_missing
13_MIRRA_REVENUE_COGS_v4.0_LOCKED.txt,13_MIRRA_REVENUE_COGS_v4.0_LOCKED.txt,2083,revenue-cogs,cog_import_missing,snake_case,warning_id,warnings,revenue_cogs_direct_cost_invalid revenue_cogs_margin_negative cog_import_missing cog_import_failed cog_import_period_missing
13_MIRRA_REVENUE_COGS_v4.0_LOCKED.txt,13_MIRRA_REVENUE_COGS_v4.0_LOCKED.txt,791,revenue-cogs,cog_import_period_end,snake_case,warning_id,warnings,cog_imported_at cog_import_period_start cog_import_period_end cog_import_report_name cog_import_report_type
13_MIRRA_REVENUE_COGS_v4.0_LOCKED.txt,13_MIRRA_REVENUE_COGS_v4.0_LOCKED.txt,1445,revenue-cogs,cog_import_period_mismatch,snake_case,warning_id,warnings,cog_import_failed cog_import_period_missing cog_import_period_mismatch cog_reconciliation_leak_detected cog_reconciliation_unmatched_account
13_MIRRA_REVENUE_COGS_v4.0_LOCKED.txt,13_MIRRA_REVENUE_COGS_v4.0_LOCKED.txt,2086,revenue-cogs,cog_import_period_mismatch,snake_case,warning_id,warnings,cog_import_failed cog_import_period_missing cog_import_period_mismatch cog_reconciliation_leak_detected cog_reconciliation_unmatched_account
13_MIRRA_REVENUE_COGS_v4.0_LOCKED.txt,13_MIRRA_REVENUE_COGS_v4.0_LOCKED.txt,1444,revenue-cogs,cog_import_period_missing,snake_case,warning_id,warnings,cog_import_missing cog_import_failed cog_import_period_missing cog_import_period_mismatch cog_reconciliation_leak_detected
13_MIRRA_REVENUE_COGS_v4.0_LOCKED.txt,13_MIRRA_REVENUE_COGS_v4.0_LOCKED.txt,2085,revenue-cogs,cog_import_period_missing,snake_case,warning_id,warnings,cog_import_missing cog_import_failed cog_import_period_missing cog_import_period_mismatch cog_reconciliation_leak_detected
13_MIRRA_REVENUE_COGS_v4.0_LOCKED.txt,13_MIRRA_REVENUE_COGS_v4.0_LOCKED.txt,790,revenue-cogs,cog_import_period_start,snake_case,warning_id,warnings,cog_import_source_file_name cog_imported_at cog_import_period_start cog_import_period_end cog_import_report_name
13_MIRRA_REVENUE_COGS_v4.0_LOCKED.txt,13_MIRRA_REVENUE_COGS_v4.0_LOCKED.txt,792,revenue-cogs,cog_import_report_name,snake_case,warning_id,warnings,cog_import_period_start cog_import_period_end cog_import_report_name cog_import_report_type
13_MIRRA_REVENUE_COGS_v4.0_LOCKED.txt,13_MIRRA_REVENUE_COGS_v4.0_LOCKED.txt,793,revenue-cogs,cog_import_report_type,snake_case,warning_id,warnings,cog_import_period_end cog_import_report_name cog_import_report_type Report name should be:
13_MIRRA_REVENUE_COGS_v4.0_LOCKED.txt,13_MIRRA_REVENUE_COGS_v4.0_LOCKED.txt,788,revenue-cogs,cog_import_source_file_name,snake_case,warning_id,warnings,xero_account_transactions_import_id cog_import_source_system cog_import_source_file_name cog_imported_at cog_import_period_start
13_MIRRA_REVENUE_COGS_v4.0_LOCKED.txt,13_MIRRA_REVENUE_COGS_v4.0_LOCKED.txt,787,revenue-cogs,cog_import_source_system,snake_case,warning_id,warnings,xero_account_transactions_import_id cog_import_source_system cog_import_source_file_name cog_imported_at
13_MIRRA_REVENUE_COGS_v4.0_LOCKED.txt,13_MIRRA_REVENUE_COGS_v4.0_LOCKED.txt,789,revenue-cogs,cog_imported_at,snake_case,warning_id,warnings,cog_import_source_system cog_import_source_file_name cog_imported_at cog_import_period_start cog_import_period_end
13_MIRRA_REVENUE_COGS_v4.0_LOCKED.txt,13_MIRRA_REVENUE_COGS_v4.0_LOCKED.txt,1451,revenue-cogs,cog_payable_invoice_detail_rejected,snake_case,warning_id,warnings,cog_reconciliation_missing_transaction_detail cog_gross_used_warning cog_payable_invoice_detail_rejected cog_variance_above_tolerance cog_unassigned_category
13_MIRRA_REVENUE_COGS_v4.0_LOCKED.txt,13_MIRRA_REVENUE_COGS_v4.0_LOCKED.txt,1523,revenue-cogs,cog_payable_invoice_detail_rejected,snake_case,warning_id,warnings,Required warning if detected: cog_payable_invoice_detail_rejected Message:
03_MIRRA_VARIABLE_CONTRACT_BRIEF_v4.0_LOCKED.txt,03_MIRRA_VARIABLE_CONTRACT_BRIEF_v4.0_LOCKED.txt,282,revenue-cogs,cog_reconciliation_leak_detected,snake_case,warning_id,warnings,"{ warning_id: ""cog_reconciliation_leak_detected"", source_module: ""revenue_cogs"", severity: ""critical"","
10_MIRRA_MODULE_RECONCILIATION_v4.0_LOCKED.txt,10_MIRRA_MODULE_RECONCILIATION_v4.0_LOCKED.txt,326,revenue-cogs,cog_reconciliation_variance_percent,snake_case,warning_id,inputs,cog_reconciliation_status cog_reconciliation_difference cog_reconciliation_variance_percent cog_reconciliation_checks revenue_cogs_status
13_MIRRA_REVENUE_COGS_v4.0_LOCKED.txt,13_MIRRA_REVENUE_COGS_v4.0_LOCKED.txt,1355,revenue-cogs,cog_reconciliation_variance_percent,snake_case,warning_id,calculation,cog_reconciliation_status cog_reconciliation_difference cog_reconciliation_variance_percent cog_reconciliation_checks[] cog_reconciliation_warnings[]
13_MIRRA_REVENUE_COGS_v4.0_LOCKED.txt,13_MIRRA_REVENUE_COGS_v4.0_LOCKED.txt,2143,revenue-cogs,cog_reconciliation_variance_percent,snake_case,warning_id,warnings,"cog_reconciliation_status, cog_reconciliation_difference, cog_reconciliation_variance_percent, cog_reconciliation_checks, cog_reconciliation_warnings,"
13_MIRRA_REVENUE_COGS_v4.0_LOCKED.txt,13_MIRRA_REVENUE_COGS_v4.0_LOCKED.txt,2177,revenue-cogs,cog_reconciliation_variance_percent,snake_case,warning_id,warnings,- cog_reconciliation_status - cog_reconciliation_difference - cog_reconciliation_variance_percent - cog_reconciliation_checks - supplier_summary_total_mismatch status
13_MIRRA_REVENUE_COGS_v4.0_LOCKED.txt,13_MIRRA_REVENUE_COGS_v4.0_LOCKED.txt,1357,revenue-cogs,cog_reconciliation_warnings,snake_case,warning_id,calculation,cog_reconciliation_variance_percent cog_reconciliation_checks[] cog_reconciliation_warnings[] Formula:
13_MIRRA_REVENUE_COGS_v4.0_LOCKED.txt,13_MIRRA_REVENUE_COGS_v4.0_LOCKED.txt,2145,revenue-cogs,cog_reconciliation_warnings,snake_case,warning_id,warnings,"cog_reconciliation_variance_percent, cog_reconciliation_checks, cog_reconciliation_warnings, commercial_driver_mode, unit_driver_rows,"
13_MIRRA_REVENUE_COGS_v4.0_LOCKED.txt,13_MIRRA_REVENUE_COGS_v4.0_LOCKED.txt,2197,revenue-cogs,cog_reconciliation_warnings,snake_case,warning_id,status_readiness_trust,- revenue_cogs_model_trust_state - cog_reconciliation_status - cog_reconciliation_warnings - supplier_summary/category warning state - unit_recovery_ready
13_MIRRA_REVENUE_COGS_v4.0_LOCKED.txt,13_MIRRA_REVENUE_COGS_v4.0_LOCKED.txt,1453,revenue-cogs,cog_unassigned_category,snake_case,warning_id,warnings,cog_payable_invoice_detail_rejected cog_variance_above_tolerance cog_unassigned_category cog_unassigned_subcategory_review supplier_normalisation_review_required
13_MIRRA_REVENUE_COGS_v4.0_LOCKED.txt,13_MIRRA_REVENUE_COGS_v4.0_LOCKED.txt,2094,revenue-cogs,cog_unassigned_category,snake_case,warning_id,warnings,cog_gross_used_warning cog_variance_above_tolerance cog_unassigned_category cog_unassigned_subcategory_review unit_driver_missing
13_MIRRA_REVENUE_COGS_v4.0_LOCKED.txt,13_MIRRA_REVENUE_COGS_v4.0_LOCKED.txt,1454,revenue-cogs,cog_unassigned_subcategory_review,snake_case,warning_id,warnings,cog_variance_above_tolerance cog_unassigned_category cog_unassigned_subcategory_review supplier_normalisation_review_required supplier_normalisation_ambiguous
13_MIRRA_REVENUE_COGS_v4.0_LOCKED.txt,13_MIRRA_REVENUE_COGS_v4.0_LOCKED.txt,2095,revenue-cogs,cog_unassigned_subcategory_review,snake_case,warning_id,warnings,cog_variance_above_tolerance cog_unassigned_category cog_unassigned_subcategory_review unit_driver_missing unit_driver_zero_units
13_MIRRA_REVENUE_COGS_v4.0_LOCKED.txt,13_MIRRA_REVENUE_COGS_v4.0_LOCKED.txt,1452,revenue-cogs,cog_variance_above_tolerance,snake_case,warning_id,warnings,cog_gross_used_warning cog_payable_invoice_detail_rejected cog_variance_above_tolerance cog_unassigned_category cog_unassigned_subcategory_review
13_MIRRA_REVENUE_COGS_v4.0_LOCKED.txt,13_MIRRA_REVENUE_COGS_v4.0_LOCKED.txt,2093,revenue-cogs,cog_variance_above_tolerance,snake_case,warning_id,warnings,cog_payable_invoice_detail_rejected cog_gross_used_warning cog_variance_above_tolerance cog_unassigned_category cog_unassigned_subcategory_review
13_MIRRA_REVENUE_COGS_v4.0_LOCKED.txt,13_MIRRA_REVENUE_COGS_v4.0_LOCKED.txt,1622,revenue-cogs,commercial_driver_mode,snake_case,warning_id,warnings,Revenue / COGS owns: commercial_driver_mode Allowed values:
13_MIRRA_REVENUE_COGS_v4.0_LOCKED.txt,13_MIRRA_REVENUE_COGS_v4.0_LOCKED.txt,1654,revenue-cogs,commercial_driver_mode,snake_case,warning_id,warnings,# 51. HOURS-BASED REVENUE / COGS OUTPUT If commercial_driver_mode = hours_based: Revenue / COGS should show:
13_MIRRA_REVENUE_COGS_v4.0_LOCKED.txt,13_MIRRA_REVENUE_COGS_v4.0_LOCKED.txt,1679,revenue-cogs,commercial_driver_mode,snake_case,warning_id,warnings,# 52. PRODUCT / UNIT-BASED OUTPUT If commercial_driver_mode = unit_based or mixed_unit_based: Revenue / COGS should show:
06_MIRRA_COST_SUMMARY_v4.0_LOCKED.txt,06_MIRRA_COST_SUMMARY_v4.0_LOCKED.txt,691,revenue-cogs,cost_summary_cogs_excluded_notice,snake_case,warning_id,warnings,cost_summary_model_preview_only cost_summary_reconciliation_warning cost_summary_cogs_excluded_notice cost_summary_required_recovery_zero
06_MIRRA_COST_SUMMARY_v4.0_LOCKED.txt,06_MIRRA_COST_SUMMARY_v4.0_LOCKED.txt,689,revenue-cogs,cost_summary_model_preview_only,snake_case,warning_id,warnings,cost_summary_total_cost_zero cost_summary_upstream_blocked cost_summary_model_preview_only cost_summary_reconciliation_warning cost_summary_cogs_excluded_notice
06_MIRRA_COST_SUMMARY_v4.0_LOCKED.txt,06_MIRRA_COST_SUMMARY_v4.0_LOCKED.txt,690,revenue-cogs,cost_summary_reconciliation_warning,snake_case,warning_id,warnings,cost_summary_upstream_blocked cost_summary_model_preview_only cost_summary_reconciliation_warning cost_summary_cogs_excluded_notice cost_summary_required_recovery_zero
06_MIRRA_COST_SUMMARY_v4.0_LOCKED.txt,06_MIRRA_COST_SUMMARY_v4.0_LOCKED.txt,692,revenue-cogs,cost_summary_required_recovery_zero,snake_case,warning_id,warnings,cost_summary_reconciliation_warning cost_summary_cogs_excluded_notice cost_summary_required_recovery_zero ---
26_MIRRA_DATA_QUALITY_DASHBOARD_v4.0_LOCKED.txt,26_MIRRA_DATA_QUALITY_DASHBOARD_v4.0_LOCKED.txt,511,revenue-cogs,data_quality_missing_assets,snake_case,warning_id,warnings,data_quality_missing_revenue_cogs data_quality_missing_labour data_quality_missing_assets data_quality_missing_overheads data_quality_failed_reconciliation
26_MIRRA_DATA_QUALITY_DASHBOARD_v4.0_LOCKED.txt,26_MIRRA_DATA_QUALITY_DASHBOARD_v4.0_LOCKED.txt,510,revenue-cogs,data_quality_missing_labour,snake_case,warning_id,warnings,data_quality_missing_pnl data_quality_missing_revenue_cogs data_quality_missing_labour data_quality_missing_assets data_quality_missing_overheads
13_MIRRA_REVENUE_COGS_v4.0_LOCKED.txt,13_MIRRA_REVENUE_COGS_v4.0_LOCKED.txt,806,revenue-cogs,future_api,snake_case,warning_id,warnings,manual_excel csv future_api ---
05_MIRRA_GENERAL_OVERHEADS_v4.0_LOCKED.txt,05_MIRRA_GENERAL_OVERHEADS_v4.0_LOCKED.txt,653,revenue-cogs,general_overheads_variance_to_pnl,snake_case,warning_id,warnings,possible_cogs_in_overheads overhead_category_unmapped general_overheads_variance_to_pnl manual_overhead_source_preview_only
06_MIRRA_COST_SUMMARY_v4.0_LOCKED.txt,06_MIRRA_COST_SUMMARY_v4.0_LOCKED.txt,198,revenue-cogs,general_overheads_warnings,snake_case,warning_id,downstream_consumption,- general_overheads_status - general_overheads_model_trust_state - general_overheads_warnings Cost Summary does not consume COGS as operating cost burden.
18_MIRRA_RECOVERY_SUMMARY_v4.0_LOCKED.txt,18_MIRRA_RECOVERY_SUMMARY_v4.0_LOCKED.txt,1505,revenue-cogs,group_recovery_rows,snake_case,warning_id,warnings,9. Consume Asset Reality context. 10. Consume Revenue / COGS and Business Summary macro context. 11. Create group_recovery_rows. 12. Identify recovery driver automatically from upstream sources. 13. Guard missing or zero drivers.
13_MIRRA_REVENUE_COGS_v4.0_LOCKED.txt,13_MIRRA_REVENUE_COGS_v4.0_LOCKED.txt,1626,revenue-cogs,hours_based,snake_case,warning_id,warnings,Allowed values: hours_based unit_based mixed_unit_based
13_MIRRA_REVENUE_COGS_v4.0_LOCKED.txt,13_MIRRA_REVENUE_COGS_v4.0_LOCKED.txt,1654,revenue-cogs,hours_based,snake_case,warning_id,warnings,# 51. HOURS-BASED REVENUE / COGS OUTPUT If commercial_driver_mode = hours_based: Revenue / COGS should show:
13_MIRRA_REVENUE_COGS_v4.0_LOCKED.txt,13_MIRRA_REVENUE_COGS_v4.0_LOCKED.txt,1497,revenue-cogs,leak_detected,snake_case,warning_id,warnings,If detail import exists and does not reconcile: blocked or leak_detected. ---
13_MIRRA_REVENUE_COGS_v4.0_LOCKED.txt,13_MIRRA_REVENUE_COGS_v4.0_LOCKED.txt,2781,revenue-cogs,leak_detected,snake_case,warning_id,warnings,21. Reconciliation difference is shown. 22. Variance percent is shown. 23. Above-tolerance difference becomes leak_detected. 24. COG leak blocks trusted downstream use. 25. Supplier name normalisation exists.
13_MIRRA_REVENUE_COGS_v4.0_LOCKED.txt,13_MIRRA_REVENUE_COGS_v4.0_LOCKED.txt,804,revenue-cogs,manual_excel,snake_case,warning_id,warnings,xero manual_excel csv future_api
15_MIRRA_REVENUE_REALITY_v4.0_LOCKED.txt,15_MIRRA_REVENUE_REALITY_v4.0_LOCKED.txt,1321,revenue-cogs,margin_after_labour,snake_case,warning_id,warnings,1. Inspect current Revenue Reality calculations. 2. Preserve existing working page if already built. 3. Standardise primary variable name as margin_after_labour. 4. Keep display aliases where useful. 5. Consume Revenue / COGS totals.
15_MIRRA_REVENUE_REALITY_v4.0_LOCKED.txt,15_MIRRA_REVENUE_REALITY_v4.0_LOCKED.txt,1352,revenue-cogs,margin_after_labour,snake_case,warning_id,warnings,5. Revenue Reality shows Revenue - COGS = Margin Pool. 6. Revenue Reality shows Margin Pool - Labour = Margin After Labour. 7. Revenue Reality calculates margin_after_labour. 8. Revenue Reality calculates labour_consumption_of_margin_percent. 9. Revenue Reality calculates margin_after_labour_percent_of_revenue.
13_MIRRA_REVENUE_COGS_v4.0_LOCKED.txt,13_MIRRA_REVENUE_COGS_v4.0_LOCKED.txt,1644,revenue-cogs,mixed_unit_based,snake_case,warning_id,warnings,or: mixed_unit_based depending unit driver setup.
13_MIRRA_REVENUE_COGS_v4.0_LOCKED.txt,13_MIRRA_REVENUE_COGS_v4.0_LOCKED.txt,1679,revenue-cogs,mixed_unit_based,snake_case,warning_id,warnings,# 52. PRODUCT / UNIT-BASED OUTPUT If commercial_driver_mode = unit_based or mixed_unit_based: Revenue / COGS should show:
11_MIRRA_MODEL_READINESS_v4.0_LOCKED.txt,11_MIRRA_MODEL_READINESS_v4.0_LOCKED.txt,528,revenue-cogs,model_labour_blocked,snake_case,warning_id,warnings,model_revenue_cogs_blocked model_cog_reconciliation_leak model_labour_blocked model_assets_blocked model_asset_pool_blocked
14_MIRRA_BUSINESS_SUMMARY_v4.0_LOCKED.txt,14_MIRRA_BUSINESS_SUMMARY_v4.0_LOCKED.txt,1708,revenue-cogs,net_position,snake_case,warning_id,warnings,Your margin after COGS is not enough to cover Labour before Assets and Overheads are considered. Revenue Reality shows this stress test in detail. If net_position is negative: The current model shows the business is not covering its full operating cost burden.
05_MIRRA_GENERAL_OVERHEADS_v4.0_LOCKED.txt,05_MIRRA_GENERAL_OVERHEADS_v4.0_LOCKED.txt,652,revenue-cogs,overhead_category_unmapped,snake_case,warning_id,warnings,possible_duplicate_labour_cost possible_cogs_in_overheads overhead_category_unmapped general_overheads_variance_to_pnl manual_overhead_source_preview_only
05_MIRRA_GENERAL_OVERHEADS_v4.0_LOCKED.txt,05_MIRRA_GENERAL_OVERHEADS_v4.0_LOCKED.txt,651,revenue-cogs,possible_cogs_in_overheads,snake_case,warning_id,warnings,possible_duplicate_asset_cost possible_duplicate_labour_cost possible_cogs_in_overheads overhead_category_unmapped general_overheads_variance_to_pnl
05_MIRRA_GENERAL_OVERHEADS_v4.0_LOCKED.txt,05_MIRRA_GENERAL_OVERHEADS_v4.0_LOCKED.txt,649,revenue-cogs,possible_duplicate_asset_cost,snake_case,warning_id,warnings,asset_finance_exclusion_exceeds_benchmark asset_finance_exclusion_review possible_duplicate_asset_cost possible_duplicate_labour_cost possible_cogs_in_overheads
09_MIRRA_ASSETS_MODULE_v4.0_LOCKED.txt,09_MIRRA_ASSETS_MODULE_v4.0_LOCKED.txt,1226,revenue-cogs,possible_duplicate_cogs_cost,snake_case,warning_id,warnings,asset_running_cost_double_count_risk possible_duplicate_overhead_cost possible_duplicate_cogs_cost asset_reconciliation_variance assets_preview_only
05_MIRRA_GENERAL_OVERHEADS_v4.0_LOCKED.txt,05_MIRRA_GENERAL_OVERHEADS_v4.0_LOCKED.txt,650,revenue-cogs,possible_duplicate_labour_cost,snake_case,warning_id,warnings,asset_finance_exclusion_review possible_duplicate_asset_cost possible_duplicate_labour_cost possible_cogs_in_overheads overhead_category_unmapped
09_MIRRA_ASSETS_MODULE_v4.0_LOCKED.txt,09_MIRRA_ASSETS_MODULE_v4.0_LOCKED.txt,1225,revenue-cogs,possible_duplicate_overhead_cost,snake_case,warning_id,warnings,asset_running_cost_transfer_remaining_in_overheads asset_running_cost_double_count_risk possible_duplicate_overhead_cost possible_duplicate_cogs_cost asset_reconciliation_variance
13_MIRRA_REVENUE_COGS_v4.0_LOCKED.txt,13_MIRRA_REVENUE_COGS_v4.0_LOCKED.txt,1999,revenue-cogs,ready_with_warnings,snake_case,warning_id,status_readiness_trust,ready ready_with_warnings review_required blocked
13_MIRRA_REVENUE_COGS_v4.0_LOCKED.txt,13_MIRRA_REVENUE_COGS_v4.0_LOCKED.txt,2011,revenue-cogs,ready_with_warnings,snake_case,warning_id,warnings,Revenue / COGS source is complete and trusted. ready_with_warnings: Usable but warnings remain visible.
13_MIRRA_REVENUE_COGS_v4.0_LOCKED.txt,13_MIRRA_REVENUE_COGS_v4.0_LOCKED.txt,2049,revenue-cogs,ready_with_warnings,snake_case,warning_id,status_readiness_trust,â†’ ready revenue_cogs_status = ready_with_warnings or review_required â†’ warning
27_MIRRA_REPORTING_ANALYTICS_v4.0_LOCKED.txt,27_MIRRA_REPORTING_ANALYTICS_v4.0_LOCKED.txt,505,revenue-cogs,recovery_gap,snake_case,warning_id,status_readiness_trust,- gross_margin - net_position - recovery_gap - quote_pass_rate - job_profitability
18_MIRRA_RECOVERY_SUMMARY_v4.0_LOCKED.txt,18_MIRRA_RECOVERY_SUMMARY_v4.0_LOCKED.txt,943,revenue-cogs,recovery_summary_missing_cost_allocation,snake_case,warning_id,warnings,recovery_summary_missing_revenue_cogs recovery_summary_missing_business_summary recovery_summary_missing_cost_allocation recovery_summary_cost_allocation_blocked recovery_summary_no_groups
14_MIRRA_BUSINESS_SUMMARY_v4.0_LOCKED.txt,14_MIRRA_BUSINESS_SUMMARY_v4.0_LOCKED.txt,1704,revenue-cogs,residual_margin_after_labour,snake_case,warning_id,warnings,Examples: If residual_margin_after_labour is negative: Your margin after COGS is not enough to cover Labour before Assets and Overheads are considered. Revenue Reality shows this stress test in detail.
13_MIRRA_REVENUE_COGS_v4.0_LOCKED.txt,13_MIRRA_REVENUE_COGS_v4.0_LOCKED.txt,2081,revenue-cogs,revenue_cogs_direct_cost_invalid,snake_case,warning_id,warnings,revenue_cogs_period_missing revenue_cogs_total_revenue_zero revenue_cogs_direct_cost_invalid revenue_cogs_margin_negative cog_import_missing
13_MIRRA_REVENUE_COGS_v4.0_LOCKED.txt,13_MIRRA_REVENUE_COGS_v4.0_LOCKED.txt,2082,revenue-cogs,revenue_cogs_margin_negative,snake_case,warning_id,warnings,revenue_cogs_total_revenue_zero revenue_cogs_direct_cost_invalid revenue_cogs_margin_negative cog_import_missing cog_import_failed
13_MIRRA_REVENUE_COGS_v4.0_LOCKED.txt,13_MIRRA_REVENUE_COGS_v4.0_LOCKED.txt,2078,revenue-cogs,revenue_cogs_missing_pnl,snake_case,warning_id,warnings,Required warning IDs: revenue_cogs_missing_pnl revenue_cogs_period_missing revenue_cogs_total_revenue_zero
13_MIRRA_REVENUE_COGS_v4.0_LOCKED.txt,13_MIRRA_REVENUE_COGS_v4.0_LOCKED.txt,2079,revenue-cogs,revenue_cogs_period_missing,snake_case,warning_id,warnings,revenue_cogs_missing_pnl revenue_cogs_period_missing revenue_cogs_total_revenue_zero revenue_cogs_direct_cost_invalid
13_MIRRA_REVENUE_COGS_v4.0_LOCKED.txt,13_MIRRA_REVENUE_COGS_v4.0_LOCKED.txt,2108,revenue-cogs,revenue_cogs_preview_only,snake_case,warning_id,warnings,supplier_category_unassigned supplier_subcategory_review revenue_cogs_preview_only ---
13_MIRRA_REVENUE_COGS_v4.0_LOCKED.txt,13_MIRRA_REVENUE_COGS_v4.0_LOCKED.txt,2080,revenue-cogs,revenue_cogs_total_revenue_zero,snake_case,warning_id,warnings,revenue_cogs_missing_pnl revenue_cogs_period_missing revenue_cogs_total_revenue_zero revenue_cogs_direct_cost_invalid revenue_cogs_margin_negative
03_MIRRA_VARIABLE_CONTRACT_BRIEF_v4.0_LOCKED.txt,03_MIRRA_VARIABLE_CONTRACT_BRIEF_v4.0_LOCKED.txt,888,revenue-cogs,revenue_cogs_warning_count,snake_case,warning_id,status_readiness_trust,revenue_cogs_status revenue_cogs_warnings revenue_cogs_warning_count revenue_cogs_model_trust_state
13_MIRRA_REVENUE_COGS_v4.0_LOCKED.txt,13_MIRRA_REVENUE_COGS_v4.0_LOCKED.txt,2161,revenue-cogs,revenue_cogs_warning_count,snake_case,warning_id,warnings,"revenue_cogs_status, revenue_cogs_warnings, revenue_cogs_warning_count, revenue_cogs_model_trust_state }"
03_MIRRA_VARIABLE_CONTRACT_BRIEF_v4.0_LOCKED.txt,03_MIRRA_VARIABLE_CONTRACT_BRIEF_v4.0_LOCKED.txt,887,revenue-cogs,revenue_cogs_warnings,snake_case,warning_id,status_readiness_trust,revenue_cogs_ready revenue_cogs_status revenue_cogs_warnings revenue_cogs_warning_count revenue_cogs_model_trust_state
10_MIRRA_MODULE_RECONCILIATION_v4.0_LOCKED.txt,10_MIRRA_MODULE_RECONCILIATION_v4.0_LOCKED.txt,330,revenue-cogs,revenue_cogs_warnings,snake_case,warning_id,inputs,revenue_cogs_status revenue_cogs_model_trust_state revenue_cogs_warnings Revenue / COGS owns the detailed COG Account Transactions reconciliation.
13_MIRRA_REVENUE_COGS_v4.0_LOCKED.txt,13_MIRRA_REVENUE_COGS_v4.0_LOCKED.txt,2160,revenue-cogs,revenue_cogs_warnings,snake_case,warning_id,warnings,"revenue_cogs_ready, revenue_cogs_status, revenue_cogs_warnings, revenue_cogs_warning_count, revenue_cogs_model_trust_state"
15_MIRRA_REVENUE_REALITY_v4.0_LOCKED.txt,15_MIRRA_REVENUE_REALITY_v4.0_LOCKED.txt,778,revenue-cogs,revenue_reality_missing_labour_cost,snake_case,warning_id,warnings,revenue_reality_missing_revenue_cogs revenue_reality_missing_margin_pool revenue_reality_missing_labour_cost revenue_reality_missing_activity_driver revenue_reality_zero_activity_driver
15_MIRRA_REVENUE_REALITY_v4.0_LOCKED.txt,15_MIRRA_REVENUE_REALITY_v4.0_LOCKED.txt,777,revenue-cogs,revenue_reality_missing_margin_pool,snake_case,warning_id,warnings,revenue_reality_missing_revenue_cogs revenue_reality_missing_margin_pool revenue_reality_missing_labour_cost revenue_reality_missing_activity_driver
15_MIRRA_REVENUE_REALITY_v4.0_LOCKED.txt,15_MIRRA_REVENUE_REALITY_v4.0_LOCKED.txt,776,revenue-cogs,revenue_reality_missing_revenue_cogs,snake_case,warning_id,warnings,Required warning IDs: revenue_reality_missing_revenue_cogs revenue_reality_missing_margin_pool revenue_reality_missing_labour_cost
13_MIRRA_REVENUE_COGS_v4.0_LOCKED.txt,13_MIRRA_REVENUE_COGS_v4.0_LOCKED.txt,1470,revenue-cogs,review_action,snake_case,warning_id,warnings,"affected_variable, blocking, review_action }"
13_MIRRA_REVENUE_COGS_v4.0_LOCKED.txt,13_MIRRA_REVENUE_COGS_v4.0_LOCKED.txt,2073,revenue-cogs,review_action,snake_case,warning_id,warnings,"affected_variable, blocking, review_action }"
05_MIRRA_GENERAL_OVERHEADS_v4.0_LOCKED.txt,05_MIRRA_GENERAL_OVERHEADS_v4.0_LOCKED.txt,714,revenue-cogs,review_required,snake_case,warning_id,status_readiness_trust,Blocking: review_required. ## possible_cogs_in_overheads
13_MIRRA_REVENUE_COGS_v4.0_LOCKED.txt,13_MIRRA_REVENUE_COGS_v4.0_LOCKED.txt,344,revenue-cogs,review_required,snake_case,warning_id,calculation,gross_margin_percent = 0 status = review_required or blocked depending source state Do not divide by zero.
13_MIRRA_REVENUE_COGS_v4.0_LOCKED.txt,13_MIRRA_REVENUE_COGS_v4.0_LOCKED.txt,950,revenue-cogs,review_required,snake_case,warning_id,calculation,"match_type, active, review_required }"
13_MIRRA_REVENUE_COGS_v4.0_LOCKED.txt,13_MIRRA_REVENUE_COGS_v4.0_LOCKED.txt,988,revenue-cogs,review_required,snake_case,warning_id,status_readiness_trust,clean normalised review_required ambiguous unmatched
13_MIRRA_REVENUE_COGS_v4.0_LOCKED.txt,13_MIRRA_REVENUE_COGS_v4.0_LOCKED.txt,1000,revenue-cogs,review_required,snake_case,warning_id,status_readiness_trust,raw supplier name was cleaned using a saved rule. review_required: system could not safely clean the supplier name.
13_MIRRA_REVENUE_COGS_v4.0_LOCKED.txt,13_MIRRA_REVENUE_COGS_v4.0_LOCKED.txt,1072,revenue-cogs,review_required,snake_case,warning_id,row_or_array_contract,"assigned_cog_subcategory_id, assigned_cog_subcategory_name, review_required, supplier_normalisation_status }"
13_MIRRA_REVENUE_COGS_v4.0_LOCKED.txt,13_MIRRA_REVENUE_COGS_v4.0_LOCKED.txt,1221,revenue-cogs,review_required,snake_case,warning_id,calculation,"split_percent, notes, review_required }"
13_MIRRA_REVENUE_COGS_v4.0_LOCKED.txt,13_MIRRA_REVENUE_COGS_v4.0_LOCKED.txt,1700,revenue-cogs,review_required,snake_case,warning_id,warnings,If annual units are missing: unit recovery outputs should be blocked or review_required. COG category/subcategory structure may later support product/unit cost stacks.
13_MIRRA_REVENUE_COGS_v4.0_LOCKED.txt,13_MIRRA_REVENUE_COGS_v4.0_LOCKED.txt,1974,revenue-cogs,review_required,snake_case,warning_id,status_readiness_trust,- supplier summary totals reconcile to transaction totals where supplier import exists - supplier category totals reconcile to supplier summary totals - supplier normalisation review items are resolved or clearly marked review_required - Account Transactions COG import is either not required for the current step or reconciled if required - unit driver setup is valid where product/unit mode requires it
13_MIRRA_REVENUE_COGS_v4.0_LOCKED.txt,13_MIRRA_REVENUE_COGS_v4.0_LOCKED.txt,2000,revenue-cogs,review_required,snake_case,warning_id,status_readiness_trust,ready ready_with_warnings review_required blocked leak_detected
13_MIRRA_REVENUE_COGS_v4.0_LOCKED.txt,13_MIRRA_REVENUE_COGS_v4.0_LOCKED.txt,2014,revenue-cogs,review_required,snake_case,warning_id,status_readiness_trust,Usable but warnings remain visible. review_required: Can calculate but user review required.
13_MIRRA_REVENUE_COGS_v4.0_LOCKED.txt,13_MIRRA_REVENUE_COGS_v4.0_LOCKED.txt,2049,revenue-cogs,review_required,snake_case,warning_id,status_readiness_trust,â†’ ready revenue_cogs_status = ready_with_warnings or review_required â†’ warning
18_MIRRA_RECOVERY_SUMMARY_v4.0_LOCKED.txt,18_MIRRA_RECOVERY_SUMMARY_v4.0_LOCKED.txt,562,revenue-cogs,review_required,snake_case,warning_id,row_or_array_contract,"- group cost comes from Cost Allocation. - recovery driver comes from upstream mode / Cost Allocation / Revenue COGS / Labour / Assets as applicable. - if no driver exists, recovery result is not_available or review_required. - do not invent driver values. - do not ask for driver values here."
30_MIRRA_BUSINESS_MODELLING_v4.0_LOCKED.txt,30_MIRRA_BUSINESS_MODELLING_v4.0_LOCKED.txt,430,revenue-cogs,review_required,snake_case,warning_id,downstream_consumption,modelled_gross_margin_percent = 0 status = review_required or blocked Negative adjustment percent means supplier cost reduction.
13_MIRRA_REVENUE_COGS_v4.0_LOCKED.txt,13_MIRRA_REVENUE_COGS_v4.0_LOCKED.txt,1465,revenue-cogs,source_module,snake_case,warning_id,warnings,"{ warning_id, source_module, severity, message,"
13_MIRRA_REVENUE_COGS_v4.0_LOCKED.txt,13_MIRRA_REVENUE_COGS_v4.0_LOCKED.txt,2068,revenue-cogs,source_module,snake_case,warning_id,warnings,"{ warning_id, source_module, severity, message,"
13_MIRRA_REVENUE_COGS_v4.0_LOCKED.txt,13_MIRRA_REVENUE_COGS_v4.0_LOCKED.txt,1458,revenue-cogs,supplier_category_total_mismatch,snake_case,warning_id,warnings,supplier_normalisation_ambiguous supplier_summary_total_mismatch supplier_category_total_mismatch supplier_split_total_mismatch
13_MIRRA_REVENUE_COGS_v4.0_LOCKED.txt,13_MIRRA_REVENUE_COGS_v4.0_LOCKED.txt,2104,revenue-cogs,supplier_category_total_mismatch,snake_case,warning_id,warnings,supplier_normalisation_ambiguous supplier_summary_total_mismatch supplier_category_total_mismatch supplier_split_total_mismatch supplier_category_unassigned
13_MIRRA_REVENUE_COGS_v4.0_LOCKED.txt,13_MIRRA_REVENUE_COGS_v4.0_LOCKED.txt,2180,revenue-cogs,supplier_category_total_mismatch,snake_case,warning_id,warnings,- cog_reconciliation_checks - supplier_summary_total_mismatch status - supplier_category_total_mismatch status - revenue_cogs_status - revenue_cogs_model_trust_state
13_MIRRA_REVENUE_COGS_v4.0_LOCKED.txt,13_MIRRA_REVENUE_COGS_v4.0_LOCKED.txt,2106,revenue-cogs,supplier_category_unassigned,snake_case,warning_id,warnings,supplier_category_total_mismatch supplier_split_total_mismatch supplier_category_unassigned supplier_subcategory_review revenue_cogs_preview_only
13_MIRRA_REVENUE_COGS_v4.0_LOCKED.txt,13_MIRRA_REVENUE_COGS_v4.0_LOCKED.txt,1456,revenue-cogs,supplier_normalisation_ambiguous,snake_case,warning_id,warnings,cog_unassigned_subcategory_review supplier_normalisation_review_required supplier_normalisation_ambiguous supplier_summary_total_mismatch supplier_category_total_mismatch
13_MIRRA_REVENUE_COGS_v4.0_LOCKED.txt,13_MIRRA_REVENUE_COGS_v4.0_LOCKED.txt,2102,revenue-cogs,supplier_normalisation_ambiguous,snake_case,warning_id,warnings,unit_driver_labels_missing supplier_normalisation_review_required supplier_normalisation_ambiguous supplier_summary_total_mismatch supplier_category_total_mismatch
13_MIRRA_REVENUE_COGS_v4.0_LOCKED.txt,13_MIRRA_REVENUE_COGS_v4.0_LOCKED.txt,922,revenue-cogs,supplier_normalisation_review_required,snake_case,warning_id,calculation,supplier_normalisation_status supplier_normalisation_rule_id supplier_normalisation_review_required Each COG transaction row should include these values where available.
13_MIRRA_REVENUE_COGS_v4.0_LOCKED.txt,13_MIRRA_REVENUE_COGS_v4.0_LOCKED.txt,1455,revenue-cogs,supplier_normalisation_review_required,snake_case,warning_id,warnings,cog_unassigned_category cog_unassigned_subcategory_review supplier_normalisation_review_required supplier_normalisation_ambiguous supplier_summary_total_mismatch
13_MIRRA_REVENUE_COGS_v4.0_LOCKED.txt,13_MIRRA_REVENUE_COGS_v4.0_LOCKED.txt,2101,revenue-cogs,supplier_normalisation_review_required,snake_case,warning_id,warnings,unit_driver_allocation_incomplete unit_driver_labels_missing supplier_normalisation_review_required supplier_normalisation_ambiguous supplier_summary_total_mismatch
13_MIRRA_REVENUE_COGS_v4.0_LOCKED.txt,13_MIRRA_REVENUE_COGS_v4.0_LOCKED.txt,1459,revenue-cogs,supplier_split_total_mismatch,snake_case,warning_id,warnings,supplier_summary_total_mismatch supplier_category_total_mismatch supplier_split_total_mismatch Each warning uses the standard warning object:
13_MIRRA_REVENUE_COGS_v4.0_LOCKED.txt,13_MIRRA_REVENUE_COGS_v4.0_LOCKED.txt,2105,revenue-cogs,supplier_split_total_mismatch,snake_case,warning_id,warnings,supplier_summary_total_mismatch supplier_category_total_mismatch supplier_split_total_mismatch supplier_category_unassigned supplier_subcategory_review
13_MIRRA_REVENUE_COGS_v4.0_LOCKED.txt,13_MIRRA_REVENUE_COGS_v4.0_LOCKED.txt,2107,revenue-cogs,supplier_subcategory_review,snake_case,warning_id,warnings,supplier_split_total_mismatch supplier_category_unassigned supplier_subcategory_review revenue_cogs_preview_only
13_MIRRA_REVENUE_COGS_v4.0_LOCKED.txt,13_MIRRA_REVENUE_COGS_v4.0_LOCKED.txt,1263,revenue-cogs,supplier_summary_total_mismatch,snake_case,warning_id,calculation,supplier_summary_status = blocked warning = supplier_summary_total_mismatch Normalisation changes grouping only.
13_MIRRA_REVENUE_COGS_v4.0_LOCKED.txt,13_MIRRA_REVENUE_COGS_v4.0_LOCKED.txt,1457,revenue-cogs,supplier_summary_total_mismatch,snake_case,warning_id,warnings,supplier_normalisation_review_required supplier_normalisation_ambiguous supplier_summary_total_mismatch supplier_category_total_mismatch supplier_split_total_mismatch
13_MIRRA_REVENUE_COGS_v4.0_LOCKED.txt,13_MIRRA_REVENUE_COGS_v4.0_LOCKED.txt,2103,revenue-cogs,supplier_summary_total_mismatch,snake_case,warning_id,warnings,supplier_normalisation_review_required supplier_normalisation_ambiguous supplier_summary_total_mismatch supplier_category_total_mismatch supplier_split_total_mismatch
13_MIRRA_REVENUE_COGS_v4.0_LOCKED.txt,13_MIRRA_REVENUE_COGS_v4.0_LOCKED.txt,2179,revenue-cogs,supplier_summary_total_mismatch,snake_case,warning_id,warnings,- cog_reconciliation_variance_percent - cog_reconciliation_checks - supplier_summary_total_mismatch status - supplier_category_total_mismatch status - revenue_cogs_status
06_MIRRA_COST_SUMMARY_v4.0_LOCKED.txt,06_MIRRA_COST_SUMMARY_v4.0_LOCKED.txt,1139,revenue-cogs,total_cost_burden,snake_case,warning_id,warnings,6. Confirm COGS is not included. 7. Confirm revenue is not included. 8. Confirm total_cost_burden formula. 9. Confirm required_recovery_rate formula. 10. Confirm zero productive output guardrail.
06_MIRRA_COST_SUMMARY_v4.0_LOCKED.txt,06_MIRRA_COST_SUMMARY_v4.0_LOCKED.txt,1159,revenue-cogs,total_people_cost_annual,snake_case,warning_id,warnings,2. Cost Summary does not include COGS. 3. Cost Summary does not include Revenue. 4. total_people_cost_annual is traceable to Labour. 5. total_asset_cost_annual is traceable to Assets. 6. total_business_overheads is traceable to General Overheads.
13_MIRRA_REVENUE_COGS_v4.0_LOCKED.txt,13_MIRRA_REVENUE_COGS_v4.0_LOCKED.txt,1627,revenue-cogs,unit_based,snake_case,warning_id,warnings,hours_based unit_based mixed_unit_based
13_MIRRA_REVENUE_COGS_v4.0_LOCKED.txt,13_MIRRA_REVENUE_COGS_v4.0_LOCKED.txt,1640,revenue-cogs,unit_based,snake_case,warning_id,warnings,commercial_driver_mode may be: unit_based or:
13_MIRRA_REVENUE_COGS_v4.0_LOCKED.txt,13_MIRRA_REVENUE_COGS_v4.0_LOCKED.txt,1679,revenue-cogs,unit_based,snake_case,warning_id,warnings,# 52. PRODUCT / UNIT-BASED OUTPUT If commercial_driver_mode = unit_based or mixed_unit_based: Revenue / COGS should show:
13_MIRRA_REVENUE_COGS_v4.0_LOCKED.txt,13_MIRRA_REVENUE_COGS_v4.0_LOCKED.txt,2099,revenue-cogs,unit_driver_allocation_incomplete,snake_case,warning_id,warnings,unit_driver_zero_units unit_driver_zero_revenue unit_driver_allocation_incomplete unit_driver_labels_missing supplier_normalisation_review_required
13_MIRRA_REVENUE_COGS_v4.0_LOCKED.txt,13_MIRRA_REVENUE_COGS_v4.0_LOCKED.txt,2100,revenue-cogs,unit_driver_labels_missing,snake_case,warning_id,warnings,unit_driver_zero_revenue unit_driver_allocation_incomplete unit_driver_labels_missing supplier_normalisation_review_required supplier_normalisation_ambiguous
13_MIRRA_REVENUE_COGS_v4.0_LOCKED.txt,13_MIRRA_REVENUE_COGS_v4.0_LOCKED.txt,2096,revenue-cogs,unit_driver_missing,snake_case,warning_id,warnings,cog_unassigned_category cog_unassigned_subcategory_review unit_driver_missing unit_driver_zero_units unit_driver_zero_revenue
13_MIRRA_REVENUE_COGS_v4.0_LOCKED.txt,13_MIRRA_REVENUE_COGS_v4.0_LOCKED.txt,2098,revenue-cogs,unit_driver_zero_revenue,snake_case,warning_id,warnings,unit_driver_missing unit_driver_zero_units unit_driver_zero_revenue unit_driver_allocation_incomplete unit_driver_labels_missing
13_MIRRA_REVENUE_COGS_v4.0_LOCKED.txt,13_MIRRA_REVENUE_COGS_v4.0_LOCKED.txt,2097,revenue-cogs,unit_driver_zero_units,snake_case,warning_id,warnings,cog_unassigned_subcategory_review unit_driver_missing unit_driver_zero_units unit_driver_zero_revenue unit_driver_allocation_incomplete
13_MIRRA_REVENUE_COGS_v4.0_LOCKED.txt,13_MIRRA_REVENUE_COGS_v4.0_LOCKED.txt,1727,revenue-cogs,unit_recovery_warnings,snake_case,warning_id,row_or_array_contract,"margin_per_unit, unit_recovery_status, unit_recovery_warnings }"
13_MIRRA_REVENUE_COGS_v4.0_LOCKED.txt,13_MIRRA_REVENUE_COGS_v4.0_LOCKED.txt,1766,revenue-cogs,unit_recovery_warnings,snake_case,warning_id,row_or_array_contract,weighted_average_margin_per_unit unit_recovery_ready unit_recovery_warnings Formula:
13_MIRRA_REVENUE_COGS_v4.0_LOCKED.txt,13_MIRRA_REVENUE_COGS_v4.0_LOCKED.txt,2157,revenue-cogs,unit_recovery_warnings,snake_case,warning_id,warnings,"weighted_average_margin_per_unit, unit_recovery_ready, unit_recovery_warnings, revenue_cogs_ready, revenue_cogs_status,"
13_MIRRA_REVENUE_COGS_v4.0_LOCKED.txt,13_MIRRA_REVENUE_COGS_v4.0_LOCKED.txt,2200,revenue-cogs,unit_recovery_warnings,snake_case,warning_id,status_readiness_trust,"- supplier_summary/category warning state - unit_recovery_ready - unit_recovery_warnings If COG is leak_detected or blocked, Model Readiness must block COG-dependent downstream modules."
13_MIRRA_REVENUE_COGS_v4.0_LOCKED.txt,13_MIRRA_REVENUE_COGS_v4.0_LOCKED.txt,1381,revenue-cogs,variance_review,snake_case,warning_id,status_readiness_trust,balanced rounding_only variance_review leak_detected blocked
13_MIRRA_REVENUE_COGS_v4.0_LOCKED.txt,13_MIRRA_REVENUE_COGS_v4.0_LOCKED.txt,1403,revenue-cogs,variance_review,snake_case,warning_id,status_readiness_trust,no Account Transactions import exists yet variance_review: only allowed if a future reviewed variance workflow is explicitly created
03_MIRRA_VARIABLE_CONTRACT_BRIEF_v4.0_LOCKED.txt,03_MIRRA_VARIABLE_CONTRACT_BRIEF_v4.0_LOCKED.txt,282,revenue-cogs,warning_id,snake_case,warning_id,warnings,"{ warning_id: ""cog_reconciliation_leak_detected"", source_module: ""revenue_cogs"", severity: ""critical"","
13_MIRRA_REVENUE_COGS_v4.0_LOCKED.txt,13_MIRRA_REVENUE_COGS_v4.0_LOCKED.txt,1464,revenue-cogs,warning_id,snake_case,warning_id,warnings,"{ warning_id, source_module, severity,"
13_MIRRA_REVENUE_COGS_v4.0_LOCKED.txt,13_MIRRA_REVENUE_COGS_v4.0_LOCKED.txt,2067,revenue-cogs,warning_id,snake_case,warning_id,warnings,"{ warning_id, source_module, severity,"
13_MIRRA_REVENUE_COGS_v4.0_LOCKED.txt,13_MIRRA_REVENUE_COGS_v4.0_LOCKED.txt,786,revenue-cogs,xero_account_transactions_import_id,snake_case,warning_id,warnings,Revenue / COGS owns: xero_account_transactions_import_id cog_import_source_system cog_import_source_file_name
15_MIRRA_REVENUE_REALITY_v4.0_LOCKED.txt,15_MIRRA_REVENUE_REALITY_v4.0_LOCKED.txt,769,revenue-reality,affected_variable,snake_case,warning_id,warnings,"severity, message, affected_variable, blocking, review_action"
17_MIRRA_COST_ALLOCATION_v4.0_LOCKED.txt,17_MIRRA_COST_ALLOCATION_v4.0_LOCKED.txt,1496,revenue-reality,cost_allocation_double_count_risk,snake_case,warning_id,warnings,cost_allocation_group_total_mismatch cost_allocation_source_pool_mismatch cost_allocation_double_count_risk cost_allocation_revenue_reality_pressure
19_MIRRA_RATE_BUILDER_v4.0_LOCKED.txt,19_MIRRA_RATE_BUILDER_v4.0_LOCKED.txt,896,revenue-reality,rate_builder_market_rate_not_available,snake_case,warning_id,warnings,rate_builder_under_recovering rate_builder_margin_shortfall rate_builder_market_rate_not_available rate_builder_current_rate_not_available rate_builder_revenue_reality_pressure
15_MIRRA_REVENUE_REALITY_v4.0_LOCKED.txt,15_MIRRA_REVENUE_REALITY_v4.0_LOCKED.txt,659,revenue-reality,ready_with_warnings,snake_case,warning_id,status_readiness_trust,ready ready_with_warnings review_required blocked
18_MIRRA_RECOVERY_SUMMARY_v4.0_LOCKED.txt,18_MIRRA_RECOVERY_SUMMARY_v4.0_LOCKED.txt,950,revenue-reality,recovery_summary_group_under_recovered,snake_case,warning_id,warnings,recovery_summary_zero_recovery_driver recovery_summary_no_recoverable_value recovery_summary_group_under_recovered recovery_summary_model_under_recovered recovery_summary_revenue_reality_pressure
15_MIRRA_REVENUE_REALITY_v4.0_LOCKED.txt,15_MIRRA_REVENUE_REALITY_v4.0_LOCKED.txt,788,revenue-reality,revenue_reality_preview_only,snake_case,warning_id,warnings,revenue_reality_upstream_warning revenue_reality_upstream_blocked revenue_reality_preview_only ---
15_MIRRA_REVENUE_REALITY_v4.0_LOCKED.txt,15_MIRRA_REVENUE_REALITY_v4.0_LOCKED.txt,828,revenue-reality,revenue_reality_zero_activity_driver,snake_case,warning_id,status_readiness_trust,true for trusted output. ## revenue_reality_zero_activity_driver Use when per-driver output is required but activity driver is zero.
15_MIRRA_REVENUE_REALITY_v4.0_LOCKED.txt,15_MIRRA_REVENUE_REALITY_v4.0_LOCKED.txt,771,revenue-reality,review_action,snake_case,warning_id,warnings,"affected_variable, blocking, review_action }"
15_MIRRA_REVENUE_REALITY_v4.0_LOCKED.txt,15_MIRRA_REVENUE_REALITY_v4.0_LOCKED.txt,517,revenue-reality,review_required,snake_case,warning_id,downstream_consumption,all per-driver values = 0 status = review_required or blocked depending source state Do not divide by zero.
15_MIRRA_REVENUE_REALITY_v4.0_LOCKED.txt,15_MIRRA_REVENUE_REALITY_v4.0_LOCKED.txt,660,revenue-reality,review_required,snake_case,warning_id,status_readiness_trust,ready ready_with_warnings review_required blocked preview_only
15_MIRRA_REVENUE_REALITY_v4.0_LOCKED.txt,15_MIRRA_REVENUE_REALITY_v4.0_LOCKED.txt,675,revenue-reality,review_required,snake_case,warning_id,status_readiness_trust,Inputs are trusted but warnings remain visible. review_required: Values calculate but review is required.
17_MIRRA_COST_ALLOCATION_v4.0_LOCKED.txt,17_MIRRA_COST_ALLOCATION_v4.0_LOCKED.txt,1573,revenue-reality,review_required,snake_case,warning_id,status_readiness_trust,Status: review_required. ## cost_allocation_revenue_reality_pressure
15_MIRRA_REVENUE_REALITY_v4.0_LOCKED.txt,15_MIRRA_REVENUE_REALITY_v4.0_LOCKED.txt,766,revenue-reality,source_module,snake_case,warning_id,warnings,"{ warning_id, source_module, severity, message,"
15_MIRRA_REVENUE_REALITY_v4.0_LOCKED.txt,15_MIRRA_REVENUE_REALITY_v4.0_LOCKED.txt,765,revenue-reality,warning_id,snake_case,warning_id,warnings,"{ warning_id, source_module, severity,"
23_MIRRA_JOB_COSTING_PROFITABILITY_v4.0_LOCKED.txt,23_MIRRA_JOB_COSTING_PROFITABILITY_v4.0_LOCKED.txt,880,soq-job-po,job_costing_missing_po,snake_case,warning_id,warnings,job_costing_missing_soq job_costing_missing_actuals job_costing_missing_po job_costing_missing_invoice job_costing_unmapped_material
22_MIRRA_SOQ_JOB_PO_LAYER_v4.0_LOCKED.txt,22_MIRRA_SOQ_JOB_PO_LAYER_v4.0_LOCKED.txt,689,soq-job-po,ready_with_warnings,snake_case,warning_id,status_readiness_trust,ready ready_with_warnings review_required blocked
22_MIRRA_SOQ_JOB_PO_LAYER_v4.0_LOCKED.txt,22_MIRRA_SOQ_JOB_PO_LAYER_v4.0_LOCKED.txt,700,soq-job-po,ready_with_warnings,snake_case,warning_id,warnings,Job/quote/PO data is linked and usable. ready_with_warnings: Usable but warnings remain.
22_MIRRA_SOQ_JOB_PO_LAYER_v4.0_LOCKED.txt,22_MIRRA_SOQ_JOB_PO_LAYER_v4.0_LOCKED.txt,577,soq-job-po,review_required,snake_case,warning_id,calculation,actual_unit_cost = 0 status = review_required or blocked Do not divide by zero.
22_MIRRA_SOQ_JOB_PO_LAYER_v4.0_LOCKED.txt,22_MIRRA_SOQ_JOB_PO_LAYER_v4.0_LOCKED.txt,690,soq-job-po,review_required,snake_case,warning_id,status_readiness_trust,ready ready_with_warnings review_required blocked preview_only
22_MIRRA_SOQ_JOB_PO_LAYER_v4.0_LOCKED.txt,22_MIRRA_SOQ_JOB_PO_LAYER_v4.0_LOCKED.txt,703,soq-job-po,review_required,snake_case,warning_id,status_readiness_trust,Usable but warnings remain. review_required: Data exists but mapping or quantity review is needed.
22_MIRRA_SOQ_JOB_PO_LAYER_v4.0_LOCKED.txt,22_MIRRA_SOQ_JOB_PO_LAYER_v4.0_LOCKED.txt,736,soq-job-po,soq_actual_exceeds_quote,snake_case,warning_id,warnings,soq_subcontractor_unmapped soq_actual_cost_missing soq_actual_exceeds_quote soq_under_recovered soq_margin_shortfall
22_MIRRA_SOQ_JOB_PO_LAYER_v4.0_LOCKED.txt,22_MIRRA_SOQ_JOB_PO_LAYER_v4.0_LOCKED.txt,738,soq-job-po,soq_margin_shortfall,snake_case,warning_id,warnings,soq_actual_exceeds_quote soq_under_recovered soq_margin_shortfall soq_preview_only soq_upstream_blocked
22_MIRRA_SOQ_JOB_PO_LAYER_v4.0_LOCKED.txt,22_MIRRA_SOQ_JOB_PO_LAYER_v4.0_LOCKED.txt,721,soq-job-po,soq_missing_job,snake_case,warning_id,warnings,Required warning IDs: soq_missing_job soq_missing_quote soq_missing_quote_line
22_MIRRA_SOQ_JOB_PO_LAYER_v4.0_LOCKED.txt,22_MIRRA_SOQ_JOB_PO_LAYER_v4.0_LOCKED.txt,728,soq-job-po,soq_missing_po_link,snake_case,warning_id,warnings,soq_missing_unit soq_missing_rate_link soq_missing_po_link soq_missing_supplier_link soq_invoice_not_matched
22_MIRRA_SOQ_JOB_PO_LAYER_v4.0_LOCKED.txt,22_MIRRA_SOQ_JOB_PO_LAYER_v4.0_LOCKED.txt,724,soq-job-po,soq_missing_quantity,snake_case,warning_id,warnings,soq_missing_quote soq_missing_quote_line soq_missing_quantity soq_zero_quantity soq_missing_unit
22_MIRRA_SOQ_JOB_PO_LAYER_v4.0_LOCKED.txt,22_MIRRA_SOQ_JOB_PO_LAYER_v4.0_LOCKED.txt,722,soq-job-po,soq_missing_quote,snake_case,warning_id,warnings,soq_missing_job soq_missing_quote soq_missing_quote_line soq_missing_quantity
22_MIRRA_SOQ_JOB_PO_LAYER_v4.0_LOCKED.txt,22_MIRRA_SOQ_JOB_PO_LAYER_v4.0_LOCKED.txt,723,soq-job-po,soq_missing_quote_line,snake_case,warning_id,warnings,soq_missing_job soq_missing_quote soq_missing_quote_line soq_missing_quantity soq_zero_quantity
22_MIRRA_SOQ_JOB_PO_LAYER_v4.0_LOCKED.txt,22_MIRRA_SOQ_JOB_PO_LAYER_v4.0_LOCKED.txt,727,soq-job-po,soq_missing_rate_link,snake_case,warning_id,warnings,soq_zero_quantity soq_missing_unit soq_missing_rate_link soq_missing_po_link soq_missing_supplier_link
22_MIRRA_SOQ_JOB_PO_LAYER_v4.0_LOCKED.txt,22_MIRRA_SOQ_JOB_PO_LAYER_v4.0_LOCKED.txt,729,soq-job-po,soq_missing_supplier_link,snake_case,warning_id,warnings,soq_missing_rate_link soq_missing_po_link soq_missing_supplier_link soq_invoice_not_matched soq_material_unmapped
22_MIRRA_SOQ_JOB_PO_LAYER_v4.0_LOCKED.txt,22_MIRRA_SOQ_JOB_PO_LAYER_v4.0_LOCKED.txt,726,soq-job-po,soq_missing_unit,snake_case,warning_id,warnings,soq_missing_quantity soq_zero_quantity soq_missing_unit soq_missing_rate_link soq_missing_po_link
22_MIRRA_SOQ_JOB_PO_LAYER_v4.0_LOCKED.txt,22_MIRRA_SOQ_JOB_PO_LAYER_v4.0_LOCKED.txt,739,soq-job-po,soq_preview_only,snake_case,warning_id,warnings,soq_under_recovered soq_margin_shortfall soq_preview_only soq_upstream_blocked
22_MIRRA_SOQ_JOB_PO_LAYER_v4.0_LOCKED.txt,22_MIRRA_SOQ_JOB_PO_LAYER_v4.0_LOCKED.txt,737,soq-job-po,soq_under_recovered,snake_case,warning_id,warnings,soq_actual_cost_missing soq_actual_exceeds_quote soq_under_recovered soq_margin_shortfall soq_preview_only
22_MIRRA_SOQ_JOB_PO_LAYER_v4.0_LOCKED.txt,22_MIRRA_SOQ_JOB_PO_LAYER_v4.0_LOCKED.txt,740,soq-job-po,soq_upstream_blocked,snake_case,warning_id,warnings,soq_margin_shortfall soq_preview_only soq_upstream_blocked ---
22_MIRRA_SOQ_JOB_PO_LAYER_v4.0_LOCKED.txt,22_MIRRA_SOQ_JOB_PO_LAYER_v4.0_LOCKED.txt,725,soq-job-po,soq_zero_quantity,snake_case,warning_id,warnings,soq_missing_quote_line soq_missing_quantity soq_zero_quantity soq_missing_unit soq_missing_rate_link
00_MIRRA_SYSTEM_PRINCIPLES_v4.0_LOCKED.txt,00_MIRRA_SYSTEM_PRINCIPLES_v4.0_LOCKED.txt,904,unknown,affected_variable,snake_case,warning_id,warnings,"severity, message, affected_variable, blocking, review_action"
03_MIRRA_VARIABLE_CONTRACT_BRIEF_v4.0_LOCKED.txt,03_MIRRA_VARIABLE_CONTRACT_BRIEF_v4.0_LOCKED.txt,260,unknown,affected_variable,snake_case,warning_id,warnings,"severity, message, affected_variable, blocking, review_action"
04_MIRRA_P_AND_L_PAGE_v4.0_LOCKED.txt,04_MIRRA_P_AND_L_PAGE_v4.0_LOCKED.txt,620,unknown,affected_variable,snake_case,warning_id,warnings,"severity, message, affected_variable, blocking, review_action"
03_MIRRA_VARIABLE_CONTRACT_BRIEF_v4.0_LOCKED.txt,03_MIRRA_VARIABLE_CONTRACT_BRIEF_v4.0_LOCKED.txt,2346,unknown,annual_surplus_or_gap,snake_case,warning_id,inputs,"required_cost_per_unit, surplus_or_gap_per_unit, annual_surplus_or_gap, test_status }"
24_MIRRA_MODEL_FEEDBACK_LOOP_v4.0_LOCKED.txt,24_MIRRA_MODEL_FEEDBACK_LOOP_v4.0_LOCKED.txt,315,unknown,applied_to_rate_review,snake_case,warning_id,status_readiness_trust,- deferred - applied_to_scenario - applied_to_rate_review - ignored_as_one_off - blocked
26_MIRRA_DATA_QUALITY_DASHBOARD_v4.0_LOCKED.txt,26_MIRRA_DATA_QUALITY_DASHBOARD_v4.0_LOCKED.txt,792,unknown,commercial_result,snake_case,warning_id,warnings,1. Consume warning/status/trust outputs from all modules. 2. Normalise warnings into global_data_quality_issues. 3. Add commercial_result flag. 4. Separate commercial warnings from data problems. 5. Build module_trust_rollup.
26_MIRRA_DATA_QUALITY_DASHBOARD_v4.0_LOCKED.txt,26_MIRRA_DATA_QUALITY_DASHBOARD_v4.0_LOCKED.txt,217,unknown,commercial_warning,snake_case,warning_id,inputs,- blocked_upstream - preview_only - commercial_warning - review_required
26_MIRRA_DATA_QUALITY_DASHBOARD_v4.0_LOCKED.txt,26_MIRRA_DATA_QUALITY_DASHBOARD_v4.0_LOCKED.txt,386,unknown,commercial_warning_count,snake_case,warning_id,status_readiness_trust,"warning_count, review_required_count, commercial_warning_count, data_issue_count, last_updated,"
26_MIRRA_DATA_QUALITY_DASHBOARD_v4.0_LOCKED.txt,26_MIRRA_DATA_QUALITY_DASHBOARD_v4.0_LOCKED.txt,517,unknown,data_quality_duplicate_cost,snake_case,warning_id,warnings,data_quality_unmapped_account data_quality_unmapped_cog_category data_quality_duplicate_cost data_quality_double_count_risk data_quality_missing_productive_hours
26_MIRRA_DATA_QUALITY_DASHBOARD_v4.0_LOCKED.txt,26_MIRRA_DATA_QUALITY_DASHBOARD_v4.0_LOCKED.txt,528,unknown,data_quality_missing_invoice_link,snake_case,warning_id,warnings,data_quality_missing_job_quantity data_quality_missing_po_link data_quality_missing_invoice_link data_quality_source_trace_missing data_quality_preview_only
26_MIRRA_DATA_QUALITY_DASHBOARD_v4.0_LOCKED.txt,26_MIRRA_DATA_QUALITY_DASHBOARD_v4.0_LOCKED.txt,526,unknown,data_quality_missing_job_quantity,snake_case,warning_id,warnings,data_quality_missing_quote_target data_quality_unmatched_quote_line data_quality_missing_job_quantity data_quality_missing_po_link data_quality_missing_invoice_link
26_MIRRA_DATA_QUALITY_DASHBOARD_v4.0_LOCKED.txt,26_MIRRA_DATA_QUALITY_DASHBOARD_v4.0_LOCKED.txt,527,unknown,data_quality_missing_po_link,snake_case,warning_id,warnings,data_quality_unmatched_quote_line data_quality_missing_job_quantity data_quality_missing_po_link data_quality_missing_invoice_link data_quality_source_trace_missing
26_MIRRA_DATA_QUALITY_DASHBOARD_v4.0_LOCKED.txt,26_MIRRA_DATA_QUALITY_DASHBOARD_v4.0_LOCKED.txt,524,unknown,data_quality_missing_quote_target,snake_case,warning_id,warnings,data_quality_missing_recovery_driver data_quality_missing_rate_driver data_quality_missing_quote_target data_quality_unmatched_quote_line data_quality_missing_job_quantity
26_MIRRA_DATA_QUALITY_DASHBOARD_v4.0_LOCKED.txt,26_MIRRA_DATA_QUALITY_DASHBOARD_v4.0_LOCKED.txt,523,unknown,data_quality_missing_rate_driver,snake_case,warning_id,warnings,data_quality_over_allocated_pool data_quality_missing_recovery_driver data_quality_missing_rate_driver data_quality_missing_quote_target data_quality_unmatched_quote_line
26_MIRRA_DATA_QUALITY_DASHBOARD_v4.0_LOCKED.txt,26_MIRRA_DATA_QUALITY_DASHBOARD_v4.0_LOCKED.txt,530,unknown,data_quality_preview_only,snake_case,warning_id,warnings,data_quality_missing_invoice_link data_quality_source_trace_missing data_quality_preview_only data_quality_upstream_blocked
24_MIRRA_MODEL_FEEDBACK_LOOP_v4.0_LOCKED.txt,24_MIRRA_MODEL_FEEDBACK_LOOP_v4.0_LOCKED.txt,266,unknown,data_quality_review,snake_case,warning_id,downstream_consumption,- task_margin_issue - model_assumption_review - data_quality_review - positive_signal - repeated_issue
26_MIRRA_DATA_QUALITY_DASHBOARD_v4.0_LOCKED.txt,26_MIRRA_DATA_QUALITY_DASHBOARD_v4.0_LOCKED.txt,464,unknown,data_quality_source_trace_missing,snake_case,warning_id,status_readiness_trust,raise: data_quality_source_trace_missing ---
26_MIRRA_DATA_QUALITY_DASHBOARD_v4.0_LOCKED.txt,26_MIRRA_DATA_QUALITY_DASHBOARD_v4.0_LOCKED.txt,529,unknown,data_quality_source_trace_missing,snake_case,warning_id,warnings,data_quality_missing_po_link data_quality_missing_invoice_link data_quality_source_trace_missing data_quality_preview_only data_quality_upstream_blocked
26_MIRRA_DATA_QUALITY_DASHBOARD_v4.0_LOCKED.txt,26_MIRRA_DATA_QUALITY_DASHBOARD_v4.0_LOCKED.txt,516,unknown,data_quality_unmapped_cog_category,snake_case,warning_id,warnings,data_quality_unmapped_supplier data_quality_unmapped_account data_quality_unmapped_cog_category data_quality_duplicate_cost data_quality_double_count_risk
26_MIRRA_DATA_QUALITY_DASHBOARD_v4.0_LOCKED.txt,26_MIRRA_DATA_QUALITY_DASHBOARD_v4.0_LOCKED.txt,525,unknown,data_quality_unmatched_quote_line,snake_case,warning_id,warnings,data_quality_missing_rate_driver data_quality_missing_quote_target data_quality_unmatched_quote_line data_quality_missing_job_quantity data_quality_missing_po_link
26_MIRRA_DATA_QUALITY_DASHBOARD_v4.0_LOCKED.txt,26_MIRRA_DATA_QUALITY_DASHBOARD_v4.0_LOCKED.txt,531,unknown,data_quality_upstream_blocked,snake_case,warning_id,warnings,data_quality_source_trace_missing data_quality_preview_only data_quality_upstream_blocked ---
26_MIRRA_DATA_QUALITY_DASHBOARD_v4.0_LOCKED.txt,26_MIRRA_DATA_QUALITY_DASHBOARD_v4.0_LOCKED.txt,543,unknown,data_quality_warning_count,snake_case,warning_id,warnings,"data_quality_status, data_quality_warnings, data_quality_warning_count, global_data_quality_trust_state,"
26_MIRRA_DATA_QUALITY_DASHBOARD_v4.0_LOCKED.txt,26_MIRRA_DATA_QUALITY_DASHBOARD_v4.0_LOCKED.txt,542,unknown,data_quality_warnings,snake_case,warning_id,warnings,"data_quality_ready, data_quality_status, data_quality_warnings, data_quality_warning_count, global_data_quality_trust_state,"
03_MIRRA_VARIABLE_CONTRACT_BRIEF_v4.0_LOCKED.txt,03_MIRRA_VARIABLE_CONTRACT_BRIEF_v4.0_LOCKED.txt,2719,unknown,decision_warnings,snake_case,warning_id,status_readiness_trust,business_model_health dependency_level decision_warnings required_change_summary rate_consequence_summary
04_MIRRA_P_AND_L_PAGE_v4.0_LOCKED.txt,04_MIRRA_P_AND_L_PAGE_v4.0_LOCKED.txt,1513,unknown,document_as_reference_wrapper_not_business_metric,snake_case,warning_id,warnings,- Classification: `accept_reference_wrapper` - Recommended action: `document_as_reference_wrapper_not_business_metric` - Confidence: `medium` - Reason: Field appears to be a named module output contract wrapper consumed by another module.
26_MIRRA_DATA_QUALITY_DASHBOARD_v4.0_LOCKED.txt,26_MIRRA_DATA_QUALITY_DASHBOARD_v4.0_LOCKED.txt,791,unknown,global_data_quality_issues,snake_case,warning_id,warnings,1. Consume warning/status/trust outputs from all modules. 2. Normalise warnings into global_data_quality_issues. 3. Add commercial_result flag. 4. Separate commercial warnings from data problems.
03_MIRRA_VARIABLE_CONTRACT_BRIEF_v4.0_LOCKED.txt,03_MIRRA_VARIABLE_CONTRACT_BRIEF_v4.0_LOCKED.txt,2473,unknown,hourly_rate_gap,snake_case,warning_id,inputs,"required_hourly_rate, current_hourly_rate, hourly_rate_gap, status }"
04_MIRRA_P_AND_L_PAGE_v4.0_LOCKED.txt,04_MIRRA_P_AND_L_PAGE_v4.0_LOCKED.txt,1501,unknown,implemented_contract_not_documented_in_brief,snake_case,warning_id,warnings,- Reason: Field appears to carry warning state consumed by the UI or downstream modules. - Source code file(s): lib\selectors\profitAndLossSelectors.js - Audit notes: implemented_contract_not_documented_in_brief Brief insertion instruction:
03_MIRRA_VARIABLE_CONTRACT_BRIEF_v4.0_LOCKED.txt,03_MIRRA_VARIABLE_CONTRACT_BRIEF_v4.0_LOCKED.txt,2368,unknown,margin_gap_per_unit,snake_case,warning_id,inputs,"required_margin_per_unit, current_margin_per_unit, margin_gap_per_unit, test_status }"
24_MIRRA_MODEL_FEEDBACK_LOOP_v4.0_LOCKED.txt,24_MIRRA_MODEL_FEEDBACK_LOOP_v4.0_LOCKED.txt,904,unknown,model_feedback_low_confidence,snake_case,warning_id,warnings,model_feedback_no_actual_jobs model_feedback_source_data_blocked model_feedback_low_confidence model_feedback_repeated_issue_detected model_feedback_rate_review_required
24_MIRRA_MODEL_FEEDBACK_LOOP_v4.0_LOCKED.txt,24_MIRRA_MODEL_FEEDBACK_LOOP_v4.0_LOCKED.txt,901,unknown,model_feedback_missing_job_costing,snake_case,warning_id,warnings,Required warning IDs: model_feedback_missing_job_costing model_feedback_no_actual_jobs model_feedback_source_data_blocked
24_MIRRA_MODEL_FEEDBACK_LOOP_v4.0_LOCKED.txt,24_MIRRA_MODEL_FEEDBACK_LOOP_v4.0_LOCKED.txt,902,unknown,model_feedback_no_actual_jobs,snake_case,warning_id,warnings,model_feedback_missing_job_costing model_feedback_no_actual_jobs model_feedback_source_data_blocked model_feedback_low_confidence
24_MIRRA_MODEL_FEEDBACK_LOOP_v4.0_LOCKED.txt,24_MIRRA_MODEL_FEEDBACK_LOOP_v4.0_LOCKED.txt,912,unknown,model_feedback_preview_only,snake_case,warning_id,warnings,model_feedback_overhead_recovery_issue model_feedback_data_quality_issue model_feedback_preview_only model_feedback_upstream_blocked
24_MIRRA_MODEL_FEEDBACK_LOOP_v4.0_LOCKED.txt,24_MIRRA_MODEL_FEEDBACK_LOOP_v4.0_LOCKED.txt,905,unknown,model_feedback_repeated_issue_detected,snake_case,warning_id,warnings,model_feedback_source_data_blocked model_feedback_low_confidence model_feedback_repeated_issue_detected model_feedback_rate_review_required model_feedback_supplier_pressure
24_MIRRA_MODEL_FEEDBACK_LOOP_v4.0_LOCKED.txt,24_MIRRA_MODEL_FEEDBACK_LOOP_v4.0_LOCKED.txt,903,unknown,model_feedback_source_data_blocked,snake_case,warning_id,warnings,model_feedback_missing_job_costing model_feedback_no_actual_jobs model_feedback_source_data_blocked model_feedback_low_confidence model_feedback_repeated_issue_detected
24_MIRRA_MODEL_FEEDBACK_LOOP_v4.0_LOCKED.txt,24_MIRRA_MODEL_FEEDBACK_LOOP_v4.0_LOCKED.txt,913,unknown,model_feedback_upstream_blocked,snake_case,warning_id,warnings,model_feedback_data_quality_issue model_feedback_preview_only model_feedback_upstream_blocked ---
24_MIRRA_MODEL_FEEDBACK_LOOP_v4.0_LOCKED.txt,24_MIRRA_MODEL_FEEDBACK_LOOP_v4.0_LOCKED.txt,925,unknown,model_feedback_warning_count,snake_case,warning_id,warnings,"model_feedback_status, model_feedback_warnings, model_feedback_warning_count, model_feedback_trust_state,"
24_MIRRA_MODEL_FEEDBACK_LOOP_v4.0_LOCKED.txt,24_MIRRA_MODEL_FEEDBACK_LOOP_v4.0_LOCKED.txt,924,unknown,model_feedback_warnings,snake_case,warning_id,warnings,"model_feedback_ready, model_feedback_status, model_feedback_warnings, model_feedback_warning_count, model_feedback_trust_state,"
24_MIRRA_MODEL_FEEDBACK_LOOP_v4.0_LOCKED.txt,24_MIRRA_MODEL_FEEDBACK_LOOP_v4.0_LOCKED.txt,550,unknown,model_required_overhead_recovery,snake_case,warning_id,status_readiness_trust,"feedback_signal_id, overhead_group, model_required_overhead_recovery, actual_overhead_recovered, overhead_recovery_gap,"
26_MIRRA_DATA_QUALITY_DASHBOARD_v4.0_LOCKED.txt,26_MIRRA_DATA_QUALITY_DASHBOARD_v4.0_LOCKED.txt,794,unknown,module_trust_rollup,snake_case,warning_id,warnings,3. Add commercial_result flag. 4. Separate commercial warnings from data problems. 5. Build module_trust_rollup. 6. Build blocking issue list. 7. Build review required list.
03_MIRRA_VARIABLE_CONTRACT_BRIEF_v4.0_LOCKED.txt,03_MIRRA_VARIABLE_CONTRACT_BRIEF_v4.0_LOCKED.txt,2765,unknown,overhead_burden_gap,snake_case,warning_id,status_readiness_trust,unit_margin_gap unit_volume_gap overhead_burden_gap material_margin_dependency unknown
24_MIRRA_MODEL_FEEDBACK_LOOP_v4.0_LOCKED.txt,24_MIRRA_MODEL_FEEDBACK_LOOP_v4.0_LOCKED.txt,552,unknown,overhead_recovery_gap,snake_case,warning_id,status_readiness_trust,"model_required_overhead_recovery, actual_overhead_recovered, overhead_recovery_gap, jobs_affected_count, recommended_review_action,"
24_MIRRA_MODEL_FEEDBACK_LOOP_v4.0_LOCKED.txt,24_MIRRA_MODEL_FEEDBACK_LOOP_v4.0_LOCKED.txt,310,unknown,pending_review,snake_case,warning_id,status_readiness_trust,Allowed feedback_status values: - pending_review - accepted - rejected
24_MIRRA_MODEL_FEEDBACK_LOOP_v4.0_LOCKED.txt,24_MIRRA_MODEL_FEEDBACK_LOOP_v4.0_LOCKED.txt,321,unknown,pending_review,snake_case,warning_id,status_readiness_trust,Rules: pending_review: Default state for feedback.
03_MIRRA_VARIABLE_CONTRACT_BRIEF_v4.0_LOCKED.txt,03_MIRRA_VARIABLE_CONTRACT_BRIEF_v4.0_LOCKED.txt,2875,unknown,quote_recovery_gap,snake_case,warning_id,ownership,quoted_margin quote_required_recovery quote_recovery_gap quote_viability_status accepted_quote_snapshot_id
24_MIRRA_MODEL_FEEDBACK_LOOP_v4.0_LOCKED.txt,24_MIRRA_MODEL_FEEDBACK_LOOP_v4.0_LOCKED.txt,253,unknown,rate_review,snake_case,warning_id,downstream_consumption,Allowed feedback_signal_type values: - rate_review - supplier_pressure - material_category_pressure
24_MIRRA_MODEL_FEEDBACK_LOOP_v4.0_LOCKED.txt,24_MIRRA_MODEL_FEEDBACK_LOOP_v4.0_LOCKED.txt,930,unknown,rate_review_signal_rows,snake_case,warning_id,warnings,"feedback_signal_rows, rate_review_signal_rows, supplier_feedback_rows, material_category_feedback_rows,"
00_MIRRA_SYSTEM_PRINCIPLES_v4.0_LOCKED.txt,00_MIRRA_SYSTEM_PRINCIPLES_v4.0_LOCKED.txt,834,unknown,ready_with_warnings,snake_case,warning_id,status_readiness_trust,ready ready_with_warnings review_required blocked
00_MIRRA_SYSTEM_PRINCIPLES_v4.0_LOCKED.txt,00_MIRRA_SYSTEM_PRINCIPLES_v4.0_LOCKED.txt,846,unknown,ready_with_warnings,snake_case,warning_id,status_readiness_trust,"source data complete, reconciled, and trusted ready_with_warnings = usable but warnings remain visible"
03_MIRRA_VARIABLE_CONTRACT_BRIEF_v4.0_LOCKED.txt,03_MIRRA_VARIABLE_CONTRACT_BRIEF_v4.0_LOCKED.txt,233,unknown,ready_with_warnings,snake_case,warning_id,status_readiness_trust,ready ready_with_warnings review_required blocked
04_MIRRA_P_AND_L_PAGE_v4.0_LOCKED.txt,04_MIRRA_P_AND_L_PAGE_v4.0_LOCKED.txt,559,unknown,ready_with_warnings,snake_case,warning_id,status_readiness_trust,ready ready_with_warnings review_required blocked
24_MIRRA_MODEL_FEEDBACK_LOOP_v4.0_LOCKED.txt,24_MIRRA_MODEL_FEEDBACK_LOOP_v4.0_LOCKED.txt,869,unknown,ready_with_warnings,snake_case,warning_id,status_readiness_trust,- ready - ready_with_warnings - review_required - blocked
24_MIRRA_MODEL_FEEDBACK_LOOP_v4.0_LOCKED.txt,24_MIRRA_MODEL_FEEDBACK_LOOP_v4.0_LOCKED.txt,880,unknown,ready_with_warnings,snake_case,warning_id,warnings,Feedback signals are generated from trusted actual data. ready_with_warnings: Feedback is usable but warnings remain.
24_MIRRA_MODEL_FEEDBACK_LOOP_v4.0_LOCKED.txt,24_MIRRA_MODEL_FEEDBACK_LOOP_v4.0_LOCKED.txt,405,unknown,recommended_rate_review,snake_case,warning_id,status_readiness_trust,"jobs_affected_count, total_revenue_affected, recommended_rate_review, feedback_status }"
24_MIRRA_MODEL_FEEDBACK_LOOP_v4.0_LOCKED.txt,24_MIRRA_MODEL_FEEDBACK_LOOP_v4.0_LOCKED.txt,370,unknown,recommended_review_action,snake_case,warning_id,status_readiness_trust,"affected_module, affected_variable, recommended_review_action, evidence_summary, source_trace,"
24_MIRRA_MODEL_FEEDBACK_LOOP_v4.0_LOCKED.txt,24_MIRRA_MODEL_FEEDBACK_LOOP_v4.0_LOCKED.txt,437,unknown,recommended_review_action,snake_case,warning_id,status_readiness_trust,"jobs_affected_count, supplier_cog_share_percent, recommended_review_action, feedback_status }"
24_MIRRA_MODEL_FEEDBACK_LOOP_v4.0_LOCKED.txt,24_MIRRA_MODEL_FEEDBACK_LOOP_v4.0_LOCKED.txt,468,unknown,recommended_review_action,snake_case,warning_id,status_readiness_trust,"category_cog_share_percent, pressure_status, recommended_review_action, feedback_status }"
24_MIRRA_MODEL_FEEDBACK_LOOP_v4.0_LOCKED.txt,24_MIRRA_MODEL_FEEDBACK_LOOP_v4.0_LOCKED.txt,554,unknown,recommended_review_action,snake_case,warning_id,status_readiness_trust,"overhead_recovery_gap, jobs_affected_count, recommended_review_action, feedback_status }"
24_MIRRA_MODEL_FEEDBACK_LOOP_v4.0_LOCKED.txt,24_MIRRA_MODEL_FEEDBACK_LOOP_v4.0_LOCKED.txt,582,unknown,recommended_review_action,snake_case,warning_id,status_readiness_trust,"failure_origin, evidence_summary, recommended_review_action, feedback_status }"
03_MIRRA_VARIABLE_CONTRACT_BRIEF_v4.0_LOCKED.txt,03_MIRRA_VARIABLE_CONTRACT_BRIEF_v4.0_LOCKED.txt,1736,unknown,recovery_gap_per_driver,snake_case,warning_id,calculation,current_margin_per_driver current_margin_label recovery_gap_per_driver recovery_gap_label
00_MIRRA_SYSTEM_PRINCIPLES_v4.0_LOCKED.txt,00_MIRRA_SYSTEM_PRINCIPLES_v4.0_LOCKED.txt,906,unknown,review_action,snake_case,warning_id,warnings,"affected_variable, blocking, review_action }"
03_MIRRA_VARIABLE_CONTRACT_BRIEF_v4.0_LOCKED.txt,03_MIRRA_VARIABLE_CONTRACT_BRIEF_v4.0_LOCKED.txt,262,unknown,review_action,snake_case,warning_id,warnings,"affected_variable, blocking, review_action }"
03_MIRRA_VARIABLE_CONTRACT_BRIEF_v4.0_LOCKED.txt,03_MIRRA_VARIABLE_CONTRACT_BRIEF_v4.0_LOCKED.txt,277,unknown,review_action,snake_case,warning_id,warnings,- message must be plain English - blocking must be true or false - review_action should tell the user where to review Example:
04_MIRRA_P_AND_L_PAGE_v4.0_LOCKED.txt,04_MIRRA_P_AND_L_PAGE_v4.0_LOCKED.txt,622,unknown,review_action,snake_case,warning_id,warnings,"affected_variable, blocking, review_action }"
00_MIRRA_SYSTEM_PRINCIPLES_v4.0_LOCKED.txt,00_MIRRA_SYSTEM_PRINCIPLES_v4.0_LOCKED.txt,849,unknown,review_required,snake_case,warning_id,status_readiness_trust,"usable but warnings remain visible review_required = not blocked, but user review required before relying downstream"
03_MIRRA_VARIABLE_CONTRACT_BRIEF_v4.0_LOCKED.txt,03_MIRRA_VARIABLE_CONTRACT_BRIEF_v4.0_LOCKED.txt,501,unknown,review_required,snake_case,warning_id,ownership,"source_order, mapping_status, review_required }"
03_MIRRA_VARIABLE_CONTRACT_BRIEF_v4.0_LOCKED.txt,03_MIRRA_VARIABLE_CONTRACT_BRIEF_v4.0_LOCKED.txt,512,unknown,review_required,snake_case,warning_id,ownership,other_expenses unassigned review_required ## 10.4 Classification variables
03_MIRRA_VARIABLE_CONTRACT_BRIEF_v4.0_LOCKED.txt,03_MIRRA_VARIABLE_CONTRACT_BRIEF_v4.0_LOCKED.txt,526,unknown,review_required,snake_case,warning_id,ownership,- saved/manual classification wins before fallback rules - fallback classification only runs where saved mapping is absent - unknown rows must go to review_required or unassigned - do not silently discard unknown lines
03_MIRRA_VARIABLE_CONTRACT_BRIEF_v4.0_LOCKED.txt,03_MIRRA_VARIABLE_CONTRACT_BRIEF_v4.0_LOCKED.txt,1241,unknown,review_required,snake_case,warning_id,status_readiness_trust,ready review_required blocked
03_MIRRA_VARIABLE_CONTRACT_BRIEF_v4.0_LOCKED.txt,03_MIRRA_VARIABLE_CONTRACT_BRIEF_v4.0_LOCKED.txt,1343,unknown,review_required,snake_case,warning_id,ownership,"annual_amount, is_active, review_required }"
04_MIRRA_P_AND_L_PAGE_v4.0_LOCKED.txt,04_MIRRA_P_AND_L_PAGE_v4.0_LOCKED.txt,197,unknown,review_required,snake_case,warning_id,inputs,"source_order, mapping_status, review_required }"
04_MIRRA_P_AND_L_PAGE_v4.0_LOCKED.txt,04_MIRRA_P_AND_L_PAGE_v4.0_LOCKED.txt,210,unknown,review_required,snake_case,warning_id,inputs,"- source_order should preserve original report ordering where available. - mapping_status must show whether the classification is saved, fallback, manual, or review required. - review_required must be true when the system cannot safely classify the line. ---"
04_MIRRA_P_AND_L_PAGE_v4.0_LOCKED.txt,04_MIRRA_P_AND_L_PAGE_v4.0_LOCKED.txt,262,unknown,review_required,snake_case,warning_id,inputs,- other_income - other_expenses - review_required - excluded
04_MIRRA_P_AND_L_PAGE_v4.0_LOCKED.txt,04_MIRRA_P_AND_L_PAGE_v4.0_LOCKED.txt,291,unknown,review_required,snake_case,warning_id,inputs,"Do not silently reclassify known accounts differently on later imports. If a saved mapping conflicts with source report structure, show review_required. ---"
04_MIRRA_P_AND_L_PAGE_v4.0_LOCKED.txt,04_MIRRA_P_AND_L_PAGE_v4.0_LOCKED.txt,301,unknown,review_required,snake_case,warning_id,inputs,"If the importer cannot classify a line safely, assign: section = review_required or:"
04_MIRRA_P_AND_L_PAGE_v4.0_LOCKED.txt,04_MIRRA_P_AND_L_PAGE_v4.0_LOCKED.txt,309,unknown,review_required,snake_case,warning_id,inputs,and set: review_required = true The page must show these lines clearly.
04_MIRRA_P_AND_L_PAGE_v4.0_LOCKED.txt,04_MIRRA_P_AND_L_PAGE_v4.0_LOCKED.txt,560,unknown,review_required,snake_case,warning_id,status_readiness_trust,ready ready_with_warnings review_required blocked not_ready
04_MIRRA_P_AND_L_PAGE_v4.0_LOCKED.txt,04_MIRRA_P_AND_L_PAGE_v4.0_LOCKED.txt,675,unknown,review_required,snake_case,warning_id,warnings,"1.00 If imported net profit differs from calculated net profit by more than tolerance, show review_required or blocked depending severity. ---"
04_MIRRA_P_AND_L_PAGE_v4.0_LOCKED.txt,04_MIRRA_P_AND_L_PAGE_v4.0_LOCKED.txt,1042,unknown,review_required,snake_case,warning_id,warnings,7. Operating Expense classification still works. 8. Saved/manual mappings win before fallback rules. 9. Unknown lines go to review_required. 10. No non-zero imported line is silently discarded. 11. Benchmark totals are calculated.
24_MIRRA_MODEL_FEEDBACK_LOOP_v4.0_LOCKED.txt,24_MIRRA_MODEL_FEEDBACK_LOOP_v4.0_LOCKED.txt,870,unknown,review_required,snake_case,warning_id,status_readiness_trust,- ready - ready_with_warnings - review_required - blocked - preview_only
24_MIRRA_MODEL_FEEDBACK_LOOP_v4.0_LOCKED.txt,24_MIRRA_MODEL_FEEDBACK_LOOP_v4.0_LOCKED.txt,883,unknown,review_required,snake_case,warning_id,status_readiness_trust,Feedback is usable but warnings remain. review_required: Feedback requires user review.
26_MIRRA_DATA_QUALITY_DASHBOARD_v4.0_LOCKED.txt,26_MIRRA_DATA_QUALITY_DASHBOARD_v4.0_LOCKED.txt,218,unknown,review_required,snake_case,warning_id,inputs,- preview_only - commercial_warning - review_required ---
26_MIRRA_DATA_QUALITY_DASHBOARD_v4.0_LOCKED.txt,26_MIRRA_DATA_QUALITY_DASHBOARD_v4.0_LOCKED.txt,255,unknown,review_required,snake_case,warning_id,inputs,- info - warning - review_required - blocking - critical
26_MIRRA_DATA_QUALITY_DASHBOARD_v4.0_LOCKED.txt,26_MIRRA_DATA_QUALITY_DASHBOARD_v4.0_LOCKED.txt,267,unknown,review_required,snake_case,warning_id,status_readiness_trust,Needs attention but does not block. review_required: User should review before relying on output.
26_MIRRA_DATA_QUALITY_DASHBOARD_v4.0_LOCKED.txt,26_MIRRA_DATA_QUALITY_DASHBOARD_v4.0_LOCKED.txt,385,unknown,review_required_count,snake_case,warning_id,status_readiness_trust,"blocking_issue_count, warning_count, review_required_count, commercial_warning_count, data_issue_count,"
26_MIRRA_DATA_QUALITY_DASHBOARD_v4.0_LOCKED.txt,26_MIRRA_DATA_QUALITY_DASHBOARD_v4.0_LOCKED.txt,552,unknown,review_required_issues,snake_case,warning_id,warnings,"blocking_issues, review_required_issues, commercial_warnings, data_mapping_issues,"
03_MIRRA_VARIABLE_CONTRACT_BRIEF_v4.0_LOCKED.txt,03_MIRRA_VARIABLE_CONTRACT_BRIEF_v4.0_LOCKED.txt,2581,unknown,sale_value_missing,snake_case,warning_id,calculation,If cog_sale_value is missing: status = sale_value_missing Do not infer sale value.
00_MIRRA_SYSTEM_PRINCIPLES_v4.0_LOCKED.txt,00_MIRRA_SYSTEM_PRINCIPLES_v4.0_LOCKED.txt,931,unknown,source_amount,snake_case,warning_id,warnings,"source_module, source_name, source_amount, module_name, module_amount,"
03_MIRRA_VARIABLE_CONTRACT_BRIEF_v4.0_LOCKED.txt,03_MIRRA_VARIABLE_CONTRACT_BRIEF_v4.0_LOCKED.txt,303,unknown,source_amount,snake_case,warning_id,warnings,"source_module, source_name, source_amount, module_name, module_amount,"
04_MIRRA_P_AND_L_PAGE_v4.0_LOCKED.txt,04_MIRRA_P_AND_L_PAGE_v4.0_LOCKED.txt,659,unknown,source_amount,snake_case,warning_id,warnings,"source_module, source_name, source_amount, module_name, module_amount,"
00_MIRRA_SYSTEM_PRINCIPLES_v4.0_LOCKED.txt,00_MIRRA_SYSTEM_PRINCIPLES_v4.0_LOCKED.txt,901,unknown,source_module,snake_case,warning_id,warnings,"{ warning_id, source_module, severity, message,"
03_MIRRA_VARIABLE_CONTRACT_BRIEF_v4.0_LOCKED.txt,03_MIRRA_VARIABLE_CONTRACT_BRIEF_v4.0_LOCKED.txt,257,unknown,source_module,snake_case,warning_id,warnings,"{ warning_id, source_module, severity, message,"
03_MIRRA_VARIABLE_CONTRACT_BRIEF_v4.0_LOCKED.txt,03_MIRRA_VARIABLE_CONTRACT_BRIEF_v4.0_LOCKED.txt,274,unknown,source_module,snake_case,warning_id,warnings,- warning_id must be stable - source_module must be included - message must be plain English - blocking must be true or false
04_MIRRA_P_AND_L_PAGE_v4.0_LOCKED.txt,04_MIRRA_P_AND_L_PAGE_v4.0_LOCKED.txt,617,unknown,source_module,snake_case,warning_id,warnings,"{ warning_id, source_module, severity, message,"
24_MIRRA_MODEL_FEEDBACK_LOOP_v4.0_LOCKED.txt,24_MIRRA_MODEL_FEEDBACK_LOOP_v4.0_LOCKED.txt,756,unknown,suggested_review_action,snake_case,warning_id,status_readiness_trust,"current_approved_rate, actual_cost_evidence, suggested_review_action, evidence_count, source_jobs,"
24_MIRRA_MODEL_FEEDBACK_LOOP_v4.0_LOCKED.txt,24_MIRRA_MODEL_FEEDBACK_LOOP_v4.0_LOCKED.txt,669,unknown,suggested_review_value,snake_case,warning_id,status_readiness_trust,"affected_variable, current_model_value, suggested_review_value, evidence_count, jobs_affected_count,"
03_MIRRA_VARIABLE_CONTRACT_BRIEF_v4.0_LOCKED.txt,03_MIRRA_VARIABLE_CONTRACT_BRIEF_v4.0_LOCKED.txt,2357,unknown,unit_gap,snake_case,warning_id,inputs,"required_units, current_units, unit_gap, test_status }"
03_MIRRA_VARIABLE_CONTRACT_BRIEF_v4.0_LOCKED.txt,03_MIRRA_VARIABLE_CONTRACT_BRIEF_v4.0_LOCKED.txt,2531,unknown,unit_gap,snake_case,warning_id,calculation,"unit_margin, unit_margin_percent, unit_gap, status }"
03_MIRRA_VARIABLE_CONTRACT_BRIEF_v4.0_LOCKED.txt,03_MIRRA_VARIABLE_CONTRACT_BRIEF_v4.0_LOCKED.txt,846,unknown,unit_recovery_warnings,snake_case,warning_id,calculation,"margin_per_unit, unit_recovery_status, unit_recovery_warnings }"
03_MIRRA_VARIABLE_CONTRACT_BRIEF_v4.0_LOCKED.txt,03_MIRRA_VARIABLE_CONTRACT_BRIEF_v4.0_LOCKED.txt,870,unknown,unit_recovery_warnings,snake_case,warning_id,calculation,weighted_average_margin_per_unit unit_recovery_ready unit_recovery_warnings ## 11.14 Legacy product unit fields
00_MIRRA_SYSTEM_PRINCIPLES_v4.0_LOCKED.txt,00_MIRRA_SYSTEM_PRINCIPLES_v4.0_LOCKED.txt,900,unknown,warning_id,snake_case,warning_id,warnings,"{ warning_id, source_module, severity,"
03_MIRRA_VARIABLE_CONTRACT_BRIEF_v4.0_LOCKED.txt,03_MIRRA_VARIABLE_CONTRACT_BRIEF_v4.0_LOCKED.txt,256,unknown,warning_id,snake_case,warning_id,warnings,"{ warning_id, source_module, severity,"
03_MIRRA_VARIABLE_CONTRACT_BRIEF_v4.0_LOCKED.txt,03_MIRRA_VARIABLE_CONTRACT_BRIEF_v4.0_LOCKED.txt,273,unknown,warning_id,snake_case,warning_id,warnings,Rules: - warning_id must be stable - source_module must be included - message must be plain English
04_MIRRA_P_AND_L_PAGE_v4.0_LOCKED.txt,04_MIRRA_P_AND_L_PAGE_v4.0_LOCKED.txt,616,unknown,warning_id,snake_case,warning_id,warnings,"{ warning_id, source_module, severity,"
