"module_name","variable_name","audit_status","code_present","brief_present","code_role","brief_role","code_files","brief_files","notes"
"assets","adjusted_general_overheads_benchmark","brief_only_missing_in_code","no","yes","","output_contract_field","","05_MIRRA_GENERAL_OVERHEADS_v4.0_LOCKED.txt","intended_contract_not_currently_exposed_by_code"
"assets","allocation_reconciliation_checks","brief_only_missing_in_code","no","yes","","output_contract_field","","17_MIRRA_COST_ALLOCATION_v4.0_LOCKED.txt","intended_contract_not_currently_exposed_by_code"
"assets","asset_finance_interest_annual","brief_only_missing_in_code","no","yes","","output_contract_field","","09_MIRRA_ASSETS_MODULE_v4.0_LOCKED.txt","intended_contract_not_currently_exposed_by_code"
"assets","asset_finance_interest_excluded","brief_only_missing_in_code","no","yes","","output_contract_field","","05_MIRRA_GENERAL_OVERHEADS_v4.0_LOCKED.txt","intended_contract_not_currently_exposed_by_code"
"assets","asset_finance_interest_excluded_amount","brief_only_missing_in_code","no","yes","","output_contract_field","","05_MIRRA_GENERAL_OVERHEADS_v4.0_LOCKED.txt","intended_contract_not_currently_exposed_by_code"
"assets","asset_group_assignments","brief_only_missing_in_code","no","yes","","output_contract_field","","17_MIRRA_COST_ALLOCATION_v4.0_LOCKED.txt","intended_contract_not_currently_exposed_by_code"
"assets","asset_import_handoff","brief_only_missing_in_code","no","yes","","output_contract_field","","29_MIRRA_INTEGRATIONS_API_LAYER_v4.0_LOCKED.txt","intended_contract_not_currently_exposed_by_code"
"assets","asset_pool_guardrail_status","brief_only_missing_in_code","no","yes","","output_contract_field","","09_MIRRA_ASSETS_MODULE_v4.0_LOCKED.txt","intended_contract_not_currently_exposed_by_code | status_field"
"assets","asset_pool_guardrails","brief_only_missing_in_code","no","yes","","output_contract_field","","09_MIRRA_ASSETS_MODULE_v4.0_LOCKED.txt","intended_contract_not_currently_exposed_by_code"
"assets","asset_reality_context","brief_only_missing_in_code","no","yes","","output_contract_field","","14_MIRRA_BUSINESS_SUMMARY_v4.0_LOCKED.txt | 17_MIRRA_COST_ALLOCATION_v4.0_LOCKED.txt | 18_MIRRA_RECOVERY_SUMMARY_v4.0_LOCKED.txt","intended_contract_not_currently_exposed_by_code"
"assets","asset_reality_model_trust_state","brief_only_missing_in_code","no","yes","","output_contract_field","","14_MIRRA_BUSINESS_SUMMARY_v4.0_LOCKED.txt | 16_MIRRA_ASSET_REALITY_v4.0_LOCKED.txt","intended_contract_not_currently_exposed_by_code | trust_state_field"
"assets","asset_reality_ready","brief_only_missing_in_code","no","yes","","output_contract_field","","16_MIRRA_ASSET_REALITY_v4.0_LOCKED.txt","intended_contract_not_currently_exposed_by_code | readiness_field"
"assets","asset_reality_source_trace","brief_only_missing_in_code","no","yes","","output_contract_field","","16_MIRRA_ASSET_REALITY_v4.0_LOCKED.txt","intended_contract_not_currently_exposed_by_code"
"assets","asset_reality_status","brief_only_missing_in_code","no","yes","","output_contract_field","","14_MIRRA_BUSINESS_SUMMARY_v4.0_LOCKED.txt | 16_MIRRA_ASSET_REALITY_v4.0_LOCKED.txt","intended_contract_not_currently_exposed_by_code | status_field"
"assets","asset_reality_warning_count","brief_only_missing_in_code","no","yes","","output_contract_field","","16_MIRRA_ASSET_REALITY_v4.0_LOCKED.txt","intended_contract_not_currently_exposed_by_code"
"assets","asset_reality_warnings","brief_only_missing_in_code","no","yes","","output_contract_field","","16_MIRRA_ASSET_REALITY_v4.0_LOCKED.txt","intended_contract_not_currently_exposed_by_code | warnings_field"
"assets","asset_recovery_pressure_summary","brief_only_missing_in_code","no","yes","","output_contract_field","","14_MIRRA_BUSINESS_SUMMARY_v4.0_LOCKED.txt | 16_MIRRA_ASSET_REALITY_v4.0_LOCKED.txt","intended_contract_not_currently_exposed_by_code"
"assets","asset_recovery_rate_status","brief_only_missing_in_code","no","yes","","output_contract_field","","09_MIRRA_ASSETS_MODULE_v4.0_LOCKED.txt","intended_contract_not_currently_exposed_by_code | status_field"
"assets","asset_rows","brief_only_missing_in_code","no","yes","","output_contract_field","","09_MIRRA_ASSETS_MODULE_v4.0_LOCKED.txt","intended_contract_not_currently_exposed_by_code"
"assets","asset_running_cost_transfer_context","brief_only_missing_in_code","no","yes","","output_contract_field","","10_MIRRA_MODULE_RECONCILIATION_v4.0_LOCKED.txt","intended_contract_not_currently_exposed_by_code"
"assets","asset_running_cost_transfers","brief_only_missing_in_code","no","yes","","output_contract_field","","09_MIRRA_ASSETS_MODULE_v4.0_LOCKED.txt","intended_contract_not_currently_exposed_by_code"
"assets","asset_underutilisation_flags","brief_only_missing_in_code","no","yes","","output_contract_field","","16_MIRRA_ASSET_REALITY_v4.0_LOCKED.txt","intended_contract_not_currently_exposed_by_code"
"assets","assets_model_trust_state","brief_only_missing_in_code","no","yes","","output_contract_field","","09_MIRRA_ASSETS_MODULE_v4.0_LOCKED.txt","intended_contract_not_currently_exposed_by_code | trust_state_field"
"assets","assets_status","brief_only_missing_in_code","no","yes","","output_contract_field","","09_MIRRA_ASSETS_MODULE_v4.0_LOCKED.txt","intended_contract_not_currently_exposed_by_code | status_field"
"assets","assets_warning_count","brief_only_missing_in_code","no","yes","","output_contract_field","","09_MIRRA_ASSETS_MODULE_v4.0_LOCKED.txt","intended_contract_not_currently_exposed_by_code"
"assets","assets_warnings","brief_only_missing_in_code","no","yes","","output_contract_field","","09_MIRRA_ASSETS_MODULE_v4.0_LOCKED.txt","intended_contract_not_currently_exposed_by_code | warnings_field"
"assets","business_summary_cards","brief_only_missing_in_code","no","yes","","output_contract_field","","14_MIRRA_BUSINESS_SUMMARY_v4.0_LOCKED.txt","intended_contract_not_currently_exposed_by_code"
"assets","business_summary_model_trust_state","brief_only_missing_in_code","no","yes","","output_contract_field","","14_MIRRA_BUSINESS_SUMMARY_v4.0_LOCKED.txt","intended_contract_not_currently_exposed_by_code | trust_state_field"
"assets","cost_allocation_context","brief_only_missing_in_code","no","yes","","output_contract_field","","18_MIRRA_RECOVERY_SUMMARY_v4.0_LOCKED.txt","intended_contract_not_currently_exposed_by_code"
"assets","cost_allocation_model_trust_state","brief_only_missing_in_code","no","yes","","output_contract_field","","17_MIRRA_COST_ALLOCATION_v4.0_LOCKED.txt","intended_contract_not_currently_exposed_by_code | trust_state_field"
"assets","cost_allocation_source_trace","brief_only_missing_in_code","no","yes","","output_contract_field","","17_MIRRA_COST_ALLOCATION_v4.0_LOCKED.txt","intended_contract_not_currently_exposed_by_code"
"assets","default_productive_asset_pool","brief_only_missing_in_code","no","yes","","output_contract_field","","17_MIRRA_COST_ALLOCATION_v4.0_LOCKED.txt","intended_contract_not_currently_exposed_by_code"
"assets","default_utilisation_hours_per_week","brief_only_missing_in_code","no","yes","","output_contract_field","","09_MIRRA_ASSETS_MODULE_v4.0_LOCKED.txt","intended_contract_not_currently_exposed_by_code"
"assets","general_overhead_categories","brief_only_missing_in_code","no","yes","","output_contract_field","","05_MIRRA_GENERAL_OVERHEADS_v4.0_LOCKED.txt","intended_contract_not_currently_exposed_by_code"
"assets","general_overheads_model_trust_state","brief_only_missing_in_code","no","yes","","output_contract_field","","05_MIRRA_GENERAL_OVERHEADS_v4.0_LOCKED.txt","intended_contract_not_currently_exposed_by_code | trust_state_field"
"assets","general_overheads_pool","brief_only_missing_in_code","no","yes","","output_contract_field","","17_MIRRA_COST_ALLOCATION_v4.0_LOCKED.txt","intended_contract_not_currently_exposed_by_code"
"assets","general_overheads_pool_amount","brief_only_missing_in_code","no","yes","","output_contract_field","","05_MIRRA_GENERAL_OVERHEADS_v4.0_LOCKED.txt","intended_contract_not_currently_exposed_by_code"
"assets","general_overheads_source_total","brief_only_missing_in_code","no","yes","","output_contract_field","","05_MIRRA_GENERAL_OVERHEADS_v4.0_LOCKED.txt","intended_contract_not_currently_exposed_by_code"
"assets","general_overheads_status","brief_only_missing_in_code","no","yes","","output_contract_field","","05_MIRRA_GENERAL_OVERHEADS_v4.0_LOCKED.txt","intended_contract_not_currently_exposed_by_code | status_field"
"assets","general_overheads_variance_amount","brief_only_missing_in_code","no","yes","","output_contract_field","","10_MIRRA_MODULE_RECONCILIATION_v4.0_LOCKED.txt","intended_contract_not_currently_exposed_by_code"
"assets","general_overheads_variance_percent","brief_only_missing_in_code","no","yes","","output_contract_field","","10_MIRRA_MODULE_RECONCILIATION_v4.0_LOCKED.txt","intended_contract_not_currently_exposed_by_code"
"assets","gross_general_overheads_benchmark","brief_only_missing_in_code","no","yes","","output_contract_field","","05_MIRRA_GENERAL_OVERHEADS_v4.0_LOCKED.txt","intended_contract_not_currently_exposed_by_code"
"assets","highest_pressure_asset","brief_only_missing_in_code","no","yes","","output_contract_field","","14_MIRRA_BUSINESS_SUMMARY_v4.0_LOCKED.txt | 16_MIRRA_ASSET_REALITY_v4.0_LOCKED.txt","intended_contract_not_currently_exposed_by_code"
"assets","lowest_utilisation_asset","brief_only_missing_in_code","no","yes","","output_contract_field","","14_MIRRA_BUSINESS_SUMMARY_v4.0_LOCKED.txt | 16_MIRRA_ASSET_REALITY_v4.0_LOCKED.txt","intended_contract_not_currently_exposed_by_code"
"assets","module_reconciliation_ready","brief_only_missing_in_code","no","yes","","output_contract_field","","10_MIRRA_MODULE_RECONCILIATION_v4.0_LOCKED.txt","intended_contract_not_currently_exposed_by_code | readiness_field"
"assets","module_reconciliation_status","brief_only_missing_in_code","no","yes","","output_contract_field","","10_MIRRA_MODULE_RECONCILIATION_v4.0_LOCKED.txt","intended_contract_not_currently_exposed_by_code | status_field"
"assets","net_position","brief_only_missing_in_code","no","yes","","output_contract_field","","14_MIRRA_BUSINESS_SUMMARY_v4.0_LOCKED.txt","intended_contract_not_currently_exposed_by_code"
"assets","non_productive_asset_context_rows","brief_only_missing_in_code","no","yes","","output_contract_field","","16_MIRRA_ASSET_REALITY_v4.0_LOCKED.txt","intended_contract_not_currently_exposed_by_code"
"assets","non_productive_asset_count","brief_only_missing_in_code","no","yes","","output_contract_field","","09_MIRRA_ASSETS_MODULE_v4.0_LOCKED.txt","intended_contract_not_currently_exposed_by_code"
"assets","non_productive_asset_rows","brief_only_missing_in_code","no","yes","","output_contract_field","","09_MIRRA_ASSETS_MODULE_v4.0_LOCKED.txt","intended_contract_not_currently_exposed_by_code"
"assets","other_income_excluded","brief_only_missing_in_code","no","yes","","output_contract_field","","14_MIRRA_BUSINESS_SUMMARY_v4.0_LOCKED.txt","intended_contract_not_currently_exposed_by_code"
"assets","overhead_recovery_variance_rows","brief_only_missing_in_code","no","yes","","output_contract_field","","23_MIRRA_JOB_COSTING_PROFITABILITY_v4.0_LOCKED.txt","intended_contract_not_currently_exposed_by_code"
"assets","productive_asset_reality_rows","brief_only_missing_in_code","no","yes","","output_contract_field","","16_MIRRA_ASSET_REALITY_v4.0_LOCKED.txt","intended_contract_not_currently_exposed_by_code"
"assets","productive_asset_rows","brief_only_missing_in_code","no","yes","","output_contract_field","","09_MIRRA_ASSETS_MODULE_v4.0_LOCKED.txt","intended_contract_not_currently_exposed_by_code"
"assets","quote_alignment_feedback_rows","brief_only_missing_in_code","no","yes","","output_contract_field","","24_MIRRA_MODEL_FEEDBACK_LOOP_v4.0_LOCKED.txt","intended_contract_not_currently_exposed_by_code"
"assets","recovery_gap_per_driver","brief_only_missing_in_code","no","yes","","output_contract_field","","14_MIRRA_BUSINESS_SUMMARY_v4.0_LOCKED.txt","intended_contract_not_currently_exposed_by_code"
"assets","recovery_summary_model_trust_state","brief_only_missing_in_code","no","yes","","output_contract_field","","18_MIRRA_RECOVERY_SUMMARY_v4.0_LOCKED.txt","intended_contract_not_currently_exposed_by_code | trust_state_field"
"assets","remaining_overhead_after_asset_transfers","brief_only_missing_in_code","no","yes","","output_contract_field","","09_MIRRA_ASSETS_MODULE_v4.0_LOCKED.txt","intended_contract_not_currently_exposed_by_code"
"assets","required_asset_recovery_rate","brief_only_missing_in_code","no","yes","","output_contract_field","","09_MIRRA_ASSETS_MODULE_v4.0_LOCKED.txt","intended_contract_not_currently_exposed_by_code"
"assets","revenue_reality_context","brief_only_missing_in_code","no","yes","","output_contract_field","","14_MIRRA_BUSINESS_SUMMARY_v4.0_LOCKED.txt | 17_MIRRA_COST_ALLOCATION_v4.0_LOCKED.txt | 18_MIRRA_RECOVERY_SUMMARY_v4.0_LOCKED.txt","intended_contract_not_currently_exposed_by_code"
"assets","source_document_number","brief_only_missing_in_code","no","yes","","output_contract_field","","29_MIRRA_INTEGRATIONS_API_LAYER_v4.0_LOCKED.txt","intended_contract_not_currently_exposed_by_code"
"assets","source_trace","brief_only_missing_in_code","no","yes","","output_contract_field","","29_MIRRA_INTEGRATIONS_API_LAYER_v4.0_LOCKED.txt","intended_contract_not_currently_exposed_by_code"
"assets","suggested_asset_cost_type","brief_only_missing_in_code","no","yes","","output_contract_field","","29_MIRRA_INTEGRATIONS_API_LAYER_v4.0_LOCKED.txt","intended_contract_not_currently_exposed_by_code"
"assets","suggested_asset_name","brief_only_missing_in_code","no","yes","","output_contract_field","","29_MIRRA_INTEGRATIONS_API_LAYER_v4.0_LOCKED.txt","intended_contract_not_currently_exposed_by_code"
"assets","total_asset_running_cost_transferred","brief_only_missing_in_code","no","yes","","output_contract_field","","09_MIRRA_ASSETS_MODULE_v4.0_LOCKED.txt","intended_contract_not_currently_exposed_by_code"
"assets","total_assigned_asset_burden","brief_only_missing_in_code","no","yes","","output_contract_field","","17_MIRRA_COST_ALLOCATION_v4.0_LOCKED.txt","intended_contract_not_currently_exposed_by_code"
"assets","total_assigned_asset_cost_pool","brief_only_missing_in_code","no","yes","","output_contract_field","","09_MIRRA_ASSETS_MODULE_v4.0_LOCKED.txt","intended_contract_not_currently_exposed_by_code"
"assets","total_assigned_asset_utilisation_hours","brief_only_missing_in_code","no","yes","","output_contract_field","","17_MIRRA_COST_ALLOCATION_v4.0_LOCKED.txt","intended_contract_not_currently_exposed_by_code"
"assets","total_assigned_to_non_productive_assets","brief_only_missing_in_code","no","yes","","output_contract_field","","09_MIRRA_ASSETS_MODULE_v4.0_LOCKED.txt","intended_contract_not_currently_exposed_by_code"
"assets","total_assigned_to_productive_assets","brief_only_missing_in_code","no","yes","","output_contract_field","","09_MIRRA_ASSETS_MODULE_v4.0_LOCKED.txt","intended_contract_not_currently_exposed_by_code"
"assets","total_available_asset_cost_pool","brief_only_missing_in_code","no","yes","","output_contract_field","","09_MIRRA_ASSETS_MODULE_v4.0_LOCKED.txt","intended_contract_not_currently_exposed_by_code"
"assets","total_available_asset_utilisation_hours","brief_only_missing_in_code","no","yes","","output_contract_field","","17_MIRRA_COST_ALLOCATION_v4.0_LOCKED.txt","intended_contract_not_currently_exposed_by_code"
"assets","total_available_overhead_amount","brief_only_missing_in_code","no","yes","","output_contract_field","","17_MIRRA_COST_ALLOCATION_v4.0_LOCKED.txt","intended_contract_not_currently_exposed_by_code"
"assets","total_business_overheads","brief_only_missing_in_code","no","yes","","output_contract_field","","14_MIRRA_BUSINESS_SUMMARY_v4.0_LOCKED.txt","intended_contract_not_currently_exposed_by_code"
"assets","total_cost_burden","brief_only_missing_in_code","no","yes","","output_contract_field","","09_MIRRA_ASSETS_MODULE_v4.0_LOCKED.txt | 14_MIRRA_BUSINESS_SUMMARY_v4.0_LOCKED.txt","intended_contract_not_currently_exposed_by_code"
"assets","total_non_productive_asset_cost_annual","brief_only_missing_in_code","no","yes","","output_contract_field","","09_MIRRA_ASSETS_MODULE_v4.0_LOCKED.txt","intended_contract_not_currently_exposed_by_code"
"assets","total_over_allocated_asset_cost_pool","brief_only_missing_in_code","no","yes","","output_contract_field","","09_MIRRA_ASSETS_MODULE_v4.0_LOCKED.txt","intended_contract_not_currently_exposed_by_code"
"assets","total_people_cost_annual","brief_only_missing_in_code","no","yes","","output_contract_field","","14_MIRRA_BUSINESS_SUMMARY_v4.0_LOCKED.txt","intended_contract_not_currently_exposed_by_code"
"assets","total_productive_asset_burden","brief_only_missing_in_code","no","yes","","output_contract_field","","09_MIRRA_ASSETS_MODULE_v4.0_LOCKED.txt | 14_MIRRA_BUSINESS_SUMMARY_v4.0_LOCKED.txt | 16_MIRRA_ASSET_REALITY_v4.0_LOCKED.txt","intended_contract_not_currently_exposed_by_code"
"assets","total_productive_asset_cost_annual","brief_only_missing_in_code","no","yes","","output_contract_field","","09_MIRRA_ASSETS_MODULE_v4.0_LOCKED.txt","intended_contract_not_currently_exposed_by_code"
"assets","total_productive_asset_utilisation_hours","brief_only_missing_in_code","no","yes","","output_contract_field","","14_MIRRA_BUSINESS_SUMMARY_v4.0_LOCKED.txt | 16_MIRRA_ASSET_REALITY_v4.0_LOCKED.txt","intended_contract_not_currently_exposed_by_code"
"assets","total_remaining_asset_burden","brief_only_missing_in_code","no","yes","","output_contract_field","","17_MIRRA_COST_ALLOCATION_v4.0_LOCKED.txt","intended_contract_not_currently_exposed_by_code"
"assets","total_remaining_asset_cost_pool","brief_only_missing_in_code","no","yes","","output_contract_field","","09_MIRRA_ASSETS_MODULE_v4.0_LOCKED.txt","intended_contract_not_currently_exposed_by_code"
"assets","total_remaining_asset_utilisation_hours","brief_only_missing_in_code","no","yes","","output_contract_field","","17_MIRRA_COST_ALLOCATION_v4.0_LOCKED.txt","intended_contract_not_currently_exposed_by_code"
"assets","utilisation_hours_annual","brief_only_missing_in_code","no","yes","","output_contract_field","","09_MIRRA_ASSETS_MODULE_v4.0_LOCKED.txt","intended_contract_not_currently_exposed_by_code"
"assets","utilisation_hours_per_week","brief_only_missing_in_code","no","yes","","output_contract_field","","09_MIRRA_ASSETS_MODULE_v4.0_LOCKED.txt","intended_contract_not_currently_exposed_by_code"
"assets","weighted_required_asset_recovery_rate","brief_only_missing_in_code","no","yes","","output_contract_field","","14_MIRRA_BUSINESS_SUMMARY_v4.0_LOCKED.txt | 16_MIRRA_ASSET_REALITY_v4.0_LOCKED.txt","intended_contract_not_currently_exposed_by_code"
"business-modelling","active_model_version","brief_only_missing_in_code","no","yes","","output_contract_field","","25_MIRRA_MODEL_REVIEW_APPROVAL_v4.0_LOCKED.txt","intended_contract_not_currently_exposed_by_code"
"business-modelling","active_quote_checker_target_set","brief_only_missing_in_code","no","yes","","output_contract_field","","25_MIRRA_MODEL_REVIEW_APPROVAL_v4.0_LOCKED.txt","intended_contract_not_currently_exposed_by_code"
"business-modelling","approval_audit_trail_rows","brief_only_missing_in_code","no","yes","","output_contract_field","","25_MIRRA_MODEL_REVIEW_APPROVAL_v4.0_LOCKED.txt","intended_contract_not_currently_exposed_by_code"
"business-modelling","approved_model_versions","brief_only_missing_in_code","no","yes","","output_contract_field","","25_MIRRA_MODEL_REVIEW_APPROVAL_v4.0_LOCKED.txt | 28_MIRRA_DATABASE_STORAGE_EXPORT_LAYER_v4.0_LOCKED.txt","intended_contract_not_currently_exposed_by_code"
"business-modelling","approved_rate_set_rows","brief_only_missing_in_code","no","yes","","output_contract_field","","25_MIRRA_MODEL_REVIEW_APPROVAL_v4.0_LOCKED.txt","intended_contract_not_currently_exposed_by_code"
"business-modelling","approved_rate_sets","brief_only_missing_in_code","no","yes","","output_contract_field","","28_MIRRA_DATABASE_STORAGE_EXPORT_LAYER_v4.0_LOCKED.txt","intended_contract_not_currently_exposed_by_code"
"business-modelling","approved_scenario_rows","brief_only_missing_in_code","no","yes","","output_contract_field","","25_MIRRA_MODEL_REVIEW_APPROVAL_v4.0_LOCKED.txt","intended_contract_not_currently_exposed_by_code"
"business-modelling","business_modelling_cards","brief_only_missing_in_code","no","yes","","output_contract_field","","30_MIRRA_BUSINESS_MODELLING_v4.0_LOCKED.txt","intended_contract_not_currently_exposed_by_code"
"business-modelling","business_modelling_ready","brief_only_missing_in_code","no","yes","","output_contract_field","","30_MIRRA_BUSINESS_MODELLING_v4.0_LOCKED.txt","intended_contract_not_currently_exposed_by_code | readiness_field"
"business-modelling","business_modelling_source_trace","brief_only_missing_in_code","no","yes","","output_contract_field","","30_MIRRA_BUSINESS_MODELLING_v4.0_LOCKED.txt","intended_contract_not_currently_exposed_by_code"
"business-modelling","business_modelling_status","brief_only_missing_in_code","no","yes","","output_contract_field","","30_MIRRA_BUSINESS_MODELLING_v4.0_LOCKED.txt","intended_contract_not_currently_exposed_by_code | status_field"
"business-modelling","job_rows","brief_only_missing_in_code","no","yes","","output_contract_field","","28_MIRRA_DATABASE_STORAGE_EXPORT_LAYER_v4.0_LOCKED.txt","intended_contract_not_currently_exposed_by_code"
"business-modelling","quote_check_rows","brief_only_missing_in_code","no","yes","","output_contract_field","","28_MIRRA_DATABASE_STORAGE_EXPORT_LAYER_v4.0_LOCKED.txt","intended_contract_not_currently_exposed_by_code"
"business-modelling","quote_checker_target_set","brief_only_missing_in_code","no","yes","","output_contract_field","","30_MIRRA_BUSINESS_MODELLING_v4.0_LOCKED.txt","intended_contract_not_currently_exposed_by_code"
"business-modelling","quote_checker_target_sets","brief_only_missing_in_code","no","yes","","output_contract_field","","25_MIRRA_MODEL_REVIEW_APPROVAL_v4.0_LOCKED.txt | 28_MIRRA_DATABASE_STORAGE_EXPORT_LAYER_v4.0_LOCKED.txt","intended_contract_not_currently_exposed_by_code"
"business-modelling","selected_target_model","brief_only_missing_in_code","no","yes","","output_contract_field","","30_MIRRA_BUSINESS_MODELLING_v4.0_LOCKED.txt","intended_contract_not_currently_exposed_by_code"
"business-modelling","supplier_modelling_rows","brief_only_missing_in_code","no","yes","","output_contract_field","","30_MIRRA_BUSINESS_MODELLING_v4.0_LOCKED.txt","intended_contract_not_currently_exposed_by_code"
"business-modelling","target_model_rows","brief_only_missing_in_code","no","yes","","output_contract_field","","30_MIRRA_BUSINESS_MODELLING_v4.0_LOCKED.txt","intended_contract_not_currently_exposed_by_code"
"business-outcome","business_outcome_cards","brief_only_missing_in_code","no","yes","","output_contract_field","","20_MIRRA_BUSINESS_OUTCOME_v4.0_LOCKED.txt","intended_contract_not_currently_exposed_by_code"
"business-outcome","business_outcome_handoff_rows","brief_only_missing_in_code","no","yes","","output_contract_field","","24_MIRRA_MODEL_FEEDBACK_LOOP_v4.0_LOCKED.txt","intended_contract_not_currently_exposed_by_code"
"business-outcome","business_outcome_ready","brief_only_missing_in_code","no","yes","","output_contract_field","","20_MIRRA_BUSINESS_OUTCOME_v4.0_LOCKED.txt","intended_contract_not_currently_exposed_by_code | readiness_field"
"business-outcome","business_outcome_source_trace","brief_only_missing_in_code","no","yes","","output_contract_field","","20_MIRRA_BUSINESS_OUTCOME_v4.0_LOCKED.txt","intended_contract_not_currently_exposed_by_code"
"business-outcome","business_outcome_status","brief_only_missing_in_code","no","yes","","output_contract_field","","20_MIRRA_BUSINESS_OUTCOME_v4.0_LOCKED.txt","intended_contract_not_currently_exposed_by_code | status_field"
"business-outcome","category_sensitivity_rows","brief_only_missing_in_code","no","yes","","output_contract_field","","20_MIRRA_BUSINESS_OUTCOME_v4.0_LOCKED.txt","intended_contract_not_currently_exposed_by_code"
"business-outcome","current_outcome_summary","brief_only_missing_in_code","no","yes","","output_contract_field","","30_MIRRA_BUSINESS_MODELLING_v4.0_LOCKED.txt","intended_contract_not_currently_exposed_by_code"
"business-outcome","current_vs_modelled_summary","brief_only_missing_in_code","no","yes","","output_contract_field","","30_MIRRA_BUSINESS_MODELLING_v4.0_LOCKED.txt","intended_contract_not_currently_exposed_by_code"
"business-outcome","job_costing_cards","brief_only_missing_in_code","no","yes","","output_contract_field","","23_MIRRA_JOB_COSTING_PROFITABILITY_v4.0_LOCKED.txt","intended_contract_not_currently_exposed_by_code"
"business-outcome","material_markup_context","brief_only_missing_in_code","no","yes","","output_contract_field","","20_MIRRA_BUSINESS_OUTCOME_v4.0_LOCKED.txt","intended_contract_not_currently_exposed_by_code"
"business-outcome","model_feedback_cards","brief_only_missing_in_code","no","yes","","output_contract_field","","24_MIRRA_MODEL_FEEDBACK_LOOP_v4.0_LOCKED.txt","intended_contract_not_currently_exposed_by_code"
"business-outcome","modelled_outcome_summary","brief_only_missing_in_code","no","yes","","output_contract_field","","20_MIRRA_BUSINESS_OUTCOME_v4.0_LOCKED.txt | 30_MIRRA_BUSINESS_MODELLING_v4.0_LOCKED.txt","intended_contract_not_currently_exposed_by_code"
"business-outcome","modelled_scenarios","brief_only_missing_in_code","no","yes","","output_contract_field","","20_MIRRA_BUSINESS_OUTCOME_v4.0_LOCKED.txt","intended_contract_not_currently_exposed_by_code"
"business-outcome","passing_lines","brief_only_missing_in_code","no","yes","","output_contract_field","","21_MIRRA_QUOTE_CHECKER_v4.0_LOCKED.txt","intended_contract_not_currently_exposed_by_code"
"business-outcome","pressure_source","brief_only_missing_in_code","no","yes","","output_contract_field","","20_MIRRA_BUSINESS_OUTCOME_v4.0_LOCKED.txt","intended_contract_not_currently_exposed_by_code"
"business-outcome","pressure_source_breakdown","brief_only_missing_in_code","no","yes","","output_contract_field","","20_MIRRA_BUSINESS_OUTCOME_v4.0_LOCKED.txt","intended_contract_not_currently_exposed_by_code"
"business-outcome","quote_checker_targets","brief_only_missing_in_code","no","yes","","output_contract_field","","20_MIRRA_BUSINESS_OUTCOME_v4.0_LOCKED.txt","intended_contract_not_currently_exposed_by_code"
"business-outcome","rate_impact_rows","brief_only_missing_in_code","no","yes","","output_contract_field","","20_MIRRA_BUSINESS_OUTCOME_v4.0_LOCKED.txt","intended_contract_not_currently_exposed_by_code"
"business-outcome","rate_review_handoff_rows","brief_only_missing_in_code","no","yes","","output_contract_field","","24_MIRRA_MODEL_FEEDBACK_LOOP_v4.0_LOCKED.txt","intended_contract_not_currently_exposed_by_code"
"business-outcome","selected_target_model","brief_only_missing_in_code","no","yes","","output_contract_field","","30_MIRRA_BUSINESS_MODELLING_v4.0_LOCKED.txt","intended_contract_not_currently_exposed_by_code"
"business-outcome","source_trace","brief_only_missing_in_code","no","yes","","output_contract_field","","22_MIRRA_SOQ_JOB_PO_LAYER_v4.0_LOCKED.txt","intended_contract_not_currently_exposed_by_code"
"business-outcome","supplier_sensitivity_rows","brief_only_missing_in_code","no","yes","","output_contract_field","","20_MIRRA_BUSINESS_OUTCOME_v4.0_LOCKED.txt","intended_contract_not_currently_exposed_by_code"
"business-setup","activity_driver_label","brief_only_missing_in_code","no","yes","","output_contract_field","","14_MIRRA_BUSINESS_SUMMARY_v4.0_LOCKED.txt","intended_contract_not_currently_exposed_by_code"
"business-setup","activity_driver_type","brief_only_missing_in_code","no","yes","","output_contract_field","","14_MIRRA_BUSINESS_SUMMARY_v4.0_LOCKED.txt","intended_contract_not_currently_exposed_by_code"
"business-setup","activity_driver_value","brief_only_missing_in_code","no","yes","","output_contract_field","","14_MIRRA_BUSINESS_SUMMARY_v4.0_LOCKED.txt","intended_contract_not_currently_exposed_by_code"
"business-setup","business_setup_model_trust_state","brief_only_missing_in_code","no","yes","","output_contract_field","","12_MIRRA_BUSINESS_SETUP_v4.0_LOCKED.txt","intended_contract_not_currently_exposed_by_code | trust_state_field"
"business-setup","business_setup_ready","brief_only_missing_in_code","no","yes","","output_contract_field","","12_MIRRA_BUSINESS_SETUP_v4.0_LOCKED.txt","intended_contract_not_currently_exposed_by_code | readiness_field"
"business-setup","business_setup_status","brief_only_missing_in_code","no","yes","","output_contract_field","","12_MIRRA_BUSINESS_SETUP_v4.0_LOCKED.txt","intended_contract_not_currently_exposed_by_code | status_field"
"business-setup","business_setup_warning_count","brief_only_missing_in_code","no","yes","","output_contract_field","","12_MIRRA_BUSINESS_SETUP_v4.0_LOCKED.txt","intended_contract_not_currently_exposed_by_code"
"business-setup","business_setup_warnings","brief_only_missing_in_code","no","yes","","output_contract_field","","12_MIRRA_BUSINESS_SETUP_v4.0_LOCKED.txt","intended_contract_not_currently_exposed_by_code | warnings_field"
"business-setup","business_summary_model_trust_state","brief_only_missing_in_code","no","yes","","output_contract_field","","14_MIRRA_BUSINESS_SUMMARY_v4.0_LOCKED.txt","intended_contract_not_currently_exposed_by_code | trust_state_field"
"business-setup","business_type","brief_only_missing_in_code","no","yes","","output_contract_field","","12_MIRRA_BUSINESS_SETUP_v4.0_LOCKED.txt | 14_MIRRA_BUSINESS_SUMMARY_v4.0_LOCKED.txt","intended_contract_not_currently_exposed_by_code"
"business-setup","created_at","brief_only_missing_in_code","no","yes","","output_contract_field","","12_MIRRA_BUSINESS_SETUP_v4.0_LOCKED.txt","intended_contract_not_currently_exposed_by_code"
"business-setup","is_labour_based","brief_only_missing_in_code","no","yes","","output_contract_field","","12_MIRRA_BUSINESS_SETUP_v4.0_LOCKED.txt","intended_contract_not_currently_exposed_by_code | readiness_field"
"business-setup","is_product_based","brief_only_missing_in_code","no","yes","","output_contract_field","","12_MIRRA_BUSINESS_SETUP_v4.0_LOCKED.txt","intended_contract_not_currently_exposed_by_code | readiness_field"
"business-setup","setup_completed","brief_only_missing_in_code","no","yes","","output_contract_field","","12_MIRRA_BUSINESS_SETUP_v4.0_LOCKED.txt","intended_contract_not_currently_exposed_by_code"
"business-setup","updated_at","brief_only_missing_in_code","no","yes","","output_contract_field","","12_MIRRA_BUSINESS_SETUP_v4.0_LOCKED.txt","intended_contract_not_currently_exposed_by_code"
"business-summary","activity_driver_value","brief_only_missing_in_code","no","yes","","output_contract_field","","14_MIRRA_BUSINESS_SUMMARY_v4.0_LOCKED.txt","intended_contract_not_currently_exposed_by_code"
"business-summary","bridge_difference","brief_only_missing_in_code","no","yes","","output_contract_field","","14_MIRRA_BUSINESS_SUMMARY_v4.0_LOCKED.txt","intended_contract_not_currently_exposed_by_code"
"business-summary","bridge_status","brief_only_missing_in_code","no","yes","","output_contract_field","","14_MIRRA_BUSINESS_SUMMARY_v4.0_LOCKED.txt","intended_contract_not_currently_exposed_by_code | status_field"
"business-summary","business_summary_source_trace","brief_only_missing_in_code","no","yes","","output_contract_field","","14_MIRRA_BUSINESS_SUMMARY_v4.0_LOCKED.txt","intended_contract_not_currently_exposed_by_code"
"business-summary","current_margin_label","brief_only_missing_in_code","no","yes","","output_contract_field","","14_MIRRA_BUSINESS_SUMMARY_v4.0_LOCKED.txt","intended_contract_not_currently_exposed_by_code"
"business-summary","current_margin_per_driver","brief_only_missing_in_code","no","yes","","output_contract_field","","14_MIRRA_BUSINESS_SUMMARY_v4.0_LOCKED.txt","intended_contract_not_currently_exposed_by_code"
"business-summary","recovery_gap_per_driver","brief_only_missing_in_code","no","yes","","output_contract_field","","14_MIRRA_BUSINESS_SUMMARY_v4.0_LOCKED.txt","intended_contract_not_currently_exposed_by_code"
"business-summary","required_recovery_label","brief_only_missing_in_code","no","yes","","output_contract_field","","14_MIRRA_BUSINESS_SUMMARY_v4.0_LOCKED.txt","intended_contract_not_currently_exposed_by_code"
"business-summary","required_recovery_per_driver","brief_only_missing_in_code","no","yes","","output_contract_field","","14_MIRRA_BUSINESS_SUMMARY_v4.0_LOCKED.txt","intended_contract_not_currently_exposed_by_code"
"business-summary","required_recovery_unit_label","brief_only_missing_in_code","no","yes","","output_contract_field","","14_MIRRA_BUSINESS_SUMMARY_v4.0_LOCKED.txt","intended_contract_not_currently_exposed_by_code"
"cost-allocation","cost_allocation_ready","brief_only_missing_in_code","no","yes","","output_contract_field","","17_MIRRA_COST_ALLOCATION_v4.0_LOCKED.txt","intended_contract_not_currently_exposed_by_code | readiness_field"
"cost-allocation","cost_allocation_status","brief_only_missing_in_code","no","yes","","output_contract_field","","17_MIRRA_COST_ALLOCATION_v4.0_LOCKED.txt","intended_contract_not_currently_exposed_by_code | status_field"
"cost-allocation","recovery_summary_cards","brief_only_missing_in_code","no","yes","","output_contract_field","","18_MIRRA_RECOVERY_SUMMARY_v4.0_LOCKED.txt","intended_contract_not_currently_exposed_by_code"
"cost-allocation","required_recovery_per_driver","brief_only_missing_in_code","no","yes","","output_contract_field","","18_MIRRA_RECOVERY_SUMMARY_v4.0_LOCKED.txt","intended_contract_not_currently_exposed_by_code"
"cost-allocation","total_assigned_overhead_amount","brief_only_missing_in_code","no","yes","","output_contract_field","","17_MIRRA_COST_ALLOCATION_v4.0_LOCKED.txt","intended_contract_not_currently_exposed_by_code"
"cost-allocation","total_remaining_overhead_amount","brief_only_missing_in_code","no","yes","","output_contract_field","","17_MIRRA_COST_ALLOCATION_v4.0_LOCKED.txt","intended_contract_not_currently_exposed_by_code"
"cost-allocation","total_unrecovered_cost","brief_only_missing_in_code","no","yes","","output_contract_field","","18_MIRRA_RECOVERY_SUMMARY_v4.0_LOCKED.txt","intended_contract_not_currently_exposed_by_code"
"cost-summary","job_actual_cost_summary","brief_only_missing_in_code","no","yes","","output_contract_field","","22_MIRRA_SOQ_JOB_PO_LAYER_v4.0_LOCKED.txt","intended_contract_not_currently_exposed_by_code"
"cost-summary","margin_pool","brief_only_missing_in_code","no","yes","","output_contract_field","","14_MIRRA_BUSINESS_SUMMARY_v4.0_LOCKED.txt","intended_contract_not_currently_exposed_by_code"
"cost-summary","recovery_gap_per_driver","brief_only_missing_in_code","no","yes","","output_contract_field","","14_MIRRA_BUSINESS_SUMMARY_v4.0_LOCKED.txt","intended_contract_not_currently_exposed_by_code"
"cost-summary","unit_cost_validation_rows","brief_only_missing_in_code","no","yes","","output_contract_field","","22_MIRRA_SOQ_JOB_PO_LAYER_v4.0_LOCKED.txt","intended_contract_not_currently_exposed_by_code"
"database-storage-export","active_database_path","brief_only_missing_in_code","no","yes","","output_contract_field","","28_MIRRA_DATABASE_STORAGE_EXPORT_LAYER_v4.0_LOCKED.txt","intended_contract_not_currently_exposed_by_code"
"database-storage-export","active_model_version_id","brief_only_missing_in_code","no","yes","","output_contract_field","","28_MIRRA_DATABASE_STORAGE_EXPORT_LAYER_v4.0_LOCKED.txt","intended_contract_not_currently_exposed_by_code"
"database-storage-export","active_target_set_id","brief_only_missing_in_code","no","yes","","output_contract_field","","28_MIRRA_DATABASE_STORAGE_EXPORT_LAYER_v4.0_LOCKED.txt","intended_contract_not_currently_exposed_by_code"
"database-storage-export","backup_rows","brief_only_missing_in_code","no","yes","","output_contract_field","","28_MIRRA_DATABASE_STORAGE_EXPORT_LAYER_v4.0_LOCKED.txt","intended_contract_not_currently_exposed_by_code"
"database-storage-export","migration_rows","brief_only_missing_in_code","no","yes","","output_contract_field","","28_MIRRA_DATABASE_STORAGE_EXPORT_LAYER_v4.0_LOCKED.txt","intended_contract_not_currently_exposed_by_code"
"database-storage-export","source_import_rows","brief_only_missing_in_code","no","yes","","output_contract_field","","28_MIRRA_DATABASE_STORAGE_EXPORT_LAYER_v4.0_LOCKED.txt","intended_contract_not_currently_exposed_by_code"
"database-storage-export","storage_ready","brief_only_missing_in_code","no","yes","","output_contract_field","","28_MIRRA_DATABASE_STORAGE_EXPORT_LAYER_v4.0_LOCKED.txt","intended_contract_not_currently_exposed_by_code | readiness_field"
"database-storage-export","storage_source_trace","brief_only_missing_in_code","no","yes","","output_contract_field","","28_MIRRA_DATABASE_STORAGE_EXPORT_LAYER_v4.0_LOCKED.txt","intended_contract_not_currently_exposed_by_code"
"database-storage-export","storage_status","brief_only_missing_in_code","no","yes","","output_contract_field","","28_MIRRA_DATABASE_STORAGE_EXPORT_LAYER_v4.0_LOCKED.txt","intended_contract_not_currently_exposed_by_code | status_field"
"database-storage-export","storage_trust_state","brief_only_missing_in_code","no","yes","","output_contract_field","","28_MIRRA_DATABASE_STORAGE_EXPORT_LAYER_v4.0_LOCKED.txt","intended_contract_not_currently_exposed_by_code | trust_state_field"
"database-storage-export","storage_warning_count","brief_only_missing_in_code","no","yes","","output_contract_field","","28_MIRRA_DATABASE_STORAGE_EXPORT_LAYER_v4.0_LOCKED.txt","intended_contract_not_currently_exposed_by_code"
"database-storage-export","storage_warnings","brief_only_missing_in_code","no","yes","","output_contract_field","","28_MIRRA_DATABASE_STORAGE_EXPORT_LAYER_v4.0_LOCKED.txt","intended_contract_not_currently_exposed_by_code | warnings_field"
"general-overheads","assigned_overhead_amount","brief_only_missing_in_code","no","yes","","output_contract_field","","05_MIRRA_GENERAL_OVERHEADS_v4.0_LOCKED.txt","intended_contract_not_currently_exposed_by_code"
"general-overheads","default_overhead_pool","brief_only_missing_in_code","no","yes","","output_contract_field","","17_MIRRA_COST_ALLOCATION_v4.0_LOCKED.txt","intended_contract_not_currently_exposed_by_code"
"general-overheads","general_overheads_import_handoff","brief_only_missing_in_code","no","yes","","output_contract_field","","29_MIRRA_INTEGRATIONS_API_LAYER_v4.0_LOCKED.txt","intended_contract_not_currently_exposed_by_code"
"general-overheads","general_overheads_model_trust_state","brief_only_missing_in_code","no","yes","","output_contract_field","","05_MIRRA_GENERAL_OVERHEADS_v4.0_LOCKED.txt","intended_contract_not_currently_exposed_by_code | trust_state_field"
"general-overheads","general_overheads_pool_amount","brief_only_missing_in_code","no","yes","","output_contract_field","","05_MIRRA_GENERAL_OVERHEADS_v4.0_LOCKED.txt","intended_contract_not_currently_exposed_by_code"
"general-overheads","general_overheads_pool_source_module","brief_only_missing_in_code","no","yes","","output_contract_field","","05_MIRRA_GENERAL_OVERHEADS_v4.0_LOCKED.txt","intended_contract_not_currently_exposed_by_code"
"general-overheads","general_overheads_pool_source_name","brief_only_missing_in_code","no","yes","","output_contract_field","","05_MIRRA_GENERAL_OVERHEADS_v4.0_LOCKED.txt","intended_contract_not_currently_exposed_by_code"
"general-overheads","general_overheads_ready","brief_only_missing_in_code","no","yes","","output_contract_field","","05_MIRRA_GENERAL_OVERHEADS_v4.0_LOCKED.txt","intended_contract_not_currently_exposed_by_code | readiness_field"
"general-overheads","general_overheads_reconciliation_checks","brief_only_missing_in_code","no","yes","","output_contract_field","","05_MIRRA_GENERAL_OVERHEADS_v4.0_LOCKED.txt","intended_contract_not_currently_exposed_by_code"
"general-overheads","general_overheads_warning_count","brief_only_missing_in_code","no","yes","","output_contract_field","","05_MIRRA_GENERAL_OVERHEADS_v4.0_LOCKED.txt","intended_contract_not_currently_exposed_by_code"
"general-overheads","general_overheads_warnings","brief_only_missing_in_code","no","yes","","output_contract_field","","05_MIRRA_GENERAL_OVERHEADS_v4.0_LOCKED.txt","intended_contract_not_currently_exposed_by_code | warnings_field"
"general-overheads","gross_general_overheads_benchmark","brief_only_missing_in_code","no","yes","","output_contract_field","","05_MIRRA_GENERAL_OVERHEADS_v4.0_LOCKED.txt","intended_contract_not_currently_exposed_by_code"
"general-overheads","mirra_operating_position","brief_only_missing_in_code","no","yes","","output_contract_field","","14_MIRRA_BUSINESS_SUMMARY_v4.0_LOCKED.txt","intended_contract_not_currently_exposed_by_code"
"general-overheads","net_general_overheads","brief_only_missing_in_code","no","yes","","output_contract_field","","05_MIRRA_GENERAL_OVERHEADS_v4.0_LOCKED.txt","intended_contract_not_currently_exposed_by_code"
"general-overheads","net_position","brief_only_missing_in_code","no","yes","","output_contract_field","","14_MIRRA_BUSINESS_SUMMARY_v4.0_LOCKED.txt","intended_contract_not_currently_exposed_by_code"
"general-overheads","operating_expense_benchmark_total","brief_only_missing_in_code","no","yes","","output_contract_field","","04_MIRRA_P_AND_L_PAGE_v4.0_LOCKED.txt","intended_contract_not_currently_exposed_by_code"
"general-overheads","over_assigned_overhead_amount","brief_only_missing_in_code","no","yes","","output_contract_field","","05_MIRRA_GENERAL_OVERHEADS_v4.0_LOCKED.txt","intended_contract_not_currently_exposed_by_code"
"general-overheads","overhead_allocation_status","brief_only_missing_in_code","no","yes","","output_contract_field","","05_MIRRA_GENERAL_OVERHEADS_v4.0_LOCKED.txt","intended_contract_not_currently_exposed_by_code | status_field"
"general-overheads","overhead_distribution_method","brief_only_missing_in_code","no","yes","","output_contract_field","","05_MIRRA_GENERAL_OVERHEADS_v4.0_LOCKED.txt","intended_contract_not_currently_exposed_by_code"
"general-overheads","overhead_group_assignments","brief_only_missing_in_code","no","yes","","output_contract_field","","17_MIRRA_COST_ALLOCATION_v4.0_LOCKED.txt","intended_contract_not_currently_exposed_by_code"
"general-overheads","remaining_overhead_pool_amount","brief_only_missing_in_code","no","yes","","output_contract_field","","05_MIRRA_GENERAL_OVERHEADS_v4.0_LOCKED.txt","intended_contract_not_currently_exposed_by_code"
"general-overheads","source_overhead_pool_amount","brief_only_missing_in_code","no","yes","","output_contract_field","","05_MIRRA_GENERAL_OVERHEADS_v4.0_LOCKED.txt","intended_contract_not_currently_exposed_by_code"
"integrations","account_code","brief_only_missing_in_code","no","yes","","output_contract_field","","29_MIRRA_INTEGRATIONS_API_LAYER_v4.0_LOCKED.txt","intended_contract_not_currently_exposed_by_code"
"integrations","account_name","brief_only_missing_in_code","no","yes","","output_contract_field","","29_MIRRA_INTEGRATIONS_API_LAYER_v4.0_LOCKED.txt","intended_contract_not_currently_exposed_by_code"
"integrations","account_normalisation_rows","brief_only_missing_in_code","no","yes","","output_contract_field","","29_MIRRA_INTEGRATIONS_API_LAYER_v4.0_LOCKED.txt","intended_contract_not_currently_exposed_by_code"
"integrations","account_type","brief_only_missing_in_code","no","yes","","output_contract_field","","29_MIRRA_INTEGRATIONS_API_LAYER_v4.0_LOCKED.txt","intended_contract_not_currently_exposed_by_code"
"integrations","auth_status","brief_only_missing_in_code","no","yes","","output_contract_field","","29_MIRRA_INTEGRATIONS_API_LAYER_v4.0_LOCKED.txt","intended_contract_not_currently_exposed_by_code | status_field"
"integrations","connector_id","brief_only_missing_in_code","no","yes","","output_contract_field","","29_MIRRA_INTEGRATIONS_API_LAYER_v4.0_LOCKED.txt","intended_contract_not_currently_exposed_by_code"
"integrations","connector_name","brief_only_missing_in_code","no","yes","","output_contract_field","","29_MIRRA_INTEGRATIONS_API_LAYER_v4.0_LOCKED.txt","intended_contract_not_currently_exposed_by_code"
"integrations","connector_rows","brief_only_missing_in_code","no","yes","","output_contract_field","","29_MIRRA_INTEGRATIONS_API_LAYER_v4.0_LOCKED.txt","intended_contract_not_currently_exposed_by_code"
"integrations","connector_type","brief_only_missing_in_code","no","yes","","output_contract_field","","29_MIRRA_INTEGRATIONS_API_LAYER_v4.0_LOCKED.txt","intended_contract_not_currently_exposed_by_code"
"integrations","contact_name_raw","brief_only_missing_in_code","no","yes","","output_contract_field","","29_MIRRA_INTEGRATIONS_API_LAYER_v4.0_LOCKED.txt","intended_contract_not_currently_exposed_by_code"
"integrations","employee_or_supplier_id","brief_only_missing_in_code","no","yes","","output_contract_field","","29_MIRRA_INTEGRATIONS_API_LAYER_v4.0_LOCKED.txt","intended_contract_not_currently_exposed_by_code"
"integrations","employee_or_supplier_name","brief_only_missing_in_code","no","yes","","output_contract_field","","29_MIRRA_INTEGRATIONS_API_LAYER_v4.0_LOCKED.txt","intended_contract_not_currently_exposed_by_code"
"integrations","future_api","brief_only_missing_in_code","no","yes","","output_contract_field","","29_MIRRA_INTEGRATIONS_API_LAYER_v4.0_LOCKED.txt","intended_contract_not_currently_exposed_by_code"
"integrations","gross_amount","brief_only_missing_in_code","no","yes","","output_contract_field","","29_MIRRA_INTEGRATIONS_API_LAYER_v4.0_LOCKED.txt","intended_contract_not_currently_exposed_by_code"
"integrations","gst_amount","brief_only_missing_in_code","no","yes","","output_contract_field","","29_MIRRA_INTEGRATIONS_API_LAYER_v4.0_LOCKED.txt","intended_contract_not_currently_exposed_by_code"
"integrations","integration_ready","brief_only_missing_in_code","no","yes","","output_contract_field","","29_MIRRA_INTEGRATIONS_API_LAYER_v4.0_LOCKED.txt","intended_contract_not_currently_exposed_by_code | readiness_field"
"integrations","integration_source_trace","brief_only_missing_in_code","no","yes","","output_contract_field","","29_MIRRA_INTEGRATIONS_API_LAYER_v4.0_LOCKED.txt","intended_contract_not_currently_exposed_by_code"
"integrations","integration_status","brief_only_missing_in_code","no","yes","","output_contract_field","","29_MIRRA_INTEGRATIONS_API_LAYER_v4.0_LOCKED.txt","intended_contract_not_currently_exposed_by_code | status_field"
"integrations","integration_trust_state","brief_only_missing_in_code","no","yes","","output_contract_field","","29_MIRRA_INTEGRATIONS_API_LAYER_v4.0_LOCKED.txt","intended_contract_not_currently_exposed_by_code | trust_state_field"
"integrations","integration_warning_count","brief_only_missing_in_code","no","yes","","output_contract_field","","29_MIRRA_INTEGRATIONS_API_LAYER_v4.0_LOCKED.txt","intended_contract_not_currently_exposed_by_code"
"integrations","integration_warnings","brief_only_missing_in_code","no","yes","","output_contract_field","","29_MIRRA_INTEGRATIONS_API_LAYER_v4.0_LOCKED.txt","intended_contract_not_currently_exposed_by_code | warnings_field"
"integrations","last_sync_at","brief_only_missing_in_code","no","yes","","output_contract_field","","29_MIRRA_INTEGRATIONS_API_LAYER_v4.0_LOCKED.txt","intended_contract_not_currently_exposed_by_code"
"integrations","manual_upload","brief_only_missing_in_code","no","yes","","output_contract_field","","29_MIRRA_INTEGRATIONS_API_LAYER_v4.0_LOCKED.txt","intended_contract_not_currently_exposed_by_code"
"integrations","net_amount","brief_only_missing_in_code","no","yes","","output_contract_field","","29_MIRRA_INTEGRATIONS_API_LAYER_v4.0_LOCKED.txt","intended_contract_not_currently_exposed_by_code"
"integrations","normalised_import_rows","brief_only_missing_in_code","no","yes","","output_contract_field","","29_MIRRA_INTEGRATIONS_API_LAYER_v4.0_LOCKED.txt","intended_contract_not_currently_exposed_by_code"
"integrations","period_end","brief_only_missing_in_code","no","yes","","output_contract_field","","29_MIRRA_INTEGRATIONS_API_LAYER_v4.0_LOCKED.txt","intended_contract_not_currently_exposed_by_code"
"integrations","period_start","brief_only_missing_in_code","no","yes","","output_contract_field","","29_MIRRA_INTEGRATIONS_API_LAYER_v4.0_LOCKED.txt","intended_contract_not_currently_exposed_by_code"
"integrations","po_system","brief_only_missing_in_code","no","yes","","output_contract_field","","29_MIRRA_INTEGRATIONS_API_LAYER_v4.0_LOCKED.txt","intended_contract_not_currently_exposed_by_code"
"integrations","quote_system","brief_only_missing_in_code","no","yes","","output_contract_field","","29_MIRRA_INTEGRATIONS_API_LAYER_v4.0_LOCKED.txt","intended_contract_not_currently_exposed_by_code"
"integrations","raw_import_payload_rows","brief_only_missing_in_code","no","yes","","output_contract_field","","29_MIRRA_INTEGRATIONS_API_LAYER_v4.0_LOCKED.txt","intended_contract_not_currently_exposed_by_code"
"integrations","signed_amount","brief_only_missing_in_code","no","yes","","output_contract_field","","29_MIRRA_INTEGRATIONS_API_LAYER_v4.0_LOCKED.txt","intended_contract_not_currently_exposed_by_code"
"integrations","source_document_number","brief_only_missing_in_code","no","yes","","output_contract_field","","29_MIRRA_INTEGRATIONS_API_LAYER_v4.0_LOCKED.txt","intended_contract_not_currently_exposed_by_code"
"integrations","source_document_type","brief_only_missing_in_code","no","yes","","output_contract_field","","29_MIRRA_INTEGRATIONS_API_LAYER_v4.0_LOCKED.txt","intended_contract_not_currently_exposed_by_code"
"integrations","source_import_id","brief_only_missing_in_code","no","yes","","output_contract_field","","29_MIRRA_INTEGRATIONS_API_LAYER_v4.0_LOCKED.txt","intended_contract_not_currently_exposed_by_code"
"integrations","source_import_rows","brief_only_missing_in_code","no","yes","","output_contract_field","","29_MIRRA_INTEGRATIONS_API_LAYER_v4.0_LOCKED.txt","intended_contract_not_currently_exposed_by_code"
"integrations","source_system","brief_only_missing_in_code","no","yes","","output_contract_field","","29_MIRRA_INTEGRATIONS_API_LAYER_v4.0_LOCKED.txt","intended_contract_not_currently_exposed_by_code"
"integrations","source_trace","brief_only_missing_in_code","no","yes","","output_contract_field","","29_MIRRA_INTEGRATIONS_API_LAYER_v4.0_LOCKED.txt","intended_contract_not_currently_exposed_by_code"
"integrations","source_type","brief_only_missing_in_code","no","yes","","output_contract_field","","29_MIRRA_INTEGRATIONS_API_LAYER_v4.0_LOCKED.txt","intended_contract_not_currently_exposed_by_code"
"integrations","suggested_cog_category","brief_only_missing_in_code","no","yes","","output_contract_field","","29_MIRRA_INTEGRATIONS_API_LAYER_v4.0_LOCKED.txt","intended_contract_not_currently_exposed_by_code"
"integrations","suggested_overhead_category","brief_only_missing_in_code","no","yes","","output_contract_field","","29_MIRRA_INTEGRATIONS_API_LAYER_v4.0_LOCKED.txt","intended_contract_not_currently_exposed_by_code"
"integrations","supplier_id","brief_only_missing_in_code","no","yes","","output_contract_field","","29_MIRRA_INTEGRATIONS_API_LAYER_v4.0_LOCKED.txt","intended_contract_not_currently_exposed_by_code"
"integrations","supplier_name","brief_only_missing_in_code","no","yes","","output_contract_field","","29_MIRRA_INTEGRATIONS_API_LAYER_v4.0_LOCKED.txt","intended_contract_not_currently_exposed_by_code"
"integrations","supplier_normalisation_rows","brief_only_missing_in_code","no","yes","","output_contract_field","","29_MIRRA_INTEGRATIONS_API_LAYER_v4.0_LOCKED.txt","intended_contract_not_currently_exposed_by_code"
"integrations","sync_run_rows","brief_only_missing_in_code","no","yes","","output_contract_field","","29_MIRRA_INTEGRATIONS_API_LAYER_v4.0_LOCKED.txt","intended_contract_not_currently_exposed_by_code"
"integrations","sync_status","brief_only_missing_in_code","no","yes","","output_contract_field","","29_MIRRA_INTEGRATIONS_API_LAYER_v4.0_LOCKED.txt","intended_contract_not_currently_exposed_by_code | status_field"
"integrations","transaction_date","brief_only_missing_in_code","no","yes","","output_contract_field","","29_MIRRA_INTEGRATIONS_API_LAYER_v4.0_LOCKED.txt","intended_contract_not_currently_exposed_by_code"
"integrations","trust_state","brief_only_missing_in_code","no","yes","","output_contract_field","","29_MIRRA_INTEGRATIONS_API_LAYER_v4.0_LOCKED.txt","intended_contract_not_currently_exposed_by_code"
"integrations","warning_count","brief_only_missing_in_code","no","yes","","output_contract_field","","29_MIRRA_INTEGRATIONS_API_LAYER_v4.0_LOCKED.txt","intended_contract_not_currently_exposed_by_code"
"job-costing","job_actual_cost_rows","brief_only_missing_in_code","no","yes","","output_contract_field","","28_MIRRA_DATABASE_STORAGE_EXPORT_LAYER_v4.0_LOCKED.txt","intended_contract_not_currently_exposed_by_code"
"job-costing","job_costing_ready","brief_only_missing_in_code","no","yes","","output_contract_field","","23_MIRRA_JOB_COSTING_PROFITABILITY_v4.0_LOCKED.txt","intended_contract_not_currently_exposed_by_code | readiness_field"
"job-costing","job_costing_source_trace","brief_only_missing_in_code","no","yes","","output_contract_field","","23_MIRRA_JOB_COSTING_PROFITABILITY_v4.0_LOCKED.txt","intended_contract_not_currently_exposed_by_code"
"job-costing","job_costing_status","brief_only_missing_in_code","no","yes","","output_contract_field","","23_MIRRA_JOB_COSTING_PROFITABILITY_v4.0_LOCKED.txt","intended_contract_not_currently_exposed_by_code | status_field"
"job-costing","job_profitability_rows","brief_only_missing_in_code","no","yes","","output_contract_field","","28_MIRRA_DATABASE_STORAGE_EXPORT_LAYER_v4.0_LOCKED.txt","intended_contract_not_currently_exposed_by_code"
"job-costing","reporting_fact_tables","brief_only_missing_in_code","no","yes","","output_contract_field","","28_MIRRA_DATABASE_STORAGE_EXPORT_LAYER_v4.0_LOCKED.txt","intended_contract_not_currently_exposed_by_code"
"labour","activity_driver_type","brief_only_missing_in_code","no","yes","","output_contract_field","","15_MIRRA_REVENUE_REALITY_v4.0_LOCKED.txt","intended_contract_not_currently_exposed_by_code"
"labour","activity_driver_value","brief_only_missing_in_code","no","yes","","output_contract_field","","15_MIRRA_REVENUE_REALITY_v4.0_LOCKED.txt","intended_contract_not_currently_exposed_by_code"
"labour","api_error_rows","brief_only_missing_in_code","no","yes","","output_contract_field","","29_MIRRA_INTEGRATIONS_API_LAYER_v4.0_LOCKED.txt","intended_contract_not_currently_exposed_by_code"
"labour","asset_consumption_rows","brief_only_missing_in_code","no","yes","","output_contract_field","","22_MIRRA_SOQ_JOB_PO_LAYER_v4.0_LOCKED.txt","intended_contract_not_currently_exposed_by_code"
"labour","asset_feedback_rows","brief_only_missing_in_code","no","yes","","output_contract_field","","24_MIRRA_MODEL_FEEDBACK_LOOP_v4.0_LOCKED.txt","intended_contract_not_currently_exposed_by_code"
"labour","asset_finance_benchmark_total","brief_only_missing_in_code","no","yes","","output_contract_field","","04_MIRRA_P_AND_L_PAGE_v4.0_LOCKED.txt","intended_contract_not_currently_exposed_by_code"
"labour","asset_finance_variance_amount","brief_only_missing_in_code","no","yes","","output_contract_field","","10_MIRRA_MODULE_RECONCILIATION_v4.0_LOCKED.txt","intended_contract_not_currently_exposed_by_code"
"labour","asset_finance_variance_percent","brief_only_missing_in_code","no","yes","","output_contract_field","","10_MIRRA_MODULE_RECONCILIATION_v4.0_LOCKED.txt","intended_contract_not_currently_exposed_by_code"
"labour","asset_group_assignments","brief_only_missing_in_code","no","yes","","output_contract_field","","17_MIRRA_COST_ALLOCATION_v4.0_LOCKED.txt","intended_contract_not_currently_exposed_by_code"
"labour","asset_id","brief_only_missing_in_code","no","yes","","output_contract_field","","17_MIRRA_COST_ALLOCATION_v4.0_LOCKED.txt","intended_contract_not_currently_exposed_by_code"
"labour","asset_modelling_rows","brief_only_missing_in_code","no","yes","","output_contract_field","","30_MIRRA_BUSINESS_MODELLING_v4.0_LOCKED.txt","intended_contract_not_currently_exposed_by_code"
"labour","asset_reality_context","brief_only_missing_in_code","no","yes","","output_contract_field","","14_MIRRA_BUSINESS_SUMMARY_v4.0_LOCKED.txt","intended_contract_not_currently_exposed_by_code"
"labour","asset_variance_rows","brief_only_missing_in_code","no","yes","","output_contract_field","","23_MIRRA_JOB_COSTING_PROFITABILITY_v4.0_LOCKED.txt","intended_contract_not_currently_exposed_by_code"
"labour","business_summary_model_trust_state","brief_only_missing_in_code","no","yes","","output_contract_field","","14_MIRRA_BUSINESS_SUMMARY_v4.0_LOCKED.txt","intended_contract_not_currently_exposed_by_code | trust_state_field"
"labour","category_modelling_rows","brief_only_missing_in_code","no","yes","","output_contract_field","","30_MIRRA_BUSINESS_MODELLING_v4.0_LOCKED.txt","intended_contract_not_currently_exposed_by_code"
"labour","current_margin_per_driver","brief_only_missing_in_code","no","yes","","output_contract_field","","15_MIRRA_REVENUE_REALITY_v4.0_LOCKED.txt","intended_contract_not_currently_exposed_by_code"
"labour","default_productive_labour_pool","brief_only_missing_in_code","no","yes","","output_contract_field","","17_MIRRA_COST_ALLOCATION_v4.0_LOCKED.txt","intended_contract_not_currently_exposed_by_code"
"labour","fully_burdened_cost_rate","brief_only_missing_in_code","no","yes","","output_contract_field","","19_MIRRA_RATE_BUILDER_v4.0_LOCKED.txt","intended_contract_not_currently_exposed_by_code"
"labour","general_overheads_benchmark_total","brief_only_missing_in_code","no","yes","","output_contract_field","","04_MIRRA_P_AND_L_PAGE_v4.0_LOCKED.txt","intended_contract_not_currently_exposed_by_code"
"labour","general_overheads_bridge_variance","brief_only_missing_in_code","no","yes","","output_contract_field","","14_MIRRA_BUSINESS_SUMMARY_v4.0_LOCKED.txt","intended_contract_not_currently_exposed_by_code"
"labour","general_overheads_pool","brief_only_missing_in_code","no","yes","","output_contract_field","","17_MIRRA_COST_ALLOCATION_v4.0_LOCKED.txt","intended_contract_not_currently_exposed_by_code"
"labour","group_cost_stacks","brief_only_missing_in_code","no","yes","","output_contract_field","","17_MIRRA_COST_ALLOCATION_v4.0_LOCKED.txt","intended_contract_not_currently_exposed_by_code"
"labour","labour_consumption_of_margin_percent","brief_only_missing_in_code","no","yes","","output_contract_field","","14_MIRRA_BUSINESS_SUMMARY_v4.0_LOCKED.txt | 15_MIRRA_REVENUE_REALITY_v4.0_LOCKED.txt","intended_contract_not_currently_exposed_by_code"
"labour","labour_consumption_rows","brief_only_missing_in_code","no","yes","","output_contract_field","","22_MIRRA_SOQ_JOB_PO_LAYER_v4.0_LOCKED.txt","intended_contract_not_currently_exposed_by_code"
"labour","labour_cost_for_stress_test","brief_only_missing_in_code","no","yes","","output_contract_field","","15_MIRRA_REVENUE_REALITY_v4.0_LOCKED.txt","intended_contract_not_currently_exposed_by_code"
"labour","labour_cost_per_driver","brief_only_missing_in_code","no","yes","","output_contract_field","","15_MIRRA_REVENUE_REALITY_v4.0_LOCKED.txt","intended_contract_not_currently_exposed_by_code"
"labour","labour_feedback_rows","brief_only_missing_in_code","no","yes","","output_contract_field","","24_MIRRA_MODEL_FEEDBACK_LOOP_v4.0_LOCKED.txt","intended_contract_not_currently_exposed_by_code"
"labour","labour_group_assignments","brief_only_missing_in_code","no","yes","","output_contract_field","","17_MIRRA_COST_ALLOCATION_v4.0_LOCKED.txt","intended_contract_not_currently_exposed_by_code"
"labour","labour_import_handoff","brief_only_missing_in_code","no","yes","","output_contract_field","","29_MIRRA_INTEGRATIONS_API_LAYER_v4.0_LOCKED.txt","intended_contract_not_currently_exposed_by_code"
"labour","labour_margin_gap","brief_only_missing_in_code","no","yes","","output_contract_field","","15_MIRRA_REVENUE_REALITY_v4.0_LOCKED.txt","intended_contract_not_currently_exposed_by_code"
"labour","labour_margin_gap_per_driver","brief_only_missing_in_code","no","yes","","output_contract_field","","15_MIRRA_REVENUE_REALITY_v4.0_LOCKED.txt","intended_contract_not_currently_exposed_by_code"
"labour","labour_model_trust_state","brief_only_missing_in_code","no","yes","","output_contract_field","","07_MIRRA_LABOUR_MODULE_v4.0_LOCKED.txt","intended_contract_not_currently_exposed_by_code | trust_state_field"
"labour","labour_modelling_rows","brief_only_missing_in_code","no","yes","","output_contract_field","","30_MIRRA_BUSINESS_MODELLING_v4.0_LOCKED.txt","intended_contract_not_currently_exposed_by_code"
"labour","labour_shortfall_against_margin","brief_only_missing_in_code","no","yes","","output_contract_field","","14_MIRRA_BUSINESS_SUMMARY_v4.0_LOCKED.txt | 15_MIRRA_REVENUE_REALITY_v4.0_LOCKED.txt","intended_contract_not_currently_exposed_by_code"
"labour","labour_variance_amount","brief_only_missing_in_code","no","yes","","output_contract_field","","10_MIRRA_MODULE_RECONCILIATION_v4.0_LOCKED.txt","intended_contract_not_currently_exposed_by_code"
"labour","labour_variance_percent","brief_only_missing_in_code","no","yes","","output_contract_field","","10_MIRRA_MODULE_RECONCILIATION_v4.0_LOCKED.txt","intended_contract_not_currently_exposed_by_code"
"labour","labour_variance_rows","brief_only_missing_in_code","no","yes","","output_contract_field","","23_MIRRA_JOB_COSTING_PROFITABILITY_v4.0_LOCKED.txt","intended_contract_not_currently_exposed_by_code"
"labour","labour_warning_count","brief_only_missing_in_code","no","yes","","output_contract_field","","07_MIRRA_LABOUR_MODULE_v4.0_LOCKED.txt","intended_contract_not_currently_exposed_by_code"
"labour","labour_warnings","brief_only_missing_in_code","no","yes","","output_contract_field","","07_MIRRA_LABOUR_MODULE_v4.0_LOCKED.txt","intended_contract_not_currently_exposed_by_code | warnings_field"
"labour","margin_after_labour","brief_only_missing_in_code","no","yes","","output_contract_field","","14_MIRRA_BUSINESS_SUMMARY_v4.0_LOCKED.txt | 15_MIRRA_REVENUE_REALITY_v4.0_LOCKED.txt","intended_contract_not_currently_exposed_by_code"
"labour","margin_after_labour_per_driver","brief_only_missing_in_code","no","yes","","output_contract_field","","15_MIRRA_REVENUE_REALITY_v4.0_LOCKED.txt","intended_contract_not_currently_exposed_by_code"
"labour","margin_after_labour_percent_of_revenue","brief_only_missing_in_code","no","yes","","output_contract_field","","15_MIRRA_REVENUE_REALITY_v4.0_LOCKED.txt","intended_contract_not_currently_exposed_by_code"
"labour","margin_pool","brief_only_missing_in_code","no","yes","","output_contract_field","","15_MIRRA_REVENUE_REALITY_v4.0_LOCKED.txt","intended_contract_not_currently_exposed_by_code"
"labour","margin_surplus_after_labour","brief_only_missing_in_code","no","yes","","output_contract_field","","14_MIRRA_BUSINESS_SUMMARY_v4.0_LOCKED.txt | 15_MIRRA_REVENUE_REALITY_v4.0_LOCKED.txt","intended_contract_not_currently_exposed_by_code"
"labour","material_category_feedback_rows","brief_only_missing_in_code","no","yes","","output_contract_field","","24_MIRRA_MODEL_FEEDBACK_LOOP_v4.0_LOCKED.txt","intended_contract_not_currently_exposed_by_code"
"labour","material_consumption_rows","brief_only_missing_in_code","no","yes","","output_contract_field","","22_MIRRA_SOQ_JOB_PO_LAYER_v4.0_LOCKED.txt","intended_contract_not_currently_exposed_by_code"
"labour","material_margin_percent","brief_only_missing_in_code","no","yes","","output_contract_field","","14_MIRRA_BUSINESS_SUMMARY_v4.0_LOCKED.txt","intended_contract_not_currently_exposed_by_code"
"labour","material_variance_rows","brief_only_missing_in_code","no","yes","","output_contract_field","","23_MIRRA_JOB_COSTING_PROFITABILITY_v4.0_LOCKED.txt","intended_contract_not_currently_exposed_by_code"
"labour","net_position","brief_only_missing_in_code","no","yes","","output_contract_field","","14_MIRRA_BUSINESS_SUMMARY_v4.0_LOCKED.txt","intended_contract_not_currently_exposed_by_code"
"labour","non_productive_staff_count","brief_only_missing_in_code","no","yes","","output_contract_field","","07_MIRRA_LABOUR_MODULE_v4.0_LOCKED.txt","intended_contract_not_currently_exposed_by_code"
"labour","normalised_reconciliation_inputs","brief_only_missing_in_code","no","yes","","output_contract_field","","10_MIRRA_MODULE_RECONCILIATION_v4.0_LOCKED.txt","intended_contract_not_currently_exposed_by_code"
"labour","overhead_feedback_rows","brief_only_missing_in_code","no","yes","","output_contract_field","","24_MIRRA_MODEL_FEEDBACK_LOOP_v4.0_LOCKED.txt","intended_contract_not_currently_exposed_by_code"
"labour","overhead_modelling_rows","brief_only_missing_in_code","no","yes","","output_contract_field","","30_MIRRA_BUSINESS_MODELLING_v4.0_LOCKED.txt","intended_contract_not_currently_exposed_by_code"
"labour","productive_asset_pool","brief_only_missing_in_code","no","yes","","output_contract_field","","17_MIRRA_COST_ALLOCATION_v4.0_LOCKED.txt","intended_contract_not_currently_exposed_by_code"
"labour","productive_labour_pool","brief_only_missing_in_code","no","yes","","output_contract_field","","17_MIRRA_COST_ALLOCATION_v4.0_LOCKED.txt","intended_contract_not_currently_exposed_by_code"
"labour","productive_staff_count","brief_only_missing_in_code","no","yes","","output_contract_field","","07_MIRRA_LABOUR_MODULE_v4.0_LOCKED.txt","intended_contract_not_currently_exposed_by_code"
"labour","rate_target_rows","brief_only_missing_in_code","no","yes","","output_contract_field","","30_MIRRA_BUSINESS_MODELLING_v4.0_LOCKED.txt","intended_contract_not_currently_exposed_by_code"
"labour","residual_margin_after_labour","brief_only_missing_in_code","no","yes","","output_contract_field","","14_MIRRA_BUSINESS_SUMMARY_v4.0_LOCKED.txt | 15_MIRRA_REVENUE_REALITY_v4.0_LOCKED.txt","intended_contract_not_currently_exposed_by_code"
"labour","revenue_reality_context","brief_only_missing_in_code","no","yes","","output_contract_field","","14_MIRRA_BUSINESS_SUMMARY_v4.0_LOCKED.txt","intended_contract_not_currently_exposed_by_code"
"labour","revenue_reality_model_trust_state","brief_only_missing_in_code","no","yes","","output_contract_field","","14_MIRRA_BUSINESS_SUMMARY_v4.0_LOCKED.txt | 15_MIRRA_REVENUE_REALITY_v4.0_LOCKED.txt","intended_contract_not_currently_exposed_by_code | trust_state_field"
"labour","revenue_reality_status","brief_only_missing_in_code","no","yes","","output_contract_field","","14_MIRRA_BUSINESS_SUMMARY_v4.0_LOCKED.txt | 15_MIRRA_REVENUE_REALITY_v4.0_LOCKED.txt","intended_contract_not_currently_exposed_by_code | status_field"
"labour","revenue_reality_summary_cards","brief_only_missing_in_code","no","yes","","output_contract_field","","15_MIRRA_REVENUE_REALITY_v4.0_LOCKED.txt","intended_contract_not_currently_exposed_by_code"
"labour","source_trace","brief_only_missing_in_code","no","yes","","output_contract_field","","29_MIRRA_INTEGRATIONS_API_LAYER_v4.0_LOCKED.txt","intended_contract_not_currently_exposed_by_code"
"labour","staff_types","brief_only_missing_in_code","no","yes","","output_contract_field","","07_MIRRA_LABOUR_MODULE_v4.0_LOCKED.txt","intended_contract_not_currently_exposed_by_code"
"labour","subcontractor_consumption_rows","brief_only_missing_in_code","no","yes","","output_contract_field","","22_MIRRA_SOQ_JOB_PO_LAYER_v4.0_LOCKED.txt","intended_contract_not_currently_exposed_by_code"
"labour","subcontractor_variance_rows","brief_only_missing_in_code","no","yes","","output_contract_field","","23_MIRRA_JOB_COSTING_PROFITABILITY_v4.0_LOCKED.txt","intended_contract_not_currently_exposed_by_code"
"labour","suggested_labour_category","brief_only_missing_in_code","no","yes","","output_contract_field","","29_MIRRA_INTEGRATIONS_API_LAYER_v4.0_LOCKED.txt","intended_contract_not_currently_exposed_by_code"
"labour","suggested_sell_rate","brief_only_missing_in_code","no","yes","","output_contract_field","","19_MIRRA_RATE_BUILDER_v4.0_LOCKED.txt","intended_contract_not_currently_exposed_by_code"
"labour","supplier_feedback_rows","brief_only_missing_in_code","no","yes","","output_contract_field","","24_MIRRA_MODEL_FEEDBACK_LOOP_v4.0_LOCKED.txt","intended_contract_not_currently_exposed_by_code"
"labour","total_asset_cost_annual","brief_only_missing_in_code","no","yes","","output_contract_field","","14_MIRRA_BUSINESS_SUMMARY_v4.0_LOCKED.txt","intended_contract_not_currently_exposed_by_code"
"labour","total_assigned_labour_cost","brief_only_missing_in_code","no","yes","","output_contract_field","","17_MIRRA_COST_ALLOCATION_v4.0_LOCKED.txt","intended_contract_not_currently_exposed_by_code"
"labour","total_assigned_labour_hours","brief_only_missing_in_code","no","yes","","output_contract_field","","17_MIRRA_COST_ALLOCATION_v4.0_LOCKED.txt","intended_contract_not_currently_exposed_by_code"
"labour","total_available_asset_burden","brief_only_missing_in_code","no","yes","","output_contract_field","","17_MIRRA_COST_ALLOCATION_v4.0_LOCKED.txt","intended_contract_not_currently_exposed_by_code"
"labour","total_available_labour_cost","brief_only_missing_in_code","no","yes","","output_contract_field","","17_MIRRA_COST_ALLOCATION_v4.0_LOCKED.txt","intended_contract_not_currently_exposed_by_code"
"labour","total_available_labour_hours","brief_only_missing_in_code","no","yes","","output_contract_field","","17_MIRRA_COST_ALLOCATION_v4.0_LOCKED.txt","intended_contract_not_currently_exposed_by_code"
"labour","total_business_overheads","brief_only_missing_in_code","no","yes","","output_contract_field","","14_MIRRA_BUSINESS_SUMMARY_v4.0_LOCKED.txt","intended_contract_not_currently_exposed_by_code"
"labour","total_cost_burden","brief_only_missing_in_code","no","yes","","output_contract_field","","07_MIRRA_LABOUR_MODULE_v4.0_LOCKED.txt","intended_contract_not_currently_exposed_by_code"
"labour","total_non_productive_labour_cost","brief_only_missing_in_code","no","yes","","output_contract_field","","07_MIRRA_LABOUR_MODULE_v4.0_LOCKED.txt","intended_contract_not_currently_exposed_by_code"
"labour","total_people_cost_annual","brief_only_missing_in_code","no","yes","","output_contract_field","","07_MIRRA_LABOUR_MODULE_v4.0_LOCKED.txt | 14_MIRRA_BUSINESS_SUMMARY_v4.0_LOCKED.txt","intended_contract_not_currently_exposed_by_code"
"labour","total_remaining_labour_cost","brief_only_missing_in_code","no","yes","","output_contract_field","","17_MIRRA_COST_ALLOCATION_v4.0_LOCKED.txt","intended_contract_not_currently_exposed_by_code"
"labour","total_remaining_labour_hours","brief_only_missing_in_code","no","yes","","output_contract_field","","17_MIRRA_COST_ALLOCATION_v4.0_LOCKED.txt","intended_contract_not_currently_exposed_by_code"
"labour","total_staff_count","brief_only_missing_in_code","no","yes","","output_contract_field","","07_MIRRA_LABOUR_MODULE_v4.0_LOCKED.txt","intended_contract_not_currently_exposed_by_code"
"labour","unassigned_productive_staff","brief_only_missing_in_code","no","yes","","output_contract_field","","07_MIRRA_LABOUR_MODULE_v4.0_LOCKED.txt","intended_contract_not_currently_exposed_by_code"
"labour","unassigned_productive_staff_cost","brief_only_missing_in_code","no","yes","","output_contract_field","","07_MIRRA_LABOUR_MODULE_v4.0_LOCKED.txt","intended_contract_not_currently_exposed_by_code"
"labour","unassigned_productive_staff_hours","brief_only_missing_in_code","no","yes","","output_contract_field","","07_MIRRA_LABOUR_MODULE_v4.0_LOCKED.txt","intended_contract_not_currently_exposed_by_code"
"labour","warning_checks","brief_only_missing_in_code","no","yes","","output_contract_field","","10_MIRRA_MODULE_RECONCILIATION_v4.0_LOCKED.txt","intended_contract_not_currently_exposed_by_code"
"labour","working_groups","brief_only_missing_in_code","no","yes","","output_contract_field","","17_MIRRA_COST_ALLOCATION_v4.0_LOCKED.txt","intended_contract_not_currently_exposed_by_code"
"macro-micro","blocking_share_warning_count","brief_only_missing_in_code","no","yes","","output_contract_field","","# QS Tools ? Future Build Brief Micro Recovery Layer Rollout.txt","intended_contract_not_currently_exposed_by_code"
"macro-micro","over_allocated_share_percent","brief_only_missing_in_code","no","yes","","output_contract_field","","# QS Tools ? Future Build Brief Micro Recovery Layer Rollout.txt","intended_contract_not_currently_exposed_by_code"
"macro-micro","recovery_share_total_percent","brief_only_missing_in_code","no","yes","","output_contract_field","","# QS Tools ? Future Build Brief Micro Recovery Layer Rollout.txt","intended_contract_not_currently_exposed_by_code"
"macro-micro","review_share_warning_count","brief_only_missing_in_code","no","yes","","output_contract_field","","# QS Tools ? Future Build Brief Micro Recovery Layer Rollout.txt","intended_contract_not_currently_exposed_by_code"
"macro-micro","share_warning_count","brief_only_missing_in_code","no","yes","","output_contract_field","","# QS Tools ? Future Build Brief Micro Recovery Layer Rollout.txt","intended_contract_not_currently_exposed_by_code"
"macro-micro","share_warning_rows","brief_only_missing_in_code","no","yes","","output_contract_field","","# QS Tools ? Future Build Brief Micro Recovery Layer Rollout.txt","intended_contract_not_currently_exposed_by_code"
"macro-micro","unallocated_share_percent","brief_only_missing_in_code","no","yes","","output_contract_field","","# QS Tools ? Future Build Brief Micro Recovery Layer Rollout.txt","intended_contract_not_currently_exposed_by_code"
"model-readiness","business_modelling_model_trust_state","brief_only_missing_in_code","no","yes","","output_contract_field","","30_MIRRA_BUSINESS_MODELLING_v4.0_LOCKED.txt","intended_contract_not_currently_exposed_by_code | trust_state_field"
"model-readiness","business_modelling_scenario_rows","brief_only_missing_in_code","no","yes","","output_contract_field","","30_MIRRA_BUSINESS_MODELLING_v4.0_LOCKED.txt","intended_contract_not_currently_exposed_by_code"
"model-readiness","business_modelling_warning_count","brief_only_missing_in_code","no","yes","","output_contract_field","","30_MIRRA_BUSINESS_MODELLING_v4.0_LOCKED.txt","intended_contract_not_currently_exposed_by_code"
"model-readiness","business_modelling_warnings","brief_only_missing_in_code","no","yes","","output_contract_field","","30_MIRRA_BUSINESS_MODELLING_v4.0_LOCKED.txt","intended_contract_not_currently_exposed_by_code | warnings_field"
"model-readiness","business_outcome_model_trust_state","brief_only_missing_in_code","no","yes","","output_contract_field","","20_MIRRA_BUSINESS_OUTCOME_v4.0_LOCKED.txt","intended_contract_not_currently_exposed_by_code | trust_state_field"
"model-readiness","business_outcome_warning_count","brief_only_missing_in_code","no","yes","","output_contract_field","","20_MIRRA_BUSINESS_OUTCOME_v4.0_LOCKED.txt","intended_contract_not_currently_exposed_by_code"
"model-readiness","business_outcome_warnings","brief_only_missing_in_code","no","yes","","output_contract_field","","20_MIRRA_BUSINESS_OUTCOME_v4.0_LOCKED.txt","intended_contract_not_currently_exposed_by_code | warnings_field"
"model-readiness","business_summary_warning_count","brief_only_missing_in_code","no","yes","","output_contract_field","","14_MIRRA_BUSINESS_SUMMARY_v4.0_LOCKED.txt","intended_contract_not_currently_exposed_by_code"
"model-readiness","business_summary_warnings","brief_only_missing_in_code","no","yes","","output_contract_field","","14_MIRRA_BUSINESS_SUMMARY_v4.0_LOCKED.txt","intended_contract_not_currently_exposed_by_code | warnings_field"
"model-readiness","cost_allocation_model_trust_state","brief_only_missing_in_code","no","yes","","output_contract_field","","17_MIRRA_COST_ALLOCATION_v4.0_LOCKED.txt","intended_contract_not_currently_exposed_by_code | trust_state_field"
"model-readiness","cost_allocation_status","brief_only_missing_in_code","no","yes","","output_contract_field","","17_MIRRA_COST_ALLOCATION_v4.0_LOCKED.txt","intended_contract_not_currently_exposed_by_code | status_field"
"model-readiness","cost_allocation_warning_count","brief_only_missing_in_code","no","yes","","output_contract_field","","17_MIRRA_COST_ALLOCATION_v4.0_LOCKED.txt","intended_contract_not_currently_exposed_by_code"
"model-readiness","cost_allocation_warnings","brief_only_missing_in_code","no","yes","","output_contract_field","","17_MIRRA_COST_ALLOCATION_v4.0_LOCKED.txt","intended_contract_not_currently_exposed_by_code | warnings_field"
"model-readiness","current_outcome_summary","brief_only_missing_in_code","no","yes","","output_contract_field","","20_MIRRA_BUSINESS_OUTCOME_v4.0_LOCKED.txt","intended_contract_not_currently_exposed_by_code"
"model-readiness","group_cost_stacks","brief_only_missing_in_code","no","yes","","output_contract_field","","17_MIRRA_COST_ALLOCATION_v4.0_LOCKED.txt","intended_contract_not_currently_exposed_by_code"
"model-readiness","group_recovery_rows","brief_only_missing_in_code","no","yes","","output_contract_field","","18_MIRRA_RECOVERY_SUMMARY_v4.0_LOCKED.txt","intended_contract_not_currently_exposed_by_code"
"model-readiness","job_costing_model_trust_state","brief_only_missing_in_code","no","yes","","output_contract_field","","23_MIRRA_JOB_COSTING_PROFITABILITY_v4.0_LOCKED.txt","intended_contract_not_currently_exposed_by_code | trust_state_field"
"model-readiness","job_costing_warning_count","brief_only_missing_in_code","no","yes","","output_contract_field","","23_MIRRA_JOB_COSTING_PROFITABILITY_v4.0_LOCKED.txt","intended_contract_not_currently_exposed_by_code"
"model-readiness","job_costing_warnings","brief_only_missing_in_code","no","yes","","output_contract_field","","23_MIRRA_JOB_COSTING_PROFITABILITY_v4.0_LOCKED.txt","intended_contract_not_currently_exposed_by_code | warnings_field"
"model-readiness","job_profitability_rows","brief_only_missing_in_code","no","yes","","output_contract_field","","23_MIRRA_JOB_COSTING_PROFITABILITY_v4.0_LOCKED.txt","intended_contract_not_currently_exposed_by_code"
"model-readiness","job_rows","brief_only_missing_in_code","no","yes","","output_contract_field","","22_MIRRA_SOQ_JOB_PO_LAYER_v4.0_LOCKED.txt","intended_contract_not_currently_exposed_by_code"
"model-readiness","minimum_recoverable_rate","brief_only_missing_in_code","no","yes","","output_contract_field","","19_MIRRA_RATE_BUILDER_v4.0_LOCKED.txt","intended_contract_not_currently_exposed_by_code"
"model-readiness","quote_checker_model_trust_state","brief_only_missing_in_code","no","yes","","output_contract_field","","21_MIRRA_QUOTE_CHECKER_v4.0_LOCKED.txt","intended_contract_not_currently_exposed_by_code | trust_state_field"
"model-readiness","quote_checker_warning_count","brief_only_missing_in_code","no","yes","","output_contract_field","","21_MIRRA_QUOTE_CHECKER_v4.0_LOCKED.txt","intended_contract_not_currently_exposed_by_code"
"model-readiness","quote_checker_warnings","brief_only_missing_in_code","no","yes","","output_contract_field","","21_MIRRA_QUOTE_CHECKER_v4.0_LOCKED.txt","intended_contract_not_currently_exposed_by_code | warnings_field"
"model-readiness","quote_header","brief_only_missing_in_code","no","yes","","output_contract_field","","21_MIRRA_QUOTE_CHECKER_v4.0_LOCKED.txt","intended_contract_not_currently_exposed_by_code"
"model-readiness","rate_builder_model_trust_state","brief_only_missing_in_code","no","yes","","output_contract_field","","19_MIRRA_RATE_BUILDER_v4.0_LOCKED.txt","intended_contract_not_currently_exposed_by_code | trust_state_field"
"model-readiness","rate_builder_rows","brief_only_missing_in_code","no","yes","","output_contract_field","","19_MIRRA_RATE_BUILDER_v4.0_LOCKED.txt","intended_contract_not_currently_exposed_by_code"
"model-readiness","rate_builder_status","brief_only_missing_in_code","no","yes","","output_contract_field","","19_MIRRA_RATE_BUILDER_v4.0_LOCKED.txt","intended_contract_not_currently_exposed_by_code | status_field"
"model-readiness","rate_builder_warnings","brief_only_missing_in_code","no","yes","","output_contract_field","","19_MIRRA_RATE_BUILDER_v4.0_LOCKED.txt","intended_contract_not_currently_exposed_by_code | warnings_field"
"model-readiness","recovery_model_type","brief_only_missing_in_code","no","yes","","output_contract_field","","18_MIRRA_RECOVERY_SUMMARY_v4.0_LOCKED.txt","intended_contract_not_currently_exposed_by_code"
"model-readiness","recovery_summary_model_trust_state","brief_only_missing_in_code","no","yes","","output_contract_field","","18_MIRRA_RECOVERY_SUMMARY_v4.0_LOCKED.txt","intended_contract_not_currently_exposed_by_code | trust_state_field"
"model-readiness","recovery_summary_status","brief_only_missing_in_code","no","yes","","output_contract_field","","18_MIRRA_RECOVERY_SUMMARY_v4.0_LOCKED.txt","intended_contract_not_currently_exposed_by_code | status_field"
"model-readiness","recovery_summary_warning_count","brief_only_missing_in_code","no","yes","","output_contract_field","","18_MIRRA_RECOVERY_SUMMARY_v4.0_LOCKED.txt","intended_contract_not_currently_exposed_by_code"
"model-readiness","recovery_summary_warnings","brief_only_missing_in_code","no","yes","","output_contract_field","","18_MIRRA_RECOVERY_SUMMARY_v4.0_LOCKED.txt","intended_contract_not_currently_exposed_by_code | warnings_field"
"model-readiness","revenue_reality_model_trust_state","brief_only_missing_in_code","no","yes","","output_contract_field","","15_MIRRA_REVENUE_REALITY_v4.0_LOCKED.txt","intended_contract_not_currently_exposed_by_code | trust_state_field"
"model-readiness","revenue_reality_warning_count","brief_only_missing_in_code","no","yes","","output_contract_field","","15_MIRRA_REVENUE_REALITY_v4.0_LOCKED.txt","intended_contract_not_currently_exposed_by_code"
"model-readiness","revenue_reality_warnings","brief_only_missing_in_code","no","yes","","output_contract_field","","15_MIRRA_REVENUE_REALITY_v4.0_LOCKED.txt","intended_contract_not_currently_exposed_by_code | warnings_field"
"model-readiness","soq_job_po_model_trust_state","brief_only_missing_in_code","no","yes","","output_contract_field","","22_MIRRA_SOQ_JOB_PO_LAYER_v4.0_LOCKED.txt","intended_contract_not_currently_exposed_by_code | trust_state_field"
"model-readiness","soq_job_po_warning_count","brief_only_missing_in_code","no","yes","","output_contract_field","","22_MIRRA_SOQ_JOB_PO_LAYER_v4.0_LOCKED.txt","intended_contract_not_currently_exposed_by_code"
"model-readiness","soq_job_po_warnings","brief_only_missing_in_code","no","yes","","output_contract_field","","22_MIRRA_SOQ_JOB_PO_LAYER_v4.0_LOCKED.txt","intended_contract_not_currently_exposed_by_code | warnings_field"
"model-review","blocked_review_items","brief_only_missing_in_code","no","yes","","output_contract_field","","25_MIRRA_MODEL_REVIEW_APPROVAL_v4.0_LOCKED.txt","intended_contract_not_currently_exposed_by_code"
"model-review","deferred_review_items","brief_only_missing_in_code","no","yes","","output_contract_field","","25_MIRRA_MODEL_REVIEW_APPROVAL_v4.0_LOCKED.txt","intended_contract_not_currently_exposed_by_code"
"model-review","model_review_cards","brief_only_missing_in_code","no","yes","","output_contract_field","","25_MIRRA_MODEL_REVIEW_APPROVAL_v4.0_LOCKED.txt","intended_contract_not_currently_exposed_by_code"
"model-review","model_review_queue_rows","brief_only_missing_in_code","no","yes","","output_contract_field","","25_MIRRA_MODEL_REVIEW_APPROVAL_v4.0_LOCKED.txt","intended_contract_not_currently_exposed_by_code"
"model-review","model_review_ready","brief_only_missing_in_code","no","yes","","output_contract_field","","25_MIRRA_MODEL_REVIEW_APPROVAL_v4.0_LOCKED.txt","intended_contract_not_currently_exposed_by_code | readiness_field"
"model-review","model_review_source_trace","brief_only_missing_in_code","no","yes","","output_contract_field","","25_MIRRA_MODEL_REVIEW_APPROVAL_v4.0_LOCKED.txt","intended_contract_not_currently_exposed_by_code"
"model-review","model_review_status","brief_only_missing_in_code","no","yes","","output_contract_field","","25_MIRRA_MODEL_REVIEW_APPROVAL_v4.0_LOCKED.txt","intended_contract_not_currently_exposed_by_code | status_field"
"model-review","model_review_trust_state","brief_only_missing_in_code","no","yes","","output_contract_field","","25_MIRRA_MODEL_REVIEW_APPROVAL_v4.0_LOCKED.txt","intended_contract_not_currently_exposed_by_code | trust_state_field"
"model-review","model_review_warning_count","brief_only_missing_in_code","no","yes","","output_contract_field","","25_MIRRA_MODEL_REVIEW_APPROVAL_v4.0_LOCKED.txt","intended_contract_not_currently_exposed_by_code"
"model-review","model_review_warnings","brief_only_missing_in_code","no","yes","","output_contract_field","","25_MIRRA_MODEL_REVIEW_APPROVAL_v4.0_LOCKED.txt","intended_contract_not_currently_exposed_by_code | warnings_field"
"model-review","rejected_review_items","brief_only_missing_in_code","no","yes","","output_contract_field","","25_MIRRA_MODEL_REVIEW_APPROVAL_v4.0_LOCKED.txt","intended_contract_not_currently_exposed_by_code"
"module-reconciliation","allocation_reconciliation_checks","brief_only_missing_in_code","no","yes","","output_contract_field","","17_MIRRA_COST_ALLOCATION_v4.0_LOCKED.txt","intended_contract_not_currently_exposed_by_code"
"module-reconciliation","blocking_checks","brief_only_missing_in_code","no","yes","","output_contract_field","","10_MIRRA_MODULE_RECONCILIATION_v4.0_LOCKED.txt","intended_contract_not_currently_exposed_by_code"
"module-reconciliation","commercial_warnings","brief_only_missing_in_code","no","yes","","output_contract_field","","26_MIRRA_DATA_QUALITY_DASHBOARD_v4.0_LOCKED.txt","intended_contract_not_currently_exposed_by_code | warnings_field"
"module-reconciliation","data_mapping_issues","brief_only_missing_in_code","no","yes","","output_contract_field","","26_MIRRA_DATA_QUALITY_DASHBOARD_v4.0_LOCKED.txt","intended_contract_not_currently_exposed_by_code"
"module-reconciliation","module_reconciliation_model_trust_state","brief_only_missing_in_code","no","yes","","output_contract_field","","10_MIRRA_MODULE_RECONCILIATION_v4.0_LOCKED.txt","intended_contract_not_currently_exposed_by_code | trust_state_field"
"module-reconciliation","module_reconciliation_warning_count","brief_only_missing_in_code","no","yes","","output_contract_field","","10_MIRRA_MODULE_RECONCILIATION_v4.0_LOCKED.txt","intended_contract_not_currently_exposed_by_code"
"module-reconciliation","module_reconciliation_warnings","brief_only_missing_in_code","no","yes","","output_contract_field","","10_MIRRA_MODULE_RECONCILIATION_v4.0_LOCKED.txt","intended_contract_not_currently_exposed_by_code | warnings_field"
"module-reconciliation","quote_line_profitability_rows","brief_only_missing_in_code","no","yes","","output_contract_field","","23_MIRRA_JOB_COSTING_PROFITABILITY_v4.0_LOCKED.txt","intended_contract_not_currently_exposed_by_code"
"module-reconciliation","reconciliation_checks","brief_only_missing_in_code","no","yes","","output_contract_field","","10_MIRRA_MODULE_RECONCILIATION_v4.0_LOCKED.txt","intended_contract_not_currently_exposed_by_code"
"module-reconciliation","reconciliation_issues","brief_only_missing_in_code","no","yes","","output_contract_field","","26_MIRRA_DATA_QUALITY_DASHBOARD_v4.0_LOCKED.txt","intended_contract_not_currently_exposed_by_code"
"module-reconciliation","reconciliation_ready","brief_only_missing_in_code","no","yes","","output_contract_field","","10_MIRRA_MODULE_RECONCILIATION_v4.0_LOCKED.txt","intended_contract_not_currently_exposed_by_code | readiness_field"
"module-reconciliation","reconciliation_status","brief_only_missing_in_code","no","yes","","output_contract_field","","10_MIRRA_MODULE_RECONCILIATION_v4.0_LOCKED.txt","intended_contract_not_currently_exposed_by_code | status_field"
"module-reconciliation","source_trace_issues","brief_only_missing_in_code","no","yes","","output_contract_field","","26_MIRRA_DATA_QUALITY_DASHBOARD_v4.0_LOCKED.txt","intended_contract_not_currently_exposed_by_code"
"module-reconciliation","supplier_job_performance_rows","brief_only_missing_in_code","no","yes","","output_contract_field","","23_MIRRA_JOB_COSTING_PROFITABILITY_v4.0_LOCKED.txt","intended_contract_not_currently_exposed_by_code"
"module-reconciliation","total_assigned_source_cost","brief_only_missing_in_code","no","yes","","output_contract_field","","17_MIRRA_COST_ALLOCATION_v4.0_LOCKED.txt","intended_contract_not_currently_exposed_by_code"
"module-reconciliation","total_group_assigned_cost","brief_only_missing_in_code","no","yes","","output_contract_field","","17_MIRRA_COST_ALLOCATION_v4.0_LOCKED.txt","intended_contract_not_currently_exposed_by_code"
"p-and-l","asset_finance_benchmark_total","brief_only_missing_in_code","no","yes","","output_contract_field","","04_MIRRA_P_AND_L_PAGE_v4.0_LOCKED.txt","intended_contract_not_currently_exposed_by_code"
"p-and-l","asset_finance_bridge_variance","brief_only_missing_in_code","no","yes","","output_contract_field","","14_MIRRA_BUSINESS_SUMMARY_v4.0_LOCKED.txt","intended_contract_not_currently_exposed_by_code"
"p-and-l","assets_warnings","brief_only_missing_in_code","no","yes","","output_contract_field","","09_MIRRA_ASSETS_MODULE_v4.0_LOCKED.txt","intended_contract_not_currently_exposed_by_code | warnings_field"
"p-and-l","cost_of_sales","brief_only_missing_in_code","no","yes","","output_contract_field","","04_MIRRA_P_AND_L_PAGE_v4.0_LOCKED.txt","intended_contract_not_currently_exposed_by_code"
"p-and-l","cost_of_sales_benchmark_total","brief_only_missing_in_code","no","yes","","output_contract_field","","04_MIRRA_P_AND_L_PAGE_v4.0_LOCKED.txt","intended_contract_not_currently_exposed_by_code"
"p-and-l","duplicate_import_rows","brief_only_missing_in_code","no","yes","","output_contract_field","","29_MIRRA_INTEGRATIONS_API_LAYER_v4.0_LOCKED.txt","intended_contract_not_currently_exposed_by_code"
"p-and-l","general_overheads_import_handoff","brief_only_missing_in_code","no","yes","","output_contract_field","","29_MIRRA_INTEGRATIONS_API_LAYER_v4.0_LOCKED.txt","intended_contract_not_currently_exposed_by_code"
"p-and-l","labour_bridge_variance","brief_only_missing_in_code","no","yes","","output_contract_field","","14_MIRRA_BUSINESS_SUMMARY_v4.0_LOCKED.txt","intended_contract_not_currently_exposed_by_code"
"p-and-l","labour_warnings","brief_only_missing_in_code","no","yes","","output_contract_field","","07_MIRRA_LABOUR_MODULE_v4.0_LOCKED.txt","intended_contract_not_currently_exposed_by_code | warnings_field"
"p-and-l","mirra_operating_position","brief_only_missing_in_code","no","yes","","output_contract_field","","14_MIRRA_BUSINESS_SUMMARY_v4.0_LOCKED.txt","intended_contract_not_currently_exposed_by_code"
"p-and-l","module_total_business_costs","brief_only_missing_in_code","no","yes","","output_contract_field","","10_MIRRA_MODULE_RECONCILIATION_v4.0_LOCKED.txt","intended_contract_not_currently_exposed_by_code"
"p-and-l","operating_expense_benchmark_total","brief_only_missing_in_code","no","yes","","output_contract_field","","04_MIRRA_P_AND_L_PAGE_v4.0_LOCKED.txt","intended_contract_not_currently_exposed_by_code"
"p-and-l","pnl_business_cost_variance","brief_only_missing_in_code","no","yes","","output_contract_field","","10_MIRRA_MODULE_RECONCILIATION_v4.0_LOCKED.txt","intended_contract_not_currently_exposed_by_code"
"p-and-l","pnl_business_cost_variance_percent","brief_only_missing_in_code","no","yes","","output_contract_field","","10_MIRRA_MODULE_RECONCILIATION_v4.0_LOCKED.txt","intended_contract_not_currently_exposed_by_code"
"p-and-l","pnl_classifications","brief_only_missing_in_code","no","yes","","output_contract_field","","04_MIRRA_P_AND_L_PAGE_v4.0_LOCKED.txt","intended_contract_not_currently_exposed_by_code"
"p-and-l","pnl_gross_margin_percent","brief_only_missing_in_code","no","yes","","output_contract_field","","04_MIRRA_P_AND_L_PAGE_v4.0_LOCKED.txt","intended_contract_not_currently_exposed_by_code"
"p-and-l","pnl_gross_profit","brief_only_missing_in_code","no","yes","","output_contract_field","","04_MIRRA_P_AND_L_PAGE_v4.0_LOCKED.txt","intended_contract_not_currently_exposed_by_code"
"p-and-l","pnl_import_handoff","brief_only_missing_in_code","no","yes","","output_contract_field","","29_MIRRA_INTEGRATIONS_API_LAYER_v4.0_LOCKED.txt","intended_contract_not_currently_exposed_by_code"
"p-and-l","pnl_imported_at","brief_only_missing_in_code","no","yes","","output_contract_field","","04_MIRRA_P_AND_L_PAGE_v4.0_LOCKED.txt","intended_contract_not_currently_exposed_by_code"
"p-and-l","pnl_lines","brief_only_missing_in_code","no","yes","","output_contract_field","","04_MIRRA_P_AND_L_PAGE_v4.0_LOCKED.txt","intended_contract_not_currently_exposed_by_code"
"p-and-l","pnl_model_trust_state","brief_only_missing_in_code","no","yes","","output_contract_field","","04_MIRRA_P_AND_L_PAGE_v4.0_LOCKED.txt","intended_contract_not_currently_exposed_by_code | trust_state_field"
"p-and-l","pnl_net_profit","brief_only_missing_in_code","no","yes","","output_contract_field","","04_MIRRA_P_AND_L_PAGE_v4.0_LOCKED.txt","intended_contract_not_currently_exposed_by_code"
"p-and-l","pnl_period","brief_only_missing_in_code","no","yes","","output_contract_field","","04_MIRRA_P_AND_L_PAGE_v4.0_LOCKED.txt","intended_contract_not_currently_exposed_by_code"
"p-and-l","pnl_period_end","brief_only_missing_in_code","no","yes","","output_contract_field","","04_MIRRA_P_AND_L_PAGE_v4.0_LOCKED.txt","intended_contract_not_currently_exposed_by_code"
"p-and-l","pnl_period_label","brief_only_missing_in_code","no","yes","","output_contract_field","","04_MIRRA_P_AND_L_PAGE_v4.0_LOCKED.txt","intended_contract_not_currently_exposed_by_code"
"p-and-l","pnl_period_start","brief_only_missing_in_code","no","yes","","output_contract_field","","04_MIRRA_P_AND_L_PAGE_v4.0_LOCKED.txt","intended_contract_not_currently_exposed_by_code"
"p-and-l","pnl_reconciliation_checks","brief_only_missing_in_code","no","yes","","output_contract_field","","04_MIRRA_P_AND_L_PAGE_v4.0_LOCKED.txt","intended_contract_not_currently_exposed_by_code"
"p-and-l","pnl_snapshot_id","brief_only_missing_in_code","no","yes","","output_contract_field","","04_MIRRA_P_AND_L_PAGE_v4.0_LOCKED.txt","intended_contract_not_currently_exposed_by_code"
"p-and-l","pnl_source_file_name","brief_only_missing_in_code","no","yes","","output_contract_field","","04_MIRRA_P_AND_L_PAGE_v4.0_LOCKED.txt","intended_contract_not_currently_exposed_by_code"
"p-and-l","pnl_source_report_name","brief_only_missing_in_code","no","yes","","output_contract_field","","04_MIRRA_P_AND_L_PAGE_v4.0_LOCKED.txt","intended_contract_not_currently_exposed_by_code"
"p-and-l","pnl_source_report_type","brief_only_missing_in_code","no","yes","","output_contract_field","","04_MIRRA_P_AND_L_PAGE_v4.0_LOCKED.txt","intended_contract_not_currently_exposed_by_code"
"p-and-l","pnl_source_type","brief_only_missing_in_code","no","yes","","output_contract_field","","04_MIRRA_P_AND_L_PAGE_v4.0_LOCKED.txt","intended_contract_not_currently_exposed_by_code"
"p-and-l","pnl_to_operational_bridge","brief_only_missing_in_code","no","yes","","output_contract_field","","14_MIRRA_BUSINESS_SUMMARY_v4.0_LOCKED.txt","intended_contract_not_currently_exposed_by_code"
"p-and-l","pnl_total_cogs","brief_only_missing_in_code","no","yes","","output_contract_field","","04_MIRRA_P_AND_L_PAGE_v4.0_LOCKED.txt","intended_contract_not_currently_exposed_by_code"
"p-and-l","pnl_total_operating_expenses","brief_only_missing_in_code","no","yes","","output_contract_field","","04_MIRRA_P_AND_L_PAGE_v4.0_LOCKED.txt","intended_contract_not_currently_exposed_by_code"
"p-and-l","pnl_total_other_expenses","brief_only_missing_in_code","no","yes","","output_contract_field","","04_MIRRA_P_AND_L_PAGE_v4.0_LOCKED.txt","intended_contract_not_currently_exposed_by_code"
"p-and-l","pnl_total_other_income","brief_only_missing_in_code","no","yes","","output_contract_field","","04_MIRRA_P_AND_L_PAGE_v4.0_LOCKED.txt","intended_contract_not_currently_exposed_by_code"
"p-and-l","pnl_total_revenue","brief_only_missing_in_code","no","yes","","output_contract_field","","04_MIRRA_P_AND_L_PAGE_v4.0_LOCKED.txt","intended_contract_not_currently_exposed_by_code"
"p-and-l","pnl_warning_count","brief_only_missing_in_code","no","yes","","output_contract_field","","04_MIRRA_P_AND_L_PAGE_v4.0_LOCKED.txt","intended_contract_not_currently_exposed_by_code"
"p-and-l","pnl_warnings","brief_only_missing_in_code","no","yes","","output_contract_field","","04_MIRRA_P_AND_L_PAGE_v4.0_LOCKED.txt","intended_contract_not_currently_exposed_by_code | warnings_field"
"p-and-l","recovery_gap_label","brief_only_missing_in_code","no","yes","","output_contract_field","","14_MIRRA_BUSINESS_SUMMARY_v4.0_LOCKED.txt","intended_contract_not_currently_exposed_by_code"
"p-and-l","recovery_gap_per_driver","brief_only_missing_in_code","no","yes","","output_contract_field","","14_MIRRA_BUSINESS_SUMMARY_v4.0_LOCKED.txt","intended_contract_not_currently_exposed_by_code"
"p-and-l","residual_margin_after_labour","brief_only_missing_in_code","no","yes","","output_contract_field","","14_MIRRA_BUSINESS_SUMMARY_v4.0_LOCKED.txt","intended_contract_not_currently_exposed_by_code"
"p-and-l","revenue_cogs_import_handoff","brief_only_missing_in_code","no","yes","","output_contract_field","","29_MIRRA_INTEGRATIONS_API_LAYER_v4.0_LOCKED.txt","intended_contract_not_currently_exposed_by_code"
"p-and-l","revenue_reality_context","brief_only_missing_in_code","no","yes","","output_contract_field","","14_MIRRA_BUSINESS_SUMMARY_v4.0_LOCKED.txt","intended_contract_not_currently_exposed_by_code"
"p-and-l","review_required_lines","brief_only_missing_in_code","no","yes","","output_contract_field","","04_MIRRA_P_AND_L_PAGE_v4.0_LOCKED.txt","intended_contract_not_currently_exposed_by_code"
"p-and-l","saved_account_mappings","brief_only_missing_in_code","no","yes","","output_contract_field","","04_MIRRA_P_AND_L_PAGE_v4.0_LOCKED.txt","intended_contract_not_currently_exposed_by_code"
"p-and-l","total_business_cost_variance_amount","brief_only_missing_in_code","no","yes","","output_contract_field","","10_MIRRA_MODULE_RECONCILIATION_v4.0_LOCKED.txt","intended_contract_not_currently_exposed_by_code"
"p-and-l","total_business_cost_variance_percent","brief_only_missing_in_code","no","yes","","output_contract_field","","10_MIRRA_MODULE_RECONCILIATION_v4.0_LOCKED.txt","intended_contract_not_currently_exposed_by_code"
"p-and-l","traditional_pnl_net_profit","brief_only_missing_in_code","no","yes","","output_contract_field","","14_MIRRA_BUSINESS_SUMMARY_v4.0_LOCKED.txt","intended_contract_not_currently_exposed_by_code"
"p-and-l","unclassified_lines","brief_only_missing_in_code","no","yes","","output_contract_field","","04_MIRRA_P_AND_L_PAGE_v4.0_LOCKED.txt","intended_contract_not_currently_exposed_by_code"
"quote-checker","blocked_lines","brief_only_missing_in_code","no","yes","","output_contract_field","","21_MIRRA_QUOTE_CHECKER_v4.0_LOCKED.txt","intended_contract_not_currently_exposed_by_code"
"quote-checker","margin_shortfall_lines","brief_only_missing_in_code","no","yes","","output_contract_field","","21_MIRRA_QUOTE_CHECKER_v4.0_LOCKED.txt","intended_contract_not_currently_exposed_by_code"
"quote-checker","quote_checker_ready","brief_only_missing_in_code","no","yes","","output_contract_field","","21_MIRRA_QUOTE_CHECKER_v4.0_LOCKED.txt","intended_contract_not_currently_exposed_by_code | readiness_field"
"quote-checker","quote_checker_source_trace","brief_only_missing_in_code","no","yes","","output_contract_field","","21_MIRRA_QUOTE_CHECKER_v4.0_LOCKED.txt","intended_contract_not_currently_exposed_by_code"
"quote-checker","quote_checker_status","brief_only_missing_in_code","no","yes","","output_contract_field","","21_MIRRA_QUOTE_CHECKER_v4.0_LOCKED.txt","intended_contract_not_currently_exposed_by_code | status_field"
"quote-checker","quote_line_results","brief_only_missing_in_code","no","yes","","output_contract_field","","21_MIRRA_QUOTE_CHECKER_v4.0_LOCKED.txt","intended_contract_not_currently_exposed_by_code"
"quote-checker","quote_lines","brief_only_missing_in_code","no","yes","","output_contract_field","","21_MIRRA_QUOTE_CHECKER_v4.0_LOCKED.txt","intended_contract_not_currently_exposed_by_code"
"quote-checker","quote_margin_amount","brief_only_missing_in_code","no","yes","","output_contract_field","","21_MIRRA_QUOTE_CHECKER_v4.0_LOCKED.txt","intended_contract_not_currently_exposed_by_code"
"quote-checker","quote_margin_percent","brief_only_missing_in_code","no","yes","","output_contract_field","","21_MIRRA_QUOTE_CHECKER_v4.0_LOCKED.txt","intended_contract_not_currently_exposed_by_code"
"quote-checker","quote_minimum_required_recovery","brief_only_missing_in_code","no","yes","","output_contract_field","","21_MIRRA_QUOTE_CHECKER_v4.0_LOCKED.txt","intended_contract_not_currently_exposed_by_code"
"quote-checker","quote_recovery_gap","brief_only_missing_in_code","no","yes","","output_contract_field","","21_MIRRA_QUOTE_CHECKER_v4.0_LOCKED.txt","intended_contract_not_currently_exposed_by_code"
"quote-checker","quote_required_target_revenue","brief_only_missing_in_code","no","yes","","output_contract_field","","21_MIRRA_QUOTE_CHECKER_v4.0_LOCKED.txt","intended_contract_not_currently_exposed_by_code"
"quote-checker","quote_target_gap","brief_only_missing_in_code","no","yes","","output_contract_field","","21_MIRRA_QUOTE_CHECKER_v4.0_LOCKED.txt","intended_contract_not_currently_exposed_by_code"
"quote-checker","quote_total_revenue","brief_only_missing_in_code","no","yes","","output_contract_field","","21_MIRRA_QUOTE_CHECKER_v4.0_LOCKED.txt","intended_contract_not_currently_exposed_by_code"
"quote-checker","under_recovering_lines","brief_only_missing_in_code","no","yes","","output_contract_field","","21_MIRRA_QUOTE_CHECKER_v4.0_LOCKED.txt","intended_contract_not_currently_exposed_by_code"
"quote-checker","unmatched_lines","brief_only_missing_in_code","no","yes","","output_contract_field","","21_MIRRA_QUOTE_CHECKER_v4.0_LOCKED.txt","intended_contract_not_currently_exposed_by_code"
"rate-builder","business_outcome_feedback_rows","brief_only_missing_in_code","no","yes","","output_contract_field","","22_MIRRA_SOQ_JOB_PO_LAYER_v4.0_LOCKED.txt | 23_MIRRA_JOB_COSTING_PROFITABILITY_v4.0_LOCKED.txt","intended_contract_not_currently_exposed_by_code"
"rate-builder","quote_checker_cards","brief_only_missing_in_code","no","yes","","output_contract_field","","21_MIRRA_QUOTE_CHECKER_v4.0_LOCKED.txt","intended_contract_not_currently_exposed_by_code"
"rate-builder","quote_checker_target_set","brief_only_missing_in_code","no","yes","","output_contract_field","","30_MIRRA_BUSINESS_MODELLING_v4.0_LOCKED.txt","intended_contract_not_currently_exposed_by_code"
"rate-builder","quote_checker_targets","brief_only_missing_in_code","no","yes","","output_contract_field","","20_MIRRA_BUSINESS_OUTCOME_v4.0_LOCKED.txt","intended_contract_not_currently_exposed_by_code"
"rate-builder","quote_vs_actual_rows","brief_only_missing_in_code","no","yes","","output_contract_field","","22_MIRRA_SOQ_JOB_PO_LAYER_v4.0_LOCKED.txt","intended_contract_not_currently_exposed_by_code"
"rate-builder","rate_builder_feedback_rows","brief_only_missing_in_code","no","yes","","output_contract_field","","22_MIRRA_SOQ_JOB_PO_LAYER_v4.0_LOCKED.txt | 23_MIRRA_JOB_COSTING_PROFITABILITY_v4.0_LOCKED.txt","intended_contract_not_currently_exposed_by_code"
"rate-builder","rate_builder_ready","brief_only_missing_in_code","no","yes","","output_contract_field","","19_MIRRA_RATE_BUILDER_v4.0_LOCKED.txt","intended_contract_not_currently_exposed_by_code | readiness_field"
"rate-builder","rate_builder_rows","brief_only_missing_in_code","no","yes","","output_contract_field","","20_MIRRA_BUSINESS_OUTCOME_v4.0_LOCKED.txt","intended_contract_not_currently_exposed_by_code"
"rate-builder","selected_business_outcome_targets","brief_only_missing_in_code","no","yes","","output_contract_field","","21_MIRRA_QUOTE_CHECKER_v4.0_LOCKED.txt","intended_contract_not_currently_exposed_by_code"
"rate-builder","selected_rate_builder_rows","brief_only_missing_in_code","no","yes","","output_contract_field","","21_MIRRA_QUOTE_CHECKER_v4.0_LOCKED.txt","intended_contract_not_currently_exposed_by_code"
"rate-builder","task_profitability_rows","brief_only_missing_in_code","no","yes","","output_contract_field","","23_MIRRA_JOB_COSTING_PROFITABILITY_v4.0_LOCKED.txt","intended_contract_not_currently_exposed_by_code"
"recovery-summary","group_recovery_rows","brief_only_missing_in_code","no","yes","","output_contract_field","","18_MIRRA_RECOVERY_SUMMARY_v4.0_LOCKED.txt","intended_contract_not_currently_exposed_by_code"
"recovery-summary","overall_recovery_coverage_percent","brief_only_missing_in_code","no","yes","","output_contract_field","","18_MIRRA_RECOVERY_SUMMARY_v4.0_LOCKED.txt","intended_contract_not_currently_exposed_by_code"
"recovery-summary","overall_recovery_status","brief_only_missing_in_code","no","yes","","output_contract_field","","18_MIRRA_RECOVERY_SUMMARY_v4.0_LOCKED.txt","intended_contract_not_currently_exposed_by_code | status_field"
"recovery-summary","recovery_summary_ready","brief_only_missing_in_code","no","yes","","output_contract_field","","18_MIRRA_RECOVERY_SUMMARY_v4.0_LOCKED.txt","intended_contract_not_currently_exposed_by_code | readiness_field"
"recovery-summary","recovery_summary_source_trace","brief_only_missing_in_code","no","yes","","output_contract_field","","18_MIRRA_RECOVERY_SUMMARY_v4.0_LOCKED.txt","intended_contract_not_currently_exposed_by_code"
"recovery-summary","recovery_summary_status","brief_only_missing_in_code","no","yes","","output_contract_field","","18_MIRRA_RECOVERY_SUMMARY_v4.0_LOCKED.txt","intended_contract_not_currently_exposed_by_code | status_field"
"recovery-summary","total_recovered_cost","brief_only_missing_in_code","no","yes","","output_contract_field","","18_MIRRA_RECOVERY_SUMMARY_v4.0_LOCKED.txt","intended_contract_not_currently_exposed_by_code"
"recovery-summary","total_recovery_surplus","brief_only_missing_in_code","no","yes","","output_contract_field","","18_MIRRA_RECOVERY_SUMMARY_v4.0_LOCKED.txt","intended_contract_not_currently_exposed_by_code"
"recovery-summary","total_required_recovery_amount","brief_only_missing_in_code","no","yes","","output_contract_field","","18_MIRRA_RECOVERY_SUMMARY_v4.0_LOCKED.txt","intended_contract_not_currently_exposed_by_code"
"recovery-summary","total_unrecovered_cost","brief_only_missing_in_code","no","yes","","output_contract_field","","18_MIRRA_RECOVERY_SUMMARY_v4.0_LOCKED.txt","intended_contract_not_currently_exposed_by_code"
"reporting-analytics","export_rows","brief_only_missing_in_code","no","yes","","output_contract_field","","28_MIRRA_DATABASE_STORAGE_EXPORT_LAYER_v4.0_LOCKED.txt","intended_contract_not_currently_exposed_by_code"
"reporting-analytics","reporting_dimension_tables","brief_only_missing_in_code","no","yes","","output_contract_field","","28_MIRRA_DATABASE_STORAGE_EXPORT_LAYER_v4.0_LOCKED.txt","intended_contract_not_currently_exposed_by_code"
"revenue-cogs","asset_import_handoff","brief_only_missing_in_code","no","yes","","output_contract_field","","29_MIRRA_INTEGRATIONS_API_LAYER_v4.0_LOCKED.txt","intended_contract_not_currently_exposed_by_code"
"revenue-cogs","cog_account_summaries","brief_only_missing_in_code","no","yes","","output_contract_field","","13_MIRRA_REVENUE_COGS_v4.0_LOCKED.txt","intended_contract_not_currently_exposed_by_code"
"revenue-cogs","cog_account_transaction_rows","brief_only_missing_in_code","no","yes","","output_contract_field","","13_MIRRA_REVENUE_COGS_v4.0_LOCKED.txt","intended_contract_not_currently_exposed_by_code"
"revenue-cogs","cog_categories","brief_only_missing_in_code","no","yes","","output_contract_field","","13_MIRRA_REVENUE_COGS_v4.0_LOCKED.txt","intended_contract_not_currently_exposed_by_code"
"revenue-cogs","cog_category_assignments","brief_only_missing_in_code","no","yes","","output_contract_field","","13_MIRRA_REVENUE_COGS_v4.0_LOCKED.txt","intended_contract_not_currently_exposed_by_code"
"revenue-cogs","cog_category_totals","brief_only_missing_in_code","no","yes","","output_contract_field","","13_MIRRA_REVENUE_COGS_v4.0_LOCKED.txt","intended_contract_not_currently_exposed_by_code"
"revenue-cogs","cog_import_period_end","brief_only_missing_in_code","no","yes","","output_contract_field","","13_MIRRA_REVENUE_COGS_v4.0_LOCKED.txt","intended_contract_not_currently_exposed_by_code"
"revenue-cogs","cog_import_period_start","brief_only_missing_in_code","no","yes","","output_contract_field","","13_MIRRA_REVENUE_COGS_v4.0_LOCKED.txt","intended_contract_not_currently_exposed_by_code"
"revenue-cogs","cog_import_report_name","brief_only_missing_in_code","no","yes","","output_contract_field","","13_MIRRA_REVENUE_COGS_v4.0_LOCKED.txt","intended_contract_not_currently_exposed_by_code"
"revenue-cogs","cog_import_report_type","brief_only_missing_in_code","no","yes","","output_contract_field","","13_MIRRA_REVENUE_COGS_v4.0_LOCKED.txt","intended_contract_not_currently_exposed_by_code"
"revenue-cogs","cog_import_source_file_name","brief_only_missing_in_code","no","yes","","output_contract_field","","13_MIRRA_REVENUE_COGS_v4.0_LOCKED.txt","intended_contract_not_currently_exposed_by_code"
"revenue-cogs","cog_import_source_system","brief_only_missing_in_code","no","yes","","output_contract_field","","13_MIRRA_REVENUE_COGS_v4.0_LOCKED.txt","intended_contract_not_currently_exposed_by_code"
"revenue-cogs","cog_imported_at","brief_only_missing_in_code","no","yes","","output_contract_field","","13_MIRRA_REVENUE_COGS_v4.0_LOCKED.txt","intended_contract_not_currently_exposed_by_code"
"revenue-cogs","cog_reconciliation_checks","brief_only_missing_in_code","no","yes","","output_contract_field","","13_MIRRA_REVENUE_COGS_v4.0_LOCKED.txt","intended_contract_not_currently_exposed_by_code"
"revenue-cogs","cog_reconciliation_difference","brief_only_missing_in_code","no","yes","","output_contract_field","","13_MIRRA_REVENUE_COGS_v4.0_LOCKED.txt","intended_contract_not_currently_exposed_by_code"
"revenue-cogs","cog_reconciliation_status","brief_only_missing_in_code","no","yes","","output_contract_field","","13_MIRRA_REVENUE_COGS_v4.0_LOCKED.txt","intended_contract_not_currently_exposed_by_code | status_field"
"revenue-cogs","cog_reconciliation_variance_percent","brief_only_missing_in_code","no","yes","","output_contract_field","","13_MIRRA_REVENUE_COGS_v4.0_LOCKED.txt","intended_contract_not_currently_exposed_by_code"
"revenue-cogs","cog_reconciliation_warnings","brief_only_missing_in_code","no","yes","","output_contract_field","","13_MIRRA_REVENUE_COGS_v4.0_LOCKED.txt","intended_contract_not_currently_exposed_by_code | warnings_field"
"revenue-cogs","cog_subcategories","brief_only_missing_in_code","no","yes","","output_contract_field","","13_MIRRA_REVENUE_COGS_v4.0_LOCKED.txt","intended_contract_not_currently_exposed_by_code"
"revenue-cogs","labour_cost_for_stress_test","brief_only_missing_in_code","no","yes","","output_contract_field","","15_MIRRA_REVENUE_REALITY_v4.0_LOCKED.txt","intended_contract_not_currently_exposed_by_code"
"revenue-cogs","margin_pool","brief_only_missing_in_code","no","yes","","output_contract_field","","13_MIRRA_REVENUE_COGS_v4.0_LOCKED.txt | 14_MIRRA_BUSINESS_SUMMARY_v4.0_LOCKED.txt | 15_MIRRA_REVENUE_REALITY_v4.0_LOCKED.txt","intended_contract_not_currently_exposed_by_code"
"revenue-cogs","material_margin","brief_only_missing_in_code","no","yes","","output_contract_field","","14_MIRRA_BUSINESS_SUMMARY_v4.0_LOCKED.txt","intended_contract_not_currently_exposed_by_code"
"revenue-cogs","primary_unit_label","brief_only_missing_in_code","no","yes","","output_contract_field","","13_MIRRA_REVENUE_COGS_v4.0_LOCKED.txt","intended_contract_not_currently_exposed_by_code"
"revenue-cogs","primary_unit_type","brief_only_missing_in_code","no","yes","","output_contract_field","","13_MIRRA_REVENUE_COGS_v4.0_LOCKED.txt","intended_contract_not_currently_exposed_by_code"
"revenue-cogs","primary_unit_type_label","brief_only_missing_in_code","no","yes","","output_contract_field","","13_MIRRA_REVENUE_COGS_v4.0_LOCKED.txt","intended_contract_not_currently_exposed_by_code"
"revenue-cogs","raw_cog_account_lines","brief_only_missing_in_code","no","yes","","output_contract_field","","13_MIRRA_REVENUE_COGS_v4.0_LOCKED.txt","intended_contract_not_currently_exposed_by_code"
"revenue-cogs","revenue_cogs_import_handoff","brief_only_missing_in_code","no","yes","","output_contract_field","","29_MIRRA_INTEGRATIONS_API_LAYER_v4.0_LOCKED.txt","intended_contract_not_currently_exposed_by_code"
"revenue-cogs","revenue_cogs_model_trust_state","brief_only_missing_in_code","no","yes","","output_contract_field","","13_MIRRA_REVENUE_COGS_v4.0_LOCKED.txt","intended_contract_not_currently_exposed_by_code | trust_state_field"
"revenue-cogs","revenue_cogs_status","brief_only_missing_in_code","no","yes","","output_contract_field","","13_MIRRA_REVENUE_COGS_v4.0_LOCKED.txt","intended_contract_not_currently_exposed_by_code | status_field"
"revenue-cogs","revenue_cogs_warning_count","brief_only_missing_in_code","no","yes","","output_contract_field","","13_MIRRA_REVENUE_COGS_v4.0_LOCKED.txt","intended_contract_not_currently_exposed_by_code"
"revenue-cogs","revenue_cogs_warnings","brief_only_missing_in_code","no","yes","","output_contract_field","","13_MIRRA_REVENUE_COGS_v4.0_LOCKED.txt","intended_contract_not_currently_exposed_by_code | warnings_field"
"revenue-cogs","supplier_category_total_mismatch","brief_only_missing_in_code","no","yes","","output_contract_field","","13_MIRRA_REVENUE_COGS_v4.0_LOCKED.txt","intended_contract_not_currently_exposed_by_code"
"revenue-cogs","supplier_normalisation_rules","brief_only_missing_in_code","no","yes","","output_contract_field","","13_MIRRA_REVENUE_COGS_v4.0_LOCKED.txt","intended_contract_not_currently_exposed_by_code"
"revenue-cogs","supplier_split_overrides","brief_only_missing_in_code","no","yes","","output_contract_field","","13_MIRRA_REVENUE_COGS_v4.0_LOCKED.txt","intended_contract_not_currently_exposed_by_code"
"revenue-cogs","supplier_summary_rows","brief_only_missing_in_code","no","yes","","output_contract_field","","13_MIRRA_REVENUE_COGS_v4.0_LOCKED.txt","intended_contract_not_currently_exposed_by_code"
"revenue-cogs","supplier_summary_total_mismatch","brief_only_missing_in_code","no","yes","","output_contract_field","","13_MIRRA_REVENUE_COGS_v4.0_LOCKED.txt","intended_contract_not_currently_exposed_by_code"
"revenue-cogs","total_cogs","brief_only_missing_in_code","no","yes","","output_contract_field","","13_MIRRA_REVENUE_COGS_v4.0_LOCKED.txt | 14_MIRRA_BUSINESS_SUMMARY_v4.0_LOCKED.txt | 15_MIRRA_REVENUE_REALITY_v4.0_LOCKED.txt","intended_contract_not_currently_exposed_by_code"
"revenue-cogs","total_derived_units_annual","brief_only_missing_in_code","no","yes","","output_contract_field","","13_MIRRA_REVENUE_COGS_v4.0_LOCKED.txt","intended_contract_not_currently_exposed_by_code"
"revenue-cogs","total_labour_cost_annual","brief_only_missing_in_code","no","yes","","output_contract_field","","14_MIRRA_BUSINESS_SUMMARY_v4.0_LOCKED.txt","intended_contract_not_currently_exposed_by_code"
"revenue-cogs","total_people_cost_annual","brief_only_missing_in_code","no","yes","","output_contract_field","","14_MIRRA_BUSINESS_SUMMARY_v4.0_LOCKED.txt","intended_contract_not_currently_exposed_by_code"
"revenue-cogs","total_unit_direct_cost","brief_only_missing_in_code","no","yes","","output_contract_field","","13_MIRRA_REVENUE_COGS_v4.0_LOCKED.txt","intended_contract_not_currently_exposed_by_code"
"revenue-cogs","total_unit_margin_pool","brief_only_missing_in_code","no","yes","","output_contract_field","","13_MIRRA_REVENUE_COGS_v4.0_LOCKED.txt","intended_contract_not_currently_exposed_by_code"
"revenue-cogs","total_unit_revenue","brief_only_missing_in_code","no","yes","","output_contract_field","","13_MIRRA_REVENUE_COGS_v4.0_LOCKED.txt","intended_contract_not_currently_exposed_by_code"
"revenue-cogs","unit_driver_rows","brief_only_missing_in_code","no","yes","","output_contract_field","","13_MIRRA_REVENUE_COGS_v4.0_LOCKED.txt","intended_contract_not_currently_exposed_by_code"
"revenue-cogs","unit_recovery_ready","brief_only_missing_in_code","no","yes","","output_contract_field","","13_MIRRA_REVENUE_COGS_v4.0_LOCKED.txt","intended_contract_not_currently_exposed_by_code | readiness_field"
"revenue-cogs","unit_recovery_warnings","brief_only_missing_in_code","no","yes","","output_contract_field","","13_MIRRA_REVENUE_COGS_v4.0_LOCKED.txt","intended_contract_not_currently_exposed_by_code | warnings_field"
"revenue-cogs","weighted_average_margin_per_unit","brief_only_missing_in_code","no","yes","","output_contract_field","","13_MIRRA_REVENUE_COGS_v4.0_LOCKED.txt","intended_contract_not_currently_exposed_by_code"
"revenue-cogs","xero_account_transactions_import_id","brief_only_missing_in_code","no","yes","","output_contract_field","","13_MIRRA_REVENUE_COGS_v4.0_LOCKED.txt","intended_contract_not_currently_exposed_by_code"
"revenue-reality","activity_driver_label","brief_only_missing_in_code","no","yes","","output_contract_field","","15_MIRRA_REVENUE_REALITY_v4.0_LOCKED.txt","intended_contract_not_currently_exposed_by_code"
"revenue-reality","activity_driver_value","brief_only_missing_in_code","no","yes","","output_contract_field","","15_MIRRA_REVENUE_REALITY_v4.0_LOCKED.txt","intended_contract_not_currently_exposed_by_code"
"revenue-reality","group_recovery_rows","brief_only_missing_in_code","no","yes","","output_contract_field","","18_MIRRA_RECOVERY_SUMMARY_v4.0_LOCKED.txt","intended_contract_not_currently_exposed_by_code"
"revenue-reality","overall_recovery_status","brief_only_missing_in_code","no","yes","","output_contract_field","","18_MIRRA_RECOVERY_SUMMARY_v4.0_LOCKED.txt","intended_contract_not_currently_exposed_by_code | status_field"
"revenue-reality","revenue_reality_ready","brief_only_missing_in_code","no","yes","","output_contract_field","","15_MIRRA_REVENUE_REALITY_v4.0_LOCKED.txt","intended_contract_not_currently_exposed_by_code | readiness_field"
"revenue-reality","revenue_reality_source_trace","brief_only_missing_in_code","no","yes","","output_contract_field","","15_MIRRA_REVENUE_REALITY_v4.0_LOCKED.txt","intended_contract_not_currently_exposed_by_code"
"revenue-reality","revenue_reality_status","brief_only_missing_in_code","no","yes","","output_contract_field","","15_MIRRA_REVENUE_REALITY_v4.0_LOCKED.txt","intended_contract_not_currently_exposed_by_code | status_field"
"soq-job-po","job_quote_line_rows","brief_only_missing_in_code","no","yes","","output_contract_field","","22_MIRRA_SOQ_JOB_PO_LAYER_v4.0_LOCKED.txt","intended_contract_not_currently_exposed_by_code"
"soq-job-po","product_rate_validation_rows","brief_only_missing_in_code","no","yes","","output_contract_field","","22_MIRRA_SOQ_JOB_PO_LAYER_v4.0_LOCKED.txt","intended_contract_not_currently_exposed_by_code"
"soq-job-po","purchase_order_rows","brief_only_missing_in_code","no","yes","","output_contract_field","","22_MIRRA_SOQ_JOB_PO_LAYER_v4.0_LOCKED.txt","intended_contract_not_currently_exposed_by_code"
"soq-job-po","schedule_of_quantities_rows","brief_only_missing_in_code","no","yes","","output_contract_field","","22_MIRRA_SOQ_JOB_PO_LAYER_v4.0_LOCKED.txt","intended_contract_not_currently_exposed_by_code"
"soq-job-po","soq_job_po_ready","brief_only_missing_in_code","no","yes","","output_contract_field","","22_MIRRA_SOQ_JOB_PO_LAYER_v4.0_LOCKED.txt","intended_contract_not_currently_exposed_by_code | readiness_field"
"soq-job-po","soq_job_po_status","brief_only_missing_in_code","no","yes","","output_contract_field","","22_MIRRA_SOQ_JOB_PO_LAYER_v4.0_LOCKED.txt","intended_contract_not_currently_exposed_by_code | status_field"
"unknown","blocking_issues","brief_only_missing_in_code","no","yes","","output_contract_field","","26_MIRRA_DATA_QUALITY_DASHBOARD_v4.0_LOCKED.txt","intended_contract_not_currently_exposed_by_code | unknown_owner"
"unknown","data_quality_cards","brief_only_missing_in_code","no","yes","","output_contract_field","","26_MIRRA_DATA_QUALITY_DASHBOARD_v4.0_LOCKED.txt","intended_contract_not_currently_exposed_by_code | unknown_owner"
"unknown","data_quality_feedback_rows","brief_only_missing_in_code","no","yes","","output_contract_field","","24_MIRRA_MODEL_FEEDBACK_LOOP_v4.0_LOCKED.txt","intended_contract_not_currently_exposed_by_code | unknown_owner"
"unknown","data_quality_ready","brief_only_missing_in_code","no","yes","","output_contract_field","","26_MIRRA_DATA_QUALITY_DASHBOARD_v4.0_LOCKED.txt","intended_contract_not_currently_exposed_by_code | unknown_owner | readiness_field"
"unknown","data_quality_score","brief_only_missing_in_code","no","yes","","output_contract_field","","26_MIRRA_DATA_QUALITY_DASHBOARD_v4.0_LOCKED.txt","intended_contract_not_currently_exposed_by_code | unknown_owner"
"unknown","data_quality_source_trace","brief_only_missing_in_code","no","yes","","output_contract_field","","26_MIRRA_DATA_QUALITY_DASHBOARD_v4.0_LOCKED.txt","intended_contract_not_currently_exposed_by_code | unknown_owner"
"unknown","data_quality_status","brief_only_missing_in_code","no","yes","","output_contract_field","","26_MIRRA_DATA_QUALITY_DASHBOARD_v4.0_LOCKED.txt","intended_contract_not_currently_exposed_by_code | unknown_owner | status_field"
"unknown","data_quality_warning_count","brief_only_missing_in_code","no","yes","","output_contract_field","","26_MIRRA_DATA_QUALITY_DASHBOARD_v4.0_LOCKED.txt","intended_contract_not_currently_exposed_by_code | unknown_owner"
"unknown","data_quality_warnings","brief_only_missing_in_code","no","yes","","output_contract_field","","26_MIRRA_DATA_QUALITY_DASHBOARD_v4.0_LOCKED.txt","intended_contract_not_currently_exposed_by_code | unknown_owner | warnings_field"
"unknown","estimated_impact","brief_only_missing_in_code","no","yes","","output_contract_field","","26_MIRRA_DATA_QUALITY_DASHBOARD_v4.0_LOCKED.txt","intended_contract_not_currently_exposed_by_code | unknown_owner"
"unknown","feedback_signal_rows","brief_only_missing_in_code","no","yes","","output_contract_field","","24_MIRRA_MODEL_FEEDBACK_LOOP_v4.0_LOCKED.txt","intended_contract_not_currently_exposed_by_code | unknown_owner"
"unknown","fix_id","brief_only_missing_in_code","no","yes","","output_contract_field","","26_MIRRA_DATA_QUALITY_DASHBOARD_v4.0_LOCKED.txt","intended_contract_not_currently_exposed_by_code | unknown_owner"
"unknown","fix_queue_rows","brief_only_missing_in_code","no","yes","","output_contract_field","","26_MIRRA_DATA_QUALITY_DASHBOARD_v4.0_LOCKED.txt","intended_contract_not_currently_exposed_by_code | unknown_owner"
"unknown","global_data_quality_issues","brief_only_missing_in_code","no","yes","","output_contract_field","","26_MIRRA_DATA_QUALITY_DASHBOARD_v4.0_LOCKED.txt","intended_contract_not_currently_exposed_by_code | unknown_owner"
"unknown","global_data_quality_trust_state","brief_only_missing_in_code","no","yes","","output_contract_field","","26_MIRRA_DATA_QUALITY_DASHBOARD_v4.0_LOCKED.txt","intended_contract_not_currently_exposed_by_code | unknown_owner | trust_state_field"
"unknown","issue_id","brief_only_missing_in_code","no","yes","","output_contract_field","","26_MIRRA_DATA_QUALITY_DASHBOARD_v4.0_LOCKED.txt","intended_contract_not_currently_exposed_by_code | unknown_owner"
"unknown","issue_status","brief_only_missing_in_code","no","yes","","output_contract_field","","26_MIRRA_DATA_QUALITY_DASHBOARD_v4.0_LOCKED.txt","intended_contract_not_currently_exposed_by_code | unknown_owner | status_field"
"unknown","model_feedback_ready","brief_only_missing_in_code","no","yes","","output_contract_field","","24_MIRRA_MODEL_FEEDBACK_LOOP_v4.0_LOCKED.txt","intended_contract_not_currently_exposed_by_code | unknown_owner | readiness_field"
"unknown","model_feedback_source_trace","brief_only_missing_in_code","no","yes","","output_contract_field","","24_MIRRA_MODEL_FEEDBACK_LOOP_v4.0_LOCKED.txt","intended_contract_not_currently_exposed_by_code | unknown_owner"
"unknown","model_feedback_status","brief_only_missing_in_code","no","yes","","output_contract_field","","24_MIRRA_MODEL_FEEDBACK_LOOP_v4.0_LOCKED.txt","intended_contract_not_currently_exposed_by_code | unknown_owner | status_field"
"unknown","model_feedback_trust_state","brief_only_missing_in_code","no","yes","","output_contract_field","","24_MIRRA_MODEL_FEEDBACK_LOOP_v4.0_LOCKED.txt","intended_contract_not_currently_exposed_by_code | unknown_owner | trust_state_field"
"unknown","model_feedback_warning_count","brief_only_missing_in_code","no","yes","","output_contract_field","","24_MIRRA_MODEL_FEEDBACK_LOOP_v4.0_LOCKED.txt","intended_contract_not_currently_exposed_by_code | unknown_owner"
"unknown","model_feedback_warnings","brief_only_missing_in_code","no","yes","","output_contract_field","","24_MIRRA_MODEL_FEEDBACK_LOOP_v4.0_LOCKED.txt","intended_contract_not_currently_exposed_by_code | unknown_owner | warnings_field"
"unknown","model_update_recommendation_rows","brief_only_missing_in_code","no","yes","","output_contract_field","","24_MIRRA_MODEL_FEEDBACK_LOOP_v4.0_LOCKED.txt","intended_contract_not_currently_exposed_by_code | unknown_owner"
"unknown","module_trust_rollup","brief_only_missing_in_code","no","yes","","output_contract_field","","26_MIRRA_DATA_QUALITY_DASHBOARD_v4.0_LOCKED.txt","intended_contract_not_currently_exposed_by_code | unknown_owner"
"unknown","not_available","brief_only_missing_in_code","no","yes","","output_contract_field","","04_MIRRA_P_AND_L_PAGE_v4.0_LOCKED.txt","intended_contract_not_currently_exposed_by_code | unknown_owner"
"unknown","positive_feedback_rows","brief_only_missing_in_code","no","yes","","output_contract_field","","24_MIRRA_MODEL_FEEDBACK_LOOP_v4.0_LOCKED.txt","intended_contract_not_currently_exposed_by_code | unknown_owner"
"unknown","rate_review_signal_rows","brief_only_missing_in_code","no","yes","","output_contract_field","","24_MIRRA_MODEL_FEEDBACK_LOOP_v4.0_LOCKED.txt","intended_contract_not_currently_exposed_by_code | unknown_owner"
"unknown","recommended_fix_action","brief_only_missing_in_code","no","yes","","output_contract_field","","26_MIRRA_DATA_QUALITY_DASHBOARD_v4.0_LOCKED.txt","intended_contract_not_currently_exposed_by_code | unknown_owner"
"unknown","recommended_fix_module","brief_only_missing_in_code","no","yes","","output_contract_field","","26_MIRRA_DATA_QUALITY_DASHBOARD_v4.0_LOCKED.txt","intended_contract_not_currently_exposed_by_code | unknown_owner"
"unknown","repeated_issue_rows","brief_only_missing_in_code","no","yes","","output_contract_field","","24_MIRRA_MODEL_FEEDBACK_LOOP_v4.0_LOCKED.txt","intended_contract_not_currently_exposed_by_code | unknown_owner"
"unknown","review_required","brief_only_missing_in_code","no","yes","","output_contract_field","","04_MIRRA_P_AND_L_PAGE_v4.0_LOCKED.txt","intended_contract_not_currently_exposed_by_code | unknown_owner"
"unknown","review_required_issues","brief_only_missing_in_code","no","yes","","output_contract_field","","26_MIRRA_DATA_QUALITY_DASHBOARD_v4.0_LOCKED.txt","intended_contract_not_currently_exposed_by_code | unknown_owner"
"unknown","source_module","brief_only_missing_in_code","no","yes","","output_contract_field","","26_MIRRA_DATA_QUALITY_DASHBOARD_v4.0_LOCKED.txt","intended_contract_not_currently_exposed_by_code | unknown_owner"
