file_path,file_name,source_area,line_number,variable_name,variable_style,extraction_type,likely_role,module_hint,context
lib\selectors\quickStartSelectors.js,quickStartSelectors.js,lib,146,annual_income,snake_case,snake_case_reference,output_contract_field,,"annual_perfect_text: `If everything went perfectly: ${format_currency(output_contract.perfect_world_income)} / year`, annual_real_text: `More realistically: ~ ${format_currency(output_contract.annual_income)} / year`,"
lib\selectors\quickStartSelectors.js,quickStartSelectors.js,lib,145,annual_perfect_text,snake_case,object_key,output_contract_field,,"lost_rate_pct: 100 - output_contract.fill_percent, annual_perfect_text: `If everything went perfectly: ${format_currency(output_contract.perfect_world_income)} / year`, annual_real_text: `More realistically: ~ ${format_currency(output_contract.annual_income)} / year`,"
lib\selectors\quickStartSelectors.js,quickStartSelectors.js,lib,146,annual_real_text,snake_case,object_key,output_contract_field,,"annual_perfect_text: `If everything went perfectly: ${format_currency(output_contract.perfect_world_income)} / year`, annual_real_text: `More realistically: ~ ${format_currency(output_contract.annual_income)} / year`,"
lib\selectors\quickStartSelectors.js,quickStartSelectors.js,lib,135,cost_pct,snake_case,object_key,output_contract_field,,"cost_pct: output_contract.cost_pct, labour_pct: output_contract.labour_pct,"
lib\selectors\quickStartSelectors.js,quickStartSelectors.js,lib,131,cost_value,snake_case,object_key,output_contract_field,,"cost_value: format_currency(output_contract.cost_value), labour_value: format_currency(output_contract.labour_value),"
lib\selectors\quickStartSelectors.js,quickStartSelectors.js,lib,95,crew_days,snake_case,snake_case_reference,output_contract_field,,"label: ""Crew days"", value: `${output_contract.crew_days.toFixed(1)} days`, },"
lib\selectors\quickStartSelectors.js,quickStartSelectors.js,lib,52,direct_cost,snake_case,snake_case_reference,output_contract_field,,"label: ""Direct operating cost"", value: format_rate(output_contract.direct_cost), },"
lib\selectors\quickStartSelectors.js,quickStartSelectors.js,lib,140,equivalent_rate,snake_case,snake_case_reference,output_contract_field,,"headline_rate_text: format_rate(output_contract.labour_rate), equivalent_rate_text: format_rate(output_contract.equivalent_rate), headline_rate_value: format_rate(output_contract.labour_rate),"
lib\selectors\quickStartSelectors.js,quickStartSelectors.js,lib,142,equivalent_rate,snake_case,snake_case_reference,output_contract_field,,"headline_rate_value: format_rate(output_contract.labour_rate), equivalent_rate_value: format_rate(output_contract.equivalent_rate), headline_rate_pct: output_contract.fill_percent,"
lib\selectors\quickStartSelectors.js,quickStartSelectors.js,lib,140,equivalent_rate_text,snake_case,object_key,output_contract_field,,"headline_rate_text: format_rate(output_contract.labour_rate), equivalent_rate_text: format_rate(output_contract.equivalent_rate), headline_rate_value: format_rate(output_contract.labour_rate),"
lib\selectors\quickStartSelectors.js,quickStartSelectors.js,lib,142,equivalent_rate_value,snake_case,object_key,output_contract_field,,"headline_rate_value: format_rate(output_contract.labour_rate), equivalent_rate_value: format_rate(output_contract.equivalent_rate), headline_rate_pct: output_contract.fill_percent,"
lib\selectors\quickStartSelectors.js,quickStartSelectors.js,lib,143,fill_percent,snake_case,snake_case_reference,output_contract_field,,"equivalent_rate_value: format_rate(output_contract.equivalent_rate), headline_rate_pct: output_contract.fill_percent, lost_rate_pct: 100 - output_contract.fill_percent,"
lib\selectors\quickStartSelectors.js,quickStartSelectors.js,lib,144,fill_percent,snake_case,snake_case_reference,output_contract_field,,"headline_rate_pct: output_contract.fill_percent, lost_rate_pct: 100 - output_contract.fill_percent, annual_perfect_text: `If everything went perfectly: ${format_currency(output_contract.perfect_world_income)} / year`,"
lib\selectors\quickStartSelectors.js,quickStartSelectors.js,lib,129,format_currency,snake_case,snake_case_reference,output_contract_field,,"total_job_value: format_currency(output_contract.total_job_price),"
lib\selectors\quickStartSelectors.js,quickStartSelectors.js,lib,131,format_currency,snake_case,snake_case_reference,output_contract_field,,"cost_value: format_currency(output_contract.cost_value), labour_value: format_currency(output_contract.labour_value),"
lib\selectors\quickStartSelectors.js,quickStartSelectors.js,lib,132,format_currency,snake_case,snake_case_reference,output_contract_field,,"cost_value: format_currency(output_contract.cost_value), labour_value: format_currency(output_contract.labour_value), remaining_value: format_currency(output_contract.remaining_value),"
lib\selectors\quickStartSelectors.js,quickStartSelectors.js,lib,133,format_currency,snake_case,snake_case_reference,output_contract_field,,"labour_value: format_currency(output_contract.labour_value), remaining_value: format_currency(output_contract.remaining_value),"
lib\selectors\quickStartSelectors.js,quickStartSelectors.js,lib,145,format_currency,snake_case,snake_case_reference,output_contract_field,,"lost_rate_pct: 100 - output_contract.fill_percent, annual_perfect_text: `If everything went perfectly: ${format_currency(output_contract.perfect_world_income)} / year`, annual_real_text: `More realistically: ~ ${format_currency(output_contract.annual_income)} / year`,"
lib\selectors\quickStartSelectors.js,quickStartSelectors.js,lib,146,format_currency,snake_case,snake_case_reference,output_contract_field,,"annual_perfect_text: `If everything went perfectly: ${format_currency(output_contract.perfect_world_income)} / year`, annual_real_text: `More realistically: ~ ${format_currency(output_contract.annual_income)} / year`,"
lib\selectors\quickStartSelectors.js,quickStartSelectors.js,lib,56,format_currency,snake_case,snake_case_reference,output_contract_field,,"label: ""Weekly buffer"", value: format_currency(output_contract.weekly_buffer), },"
lib\selectors\quickStartSelectors.js,quickStartSelectors.js,lib,85,format_currency,snake_case,snake_case_reference,output_contract_field,,"label: ""Total job value"", value: format_currency(output_contract.total_job_price), },"
lib\selectors\quickStartSelectors.js,quickStartSelectors.js,lib,33,format_hours,snake_case,snake_case_reference,output_contract_field,,"label: ""Paid hours per year"", value: format_hours(output_contract.paid_hours_per_year), },"
lib\selectors\quickStartSelectors.js,quickStartSelectors.js,lib,37,format_hours,snake_case,snake_case_reference,output_contract_field,,"label: ""Unpaid time across the year"", value: format_hours(output_contract.non_working_hours), },"
lib\selectors\quickStartSelectors.js,quickStartSelectors.js,lib,41,format_hours,snake_case,snake_case_reference,output_contract_field,,"label: ""Hours you actually work"", value: format_hours(output_contract.working_hours), },"
lib\selectors\quickStartSelectors.js,quickStartSelectors.js,lib,60,format_hours,snake_case,snake_case_reference,output_contract_field,,"label: ""Hours per week"", value: format_hours(output_contract.labour_hours), },"
lib\selectors\quickStartSelectors.js,quickStartSelectors.js,lib,91,format_hours,snake_case,snake_case_reference,output_contract_field,,"label: ""Hours per person"", value: format_hours(output_contract.hours_per_person), },"
lib\selectors\quickStartSelectors.js,quickStartSelectors.js,lib,139,format_rate,snake_case,snake_case_reference,output_contract_field,,"headline_rate_text: format_rate(output_contract.labour_rate), equivalent_rate_text: format_rate(output_contract.equivalent_rate),"
lib\selectors\quickStartSelectors.js,quickStartSelectors.js,lib,140,format_rate,snake_case,snake_case_reference,output_contract_field,,"headline_rate_text: format_rate(output_contract.labour_rate), equivalent_rate_text: format_rate(output_contract.equivalent_rate), headline_rate_value: format_rate(output_contract.labour_rate),"
lib\selectors\quickStartSelectors.js,quickStartSelectors.js,lib,141,format_rate,snake_case,snake_case_reference,output_contract_field,,"equivalent_rate_text: format_rate(output_contract.equivalent_rate), headline_rate_value: format_rate(output_contract.labour_rate), equivalent_rate_value: format_rate(output_contract.equivalent_rate),"
lib\selectors\quickStartSelectors.js,quickStartSelectors.js,lib,142,format_rate,snake_case,snake_case_reference,output_contract_field,,"headline_rate_value: format_rate(output_contract.labour_rate), equivalent_rate_value: format_rate(output_contract.equivalent_rate), headline_rate_pct: output_contract.fill_percent,"
lib\selectors\quickStartSelectors.js,quickStartSelectors.js,lib,22,format_rate,snake_case,snake_case_reference,output_contract_field,,const primary_value = format_rate(output_contract.primary_value);
lib\selectors\quickStartSelectors.js,quickStartSelectors.js,lib,45,format_rate,snake_case,snake_case_reference,output_contract_field,,"label: ""Hourly drop"", value: format_rate(output_contract.rate_drop_amount), },"
lib\selectors\quickStartSelectors.js,quickStartSelectors.js,lib,52,format_rate,snake_case,snake_case_reference,output_contract_field,,"label: ""Direct operating cost"", value: format_rate(output_contract.direct_cost), },"
lib\selectors\quickStartSelectors.js,quickStartSelectors.js,lib,67,format_rate,snake_case,snake_case_reference,output_contract_field,,"label: ""Team rate per hour"", value: format_rate(output_contract.team_rate_per_hour), },"
lib\selectors\quickStartSelectors.js,quickStartSelectors.js,lib,71,format_rate,snake_case,snake_case_reference,output_contract_field,,"label: ""Implied cost per person per hour"", value: format_rate( output_contract.implied_cost_per_person_per_hour"
lib\selectors\quickStartSelectors.js,quickStartSelectors.js,lib,143,headline_rate_pct,snake_case,object_key,output_contract_field,,"equivalent_rate_value: format_rate(output_contract.equivalent_rate), headline_rate_pct: output_contract.fill_percent, lost_rate_pct: 100 - output_contract.fill_percent,"
lib\selectors\quickStartSelectors.js,quickStartSelectors.js,lib,139,headline_rate_text,snake_case,object_key,output_contract_field,,"headline_rate_text: format_rate(output_contract.labour_rate), equivalent_rate_text: format_rate(output_contract.equivalent_rate),"
lib\selectors\quickStartSelectors.js,quickStartSelectors.js,lib,141,headline_rate_value,snake_case,object_key,output_contract_field,,"equivalent_rate_text: format_rate(output_contract.equivalent_rate), headline_rate_value: format_rate(output_contract.labour_rate), equivalent_rate_value: format_rate(output_contract.equivalent_rate),"
lib\selectors\quickStartSelectors.js,quickStartSelectors.js,lib,91,hours_per_person,snake_case,snake_case_reference,output_contract_field,,"label: ""Hours per person"", value: format_hours(output_contract.hours_per_person), },"
lib\selectors\quickStartSelectors.js,quickStartSelectors.js,lib,72,implied_cost_per_person_per_hour,snake_case,snake_case_reference,output_contract_field,,"value: format_rate( output_contract.implied_cost_per_person_per_hour ),"
lib\selectors\quickStartSelectors.js,quickStartSelectors.js,lib,148,insight_text,snake_case,object_key,output_contract_field,,"insight_text: output_contract.insight_text, };"
lib\selectors\quickStartSelectors.js,quickStartSelectors.js,lib,32,label,plain,object_key,output_contract_field,,"{ label: ""Paid hours per year"", value: format_hours(output_contract.paid_hours_per_year),"
lib\selectors\quickStartSelectors.js,quickStartSelectors.js,lib,36,label,plain,object_key,output_contract_field,,"{ label: ""Unpaid time across the year"", value: format_hours(output_contract.non_working_hours),"
lib\selectors\quickStartSelectors.js,quickStartSelectors.js,lib,40,label,plain,object_key,output_contract_field,,"{ label: ""Hours you actually work"", value: format_hours(output_contract.working_hours),"
lib\selectors\quickStartSelectors.js,quickStartSelectors.js,lib,44,label,plain,object_key,output_contract_field,,"{ label: ""Hourly drop"", value: format_rate(output_contract.rate_drop_amount),"
lib\selectors\quickStartSelectors.js,quickStartSelectors.js,lib,51,label,plain,object_key,output_contract_field,,"{ label: ""Direct operating cost"", value: format_rate(output_contract.direct_cost),"
lib\selectors\quickStartSelectors.js,quickStartSelectors.js,lib,55,label,plain,object_key,output_contract_field,,"{ label: ""Weekly buffer"", value: format_currency(output_contract.weekly_buffer),"
lib\selectors\quickStartSelectors.js,quickStartSelectors.js,lib,59,label,plain,object_key,output_contract_field,,"{ label: ""Hours per week"", value: format_hours(output_contract.labour_hours),"
lib\selectors\quickStartSelectors.js,quickStartSelectors.js,lib,66,label,plain,object_key,output_contract_field,,"{ label: ""Team rate per hour"", value: format_rate(output_contract.team_rate_per_hour),"
lib\selectors\quickStartSelectors.js,quickStartSelectors.js,lib,76,label,plain,object_key,output_contract_field,,"{ label: ""Expected labour margin"", value: `${output_contract.expected_labour_margin_percent.toFixed(1)}%`,"
lib\selectors\quickStartSelectors.js,quickStartSelectors.js,lib,80,label,plain,object_key,output_contract_field,,"{ label: ""Total days"", value: `${output_contract.total_days.toFixed(1)} days`,"
lib\selectors\quickStartSelectors.js,quickStartSelectors.js,lib,84,label,plain,object_key,output_contract_field,,"{ label: ""Total job value"", value: format_currency(output_contract.total_job_price),"
lib\selectors\quickStartSelectors.js,quickStartSelectors.js,lib,90,label,plain,object_key,output_contract_field,,"{ label: ""Hours per person"", value: format_hours(output_contract.hours_per_person),"
lib\selectors\quickStartSelectors.js,quickStartSelectors.js,lib,94,label,plain,object_key,output_contract_field,,"{ label: ""Crew days"", value: `${output_contract.crew_days.toFixed(1)} days`,"
lib\selectors\quickStartSelectors.js,quickStartSelectors.js,lib,144,lost_rate_pct,snake_case,object_key,output_contract_field,,"headline_rate_pct: output_contract.fill_percent, lost_rate_pct: 100 - output_contract.fill_percent, annual_perfect_text: `If everything went perfectly: ${format_currency(output_contract.perfect_world_income)} / year`,"
lib\selectors\quickStartSelectors.js,quickStartSelectors.js,lib,25,m2_rate,snake_case,snake_case_reference,output_contract_field,,"const primary_label = output_contract.mode_key === ""m2_rate"" ? ""This is what the job is earning per person per hour"""
lib\selectors\quickStartSelectors.js,quickStartSelectors.js,lib,63,m2_rate,snake_case,snake_case_reference,output_contract_field,,"] : output_contract.mode_key === ""m2_rate"" ? ["
lib\selectors\quickStartSelectors.js,quickStartSelectors.js,lib,20,mode_key,snake_case,snake_case_reference,output_contract_field,,"const is_labour_reality = output_contract.mode_key === ""labour_rate_reality_check"";"
lib\selectors\quickStartSelectors.js,quickStartSelectors.js,lib,25,mode_key,snake_case,snake_case_reference,output_contract_field,,"const primary_label = output_contract.mode_key === ""m2_rate"" ? ""This is what the job is earning per person per hour"""
lib\selectors\quickStartSelectors.js,quickStartSelectors.js,lib,48,mode_key,snake_case,snake_case_reference,output_contract_field,,"] : output_contract.mode_key === ""asset_operator"" ? ["
lib\selectors\quickStartSelectors.js,quickStartSelectors.js,lib,63,mode_key,snake_case,snake_case_reference,output_contract_field,,"] : output_contract.mode_key === ""m2_rate"" ? ["
lib\selectors\quickStartSelectors.js,quickStartSelectors.js,lib,37,non_working_hours,snake_case,snake_case_reference,output_contract_field,,"label: ""Unpaid time across the year"", value: format_hours(output_contract.non_working_hours), },"
hooks\useMaterials.js,useMaterials.js,hooks,59,output_contract,snake_case,output_contract_reference,output_contract_field,,"summary, output_contract: calculated, };"
hooks\useQuickStart.js,useQuickStart.js,hooks,15,output_contract,snake_case,output_contract_reference,output_contract_field,,const output_contract = useMemo(() => { return calculateQuickStart(quick_start_state);
hooks\useQuickStart.js,useQuickStart.js,hooks,22,output_contract,snake_case,output_contract_reference,output_contract_field,,"quick_start_state, output_contract, update_quick_start_field,"
hooks\useQuickStart.js,useQuickStart.js,hooks,28,output_contract,snake_case,output_contract_reference,output_contract_field,,"quick_start_state, output_contract, update_quick_start_field,"
hooks\useQuickStart.js,useQuickStart.js,hooks,35,output_contract,snake_case,output_contract_reference,output_contract_field,,"card, output_contract, };"
hooks\useRevenueSummary.js,useRevenueSummary.js,hooks,28,output_contract,snake_case,output_contract_reference,output_contract_field,,const cost_summary_outputs = cost_summary?.output_contract ?? cost_summary?.outputs ?? {};
hooks\useRevenueSummary.js,useRevenueSummary.js,hooks,70,output_contract,snake_case,output_contract_reference,output_contract_field,,"summary, output_contract: calculated, };"
hooks\useSquareMetreRate.js,useSquareMetreRate.js,hooks,63,output_contract,snake_case,output_contract_reference,output_contract_field,,"summary, output_contract: calculated, };"
lib\selectors\quickStartSelectors.js,quickStartSelectors.js,lib,126,output_contract,snake_case,output_contract_reference,output_contract_field,,"primary_label, sub_label: output_contract.sub_label, metrics,"
lib\selectors\quickStartSelectors.js,quickStartSelectors.js,lib,129,output_contract,snake_case,output_contract_reference,output_contract_field,,"total_job_value: format_currency(output_contract.total_job_price),"
lib\selectors\quickStartSelectors.js,quickStartSelectors.js,lib,131,output_contract,snake_case,output_contract_reference,output_contract_field,,"cost_value: format_currency(output_contract.cost_value), labour_value: format_currency(output_contract.labour_value),"
lib\selectors\quickStartSelectors.js,quickStartSelectors.js,lib,132,output_contract,snake_case,output_contract_reference,output_contract_field,,"cost_value: format_currency(output_contract.cost_value), labour_value: format_currency(output_contract.labour_value), remaining_value: format_currency(output_contract.remaining_value),"
lib\selectors\quickStartSelectors.js,quickStartSelectors.js,lib,133,output_contract,snake_case,output_contract_reference,output_contract_field,,"labour_value: format_currency(output_contract.labour_value), remaining_value: format_currency(output_contract.remaining_value),"
lib\selectors\quickStartSelectors.js,quickStartSelectors.js,lib,135,output_contract,snake_case,output_contract_reference,output_contract_field,,"cost_pct: output_contract.cost_pct, labour_pct: output_contract.labour_pct,"
lib\selectors\quickStartSelectors.js,quickStartSelectors.js,lib,136,output_contract,snake_case,output_contract_reference,output_contract_field,,"cost_pct: output_contract.cost_pct, labour_pct: output_contract.labour_pct, remaining_pct: output_contract.remaining_pct,"
lib\selectors\quickStartSelectors.js,quickStartSelectors.js,lib,137,output_contract,snake_case,output_contract_reference,output_contract_field,,"labour_pct: output_contract.labour_pct, remaining_pct: output_contract.remaining_pct,"
lib\selectors\quickStartSelectors.js,quickStartSelectors.js,lib,139,output_contract,snake_case,output_contract_reference,output_contract_field,,"headline_rate_text: format_rate(output_contract.labour_rate), equivalent_rate_text: format_rate(output_contract.equivalent_rate),"
lib\selectors\quickStartSelectors.js,quickStartSelectors.js,lib,140,output_contract,snake_case,output_contract_reference,output_contract_field,,"headline_rate_text: format_rate(output_contract.labour_rate), equivalent_rate_text: format_rate(output_contract.equivalent_rate), headline_rate_value: format_rate(output_contract.labour_rate),"
lib\selectors\quickStartSelectors.js,quickStartSelectors.js,lib,141,output_contract,snake_case,output_contract_reference,output_contract_field,,"equivalent_rate_text: format_rate(output_contract.equivalent_rate), headline_rate_value: format_rate(output_contract.labour_rate), equivalent_rate_value: format_rate(output_contract.equivalent_rate),"
lib\selectors\quickStartSelectors.js,quickStartSelectors.js,lib,142,output_contract,snake_case,output_contract_reference,output_contract_field,,"headline_rate_value: format_rate(output_contract.labour_rate), equivalent_rate_value: format_rate(output_contract.equivalent_rate), headline_rate_pct: output_contract.fill_percent,"
lib\selectors\quickStartSelectors.js,quickStartSelectors.js,lib,143,output_contract,snake_case,output_contract_reference,output_contract_field,,"equivalent_rate_value: format_rate(output_contract.equivalent_rate), headline_rate_pct: output_contract.fill_percent, lost_rate_pct: 100 - output_contract.fill_percent,"
lib\selectors\quickStartSelectors.js,quickStartSelectors.js,lib,144,output_contract,snake_case,output_contract_reference,output_contract_field,,"headline_rate_pct: output_contract.fill_percent, lost_rate_pct: 100 - output_contract.fill_percent, annual_perfect_text: `If everything went perfectly: ${format_currency(output_contract.perfect_world_income)} / year`,"
lib\selectors\quickStartSelectors.js,quickStartSelectors.js,lib,145,output_contract,snake_case,output_contract_reference,output_contract_field,,"lost_rate_pct: 100 - output_contract.fill_percent, annual_perfect_text: `If everything went perfectly: ${format_currency(output_contract.perfect_world_income)} / year`, annual_real_text: `More realistically: ~ ${format_currency(output_contract.annual_income)} / year`,"
lib\selectors\quickStartSelectors.js,quickStartSelectors.js,lib,146,output_contract,snake_case,output_contract_reference,output_contract_field,,"annual_perfect_text: `If everything went perfectly: ${format_currency(output_contract.perfect_world_income)} / year`, annual_real_text: `More realistically: ~ ${format_currency(output_contract.annual_income)} / year`,"
lib\selectors\quickStartSelectors.js,quickStartSelectors.js,lib,148,output_contract,snake_case,output_contract_reference,output_contract_field,,"insight_text: output_contract.insight_text, };"
lib\selectors\quickStartSelectors.js,quickStartSelectors.js,lib,15,output_contract,snake_case,output_contract_reference,output_contract_field,,"quick_start_state, output_contract, update_quick_start_field,"
lib\selectors\quickStartSelectors.js,quickStartSelectors.js,lib,20,output_contract,snake_case,output_contract_reference,output_contract_field,,"const is_labour_reality = output_contract.mode_key === ""labour_rate_reality_check"";"
lib\selectors\quickStartSelectors.js,quickStartSelectors.js,lib,22,output_contract,snake_case,output_contract_reference,output_contract_field,,const primary_value = format_rate(output_contract.primary_value);
lib\selectors\quickStartSelectors.js,quickStartSelectors.js,lib,25,output_contract,snake_case,output_contract_reference,output_contract_field,,"const primary_label = output_contract.mode_key === ""m2_rate"" ? ""This is what the job is earning per person per hour"""
lib\selectors\quickStartSelectors.js,quickStartSelectors.js,lib,27,output_contract,snake_case,output_contract_reference,output_contract_field,,"? ""This is what the job is earning per person per hour"" : output_contract.primary_label;"
lib\selectors\quickStartSelectors.js,quickStartSelectors.js,lib,33,output_contract,snake_case,output_contract_reference,output_contract_field,,"label: ""Paid hours per year"", value: format_hours(output_contract.paid_hours_per_year), },"
lib\selectors\quickStartSelectors.js,quickStartSelectors.js,lib,37,output_contract,snake_case,output_contract_reference,output_contract_field,,"label: ""Unpaid time across the year"", value: format_hours(output_contract.non_working_hours), },"
lib\selectors\quickStartSelectors.js,quickStartSelectors.js,lib,41,output_contract,snake_case,output_contract_reference,output_contract_field,,"label: ""Hours you actually work"", value: format_hours(output_contract.working_hours), },"
lib\selectors\quickStartSelectors.js,quickStartSelectors.js,lib,45,output_contract,snake_case,output_contract_reference,output_contract_field,,"label: ""Hourly drop"", value: format_rate(output_contract.rate_drop_amount), },"
lib\selectors\quickStartSelectors.js,quickStartSelectors.js,lib,48,output_contract,snake_case,output_contract_reference,output_contract_field,,"] : output_contract.mode_key === ""asset_operator"" ? ["
lib\selectors\quickStartSelectors.js,quickStartSelectors.js,lib,52,output_contract,snake_case,output_contract_reference,output_contract_field,,"label: ""Direct operating cost"", value: format_rate(output_contract.direct_cost), },"
lib\selectors\quickStartSelectors.js,quickStartSelectors.js,lib,56,output_contract,snake_case,output_contract_reference,output_contract_field,,"label: ""Weekly buffer"", value: format_currency(output_contract.weekly_buffer), },"
lib\selectors\quickStartSelectors.js,quickStartSelectors.js,lib,60,output_contract,snake_case,output_contract_reference,output_contract_field,,"label: ""Hours per week"", value: format_hours(output_contract.labour_hours), },"
lib\selectors\quickStartSelectors.js,quickStartSelectors.js,lib,63,output_contract,snake_case,output_contract_reference,output_contract_field,,"] : output_contract.mode_key === ""m2_rate"" ? ["
lib\selectors\quickStartSelectors.js,quickStartSelectors.js,lib,67,output_contract,snake_case,output_contract_reference,output_contract_field,,"label: ""Team rate per hour"", value: format_rate(output_contract.team_rate_per_hour), },"
lib\selectors\quickStartSelectors.js,quickStartSelectors.js,lib,72,output_contract,snake_case,output_contract_reference,output_contract_field,,"value: format_rate( output_contract.implied_cost_per_person_per_hour ),"
lib\selectors\quickStartSelectors.js,quickStartSelectors.js,lib,77,output_contract,snake_case,output_contract_reference,output_contract_field,,"label: ""Expected labour margin"", value: `${output_contract.expected_labour_margin_percent.toFixed(1)}%`, },"
lib\selectors\quickStartSelectors.js,quickStartSelectors.js,lib,81,output_contract,snake_case,output_contract_reference,output_contract_field,,"label: ""Total days"", value: `${output_contract.total_days.toFixed(1)} days`, },"
lib\selectors\quickStartSelectors.js,quickStartSelectors.js,lib,85,output_contract,snake_case,output_contract_reference,output_contract_field,,"label: ""Total job value"", value: format_currency(output_contract.total_job_price), },"
lib\selectors\quickStartSelectors.js,quickStartSelectors.js,lib,91,output_contract,snake_case,output_contract_reference,output_contract_field,,"label: ""Hours per person"", value: format_hours(output_contract.hours_per_person), },"
lib\selectors\quickStartSelectors.js,quickStartSelectors.js,lib,95,output_contract,snake_case,output_contract_reference,output_contract_field,,"label: ""Crew days"", value: `${output_contract.crew_days.toFixed(1)} days`, },"
lib\selectors\quickStartSelectors.js,quickStartSelectors.js,lib,33,paid_hours_per_year,snake_case,snake_case_reference,output_contract_field,,"label: ""Paid hours per year"", value: format_hours(output_contract.paid_hours_per_year), },"
lib\selectors\quickStartSelectors.js,quickStartSelectors.js,lib,145,perfect_world_income,snake_case,snake_case_reference,output_contract_field,,"lost_rate_pct: 100 - output_contract.fill_percent, annual_perfect_text: `If everything went perfectly: ${format_currency(output_contract.perfect_world_income)} / year`, annual_real_text: `More realistically: ~ ${format_currency(output_contract.annual_income)} / year`,"
lib\selectors\quickStartSelectors.js,quickStartSelectors.js,lib,145,perfectly,plain,object_key,output_contract_field,,"lost_rate_pct: 100 - output_contract.fill_percent, annual_perfect_text: `If everything went perfectly: ${format_currency(output_contract.perfect_world_income)} / year`, annual_real_text: `More realistically: ~ ${format_currency(output_contract.annual_income)} / year`,"
lib\selectors\quickStartSelectors.js,quickStartSelectors.js,lib,125,primary_label,snake_case,snake_case_reference,output_contract_field,,"primary_value, primary_label, sub_label: output_contract.sub_label,"
lib\selectors\quickStartSelectors.js,quickStartSelectors.js,lib,24,primary_label,snake_case,declaration,output_contract_field,,"const primary_label = output_contract.mode_key === ""m2_rate"""
lib\selectors\quickStartSelectors.js,quickStartSelectors.js,lib,27,primary_label,snake_case,snake_case_reference,output_contract_field,,"? ""This is what the job is earning per person per hour"" : output_contract.primary_label;"
lib\selectors\quickStartSelectors.js,quickStartSelectors.js,lib,22,primary_value,snake_case,declaration,output_contract_field,,const primary_value = format_rate(output_contract.primary_value);
hooks\useQuickStart.js,useQuickStart.js,hooks,16,quick_start_state,snake_case,snake_case_reference,output_contract_field,,"const output_contract = useMemo(() => { return calculateQuickStart(quick_start_state); }, [quick_start_state]);"
hooks\useQuickStart.js,useQuickStart.js,hooks,21,quick_start_state,snake_case,snake_case_reference,output_contract_field,,"return buildQuickStartCard({ quick_start_state, output_contract,"
hooks\useQuickStart.js,useQuickStart.js,hooks,27,quick_start_state,snake_case,snake_case_reference,output_contract_field,,"}, [ quick_start_state, output_contract,"
lib\selectors\quickStartSelectors.js,quickStartSelectors.js,lib,14,quick_start_state,snake_case,snake_case_reference,output_contract_field,,"export function buildQuickStartCard({ quick_start_state, output_contract,"
lib\selectors\quickStartSelectors.js,quickStartSelectors.js,lib,45,rate_drop_amount,snake_case,snake_case_reference,output_contract_field,,"label: ""Hourly drop"", value: format_rate(output_contract.rate_drop_amount), },"
lib\selectors\quickStartSelectors.js,quickStartSelectors.js,lib,146,realistically,plain,object_key,output_contract_field,,"annual_perfect_text: `If everything went perfectly: ${format_currency(output_contract.perfect_world_income)} / year`, annual_real_text: `More realistically: ~ ${format_currency(output_contract.annual_income)} / year`,"
lib\selectors\quickStartSelectors.js,quickStartSelectors.js,lib,137,remaining_pct,snake_case,object_key,output_contract_field,,"labour_pct: output_contract.labour_pct, remaining_pct: output_contract.remaining_pct,"
lib\selectors\quickStartSelectors.js,quickStartSelectors.js,lib,133,remaining_value,snake_case,object_key,output_contract_field,,"labour_value: format_currency(output_contract.labour_value), remaining_value: format_currency(output_contract.remaining_value),"
lib\selectors\quickStartSelectors.js,quickStartSelectors.js,lib,126,sub_label,snake_case,object_key,output_contract_field,,"primary_label, sub_label: output_contract.sub_label, metrics,"
lib\selectors\quickStartSelectors.js,quickStartSelectors.js,lib,67,team_rate_per_hour,snake_case,snake_case_reference,output_contract_field,,"label: ""Team rate per hour"", value: format_rate(output_contract.team_rate_per_hour), },"
lib\selectors\quickStartSelectors.js,quickStartSelectors.js,lib,81,total_days,snake_case,snake_case_reference,output_contract_field,,"label: ""Total days"", value: `${output_contract.total_days.toFixed(1)} days`, },"
lib\selectors\quickStartSelectors.js,quickStartSelectors.js,lib,129,total_job_price,snake_case,snake_case_reference,output_contract_field,,"total_job_value: format_currency(output_contract.total_job_price),"
lib\selectors\quickStartSelectors.js,quickStartSelectors.js,lib,85,total_job_price,snake_case,snake_case_reference,output_contract_field,,"label: ""Total job value"", value: format_currency(output_contract.total_job_price), },"
lib\selectors\quickStartSelectors.js,quickStartSelectors.js,lib,129,total_job_value,snake_case,object_key,output_contract_field,,"total_job_value: format_currency(output_contract.total_job_price),"
hooks\useQuickStart.js,useQuickStart.js,hooks,23,update_quick_start_field,snake_case,snake_case_reference,output_contract_field,,"output_contract, update_quick_start_field, reset_quick_start_state,"
hooks\useQuickStart.js,useQuickStart.js,hooks,29,update_quick_start_field,snake_case,snake_case_reference,output_contract_field,,"output_contract, update_quick_start_field, reset_quick_start_state,"
lib\selectors\quickStartSelectors.js,quickStartSelectors.js,lib,16,update_quick_start_field,snake_case,snake_case_reference,output_contract_field,,"output_contract, update_quick_start_field, reset_quick_start_state,"
lib\selectors\quickStartSelectors.js,quickStartSelectors.js,lib,33,value,plain,object_key,output_contract_field,,"label: ""Paid hours per year"", value: format_hours(output_contract.paid_hours_per_year), },"
lib\selectors\quickStartSelectors.js,quickStartSelectors.js,lib,37,value,plain,object_key,output_contract_field,,"label: ""Unpaid time across the year"", value: format_hours(output_contract.non_working_hours), },"
lib\selectors\quickStartSelectors.js,quickStartSelectors.js,lib,41,value,plain,object_key,output_contract_field,,"label: ""Hours you actually work"", value: format_hours(output_contract.working_hours), },"
lib\selectors\quickStartSelectors.js,quickStartSelectors.js,lib,45,value,plain,object_key,output_contract_field,,"label: ""Hourly drop"", value: format_rate(output_contract.rate_drop_amount), },"
lib\selectors\quickStartSelectors.js,quickStartSelectors.js,lib,52,value,plain,object_key,output_contract_field,,"label: ""Direct operating cost"", value: format_rate(output_contract.direct_cost), },"
lib\selectors\quickStartSelectors.js,quickStartSelectors.js,lib,56,value,plain,object_key,output_contract_field,,"label: ""Weekly buffer"", value: format_currency(output_contract.weekly_buffer), },"
lib\selectors\quickStartSelectors.js,quickStartSelectors.js,lib,60,value,plain,object_key,output_contract_field,,"label: ""Hours per week"", value: format_hours(output_contract.labour_hours), },"
lib\selectors\quickStartSelectors.js,quickStartSelectors.js,lib,67,value,plain,object_key,output_contract_field,,"label: ""Team rate per hour"", value: format_rate(output_contract.team_rate_per_hour), },"
lib\selectors\quickStartSelectors.js,quickStartSelectors.js,lib,71,value,plain,object_key,output_contract_field,,"label: ""Implied cost per person per hour"", value: format_rate( output_contract.implied_cost_per_person_per_hour"
lib\selectors\quickStartSelectors.js,quickStartSelectors.js,lib,77,value,plain,object_key,output_contract_field,,"label: ""Expected labour margin"", value: `${output_contract.expected_labour_margin_percent.toFixed(1)}%`, },"
lib\selectors\quickStartSelectors.js,quickStartSelectors.js,lib,81,value,plain,object_key,output_contract_field,,"label: ""Total days"", value: `${output_contract.total_days.toFixed(1)} days`, },"
lib\selectors\quickStartSelectors.js,quickStartSelectors.js,lib,85,value,plain,object_key,output_contract_field,,"label: ""Total job value"", value: format_currency(output_contract.total_job_price), },"
lib\selectors\quickStartSelectors.js,quickStartSelectors.js,lib,91,value,plain,object_key,output_contract_field,,"label: ""Hours per person"", value: format_hours(output_contract.hours_per_person), },"
lib\selectors\quickStartSelectors.js,quickStartSelectors.js,lib,95,value,plain,object_key,output_contract_field,,"label: ""Crew days"", value: `${output_contract.crew_days.toFixed(1)} days`, },"
lib\selectors\quickStartSelectors.js,quickStartSelectors.js,lib,56,weekly_buffer,snake_case,snake_case_reference,output_contract_field,,"label: ""Weekly buffer"", value: format_currency(output_contract.weekly_buffer), },"
lib\selectors\quickStartSelectors.js,quickStartSelectors.js,lib,41,working_hours,snake_case,snake_case_reference,output_contract_field,,"label: ""Hours you actually work"", value: format_hours(output_contract.working_hours), },"
hooks\cost-allocation\useCostAllocationAssetOverlay.js,useCostAllocationAssetOverlay.js,hooks,32,active_assets,snake_case,declaration,output_contract_field,assets,}) { const active_assets = safe_array(asset_output_contract.active_assets); const default_recovery_hours = safe_number(recovery_hours_used);
hooks\useAssets.js,useAssets.js,hooks,668,active_assets,snake_case,snake_case_reference,output_contract_field,assets,"output_contract, active_assets, };"
hooks\useCostSummary.js,useCostSummary.js,hooks,251,active_assets,snake_case,object_key,output_contract_field,assets,"asset_output_contract.asset_review_required === true, active_assets: Array.isArray(asset_output_contract.active_assets) ? asset_output_contract.active_assets"
hooks\useCostSummary.js,useCostSummary.js,hooks,252,active_assets,snake_case,snake_case_reference,output_contract_field,assets,"active_assets: Array.isArray(asset_output_contract.active_assets) ? asset_output_contract.active_assets : [],"
lib\reconciliation\reconciliationRules.js,reconciliationRules.js,lib,267,active_assets,snake_case,declaration,output_contract_field,assets,const active_assets = Array.isArray(asset_output_contract.active_assets) ? asset_output_contract.active_assets
lib\reconciliation\reconciliationRules.js,reconciliationRules.js,lib,268,active_assets,snake_case,snake_case_reference,output_contract_field,assets,const active_assets = Array.isArray(asset_output_contract.active_assets) ? asset_output_contract.active_assets : Array.isArray(asset_output_contract.assets)
lib\reconciliation\reconciliationRules.js,reconciliationRules.js,lib,71,active_assets,snake_case,declaration,output_contract_field,assets,}) { const active_assets = Array.isArray(asset_output_contract.active_assets) ? asset_output_contract.active_assets
lib\reconciliation\reconciliationRules.js,reconciliationRules.js,lib,72,active_assets,snake_case,snake_case_reference,output_contract_field,assets,const active_assets = Array.isArray(asset_output_contract.active_assets) ? asset_output_contract.active_assets : Array.isArray(asset_output_contract.assets)
hooks\useCostSummary.js,useCostSummary.js,hooks,48,asset_detail,snake_case,object_key,output_contract_field,assets,"asset_output_contract.total_asset_interest_annual ?? 0, asset_detail: { running_cost_annual:"
lib\reconciliation\reconciliationRules.js,reconciliationRules.js,lib,219,asset_finance_benchmark_total,snake_case,declaration,output_contract_field,assets,const asset_finance_benchmark_total = toNumber( pnl_output_contract.pnl_interest_marked_asset_finance_total ??
lib\reconciliation\reconciliationRules.js,reconciliationRules.js,lib,250,asset_interest_annual,snake_case,snake_case_reference,output_contract_field,assets,"asset_output_contract.finance_cost_annual ?? asset_output_contract.asset_interest_annual ?? 0,"
lib\selectors\quickStartSelectors.js,quickStartSelectors.js,lib,48,asset_operator,snake_case,snake_case_reference,output_contract_field,assets,"] : output_contract.mode_key === ""asset_operator"" ? ["
hooks\cost-allocation\useCostAllocationAssetOverlay.js,useCostAllocationAssetOverlay.js,hooks,187,asset_output_contract,snake_case,snake_case_reference,output_contract_field,assets,"export function useCostAllocationAssetOverlay({ asset_output_contract = {}, recovery_hours_used = 0,"
hooks\cost-allocation\useCostAllocationAssetOverlay.js,useCostAllocationAssetOverlay.js,hooks,192,asset_output_contract,snake_case,snake_case_reference,output_contract_field,assets,"return build_asset_recovery_overlay({ asset_output_contract, recovery_hours_used,"
hooks\cost-allocation\useCostAllocationAssetOverlay.js,useCostAllocationAssetOverlay.js,hooks,195,asset_output_contract,snake_case,snake_case_reference,output_contract_field,assets,"}); }, [asset_output_contract, recovery_hours_used]); }"
hooks\cost-allocation\useCostAllocationAssetOverlay.js,useCostAllocationAssetOverlay.js,hooks,29,asset_output_contract,snake_case,snake_case_reference,output_contract_field,assets,"function build_asset_recovery_overlay({ asset_output_contract = {}, recovery_hours_used = 0,"
hooks\cost-allocation\useCostAllocationAssetOverlay.js,useCostAllocationAssetOverlay.js,hooks,32,asset_output_contract,snake_case,snake_case_reference,output_contract_field,assets,}) { const active_assets = safe_array(asset_output_contract.active_assets); const default_recovery_hours = safe_number(recovery_hours_used);
hooks\useCostAllocation.js,useCostAllocation.js,hooks,88,asset_output_contract,snake_case,object_key,output_contract_field,assets,"const asset_recovery_overlay = useCostAllocationAssetOverlay({ asset_output_contract: assets?.output_contract ?? {}, recovery_hours_used: base_calculation_inputs?.recovery_hours_used,"
hooks\useCostSummary.js,useCostSummary.js,hooks,125,asset_output_contract,snake_case,snake_case_reference,output_contract_field,assets,"base_asset_cost_annual: asset_output_contract.total_asset_cost_annual ?? 0, assigned_asset_overhead_cost_annual: assigned_asset_overhead_cost,"
hooks\useCostSummary.js,useCostSummary.js,hooks,128,asset_output_contract,snake_case,snake_case_reference,output_contract_field,assets,total_asset_recovery_cost_annual: asset_output_contract.total_asset_recovery_cost_annual ?? calculations.total_asset_cost_annual ??
hooks\useCostSummary.js,useCostSummary.js,hooks,134,asset_output_contract,snake_case,snake_case_reference,output_contract_field,assets,"has_productive_asset_recovery_base: asset_output_contract.has_productive_asset_recovery_base === true, productive_asset_count:"
hooks\useCostSummary.js,useCostSummary.js,hooks,136,asset_output_contract,snake_case,snake_case_reference,output_contract_field,assets,"productive_asset_count: asset_output_contract.productive_asset_count ?? 0, support_asset_count:"
hooks\useCostSummary.js,useCostSummary.js,hooks,138,asset_output_contract,snake_case,snake_case_reference,output_contract_field,assets,"support_asset_count: asset_output_contract.support_asset_count ?? 0, productive_asset_cost:"
hooks\useCostSummary.js,useCostSummary.js,hooks,140,asset_output_contract,snake_case,snake_case_reference,output_contract_field,assets,"productive_asset_cost: asset_output_contract.productive_asset_cost ?? 0, productive_asset_recovery_cost_annual:"
hooks\useCostSummary.js,useCostSummary.js,hooks,142,asset_output_contract,snake_case,snake_case_reference,output_contract_field,assets,productive_asset_recovery_cost_annual: asset_output_contract.productive_asset_recovery_cost_annual ?? asset_output_contract.productive_asset_cost ??
hooks\useCostSummary.js,useCostSummary.js,hooks,143,asset_output_contract,snake_case,snake_case_reference,output_contract_field,assets,"asset_output_contract.productive_asset_recovery_cost_annual ?? asset_output_contract.productive_asset_cost ?? 0,"
hooks\useCostSummary.js,useCostSummary.js,hooks,146,asset_output_contract,snake_case,snake_case_reference,output_contract_field,assets,"support_asset_cost: asset_output_contract.support_asset_cost ?? 0,"
hooks\useCostSummary.js,useCostSummary.js,hooks,156,asset_output_contract,snake_case,snake_case_reference,output_contract_field,assets,"total_unassigned_asset_related_overhead_cost_annual: asset_output_contract.asset_related_unassigned_cost ?? 0, total_business_cost_annual:"
hooks\useCostSummary.js,useCostSummary.js,hooks,218,asset_output_contract,snake_case,snake_case_reference,output_contract_field,assets,"base_asset_cost_annual: asset_output_contract.total_asset_cost_annual ?? 0, assigned_asset_overhead_cost_annual: assigned_asset_overhead_cost,"
hooks\useCostSummary.js,useCostSummary.js,hooks,221,asset_output_contract,snake_case,snake_case_reference,output_contract_field,assets,total_asset_recovery_cost_annual: asset_output_contract.total_asset_recovery_cost_annual ?? calculations.total_asset_cost_annual ??
hooks\useCostSummary.js,useCostSummary.js,hooks,227,asset_output_contract,snake_case,snake_case_reference,output_contract_field,assets,"finance_cost_annual: asset_output_contract.finance_cost_annual ?? 0, has_productive_asset_recovery_base:"
hooks\useCostSummary.js,useCostSummary.js,hooks,229,asset_output_contract,snake_case,snake_case_reference,output_contract_field,assets,"has_productive_asset_recovery_base: asset_output_contract.has_productive_asset_recovery_base === true, productive_asset_count:"
hooks\useCostSummary.js,useCostSummary.js,hooks,23,asset_output_contract,snake_case,declaration,output_contract_field,assets,const labour_output_contract = inputs.labour?.output_contract ?? {}; const asset_output_contract = inputs.assets?.output_contract ?? {}; const general_overheads_output_contract =
hooks\useCostSummary.js,useCostSummary.js,hooks,231,asset_output_contract,snake_case,snake_case_reference,output_contract_field,assets,"productive_asset_count: asset_output_contract.productive_asset_count ?? 0, support_asset_count:"
hooks\useCostSummary.js,useCostSummary.js,hooks,233,asset_output_contract,snake_case,snake_case_reference,output_contract_field,assets,"support_asset_count: asset_output_contract.support_asset_count ?? 0, productive_asset_cost:"
hooks\useCostSummary.js,useCostSummary.js,hooks,235,asset_output_contract,snake_case,snake_case_reference,output_contract_field,assets,"productive_asset_cost: asset_output_contract.productive_asset_cost ?? 0, productive_asset_recovery_cost_annual:"
hooks\useCostSummary.js,useCostSummary.js,hooks,237,asset_output_contract,snake_case,snake_case_reference,output_contract_field,assets,productive_asset_recovery_cost_annual: asset_output_contract.productive_asset_recovery_cost_annual ?? asset_output_contract.productive_asset_cost ??
hooks\useCostSummary.js,useCostSummary.js,hooks,238,asset_output_contract,snake_case,snake_case_reference,output_contract_field,assets,"asset_output_contract.productive_asset_recovery_cost_annual ?? asset_output_contract.productive_asset_cost ?? 0,"
hooks\useCostSummary.js,useCostSummary.js,hooks,241,asset_output_contract,snake_case,snake_case_reference,output_contract_field,assets,"support_asset_cost: asset_output_contract.support_asset_cost ?? 0, asset_overhead_pool_assignment_summary: Array.isArray("
hooks\useCostSummary.js,useCostSummary.js,hooks,243,asset_output_contract,snake_case,snake_case_reference,output_contract_field,assets,asset_overhead_pool_assignment_summary: Array.isArray( asset_output_contract.asset_overhead_pool_assignment_summary )
hooks\useCostSummary.js,useCostSummary.js,hooks,245,asset_output_contract,snake_case,snake_case_reference,output_contract_field,assets,") ? asset_output_contract.asset_overhead_pool_assignment_summary : [],"
hooks\useCostSummary.js,useCostSummary.js,hooks,248,asset_output_contract,snake_case,snake_case_reference,output_contract_field,assets,"asset_related_unassigned_cost: asset_output_contract.asset_related_unassigned_cost ?? 0, asset_review_required:"
hooks\useCostSummary.js,useCostSummary.js,hooks,250,asset_output_contract,snake_case,snake_case_reference,output_contract_field,assets,"asset_review_required: asset_output_contract.asset_review_required === true, active_assets: Array.isArray(asset_output_contract.active_assets)"
hooks\useCostSummary.js,useCostSummary.js,hooks,251,asset_output_contract,snake_case,snake_case_reference,output_contract_field,assets,"asset_output_contract.asset_review_required === true, active_assets: Array.isArray(asset_output_contract.active_assets) ? asset_output_contract.active_assets"
hooks\useCostSummary.js,useCostSummary.js,hooks,252,asset_output_contract,snake_case,snake_case_reference,output_contract_field,assets,"active_assets: Array.isArray(asset_output_contract.active_assets) ? asset_output_contract.active_assets : [],"
hooks\useCostSummary.js,useCostSummary.js,hooks,254,asset_output_contract,snake_case,snake_case_reference,output_contract_field,assets,": [], assets: Array.isArray(asset_output_contract.assets) ? asset_output_contract.assets"
hooks\useCostSummary.js,useCostSummary.js,hooks,255,asset_output_contract,snake_case,snake_case_reference,output_contract_field,assets,"assets: Array.isArray(asset_output_contract.assets) ? asset_output_contract.assets : [],"
hooks\useCostSummary.js,useCostSummary.js,hooks,27,asset_output_contract,snake_case,snake_case_reference,output_contract_field,assets,const assigned_asset_overhead_cost = Number( asset_output_contract.total_allocated_asset_overhead_cost_annual ?? 0 );
hooks\useCostSummary.js,useCostSummary.js,hooks,270,asset_output_contract,snake_case,snake_case_reference,output_contract_field,assets,"total_unassigned_asset_related_overhead_cost_annual: asset_output_contract.asset_related_unassigned_cost ?? 0, category_totals: Array.isArray("
hooks\useCostSummary.js,useCostSummary.js,hooks,40,asset_output_contract,snake_case,snake_case_reference,output_contract_field,assets,total_asset_cost_annual: asset_output_contract.total_asset_recovery_cost_annual ?? asset_output_contract.total_asset_cost_annual ??
hooks\useCostSummary.js,useCostSummary.js,hooks,41,asset_output_contract,snake_case,snake_case_reference,output_contract_field,assets,"asset_output_contract.total_asset_recovery_cost_annual ?? asset_output_contract.total_asset_cost_annual ?? 0,"
hooks\useCostSummary.js,useCostSummary.js,hooks,44,asset_output_contract,snake_case,snake_case_reference,output_contract_field,assets,"base_asset_cost_annual: asset_output_contract.total_asset_cost_annual ?? 0, assigned_asset_overhead_cost_annual: assigned_asset_overhead_cost,"
hooks\useCostSummary.js,useCostSummary.js,hooks,47,asset_output_contract,snake_case,snake_case_reference,output_contract_field,assets,"total_asset_interest_annual: asset_output_contract.total_asset_interest_annual ?? 0, asset_detail: {"
hooks\useCostSummary.js,useCostSummary.js,hooks,50,asset_output_contract,snake_case,snake_case_reference,output_contract_field,assets,running_cost_annual: asset_output_contract.legacy_display?.running_cost_annual ?? asset_output_contract.running_cost_annual ??
hooks\useCostSummary.js,useCostSummary.js,hooks,51,asset_output_contract,snake_case,snake_case_reference,output_contract_field,assets,"asset_output_contract.legacy_display?.running_cost_annual ?? asset_output_contract.running_cost_annual ?? 0,"
lib\reconciliation\moduleReconciliation.js,moduleReconciliation.js,lib,15,asset_output_contract,snake_case,declaration,output_contract_field,assets,const asset_status = assets.status ?? {}; const asset_output_contract = assets.output_contract ?? {}; const general_overheads_status = generalOverheads.status ?? {};
lib\reconciliation\moduleReconciliation.js,moduleReconciliation.js,lib,26,asset_output_contract,snake_case,snake_case_reference,output_contract_field,assets,"asset_status, asset_output_contract, general_overheads_status,"
lib\reconciliation\reconciliationRules.js,reconciliationRules.js,lib,200,asset_output_contract,snake_case,snake_case_reference,output_contract_field,assets,"asset_status = {}, asset_output_contract = {}, general_overheads_status = {},"
lib\reconciliation\reconciliationRules.js,reconciliationRules.js,lib,244,asset_output_contract,snake_case,snake_case_reference,output_contract_field,assets,"const total_asset_cost_annual = toNumber( asset_output_contract.total_asset_cost_annual, );"
lib\reconciliation\reconciliationRules.js,reconciliationRules.js,lib,248,asset_output_contract,snake_case,snake_case_reference,output_contract_field,assets,const total_asset_interest_annual = toNumber( asset_output_contract.total_asset_interest_annual ?? asset_output_contract.finance_cost_annual ??
lib\reconciliation\reconciliationRules.js,reconciliationRules.js,lib,249,asset_output_contract,snake_case,snake_case_reference,output_contract_field,assets,asset_output_contract.total_asset_interest_annual ?? asset_output_contract.finance_cost_annual ?? asset_output_contract.asset_interest_annual ??
lib\reconciliation\reconciliationRules.js,reconciliationRules.js,lib,250,asset_output_contract,snake_case,snake_case_reference,output_contract_field,assets,"asset_output_contract.finance_cost_annual ?? asset_output_contract.asset_interest_annual ?? 0,"
lib\reconciliation\reconciliationRules.js,reconciliationRules.js,lib,267,asset_output_contract,snake_case,snake_case_reference,output_contract_field,assets,const active_assets = Array.isArray(asset_output_contract.active_assets) ? asset_output_contract.active_assets
lib\reconciliation\reconciliationRules.js,reconciliationRules.js,lib,268,asset_output_contract,snake_case,snake_case_reference,output_contract_field,assets,const active_assets = Array.isArray(asset_output_contract.active_assets) ? asset_output_contract.active_assets : Array.isArray(asset_output_contract.assets)
lib\reconciliation\reconciliationRules.js,reconciliationRules.js,lib,269,asset_output_contract,snake_case,snake_case_reference,output_contract_field,assets,? asset_output_contract.active_assets : Array.isArray(asset_output_contract.assets) ? asset_output_contract.assets
lib\reconciliation\reconciliationRules.js,reconciliationRules.js,lib,270,asset_output_contract,snake_case,snake_case_reference,output_contract_field,assets,: Array.isArray(asset_output_contract.assets) ? asset_output_contract.assets : [];
lib\reconciliation\reconciliationRules.js,reconciliationRules.js,lib,274,asset_output_contract,snake_case,snake_case_reference,output_contract_field,assets,const no_active_assets_confirmed = asset_output_contract.no_active_assets_confirmed === true;
lib\reconciliation\reconciliationRules.js,reconciliationRules.js,lib,277,asset_output_contract,snake_case,snake_case_reference,output_contract_field,assets,"const assets_ready = Boolean( asset_output_contract.assets_ready ?? asset_status.is_ready, );"
lib\reconciliation\reconciliationRules.js,reconciliationRules.js,lib,296,asset_output_contract,snake_case,snake_case_reference,output_contract_field,assets,const legacy_running_cost_check = getLegacyAssetRunningCostCheck(asset_output_contract);
lib\reconciliation\reconciliationRules.js,reconciliationRules.js,lib,300,asset_output_contract,snake_case,snake_case_reference,output_contract_field,assets,"asset_status, asset_output_contract, });"
lib\reconciliation\reconciliationRules.js,reconciliationRules.js,lib,36,asset_output_contract,snake_case,snake_case_reference,output_contract_field,assets,function getLegacyAssetRunningCostCheck(asset_output_contract = {}) { const running_cost_annual = toNumber(asset_output_contract.running_cost_annual);
lib\reconciliation\reconciliationRules.js,reconciliationRules.js,lib,37,asset_output_contract,snake_case,snake_case_reference,output_contract_field,assets,function getLegacyAssetRunningCostCheck(asset_output_contract = {}) { const running_cost_annual = toNumber(asset_output_contract.running_cost_annual); const has_legacy_running_cost = running_cost_annual > 0;
lib\reconciliation\reconciliationRules.js,reconciliationRules.js,lib,69,asset_output_contract,snake_case,snake_case_reference,output_contract_field,assets,"asset_status = {}, asset_output_contract = {}, }) {"
lib\reconciliation\reconciliationRules.js,reconciliationRules.js,lib,71,asset_output_contract,snake_case,snake_case_reference,output_contract_field,assets,}) { const active_assets = Array.isArray(asset_output_contract.active_assets) ? asset_output_contract.active_assets
lib\reconciliation\reconciliationRules.js,reconciliationRules.js,lib,72,asset_output_contract,snake_case,snake_case_reference,output_contract_field,assets,const active_assets = Array.isArray(asset_output_contract.active_assets) ? asset_output_contract.active_assets : Array.isArray(asset_output_contract.assets)
lib\reconciliation\reconciliationRules.js,reconciliationRules.js,lib,73,asset_output_contract,snake_case,snake_case_reference,output_contract_field,assets,? asset_output_contract.active_assets : Array.isArray(asset_output_contract.assets) ? asset_output_contract.assets
lib\reconciliation\reconciliationRules.js,reconciliationRules.js,lib,74,asset_output_contract,snake_case,snake_case_reference,output_contract_field,assets,: Array.isArray(asset_output_contract.assets) ? asset_output_contract.assets : [];
lib\reconciliation\reconciliationRules.js,reconciliationRules.js,lib,78,asset_output_contract,snake_case,snake_case_reference,output_contract_field,assets,"const total_asset_cost_annual = toNumber( asset_output_contract.total_asset_cost_annual, );"
lib\reconciliation\reconciliationRules.js,reconciliationRules.js,lib,82,asset_output_contract,snake_case,snake_case_reference,output_contract_field,assets,const no_active_assets_confirmed = asset_output_contract.no_active_assets_confirmed === true;
lib\reconciliation\reconciliationRules.js,reconciliationRules.js,lib,85,asset_output_contract,snake_case,snake_case_reference,output_contract_field,assets,"const assets_ready = Boolean( asset_output_contract.assets_ready ?? asset_status.is_ready, );"
hooks\useRecoverySummary.js,useRecoverySummary.js,hooks,30,asset_outputs,snake_case,declaration,output_contract_field,assets,inputs.revenue_cogs ?? revenue_cogs.output_contract ?? {}; const asset_outputs = inputs.assets ?? model_readiness.modules?.assets?.output_contract ?? {};
hooks\useCostSummary.js,useCostSummary.js,hooks,242,asset_overhead_pool_assignment_summary,snake_case,object_key,output_contract_field,assets,"asset_output_contract.support_asset_cost ?? 0, asset_overhead_pool_assignment_summary: Array.isArray( asset_output_contract.asset_overhead_pool_assignment_summary"
hooks\useCostSummary.js,useCostSummary.js,hooks,243,asset_overhead_pool_assignment_summary,snake_case,snake_case_reference,output_contract_field,assets,asset_overhead_pool_assignment_summary: Array.isArray( asset_output_contract.asset_overhead_pool_assignment_summary )
hooks\useCostSummary.js,useCostSummary.js,hooks,245,asset_overhead_pool_assignment_summary,snake_case,snake_case_reference,output_contract_field,assets,") ? asset_output_contract.asset_overhead_pool_assignment_summary : [],"
components\general-overheads\GeneralOverheadSummaryCard.jsx,GeneralOverheadSummaryCard.jsx,components,179,asset_overhead_pools,snake_case,snake_case_reference,output_contract_field,assets,"{output_contract?.asset_overhead_pools ? ( <div className=""ui-stack-sm"">"
components\general-overheads\GeneralOverheadSummaryCard.jsx,GeneralOverheadSummaryCard.jsx,components,183,asset_overhead_pools,snake_case,snake_case_reference,output_contract_field,assets,"{Object.entries(output_contract.asset_overhead_pools).map( ([pool_key, pool]) => ("
hooks\useAssets.js,useAssets.js,hooks,205,asset_overhead_pools,snake_case,declaration,output_contract_field,assets,const asset_overhead_pools = useMemo(() => { return general_overheads?.output_contract?.asset_overhead_pools ?? {};
hooks\useAssets.js,useAssets.js,hooks,206,asset_overhead_pools,snake_case,snake_case_reference,output_contract_field,assets,"const asset_overhead_pools = useMemo(() => { return general_overheads?.output_contract?.asset_overhead_pools ?? {}; }, [general_overheads?.output_contract?.asset_overhead_pools]);"
hooks\useAssets.js,useAssets.js,hooks,207,asset_overhead_pools,snake_case,snake_case_reference,output_contract_field,assets,"return general_overheads?.output_contract?.asset_overhead_pools ?? {}; }, [general_overheads?.output_contract?.asset_overhead_pools]);"
hooks\useCostAllocation.js,useCostAllocation.js,hooks,87,asset_recovery_overlay,snake_case,declaration,output_contract_field,assets,"const asset_recovery_overlay = useCostAllocationAssetOverlay({ asset_output_contract: assets?.output_contract ?? {},"
hooks\useCostSummary.js,useCostSummary.js,hooks,156,asset_related_unassigned_cost,snake_case,snake_case_reference,output_contract_field,assets,"total_unassigned_asset_related_overhead_cost_annual: asset_output_contract.asset_related_unassigned_cost ?? 0, total_business_cost_annual:"
hooks\useCostSummary.js,useCostSummary.js,hooks,247,asset_related_unassigned_cost,snake_case,object_key,output_contract_field,assets,": [], asset_related_unassigned_cost: asset_output_contract.asset_related_unassigned_cost ?? 0,"
hooks\useCostSummary.js,useCostSummary.js,hooks,248,asset_related_unassigned_cost,snake_case,snake_case_reference,output_contract_field,assets,"asset_related_unassigned_cost: asset_output_contract.asset_related_unassigned_cost ?? 0, asset_review_required:"
hooks\useCostSummary.js,useCostSummary.js,hooks,270,asset_related_unassigned_cost,snake_case,snake_case_reference,output_contract_field,assets,"total_unassigned_asset_related_overhead_cost_annual: asset_output_contract.asset_related_unassigned_cost ?? 0, category_totals: Array.isArray("
hooks\useCostSummary.js,useCostSummary.js,hooks,249,asset_review_required,snake_case,object_key,output_contract_field,assets,"asset_output_contract.asset_related_unassigned_cost ?? 0, asset_review_required: asset_output_contract.asset_review_required === true,"
hooks\useCostSummary.js,useCostSummary.js,hooks,250,asset_review_required,snake_case,warning_id,output_contract_field,assets,"asset_review_required: asset_output_contract.asset_review_required === true, active_assets: Array.isArray(asset_output_contract.active_assets)"
lib\reconciliation\moduleReconciliation.js,moduleReconciliation.js,lib,14,asset_status,snake_case,declaration,output_contract_field,assets,const labour_outputs = labour.outputs ?? {}; const asset_status = assets.status ?? {}; const asset_output_contract = assets.output_contract ?? {};
lib\reconciliation\moduleReconciliation.js,moduleReconciliation.js,lib,25,asset_status,snake_case,snake_case_reference,output_contract_field,assets,"labour_outputs, asset_status, asset_output_contract,"
lib\reconciliation\reconciliationRules.js,reconciliationRules.js,lib,199,asset_status,snake_case,snake_case_reference,output_contract_field,assets,"labour_outputs = {}, asset_status = {}, asset_output_contract = {},"
lib\reconciliation\reconciliationRules.js,reconciliationRules.js,lib,277,asset_status,snake_case,snake_case_reference,output_contract_field,assets,"const assets_ready = Boolean( asset_output_contract.assets_ready ?? asset_status.is_ready, );"
lib\reconciliation\reconciliationRules.js,reconciliationRules.js,lib,299,asset_status,snake_case,snake_case_reference,output_contract_field,assets,"const assets_readiness_check = getAssetsReadinessCheck({ asset_status, asset_output_contract,"
lib\reconciliation\reconciliationRules.js,reconciliationRules.js,lib,68,asset_status,snake_case,snake_case_reference,output_contract_field,assets,"function getAssetsReadinessCheck({ asset_status = {}, asset_output_contract = {},"
lib\reconciliation\reconciliationRules.js,reconciliationRules.js,lib,85,asset_status,snake_case,snake_case_reference,output_contract_field,assets,"const assets_ready = Boolean( asset_output_contract.assets_ready ?? asset_status.is_ready, );"
hooks\useCostSummary.js,useCostSummary.js,hooks,254,assets,plain,object_key,output_contract_field,assets,": [], assets: Array.isArray(asset_output_contract.assets) ? asset_output_contract.assets"
hooks\useQuoteEngine.js,useQuoteEngine.js,hooks,109,assets,plain,object_key,output_contract_field,assets,"labour: labour.output_contract, assets: model_readiness.modules.assets, general_overheads: model_readiness.modules.generalOverheads,"
hooks\useAssets.js,useAssets.js,hooks,209,assets_benchmark_total,snake_case,declaration,output_contract_field,assets,const assets_benchmark_total = Number( pnl_output_contract?.assets_benchmark_total ?? 0
hooks\useAssets.js,useAssets.js,hooks,210,assets_benchmark_total,snake_case,snake_case_reference,output_contract_field,assets,const assets_benchmark_total = Number( pnl_output_contract?.assets_benchmark_total ?? 0 );
lib\reconciliation\reconciliationRules.js,reconciliationRules.js,lib,211,assets_benchmark_total,snake_case,declaration,output_contract_field,assets,"const assets_benchmark_total = toNumber( pnl_output_contract.assets_benchmark_total,"
lib\reconciliation\reconciliationRules.js,reconciliationRules.js,lib,212,assets_benchmark_total,snake_case,snake_case_reference,output_contract_field,assets,"const assets_benchmark_total = toNumber( pnl_output_contract.assets_benchmark_total, );"
components\model-readiness\ModelReadinessAuditPanel.jsx,ModelReadinessAuditPanel.jsx,components,40,assets_output,snake_case,declaration,output_contract_field,assets,const assets_output = modules?.assets?.output_contract ??
lib\reconciliation\reconciliationRules.js,reconciliationRules.js,lib,276,assets_ready,snake_case,declaration,output_contract_field,assets,"const assets_ready = Boolean( asset_output_contract.assets_ready ?? asset_status.is_ready,"
lib\reconciliation\reconciliationRules.js,reconciliationRules.js,lib,277,assets_ready,snake_case,snake_case_reference,output_contract_field,assets,"const assets_ready = Boolean( asset_output_contract.assets_ready ?? asset_status.is_ready, );"
lib\reconciliation\reconciliationRules.js,reconciliationRules.js,lib,84,assets_ready,snake_case,declaration,output_contract_field,assets,"const assets_ready = Boolean( asset_output_contract.assets_ready ?? asset_status.is_ready,"
lib\reconciliation\reconciliationRules.js,reconciliationRules.js,lib,85,assets_ready,snake_case,snake_case_reference,output_contract_field,assets,"const assets_ready = Boolean( asset_output_contract.assets_ready ?? asset_status.is_ready, );"
hooks\useCostSummary.js,useCostSummary.js,hooks,126,assigned_asset_overhead_cost,snake_case,snake_case_reference,output_contract_field,assets,"asset_output_contract.total_asset_cost_annual ?? 0, assigned_asset_overhead_cost_annual: assigned_asset_overhead_cost, total_asset_recovery_cost_annual:"
hooks\useCostSummary.js,useCostSummary.js,hooks,219,assigned_asset_overhead_cost,snake_case,snake_case_reference,output_contract_field,assets,"asset_output_contract.total_asset_cost_annual ?? 0, assigned_asset_overhead_cost_annual: assigned_asset_overhead_cost, total_asset_recovery_cost_annual:"
hooks\useCostSummary.js,useCostSummary.js,hooks,26,assigned_asset_overhead_cost,snake_case,declaration,output_contract_field,assets,inputs.general_overheads?.output_contract ?? {}; const assigned_asset_overhead_cost = Number( asset_output_contract.total_allocated_asset_overhead_cost_annual ?? 0
hooks\useCostSummary.js,useCostSummary.js,hooks,45,assigned_asset_overhead_cost,snake_case,snake_case_reference,output_contract_field,assets,"asset_output_contract.total_asset_cost_annual ?? 0, assigned_asset_overhead_cost_annual: assigned_asset_overhead_cost, total_asset_interest_annual:"
hooks\useCostSummary.js,useCostSummary.js,hooks,126,assigned_asset_overhead_cost_annual,snake_case,object_key,output_contract_field,assets,"asset_output_contract.total_asset_cost_annual ?? 0, assigned_asset_overhead_cost_annual: assigned_asset_overhead_cost, total_asset_recovery_cost_annual:"
hooks\useCostSummary.js,useCostSummary.js,hooks,219,assigned_asset_overhead_cost_annual,snake_case,object_key,output_contract_field,assets,"asset_output_contract.total_asset_cost_annual ?? 0, assigned_asset_overhead_cost_annual: assigned_asset_overhead_cost, total_asset_recovery_cost_annual:"
hooks\useCostSummary.js,useCostSummary.js,hooks,45,assigned_asset_overhead_cost_annual,snake_case,object_key,output_contract_field,assets,"asset_output_contract.total_asset_cost_annual ?? 0, assigned_asset_overhead_cost_annual: assigned_asset_overhead_cost, total_asset_interest_annual:"
hooks\useCostSummary.js,useCostSummary.js,hooks,124,base_asset_cost_annual,snake_case,object_key,output_contract_field,assets,"total_asset_cost_annual: calculations.total_asset_cost_annual ?? 0, base_asset_cost_annual: asset_output_contract.total_asset_cost_annual ?? 0,"
hooks\useCostSummary.js,useCostSummary.js,hooks,217,base_asset_cost_annual,snake_case,object_key,output_contract_field,assets,"calculations.total_asset_cost_annual ?? 0, base_asset_cost_annual: asset_output_contract.total_asset_cost_annual ?? 0,"
hooks\useCostSummary.js,useCostSummary.js,hooks,43,base_asset_cost_annual,snake_case,object_key,output_contract_field,assets,"0, base_asset_cost_annual: asset_output_contract.total_asset_cost_annual ?? 0,"
hooks\cost-allocation\useCostAllocationAssetOverlay.js,useCostAllocationAssetOverlay.js,hooks,191,build_asset_recovery_overlay,snake_case,snake_case_reference,output_contract_field,assets,"return useMemo(() => { return build_asset_recovery_overlay({ asset_output_contract,"
hooks\cost-allocation\useCostAllocationAssetOverlay.js,useCostAllocationAssetOverlay.js,hooks,28,build_asset_recovery_overlay,snake_case,snake_case_reference,output_contract_field,assets,"function build_asset_recovery_overlay({ asset_output_contract = {},"
hooks\cost-allocation\useCostAllocationAssetOverlay.js,useCostAllocationAssetOverlay.js,hooks,33,default_recovery_hours,snake_case,declaration,output_contract_field,assets,const active_assets = safe_array(asset_output_contract.active_assets); const default_recovery_hours = safe_number(recovery_hours_used);
lib\reconciliation\reconciliationRules.js,reconciliationRules.js,lib,221,excluded_asset_finance_interest_total,snake_case,snake_case_reference,output_contract_field,assets,"pnl_output_contract.pnl_interest_marked_asset_finance_total ?? pnl_output_contract.excluded_asset_finance_interest_total ?? 0,"
hooks\useAssets.js,useAssets.js,hooks,203,general_overheads,snake_case,declaration,output_contract_field,assets,const { output_contract: pnl_output_contract } = useProfitAndLoss(); const general_overheads = useGeneralOverheads();
hooks\useAssets.js,useAssets.js,hooks,206,general_overheads,snake_case,snake_case_reference,output_contract_field,assets,"const asset_overhead_pools = useMemo(() => { return general_overheads?.output_contract?.asset_overhead_pools ?? {}; }, [general_overheads?.output_contract?.asset_overhead_pools]);"
hooks\useAssets.js,useAssets.js,hooks,207,general_overheads,snake_case,snake_case_reference,output_contract_field,assets,"return general_overheads?.output_contract?.asset_overhead_pools ?? {}; }, [general_overheads?.output_contract?.asset_overhead_pools]);"
hooks\useBusinessSummary.js,useBusinessSummary.js,hooks,108,has_productive_asset_recovery_base,snake_case,object_key,output_contract_field,assets,has_productive_asset_recovery_base: cost_summary_output_contract.has_productive_asset_recovery_base ===
hooks\useBusinessSummary.js,useBusinessSummary.js,hooks,109,has_productive_asset_recovery_base,snake_case,snake_case_reference,output_contract_field,assets,"has_productive_asset_recovery_base: cost_summary_output_contract.has_productive_asset_recovery_base === true,"
hooks\useCostSummary.js,useCostSummary.js,hooks,133,has_productive_asset_recovery_base,snake_case,object_key,output_contract_field,assets,"calculations.total_asset_interest_annual ?? 0, has_productive_asset_recovery_base: asset_output_contract.has_productive_asset_recovery_base === true,"
hooks\useCostSummary.js,useCostSummary.js,hooks,134,has_productive_asset_recovery_base,snake_case,snake_case_reference,output_contract_field,assets,"has_productive_asset_recovery_base: asset_output_contract.has_productive_asset_recovery_base === true, productive_asset_count:"
hooks\useCostSummary.js,useCostSummary.js,hooks,228,has_productive_asset_recovery_base,snake_case,object_key,output_contract_field,assets,"asset_output_contract.finance_cost_annual ?? 0, has_productive_asset_recovery_base: asset_output_contract.has_productive_asset_recovery_base === true,"
hooks\useCostSummary.js,useCostSummary.js,hooks,229,has_productive_asset_recovery_base,snake_case,snake_case_reference,output_contract_field,assets,"has_productive_asset_recovery_base: asset_output_contract.has_productive_asset_recovery_base === true, productive_asset_count:"
hooks\useAssets.js,useAssets.js,hooks,419,live_assets,snake_case,declaration,output_contract_field,assets,const output_contract = useMemo(() => { const live_assets = Array.isArray(saved_assets) ? saved_assets.filter((asset) => !asset.is_retired)
lib\reconciliation\reconciliationRules.js,reconciliationRules.js,lib,273,no_active_assets_confirmed,snake_case,declaration,output_contract_field,assets,const no_active_assets_confirmed = asset_output_contract.no_active_assets_confirmed === true;
lib\reconciliation\reconciliationRules.js,reconciliationRules.js,lib,274,no_active_assets_confirmed,snake_case,snake_case_reference,output_contract_field,assets,const no_active_assets_confirmed = asset_output_contract.no_active_assets_confirmed === true;
lib\reconciliation\reconciliationRules.js,reconciliationRules.js,lib,81,no_active_assets_confirmed,snake_case,declaration,output_contract_field,assets,const no_active_assets_confirmed = asset_output_contract.no_active_assets_confirmed === true;
lib\reconciliation\reconciliationRules.js,reconciliationRules.js,lib,82,no_active_assets_confirmed,snake_case,snake_case_reference,output_contract_field,assets,const no_active_assets_confirmed = asset_output_contract.no_active_assets_confirmed === true;
hooks\useAssets.js,useAssets.js,hooks,202,output_contract,snake_case,output_contract_reference,output_contract_field,assets,const { output_contract: pnl_output_contract } = useProfitAndLoss(); const general_overheads = useGeneralOverheads();
hooks\useAssets.js,useAssets.js,hooks,206,output_contract,snake_case,output_contract_reference,output_contract_field,assets,"const asset_overhead_pools = useMemo(() => { return general_overheads?.output_contract?.asset_overhead_pools ?? {}; }, [general_overheads?.output_contract?.asset_overhead_pools]);"
hooks\useAssets.js,useAssets.js,hooks,207,output_contract,snake_case,output_contract_reference,output_contract_field,assets,"return general_overheads?.output_contract?.asset_overhead_pools ?? {}; }, [general_overheads?.output_contract?.asset_overhead_pools]);"
hooks\useAssets.js,useAssets.js,hooks,418,output_contract,snake_case,output_contract_reference,output_contract_field,assets,const output_contract = useMemo(() => { const live_assets = Array.isArray(saved_assets)
hooks\useAssets.js,useAssets.js,hooks,667,output_contract,snake_case,output_contract_reference,output_contract_field,assets,"card, output_contract, active_assets,"
hooks\useBusinessSummary.js,useBusinessSummary.js,hooks,115,productive_asset_cost,snake_case,object_key,output_contract_field,assets,"cost_summary_output_contract.support_asset_count ?? 0, productive_asset_cost: cost_summary_output_contract.productive_asset_cost ?? 0,"
hooks\useBusinessSummary.js,useBusinessSummary.js,hooks,116,productive_asset_cost,snake_case,snake_case_reference,output_contract_field,assets,"productive_asset_cost: cost_summary_output_contract.productive_asset_cost ?? 0, support_asset_cost:"
hooks\useCostSummary.js,useCostSummary.js,hooks,139,productive_asset_cost,snake_case,object_key,output_contract_field,assets,"asset_output_contract.support_asset_count ?? 0, productive_asset_cost: asset_output_contract.productive_asset_cost ?? 0,"
hooks\useCostSummary.js,useCostSummary.js,hooks,140,productive_asset_cost,snake_case,snake_case_reference,output_contract_field,assets,"productive_asset_cost: asset_output_contract.productive_asset_cost ?? 0, productive_asset_recovery_cost_annual:"
hooks\useCostSummary.js,useCostSummary.js,hooks,143,productive_asset_cost,snake_case,snake_case_reference,output_contract_field,assets,"asset_output_contract.productive_asset_recovery_cost_annual ?? asset_output_contract.productive_asset_cost ?? 0,"
hooks\useCostSummary.js,useCostSummary.js,hooks,234,productive_asset_cost,snake_case,object_key,output_contract_field,assets,"asset_output_contract.support_asset_count ?? 0, productive_asset_cost: asset_output_contract.productive_asset_cost ?? 0,"
hooks\useCostSummary.js,useCostSummary.js,hooks,235,productive_asset_cost,snake_case,snake_case_reference,output_contract_field,assets,"productive_asset_cost: asset_output_contract.productive_asset_cost ?? 0, productive_asset_recovery_cost_annual:"
hooks\useCostSummary.js,useCostSummary.js,hooks,238,productive_asset_cost,snake_case,snake_case_reference,output_contract_field,assets,"asset_output_contract.productive_asset_recovery_cost_annual ?? asset_output_contract.productive_asset_cost ?? 0,"
hooks\useBusinessSummary.js,useBusinessSummary.js,hooks,111,productive_asset_count,snake_case,object_key,output_contract_field,assets,"true, productive_asset_count: cost_summary_output_contract.productive_asset_count ?? 0,"
hooks\useBusinessSummary.js,useBusinessSummary.js,hooks,112,productive_asset_count,snake_case,snake_case_reference,output_contract_field,assets,"productive_asset_count: cost_summary_output_contract.productive_asset_count ?? 0, support_asset_count:"
hooks\useCostSummary.js,useCostSummary.js,hooks,135,productive_asset_count,snake_case,object_key,output_contract_field,assets,"asset_output_contract.has_productive_asset_recovery_base === true, productive_asset_count: asset_output_contract.productive_asset_count ?? 0,"
hooks\useCostSummary.js,useCostSummary.js,hooks,136,productive_asset_count,snake_case,snake_case_reference,output_contract_field,assets,"productive_asset_count: asset_output_contract.productive_asset_count ?? 0, support_asset_count:"
hooks\useCostSummary.js,useCostSummary.js,hooks,230,productive_asset_count,snake_case,object_key,output_contract_field,assets,"asset_output_contract.has_productive_asset_recovery_base === true, productive_asset_count: asset_output_contract.productive_asset_count ?? 0,"
hooks\useCostSummary.js,useCostSummary.js,hooks,231,productive_asset_count,snake_case,snake_case_reference,output_contract_field,assets,"productive_asset_count: asset_output_contract.productive_asset_count ?? 0, support_asset_count:"
hooks\useCostSummary.js,useCostSummary.js,hooks,141,productive_asset_recovery_cost_annual,snake_case,object_key,output_contract_field,assets,"asset_output_contract.productive_asset_cost ?? 0, productive_asset_recovery_cost_annual: asset_output_contract.productive_asset_recovery_cost_annual ??"
hooks\useCostSummary.js,useCostSummary.js,hooks,142,productive_asset_recovery_cost_annual,snake_case,snake_case_reference,output_contract_field,assets,productive_asset_recovery_cost_annual: asset_output_contract.productive_asset_recovery_cost_annual ?? asset_output_contract.productive_asset_cost ??
hooks\useCostSummary.js,useCostSummary.js,hooks,236,productive_asset_recovery_cost_annual,snake_case,object_key,output_contract_field,assets,"asset_output_contract.productive_asset_cost ?? 0, productive_asset_recovery_cost_annual: asset_output_contract.productive_asset_recovery_cost_annual ??"
hooks\useCostSummary.js,useCostSummary.js,hooks,237,productive_asset_recovery_cost_annual,snake_case,snake_case_reference,output_contract_field,assets,productive_asset_recovery_cost_annual: asset_output_contract.productive_asset_recovery_cost_annual ?? asset_output_contract.productive_asset_cost ??
hooks\cost-allocation\useCostAllocationAssetOverlay.js,useCostAllocationAssetOverlay.js,hooks,188,recovery_hours_used,snake_case,snake_case_reference,output_contract_field,assets,"asset_output_contract = {}, recovery_hours_used = 0, }) {"
hooks\cost-allocation\useCostAllocationAssetOverlay.js,useCostAllocationAssetOverlay.js,hooks,193,recovery_hours_used,snake_case,snake_case_reference,output_contract_field,assets,"asset_output_contract, recovery_hours_used, });"
hooks\cost-allocation\useCostAllocationAssetOverlay.js,useCostAllocationAssetOverlay.js,hooks,195,recovery_hours_used,snake_case,snake_case_reference,output_contract_field,assets,"}); }, [asset_output_contract, recovery_hours_used]); }"
hooks\cost-allocation\useCostAllocationAssetOverlay.js,useCostAllocationAssetOverlay.js,hooks,30,recovery_hours_used,snake_case,snake_case_reference,output_contract_field,assets,"asset_output_contract = {}, recovery_hours_used = 0, }) {"
hooks\cost-allocation\useCostAllocationAssetOverlay.js,useCostAllocationAssetOverlay.js,hooks,33,recovery_hours_used,snake_case,snake_case_reference,output_contract_field,assets,const active_assets = safe_array(asset_output_contract.active_assets); const default_recovery_hours = safe_number(recovery_hours_used);
hooks\cost-allocation\useCostAllocationAssetOverlay.js,useCostAllocationAssetOverlay.js,hooks,32,safe_array,snake_case,snake_case_reference,output_contract_field,assets,}) { const active_assets = safe_array(asset_output_contract.active_assets); const default_recovery_hours = safe_number(recovery_hours_used);
hooks\cost-allocation\useCostAllocationAssetOverlay.js,useCostAllocationAssetOverlay.js,hooks,33,safe_number,snake_case,snake_case_reference,output_contract_field,assets,const active_assets = safe_array(asset_output_contract.active_assets); const default_recovery_hours = safe_number(recovery_hours_used);
hooks\useAssets.js,useAssets.js,hooks,419,saved_assets,snake_case,snake_case_reference,output_contract_field,assets,const output_contract = useMemo(() => { const live_assets = Array.isArray(saved_assets) ? saved_assets.filter((asset) => !asset.is_retired)
hooks\useBusinessSummary.js,useBusinessSummary.js,hooks,117,support_asset_cost,snake_case,object_key,output_contract_field,assets,"cost_summary_output_contract.productive_asset_cost ?? 0, support_asset_cost: cost_summary_output_contract.support_asset_cost ?? 0,"
hooks\useBusinessSummary.js,useBusinessSummary.js,hooks,118,support_asset_cost,snake_case,snake_case_reference,output_contract_field,assets,"support_asset_cost: cost_summary_output_contract.support_asset_cost ?? 0,"
hooks\useCostSummary.js,useCostSummary.js,hooks,145,support_asset_cost,snake_case,object_key,output_contract_field,assets,"0, support_asset_cost: asset_output_contract.support_asset_cost ?? 0,"
hooks\useCostSummary.js,useCostSummary.js,hooks,146,support_asset_cost,snake_case,snake_case_reference,output_contract_field,assets,"support_asset_cost: asset_output_contract.support_asset_cost ?? 0,"
hooks\useCostSummary.js,useCostSummary.js,hooks,240,support_asset_cost,snake_case,object_key,output_contract_field,assets,"0, support_asset_cost: asset_output_contract.support_asset_cost ?? 0,"
hooks\useCostSummary.js,useCostSummary.js,hooks,241,support_asset_cost,snake_case,snake_case_reference,output_contract_field,assets,"support_asset_cost: asset_output_contract.support_asset_cost ?? 0, asset_overhead_pool_assignment_summary: Array.isArray("
hooks\useBusinessSummary.js,useBusinessSummary.js,hooks,113,support_asset_count,snake_case,object_key,output_contract_field,assets,"cost_summary_output_contract.productive_asset_count ?? 0, support_asset_count: cost_summary_output_contract.support_asset_count ?? 0,"
hooks\useBusinessSummary.js,useBusinessSummary.js,hooks,114,support_asset_count,snake_case,snake_case_reference,output_contract_field,assets,"support_asset_count: cost_summary_output_contract.support_asset_count ?? 0, productive_asset_cost:"
hooks\useCostSummary.js,useCostSummary.js,hooks,137,support_asset_count,snake_case,object_key,output_contract_field,assets,"asset_output_contract.productive_asset_count ?? 0, support_asset_count: asset_output_contract.support_asset_count ?? 0,"
hooks\useCostSummary.js,useCostSummary.js,hooks,138,support_asset_count,snake_case,snake_case_reference,output_contract_field,assets,"support_asset_count: asset_output_contract.support_asset_count ?? 0, productive_asset_cost:"
hooks\useCostSummary.js,useCostSummary.js,hooks,232,support_asset_count,snake_case,object_key,output_contract_field,assets,"asset_output_contract.productive_asset_count ?? 0, support_asset_count: asset_output_contract.support_asset_count ?? 0,"
hooks\useCostSummary.js,useCostSummary.js,hooks,233,support_asset_count,snake_case,snake_case_reference,output_contract_field,assets,"support_asset_count: asset_output_contract.support_asset_count ?? 0, productive_asset_cost:"
hooks\useCostSummary.js,useCostSummary.js,hooks,27,total_allocated_asset_overhead_cost_annual,snake_case,snake_case_reference,output_contract_field,assets,const assigned_asset_overhead_cost = Number( asset_output_contract.total_allocated_asset_overhead_cost_annual ?? 0 );
hooks\useBusinessSummary.js,useBusinessSummary.js,hooks,105,total_asset_cost_annual,snake_case,object_key,output_contract_field,assets,"total_asset_cost_annual: cost_summary_output_contract.total_asset_cost_annual ?? 0,"
hooks\useBusinessSummary.js,useBusinessSummary.js,hooks,106,total_asset_cost_annual,snake_case,snake_case_reference,output_contract_field,assets,"total_asset_cost_annual: cost_summary_output_contract.total_asset_cost_annual ?? 0,"
hooks\useBusinessSummary.js,useBusinessSummary.js,hooks,47,total_asset_cost_annual,snake_case,object_key,output_contract_field,assets,"total_asset_cost_annual: cost_summary_output_contract.total_asset_cost_annual ?? 0,"
hooks\useBusinessSummary.js,useBusinessSummary.js,hooks,48,total_asset_cost_annual,snake_case,snake_case_reference,output_contract_field,assets,"total_asset_cost_annual: cost_summary_output_contract.total_asset_cost_annual ?? 0,"
hooks\useCostSummary.js,useCostSummary.js,hooks,125,total_asset_cost_annual,snake_case,snake_case_reference,output_contract_field,assets,"base_asset_cost_annual: asset_output_contract.total_asset_cost_annual ?? 0, assigned_asset_overhead_cost_annual: assigned_asset_overhead_cost,"
hooks\useCostSummary.js,useCostSummary.js,hooks,129,total_asset_cost_annual,snake_case,snake_case_reference,output_contract_field,assets,"asset_output_contract.total_asset_recovery_cost_annual ?? calculations.total_asset_cost_annual ?? 0,"
hooks\useCostSummary.js,useCostSummary.js,hooks,218,total_asset_cost_annual,snake_case,snake_case_reference,output_contract_field,assets,"base_asset_cost_annual: asset_output_contract.total_asset_cost_annual ?? 0, assigned_asset_overhead_cost_annual: assigned_asset_overhead_cost,"
hooks\useCostSummary.js,useCostSummary.js,hooks,222,total_asset_cost_annual,snake_case,snake_case_reference,output_contract_field,assets,"asset_output_contract.total_asset_recovery_cost_annual ?? calculations.total_asset_cost_annual ?? 0,"
hooks\useCostSummary.js,useCostSummary.js,hooks,39,total_asset_cost_annual,snake_case,object_key,output_contract_field,assets,const asset_data = { total_asset_cost_annual: asset_output_contract.total_asset_recovery_cost_annual ??
hooks\useCostSummary.js,useCostSummary.js,hooks,41,total_asset_cost_annual,snake_case,snake_case_reference,output_contract_field,assets,"asset_output_contract.total_asset_recovery_cost_annual ?? asset_output_contract.total_asset_cost_annual ?? 0,"
hooks\useCostSummary.js,useCostSummary.js,hooks,44,total_asset_cost_annual,snake_case,snake_case_reference,output_contract_field,assets,"base_asset_cost_annual: asset_output_contract.total_asset_cost_annual ?? 0, assigned_asset_overhead_cost_annual: assigned_asset_overhead_cost,"
lib\calculations\quoteEngineCalculations.js,quoteEngineCalculations.js,lib,67,total_asset_cost_annual,snake_case,declaration,output_contract_field,assets,const total_asset_cost_annual = toNumber( cost_summary_output_contract.total_asset_cost_annual
lib\calculations\quoteEngineCalculations.js,quoteEngineCalculations.js,lib,68,total_asset_cost_annual,snake_case,snake_case_reference,output_contract_field,assets,const total_asset_cost_annual = toNumber( cost_summary_output_contract.total_asset_cost_annual );
lib\reconciliation\reconciliationRules.js,reconciliationRules.js,lib,243,total_asset_cost_annual,snake_case,declaration,output_contract_field,assets,"const total_asset_cost_annual = toNumber( asset_output_contract.total_asset_cost_annual,"
lib\reconciliation\reconciliationRules.js,reconciliationRules.js,lib,244,total_asset_cost_annual,snake_case,snake_case_reference,output_contract_field,assets,"const total_asset_cost_annual = toNumber( asset_output_contract.total_asset_cost_annual, );"
lib\reconciliation\reconciliationRules.js,reconciliationRules.js,lib,77,total_asset_cost_annual,snake_case,declaration,output_contract_field,assets,"const total_asset_cost_annual = toNumber( asset_output_contract.total_asset_cost_annual,"
lib\reconciliation\reconciliationRules.js,reconciliationRules.js,lib,78,total_asset_cost_annual,snake_case,snake_case_reference,output_contract_field,assets,"const total_asset_cost_annual = toNumber( asset_output_contract.total_asset_cost_annual, );"
hooks\useCostSummary.js,useCostSummary.js,hooks,46,total_asset_interest_annual,snake_case,object_key,output_contract_field,assets,"assigned_asset_overhead_cost_annual: assigned_asset_overhead_cost, total_asset_interest_annual: asset_output_contract.total_asset_interest_annual ?? 0,"
hooks\useCostSummary.js,useCostSummary.js,hooks,47,total_asset_interest_annual,snake_case,snake_case_reference,output_contract_field,assets,"total_asset_interest_annual: asset_output_contract.total_asset_interest_annual ?? 0, asset_detail: {"
lib\reconciliation\reconciliationRules.js,reconciliationRules.js,lib,247,total_asset_interest_annual,snake_case,declaration,output_contract_field,assets,const total_asset_interest_annual = toNumber( asset_output_contract.total_asset_interest_annual ??
lib\reconciliation\reconciliationRules.js,reconciliationRules.js,lib,248,total_asset_interest_annual,snake_case,snake_case_reference,output_contract_field,assets,const total_asset_interest_annual = toNumber( asset_output_contract.total_asset_interest_annual ?? asset_output_contract.finance_cost_annual ??
hooks\useCostSummary.js,useCostSummary.js,hooks,127,total_asset_recovery_cost_annual,snake_case,object_key,output_contract_field,assets,"assigned_asset_overhead_cost_annual: assigned_asset_overhead_cost, total_asset_recovery_cost_annual: asset_output_contract.total_asset_recovery_cost_annual ??"
hooks\useCostSummary.js,useCostSummary.js,hooks,128,total_asset_recovery_cost_annual,snake_case,snake_case_reference,output_contract_field,assets,total_asset_recovery_cost_annual: asset_output_contract.total_asset_recovery_cost_annual ?? calculations.total_asset_cost_annual ??
hooks\useCostSummary.js,useCostSummary.js,hooks,220,total_asset_recovery_cost_annual,snake_case,object_key,output_contract_field,assets,"assigned_asset_overhead_cost_annual: assigned_asset_overhead_cost, total_asset_recovery_cost_annual: asset_output_contract.total_asset_recovery_cost_annual ??"
hooks\useCostSummary.js,useCostSummary.js,hooks,221,total_asset_recovery_cost_annual,snake_case,snake_case_reference,output_contract_field,assets,total_asset_recovery_cost_annual: asset_output_contract.total_asset_recovery_cost_annual ?? calculations.total_asset_cost_annual ??
hooks\useCostSummary.js,useCostSummary.js,hooks,40,total_asset_recovery_cost_annual,snake_case,snake_case_reference,output_contract_field,assets,total_asset_cost_annual: asset_output_contract.total_asset_recovery_cost_annual ?? asset_output_contract.total_asset_cost_annual ??
hooks\useCostSummary.js,useCostSummary.js,hooks,29,total_general_overheads_before_asset_assignment,snake_case,declaration,output_contract_field,assets,); const total_general_overheads_before_asset_assignment = Number( general_overheads_output_contract.total_general_overheads ?? 0
hooks\useCostSummary.js,useCostSummary.js,hooks,155,total_unassigned_asset_related_overhead_cost_annual,snake_case,object_key,output_contract_field,assets,"total_assigned_asset_overhead_cost_annual: assigned_asset_overhead_cost, total_unassigned_asset_related_overhead_cost_annual: asset_output_contract.asset_related_unassigned_cost ?? 0,"
hooks\useCostSummary.js,useCostSummary.js,hooks,269,total_unassigned_asset_related_overhead_cost_annual,snake_case,object_key,output_contract_field,assets,"total_general_overheads_after_asset_assignment, total_unassigned_asset_related_overhead_cost_annual: asset_output_contract.asset_related_unassigned_cost ?? 0,"
hooks\useBusinessModelling.js,useBusinessModelling.js,hooks,237,active_scenario,snake_case,snake_case_reference,output_contract_field,business-modelling,"baseline_snapshot, active_scenario, business_summary_output_contract.business_summary_status,"
hooks\useBusinessModelling.js,useBusinessModelling.js,hooks,312,active_scenario,snake_case,snake_case_reference,output_contract_field,business-modelling,"business_summary_output_contract, active_scenario, baseline_snapshot,"
hooks\useBusinessModelling.js,useBusinessModelling.js,hooks,330,active_scenario,snake_case,snake_case_reference,output_contract_field,business-modelling,"baseline_snapshot, active_scenario, business_summary_output_contract.business_summary_status,"
hooks\useBusinessModelling.js,useBusinessModelling.js,hooks,393,baseline,plain,declaration,output_contract_field,business-modelling,"setBusinessModellingState((previous) => { const baseline = buildBaselineSnapshot({ total_revenue: business_summary.output_contract.total_revenue,"
hooks\useBusinessModelling.js,useBusinessModelling.js,hooks,128,baseline_snapshot,snake_case,snake_case_reference,output_contract_field,business-modelling,"}, [ business_modelling_state.baseline_snapshot, business_summary_output_contract,"
hooks\useBusinessModelling.js,useBusinessModelling.js,hooks,231,baseline_snapshot,snake_case,snake_case_reference,output_contract_field,business-modelling,business_summary_output_contract.business_summary_status; const has_baseline = Boolean(baseline_snapshot); const has_scenario = Boolean(active_scenario);
hooks\useBusinessModelling.js,useBusinessModelling.js,hooks,246,blocked,plain,status_value,output_contract_field,business-modelling,"const summaryBlocked = business_summary_output_contract.business_summary_status === ""blocked"";"
hooks\useBusinessModelling.js,useBusinessModelling.js,hooks,128,business_modelling_state,snake_case,snake_case_reference,output_contract_field,business-modelling,"}, [ business_modelling_state.baseline_snapshot, business_summary_output_contract,"
hooks\useBusinessModelling.js,useBusinessModelling.js,hooks,117,current_margin_per_productive_hour,snake_case,object_key,output_contract_field,business-modelling,"business_summary_output_contract.required_recovery_rate, current_margin_per_productive_hour: business_summary_output_contract.current_margin_per_productive_hour,"
hooks\useBusinessModelling.js,useBusinessModelling.js,hooks,118,current_margin_per_productive_hour,snake_case,snake_case_reference,output_contract_field,business-modelling,"current_margin_per_productive_hour: business_summary_output_contract.current_margin_per_productive_hour, recovery_gap_per_hour:"
hooks\useBusinessModelling.js,useBusinessModelling.js,hooks,412,current_margin_per_productive_hour,snake_case,object_key,output_contract_field,business-modelling,"business_summary.output_contract.required_recovery_rate, current_margin_per_productive_hour: business_summary.output_contract.current_margin_per_productive_hour,"
hooks\useBusinessModelling.js,useBusinessModelling.js,hooks,413,current_margin_per_productive_hour,snake_case,snake_case_reference,output_contract_field,business-modelling,"current_margin_per_productive_hour: business_summary.output_contract.current_margin_per_productive_hour, recovery_gap_per_hour:"
hooks\useBusinessModelling.js,useBusinessModelling.js,hooks,231,has_baseline,snake_case,declaration,output_contract_field,business-modelling,business_summary_output_contract.business_summary_status; const has_baseline = Boolean(baseline_snapshot); const has_scenario = Boolean(active_scenario);
hooks\useBusinessModelling.js,useBusinessModelling.js,hooks,324,modelling_ready,snake_case,snake_case_reference,output_contract_field,business-modelling,"business_summary_output_contract.business_summary_status, modelling_ready, modelling_warnings,"
hooks\useBusinessModelling.js,useBusinessModelling.js,hooks,332,modelling_ready,snake_case,snake_case_reference,output_contract_field,business-modelling,"business_summary_output_contract.business_summary_status, modelling_ready, modelling_warnings,"
hooks\useBusinessModelling.js,useBusinessModelling.js,hooks,31,output_contract,snake_case,output_contract_reference,output_contract_field,business-modelling,function hasUsableBusinessSummary(output_contract = {}) { return [
hooks\useBusinessModelling.js,useBusinessModelling.js,hooks,38,output_contract,snake_case,output_contract_reference,output_contract_field,business-modelling,"""net_position"", ].some((field) => Number(output_contract[field]) !== 0); }"
hooks\useBusinessModelling.js,useBusinessModelling.js,hooks,394,output_contract,snake_case,output_contract_reference,output_contract_field,business-modelling,"const baseline = buildBaselineSnapshot({ total_revenue: business_summary.output_contract.total_revenue, total_direct_costs:"
hooks\useBusinessModelling.js,useBusinessModelling.js,hooks,396,output_contract,snake_case,output_contract_reference,output_contract_field,business-modelling,"total_direct_costs: business_summary.output_contract.total_direct_costs, margin_pool: business_summary.output_contract.margin_pool,"
hooks\useBusinessModelling.js,useBusinessModelling.js,hooks,397,output_contract,snake_case,output_contract_reference,output_contract_field,business-modelling,"business_summary.output_contract.total_direct_costs, margin_pool: business_summary.output_contract.margin_pool, gross_margin_percent:"
hooks\useBusinessModelling.js,useBusinessModelling.js,hooks,399,output_contract,snake_case,output_contract_reference,output_contract_field,business-modelling,"gross_margin_percent: business_summary.output_contract.gross_margin_percent, total_cost_burden:"
hooks\useBusinessModelling.js,useBusinessModelling.js,hooks,401,output_contract,snake_case,output_contract_reference,output_contract_field,business-modelling,"total_cost_burden: business_summary.output_contract.total_cost_burden, net_position: business_summary.output_contract.net_position,"
hooks\useBusinessModelling.js,useBusinessModelling.js,hooks,402,output_contract,snake_case,output_contract_reference,output_contract_field,business-modelling,"business_summary.output_contract.total_cost_burden, net_position: business_summary.output_contract.net_position, total_productive_output:"
hooks\useBusinessModelling.js,useBusinessModelling.js,hooks,404,output_contract,snake_case,output_contract_reference,output_contract_field,business-modelling,"total_productive_output: business_summary.output_contract.total_productive_output, weighted_productivity_percent:"
hooks\useBusinessModelling.js,useBusinessModelling.js,hooks,406,output_contract,snake_case,output_contract_reference,output_contract_field,business-modelling,"weighted_productivity_percent: business_summary.output_contract.weighted_productivity_percent, total_available_hours_before_productivity:"
hooks\useBusinessModelling.js,useBusinessModelling.js,hooks,408,output_contract,snake_case,output_contract_reference,output_contract_field,business-modelling,"total_available_hours_before_productivity: business_summary.output_contract .total_available_hours_before_productivity,"
hooks\useBusinessModelling.js,useBusinessModelling.js,hooks,411,output_contract,snake_case,output_contract_reference,output_contract_field,business-modelling,"required_recovery_rate: business_summary.output_contract.required_recovery_rate, current_margin_per_productive_hour:"
hooks\useBusinessModelling.js,useBusinessModelling.js,hooks,413,output_contract,snake_case,output_contract_reference,output_contract_field,business-modelling,"current_margin_per_productive_hour: business_summary.output_contract.current_margin_per_productive_hour, recovery_gap_per_hour:"
hooks\useBusinessModelling.js,useBusinessModelling.js,hooks,415,output_contract,snake_case,output_contract_reference,output_contract_field,business-modelling,"recovery_gap_per_hour: business_summary.output_contract.recovery_gap_per_hour, business_summary_status:"
hooks\useBusinessModelling.js,useBusinessModelling.js,hooks,417,output_contract,snake_case,output_contract_reference,output_contract_field,business-modelling,"business_summary_status: business_summary.output_contract.business_summary_status, model_trust_state: business_summary.output_contract.model_trust_state,"
hooks\useBusinessModelling.js,useBusinessModelling.js,hooks,418,output_contract,snake_case,output_contract_reference,output_contract_field,business-modelling,"business_summary.output_contract.business_summary_status, model_trust_state: business_summary.output_contract.model_trust_state, business_summary_warnings:"
hooks\useBusinessModelling.js,useBusinessModelling.js,hooks,420,output_contract,snake_case,output_contract_reference,output_contract_field,business-modelling,"business_summary_warnings: business_summary.output_contract.business_summary_warnings, });"
hooks\useBusinessModelling.js,useBusinessModelling.js,hooks,80,output_contract,snake_case,output_contract_reference,output_contract_field,business-modelling,"const business_summary_output_contract = useMemo( () => business_summary.output_contract ?? {}, [business_summary.output_contract]"
hooks\useBusinessModelling.js,useBusinessModelling.js,hooks,81,output_contract,snake_case,output_contract_reference,output_contract_field,business-modelling,"() => business_summary.output_contract ?? {}, [business_summary.output_contract] );"
hooks\useBusinessModelling.js,useBusinessModelling.js,hooks,119,recovery_gap_per_hour,snake_case,object_key,output_contract_field,business-modelling,"business_summary_output_contract.current_margin_per_productive_hour, recovery_gap_per_hour: business_summary_output_contract.recovery_gap_per_hour,"
hooks\useBusinessModelling.js,useBusinessModelling.js,hooks,120,recovery_gap_per_hour,snake_case,warning_id,output_contract_field,business-modelling,"recovery_gap_per_hour: business_summary_output_contract.recovery_gap_per_hour, business_summary_status:"
hooks\useBusinessModelling.js,useBusinessModelling.js,hooks,414,recovery_gap_per_hour,snake_case,object_key,output_contract_field,business-modelling,"business_summary.output_contract.current_margin_per_productive_hour, recovery_gap_per_hour: business_summary.output_contract.recovery_gap_per_hour,"
hooks\useBusinessModelling.js,useBusinessModelling.js,hooks,415,recovery_gap_per_hour,snake_case,warning_id,output_contract_field,business-modelling,"recovery_gap_per_hour: business_summary.output_contract.recovery_gap_per_hour, business_summary_status:"
hooks\useBusinessModelling.js,useBusinessModelling.js,hooks,245,summaryBlocked,camelCase,declaration,output_contract_field,business-modelling,"business_summary_output_contract.business_summary_warnings || []; const summaryBlocked = business_summary_output_contract.business_summary_status === ""blocked"";"
hooks\useBusinessModelling.js,useBusinessModelling.js,hooks,243,summaryWarnings,camelCase,declaration,output_contract_field,business-modelling,const warnings = []; const summaryWarnings = business_summary_output_contract.business_summary_warnings || [];
hooks\useBusinessModelling.js,useBusinessModelling.js,hooks,229,summary_status,snake_case,declaration,output_contract_field,business-modelling,const modelling_ready = useMemo(() => { const summary_status = business_summary_output_contract.business_summary_status;
hooks\useBusinessModelling.js,useBusinessModelling.js,hooks,113,total_available_hours_before_productivity,snake_case,object_key,output_contract_field,business-modelling,"business_summary_output_contract.weighted_productivity_percent, total_available_hours_before_productivity: business_summary_output_contract.total_available_hours_before_productivity,"
hooks\useBusinessModelling.js,useBusinessModelling.js,hooks,114,total_available_hours_before_productivity,snake_case,snake_case_reference,output_contract_field,business-modelling,"total_available_hours_before_productivity: business_summary_output_contract.total_available_hours_before_productivity, required_recovery_rate:"
hooks\useBusinessModelling.js,useBusinessModelling.js,hooks,407,total_available_hours_before_productivity,snake_case,object_key,output_contract_field,business-modelling,"business_summary.output_contract.weighted_productivity_percent, total_available_hours_before_productivity: business_summary.output_contract"
hooks\useBusinessModelling.js,useBusinessModelling.js,hooks,409,total_available_hours_before_productivity,snake_case,snake_case_reference,output_contract_field,business-modelling,"business_summary.output_contract .total_available_hours_before_productivity, required_recovery_rate:"
hooks\useBusinessModelling.js,useBusinessModelling.js,hooks,102,total_revenue,snake_case,object_key,output_contract_field,business-modelling,"return buildBaselineSnapshot({ total_revenue: business_summary_output_contract.total_revenue, total_direct_costs: business_summary_output_contract.total_direct_costs,"
hooks\useBusinessModelling.js,useBusinessModelling.js,hooks,394,total_revenue,snake_case,object_key,output_contract_field,business-modelling,"const baseline = buildBaselineSnapshot({ total_revenue: business_summary.output_contract.total_revenue, total_direct_costs:"
hooks\useBusinessModelling.js,useBusinessModelling.js,hooks,111,weighted_productivity_percent,snake_case,object_key,output_contract_field,business-modelling,"business_summary_output_contract.total_productive_output, weighted_productivity_percent: business_summary_output_contract.weighted_productivity_percent,"
hooks\useBusinessModelling.js,useBusinessModelling.js,hooks,112,weighted_productivity_percent,snake_case,snake_case_reference,output_contract_field,business-modelling,"weighted_productivity_percent: business_summary_output_contract.weighted_productivity_percent, total_available_hours_before_productivity:"
hooks\useBusinessModelling.js,useBusinessModelling.js,hooks,405,weighted_productivity_percent,snake_case,object_key,output_contract_field,business-modelling,"business_summary.output_contract.total_productive_output, weighted_productivity_percent: business_summary.output_contract.weighted_productivity_percent,"
hooks\useBusinessModelling.js,useBusinessModelling.js,hooks,406,weighted_productivity_percent,snake_case,snake_case_reference,output_contract_field,business-modelling,"weighted_productivity_percent: business_summary.output_contract.weighted_productivity_percent, total_available_hours_before_productivity:"
hooks\useBusinessSetup.js,useBusinessSetup.js,hooks,91,business_name,snake_case,object_key,output_contract_field,business-setup,"output_contract: { business_name: business_setup_state.business_name, business_type: business_setup_state.business_type,"
hooks\useRevenueCogs.js,useRevenueCogs.js,hooks,232,business_setup_output_contract,snake_case,snake_case_reference,output_contract_field,business-setup,"const business_type = business_setup_output_contract.business_type || ""labour_based"";"
hooks\useRevenueCogs.js,useRevenueCogs.js,hooks,325,business_setup_output_contract,snake_case,snake_case_reference,output_contract_field,business-setup,"pnl_output_contract, business_setup_output_contract, revenue_cogs_state,"
hooks\useRevenueCogs.js,useRevenueCogs.js,hooks,72,business_setup_output_contract,snake_case,declaration,output_contract_field,business-setup,const pnl_output_contract = profit_and_loss.output_contract ?? {}; const business_setup_output_contract = business_setup.output_contract ?? {};
hooks\useRevenueReality.js,useRevenueReality.js,hooks,21,business_setup_output_contract,snake_case,declaration,output_contract_field,business-setup,const business_setup_output_contract = business_setup.output_contract ?? {}; const revenue_cogs_output_contract = revenue_cogs.output_contract ?? {};
hooks\useRevenueReality.js,useRevenueReality.js,hooks,34,business_setup_output_contract,snake_case,snake_case_reference,output_contract_field,business-setup,const business_type = business_setup_output_contract.business_type ?? business_summary_output_contract.business_type ??
hooks\useRevenueReality.js,useRevenueReality.js,hooks,49,business_setup_output_contract,snake_case,snake_case_reference,output_contract_field,business-setup,is_product_based: business_setup_output_contract.is_product_based ?? business_summary_output_contract.is_product_based ??
hooks\useRevenueReality.js,useRevenueReality.js,hooks,53,business_setup_output_contract,snake_case,snake_case_reference,output_contract_field,business-setup,is_labour_based: business_setup_output_contract.is_labour_based ?? business_summary_output_contract.is_labour_based ??
hooks\useRevenueReality.js,useRevenueReality.js,hooks,90,business_setup_output_contract,snake_case,snake_case_reference,output_contract_field,business-setup,"}, [ business_setup_output_contract, revenue_cogs_output_contract,"
hooks\useBusinessSetup.js,useBusinessSetup.js,hooks,91,business_setup_state,snake_case,snake_case_reference,output_contract_field,business-setup,"output_contract: { business_name: business_setup_state.business_name, business_type: business_setup_state.business_type,"
hooks\useBusinessSetup.js,useBusinessSetup.js,hooks,90,output_contract,snake_case,output_contract_reference,output_contract_field,business-setup,"card, output_contract: { business_name: business_setup_state.business_name,"
hooks\useBusinessSummary.js,useBusinessSummary.js,hooks,221,business_recovery_hours,snake_case,object_key,output_contract_field,business-summary,"total_recovery_hours: calculations.total_recovery_hours, business_recovery_hours: cost_summary_output_contract.business_recovery_hours ?? 0,"
hooks\useBusinessSummary.js,useBusinessSummary.js,hooks,222,business_recovery_hours,snake_case,snake_case_reference,output_contract_field,business-summary,"business_recovery_hours: cost_summary_output_contract.business_recovery_hours ?? 0, operating_recovery_hours:"
hooks\useBusinessSummary.js,useBusinessSummary.js,hooks,56,business_recovery_hours,snake_case,object_key,output_contract_field,business-summary,"business_recovery_hours: cost_summary_output_contract.business_recovery_hours ?? 0,"
hooks\useBusinessSummary.js,useBusinessSummary.js,hooks,57,business_recovery_hours,snake_case,snake_case_reference,output_contract_field,business-summary,"business_recovery_hours: cost_summary_output_contract.business_recovery_hours ?? 0,"
hooks\useBusinessModelling.js,useBusinessModelling.js,hooks,394,business_summary,snake_case,snake_case_reference,output_contract_field,business-summary,"const baseline = buildBaselineSnapshot({ total_revenue: business_summary.output_contract.total_revenue, total_direct_costs:"
hooks\useBusinessModelling.js,useBusinessModelling.js,hooks,396,business_summary,snake_case,snake_case_reference,output_contract_field,business-summary,"total_direct_costs: business_summary.output_contract.total_direct_costs, margin_pool: business_summary.output_contract.margin_pool,"
hooks\useBusinessModelling.js,useBusinessModelling.js,hooks,397,business_summary,snake_case,snake_case_reference,output_contract_field,business-summary,"business_summary.output_contract.total_direct_costs, margin_pool: business_summary.output_contract.margin_pool, gross_margin_percent:"
hooks\useBusinessModelling.js,useBusinessModelling.js,hooks,399,business_summary,snake_case,snake_case_reference,output_contract_field,business-summary,"gross_margin_percent: business_summary.output_contract.gross_margin_percent, total_cost_burden:"
hooks\useBusinessModelling.js,useBusinessModelling.js,hooks,401,business_summary,snake_case,snake_case_reference,output_contract_field,business-summary,"total_cost_burden: business_summary.output_contract.total_cost_burden, net_position: business_summary.output_contract.net_position,"
hooks\useBusinessModelling.js,useBusinessModelling.js,hooks,402,business_summary,snake_case,snake_case_reference,output_contract_field,business-summary,"business_summary.output_contract.total_cost_burden, net_position: business_summary.output_contract.net_position, total_productive_output:"
hooks\useBusinessModelling.js,useBusinessModelling.js,hooks,404,business_summary,snake_case,snake_case_reference,output_contract_field,business-summary,"total_productive_output: business_summary.output_contract.total_productive_output, weighted_productivity_percent:"
hooks\useBusinessModelling.js,useBusinessModelling.js,hooks,406,business_summary,snake_case,snake_case_reference,output_contract_field,business-summary,"weighted_productivity_percent: business_summary.output_contract.weighted_productivity_percent, total_available_hours_before_productivity:"
hooks\useBusinessModelling.js,useBusinessModelling.js,hooks,408,business_summary,snake_case,snake_case_reference,output_contract_field,business-summary,"total_available_hours_before_productivity: business_summary.output_contract .total_available_hours_before_productivity,"
hooks\useBusinessModelling.js,useBusinessModelling.js,hooks,411,business_summary,snake_case,snake_case_reference,output_contract_field,business-summary,"required_recovery_rate: business_summary.output_contract.required_recovery_rate, current_margin_per_productive_hour:"
hooks\useBusinessModelling.js,useBusinessModelling.js,hooks,413,business_summary,snake_case,snake_case_reference,output_contract_field,business-summary,"current_margin_per_productive_hour: business_summary.output_contract.current_margin_per_productive_hour, recovery_gap_per_hour:"
hooks\useBusinessModelling.js,useBusinessModelling.js,hooks,415,business_summary,snake_case,snake_case_reference,output_contract_field,business-summary,"recovery_gap_per_hour: business_summary.output_contract.recovery_gap_per_hour, business_summary_status:"
hooks\useBusinessModelling.js,useBusinessModelling.js,hooks,417,business_summary,snake_case,snake_case_reference,output_contract_field,business-summary,"business_summary_status: business_summary.output_contract.business_summary_status, model_trust_state: business_summary.output_contract.model_trust_state,"
hooks\useBusinessModelling.js,useBusinessModelling.js,hooks,418,business_summary,snake_case,snake_case_reference,output_contract_field,business-summary,"business_summary.output_contract.business_summary_status, model_trust_state: business_summary.output_contract.model_trust_state, business_summary_warnings:"
hooks\useBusinessModelling.js,useBusinessModelling.js,hooks,420,business_summary,snake_case,snake_case_reference,output_contract_field,business-summary,"business_summary_warnings: business_summary.output_contract.business_summary_warnings, });"
hooks\useBusinessModelling.js,useBusinessModelling.js,hooks,80,business_summary,snake_case,snake_case_reference,output_contract_field,business-summary,"const business_summary_output_contract = useMemo( () => business_summary.output_contract ?? {}, [business_summary.output_contract]"
hooks\useBusinessModelling.js,useBusinessModelling.js,hooks,81,business_summary,snake_case,snake_case_reference,output_contract_field,business-summary,"() => business_summary.output_contract ?? {}, [business_summary.output_contract] );"
hooks\useQuoteEngine.js,useQuoteEngine.js,hooks,363,business_summary,snake_case,snake_case_reference,output_contract_field,business-summary,"business_summary_output_contract: business_summary.output_contract ?? {}, labour_output_contract: labour.output_contract ?? {},"
hooks\useQuoteEngine.js,useQuoteEngine.js,hooks,369,business_summary,snake_case,snake_case_reference,output_contract_field,business-summary,"cost_summary.output_contract, business_summary.output_contract, labour.output_contract,"
hooks\useRecoverySummary.js,useRecoverySummary.js,hooks,27,business_summary,snake_case,snake_case_reference,output_contract_field,business-summary,const business_summary_outputs = inputs.business_summary ?? business_summary.output_contract ?? {}; const revenue_cogs_outputs =
hooks\useRevenueReality.js,useRevenueReality.js,hooks,24,business_summary,snake_case,snake_case_reference,output_contract_field,business-summary,const business_summary_output_contract = business_summary.output_contract ?? {}; const labour_output_contract = labour.output_contract ?? {};
hooks\useBusinessModelling.js,useBusinessModelling.js,hooks,102,business_summary_output_contract,snake_case,snake_case_reference,output_contract_field,business-summary,"return buildBaselineSnapshot({ total_revenue: business_summary_output_contract.total_revenue, total_direct_costs: business_summary_output_contract.total_direct_costs,"
hooks\useBusinessModelling.js,useBusinessModelling.js,hooks,103,business_summary_output_contract,snake_case,snake_case_reference,output_contract_field,business-summary,"total_revenue: business_summary_output_contract.total_revenue, total_direct_costs: business_summary_output_contract.total_direct_costs, margin_pool: business_summary_output_contract.margin_pool,"
hooks\useBusinessModelling.js,useBusinessModelling.js,hooks,104,business_summary_output_contract,snake_case,snake_case_reference,output_contract_field,business-summary,"total_direct_costs: business_summary_output_contract.total_direct_costs, margin_pool: business_summary_output_contract.margin_pool, gross_margin_percent:"
hooks\useBusinessModelling.js,useBusinessModelling.js,hooks,106,business_summary_output_contract,snake_case,snake_case_reference,output_contract_field,business-summary,"gross_margin_percent: business_summary_output_contract.gross_margin_percent, total_cost_burden: business_summary_output_contract.total_cost_burden,"
hooks\useBusinessModelling.js,useBusinessModelling.js,hooks,107,business_summary_output_contract,snake_case,snake_case_reference,output_contract_field,business-summary,"business_summary_output_contract.gross_margin_percent, total_cost_burden: business_summary_output_contract.total_cost_burden, net_position: business_summary_output_contract.net_position,"
hooks\useBusinessModelling.js,useBusinessModelling.js,hooks,108,business_summary_output_contract,snake_case,snake_case_reference,output_contract_field,business-summary,"total_cost_burden: business_summary_output_contract.total_cost_burden, net_position: business_summary_output_contract.net_position, total_productive_output:"
hooks\useBusinessModelling.js,useBusinessModelling.js,hooks,110,business_summary_output_contract,snake_case,snake_case_reference,output_contract_field,business-summary,"total_productive_output: business_summary_output_contract.total_productive_output, weighted_productivity_percent:"
hooks\useBusinessModelling.js,useBusinessModelling.js,hooks,112,business_summary_output_contract,snake_case,snake_case_reference,output_contract_field,business-summary,"weighted_productivity_percent: business_summary_output_contract.weighted_productivity_percent, total_available_hours_before_productivity:"
hooks\useBusinessModelling.js,useBusinessModelling.js,hooks,114,business_summary_output_contract,snake_case,snake_case_reference,output_contract_field,business-summary,"total_available_hours_before_productivity: business_summary_output_contract.total_available_hours_before_productivity, required_recovery_rate:"
hooks\useBusinessModelling.js,useBusinessModelling.js,hooks,116,business_summary_output_contract,snake_case,snake_case_reference,output_contract_field,business-summary,"required_recovery_rate: business_summary_output_contract.required_recovery_rate, current_margin_per_productive_hour:"
hooks\useBusinessModelling.js,useBusinessModelling.js,hooks,118,business_summary_output_contract,snake_case,snake_case_reference,output_contract_field,business-summary,"current_margin_per_productive_hour: business_summary_output_contract.current_margin_per_productive_hour, recovery_gap_per_hour:"
hooks\useBusinessModelling.js,useBusinessModelling.js,hooks,120,business_summary_output_contract,snake_case,snake_case_reference,output_contract_field,business-summary,"recovery_gap_per_hour: business_summary_output_contract.recovery_gap_per_hour, business_summary_status:"
hooks\useBusinessModelling.js,useBusinessModelling.js,hooks,122,business_summary_output_contract,snake_case,snake_case_reference,output_contract_field,business-summary,"business_summary_status: business_summary_output_contract.business_summary_status, model_trust_state: business_summary_output_contract.model_trust_state,"
hooks\useBusinessModelling.js,useBusinessModelling.js,hooks,123,business_summary_output_contract,snake_case,snake_case_reference,output_contract_field,business-summary,"business_summary_output_contract.business_summary_status, model_trust_state: business_summary_output_contract.model_trust_state, business_summary_warnings:"
hooks\useBusinessModelling.js,useBusinessModelling.js,hooks,125,business_summary_output_contract,snake_case,snake_case_reference,output_contract_field,business-summary,"business_summary_warnings: business_summary_output_contract.business_summary_warnings, });"
hooks\useBusinessModelling.js,useBusinessModelling.js,hooks,129,business_summary_output_contract,snake_case,snake_case_reference,output_contract_field,business-summary,"business_modelling_state.baseline_snapshot, business_summary_output_contract, business_summary_usable,"
hooks\useBusinessModelling.js,useBusinessModelling.js,hooks,230,business_summary_output_contract,snake_case,snake_case_reference,output_contract_field,business-summary,const summary_status = business_summary_output_contract.business_summary_status; const has_baseline = Boolean(baseline_snapshot);
hooks\useBusinessModelling.js,useBusinessModelling.js,hooks,238,business_summary_output_contract,snake_case,snake_case_reference,output_contract_field,business-summary,"active_scenario, business_summary_output_contract.business_summary_status, ]);"
hooks\useBusinessModelling.js,useBusinessModelling.js,hooks,244,business_summary_output_contract,snake_case,snake_case_reference,output_contract_field,business-summary,const summaryWarnings = business_summary_output_contract.business_summary_warnings || []; const summaryBlocked =
hooks\useBusinessModelling.js,useBusinessModelling.js,hooks,246,business_summary_output_contract,snake_case,snake_case_reference,output_contract_field,business-summary,"const summaryBlocked = business_summary_output_contract.business_summary_status === ""blocked"";"
hooks\useBusinessModelling.js,useBusinessModelling.js,hooks,311,business_summary_output_contract,snake_case,snake_case_reference,output_contract_field,business-summary,"}, [ business_summary_output_contract, active_scenario,"
hooks\useBusinessModelling.js,useBusinessModelling.js,hooks,323,business_summary_output_contract,snake_case,snake_case_reference,output_contract_field,business-summary,"business_summary_status: business_summary_output_contract.business_summary_status, modelling_ready,"
hooks\useBusinessModelling.js,useBusinessModelling.js,hooks,331,business_summary_output_contract,snake_case,snake_case_reference,output_contract_field,business-summary,"active_scenario, business_summary_output_contract.business_summary_status, modelling_ready,"
hooks\useBusinessModelling.js,useBusinessModelling.js,hooks,79,business_summary_output_contract,snake_case,declaration,output_contract_field,business-summary,"const business_summary_output_contract = useMemo( () => business_summary.output_contract ?? {},"
hooks\useBusinessModelling.js,useBusinessModelling.js,hooks,85,business_summary_output_contract,snake_case,snake_case_reference,output_contract_field,business-summary,"const business_summary_usable = useMemo( () => hasUsableBusinessSummary(business_summary_output_contract), [business_summary_output_contract]"
hooks\useBusinessModelling.js,useBusinessModelling.js,hooks,86,business_summary_output_contract,snake_case,snake_case_reference,output_contract_field,business-summary,"() => hasUsableBusinessSummary(business_summary_output_contract), [business_summary_output_contract] );"
hooks\useQuoteEngine.js,useQuoteEngine.js,hooks,362,business_summary_output_contract,snake_case,object_key,output_contract_field,business-summary,"cost_summary_output_contract: cost_summary.output_contract ?? {}, business_summary_output_contract: business_summary.output_contract ?? {},"
hooks\useRevenueReality.js,useRevenueReality.js,hooks,23,business_summary_output_contract,snake_case,declaration,output_contract_field,business-summary,const revenue_cogs_output_contract = revenue_cogs.output_contract ?? {}; const business_summary_output_contract = business_summary.output_contract ?? {};
hooks\useRevenueReality.js,useRevenueReality.js,hooks,29,business_summary_output_contract,snake_case,snake_case_reference,output_contract_field,business-summary,const total_labour_cost_annual = business_summary_output_contract.total_people_cost_annual ?? labour_output_contract.total_labour_cost_annual ??
hooks\useRevenueReality.js,useRevenueReality.js,hooks,35,business_summary_output_contract,snake_case,snake_case_reference,output_contract_field,business-summary,business_setup_output_contract.business_type ?? business_summary_output_contract.business_type ?? revenue_cogs_output_contract.business_type ??
hooks\useRevenueReality.js,useRevenueReality.js,hooks,50,business_summary_output_contract,snake_case,snake_case_reference,output_contract_field,business-summary,"business_setup_output_contract.is_product_based ?? business_summary_output_contract.is_product_based ?? false,"
hooks\useRevenueReality.js,useRevenueReality.js,hooks,54,business_summary_output_contract,snake_case,snake_case_reference,output_contract_field,business-summary,"business_setup_output_contract.is_labour_based ?? business_summary_output_contract.is_labour_based ?? true,"
hooks\useRevenueReality.js,useRevenueReality.js,hooks,92,business_summary_output_contract,snake_case,snake_case_reference,output_contract_field,business-summary,"revenue_cogs_output_contract, business_summary_output_contract, labour_output_contract,"
lib\calculations\quoteEngineCalculations.js,quoteEngineCalculations.js,lib,133,business_summary_output_contract,snake_case,snake_case_reference,output_contract_field,business-summary,const quote_model_trust_state = business_summary_output_contract.model_trust_state || model_readiness_status ||
lib\calculations\quoteEngineCalculations.js,quoteEngineCalculations.js,lib,17,business_summary_output_contract,snake_case,snake_case_reference,output_contract_field,business-summary,"cost_summary_output_contract = {}, business_summary_output_contract = {}, labour_output_contract = {},"
hooks\useRecoverySummary.js,useRecoverySummary.js,hooks,26,business_summary_outputs,snake_case,declaration,output_contract_field,business-summary,const business_summary_outputs = inputs.business_summary ?? business_summary.output_contract ?? {};
hooks\useBusinessSummary.js,useBusinessSummary.js,hooks,144,business_summary_ready,snake_case,object_key,output_contract_field,business-summary,"const output_contract = { business_summary_ready: status.business_summary_ready,"
hooks\useBusinessModelling.js,useBusinessModelling.js,hooks,121,business_summary_status,snake_case,object_key,output_contract_field,business-summary,"business_summary_output_contract.recovery_gap_per_hour, business_summary_status: business_summary_output_contract.business_summary_status,"
hooks\useBusinessModelling.js,useBusinessModelling.js,hooks,122,business_summary_status,snake_case,snake_case_reference,output_contract_field,business-summary,"business_summary_status: business_summary_output_contract.business_summary_status, model_trust_state: business_summary_output_contract.model_trust_state,"
hooks\useBusinessModelling.js,useBusinessModelling.js,hooks,230,business_summary_status,snake_case,snake_case_reference,output_contract_field,business-summary,const summary_status = business_summary_output_contract.business_summary_status; const has_baseline = Boolean(baseline_snapshot);
hooks\useBusinessModelling.js,useBusinessModelling.js,hooks,238,business_summary_status,snake_case,snake_case_reference,output_contract_field,business-summary,"active_scenario, business_summary_output_contract.business_summary_status, ]);"
hooks\useBusinessModelling.js,useBusinessModelling.js,hooks,246,business_summary_status,snake_case,snake_case_reference,output_contract_field,business-summary,"const summaryBlocked = business_summary_output_contract.business_summary_status === ""blocked"";"
hooks\useBusinessModelling.js,useBusinessModelling.js,hooks,322,business_summary_status,snake_case,object_key,output_contract_field,business-summary,"active_scenario, business_summary_status: business_summary_output_contract.business_summary_status,"
hooks\useBusinessModelling.js,useBusinessModelling.js,hooks,323,business_summary_status,snake_case,snake_case_reference,output_contract_field,business-summary,"business_summary_status: business_summary_output_contract.business_summary_status, modelling_ready,"
hooks\useBusinessModelling.js,useBusinessModelling.js,hooks,331,business_summary_status,snake_case,snake_case_reference,output_contract_field,business-summary,"active_scenario, business_summary_output_contract.business_summary_status, modelling_ready,"
hooks\useBusinessModelling.js,useBusinessModelling.js,hooks,416,business_summary_status,snake_case,object_key,output_contract_field,business-summary,"business_summary.output_contract.recovery_gap_per_hour, business_summary_status: business_summary.output_contract.business_summary_status,"
hooks\useBusinessModelling.js,useBusinessModelling.js,hooks,417,business_summary_status,snake_case,snake_case_reference,output_contract_field,business-summary,"business_summary_status: business_summary.output_contract.business_summary_status, model_trust_state: business_summary.output_contract.model_trust_state,"
hooks\useBusinessModelling.js,useBusinessModelling.js,hooks,130,business_summary_usable,snake_case,snake_case_reference,output_contract_field,business-summary,"business_summary_output_contract, business_summary_usable, ]);"
hooks\useBusinessModelling.js,useBusinessModelling.js,hooks,84,business_summary_usable,snake_case,declaration,output_contract_field,business-summary,"const business_summary_usable = useMemo( () => hasUsableBusinessSummary(business_summary_output_contract),"
hooks\useBusinessModelling.js,useBusinessModelling.js,hooks,124,business_summary_warnings,snake_case,object_key,output_contract_field,business-summary,"model_trust_state: business_summary_output_contract.model_trust_state, business_summary_warnings: business_summary_output_contract.business_summary_warnings,"
hooks\useBusinessModelling.js,useBusinessModelling.js,hooks,125,business_summary_warnings,snake_case,warning_id,output_contract_field,business-summary,"business_summary_warnings: business_summary_output_contract.business_summary_warnings, });"
hooks\useBusinessModelling.js,useBusinessModelling.js,hooks,244,business_summary_warnings,snake_case,warning_id,output_contract_field,business-summary,const summaryWarnings = business_summary_output_contract.business_summary_warnings || []; const summaryBlocked =
hooks\useBusinessModelling.js,useBusinessModelling.js,hooks,419,business_summary_warnings,snake_case,object_key,output_contract_field,business-summary,"model_trust_state: business_summary.output_contract.model_trust_state, business_summary_warnings: business_summary.output_contract.business_summary_warnings,"
hooks\useBusinessModelling.js,useBusinessModelling.js,hooks,420,business_summary_warnings,snake_case,warning_id,output_contract_field,business-summary,"business_summary_warnings: business_summary.output_contract.business_summary_warnings, });"
hooks\useBusinessSummary.js,useBusinessSummary.js,hooks,68,business_type,snake_case,object_key,output_contract_field,business-summary,business_type: revenue_cogs_output_contract.business_type ??
hooks\useBusinessSummary.js,useBusinessSummary.js,hooks,69,business_type,snake_case,snake_case_reference,output_contract_field,business-summary,business_type: revenue_cogs_output_contract.business_type ?? (revenue_cogs_output_contract.is_product_based === true
hooks\useBusinessSummary.js,useBusinessSummary.js,hooks,30,calculations,plain,declaration,output_contract_field,business-summary,"return useMemo(() => { const calculations = calculateBusinessSummary({ total_revenue: revenue_cogs_output_contract.total_revenue ?? 0,"
hooks\useBusinessSummary.js,useBusinessSummary.js,hooks,130,cost_burden_breakdown,snake_case,object_key,output_contract_field,business-summary,cost_burden_breakdown: cost_summary_output_contract.cost_burden_breakdown ?? {
hooks\useBusinessSummary.js,useBusinessSummary.js,hooks,131,cost_burden_breakdown,snake_case,snake_case_reference,output_contract_field,business-summary,"cost_burden_breakdown: cost_summary_output_contract.cost_burden_breakdown ?? { people: {},"
hooks\useBusinessSummary.js,useBusinessSummary.js,hooks,70,is_product_based,snake_case,snake_case_reference,output_contract_field,business-summary,"revenue_cogs_output_contract.business_type ?? (revenue_cogs_output_contract.is_product_based === true ? ""product_based"""
hooks\useBusinessModelling.js,useBusinessModelling.js,hooks,104,margin_pool,snake_case,object_key,output_contract_field,business-summary,"total_direct_costs: business_summary_output_contract.total_direct_costs, margin_pool: business_summary_output_contract.margin_pool, gross_margin_percent:"
hooks\useBusinessModelling.js,useBusinessModelling.js,hooks,397,margin_pool,snake_case,object_key,output_contract_field,business-summary,"business_summary.output_contract.total_direct_costs, margin_pool: business_summary.output_contract.margin_pool, gross_margin_percent:"
hooks\useBusinessSummary.js,useBusinessSummary.js,hooks,36,margin_pool,snake_case,object_key,output_contract_field,business-summary,"margin_pool: revenue_cogs_output_contract.margin_pool ?? 0,"
hooks\useRevenueReality.js,useRevenueReality.js,hooks,43,margin_pool,snake_case,object_key,output_contract_field,business-summary,"revenue_cogs_output_contract.total_direct_costs ?? 0, margin_pool: revenue_cogs_output_contract.margin_pool ?? 0, gross_margin_percent:"
hooks\useBusinessModelling.js,useBusinessModelling.js,hooks,108,net_position,snake_case,object_key,output_contract_field,business-summary,"total_cost_burden: business_summary_output_contract.total_cost_burden, net_position: business_summary_output_contract.net_position, total_productive_output:"
hooks\useBusinessModelling.js,useBusinessModelling.js,hooks,37,net_position,snake_case,snake_case_reference,output_contract_field,business-summary,"""total_productive_output"", ""net_position"", ].some((field) => Number(output_contract[field]) !== 0);"
hooks\useBusinessModelling.js,useBusinessModelling.js,hooks,402,net_position,snake_case,object_key,output_contract_field,business-summary,"business_summary.output_contract.total_cost_burden, net_position: business_summary.output_contract.net_position, total_productive_output:"
hooks\useBusinessSummary.js,useBusinessSummary.js,hooks,223,operating_recovery_hours,snake_case,object_key,output_contract_field,business-summary,"cost_summary_output_contract.business_recovery_hours ?? 0, operating_recovery_hours: cost_summary_output_contract.operating_recovery_hours ?? 0,"
hooks\useBusinessSummary.js,useBusinessSummary.js,hooks,224,operating_recovery_hours,snake_case,snake_case_reference,output_contract_field,business-summary,"operating_recovery_hours: cost_summary_output_contract.operating_recovery_hours ?? 0, total_staff_recovery_hours:"
hooks\useBusinessSummary.js,useBusinessSummary.js,hooks,59,operating_recovery_hours,snake_case,object_key,output_contract_field,business-summary,"operating_recovery_hours: cost_summary_output_contract.operating_recovery_hours ?? 0,"
hooks\useBusinessSummary.js,useBusinessSummary.js,hooks,60,operating_recovery_hours,snake_case,snake_case_reference,output_contract_field,business-summary,"operating_recovery_hours: cost_summary_output_contract.operating_recovery_hours ?? 0,"
hooks\useBusinessSummary.js,useBusinessSummary.js,hooks,143,output_contract,snake_case,output_contract_reference,output_contract_field,business-summary,"const output_contract = { business_summary_ready: status.business_summary_ready,"
hooks\useBusinessSummary.js,useBusinessSummary.js,hooks,26,output_contract,snake_case,output_contract_reference,output_contract_field,business-summary,const revenue_cogs_output_contract = revenue_cogs.output_contract ?? {}; const cost_summary_output_contract = cost_summary.output_contract ?? {};
hooks\useBusinessSummary.js,useBusinessSummary.js,hooks,265,output_contract,snake_case,output_contract_reference,output_contract_field,business-summary,"card, output_contract, };"
hooks\useBusinessSummary.js,useBusinessSummary.js,hooks,27,output_contract,snake_case,output_contract_reference,output_contract_field,business-summary,const revenue_cogs_output_contract = revenue_cogs.output_contract ?? {}; const cost_summary_output_contract = cost_summary.output_contract ?? {};
hooks\useBusinessSummary.js,useBusinessSummary.js,hooks,132,people,plain,object_key,output_contract_field,business-summary,"cost_summary_output_contract.cost_burden_breakdown ?? { people: {}, assets: {},"
hooks\useBusinessSummary.js,useBusinessSummary.js,hooks,71,product_based,snake_case,snake_case_reference,output_contract_field,business-summary,"(revenue_cogs_output_contract.is_product_based === true ? ""product_based"" : ""labour_based""),"
hooks\useBusinessSummary.js,useBusinessSummary.js,hooks,87,ready,plain,status_value,output_contract_field,business-summary,"(cost_summary_output_contract.model_ready === true ? ""ready"" : ""blocked"");"
hooks\useBusinessSummary.js,useBusinessSummary.js,hooks,227,recovery_hours_used,snake_case,object_key,output_contract_field,business-summary,"cost_summary_output_contract.total_staff_recovery_hours ?? 0, recovery_hours_used: calculations.recovery_hours_used, total_productive_output: calculations.total_productive_output,"
hooks\useBusinessSummary.js,useBusinessSummary.js,hooks,234,total_available_hours_before_productivity,snake_case,object_key,output_contract_field,business-summary,total_available_hours_before_productivity: cost_summary_output_contract.total_available_hours_before_productivity ??
hooks\useBusinessSummary.js,useBusinessSummary.js,hooks,235,total_available_hours_before_productivity,snake_case,snake_case_reference,output_contract_field,business-summary,"total_available_hours_before_productivity: cost_summary_output_contract.total_available_hours_before_productivity ?? 0,"
hooks\useBusinessSummary.js,useBusinessSummary.js,hooks,53,total_recovery_hours,snake_case,object_key,output_contract_field,business-summary,"total_recovery_hours: cost_summary_output_contract.total_recovery_hours ?? 0,"
hooks\useBusinessSummary.js,useBusinessSummary.js,hooks,54,total_recovery_hours,snake_case,snake_case_reference,output_contract_field,business-summary,"total_recovery_hours: cost_summary_output_contract.total_recovery_hours ?? 0,"
hooks\useBusinessSummary.js,useBusinessSummary.js,hooks,31,total_revenue,snake_case,object_key,output_contract_field,business-summary,"const calculations = calculateBusinessSummary({ total_revenue: revenue_cogs_output_contract.total_revenue ?? 0,"
hooks\useBusinessSummary.js,useBusinessSummary.js,hooks,65,units_sold_annual,snake_case,object_key,output_contract_field,business-summary,"units_sold_annual: revenue_cogs_output_contract.units_sold_annual ?? 0,"
hooks\useBusinessSummary.js,useBusinessSummary.js,hooks,66,units_sold_annual,snake_case,snake_case_reference,output_contract_field,business-summary,"units_sold_annual: revenue_cogs_output_contract.units_sold_annual ?? 0,"
hooks\useBusinessSummary.js,useBusinessSummary.js,hooks,231,weighted_productivity_percent,snake_case,object_key,output_contract_field,business-summary,"weighted_productivity_percent: cost_summary_output_contract.weighted_productivity_percent ?? 0,"
hooks\useBusinessSummary.js,useBusinessSummary.js,hooks,232,weighted_productivity_percent,snake_case,snake_case_reference,output_contract_field,business-summary,"weighted_productivity_percent: cost_summary_output_contract.weighted_productivity_percent ?? 0,"
hooks\useCostAllocation.js,useCostAllocation.js,hooks,89,base_calculation_inputs,snake_case,snake_case_reference,output_contract_field,cost-allocation,"asset_output_contract: assets?.output_contract ?? {}, recovery_hours_used: base_calculation_inputs?.recovery_hours_used, });"
hooks\cost-allocation\useCostAllocationOutputContract.js,useCostAllocationOutputContract.js,hooks,5,build_cost_allocation_output_contract,snake_case,snake_case_reference,output_contract_field,cost-allocation,"export function build_cost_allocation_output_contract({ calculated, state }) { return {"
hooks\useCostAllocation.js,useCostAllocation.js,hooks,12,build_cost_allocation_output_contract,snake_case,snake_case_reference,output_contract_field,cost-allocation,"import { useCostAllocationGroupRecoveryRows } from ""@/hooks/cost-allocation/useCostAllocationGroupRecoveryRows""; import { build_cost_allocation_output_contract } from ""@/hooks/cost-allocation/useCostAllocationOutputContract"";"
hooks\useCostAllocation.js,useCostAllocation.js,hooks,490,build_cost_allocation_output_contract,snake_case,snake_case_reference,output_contract_field,cost-allocation,"const output_contract = { ...build_cost_allocation_output_contract({ calculated,"
app\recovery-outcome\page.jsx,page.jsx,app,22,cost_allocation,snake_case,snake_case_reference,output_contract_field,cost-allocation,const cost_allocation_contract = cost_allocation?.output_contract ?? cost_allocation?.outputs ?? {};
components\rate-builder\RateBuilderLineCalculator.jsx,RateBuilderLineCalculator.jsx,components,108,cost_allocation,snake_case,snake_case_reference,output_contract_field,cost-allocation,const group_rows = cost_allocation?.output_contract?.operational_group_cost_rows ?? [];
components\rate-builder\RateBuilderLineCalculator.jsx,RateBuilderLineCalculator.jsx,components,113,cost_allocation,snake_case,snake_case_reference,output_contract_field,cost-allocation,"); }, [cost_allocation?.output_contract?.operational_group_cost_rows]);"
app\recovery-outcome\page.jsx,page.jsx,app,21,cost_allocation_contract,snake_case,declaration,output_contract_field,cost-allocation,const cost_allocation_contract = cost_allocation?.output_contract ?? cost_allocation?.outputs ?? {};
hooks\useCostAllocation.js,useCostAllocation.js,hooks,50,fallback_recovery_summary,snake_case,snake_case_reference,output_contract_field,cost-allocation,inputs.recovery_summary ?? fallback_recovery_summary?.output_contract ?? {};
hooks\useCostAllocation.js,useCostAllocation.js,hooks,489,output_contract,snake_case,output_contract_reference,output_contract_field,cost-allocation,const output_contract = { ...build_cost_allocation_output_contract({
hooks\useCostAllocation.js,useCostAllocation.js,hooks,50,output_contract,snake_case,output_contract_reference,output_contract_field,cost-allocation,inputs.recovery_summary ?? fallback_recovery_summary?.output_contract ?? {};
hooks\useCostAllocation.js,useCostAllocation.js,hooks,506,output_contract,snake_case,output_contract_reference,output_contract_field,cost-allocation,"actions, output_contract, };"
hooks\useCostAllocation.js,useCostAllocation.js,hooks,76,output_contract,snake_case,output_contract_reference,output_contract_field,cost-allocation,"const productive_labour_type_rows = useMemo(() => { return build_productive_labour_type_rows(labour?.output_contract ?? {}); }, [labour?.output_contract]);"
hooks\useCostAllocation.js,useCostAllocation.js,hooks,77,output_contract,snake_case,output_contract_reference,output_contract_field,cost-allocation,"return build_productive_labour_type_rows(labour?.output_contract ?? {}); }, [labour?.output_contract]);"
hooks\useCostAllocation.js,useCostAllocation.js,hooks,80,output_contract,snake_case,output_contract_reference,output_contract_field,cost-allocation,"const support_labour_type_rows = useMemo(() => { return build_support_labour_type_rows(labour?.output_contract ?? {}); }, [labour?.output_contract]);"
hooks\useCostAllocation.js,useCostAllocation.js,hooks,81,output_contract,snake_case,output_contract_reference,output_contract_field,cost-allocation,"return build_support_labour_type_rows(labour?.output_contract ?? {}); }, [labour?.output_contract]);"
hooks\useCostAllocation.js,useCostAllocation.js,hooks,84,output_contract,snake_case,output_contract_reference,output_contract_field,cost-allocation,"const all_labour_type_rows = useMemo(() => { return build_all_labour_type_rows(labour?.output_contract ?? {}); }, [labour?.output_contract]);"
hooks\useCostAllocation.js,useCostAllocation.js,hooks,85,output_contract,snake_case,output_contract_reference,output_contract_field,cost-allocation,"return build_all_labour_type_rows(labour?.output_contract ?? {}); }, [labour?.output_contract]);"
hooks\useCostAllocation.js,useCostAllocation.js,hooks,88,output_contract,snake_case,output_contract_reference,output_contract_field,cost-allocation,"const asset_recovery_overlay = useCostAllocationAssetOverlay({ asset_output_contract: assets?.output_contract ?? {}, recovery_hours_used: base_calculation_inputs?.recovery_hours_used,"
lib\calculations\cost-allocation\costAllocationInputBuilder.js,costAllocationInputBuilder.js,lib,17,output_contract,snake_case,output_contract_reference,output_contract_field,cost-allocation,const recovery_outputs = recovery_summary?.output_contract ?? recovery_summary ?? {};
hooks\useCostAllocation.js,useCostAllocation.js,hooks,89,recovery_hours_used,snake_case,object_key,output_contract_field,cost-allocation,"asset_output_contract: assets?.output_contract ?? {}, recovery_hours_used: base_calculation_inputs?.recovery_hours_used, });"
lib\calculations\cost-allocation\costAllocationInputBuilder.js,costAllocationInputBuilder.js,lib,16,recovery_outputs,snake_case,declaration,output_contract_field,cost-allocation,}) { const recovery_outputs = recovery_summary?.output_contract ?? recovery_summary ?? {};
hooks\useCostAllocation.js,useCostAllocation.js,hooks,49,recovery_summary,snake_case,snake_case_reference,output_contract_field,cost-allocation,const recovery_summary = inputs.recovery_summary ?? fallback_recovery_summary?.output_contract ??
lib\calculations\cost-allocation\costAllocationInputBuilder.js,costAllocationInputBuilder.js,lib,17,recovery_summary,snake_case,snake_case_reference,output_contract_field,cost-allocation,const recovery_outputs = recovery_summary?.output_contract ?? recovery_summary ?? {};
hooks\useCostSummary.js,useCostSummary.js,hooks,271,category_totals,snake_case,object_key,output_contract_field,cost-summary,"asset_output_contract.asset_related_unassigned_cost ?? 0, category_totals: Array.isArray( general_overheads_output_contract.category_totals"
hooks\useCostSummary.js,useCostSummary.js,hooks,272,category_totals,snake_case,snake_case_reference,output_contract_field,cost-summary,category_totals: Array.isArray( general_overheads_output_contract.category_totals )
hooks\useCostSummary.js,useCostSummary.js,hooks,274,category_totals,snake_case,snake_case_reference,output_contract_field,cost-summary,") ? general_overheads_output_contract.category_totals : [],"
hooks\useCostSummary.js,useCostSummary.js,hooks,63,category_totals,snake_case,object_key,output_contract_field,cost-summary,overhead_detail: { category_totals: Array.isArray( general_overheads_output_contract.category_totals
hooks\useCostSummary.js,useCostSummary.js,hooks,64,category_totals,snake_case,snake_case_reference,output_contract_field,cost-summary,category_totals: Array.isArray( general_overheads_output_contract.category_totals )
hooks\useCostSummary.js,useCostSummary.js,hooks,66,category_totals,snake_case,snake_case_reference,output_contract_field,cost-summary,") ? general_overheads_output_contract.category_totals : [],"
hooks\useBusinessSummary.js,useBusinessSummary.js,hooks,27,cost_summary,snake_case,snake_case_reference,output_contract_field,cost-summary,const revenue_cogs_output_contract = revenue_cogs.output_contract ?? {}; const cost_summary_output_contract = cost_summary.output_contract ?? {};
hooks\useQuoteEngine.js,useQuoteEngine.js,hooks,107,cost_summary,snake_case,declaration,output_contract_field,cost-summary,"const cost_summary = useCostSummary({ labour: labour.output_contract,"
hooks\useQuoteEngine.js,useQuoteEngine.js,hooks,361,cost_summary,snake_case,snake_case_reference,output_contract_field,cost-summary,"quote_state, cost_summary_output_contract: cost_summary.output_contract ?? {}, business_summary_output_contract:"
hooks\useQuoteEngine.js,useQuoteEngine.js,hooks,368,cost_summary,snake_case,snake_case_reference,output_contract_field,cost-summary,"quote_state, cost_summary.output_contract, business_summary.output_contract,"
hooks\useRevenueSummary.js,useRevenueSummary.js,hooks,28,cost_summary,snake_case,snake_case_reference,output_contract_field,cost-summary,const cost_summary_outputs = cost_summary?.output_contract ?? cost_summary?.outputs ?? {};
hooks\useBusinessSummary.js,useBusinessSummary.js,hooks,103,cost_summary_output_contract,snake_case,snake_case_reference,output_contract_field,cost-summary,"total_people_cost_annual: cost_summary_output_contract.total_people_cost_annual ?? 0,"
hooks\useBusinessSummary.js,useBusinessSummary.js,hooks,106,cost_summary_output_contract,snake_case,snake_case_reference,output_contract_field,cost-summary,"total_asset_cost_annual: cost_summary_output_contract.total_asset_cost_annual ?? 0,"
hooks\useBusinessSummary.js,useBusinessSummary.js,hooks,109,cost_summary_output_contract,snake_case,snake_case_reference,output_contract_field,cost-summary,"has_productive_asset_recovery_base: cost_summary_output_contract.has_productive_asset_recovery_base === true,"
hooks\useBusinessSummary.js,useBusinessSummary.js,hooks,112,cost_summary_output_contract,snake_case,snake_case_reference,output_contract_field,cost-summary,"productive_asset_count: cost_summary_output_contract.productive_asset_count ?? 0, support_asset_count:"
hooks\useBusinessSummary.js,useBusinessSummary.js,hooks,114,cost_summary_output_contract,snake_case,snake_case_reference,output_contract_field,cost-summary,"support_asset_count: cost_summary_output_contract.support_asset_count ?? 0, productive_asset_cost:"
hooks\useBusinessSummary.js,useBusinessSummary.js,hooks,116,cost_summary_output_contract,snake_case,snake_case_reference,output_contract_field,cost-summary,"productive_asset_cost: cost_summary_output_contract.productive_asset_cost ?? 0, support_asset_cost:"
hooks\useBusinessSummary.js,useBusinessSummary.js,hooks,118,cost_summary_output_contract,snake_case,snake_case_reference,output_contract_field,cost-summary,"support_asset_cost: cost_summary_output_contract.support_asset_cost ?? 0,"
hooks\useBusinessSummary.js,useBusinessSummary.js,hooks,121,cost_summary_output_contract,snake_case,snake_case_reference,output_contract_field,cost-summary,"total_business_overheads: cost_summary_output_contract.total_business_overheads ?? 0,"
hooks\useBusinessSummary.js,useBusinessSummary.js,hooks,126,cost_summary_output_contract,snake_case,snake_case_reference,output_contract_field,cost-summary,"macro_required_operating_hour_rate: cost_summary_output_contract.macro_required_operating_hour_rate ?? 0, net_annual_business_open_hours:"
hooks\useBusinessSummary.js,useBusinessSummary.js,hooks,128,cost_summary_output_contract,snake_case,snake_case_reference,output_contract_field,cost-summary,"net_annual_business_open_hours: cost_summary_output_contract.net_annual_business_open_hours ?? 0,"
hooks\useBusinessSummary.js,useBusinessSummary.js,hooks,131,cost_summary_output_contract,snake_case,snake_case_reference,output_contract_field,cost-summary,"cost_burden_breakdown: cost_summary_output_contract.cost_burden_breakdown ?? { people: {},"
hooks\useBusinessSummary.js,useBusinessSummary.js,hooks,222,cost_summary_output_contract,snake_case,snake_case_reference,output_contract_field,cost-summary,"business_recovery_hours: cost_summary_output_contract.business_recovery_hours ?? 0, operating_recovery_hours:"
hooks\useBusinessSummary.js,useBusinessSummary.js,hooks,224,cost_summary_output_contract,snake_case,snake_case_reference,output_contract_field,cost-summary,"operating_recovery_hours: cost_summary_output_contract.operating_recovery_hours ?? 0, total_staff_recovery_hours:"
hooks\useBusinessSummary.js,useBusinessSummary.js,hooks,226,cost_summary_output_contract,snake_case,snake_case_reference,output_contract_field,cost-summary,"total_staff_recovery_hours: cost_summary_output_contract.total_staff_recovery_hours ?? 0, recovery_hours_used: calculations.recovery_hours_used,"
hooks\useBusinessSummary.js,useBusinessSummary.js,hooks,232,cost_summary_output_contract,snake_case,snake_case_reference,output_contract_field,cost-summary,"weighted_productivity_percent: cost_summary_output_contract.weighted_productivity_percent ?? 0,"
hooks\useBusinessSummary.js,useBusinessSummary.js,hooks,235,cost_summary_output_contract,snake_case,snake_case_reference,output_contract_field,cost-summary,"total_available_hours_before_productivity: cost_summary_output_contract.total_available_hours_before_productivity ?? 0,"
hooks\useBusinessSummary.js,useBusinessSummary.js,hooks,259,cost_summary_output_contract,snake_case,snake_case_reference,output_contract_field,cost-summary,"cost_summary_ready: cost_summary_output_contract.model_ready === true, };"
hooks\useBusinessSummary.js,useBusinessSummary.js,hooks,267,cost_summary_output_contract,snake_case,snake_case_reference,output_contract_field,cost-summary,"}; }, [revenue_cogs_output_contract, cost_summary_output_contract]); }"
hooks\useBusinessSummary.js,useBusinessSummary.js,hooks,27,cost_summary_output_contract,snake_case,declaration,output_contract_field,cost-summary,const revenue_cogs_output_contract = revenue_cogs.output_contract ?? {}; const cost_summary_output_contract = cost_summary.output_contract ?? {};
hooks\useBusinessSummary.js,useBusinessSummary.js,hooks,42,cost_summary_output_contract,snake_case,snake_case_reference,output_contract_field,cost-summary,"total_cost_burden: cost_summary_output_contract.total_cost_burden ?? 0,"
hooks\useBusinessSummary.js,useBusinessSummary.js,hooks,45,cost_summary_output_contract,snake_case,snake_case_reference,output_contract_field,cost-summary,"total_people_cost_annual: cost_summary_output_contract.total_people_cost_annual ?? 0,"
hooks\useBusinessSummary.js,useBusinessSummary.js,hooks,48,cost_summary_output_contract,snake_case,snake_case_reference,output_contract_field,cost-summary,"total_asset_cost_annual: cost_summary_output_contract.total_asset_cost_annual ?? 0,"
hooks\useBusinessSummary.js,useBusinessSummary.js,hooks,51,cost_summary_output_contract,snake_case,snake_case_reference,output_contract_field,cost-summary,"total_business_overheads: cost_summary_output_contract.total_business_overheads ?? 0,"
hooks\useBusinessSummary.js,useBusinessSummary.js,hooks,54,cost_summary_output_contract,snake_case,snake_case_reference,output_contract_field,cost-summary,"total_recovery_hours: cost_summary_output_contract.total_recovery_hours ?? 0,"
hooks\useBusinessSummary.js,useBusinessSummary.js,hooks,57,cost_summary_output_contract,snake_case,snake_case_reference,output_contract_field,cost-summary,"business_recovery_hours: cost_summary_output_contract.business_recovery_hours ?? 0,"
hooks\useBusinessSummary.js,useBusinessSummary.js,hooks,60,cost_summary_output_contract,snake_case,snake_case_reference,output_contract_field,cost-summary,"operating_recovery_hours: cost_summary_output_contract.operating_recovery_hours ?? 0,"
hooks\useBusinessSummary.js,useBusinessSummary.js,hooks,63,cost_summary_output_contract,snake_case,snake_case_reference,output_contract_field,cost-summary,"total_productive_output: cost_summary_output_contract.total_productive_output ?? 0,"
hooks\useBusinessSummary.js,useBusinessSummary.js,hooks,75,cost_summary_output_contract,snake_case,snake_case_reference,output_contract_field,cost-summary,"required_recovery_rate: cost_summary_output_contract.required_recovery_rate ?? 0, required_labour_burden_rate:"
hooks\useBusinessSummary.js,useBusinessSummary.js,hooks,77,cost_summary_output_contract,snake_case,snake_case_reference,output_contract_field,cost-summary,"required_labour_burden_rate: cost_summary_output_contract.required_labour_burden_rate ?? 0, macro_required_operating_hour_rate:"
hooks\useBusinessSummary.js,useBusinessSummary.js,hooks,79,cost_summary_output_contract,snake_case,snake_case_reference,output_contract_field,cost-summary,"macro_required_operating_hour_rate: cost_summary_output_contract.macro_required_operating_hour_rate ?? 0, net_annual_business_open_hours:"
hooks\useBusinessSummary.js,useBusinessSummary.js,hooks,81,cost_summary_output_contract,snake_case,snake_case_reference,output_contract_field,cost-summary,"net_annual_business_open_hours: cost_summary_output_contract.net_annual_business_open_hours ?? 0, });"
hooks\useBusinessSummary.js,useBusinessSummary.js,hooks,85,cost_summary_output_contract,snake_case,snake_case_reference,output_contract_field,cost-summary,const model_trust_state = cost_summary_output_contract.model_readiness_status ?? (cost_summary_output_contract.model_ready === true
hooks\useBusinessSummary.js,useBusinessSummary.js,hooks,86,cost_summary_output_contract,snake_case,snake_case_reference,output_contract_field,cost-summary,"cost_summary_output_contract.model_readiness_status ?? (cost_summary_output_contract.model_ready === true ? ""ready"""
hooks\useBusinessSummary.js,useBusinessSummary.js,hooks,95,cost_summary_output_contract,snake_case,snake_case_reference,output_contract_field,cost-summary,"revenue_cogs_output_contract.revenue_cogs_ready === true, cost_summary_ready: cost_summary_output_contract.model_ready === true, });"
hooks\useQuoteEngine.js,useQuoteEngine.js,hooks,361,cost_summary_output_contract,snake_case,object_key,output_contract_field,cost-summary,"quote_state, cost_summary_output_contract: cost_summary.output_contract ?? {}, business_summary_output_contract:"
lib\calculations\quoteEngineCalculations.js,quoteEngineCalculations.js,lib,16,cost_summary_output_contract,snake_case,snake_case_reference,output_contract_field,cost-summary,"quote_state = {}, cost_summary_output_contract = {}, business_summary_output_contract = {},"
lib\calculations\quoteEngineCalculations.js,quoteEngineCalculations.js,lib,52,cost_summary_output_contract,snake_case,snake_case_reference,output_contract_field,cost-summary,const required_recovery_rate = toNumber( cost_summary_output_contract.required_recovery_rate );
lib\calculations\quoteEngineCalculations.js,quoteEngineCalculations.js,lib,56,cost_summary_output_contract,snake_case,snake_case_reference,output_contract_field,cost-summary,const total_productive_output = toNumber( cost_summary_output_contract.total_productive_output );
lib\calculations\quoteEngineCalculations.js,quoteEngineCalculations.js,lib,60,cost_summary_output_contract,snake_case,snake_case_reference,output_contract_field,cost-summary,const total_cost_burden = toNumber( cost_summary_output_contract.total_cost_burden );
lib\calculations\quoteEngineCalculations.js,quoteEngineCalculations.js,lib,64,cost_summary_output_contract,snake_case,snake_case_reference,output_contract_field,cost-summary,const total_people_cost_annual = toNumber( cost_summary_output_contract.total_people_cost_annual );
lib\calculations\quoteEngineCalculations.js,quoteEngineCalculations.js,lib,68,cost_summary_output_contract,snake_case,snake_case_reference,output_contract_field,cost-summary,const total_asset_cost_annual = toNumber( cost_summary_output_contract.total_asset_cost_annual );
lib\calculations\quoteEngineCalculations.js,quoteEngineCalculations.js,lib,72,cost_summary_output_contract,snake_case,snake_case_reference,output_contract_field,cost-summary,const total_business_overheads = toNumber( cost_summary_output_contract.total_business_overheads );
lib\calculations\quoteEngineCalculations.js,quoteEngineCalculations.js,lib,75,cost_summary_output_contract,snake_case,snake_case_reference,output_contract_field,cost-summary,const model_ready = cost_summary_output_contract.model_ready === true;
lib\calculations\quoteEngineCalculations.js,quoteEngineCalculations.js,lib,78,cost_summary_output_contract,snake_case,snake_case_reference,output_contract_field,cost-summary,"const model_readiness_status = cost_summary_output_contract.model_readiness_status || ""blocked"";"
hooks\useRevenueSummary.js,useRevenueSummary.js,hooks,27,cost_summary_outputs,snake_case,declaration,output_contract_field,cost-summary,const safe_state = revenue_summary_state ?? DEFAULT_REVENUE_SUMMARY_STATE; const cost_summary_outputs = cost_summary?.output_contract ?? cost_summary?.outputs ?? {};
hooks\useBusinessSummary.js,useBusinessSummary.js,hooks,259,cost_summary_ready,snake_case,object_key,output_contract_field,cost-summary,"cost_summary_ready: cost_summary_output_contract.model_ready === true, };"
hooks\useBusinessSummary.js,useBusinessSummary.js,hooks,95,cost_summary_ready,snake_case,object_key,output_contract_field,cost-summary,"revenue_cogs_output_contract.revenue_cogs_ready === true, cost_summary_ready: cost_summary_output_contract.model_ready === true, });"
hooks\useCostSummary.js,useCostSummary.js,hooks,210,employer_contribution_totals,snake_case,object_key,output_contract_field,cost-summary,"labour_output_contract.entitlement_totals ?? {}, employer_contribution_totals: labour_output_contract.employer_contribution_totals ?? {},"
hooks\useCostSummary.js,useCostSummary.js,hooks,211,employer_contribution_totals,snake_case,snake_case_reference,output_contract_field,cost-summary,"employer_contribution_totals: labour_output_contract.employer_contribution_totals ?? {}, },"
hooks\useCostSummary.js,useCostSummary.js,hooks,208,entitlement_totals,snake_case,object_key,output_contract_field,cost-summary,"labour_detail: labour_data.labour_detail ?? {}, entitlement_totals: labour_output_contract.entitlement_totals ?? {},"
hooks\useCostSummary.js,useCostSummary.js,hooks,209,entitlement_totals,snake_case,snake_case_reference,output_contract_field,cost-summary,"entitlement_totals: labour_output_contract.entitlement_totals ?? {}, employer_contribution_totals:"
hooks\useCostSummary.js,useCostSummary.js,hooks,226,finance_cost_annual,snake_case,object_key,output_contract_field,cost-summary,"calculations.total_asset_interest_annual ?? 0, finance_cost_annual: asset_output_contract.finance_cost_annual ?? 0,"
hooks\useCostSummary.js,useCostSummary.js,hooks,227,finance_cost_annual,snake_case,snake_case_reference,output_contract_field,cost-summary,"finance_cost_annual: asset_output_contract.finance_cost_annual ?? 0, has_productive_asset_recovery_base:"
hooks\useCostSummary.js,useCostSummary.js,hooks,50,legacy_display,snake_case,snake_case_reference,output_contract_field,cost-summary,running_cost_annual: asset_output_contract.legacy_display?.running_cost_annual ?? asset_output_contract.running_cost_annual ??
hooks\useCostSummary.js,useCostSummary.js,hooks,111,output_contract,snake_case,output_contract_reference,output_contract_field,cost-summary,"const output_contract = { total_people_cost_annual: calculations.total_people_cost_annual ?? 0,"
hooks\useCostSummary.js,useCostSummary.js,hooks,19,output_contract,snake_case,output_contract_reference,output_contract_field,cost-summary,opening_hours_module.calculated ?? opening_hours_module.output_contract ?? opening_hours_module;
hooks\useCostSummary.js,useCostSummary.js,hooks,22,output_contract,snake_case,output_contract_reference,output_contract_field,cost-summary,const labour_output_contract = inputs.labour?.output_contract ?? {}; const asset_output_contract = inputs.assets?.output_contract ?? {};
hooks\useCostSummary.js,useCostSummary.js,hooks,23,output_contract,snake_case,output_contract_reference,output_contract_field,cost-summary,const labour_output_contract = inputs.labour?.output_contract ?? {}; const asset_output_contract = inputs.assets?.output_contract ?? {}; const general_overheads_output_contract =
hooks\useCostSummary.js,useCostSummary.js,hooks,25,output_contract,snake_case,output_contract_reference,output_contract_field,cost-summary,const general_overheads_output_contract = inputs.general_overheads?.output_contract ?? {}; const assigned_asset_overhead_cost = Number(
hooks\useCostSummary.js,useCostSummary.js,hooks,288,output_contract,snake_case,output_contract_reference,output_contract_field,cost-summary,"card, output_contract, };"
lib\selectors\costSummarySelectors.js,costSummarySelectors.js,lib,107,output_contract,snake_case,output_contract_reference,output_contract_field,cost-summary,"total_labour_cost_annual: toNumber( output_contract.total_labour_cost_annual ),"
lib\selectors\costSummarySelectors.js,costSummarySelectors.js,lib,115,output_contract,snake_case,output_contract_reference,output_contract_field,cost-summary,"total_available_hours_before_productivity: toNumber( output_contract.total_available_hours_before_productivity ),"
lib\selectors\costSummarySelectors.js,costSummarySelectors.js,lib,118,output_contract,snake_case,output_contract_reference,output_contract_field,cost-summary,"weighted_productivity_percent: toNumber( output_contract.weighted_productivity_percent ),"
lib\selectors\costSummarySelectors.js,costSummarySelectors.js,lib,85,output_contract,snake_case,output_contract_reference,output_contract_field,cost-summary,export function selectCostSummaryLabour(labour) { const output_contract = labour?.output_contract ?? labour ?? {}; const active_staff = Array.isArray(output_contract.active_staff)
lib\selectors\costSummarySelectors.js,costSummarySelectors.js,lib,86,output_contract,snake_case,output_contract_reference,output_contract_field,cost-summary,const output_contract = labour?.output_contract ?? labour ?? {}; const active_staff = Array.isArray(output_contract.active_staff) ? output_contract.active_staff
lib\selectors\costSummarySelectors.js,costSummarySelectors.js,lib,87,output_contract,snake_case,output_contract_reference,output_contract_field,cost-summary,const active_staff = Array.isArray(output_contract.active_staff) ? output_contract.active_staff : [];
lib\selectors\costSummarySelectors.js,costSummarySelectors.js,lib,94,output_contract,snake_case,output_contract_reference,output_contract_field,cost-summary,const total_productive_output = toNumber( output_contract.total_productive_output );
lib\selectors\costSummarySelectors.js,costSummarySelectors.js,lib,97,output_contract,snake_case,output_contract_reference,output_contract_field,cost-summary,const total_staff_recovery_hours = toNumber( output_contract.total_recovery_hours );
hooks\useBusinessModelling.js,useBusinessModelling.js,hooks,115,required_recovery_rate,snake_case,object_key,output_contract_field,cost-summary,"business_summary_output_contract.total_available_hours_before_productivity, required_recovery_rate: business_summary_output_contract.required_recovery_rate,"
hooks\useBusinessModelling.js,useBusinessModelling.js,hooks,116,required_recovery_rate,snake_case,snake_case_reference,output_contract_field,cost-summary,"required_recovery_rate: business_summary_output_contract.required_recovery_rate, current_margin_per_productive_hour:"
hooks\useBusinessModelling.js,useBusinessModelling.js,hooks,410,required_recovery_rate,snake_case,object_key,output_contract_field,cost-summary,".total_available_hours_before_productivity, required_recovery_rate: business_summary.output_contract.required_recovery_rate,"
hooks\useBusinessModelling.js,useBusinessModelling.js,hooks,411,required_recovery_rate,snake_case,snake_case_reference,output_contract_field,cost-summary,"required_recovery_rate: business_summary.output_contract.required_recovery_rate, current_margin_per_productive_hour:"
hooks\useBusinessSummary.js,useBusinessSummary.js,hooks,74,required_recovery_rate,snake_case,object_key,output_contract_field,cost-summary,"required_recovery_rate: cost_summary_output_contract.required_recovery_rate ?? 0,"
hooks\useBusinessSummary.js,useBusinessSummary.js,hooks,75,required_recovery_rate,snake_case,snake_case_reference,output_contract_field,cost-summary,"required_recovery_rate: cost_summary_output_contract.required_recovery_rate ?? 0, required_labour_burden_rate:"
lib\calculations\quoteEngineCalculations.js,quoteEngineCalculations.js,lib,51,required_recovery_rate,snake_case,declaration,output_contract_field,cost-summary,const required_recovery_rate = toNumber( cost_summary_output_contract.required_recovery_rate
lib\calculations\quoteEngineCalculations.js,quoteEngineCalculations.js,lib,52,required_recovery_rate,snake_case,snake_case_reference,output_contract_field,cost-summary,const required_recovery_rate = toNumber( cost_summary_output_contract.required_recovery_rate );
hooks\useCostSummary.js,useCostSummary.js,hooks,49,running_cost_annual,snake_case,object_key,output_contract_field,cost-summary,asset_detail: { running_cost_annual: asset_output_contract.legacy_display?.running_cost_annual ??
hooks\useCostSummary.js,useCostSummary.js,hooks,50,running_cost_annual,snake_case,snake_case_reference,output_contract_field,cost-summary,running_cost_annual: asset_output_contract.legacy_display?.running_cost_annual ?? asset_output_contract.running_cost_annual ??
hooks\useCostSummary.js,useCostSummary.js,hooks,51,running_cost_annual,snake_case,snake_case_reference,output_contract_field,cost-summary,"asset_output_contract.legacy_display?.running_cost_annual ?? asset_output_contract.running_cost_annual ?? 0,"
lib\selectors\costSummarySelectors.js,costSummarySelectors.js,lib,114,total_available_hours_before_productivity,snake_case,object_key,output_contract_field,cost-summary,"total_recovery_hours: business_recovery_hours, total_available_hours_before_productivity: toNumber( output_contract.total_available_hours_before_productivity"
lib\selectors\costSummarySelectors.js,costSummarySelectors.js,lib,115,total_available_hours_before_productivity,snake_case,snake_case_reference,output_contract_field,cost-summary,"total_available_hours_before_productivity: toNumber( output_contract.total_available_hours_before_productivity ),"
hooks\useCostSummary.js,useCostSummary.js,hooks,157,total_business_cost_annual,snake_case,object_key,output_contract_field,cost-summary,"asset_output_contract.asset_related_unassigned_cost ?? 0, total_business_cost_annual: calculations.total_business_cost_annual ?? 0,"
hooks\useBusinessModelling.js,useBusinessModelling.js,hooks,107,total_cost_burden,snake_case,object_key,output_contract_field,cost-summary,"business_summary_output_contract.gross_margin_percent, total_cost_burden: business_summary_output_contract.total_cost_burden, net_position: business_summary_output_contract.net_position,"
hooks\useBusinessModelling.js,useBusinessModelling.js,hooks,400,total_cost_burden,snake_case,object_key,output_contract_field,cost-summary,"business_summary.output_contract.gross_margin_percent, total_cost_burden: business_summary.output_contract.total_cost_burden,"
hooks\useBusinessModelling.js,useBusinessModelling.js,hooks,401,total_cost_burden,snake_case,snake_case_reference,output_contract_field,cost-summary,"total_cost_burden: business_summary.output_contract.total_cost_burden, net_position: business_summary.output_contract.net_position,"
hooks\useBusinessSummary.js,useBusinessSummary.js,hooks,41,total_cost_burden,snake_case,object_key,output_contract_field,cost-summary,"total_cost_burden: cost_summary_output_contract.total_cost_burden ?? 0,"
hooks\useBusinessSummary.js,useBusinessSummary.js,hooks,42,total_cost_burden,snake_case,snake_case_reference,output_contract_field,cost-summary,"total_cost_burden: cost_summary_output_contract.total_cost_burden ?? 0,"
lib\calculations\quoteEngineCalculations.js,quoteEngineCalculations.js,lib,59,total_cost_burden,snake_case,declaration,output_contract_field,cost-summary,const total_cost_burden = toNumber( cost_summary_output_contract.total_cost_burden
lib\calculations\quoteEngineCalculations.js,quoteEngineCalculations.js,lib,60,total_cost_burden,snake_case,snake_case_reference,output_contract_field,cost-summary,const total_cost_burden = toNumber( cost_summary_output_contract.total_cost_burden );
hooks\useBusinessSummary.js,useBusinessSummary.js,hooks,102,total_people_cost_annual,snake_case,object_key,output_contract_field,cost-summary,"total_people_cost_annual: cost_summary_output_contract.total_people_cost_annual ?? 0,"
hooks\useBusinessSummary.js,useBusinessSummary.js,hooks,103,total_people_cost_annual,snake_case,snake_case_reference,output_contract_field,cost-summary,"total_people_cost_annual: cost_summary_output_contract.total_people_cost_annual ?? 0,"
hooks\useBusinessSummary.js,useBusinessSummary.js,hooks,44,total_people_cost_annual,snake_case,object_key,output_contract_field,cost-summary,"total_people_cost_annual: cost_summary_output_contract.total_people_cost_annual ?? 0,"
hooks\useBusinessSummary.js,useBusinessSummary.js,hooks,45,total_people_cost_annual,snake_case,snake_case_reference,output_contract_field,cost-summary,"total_people_cost_annual: cost_summary_output_contract.total_people_cost_annual ?? 0,"
hooks\useCostSummary.js,useCostSummary.js,hooks,112,total_people_cost_annual,snake_case,object_key,output_contract_field,cost-summary,"const output_contract = { total_people_cost_annual: calculations.total_people_cost_annual ?? 0, total_recovery_hours: calculations.total_recovery_hours ?? 0,"
hooks\useCostSummary.js,useCostSummary.js,hooks,184,total_people_cost_annual,snake_case,snake_case_reference,output_contract_field,cost-summary,"labour_output_contract.total_labour_cost_annual ?? calculations.total_people_cost_annual ?? 0,"
hooks\useRevenueReality.js,useRevenueReality.js,hooks,29,total_people_cost_annual,snake_case,snake_case_reference,output_contract_field,cost-summary,const total_labour_cost_annual = business_summary_output_contract.total_people_cost_annual ?? labour_output_contract.total_labour_cost_annual ??
lib\calculations\quoteEngineCalculations.js,quoteEngineCalculations.js,lib,63,total_people_cost_annual,snake_case,declaration,output_contract_field,cost-summary,const total_people_cost_annual = toNumber( cost_summary_output_contract.total_people_cost_annual
lib\calculations\quoteEngineCalculations.js,quoteEngineCalculations.js,lib,64,total_people_cost_annual,snake_case,snake_case_reference,output_contract_field,cost-summary,const total_people_cost_annual = toNumber( cost_summary_output_contract.total_people_cost_annual );
lib\selectors\costSummarySelectors.js,costSummarySelectors.js,lib,97,total_recovery_hours,snake_case,snake_case_reference,output_contract_field,cost-summary,const total_staff_recovery_hours = toNumber( output_contract.total_recovery_hours );
hooks\useCostSummary.js,useCostSummary.js,hooks,198,weighted_productivity_percent,snake_case,snake_case_reference,output_contract_field,cost-summary,"weighted_productivity_percent: labour_data.weighted_productivity_percent ?? 0, active_staff: Array.isArray(labour_output_contract.active_staff)"
lib\selectors\costSummarySelectors.js,costSummarySelectors.js,lib,117,weighted_productivity_percent,snake_case,object_key,output_contract_field,cost-summary,"), weighted_productivity_percent: toNumber( output_contract.weighted_productivity_percent"
lib\selectors\costSummarySelectors.js,costSummarySelectors.js,lib,118,weighted_productivity_percent,snake_case,snake_case_reference,output_contract_field,cost-summary,"weighted_productivity_percent: toNumber( output_contract.weighted_productivity_percent ),"
lib\reconciliation\reconciliationRules.js,reconciliationRules.js,lib,18,has_employee_overheads,snake_case,declaration,output_contract_field,employee-overheads-legacy,function getEmployeeOverheadsCheck(pnl_output_contract = {}) { const has_employee_overheads = toNumber(pnl_output_contract.employee_overheads_benchmark_total) > 0 ||
hooks\useEmployeeOverheads.js,useEmployeeOverheads.js,hooks,273,output_contract,snake_case,output_contract_reference,output_contract_field,employee-overheads-legacy,"const output_contract = useMemo(() => { return buildEmployeeOverheadOutputContract(stored_profiles, labour_profiles);"
hooks\useEmployeeOverheads.js,useEmployeeOverheads.js,hooks,293,output_contract,snake_case,output_contract_reference,output_contract_field,employee-overheads-legacy,"card, output_contract, stored_profiles,"
hooks\useEmployeeOverheads.js,useEmployeeOverheads.js,hooks,274,stored_profiles,snake_case,snake_case_reference,output_contract_field,employee-overheads-legacy,"const output_contract = useMemo(() => { return buildEmployeeOverheadOutputContract(stored_profiles, labour_profiles); }, [stored_profiles, labour_profiles]);"
hooks\useEmployeeOverheads.js,useEmployeeOverheads.js,hooks,294,stored_profiles,snake_case,snake_case_reference,output_contract_field,employee-overheads-legacy,"output_contract, stored_profiles, };"
hooks\useGeneralOverheads.js,useGeneralOverheads.js,hooks,721,actions,plain,object_key,output_contract_field,general-overheads,"output_contract, actions: { update_field,"
hooks\useGeneralOverheads.js,useGeneralOverheads.js,hooks,461,allocation_outputs,snake_case,declaration,output_contract_field,general-overheads,"const output_contract = useMemo(() => { const allocation_outputs = build_general_overhead_allocation_outputs({ overhead_rows: calculated.overhead_rows,"
hooks\useGeneralOverheads.js,useGeneralOverheads.js,hooks,461,build_general_overhead_allocation_outputs,snake_case,snake_case_reference,output_contract_field,general-overheads,"const output_contract = useMemo(() => { const allocation_outputs = build_general_overhead_allocation_outputs({ overhead_rows: calculated.overhead_rows,"
hooks\useGeneralOverheads.js,useGeneralOverheads.js,hooks,304,current_overhead_state,snake_case,snake_case_reference,output_contract_field,general-overheads,"pnl_output_contract, current_overhead_state, }) {"
hooks\useGeneralOverheads.js,useGeneralOverheads.js,hooks,443,current_overhead_state,snake_case,object_key,output_contract_field,general-overheads,"pnl_output_contract, current_overhead_state: current, })"
hooks\useGeneralOverheads.js,useGeneralOverheads.js,hooks,651,current_overhead_state,snake_case,object_key,output_contract_field,general-overheads,"pnl_output_contract, current_overhead_state: current, })"
lib\reconciliation\reconciliationRules.js,reconciliationRules.js,lib,19,employee_overheads_benchmark_total,snake_case,snake_case_reference,output_contract_field,general-overheads,const has_employee_overheads = toNumber(pnl_output_contract.employee_overheads_benchmark_total) > 0 || (Array.isArray(pnl_output_contract.employee_overheads_lines) &&
lib\reconciliation\reconciliationRules.js,reconciliationRules.js,lib,293,employee_overheads_check,snake_case,declaration,output_contract_field,general-overheads,const employee_overheads_check = getEmployeeOverheadsCheck(pnl_output_contract);
lib\reconciliation\reconciliationRules.js,reconciliationRules.js,lib,20,employee_overheads_lines,snake_case,snake_case_reference,output_contract_field,general-overheads,toNumber(pnl_output_contract.employee_overheads_benchmark_total) > 0 || (Array.isArray(pnl_output_contract.employee_overheads_lines) && pnl_output_contract.employee_overheads_lines.length > 0);
lib\reconciliation\reconciliationRules.js,reconciliationRules.js,lib,21,employee_overheads_lines,snake_case,snake_case_reference,output_contract_field,general-overheads,(Array.isArray(pnl_output_contract.employee_overheads_lines) && pnl_output_contract.employee_overheads_lines.length > 0);
components\model-readiness\ModelReadinessAuditPanel.jsx,ModelReadinessAuditPanel.jsx,components,47,general_overheads,snake_case,snake_case_reference,output_contract_field,general-overheads,modules?.generalOverheads?.output_contract ?? modules?.general_overheads?.output_contract ?? modules?.generalOverheads ??
hooks\useCostSummary.js,useCostSummary.js,hooks,25,general_overheads,snake_case,snake_case_reference,output_contract_field,general-overheads,const general_overheads_output_contract = inputs.general_overheads?.output_contract ?? {}; const assigned_asset_overhead_cost = Number(
hooks\useRecoverySummary.js,useRecoverySummary.js,hooks,35,general_overheads,snake_case,snake_case_reference,output_contract_field,general-overheads,const general_overheads_outputs = inputs.general_overheads ?? model_readiness.modules?.generalOverheads?.output_contract ??
lib\reconciliation\reconciliationRules.js,reconciliationRules.js,lib,215,general_overheads_benchmark_total,snake_case,declaration,output_contract_field,general-overheads,"const general_overheads_benchmark_total = toNumber( pnl_output_contract.general_overheads_benchmark_total,"
lib\reconciliation\reconciliationRules.js,reconciliationRules.js,lib,216,general_overheads_benchmark_total,snake_case,snake_case_reference,output_contract_field,general-overheads,"const general_overheads_benchmark_total = toNumber( pnl_output_contract.general_overheads_benchmark_total, );"
components\model-readiness\ModelReadinessAuditPanel.jsx,ModelReadinessAuditPanel.jsx,components,45,general_overheads_output,snake_case,declaration,output_contract_field,general-overheads,const general_overheads_output = modules?.generalOverheads?.output_contract ??
hooks\useCostSummary.js,useCostSummary.js,hooks,24,general_overheads_output_contract,snake_case,declaration,output_contract_field,general-overheads,const asset_output_contract = inputs.assets?.output_contract ?? {}; const general_overheads_output_contract = inputs.general_overheads?.output_contract ?? {};
hooks\useCostSummary.js,useCostSummary.js,hooks,272,general_overheads_output_contract,snake_case,snake_case_reference,output_contract_field,general-overheads,category_totals: Array.isArray( general_overheads_output_contract.category_totals )
hooks\useCostSummary.js,useCostSummary.js,hooks,274,general_overheads_output_contract,snake_case,snake_case_reference,output_contract_field,general-overheads,") ? general_overheads_output_contract.category_totals : [],"
hooks\useCostSummary.js,useCostSummary.js,hooks,277,general_overheads_output_contract,snake_case,snake_case_reference,output_contract_field,general-overheads,overhead_rows: Array.isArray( general_overheads_output_contract.overhead_rows )
hooks\useCostSummary.js,useCostSummary.js,hooks,279,general_overheads_output_contract,snake_case,snake_case_reference,output_contract_field,general-overheads,") ? general_overheads_output_contract.overhead_rows : [],"
hooks\useCostSummary.js,useCostSummary.js,hooks,30,general_overheads_output_contract,snake_case,snake_case_reference,output_contract_field,general-overheads,const total_general_overheads_before_asset_assignment = Number( general_overheads_output_contract.total_general_overheads ?? 0 );
hooks\useCostSummary.js,useCostSummary.js,hooks,64,general_overheads_output_contract,snake_case,snake_case_reference,output_contract_field,general-overheads,category_totals: Array.isArray( general_overheads_output_contract.category_totals )
hooks\useCostSummary.js,useCostSummary.js,hooks,66,general_overheads_output_contract,snake_case,snake_case_reference,output_contract_field,general-overheads,") ? general_overheads_output_contract.category_totals : [],"
hooks\useCostSummary.js,useCostSummary.js,hooks,69,general_overheads_output_contract,snake_case,snake_case_reference,output_contract_field,general-overheads,overhead_rows: Array.isArray( general_overheads_output_contract.overhead_rows )
hooks\useCostSummary.js,useCostSummary.js,hooks,71,general_overheads_output_contract,snake_case,snake_case_reference,output_contract_field,general-overheads,") ? general_overheads_output_contract.overhead_rows : [],"
lib\reconciliation\moduleReconciliation.js,moduleReconciliation.js,lib,17,general_overheads_output_contract,snake_case,declaration,output_contract_field,general-overheads,const general_overheads_status = generalOverheads.status ?? {}; const general_overheads_output_contract = generalOverheads.output_contract ?? {};
lib\reconciliation\moduleReconciliation.js,moduleReconciliation.js,lib,28,general_overheads_output_contract,snake_case,snake_case_reference,output_contract_field,general-overheads,"general_overheads_status, general_overheads_output_contract, });"
lib\reconciliation\reconciliationRules.js,reconciliationRules.js,lib,202,general_overheads_output_contract,snake_case,snake_case_reference,output_contract_field,general-overheads,"general_overheads_status = {}, general_overheads_output_contract = {}, }) {"
lib\reconciliation\reconciliationRules.js,reconciliationRules.js,lib,240,general_overheads_output_contract,snake_case,snake_case_reference,output_contract_field,general-overheads,"const total_general_overheads = toNumber( general_overheads_output_contract.total_general_overheads, );"
hooks\useRecoverySummary.js,useRecoverySummary.js,hooks,34,general_overheads_outputs,snake_case,declaration,output_contract_field,general-overheads,inputs.labour ?? model_readiness.modules?.labour?.output_contract ?? {}; const general_overheads_outputs = inputs.general_overheads ??
lib\reconciliation\moduleReconciliation.js,moduleReconciliation.js,lib,16,general_overheads_status,snake_case,declaration,output_contract_field,general-overheads,const asset_output_contract = assets.output_contract ?? {}; const general_overheads_status = generalOverheads.status ?? {}; const general_overheads_output_contract = generalOverheads.output_contract ?? {};
lib\reconciliation\moduleReconciliation.js,moduleReconciliation.js,lib,27,general_overheads_status,snake_case,snake_case_reference,output_contract_field,general-overheads,"asset_output_contract, general_overheads_status, general_overheads_output_contract,"
lib\reconciliation\reconciliationRules.js,reconciliationRules.js,lib,201,general_overheads_status,snake_case,snake_case_reference,output_contract_field,general-overheads,"asset_output_contract = {}, general_overheads_status = {}, general_overheads_output_contract = {},"
components\general-overheads\GeneralOverheadSummaryCard.jsx,GeneralOverheadSummaryCard.jsx,components,104,grouped_overhead_rows,snake_case,snake_case_reference,output_contract_field,general-overheads,"total_general_overheads_display, grouped_overhead_rows = [], output_contract,"
lib\selectors\general-overheads\generalOverheadCardSelector.js,generalOverheadCardSelector.js,lib,103,grouped_overhead_rows,snake_case,object_key,output_contract_field,general-overheads,"})), grouped_overhead_rows: grouped_summary, output_contract,"
lib\selectors\general-overheads\generalOverheadCardSelector.js,generalOverheadCardSelector.js,lib,103,grouped_summary,snake_case,snake_case_reference,output_contract_field,general-overheads,"})), grouped_overhead_rows: grouped_summary, output_contract,"
hooks\useGeneralOverheads.js,useGeneralOverheads.js,hooks,446,is_hydrated,snake_case,snake_case_reference,output_contract_field,general-overheads,"); }, [is_hydrated, pnl_output_contract, pnl_sync_signature]);"
hooks\useGeneralOverheads.js,useGeneralOverheads.js,hooks,282,operating_expense_lines,snake_case,declaration,output_contract_field,general-overheads,function build_pnl_sync_signature(pnl_output_contract = {}) { const operating_expense_lines = Array.isArray( pnl_output_contract?.operating_expense_lines
hooks\useGeneralOverheads.js,useGeneralOverheads.js,hooks,283,operating_expense_lines,snake_case,snake_case_reference,output_contract_field,general-overheads,const operating_expense_lines = Array.isArray( pnl_output_contract?.operating_expense_lines )
hooks\useGeneralOverheads.js,useGeneralOverheads.js,hooks,285,operating_expense_lines,snake_case,snake_case_reference,output_contract_field,general-overheads,) ? pnl_output_contract.operating_expense_lines : [];
hooks\useGeneralOverheads.js,useGeneralOverheads.js,hooks,306,operating_expense_lines,snake_case,declaration,output_contract_field,general-overheads,}) { const operating_expense_lines = Array.isArray( pnl_output_contract?.operating_expense_lines
hooks\useGeneralOverheads.js,useGeneralOverheads.js,hooks,307,operating_expense_lines,snake_case,snake_case_reference,output_contract_field,general-overheads,const operating_expense_lines = Array.isArray( pnl_output_contract?.operating_expense_lines )
hooks\useGeneralOverheads.js,useGeneralOverheads.js,hooks,309,operating_expense_lines,snake_case,snake_case_reference,output_contract_field,general-overheads,) ? pnl_output_contract.operating_expense_lines : [];
components\general-overheads\GeneralOverheadSummaryCard.jsx,GeneralOverheadSummaryCard.jsx,components,105,output_contract,snake_case,output_contract_reference,output_contract_field,general-overheads,"grouped_overhead_rows = [], output_contract, }) {"
components\general-overheads\GeneralOverheadSummaryCard.jsx,GeneralOverheadSummaryCard.jsx,components,172,output_contract,snake_case,output_contract_reference,output_contract_field,general-overheads,"{output_contract?.overhead_rows ? ( <div className=""ui-help"">"
components\general-overheads\GeneralOverheadSummaryCard.jsx,GeneralOverheadSummaryCard.jsx,components,174,output_contract,snake_case,output_contract_reference,output_contract_field,general-overheads,"<div className=""ui-help""> {output_contract.overhead_rows.length} overhead rows included in the current output."
components\general-overheads\GeneralOverheadSummaryCard.jsx,GeneralOverheadSummaryCard.jsx,components,179,output_contract,snake_case,output_contract_reference,output_contract_field,general-overheads,"{output_contract?.asset_overhead_pools ? ( <div className=""ui-stack-sm"">"
components\general-overheads\GeneralOverheadSummaryCard.jsx,GeneralOverheadSummaryCard.jsx,components,183,output_contract,snake_case,output_contract_reference,output_contract_field,general-overheads,"{Object.entries(output_contract.asset_overhead_pools).map( ([pool_key, pool]) => ("
hooks\useGeneralOverheads.js,useGeneralOverheads.js,hooks,460,output_contract,snake_case,output_contract_reference,output_contract_field,general-overheads,const output_contract = useMemo(() => { const allocation_outputs = build_general_overhead_allocation_outputs({
hooks\useGeneralOverheads.js,useGeneralOverheads.js,hooks,665,output_contract,snake_case,output_contract_reference,output_contract_field,general-overheads,"overhead_state.system_allocation_amount_overrides ?? {}, output_contract, total_general_overheads: calculated.total_general_overheads,"
hooks\useGeneralOverheads.js,useGeneralOverheads.js,hooks,720,output_contract,snake_case,output_contract_reference,output_contract_field,general-overheads,"calculated, output_contract, actions: {"
hooks\useGeneralOverheads.js,useGeneralOverheads.js,hooks,741,output_contract,snake_case,output_contract_reference,output_contract_field,general-overheads,"calculated, output_contract, status,"
lib\selectors\general-overheads\generalOverheadCardSelector.js,generalOverheadCardSelector.js,lib,104,output_contract,snake_case,output_contract_reference,output_contract_field,general-overheads,"grouped_overhead_rows: grouped_summary, output_contract, },"
lib\selectors\general-overheads\generalOverheadCardSelector.js,generalOverheadCardSelector.js,lib,57,output_contract,snake_case,output_contract_reference,output_contract_field,general-overheads,"calculated, output_contract, actions,"
components\general-overheads\GeneralOverheadSummaryCard.jsx,GeneralOverheadSummaryCard.jsx,components,172,overhead_rows,snake_case,snake_case_reference,output_contract_field,general-overheads,"{output_contract?.overhead_rows ? ( <div className=""ui-help"">"
components\general-overheads\GeneralOverheadSummaryCard.jsx,GeneralOverheadSummaryCard.jsx,components,174,overhead_rows,snake_case,snake_case_reference,output_contract_field,general-overheads,"<div className=""ui-help""> {output_contract.overhead_rows.length} overhead rows included in the current output."
hooks\useCostSummary.js,useCostSummary.js,hooks,276,overhead_rows,snake_case,object_key,output_contract_field,general-overheads,": [], overhead_rows: Array.isArray( general_overheads_output_contract.overhead_rows"
hooks\useCostSummary.js,useCostSummary.js,hooks,277,overhead_rows,snake_case,snake_case_reference,output_contract_field,general-overheads,overhead_rows: Array.isArray( general_overheads_output_contract.overhead_rows )
hooks\useCostSummary.js,useCostSummary.js,hooks,279,overhead_rows,snake_case,snake_case_reference,output_contract_field,general-overheads,") ? general_overheads_output_contract.overhead_rows : [],"
hooks\useCostSummary.js,useCostSummary.js,hooks,68,overhead_rows,snake_case,object_key,output_contract_field,general-overheads,": [], overhead_rows: Array.isArray( general_overheads_output_contract.overhead_rows"
hooks\useCostSummary.js,useCostSummary.js,hooks,69,overhead_rows,snake_case,snake_case_reference,output_contract_field,general-overheads,overhead_rows: Array.isArray( general_overheads_output_contract.overhead_rows )
hooks\useCostSummary.js,useCostSummary.js,hooks,71,overhead_rows,snake_case,snake_case_reference,output_contract_field,general-overheads,") ? general_overheads_output_contract.overhead_rows : [],"
hooks\useGeneralOverheads.js,useGeneralOverheads.js,hooks,664,overhead_state,snake_case,snake_case_reference,output_contract_field,general-overheads,"system_allocation_amount_overrides: overhead_state.system_allocation_amount_overrides ?? {}, output_contract,"
components\general-overheads\GeneralOverheadSummaryCard.jsx,GeneralOverheadSummaryCard.jsx,components,184,pool_key,snake_case,snake_case_reference,output_contract_field,general-overheads,"{Object.entries(output_contract.asset_overhead_pools).map( ([pool_key, pool]) => ( <div key={pool_key} className=""ui-readonly"">"
hooks\useGeneralOverheads.js,useGeneralOverheads.js,hooks,664,system_allocation_amount_overrides,snake_case,snake_case_reference,output_contract_field,general-overheads,"system_allocation_amount_overrides: overhead_state.system_allocation_amount_overrides ?? {}, output_contract,"
hooks\useBusinessSummary.js,useBusinessSummary.js,hooks,120,total_business_overheads,snake_case,object_key,output_contract_field,general-overheads,"total_business_overheads: cost_summary_output_contract.total_business_overheads ?? 0,"
hooks\useBusinessSummary.js,useBusinessSummary.js,hooks,121,total_business_overheads,snake_case,snake_case_reference,output_contract_field,general-overheads,"total_business_overheads: cost_summary_output_contract.total_business_overheads ?? 0,"
hooks\useBusinessSummary.js,useBusinessSummary.js,hooks,50,total_business_overheads,snake_case,object_key,output_contract_field,general-overheads,"total_business_overheads: cost_summary_output_contract.total_business_overheads ?? 0,"
hooks\useBusinessSummary.js,useBusinessSummary.js,hooks,51,total_business_overheads,snake_case,snake_case_reference,output_contract_field,general-overheads,"total_business_overheads: cost_summary_output_contract.total_business_overheads ?? 0,"
lib\calculations\quoteEngineCalculations.js,quoteEngineCalculations.js,lib,71,total_business_overheads,snake_case,declaration,output_contract_field,general-overheads,const total_business_overheads = toNumber( cost_summary_output_contract.total_business_overheads
lib\calculations\quoteEngineCalculations.js,quoteEngineCalculations.js,lib,72,total_business_overheads,snake_case,snake_case_reference,output_contract_field,general-overheads,const total_business_overheads = toNumber( cost_summary_output_contract.total_business_overheads );
hooks\useCostSummary.js,useCostSummary.js,hooks,30,total_general_overheads,snake_case,snake_case_reference,output_contract_field,general-overheads,const total_general_overheads_before_asset_assignment = Number( general_overheads_output_contract.total_general_overheads ?? 0 );
hooks\useGeneralOverheads.js,useGeneralOverheads.js,hooks,666,total_general_overheads,snake_case,object_key,output_contract_field,general-overheads,"output_contract, total_general_overheads: calculated.total_general_overheads, overhead_rows: calculated.overhead_rows,"
lib\reconciliation\reconciliationRules.js,reconciliationRules.js,lib,239,total_general_overheads,snake_case,declaration,output_contract_field,general-overheads,"const total_general_overheads = toNumber( general_overheads_output_contract.total_general_overheads,"
lib\reconciliation\reconciliationRules.js,reconciliationRules.js,lib,240,total_general_overheads,snake_case,snake_case_reference,output_contract_field,general-overheads,"const total_general_overheads = toNumber( general_overheads_output_contract.total_general_overheads, );"
hooks\useCostSummary.js,useCostSummary.js,hooks,199,active_staff,snake_case,object_key,output_contract_field,labour,"labour_data.weighted_productivity_percent ?? 0, active_staff: Array.isArray(labour_output_contract.active_staff) ? labour_output_contract.active_staff"
hooks\useCostSummary.js,useCostSummary.js,hooks,200,active_staff,snake_case,snake_case_reference,output_contract_field,labour,"active_staff: Array.isArray(labour_output_contract.active_staff) ? labour_output_contract.active_staff : [],"
lib\calculations\cost-allocation\costAllocationLabourAdapter.js,costAllocationLabourAdapter.js,lib,162,active_staff,snake_case,declaration,output_contract_field,labour,) { const active_staff = safe_array( labour_output_contract?.active_staff ??
lib\calculations\cost-allocation\costAllocationLabourAdapter.js,costAllocationLabourAdapter.js,lib,163,active_staff,snake_case,snake_case_reference,output_contract_field,labour,const active_staff = safe_array( labour_output_contract?.active_staff ?? labour_output_contract?.staff_rows ??
lib\selectors\costSummarySelectors.js,costSummarySelectors.js,lib,86,active_staff,snake_case,declaration,output_contract_field,labour,const output_contract = labour?.output_contract ?? labour ?? {}; const active_staff = Array.isArray(output_contract.active_staff) ? output_contract.active_staff
lib\selectors\costSummarySelectors.js,costSummarySelectors.js,lib,87,active_staff,snake_case,snake_case_reference,output_contract_field,labour,const active_staff = Array.isArray(output_contract.active_staff) ? output_contract.active_staff : [];
hooks\useCostAllocation.js,useCostAllocation.js,hooks,83,all_labour_type_rows,snake_case,declaration,output_contract_field,labour,const all_labour_type_rows = useMemo(() => { return build_all_labour_type_rows(labour?.output_contract ?? {});
hooks\rate-builder\useRateBuilderLabourRates.js,useRateBuilderLabourRates.js,hooks,22,build_active_labour_rate_model_for_calculation,snake_case,snake_case_reference,output_contract_field,labour,"LABOUR_UNIT_LABEL, build_active_labour_rate_model_for_calculation, build_cost_allocation_output_contract,"
hooks\useCostAllocation.js,useCostAllocation.js,hooks,84,build_all_labour_type_rows,snake_case,snake_case_reference,output_contract_field,labour,"const all_labour_type_rows = useMemo(() => { return build_all_labour_type_rows(labour?.output_contract ?? {}); }, [labour?.output_contract]);"
lib\calculations\cost-allocation\costAllocationLabourAdapter.js,costAllocationLabourAdapter.js,lib,229,build_all_labour_type_rows,snake_case,snake_case_reference,output_contract_field,labour,export function build_all_labour_type_rows(labour_output_contract = {}) { const productive_rows = build_productive_labour_type_rows(
hooks\rate-builder\useRateBuilderLabourRates.js,useRateBuilderLabourRates.js,hooks,23,build_cost_allocation_output_contract,snake_case,snake_case_reference,output_contract_field,labour,"build_active_labour_rate_model_for_calculation, build_cost_allocation_output_contract, build_labour_rate_result_metrics,"
hooks\rate-builder\useRateBuilderLabourRates.js,useRateBuilderLabourRates.js,hooks,60,build_cost_allocation_output_contract,snake_case,snake_case_reference,output_contract_field,labour,"const cost_allocation_output_contract = useMemo(() => { return build_cost_allocation_output_contract(cost_allocation); }, [cost_allocation]);"
lib\selectors\rate-builder\rateBuilderLabourModelSelectors.js,rateBuilderLabourModelSelectors.js,lib,5,build_cost_allocation_output_contract,snake_case,snake_case_reference,output_contract_field,labour,export function build_cost_allocation_output_contract(cost_allocation = {}) { return {
hooks\rate-builder\useRateBuilderLabourRates.js,useRateBuilderLabourRates.js,hooks,24,build_labour_rate_result_metrics,snake_case,snake_case_reference,output_contract_field,labour,"build_cost_allocation_output_contract, build_labour_rate_result_metrics, get_active_labour_rate_model,"
lib\calculations\cost-allocation\costAllocationLabourAdapter.js,costAllocationLabourAdapter.js,lib,158,build_labour_type_rows_by_class,snake_case,snake_case_reference,output_contract_field,labour,"function build_labour_type_rows_by_class( labour_output_contract = {},"
lib\calculations\cost-allocation\costAllocationLabourAdapter.js,costAllocationLabourAdapter.js,lib,222,build_labour_type_rows_by_class,snake_case,snake_case_reference,output_contract_field,labour,"export function build_productive_labour_type_rows(labour_output_contract = {}) { return build_labour_type_rows_by_class(labour_output_contract, ""productive""); }"
lib\calculations\cost-allocation\costAllocationLabourAdapter.js,costAllocationLabourAdapter.js,lib,226,build_labour_type_rows_by_class,snake_case,snake_case_reference,output_contract_field,labour,"export function build_support_labour_type_rows(labour_output_contract = {}) { return build_labour_type_rows_by_class(labour_output_contract, ""support""); }"
hooks\useCostAllocation.js,useCostAllocation.js,hooks,76,build_productive_labour_type_rows,snake_case,snake_case_reference,output_contract_field,labour,"const productive_labour_type_rows = useMemo(() => { return build_productive_labour_type_rows(labour?.output_contract ?? {}); }, [labour?.output_contract]);"
lib\calculations\cost-allocation\costAllocationLabourAdapter.js,costAllocationLabourAdapter.js,lib,221,build_productive_labour_type_rows,snake_case,snake_case_reference,output_contract_field,labour,"export function build_productive_labour_type_rows(labour_output_contract = {}) { return build_labour_type_rows_by_class(labour_output_contract, ""productive"");"
lib\calculations\cost-allocation\costAllocationLabourAdapter.js,costAllocationLabourAdapter.js,lib,230,build_productive_labour_type_rows,snake_case,snake_case_reference,output_contract_field,labour,export function build_all_labour_type_rows(labour_output_contract = {}) { const productive_rows = build_productive_labour_type_rows( labour_output_contract
hooks\useCostAllocation.js,useCostAllocation.js,hooks,80,build_support_labour_type_rows,snake_case,snake_case_reference,output_contract_field,labour,"const support_labour_type_rows = useMemo(() => { return build_support_labour_type_rows(labour?.output_contract ?? {}); }, [labour?.output_contract]);"
lib\calculations\cost-allocation\costAllocationLabourAdapter.js,costAllocationLabourAdapter.js,lib,225,build_support_labour_type_rows,snake_case,snake_case_reference,output_contract_field,labour,"export function build_support_labour_type_rows(labour_output_contract = {}) { return build_labour_type_rows_by_class(labour_output_contract, ""support"");"
lib\calculations\cost-allocation\costAllocationLabourAdapter.js,costAllocationLabourAdapter.js,lib,234,build_support_labour_type_rows,snake_case,snake_case_reference,output_contract_field,labour,const support_rows = build_support_labour_type_rows(labour_output_contract);
hooks\rate-builder\useRateBuilderLabourRates.js,useRateBuilderLabourRates.js,hooks,60,cost_allocation,snake_case,snake_case_reference,output_contract_field,labour,"const cost_allocation_output_contract = useMemo(() => { return build_cost_allocation_output_contract(cost_allocation); }, [cost_allocation]);"
hooks\rate-builder\useRateBuilderLabourRates.js,useRateBuilderLabourRates.js,hooks,61,cost_allocation,snake_case,snake_case_reference,output_contract_field,labour,"return build_cost_allocation_output_contract(cost_allocation); }, [cost_allocation]);"
lib\selectors\rate-builder\rateBuilderLabourModelSelectors.js,rateBuilderLabourModelSelectors.js,lib,5,cost_allocation,snake_case,snake_case_reference,output_contract_field,labour,export function build_cost_allocation_output_contract(cost_allocation = {}) { return {
lib\selectors\rate-builder\rateBuilderLabourModelSelectors.js,rateBuilderLabourModelSelectors.js,lib,7,cost_allocation,snake_case,snake_case_reference,output_contract_field,labour,"return { ...(cost_allocation?.output_contract ?? {}), recovery_plan: cost_allocation?.card?.recovery_plan ?? {},"
lib\selectors\rate-builder\rateBuilderLabourModelSelectors.js,rateBuilderLabourModelSelectors.js,lib,8,cost_allocation,snake_case,snake_case_reference,output_contract_field,labour,"...(cost_allocation?.output_contract ?? {}), recovery_plan: cost_allocation?.card?.recovery_plan ?? {}, card: cost_allocation?.card ?? {},"
hooks\rate-builder\useRateBuilderLabourRates.js,useRateBuilderLabourRates.js,hooks,59,cost_allocation_output_contract,snake_case,declaration,output_contract_field,labour,const cost_allocation_output_contract = useMemo(() => { return build_cost_allocation_output_contract(cost_allocation);
hooks\rate-builder\useRateBuilderLabourRates.js,useRateBuilderLabourRates.js,hooks,70,cost_allocation_output_contract,snake_case,snake_case_reference,output_contract_field,labour,"labour_output, cost_allocation_output_contract );"
hooks\rate-builder\useRateBuilderLabourRates.js,useRateBuilderLabourRates.js,hooks,72,cost_allocation_output_contract,snake_case,snake_case_reference,output_contract_field,labour,"); }, [labour_output, cost_allocation_output_contract]);"
lib\selectors\quickStartSelectors.js,quickStartSelectors.js,lib,77,expected_labour_margin_percent,snake_case,snake_case_reference,output_contract_field,labour,"label: ""Expected labour margin"", value: `${output_contract.expected_labour_margin_percent.toFixed(1)}%`, },"
lib\selectors\rate-builder\rateBuilderLabourSourceSelectors.js,rateBuilderLabourSourceSelectors.js,lib,34,get_nested_value,snake_case,snake_case_reference,output_contract_field,labour,"return ( get_nested_value(labour, [ [""output_contract""],"
hooks\useRevenueReality.js,useRevenueReality.js,hooks,52,is_labour_based,snake_case,object_key,output_contract_field,labour,"false, is_labour_based: business_setup_output_contract.is_labour_based ??"
hooks\useRevenueReality.js,useRevenueReality.js,hooks,53,is_labour_based,snake_case,snake_case_reference,output_contract_field,labour,is_labour_based: business_setup_output_contract.is_labour_based ?? business_summary_output_contract.is_labour_based ??
hooks\useRevenueReality.js,useRevenueReality.js,hooks,54,is_labour_based,snake_case,snake_case_reference,output_contract_field,labour,"business_setup_output_contract.is_labour_based ?? business_summary_output_contract.is_labour_based ?? true,"
lib\selectors\quickStartSelectors.js,quickStartSelectors.js,lib,19,is_labour_reality,snake_case,declaration,output_contract_field,labour,"}) { const is_labour_reality = output_contract.mode_key === ""labour_rate_reality_check"";"
hooks\useQuoteEngine.js,useQuoteEngine.js,hooks,108,labour,plain,object_key,output_contract_field,labour,"const cost_summary = useCostSummary({ labour: labour.output_contract, assets: model_readiness.modules.assets,"
hooks\useRevenueReality.js,useRevenueReality.js,hooks,37,labour_based,snake_case,snake_case_reference,output_contract_field,labour,"revenue_cogs_output_contract.business_type ?? ""labour_based"";"
lib\reconciliation\reconciliationRules.js,reconciliationRules.js,lib,207,labour_benchmark_total,snake_case,declaration,output_contract_field,labour,"const labour_benchmark_total = toNumber( pnl_output_contract.labour_benchmark_total,"
lib\reconciliation\reconciliationRules.js,reconciliationRules.js,lib,208,labour_benchmark_total,snake_case,snake_case_reference,output_contract_field,labour,"const labour_benchmark_total = toNumber( pnl_output_contract.labour_benchmark_total, );"
hooks\useCostSummary.js,useCostSummary.js,hooks,198,labour_data,snake_case,snake_case_reference,output_contract_field,labour,"weighted_productivity_percent: labour_data.weighted_productivity_percent ?? 0, active_staff: Array.isArray(labour_output_contract.active_staff)"
lib\selectors\quickStartSelectors.js,quickStartSelectors.js,lib,60,labour_hours,snake_case,snake_case_reference,output_contract_field,labour,"label: ""Hours per week"", value: format_hours(output_contract.labour_hours), },"
components\model-readiness\ModelReadinessAuditPanel.jsx,ModelReadinessAuditPanel.jsx,components,35,labour_output,snake_case,declaration,output_contract_field,labour,function handleDownloadAuditSnapshot() { const labour_output = modules?.labour?.output_contract ??
hooks\rate-builder\useRateBuilderLabourRates.js,useRateBuilderLabourRates.js,hooks,69,labour_output,snake_case,snake_case_reference,output_contract_field,labour,"return build_labour_source_options( labour_output, cost_allocation_output_contract"
hooks\rate-builder\useRateBuilderLabourRates.js,useRateBuilderLabourRates.js,hooks,72,labour_output,snake_case,snake_case_reference,output_contract_field,labour,"); }, [labour_output, cost_allocation_output_contract]);"
hooks\useCostSummary.js,useCostSummary.js,hooks,183,labour_output_contract,snake_case,snake_case_reference,output_contract_field,labour,total_labour_cost_annual: labour_output_contract.total_labour_cost_annual ?? calculations.total_people_cost_annual ??
hooks\useCostSummary.js,useCostSummary.js,hooks,199,labour_output_contract,snake_case,snake_case_reference,output_contract_field,labour,"labour_data.weighted_productivity_percent ?? 0, active_staff: Array.isArray(labour_output_contract.active_staff) ? labour_output_contract.active_staff"
hooks\useCostSummary.js,useCostSummary.js,hooks,200,labour_output_contract,snake_case,snake_case_reference,output_contract_field,labour,"active_staff: Array.isArray(labour_output_contract.active_staff) ? labour_output_contract.active_staff : [],"
hooks\useCostSummary.js,useCostSummary.js,hooks,203,labour_output_contract,snake_case,snake_case_reference,output_contract_field,labour,productive_labour_types: Array.isArray( labour_output_contract.productive_labour_types )
hooks\useCostSummary.js,useCostSummary.js,hooks,205,labour_output_contract,snake_case,snake_case_reference,output_contract_field,labour,") ? labour_output_contract.productive_labour_types : [],"
hooks\useCostSummary.js,useCostSummary.js,hooks,209,labour_output_contract,snake_case,snake_case_reference,output_contract_field,labour,"entitlement_totals: labour_output_contract.entitlement_totals ?? {}, employer_contribution_totals:"
hooks\useCostSummary.js,useCostSummary.js,hooks,211,labour_output_contract,snake_case,snake_case_reference,output_contract_field,labour,"employer_contribution_totals: labour_output_contract.employer_contribution_totals ?? {}, },"
hooks\useCostSummary.js,useCostSummary.js,hooks,22,labour_output_contract,snake_case,declaration,output_contract_field,labour,const labour_output_contract = inputs.labour?.output_contract ?? {}; const asset_output_contract = inputs.assets?.output_contract ?? {};
hooks\useQuoteEngine.js,useQuoteEngine.js,hooks,364,labour_output_contract,snake_case,object_key,output_contract_field,labour,"business_summary.output_contract ?? {}, labour_output_contract: labour.output_contract ?? {}, });"
hooks\useRevenueReality.js,useRevenueReality.js,hooks,25,labour_output_contract,snake_case,declaration,output_contract_field,labour,business_summary.output_contract ?? {}; const labour_output_contract = labour.output_contract ?? {};
hooks\useRevenueReality.js,useRevenueReality.js,hooks,30,labour_output_contract,snake_case,snake_case_reference,output_contract_field,labour,business_summary_output_contract.total_people_cost_annual ?? labour_output_contract.total_labour_cost_annual ?? 0;
hooks\useRevenueReality.js,useRevenueReality.js,hooks,93,labour_output_contract,snake_case,snake_case_reference,output_contract_field,labour,"business_summary_output_contract, labour_output_contract, ]);"
lib\calculations\cost-allocation\costAllocationLabourAdapter.js,costAllocationLabourAdapter.js,lib,159,labour_output_contract,snake_case,snake_case_reference,output_contract_field,labour,"function build_labour_type_rows_by_class( labour_output_contract = {}, required_labour_class = ""productive"""
lib\calculations\cost-allocation\costAllocationLabourAdapter.js,costAllocationLabourAdapter.js,lib,163,labour_output_contract,snake_case,snake_case_reference,output_contract_field,labour,const active_staff = safe_array( labour_output_contract?.active_staff ?? labour_output_contract?.staff_rows ??
lib\calculations\cost-allocation\costAllocationLabourAdapter.js,costAllocationLabourAdapter.js,lib,164,labour_output_contract,snake_case,snake_case_reference,output_contract_field,labour,labour_output_contract?.active_staff ?? labour_output_contract?.staff_rows ?? labour_output_contract?.rows
lib\calculations\cost-allocation\costAllocationLabourAdapter.js,costAllocationLabourAdapter.js,lib,165,labour_output_contract,snake_case,snake_case_reference,output_contract_field,labour,labour_output_contract?.staff_rows ?? labour_output_contract?.rows );
lib\calculations\cost-allocation\costAllocationLabourAdapter.js,costAllocationLabourAdapter.js,lib,221,labour_output_contract,snake_case,snake_case_reference,output_contract_field,labour,"export function build_productive_labour_type_rows(labour_output_contract = {}) { return build_labour_type_rows_by_class(labour_output_contract, ""productive"");"
lib\calculations\cost-allocation\costAllocationLabourAdapter.js,costAllocationLabourAdapter.js,lib,222,labour_output_contract,snake_case,snake_case_reference,output_contract_field,labour,"export function build_productive_labour_type_rows(labour_output_contract = {}) { return build_labour_type_rows_by_class(labour_output_contract, ""productive""); }"
lib\calculations\cost-allocation\costAllocationLabourAdapter.js,costAllocationLabourAdapter.js,lib,225,labour_output_contract,snake_case,snake_case_reference,output_contract_field,labour,"export function build_support_labour_type_rows(labour_output_contract = {}) { return build_labour_type_rows_by_class(labour_output_contract, ""support"");"
lib\calculations\cost-allocation\costAllocationLabourAdapter.js,costAllocationLabourAdapter.js,lib,226,labour_output_contract,snake_case,snake_case_reference,output_contract_field,labour,"export function build_support_labour_type_rows(labour_output_contract = {}) { return build_labour_type_rows_by_class(labour_output_contract, ""support""); }"
lib\calculations\cost-allocation\costAllocationLabourAdapter.js,costAllocationLabourAdapter.js,lib,229,labour_output_contract,snake_case,snake_case_reference,output_contract_field,labour,export function build_all_labour_type_rows(labour_output_contract = {}) { const productive_rows = build_productive_labour_type_rows(
lib\calculations\cost-allocation\costAllocationLabourAdapter.js,costAllocationLabourAdapter.js,lib,231,labour_output_contract,snake_case,snake_case_reference,output_contract_field,labour,const productive_rows = build_productive_labour_type_rows( labour_output_contract );
lib\calculations\cost-allocation\costAllocationLabourAdapter.js,costAllocationLabourAdapter.js,lib,234,labour_output_contract,snake_case,snake_case_reference,output_contract_field,labour,const support_rows = build_support_labour_type_rows(labour_output_contract);
lib\calculations\quoteEngineCalculations.js,quoteEngineCalculations.js,lib,18,labour_output_contract,snake_case,snake_case_reference,output_contract_field,labour,"business_summary_output_contract = {}, labour_output_contract = {}, }) {"
lib\calculations\quoteEngineCalculations.js,quoteEngineCalculations.js,lib,81,labour_output_contract,snake_case,snake_case_reference,output_contract_field,labour,const productive_labour_cost_rate = toNumber( labour_output_contract.productive_labour_cost_rate );
lib\reconciliation\moduleReconciliation.js,moduleReconciliation.js,lib,12,labour_output_contract,snake_case,declaration,output_contract_field,labour,const labour_status = labour.status ?? {}; const labour_output_contract = labour.output_contract ?? {}; const labour_outputs = labour.outputs ?? {};
lib\reconciliation\moduleReconciliation.js,moduleReconciliation.js,lib,23,labour_output_contract,snake_case,snake_case_reference,output_contract_field,labour,"labour_status, labour_output_contract, labour_outputs,"
lib\reconciliation\reconciliationRules.js,reconciliationRules.js,lib,197,labour_output_contract,snake_case,snake_case_reference,output_contract_field,labour,"labour_status = {}, labour_output_contract = {}, labour_outputs = {},"
lib\reconciliation\reconciliationRules.js,reconciliationRules.js,lib,233,labour_output_contract,snake_case,snake_case_reference,output_contract_field,labour,"const total_labour_cost_annual = hasNumberValue( labour_output_contract, ""total_labour_cost_annual"","
lib\reconciliation\reconciliationRules.js,reconciliationRules.js,lib,236,labour_output_contract,snake_case,snake_case_reference,output_contract_field,labour,) ? toNumber(labour_output_contract.total_labour_cost_annual) : toNumber(labour_outputs.total_labour_cost_annual);
lib\reconciliation\reconciliationRules.js,reconciliationRules.js,lib,255,labour_output_contract,snake_case,snake_case_reference,output_contract_field,labour,"const total_productive_output = hasNumberValue( labour_output_contract, ""total_productive_output"","
lib\reconciliation\reconciliationRules.js,reconciliationRules.js,lib,258,labour_output_contract,snake_case,snake_case_reference,output_contract_field,labour,) ? toNumber(labour_output_contract.total_productive_output) : toNumber(labour_outputs.productive_hours);
lib\reconciliation\reconciliationRules.js,reconciliationRules.js,lib,264,labour_output_contract,snake_case,snake_case_reference,output_contract_field,labour,"const labour_ready = Boolean( labour_output_contract.labour_ready ?? labour_status.labour_ready, );"
lib\reconciliation\reconciliationRules.js,reconciliationRules.js,lib,411,labour_output_contract,snake_case,snake_case_reference,output_contract_field,labour,"total_acc_levy_annual: hasNumberValue( labour_output_contract, ""total_acc_levy_annual"","
lib\reconciliation\reconciliationRules.js,reconciliationRules.js,lib,414,labour_output_contract,snake_case,snake_case_reference,output_contract_field,labour,") ? toNumber(labour_output_contract.total_acc_levy_annual) : toNumber(labour_outputs.acc_work_levy_annual),"
hooks\useRecoverySummary.js,useRecoverySummary.js,hooks,32,labour_outputs,snake_case,declaration,output_contract_field,labour,inputs.assets ?? model_readiness.modules?.assets?.output_contract ?? {}; const labour_outputs = inputs.labour ?? model_readiness.modules?.labour?.output_contract ?? {};
lib\reconciliation\moduleReconciliation.js,moduleReconciliation.js,lib,13,labour_outputs,snake_case,declaration,output_contract_field,labour,const labour_output_contract = labour.output_contract ?? {}; const labour_outputs = labour.outputs ?? {}; const asset_status = assets.status ?? {};
lib\reconciliation\moduleReconciliation.js,moduleReconciliation.js,lib,24,labour_outputs,snake_case,snake_case_reference,output_contract_field,labour,"labour_output_contract, labour_outputs, asset_status,"
lib\reconciliation\reconciliationRules.js,reconciliationRules.js,lib,198,labour_outputs,snake_case,snake_case_reference,output_contract_field,labour,"labour_output_contract = {}, labour_outputs = {}, asset_status = {},"
lib\reconciliation\reconciliationRules.js,reconciliationRules.js,lib,237,labour_outputs,snake_case,snake_case_reference,output_contract_field,labour,? toNumber(labour_output_contract.total_labour_cost_annual) : toNumber(labour_outputs.total_labour_cost_annual);
lib\reconciliation\reconciliationRules.js,reconciliationRules.js,lib,259,labour_outputs,snake_case,snake_case_reference,output_contract_field,labour,? toNumber(labour_output_contract.total_productive_output) : toNumber(labour_outputs.productive_hours);
lib\reconciliation\reconciliationRules.js,reconciliationRules.js,lib,415,labour_outputs,snake_case,snake_case_reference,output_contract_field,labour,"? toNumber(labour_output_contract.total_acc_levy_annual) : toNumber(labour_outputs.acc_work_levy_annual),"
lib\selectors\quickStartSelectors.js,quickStartSelectors.js,lib,136,labour_pct,snake_case,object_key,output_contract_field,labour,"cost_pct: output_contract.cost_pct, labour_pct: output_contract.labour_pct, remaining_pct: output_contract.remaining_pct,"
hooks\useEmployeeOverheads.js,useEmployeeOverheads.js,hooks,274,labour_profiles,snake_case,snake_case_reference,output_contract_field,labour,"const output_contract = useMemo(() => { return buildEmployeeOverheadOutputContract(stored_profiles, labour_profiles); }, [stored_profiles, labour_profiles]);"
lib\selectors\quickStartSelectors.js,quickStartSelectors.js,lib,139,labour_rate,snake_case,snake_case_reference,output_contract_field,labour,"headline_rate_text: format_rate(output_contract.labour_rate), equivalent_rate_text: format_rate(output_contract.equivalent_rate),"
lib\selectors\quickStartSelectors.js,quickStartSelectors.js,lib,141,labour_rate,snake_case,snake_case_reference,output_contract_field,labour,"equivalent_rate_text: format_rate(output_contract.equivalent_rate), headline_rate_value: format_rate(output_contract.labour_rate), equivalent_rate_value: format_rate(output_contract.equivalent_rate),"
lib\selectors\quickStartSelectors.js,quickStartSelectors.js,lib,20,labour_rate_reality_check,snake_case,snake_case_reference,output_contract_field,labour,"const is_labour_reality = output_contract.mode_key === ""labour_rate_reality_check"";"
lib\reconciliation\reconciliationRules.js,reconciliationRules.js,lib,263,labour_ready,snake_case,declaration,output_contract_field,labour,"const labour_ready = Boolean( labour_output_contract.labour_ready ?? labour_status.labour_ready,"
lib\reconciliation\reconciliationRules.js,reconciliationRules.js,lib,264,labour_ready,snake_case,snake_case_reference,output_contract_field,labour,"const labour_ready = Boolean( labour_output_contract.labour_ready ?? labour_status.labour_ready, );"
lib\reconciliation\moduleReconciliation.js,moduleReconciliation.js,lib,11,labour_status,snake_case,declaration,output_contract_field,labour,const pnl_output_contract = pnl.output_contract ?? {}; const labour_status = labour.status ?? {}; const labour_output_contract = labour.output_contract ?? {};
lib\reconciliation\moduleReconciliation.js,moduleReconciliation.js,lib,22,labour_status,snake_case,snake_case_reference,output_contract_field,labour,"pnl_output_contract, labour_status, labour_output_contract,"
lib\reconciliation\reconciliationRules.js,reconciliationRules.js,lib,196,labour_status,snake_case,snake_case_reference,output_contract_field,labour,"pnl_output_contract = {}, labour_status = {}, labour_output_contract = {},"
lib\reconciliation\reconciliationRules.js,reconciliationRules.js,lib,264,labour_status,snake_case,snake_case_reference,output_contract_field,labour,"const labour_ready = Boolean( labour_output_contract.labour_ready ?? labour_status.labour_ready, );"
lib\selectors\quickStartSelectors.js,quickStartSelectors.js,lib,132,labour_value,snake_case,object_key,output_contract_field,labour,"cost_value: format_currency(output_contract.cost_value), labour_value: format_currency(output_contract.labour_value), remaining_value: format_currency(output_contract.remaining_value),"
components\labour\LabourCompactWorkspaceCard.jsx,LabourCompactWorkspaceCard.jsx,components,293,output_contract,snake_case,output_contract_reference,output_contract_field,labour,productive_staff_type_rates={ labour.output_contract.productive_staff_type_rates }
components\labour\LabourCompactWorkspaceCard.jsx,LabourCompactWorkspaceCard.jsx,components,296,output_contract,snake_case,output_contract_reference,output_contract_field,labour,weighted_all_productive_labour_rate={ labour.output_contract.weighted_all_productive_labour_rate }
components\labour\LabourCompactWorkspaceCard.jsx,LabourCompactWorkspaceCard.jsx,components,299,output_contract,snake_case,output_contract_reference,output_contract_field,labour,weighted_all_productive_productivity_percent={ labour.output_contract.weighted_all_productive_productivity_percent }
components\labour\LabourCompactWorkspaceCard.jsx,LabourCompactWorkspaceCard.jsx,components,302,output_contract,snake_case,output_contract_reference,output_contract_field,labour,total_productive_labour_hours={ labour.output_contract.total_productive_labour_hours }
components\labour\LabourCompactWorkspaceCard.jsx,LabourCompactWorkspaceCard.jsx,components,305,output_contract,snake_case,output_contract_reference,output_contract_field,labour,total_productive_labour_cost={ labour.output_contract.total_productive_labour_cost }
components\labour\LabourCompactWorkspaceCard.jsx,LabourCompactWorkspaceCard.jsx,components,308,output_contract,snake_case,output_contract_reference,output_contract_field,labour,total_productive_paid_hours={ labour.output_contract.total_productive_paid_hours }
components\labour\LabourCompactWorkspaceCard.jsx,LabourCompactWorkspaceCard.jsx,components,311,output_contract,snake_case,output_contract_reference,output_contract_field,labour,productive_staff_type_rate_warnings={ labour.output_contract.productive_staff_type_rate_warnings }
hooks\useLabour.js,useLabour.js,hooks,228,output_contract,snake_case,output_contract_reference,output_contract_field,labour,const output_contract = useMemo(() => { return buildLabourOutputContract({
hooks\useLabour.js,useLabour.js,hooks,259,output_contract,snake_case,output_contract_reference,output_contract_field,labour,"profile_rows, output_contract, };"
lib\selectors\rate-builder\rateBuilderLabourModelSelectors.js,rateBuilderLabourModelSelectors.js,lib,7,output_contract,snake_case,output_contract_reference,output_contract_field,labour,"return { ...(cost_allocation?.output_contract ?? {}), recovery_plan: cost_allocation?.card?.recovery_plan ?? {},"
lib\selectors\rate-builder\rateBuilderLabourSourceSelectors.js,rateBuilderLabourSourceSelectors.js,lib,35,output_contract,snake_case,output_contract_reference,output_contract_field,labour,"get_nested_value(labour, [ [""output_contract""], [""outputs""],"
lib\selectors\rate-builder\rateBuilderLabourSourceSelectors.js,rateBuilderLabourSourceSelectors.js,lib,37,output_contract,snake_case,output_contract_reference,output_contract_field,labour,"[""outputs""], [""card"", ""output_contract""], [""card"", ""outputs""],"
lib\selectors\rate-builder\rateBuilderLabourSourceSelectors.js,rateBuilderLabourSourceSelectors.js,lib,53,output_contract,snake_case,output_contract_reference,output_contract_field,labour,"[""card"", ""recovery_plan"", ""rate_builder_labour_recovery_rows""], [""output_contract"", ""rate_builder_labour_recovery_rows""], [""output_contract"", ""recovery_plan"", ""rate_builder_labour_recovery_rows""],"
lib\selectors\rate-builder\rateBuilderLabourSourceSelectors.js,rateBuilderLabourSourceSelectors.js,lib,54,output_contract,snake_case,output_contract_reference,output_contract_field,labour,"[""output_contract"", ""rate_builder_labour_recovery_rows""], [""output_contract"", ""recovery_plan"", ""rate_builder_labour_recovery_rows""], ]) || [];"
lib\reconciliation\reconciliationRules.js,reconciliationRules.js,lib,259,productive_hours,snake_case,snake_case_reference,output_contract_field,labour,? toNumber(labour_output_contract.total_productive_output) : toNumber(labour_outputs.productive_hours);
lib\calculations\quoteEngineCalculations.js,quoteEngineCalculations.js,lib,80,productive_labour_cost_rate,snake_case,declaration,output_contract_field,labour,const productive_labour_cost_rate = toNumber( labour_output_contract.productive_labour_cost_rate
lib\calculations\quoteEngineCalculations.js,quoteEngineCalculations.js,lib,81,productive_labour_cost_rate,snake_case,snake_case_reference,output_contract_field,labour,const productive_labour_cost_rate = toNumber( labour_output_contract.productive_labour_cost_rate );
hooks\useCostAllocation.js,useCostAllocation.js,hooks,75,productive_labour_type_rows,snake_case,declaration,output_contract_field,labour,const productive_labour_type_rows = useMemo(() => { return build_productive_labour_type_rows(labour?.output_contract ?? {});
hooks\useCostSummary.js,useCostSummary.js,hooks,202,productive_labour_types,snake_case,object_key,output_contract_field,labour,": [], productive_labour_types: Array.isArray( labour_output_contract.productive_labour_types"
hooks\useCostSummary.js,useCostSummary.js,hooks,203,productive_labour_types,snake_case,snake_case_reference,output_contract_field,labour,productive_labour_types: Array.isArray( labour_output_contract.productive_labour_types )
hooks\useCostSummary.js,useCostSummary.js,hooks,205,productive_labour_types,snake_case,snake_case_reference,output_contract_field,labour,") ? labour_output_contract.productive_labour_types : [],"
lib\calculations\cost-allocation\costAllocationLabourAdapter.js,costAllocationLabourAdapter.js,lib,230,productive_rows,snake_case,declaration,output_contract_field,labour,export function build_all_labour_type_rows(labour_output_contract = {}) { const productive_rows = build_productive_labour_type_rows( labour_output_contract
components\labour\LabourCompactWorkspaceCard.jsx,LabourCompactWorkspaceCard.jsx,components,310,productive_staff_type_rate_warnings,snake_case,warning_id,output_contract_field,labour,} productive_staff_type_rate_warnings={ labour.output_contract.productive_staff_type_rate_warnings
components\labour\LabourCompactWorkspaceCard.jsx,LabourCompactWorkspaceCard.jsx,components,311,productive_staff_type_rate_warnings,snake_case,warning_id,output_contract_field,labour,productive_staff_type_rate_warnings={ labour.output_contract.productive_staff_type_rate_warnings }
components\labour\LabourCompactWorkspaceCard.jsx,LabourCompactWorkspaceCard.jsx,components,292,productive_staff_type_rates,snake_case,snake_case_reference,output_contract_field,labour,<ProductiveStaffTypeRatesPanel productive_staff_type_rates={ labour.output_contract.productive_staff_type_rates
components\labour\LabourCompactWorkspaceCard.jsx,LabourCompactWorkspaceCard.jsx,components,293,productive_staff_type_rates,snake_case,snake_case_reference,output_contract_field,labour,productive_staff_type_rates={ labour.output_contract.productive_staff_type_rates }
hooks\useLabour.js,useLabour.js,hooks,258,profile_rows,snake_case,snake_case_reference,output_contract_field,labour,"drivers, profile_rows, output_contract,"
lib\selectors\rate-builder\rateBuilderLabourSourceSelectors.js,rateBuilderLabourSourceSelectors.js,lib,52,rate_builder_labour_recovery_rows,snake_case,snake_case_reference,output_contract_field,labour,"[""recovery_plan"", ""rate_builder_labour_recovery_rows""], [""card"", ""recovery_plan"", ""rate_builder_labour_recovery_rows""], [""output_contract"", ""rate_builder_labour_recovery_rows""],"
lib\selectors\rate-builder\rateBuilderLabourSourceSelectors.js,rateBuilderLabourSourceSelectors.js,lib,53,rate_builder_labour_recovery_rows,snake_case,snake_case_reference,output_contract_field,labour,"[""card"", ""recovery_plan"", ""rate_builder_labour_recovery_rows""], [""output_contract"", ""rate_builder_labour_recovery_rows""], [""output_contract"", ""recovery_plan"", ""rate_builder_labour_recovery_rows""],"
lib\selectors\rate-builder\rateBuilderLabourSourceSelectors.js,rateBuilderLabourSourceSelectors.js,lib,54,rate_builder_labour_recovery_rows,snake_case,snake_case_reference,output_contract_field,labour,"[""output_contract"", ""rate_builder_labour_recovery_rows""], [""output_contract"", ""recovery_plan"", ""rate_builder_labour_recovery_rows""], ]) || [];"
lib\selectors\rate-builder\rateBuilderLabourModelSelectors.js,rateBuilderLabourModelSelectors.js,lib,8,recovery_plan,snake_case,object_key,output_contract_field,labour,"...(cost_allocation?.output_contract ?? {}), recovery_plan: cost_allocation?.card?.recovery_plan ?? {}, card: cost_allocation?.card ?? {},"
lib\selectors\rate-builder\rateBuilderLabourSourceSelectors.js,rateBuilderLabourSourceSelectors.js,lib,52,recovery_plan,snake_case,snake_case_reference,output_contract_field,labour,"[""recovery_plan"", ""rate_builder_labour_recovery_rows""], [""card"", ""recovery_plan"", ""rate_builder_labour_recovery_rows""], [""output_contract"", ""rate_builder_labour_recovery_rows""],"
lib\selectors\rate-builder\rateBuilderLabourSourceSelectors.js,rateBuilderLabourSourceSelectors.js,lib,54,recovery_plan,snake_case,snake_case_reference,output_contract_field,labour,"[""output_contract"", ""rate_builder_labour_recovery_rows""], [""output_contract"", ""recovery_plan"", ""rate_builder_labour_recovery_rows""], ]) || [];"
hooks\useBusinessSummary.js,useBusinessSummary.js,hooks,76,required_labour_burden_rate,snake_case,object_key,output_contract_field,labour,"cost_summary_output_contract.required_recovery_rate ?? 0, required_labour_burden_rate: cost_summary_output_contract.required_labour_burden_rate ?? 0,"
hooks\useBusinessSummary.js,useBusinessSummary.js,hooks,77,required_labour_burden_rate,snake_case,snake_case_reference,output_contract_field,labour,"required_labour_burden_rate: cost_summary_output_contract.required_labour_burden_rate ?? 0, macro_required_operating_hour_rate:"
lib\calculations\cost-allocation\costAllocationLabourAdapter.js,costAllocationLabourAdapter.js,lib,160,required_labour_class,snake_case,snake_case_reference,output_contract_field,labour,"labour_output_contract = {}, required_labour_class = ""productive"" ) {"
lib\calculations\cost-allocation\costAllocationLabourAdapter.js,costAllocationLabourAdapter.js,lib,162,safe_array,snake_case,snake_case_reference,output_contract_field,labour,) { const active_staff = safe_array( labour_output_contract?.active_staff ??
lib\calculations\cost-allocation\costAllocationLabourAdapter.js,costAllocationLabourAdapter.js,lib,164,staff_rows,snake_case,snake_case_reference,output_contract_field,labour,labour_output_contract?.active_staff ?? labour_output_contract?.staff_rows ?? labour_output_contract?.rows
hooks\useCostAllocation.js,useCostAllocation.js,hooks,79,support_labour_type_rows,snake_case,declaration,output_contract_field,labour,const support_labour_type_rows = useMemo(() => { return build_support_labour_type_rows(labour?.output_contract ?? {});
lib\calculations\cost-allocation\costAllocationLabourAdapter.js,costAllocationLabourAdapter.js,lib,234,support_rows,snake_case,declaration,output_contract_field,labour,const support_rows = build_support_labour_type_rows(labour_output_contract);
hooks\useCostSummary.js,useCostSummary.js,hooks,182,total_labour_cost_annual,snake_case,object_key,output_contract_field,labour,"calculations.total_people_cost_annual ?? 0, total_labour_cost_annual: labour_output_contract.total_labour_cost_annual ??"
hooks\useCostSummary.js,useCostSummary.js,hooks,183,total_labour_cost_annual,snake_case,snake_case_reference,output_contract_field,labour,total_labour_cost_annual: labour_output_contract.total_labour_cost_annual ?? calculations.total_people_cost_annual ??
hooks\useRevenueReality.js,useRevenueReality.js,hooks,28,total_labour_cost_annual,snake_case,declaration,output_contract_field,labour,return useMemo(() => { const total_labour_cost_annual = business_summary_output_contract.total_people_cost_annual ??
hooks\useRevenueReality.js,useRevenueReality.js,hooks,30,total_labour_cost_annual,snake_case,snake_case_reference,output_contract_field,labour,business_summary_output_contract.total_people_cost_annual ?? labour_output_contract.total_labour_cost_annual ?? 0;
hooks\useRevenueReality.js,useRevenueReality.js,hooks,46,total_labour_cost_annual,snake_case,snake_case_reference,output_contract_field,labour,"revenue_cogs_output_contract.gross_margin_percent ?? 0, total_labour_cost_annual, business_type,"
lib\reconciliation\reconciliationRules.js,reconciliationRules.js,lib,232,total_labour_cost_annual,snake_case,declaration,output_contract_field,labour,"const total_labour_cost_annual = hasNumberValue( labour_output_contract,"
lib\reconciliation\reconciliationRules.js,reconciliationRules.js,lib,234,total_labour_cost_annual,snake_case,snake_case_reference,output_contract_field,labour,"labour_output_contract, ""total_labour_cost_annual"", )"
lib\reconciliation\reconciliationRules.js,reconciliationRules.js,lib,236,total_labour_cost_annual,snake_case,snake_case_reference,output_contract_field,labour,) ? toNumber(labour_output_contract.total_labour_cost_annual) : toNumber(labour_outputs.total_labour_cost_annual);
lib\reconciliation\reconciliationRules.js,reconciliationRules.js,lib,237,total_labour_cost_annual,snake_case,snake_case_reference,output_contract_field,labour,? toNumber(labour_output_contract.total_labour_cost_annual) : toNumber(labour_outputs.total_labour_cost_annual);
lib\selectors\costSummarySelectors.js,costSummarySelectors.js,lib,106,total_labour_cost_annual,snake_case,object_key,output_contract_field,labour,return { total_labour_cost_annual: toNumber( output_contract.total_labour_cost_annual
lib\selectors\costSummarySelectors.js,costSummarySelectors.js,lib,107,total_labour_cost_annual,snake_case,snake_case_reference,output_contract_field,labour,"total_labour_cost_annual: toNumber( output_contract.total_labour_cost_annual ),"
components\labour\LabourCompactWorkspaceCard.jsx,LabourCompactWorkspaceCard.jsx,components,304,total_productive_labour_cost,snake_case,snake_case_reference,output_contract_field,labour,} total_productive_labour_cost={ labour.output_contract.total_productive_labour_cost
components\labour\LabourCompactWorkspaceCard.jsx,LabourCompactWorkspaceCard.jsx,components,305,total_productive_labour_cost,snake_case,snake_case_reference,output_contract_field,labour,total_productive_labour_cost={ labour.output_contract.total_productive_labour_cost }
components\labour\LabourCompactWorkspaceCard.jsx,LabourCompactWorkspaceCard.jsx,components,301,total_productive_labour_hours,snake_case,snake_case_reference,output_contract_field,labour,} total_productive_labour_hours={ labour.output_contract.total_productive_labour_hours
components\labour\LabourCompactWorkspaceCard.jsx,LabourCompactWorkspaceCard.jsx,components,302,total_productive_labour_hours,snake_case,snake_case_reference,output_contract_field,labour,total_productive_labour_hours={ labour.output_contract.total_productive_labour_hours }
hooks\useBusinessModelling.js,useBusinessModelling.js,hooks,109,total_productive_output,snake_case,object_key,output_contract_field,labour,"net_position: business_summary_output_contract.net_position, total_productive_output: business_summary_output_contract.total_productive_output,"
hooks\useBusinessModelling.js,useBusinessModelling.js,hooks,110,total_productive_output,snake_case,snake_case_reference,output_contract_field,labour,"total_productive_output: business_summary_output_contract.total_productive_output, weighted_productivity_percent:"
hooks\useBusinessModelling.js,useBusinessModelling.js,hooks,403,total_productive_output,snake_case,object_key,output_contract_field,labour,"net_position: business_summary.output_contract.net_position, total_productive_output: business_summary.output_contract.total_productive_output,"
hooks\useBusinessModelling.js,useBusinessModelling.js,hooks,404,total_productive_output,snake_case,snake_case_reference,output_contract_field,labour,"total_productive_output: business_summary.output_contract.total_productive_output, weighted_productivity_percent:"
hooks\useBusinessSummary.js,useBusinessSummary.js,hooks,62,total_productive_output,snake_case,object_key,output_contract_field,labour,"total_productive_output: cost_summary_output_contract.total_productive_output ?? 0,"
hooks\useBusinessSummary.js,useBusinessSummary.js,hooks,63,total_productive_output,snake_case,snake_case_reference,output_contract_field,labour,"total_productive_output: cost_summary_output_contract.total_productive_output ?? 0,"
lib\calculations\quoteEngineCalculations.js,quoteEngineCalculations.js,lib,55,total_productive_output,snake_case,declaration,output_contract_field,labour,const total_productive_output = toNumber( cost_summary_output_contract.total_productive_output
lib\calculations\quoteEngineCalculations.js,quoteEngineCalculations.js,lib,56,total_productive_output,snake_case,snake_case_reference,output_contract_field,labour,const total_productive_output = toNumber( cost_summary_output_contract.total_productive_output );
lib\reconciliation\reconciliationRules.js,reconciliationRules.js,lib,254,total_productive_output,snake_case,declaration,output_contract_field,labour,"const total_productive_output = hasNumberValue( labour_output_contract,"
lib\reconciliation\reconciliationRules.js,reconciliationRules.js,lib,256,total_productive_output,snake_case,snake_case_reference,output_contract_field,labour,"labour_output_contract, ""total_productive_output"", )"
lib\reconciliation\reconciliationRules.js,reconciliationRules.js,lib,258,total_productive_output,snake_case,snake_case_reference,output_contract_field,labour,) ? toNumber(labour_output_contract.total_productive_output) : toNumber(labour_outputs.productive_hours);
lib\selectors\costSummarySelectors.js,costSummarySelectors.js,lib,93,total_productive_output,snake_case,declaration,output_contract_field,labour,}; const total_productive_output = toNumber( output_contract.total_productive_output
lib\selectors\costSummarySelectors.js,costSummarySelectors.js,lib,94,total_productive_output,snake_case,snake_case_reference,output_contract_field,labour,const total_productive_output = toNumber( output_contract.total_productive_output );
components\labour\LabourCompactWorkspaceCard.jsx,LabourCompactWorkspaceCard.jsx,components,307,total_productive_paid_hours,snake_case,snake_case_reference,output_contract_field,labour,} total_productive_paid_hours={ labour.output_contract.total_productive_paid_hours
components\labour\LabourCompactWorkspaceCard.jsx,LabourCompactWorkspaceCard.jsx,components,308,total_productive_paid_hours,snake_case,snake_case_reference,output_contract_field,labour,total_productive_paid_hours={ labour.output_contract.total_productive_paid_hours }
hooks\useBusinessSummary.js,useBusinessSummary.js,hooks,225,total_staff_recovery_hours,snake_case,object_key,output_contract_field,labour,"cost_summary_output_contract.operating_recovery_hours ?? 0, total_staff_recovery_hours: cost_summary_output_contract.total_staff_recovery_hours ?? 0,"
hooks\useBusinessSummary.js,useBusinessSummary.js,hooks,226,total_staff_recovery_hours,snake_case,snake_case_reference,output_contract_field,labour,"total_staff_recovery_hours: cost_summary_output_contract.total_staff_recovery_hours ?? 0, recovery_hours_used: calculations.recovery_hours_used,"
lib\selectors\costSummarySelectors.js,costSummarySelectors.js,lib,96,total_staff_recovery_hours,snake_case,declaration,output_contract_field,labour,); const total_staff_recovery_hours = toNumber( output_contract.total_recovery_hours
components\labour\LabourCompactWorkspaceCard.jsx,LabourCompactWorkspaceCard.jsx,components,295,weighted_all_productive_labour_rate,snake_case,snake_case_reference,output_contract_field,labour,} weighted_all_productive_labour_rate={ labour.output_contract.weighted_all_productive_labour_rate
components\labour\LabourCompactWorkspaceCard.jsx,LabourCompactWorkspaceCard.jsx,components,296,weighted_all_productive_labour_rate,snake_case,snake_case_reference,output_contract_field,labour,weighted_all_productive_labour_rate={ labour.output_contract.weighted_all_productive_labour_rate }
components\labour\LabourCompactWorkspaceCard.jsx,LabourCompactWorkspaceCard.jsx,components,298,weighted_all_productive_productivity_percent,snake_case,snake_case_reference,output_contract_field,labour,} weighted_all_productive_productivity_percent={ labour.output_contract.weighted_all_productive_productivity_percent
components\labour\LabourCompactWorkspaceCard.jsx,LabourCompactWorkspaceCard.jsx,components,299,weighted_all_productive_productivity_percent,snake_case,snake_case_reference,output_contract_field,labour,weighted_all_productive_productivity_percent={ labour.output_contract.weighted_all_productive_productivity_percent }
hooks\useQuoteEngine.js,useQuoteEngine.js,hooks,109,model_readiness,snake_case,snake_case_reference,output_contract_field,model-readiness,"labour: labour.output_contract, assets: model_readiness.modules.assets, general_overheads: model_readiness.modules.generalOverheads,"
hooks\useRecoverySummary.js,useRecoverySummary.js,hooks,31,model_readiness,snake_case,snake_case_reference,output_contract_field,model-readiness,const asset_outputs = inputs.assets ?? model_readiness.modules?.assets?.output_contract ?? {}; const labour_outputs =
hooks\useRecoverySummary.js,useRecoverySummary.js,hooks,33,model_readiness,snake_case,snake_case_reference,output_contract_field,model-readiness,const labour_outputs = inputs.labour ?? model_readiness.modules?.labour?.output_contract ?? {}; const general_overheads_outputs =
hooks\useRecoverySummary.js,useRecoverySummary.js,hooks,36,model_readiness,snake_case,snake_case_reference,output_contract_field,model-readiness,inputs.general_overheads ?? model_readiness.modules?.generalOverheads?.output_contract ?? {};
hooks\useBusinessSummary.js,useBusinessSummary.js,hooks,85,model_readiness_status,snake_case,snake_case_reference,output_contract_field,model-readiness,const model_trust_state = cost_summary_output_contract.model_readiness_status ?? (cost_summary_output_contract.model_ready === true
lib\calculations\quoteEngineCalculations.js,quoteEngineCalculations.js,lib,134,model_readiness_status,snake_case,snake_case_reference,output_contract_field,model-readiness,"business_summary_output_contract.model_trust_state || model_readiness_status || (model_ready ? ""ready"" : ""blocked"");"
lib\calculations\quoteEngineCalculations.js,quoteEngineCalculations.js,lib,77,model_readiness_status,snake_case,declaration,output_contract_field,model-readiness,"const model_readiness_status = cost_summary_output_contract.model_readiness_status || ""blocked"";"
lib\calculations\quoteEngineCalculations.js,quoteEngineCalculations.js,lib,78,model_readiness_status,snake_case,snake_case_reference,output_contract_field,model-readiness,"const model_readiness_status = cost_summary_output_contract.model_readiness_status || ""blocked"";"
hooks\useBusinessSummary.js,useBusinessSummary.js,hooks,259,model_ready,snake_case,snake_case_reference,output_contract_field,model-readiness,"cost_summary_ready: cost_summary_output_contract.model_ready === true, };"
hooks\useBusinessSummary.js,useBusinessSummary.js,hooks,86,model_ready,snake_case,snake_case_reference,output_contract_field,model-readiness,"cost_summary_output_contract.model_readiness_status ?? (cost_summary_output_contract.model_ready === true ? ""ready"""
hooks\useBusinessSummary.js,useBusinessSummary.js,hooks,95,model_ready,snake_case,snake_case_reference,output_contract_field,model-readiness,"revenue_cogs_output_contract.revenue_cogs_ready === true, cost_summary_ready: cost_summary_output_contract.model_ready === true, });"
lib\calculations\quoteEngineCalculations.js,quoteEngineCalculations.js,lib,75,model_ready,snake_case,declaration,output_contract_field,model-readiness,const model_ready = cost_summary_output_contract.model_ready === true;
hooks\useBusinessModelling.js,useBusinessModelling.js,hooks,123,model_trust_state,snake_case,object_key,output_contract_field,model-readiness,"business_summary_output_contract.business_summary_status, model_trust_state: business_summary_output_contract.model_trust_state, business_summary_warnings:"
hooks\useBusinessModelling.js,useBusinessModelling.js,hooks,418,model_trust_state,snake_case,object_key,output_contract_field,model-readiness,"business_summary.output_contract.business_summary_status, model_trust_state: business_summary.output_contract.model_trust_state, business_summary_warnings:"
hooks\useBusinessSummary.js,useBusinessSummary.js,hooks,84,model_trust_state,snake_case,declaration,output_contract_field,model-readiness,const model_trust_state = cost_summary_output_contract.model_readiness_status ??
lib\calculations\quoteEngineCalculations.js,quoteEngineCalculations.js,lib,133,model_trust_state,snake_case,snake_case_reference,output_contract_field,model-readiness,const quote_model_trust_state = business_summary_output_contract.model_trust_state || model_readiness_status ||
components\model-readiness\ModelReadinessAuditPanel.jsx,ModelReadinessAuditPanel.jsx,components,36,output_contract,snake_case,output_contract_reference,output_contract_field,model-readiness,const labour_output = modules?.labour?.output_contract ?? modules?.labour ??
components\model-readiness\ModelReadinessAuditPanel.jsx,ModelReadinessAuditPanel.jsx,components,41,output_contract,snake_case,output_contract_reference,output_contract_field,model-readiness,const assets_output = modules?.assets?.output_contract ?? modules?.assets ??
components\model-readiness\ModelReadinessAuditPanel.jsx,ModelReadinessAuditPanel.jsx,components,46,output_contract,snake_case,output_contract_reference,output_contract_field,model-readiness,const general_overheads_output = modules?.generalOverheads?.output_contract ?? modules?.general_overheads?.output_contract ??
components\model-readiness\ModelReadinessAuditPanel.jsx,ModelReadinessAuditPanel.jsx,components,47,output_contract,snake_case,output_contract_reference,output_contract_field,model-readiness,modules?.generalOverheads?.output_contract ?? modules?.general_overheads?.output_contract ?? modules?.generalOverheads ??
components\model-readiness\ModelReadinessAuditPanel.jsx,ModelReadinessAuditPanel.jsx,components,53,output_contract,snake_case,output_contract_reference,output_contract_field,model-readiness,const pnl_output = modules?.profitAndLoss?.output_contract ?? modules?.profit_and_loss?.output_contract ??
components\model-readiness\ModelReadinessAuditPanel.jsx,ModelReadinessAuditPanel.jsx,components,54,output_contract,snake_case,output_contract_reference,output_contract_field,model-readiness,modules?.profitAndLoss?.output_contract ?? modules?.profit_and_loss?.output_contract ?? modules?.pnl?.output_contract ??
components\model-readiness\ModelReadinessAuditPanel.jsx,ModelReadinessAuditPanel.jsx,components,55,output_contract,snake_case,output_contract_reference,output_contract_field,model-readiness,modules?.profit_and_loss?.output_contract ?? modules?.pnl?.output_contract ?? modules?.profitAndLoss ??
lib\calculations\quoteEngineCalculations.js,quoteEngineCalculations.js,lib,132,quote_model_trust_state,snake_case,declaration,output_contract_field,model-readiness,const quote_model_trust_state = business_summary_output_contract.model_trust_state ||
lib\reconciliation\reconciliationRules.js,reconciliationRules.js,lib,415,acc_work_levy_annual,snake_case,snake_case_reference,output_contract_field,module-reconciliation,"? toNumber(labour_output_contract.total_acc_levy_annual) : toNumber(labour_outputs.acc_work_levy_annual),"
lib\reconciliation\reconciliationRules.js,reconciliationRules.js,lib,249,finance_cost_annual,snake_case,snake_case_reference,output_contract_field,module-reconciliation,asset_output_contract.total_asset_interest_annual ?? asset_output_contract.finance_cost_annual ?? asset_output_contract.asset_interest_annual ??
lib\reconciliation\reconciliationRules.js,reconciliationRules.js,lib,38,has_legacy_running_cost,snake_case,declaration,output_contract_field,module-reconciliation,const running_cost_annual = toNumber(asset_output_contract.running_cost_annual); const has_legacy_running_cost = running_cost_annual > 0;
lib\reconciliation\reconciliationRules.js,reconciliationRules.js,lib,277,is_ready,snake_case,snake_case_reference,output_contract_field,module-reconciliation,"const assets_ready = Boolean( asset_output_contract.assets_ready ?? asset_status.is_ready, );"
lib\reconciliation\reconciliationRules.js,reconciliationRules.js,lib,85,is_ready,snake_case,snake_case_reference,output_contract_field,module-reconciliation,"const assets_ready = Boolean( asset_output_contract.assets_ready ?? asset_status.is_ready, );"
lib\reconciliation\reconciliationRules.js,reconciliationRules.js,lib,295,legacy_running_cost_check,snake_case,declaration,output_contract_field,module-reconciliation,const legacy_running_cost_check = getLegacyAssetRunningCostCheck(asset_output_contract);
hooks\useModuleReconciliation.js,useModuleReconciliation.js,hooks,27,output_contract,snake_case,output_contract_reference,output_contract_field,module-reconciliation,"profitAndLoss.status, profitAndLoss.output_contract, labour.status,"
hooks\useModuleReconciliation.js,useModuleReconciliation.js,hooks,29,output_contract,snake_case,output_contract_reference,output_contract_field,module-reconciliation,"labour.status, labour.output_contract, labour.outputs,"
hooks\useModuleReconciliation.js,useModuleReconciliation.js,hooks,32,output_contract,snake_case,output_contract_reference,output_contract_field,module-reconciliation,"assets.status, assets.output_contract, generalOverheads.status,"
hooks\useModuleReconciliation.js,useModuleReconciliation.js,hooks,34,output_contract,snake_case,output_contract_reference,output_contract_field,module-reconciliation,"generalOverheads.status, generalOverheads.output_contract, openingHours.status,"
lib\reconciliation\moduleReconciliation.js,moduleReconciliation.js,lib,10,output_contract,snake_case,output_contract_reference,output_contract_field,module-reconciliation,const pnl_status = pnl.status ?? {}; const pnl_output_contract = pnl.output_contract ?? {}; const labour_status = labour.status ?? {};
lib\reconciliation\moduleReconciliation.js,moduleReconciliation.js,lib,12,output_contract,snake_case,output_contract_reference,output_contract_field,module-reconciliation,const labour_status = labour.status ?? {}; const labour_output_contract = labour.output_contract ?? {}; const labour_outputs = labour.outputs ?? {};
lib\reconciliation\moduleReconciliation.js,moduleReconciliation.js,lib,15,output_contract,snake_case,output_contract_reference,output_contract_field,module-reconciliation,const asset_status = assets.status ?? {}; const asset_output_contract = assets.output_contract ?? {}; const general_overheads_status = generalOverheads.status ?? {};
lib\reconciliation\moduleReconciliation.js,moduleReconciliation.js,lib,17,output_contract,snake_case,output_contract_reference,output_contract_field,module-reconciliation,const general_overheads_status = generalOverheads.status ?? {}; const general_overheads_output_contract = generalOverheads.output_contract ?? {};
lib\reconciliation\reconciliationRules.js,reconciliationRules.js,lib,37,running_cost_annual,snake_case,declaration,output_contract_field,module-reconciliation,function getLegacyAssetRunningCostCheck(asset_output_contract = {}) { const running_cost_annual = toNumber(asset_output_contract.running_cost_annual); const has_legacy_running_cost = running_cost_annual > 0;
lib\reconciliation\reconciliationRules.js,reconciliationRules.js,lib,38,running_cost_annual,snake_case,snake_case_reference,output_contract_field,module-reconciliation,const running_cost_annual = toNumber(asset_output_contract.running_cost_annual); const has_legacy_running_cost = running_cost_annual > 0;
lib\reconciliation\reconciliationRules.js,reconciliationRules.js,lib,410,total_acc_levy_annual,snake_case,object_key,output_contract_field,module-reconciliation,"total_acc_levy_annual: hasNumberValue( labour_output_contract,"
lib\reconciliation\reconciliationRules.js,reconciliationRules.js,lib,412,total_acc_levy_annual,snake_case,snake_case_reference,output_contract_field,module-reconciliation,"labour_output_contract, ""total_acc_levy_annual"", )"
lib\reconciliation\reconciliationRules.js,reconciliationRules.js,lib,414,total_acc_levy_annual,snake_case,snake_case_reference,output_contract_field,module-reconciliation,") ? toNumber(labour_output_contract.total_acc_levy_annual) : toNumber(labour_outputs.acc_work_levy_annual),"
lib\reconciliation\reconciliationRules.js,reconciliationRules.js,lib,204,total_business_costs,snake_case,declaration,output_contract_field,module-reconciliation,}) { const total_business_costs = toNumber(pnl_output_contract.total_business_costs); const total_other_income = toNumber(pnl_output_contract.total_other_income);
lib\reconciliation\reconciliationRules.js,reconciliationRules.js,lib,205,total_other_income,snake_case,declaration,output_contract_field,module-reconciliation,const total_business_costs = toNumber(pnl_output_contract.total_business_costs); const total_other_income = toNumber(pnl_output_contract.total_other_income);
lib\reconciliation\reconciliationRules.js,reconciliationRules.js,lib,230,unassigned_balance,snake_case,declaration,output_contract_field,module-reconciliation,const unassigned_balance = toNumber(pnl_output_contract.unassigned_balance);
hooks\useBusinessSummary.js,useBusinessSummary.js,hooks,125,macro_required_operating_hour_rate,snake_case,object_key,output_contract_field,opening-hours,"// Summary card receives the same authoritative values. macro_required_operating_hour_rate: cost_summary_output_contract.macro_required_operating_hour_rate ?? 0,"
hooks\useBusinessSummary.js,useBusinessSummary.js,hooks,126,macro_required_operating_hour_rate,snake_case,warning_id,output_contract_field,opening-hours,"macro_required_operating_hour_rate: cost_summary_output_contract.macro_required_operating_hour_rate ?? 0, net_annual_business_open_hours:"
hooks\useBusinessSummary.js,useBusinessSummary.js,hooks,78,macro_required_operating_hour_rate,snake_case,object_key,output_contract_field,opening-hours,"cost_summary_output_contract.required_labour_burden_rate ?? 0, macro_required_operating_hour_rate: cost_summary_output_contract.macro_required_operating_hour_rate ?? 0,"
hooks\useBusinessSummary.js,useBusinessSummary.js,hooks,79,macro_required_operating_hour_rate,snake_case,warning_id,output_contract_field,opening-hours,"macro_required_operating_hour_rate: cost_summary_output_contract.macro_required_operating_hour_rate ?? 0, net_annual_business_open_hours:"
hooks\useBusinessSummary.js,useBusinessSummary.js,hooks,127,net_annual_business_open_hours,snake_case,object_key,output_contract_field,opening-hours,"cost_summary_output_contract.macro_required_operating_hour_rate ?? 0, net_annual_business_open_hours: cost_summary_output_contract.net_annual_business_open_hours ?? 0,"
hooks\useBusinessSummary.js,useBusinessSummary.js,hooks,128,net_annual_business_open_hours,snake_case,snake_case_reference,output_contract_field,opening-hours,"net_annual_business_open_hours: cost_summary_output_contract.net_annual_business_open_hours ?? 0,"
hooks\useBusinessSummary.js,useBusinessSummary.js,hooks,80,net_annual_business_open_hours,snake_case,object_key,output_contract_field,opening-hours,"cost_summary_output_contract.macro_required_operating_hour_rate ?? 0, net_annual_business_open_hours: cost_summary_output_contract.net_annual_business_open_hours ?? 0,"
hooks\useBusinessSummary.js,useBusinessSummary.js,hooks,81,net_annual_business_open_hours,snake_case,snake_case_reference,output_contract_field,opening-hours,"net_annual_business_open_hours: cost_summary_output_contract.net_annual_business_open_hours ?? 0, });"
hooks\useCostSummary.js,useCostSummary.js,hooks,18,opening_hours_module,snake_case,snake_case_reference,output_contract_field,opening-hours,const opening_hours_data = opening_hours_module.calculated ?? opening_hours_module.output_contract ??
hooks\useCostSummary.js,useCostSummary.js,hooks,19,opening_hours_module,snake_case,snake_case_reference,output_contract_field,opening-hours,opening_hours_module.calculated ?? opening_hours_module.output_contract ?? opening_hours_module;
hooks\useCostSummary.js,useCostSummary.js,hooks,20,opening_hours_module,snake_case,snake_case_reference,output_contract_field,opening-hours,opening_hours_module.output_contract ?? opening_hours_module;
lib\selectors\profitAndLossSelectors.js,profitAndLossSelectors.js,lib,282,Ready,PascalCase,quoted_object_key,output_contract_field,p-and-l,"unassigned_balance: format_number(output_contract.unassigned_balance), pnl_ready: output_contract.pnl_ready ? ""Ready"" : ""Not Ready"", },"
lib\selectors\profitAndLossSelectors.js,profitAndLossSelectors.js,lib,259,assets_benchmark_total,snake_case,object_key,output_contract_field,p-and-l,"), assets_benchmark_total: format_number( output_contract.assets_benchmark_total,"
lib\selectors\profitAndLossSelectors.js,profitAndLossSelectors.js,lib,260,assets_benchmark_total,snake_case,snake_case_reference,output_contract_field,p-and-l,"assets_benchmark_total: format_number( output_contract.assets_benchmark_total, ),"
hooks\useGeneralOverheads.js,useGeneralOverheads.js,hooks,302,build_general_overheads_from_pnl,snake_case,snake_case_reference,output_contract_field,p-and-l,"function build_general_overheads_from_pnl({ pnl_output_contract,"
hooks\useGeneralOverheads.js,useGeneralOverheads.js,hooks,441,build_general_overheads_from_pnl,snake_case,snake_case_reference,output_contract_field,p-and-l,"set_overhead_state((current) => build_general_overheads_from_pnl({ pnl_output_contract,"
hooks\useGeneralOverheads.js,useGeneralOverheads.js,hooks,649,build_general_overheads_from_pnl,snake_case,snake_case_reference,output_contract_field,p-and-l,"set_overhead_state((current) => build_general_overheads_from_pnl({ pnl_output_contract,"
hooks\useGeneralOverheads.js,useGeneralOverheads.js,hooks,281,build_pnl_sync_signature,snake_case,snake_case_reference,output_contract_field,p-and-l,function build_pnl_sync_signature(pnl_output_contract = {}) { const operating_expense_lines = Array.isArray(
hooks\useGeneralOverheads.js,useGeneralOverheads.js,hooks,409,build_pnl_sync_signature,snake_case,snake_case_reference,output_contract_field,p-and-l,"const pnl_sync_signature = useMemo(() => { return build_pnl_sync_signature(pnl_output_contract); }, [pnl_output_contract]);"
lib\selectors\profitAndLossSelectors.js,profitAndLossSelectors.js,lib,148,build_reconciliation,snake_case,snake_case_reference,output_contract_field,p-and-l,function build_reconciliation(output_contract) { const total_pnl_costs = Number(output_contract.total_business_costs || 0);
lib\selectors\profitAndLossSelectors.js,profitAndLossSelectors.js,lib,165,build_reconciliation,snake_case,snake_case_reference,output_contract_field,p-and-l,const warnings = build_warnings(output_contract); const reconciliation = build_reconciliation(output_contract);
lib\selectors\profitAndLossSelectors.js,profitAndLossSelectors.js,lib,216,build_reconciliation,snake_case,snake_case_reference,output_contract_field,p-and-l,}) { const reconciliation = build_reconciliation(output_contract); const warnings = build_warnings(output_contract);
lib\selectors\profitAndLossSelectors.js,profitAndLossSelectors.js,lib,218,build_unassigned_details,snake_case,snake_case_reference,output_contract_field,p-and-l,const warnings = build_warnings(output_contract); const unassigned_details = build_unassigned_details(state);
lib\selectors\profitAndLossSelectors.js,profitAndLossSelectors.js,lib,164,build_warnings,snake_case,warning_id,output_contract_field,p-and-l,export function buildProfitAndLossStatus({ output_contract }) { const warnings = build_warnings(output_contract); const reconciliation = build_reconciliation(output_contract);
lib\selectors\profitAndLossSelectors.js,profitAndLossSelectors.js,lib,217,build_warnings,snake_case,warning_id,output_contract_field,p-and-l,const reconciliation = build_reconciliation(output_contract); const warnings = build_warnings(output_contract); const unassigned_details = build_unassigned_details(state);
lib\selectors\profitAndLossSelectors.js,profitAndLossSelectors.js,lib,4,build_warnings,snake_case,warning_id,output_contract_field,p-and-l,function build_warnings(output_contract) { const warnings = [];
lib\selectors\profitAndLossSelectors.js,profitAndLossSelectors.js,lib,245,direct_cost_category_totals,snake_case,object_key,output_contract_field,p-and-l,"hired_equipment_cost: format_number(output_contract.hired_equipment_cost), direct_cost_category_totals: output_contract.direct_cost_category_totals?.map((category) => ({"
lib\selectors\profitAndLossSelectors.js,profitAndLossSelectors.js,lib,246,direct_cost_category_totals,snake_case,snake_case_reference,output_contract_field,p-and-l,"direct_cost_category_totals: output_contract.direct_cost_category_totals?.map((category) => ({ ...category,"
lib\selectors\profitAndLossSelectors.js,profitAndLossSelectors.js,lib,256,employee_overheads_benchmark_total,snake_case,object_key,output_contract_field,p-and-l,"), employee_overheads_benchmark_total: format_number( output_contract.employee_overheads_benchmark_total,"
lib\selectors\profitAndLossSelectors.js,profitAndLossSelectors.js,lib,257,employee_overheads_benchmark_total,snake_case,snake_case_reference,output_contract_field,p-and-l,"employee_overheads_benchmark_total: format_number( output_contract.employee_overheads_benchmark_total, ),"
lib\selectors\profitAndLossSelectors.js,profitAndLossSelectors.js,lib,266,excluded_asset_finance_interest_total,snake_case,object_key,output_contract_field,p-and-l,"), excluded_asset_finance_interest_total: format_number( output_contract.excluded_asset_finance_interest_total,"
lib\selectors\profitAndLossSelectors.js,profitAndLossSelectors.js,lib,267,excluded_asset_finance_interest_total,snake_case,snake_case_reference,output_contract_field,p-and-l,"excluded_asset_finance_interest_total: format_number( output_contract.excluded_asset_finance_interest_total, ),"
lib\selectors\profitAndLossSelectors.js,profitAndLossSelectors.js,lib,171,format_number,snake_case,snake_case_reference,output_contract_field,p-and-l,"label: ""Trading Income"", value: format_number(output_contract.total_trading_income), tone: output_contract.total_trading_income > 0 ? ""good"" : ""bad"","
lib\selectors\profitAndLossSelectors.js,profitAndLossSelectors.js,lib,176,format_number,snake_case,snake_case_reference,output_contract_field,p-and-l,"label: ""Cost of Sales"", value: format_number(output_contract.total_cost_of_sales), tone: output_contract.total_cost_of_sales > 0 ? ""warn"" : ""bad"","
lib\selectors\profitAndLossSelectors.js,profitAndLossSelectors.js,lib,181,format_number,snake_case,snake_case_reference,output_contract_field,p-and-l,"label: ""Gross Profit"", value: format_number(output_contract.gross_profit), tone: output_contract.gross_profit >= 0 ? ""good"" : ""bad"","
lib\selectors\profitAndLossSelectors.js,profitAndLossSelectors.js,lib,186,format_number,snake_case,snake_case_reference,output_contract_field,p-and-l,"label: ""Operating Expenses"", value: format_number(output_contract.total_operating_expenses), tone: output_contract.total_operating_expenses > 0 ? ""warn"" : ""good"","
lib\selectors\profitAndLossSelectors.js,profitAndLossSelectors.js,lib,191,format_number,snake_case,snake_case_reference,output_contract_field,p-and-l,"label: ""Net Profit"", value: format_number(output_contract.net_profit), tone: output_contract.net_profit >= 0 ? ""good"" : ""bad"","
lib\selectors\profitAndLossSelectors.js,profitAndLossSelectors.js,lib,231,format_number,snake_case,snake_case_reference,output_contract_field,p-and-l,"summary: { total_trading_income: format_number(output_contract.total_trading_income), total_cost_of_sales: format_number(output_contract.total_cost_of_sales),"
lib\selectors\profitAndLossSelectors.js,profitAndLossSelectors.js,lib,232,format_number,snake_case,snake_case_reference,output_contract_field,p-and-l,"total_trading_income: format_number(output_contract.total_trading_income), total_cost_of_sales: format_number(output_contract.total_cost_of_sales), total_other_income: format_number(output_contract.total_other_income),"
lib\selectors\profitAndLossSelectors.js,profitAndLossSelectors.js,lib,233,format_number,snake_case,snake_case_reference,output_contract_field,p-and-l,"total_cost_of_sales: format_number(output_contract.total_cost_of_sales), total_other_income: format_number(output_contract.total_other_income), total_operating_expenses: format_number("
lib\selectors\profitAndLossSelectors.js,profitAndLossSelectors.js,lib,234,format_number,snake_case,snake_case_reference,output_contract_field,p-and-l,"total_other_income: format_number(output_contract.total_other_income), total_operating_expenses: format_number( output_contract.total_operating_expenses,"
lib\selectors\profitAndLossSelectors.js,profitAndLossSelectors.js,lib,238,format_number,snake_case,snake_case_reference,output_contract_field,p-and-l,"gross_profit: format_number(output_contract.gross_profit), net_profit: format_number(output_contract.net_profit),"
lib\selectors\profitAndLossSelectors.js,profitAndLossSelectors.js,lib,239,format_number,snake_case,snake_case_reference,output_contract_field,p-and-l,"gross_profit: format_number(output_contract.gross_profit), net_profit: format_number(output_contract.net_profit),"
lib\selectors\profitAndLossSelectors.js,profitAndLossSelectors.js,lib,241,format_number,snake_case,snake_case_reference,output_contract_field,p-and-l,"total_revenue: format_number(output_contract.total_revenue), materials_cost: format_number(output_contract.materials_cost),"
lib\selectors\profitAndLossSelectors.js,profitAndLossSelectors.js,lib,242,format_number,snake_case,snake_case_reference,output_contract_field,p-and-l,"total_revenue: format_number(output_contract.total_revenue), materials_cost: format_number(output_contract.materials_cost), subcontract_cost: format_number(output_contract.subcontract_cost),"
lib\selectors\profitAndLossSelectors.js,profitAndLossSelectors.js,lib,243,format_number,snake_case,snake_case_reference,output_contract_field,p-and-l,"materials_cost: format_number(output_contract.materials_cost), subcontract_cost: format_number(output_contract.subcontract_cost), hired_equipment_cost: format_number(output_contract.hired_equipment_cost),"
lib\selectors\profitAndLossSelectors.js,profitAndLossSelectors.js,lib,244,format_number,snake_case,snake_case_reference,output_contract_field,p-and-l,"subcontract_cost: format_number(output_contract.subcontract_cost), hired_equipment_cost: format_number(output_contract.hired_equipment_cost), direct_cost_category_totals:"
lib\selectors\profitAndLossSelectors.js,profitAndLossSelectors.js,lib,250,format_number,snake_case,snake_case_reference,output_contract_field,p-and-l,"})) ?? [], total_direct_costs: format_number(output_contract.total_direct_costs), total_cogs: format_number(output_contract.total_cogs),"
lib\selectors\profitAndLossSelectors.js,profitAndLossSelectors.js,lib,251,format_number,snake_case,snake_case_reference,output_contract_field,p-and-l,"total_direct_costs: format_number(output_contract.total_direct_costs), total_cogs: format_number(output_contract.total_cogs),"
lib\selectors\profitAndLossSelectors.js,profitAndLossSelectors.js,lib,253,format_number,snake_case,snake_case_reference,output_contract_field,p-and-l,"labour_benchmark_total: format_number( output_contract.labour_benchmark_total,"
lib\selectors\profitAndLossSelectors.js,profitAndLossSelectors.js,lib,256,format_number,snake_case,snake_case_reference,output_contract_field,p-and-l,"), employee_overheads_benchmark_total: format_number( output_contract.employee_overheads_benchmark_total,"
lib\selectors\profitAndLossSelectors.js,profitAndLossSelectors.js,lib,259,format_number,snake_case,snake_case_reference,output_contract_field,p-and-l,"), assets_benchmark_total: format_number( output_contract.assets_benchmark_total,"
lib\selectors\profitAndLossSelectors.js,profitAndLossSelectors.js,lib,262,format_number,snake_case,snake_case_reference,output_contract_field,p-and-l,"), pnl_interest_total: format_number(output_contract.pnl_interest_total), pnl_interest_marked_asset_finance_total: format_number("
lib\selectors\profitAndLossSelectors.js,profitAndLossSelectors.js,lib,263,format_number,snake_case,snake_case_reference,output_contract_field,p-and-l,"pnl_interest_total: format_number(output_contract.pnl_interest_total), pnl_interest_marked_asset_finance_total: format_number( output_contract.pnl_interest_marked_asset_finance_total,"
lib\selectors\profitAndLossSelectors.js,profitAndLossSelectors.js,lib,266,format_number,snake_case,snake_case_reference,output_contract_field,p-and-l,"), excluded_asset_finance_interest_total: format_number( output_contract.excluded_asset_finance_interest_total,"
lib\selectors\profitAndLossSelectors.js,profitAndLossSelectors.js,lib,270,format_number,snake_case,snake_case_reference,output_contract_field,p-and-l,"unreviewed_interest_count: output_contract.unreviewed_interest_count ?? 0, unreviewed_interest_total: format_number( output_contract.unreviewed_interest_total,"
lib\selectors\profitAndLossSelectors.js,profitAndLossSelectors.js,lib,273,format_number,snake_case,snake_case_reference,output_contract_field,p-and-l,"), general_overheads_benchmark_total: format_number( output_contract.general_overheads_benchmark_total,"
lib\selectors\profitAndLossSelectors.js,profitAndLossSelectors.js,lib,277,format_number,snake_case,snake_case_reference,output_contract_field,p-and-l,"total_business_costs: format_number(output_contract.total_business_costs), total_assigned_business_costs: format_number("
lib\selectors\profitAndLossSelectors.js,profitAndLossSelectors.js,lib,278,format_number,snake_case,snake_case_reference,output_contract_field,p-and-l,"total_business_costs: format_number(output_contract.total_business_costs), total_assigned_business_costs: format_number( output_contract.total_assigned_business_costs,"
lib\selectors\profitAndLossSelectors.js,profitAndLossSelectors.js,lib,281,format_number,snake_case,snake_case_reference,output_contract_field,p-and-l,"), unassigned_balance: format_number(output_contract.unassigned_balance), pnl_ready: output_contract.pnl_ready ? ""Ready"" : ""Not Ready"","
lib\selectors\profitAndLossSelectors.js,profitAndLossSelectors.js,lib,273,general_overheads_benchmark_total,snake_case,object_key,output_contract_field,p-and-l,"), general_overheads_benchmark_total: format_number( output_contract.general_overheads_benchmark_total,"
lib\selectors\profitAndLossSelectors.js,profitAndLossSelectors.js,lib,274,general_overheads_benchmark_total,snake_case,snake_case_reference,output_contract_field,p-and-l,"general_overheads_benchmark_total: format_number( output_contract.general_overheads_benchmark_total, ),"
lib\selectors\profitAndLossSelectors.js,profitAndLossSelectors.js,lib,172,good,plain,quoted_object_key,output_contract_field,p-and-l,"value: format_number(output_contract.total_trading_income), tone: output_contract.total_trading_income > 0 ? ""good"" : ""bad"", },"
lib\selectors\profitAndLossSelectors.js,profitAndLossSelectors.js,lib,182,good,plain,quoted_object_key,output_contract_field,p-and-l,"value: format_number(output_contract.gross_profit), tone: output_contract.gross_profit >= 0 ? ""good"" : ""bad"", },"
lib\selectors\profitAndLossSelectors.js,profitAndLossSelectors.js,lib,192,good,plain,quoted_object_key,output_contract_field,p-and-l,"value: format_number(output_contract.net_profit), tone: output_contract.net_profit >= 0 ? ""good"" : ""bad"", },"
lib\selectors\profitAndLossSelectors.js,profitAndLossSelectors.js,lib,15,gross_profit,snake_case,snake_case_reference,output_contract_field,p-and-l,"if (output_contract.gross_profit < 0) { warnings.push(""Gross profit is negative."");"
lib\selectors\profitAndLossSelectors.js,profitAndLossSelectors.js,lib,181,gross_profit,snake_case,snake_case_reference,output_contract_field,p-and-l,"label: ""Gross Profit"", value: format_number(output_contract.gross_profit), tone: output_contract.gross_profit >= 0 ? ""good"" : ""bad"","
lib\selectors\profitAndLossSelectors.js,profitAndLossSelectors.js,lib,182,gross_profit,snake_case,snake_case_reference,output_contract_field,p-and-l,"value: format_number(output_contract.gross_profit), tone: output_contract.gross_profit >= 0 ? ""good"" : ""bad"", },"
lib\selectors\profitAndLossSelectors.js,profitAndLossSelectors.js,lib,238,gross_profit,snake_case,object_key,output_contract_field,p-and-l,"gross_profit: format_number(output_contract.gross_profit), net_profit: format_number(output_contract.net_profit),"
lib\selectors\profitAndLossSelectors.js,profitAndLossSelectors.js,lib,244,hired_equipment_cost,snake_case,object_key,output_contract_field,p-and-l,"subcontract_cost: format_number(output_contract.subcontract_cost), hired_equipment_cost: format_number(output_contract.hired_equipment_cost), direct_cost_category_totals:"
lib\selectors\profitAndLossSelectors.js,profitAndLossSelectors.js,lib,170,label,plain,object_key,output_contract_field,p-and-l,"{ label: ""Trading Income"", value: format_number(output_contract.total_trading_income),"
lib\selectors\profitAndLossSelectors.js,profitAndLossSelectors.js,lib,175,label,plain,object_key,output_contract_field,p-and-l,"{ label: ""Cost of Sales"", value: format_number(output_contract.total_cost_of_sales),"
lib\selectors\profitAndLossSelectors.js,profitAndLossSelectors.js,lib,180,label,plain,object_key,output_contract_field,p-and-l,"{ label: ""Gross Profit"", value: format_number(output_contract.gross_profit),"
lib\selectors\profitAndLossSelectors.js,profitAndLossSelectors.js,lib,185,label,plain,object_key,output_contract_field,p-and-l,"{ label: ""Operating Expenses"", value: format_number(output_contract.total_operating_expenses),"
lib\selectors\profitAndLossSelectors.js,profitAndLossSelectors.js,lib,190,label,plain,object_key,output_contract_field,p-and-l,"{ label: ""Net Profit"", value: format_number(output_contract.net_profit),"
lib\selectors\profitAndLossSelectors.js,profitAndLossSelectors.js,lib,253,labour_benchmark_total,snake_case,object_key,output_contract_field,p-and-l,"labour_benchmark_total: format_number( output_contract.labour_benchmark_total,"
lib\selectors\profitAndLossSelectors.js,profitAndLossSelectors.js,lib,254,labour_benchmark_total,snake_case,snake_case_reference,output_contract_field,p-and-l,"labour_benchmark_total: format_number( output_contract.labour_benchmark_total, ),"
lib\selectors\profitAndLossSelectors.js,profitAndLossSelectors.js,lib,242,materials_cost,snake_case,object_key,output_contract_field,p-and-l,"total_revenue: format_number(output_contract.total_revenue), materials_cost: format_number(output_contract.materials_cost), subcontract_cost: format_number(output_contract.subcontract_cost),"
lib\selectors\profitAndLossSelectors.js,profitAndLossSelectors.js,lib,150,model_total_costs,snake_case,snake_case_reference,output_contract_field,p-and-l,const total_pnl_costs = Number(output_contract.total_business_costs || 0); const total_model_costs = Number(output_contract.model_total_costs || 0); const variance = total_pnl_costs - total_model_costs;
lib\selectors\profitAndLossSelectors.js,profitAndLossSelectors.js,lib,191,net_profit,snake_case,snake_case_reference,output_contract_field,p-and-l,"label: ""Net Profit"", value: format_number(output_contract.net_profit), tone: output_contract.net_profit >= 0 ? ""good"" : ""bad"","
lib\selectors\profitAndLossSelectors.js,profitAndLossSelectors.js,lib,192,net_profit,snake_case,snake_case_reference,output_contract_field,p-and-l,"value: format_number(output_contract.net_profit), tone: output_contract.net_profit >= 0 ? ""good"" : ""bad"", },"
lib\selectors\profitAndLossSelectors.js,profitAndLossSelectors.js,lib,239,net_profit,snake_case,object_key,output_contract_field,p-and-l,"gross_profit: format_number(output_contract.gross_profit), net_profit: format_number(output_contract.net_profit),"
hooks\useProfitAndLoss.js,useProfitAndLoss.js,hooks,111,output_contract,snake_case,output_contract_reference,output_contract_field,p-and-l,"state: profit_and_loss_state, output_contract, });"
hooks\useProfitAndLoss.js,useProfitAndLoss.js,hooks,113,output_contract,snake_case,output_contract_reference,output_contract_field,p-and-l,"}); }, [profit_and_loss_state, output_contract]);"
hooks\useProfitAndLoss.js,useProfitAndLoss.js,hooks,118,output_contract,snake_case,output_contract_reference,output_contract_field,p-and-l,"state: profit_and_loss_state, output_contract, profiles,"
hooks\useProfitAndLoss.js,useProfitAndLoss.js,hooks,134,output_contract,snake_case,output_contract_reference,output_contract_field,p-and-l,"profit_and_loss_state, output_contract, profiles,"
hooks\useProfitAndLoss.js,useProfitAndLoss.js,hooks,148,output_contract,snake_case,output_contract_reference,output_contract_field,p-and-l,"card, output_contract, };"
hooks\useProfitAndLoss.js,useProfitAndLoss.js,hooks,55,output_contract,snake_case,output_contract_reference,output_contract_field,p-and-l,const output_contract = useMemo(() => { return calculateProfitAndLoss(
lib\selectors\profitAndLossSelectors.js,profitAndLossSelectors.js,lib,11,output_contract,snake_case,output_contract_reference,output_contract_field,p-and-l,"if (output_contract.total_cost_of_sales <= 0) { warnings.push(""No cost of sales has been entered yet."");"
lib\selectors\profitAndLossSelectors.js,profitAndLossSelectors.js,lib,148,output_contract,snake_case,output_contract_reference,output_contract_field,p-and-l,function build_reconciliation(output_contract) { const total_pnl_costs = Number(output_contract.total_business_costs || 0);
lib\selectors\profitAndLossSelectors.js,profitAndLossSelectors.js,lib,149,output_contract,snake_case,output_contract_reference,output_contract_field,p-and-l,function build_reconciliation(output_contract) { const total_pnl_costs = Number(output_contract.total_business_costs || 0); const total_model_costs = Number(output_contract.model_total_costs || 0);
lib\selectors\profitAndLossSelectors.js,profitAndLossSelectors.js,lib,15,output_contract,snake_case,output_contract_reference,output_contract_field,p-and-l,"if (output_contract.gross_profit < 0) { warnings.push(""Gross profit is negative."");"
lib\selectors\profitAndLossSelectors.js,profitAndLossSelectors.js,lib,150,output_contract,snake_case,output_contract_reference,output_contract_field,p-and-l,const total_pnl_costs = Number(output_contract.total_business_costs || 0); const total_model_costs = Number(output_contract.model_total_costs || 0); const variance = total_pnl_costs - total_model_costs;
lib\selectors\profitAndLossSelectors.js,profitAndLossSelectors.js,lib,163,output_contract,snake_case,output_contract_reference,output_contract_field,p-and-l,export function buildProfitAndLossStatus({ output_contract }) { const warnings = build_warnings(output_contract);
lib\selectors\profitAndLossSelectors.js,profitAndLossSelectors.js,lib,164,output_contract,snake_case,output_contract_reference,output_contract_field,p-and-l,export function buildProfitAndLossStatus({ output_contract }) { const warnings = build_warnings(output_contract); const reconciliation = build_reconciliation(output_contract);
lib\selectors\profitAndLossSelectors.js,profitAndLossSelectors.js,lib,165,output_contract,snake_case,output_contract_reference,output_contract_field,p-and-l,const warnings = build_warnings(output_contract); const reconciliation = build_reconciliation(output_contract);
lib\selectors\profitAndLossSelectors.js,profitAndLossSelectors.js,lib,171,output_contract,snake_case,output_contract_reference,output_contract_field,p-and-l,"label: ""Trading Income"", value: format_number(output_contract.total_trading_income), tone: output_contract.total_trading_income > 0 ? ""good"" : ""bad"","
lib\selectors\profitAndLossSelectors.js,profitAndLossSelectors.js,lib,172,output_contract,snake_case,output_contract_reference,output_contract_field,p-and-l,"value: format_number(output_contract.total_trading_income), tone: output_contract.total_trading_income > 0 ? ""good"" : ""bad"", },"
lib\selectors\profitAndLossSelectors.js,profitAndLossSelectors.js,lib,176,output_contract,snake_case,output_contract_reference,output_contract_field,p-and-l,"label: ""Cost of Sales"", value: format_number(output_contract.total_cost_of_sales), tone: output_contract.total_cost_of_sales > 0 ? ""warn"" : ""bad"","
lib\selectors\profitAndLossSelectors.js,profitAndLossSelectors.js,lib,177,output_contract,snake_case,output_contract_reference,output_contract_field,p-and-l,"value: format_number(output_contract.total_cost_of_sales), tone: output_contract.total_cost_of_sales > 0 ? ""warn"" : ""bad"", },"
lib\selectors\profitAndLossSelectors.js,profitAndLossSelectors.js,lib,181,output_contract,snake_case,output_contract_reference,output_contract_field,p-and-l,"label: ""Gross Profit"", value: format_number(output_contract.gross_profit), tone: output_contract.gross_profit >= 0 ? ""good"" : ""bad"","
lib\selectors\profitAndLossSelectors.js,profitAndLossSelectors.js,lib,182,output_contract,snake_case,output_contract_reference,output_contract_field,p-and-l,"value: format_number(output_contract.gross_profit), tone: output_contract.gross_profit >= 0 ? ""good"" : ""bad"", },"
lib\selectors\profitAndLossSelectors.js,profitAndLossSelectors.js,lib,186,output_contract,snake_case,output_contract_reference,output_contract_field,p-and-l,"label: ""Operating Expenses"", value: format_number(output_contract.total_operating_expenses), tone: output_contract.total_operating_expenses > 0 ? ""warn"" : ""good"","
lib\selectors\profitAndLossSelectors.js,profitAndLossSelectors.js,lib,187,output_contract,snake_case,output_contract_reference,output_contract_field,p-and-l,"value: format_number(output_contract.total_operating_expenses), tone: output_contract.total_operating_expenses > 0 ? ""warn"" : ""good"", },"
lib\selectors\profitAndLossSelectors.js,profitAndLossSelectors.js,lib,19,output_contract,snake_case,output_contract_reference,output_contract_field,p-and-l,if (output_contract.pnl_interest_marked_asset_finance_total > 0) { warnings.push(
lib\selectors\profitAndLossSelectors.js,profitAndLossSelectors.js,lib,191,output_contract,snake_case,output_contract_reference,output_contract_field,p-and-l,"label: ""Net Profit"", value: format_number(output_contract.net_profit), tone: output_contract.net_profit >= 0 ? ""good"" : ""bad"","
lib\selectors\profitAndLossSelectors.js,profitAndLossSelectors.js,lib,192,output_contract,snake_case,output_contract_reference,output_contract_field,p-and-l,"value: format_number(output_contract.net_profit), tone: output_contract.net_profit >= 0 ? ""good"" : ""bad"", },"
lib\selectors\profitAndLossSelectors.js,profitAndLossSelectors.js,lib,202,output_contract,snake_case,output_contract_reference,output_contract_field,p-and-l,"state, output_contract, profiles = [],"
lib\selectors\profitAndLossSelectors.js,profitAndLossSelectors.js,lib,216,output_contract,snake_case,output_contract_reference,output_contract_field,p-and-l,}) { const reconciliation = build_reconciliation(output_contract); const warnings = build_warnings(output_contract);
lib\selectors\profitAndLossSelectors.js,profitAndLossSelectors.js,lib,217,output_contract,snake_case,output_contract_reference,output_contract_field,p-and-l,const reconciliation = build_reconciliation(output_contract); const warnings = build_warnings(output_contract); const unassigned_details = build_unassigned_details(state);
lib\selectors\profitAndLossSelectors.js,profitAndLossSelectors.js,lib,231,output_contract,snake_case,output_contract_reference,output_contract_field,p-and-l,"summary: { total_trading_income: format_number(output_contract.total_trading_income), total_cost_of_sales: format_number(output_contract.total_cost_of_sales),"
lib\selectors\profitAndLossSelectors.js,profitAndLossSelectors.js,lib,232,output_contract,snake_case,output_contract_reference,output_contract_field,p-and-l,"total_trading_income: format_number(output_contract.total_trading_income), total_cost_of_sales: format_number(output_contract.total_cost_of_sales), total_other_income: format_number(output_contract.total_other_income),"
lib\selectors\profitAndLossSelectors.js,profitAndLossSelectors.js,lib,233,output_contract,snake_case,output_contract_reference,output_contract_field,p-and-l,"total_cost_of_sales: format_number(output_contract.total_cost_of_sales), total_other_income: format_number(output_contract.total_other_income), total_operating_expenses: format_number("
lib\selectors\profitAndLossSelectors.js,profitAndLossSelectors.js,lib,235,output_contract,snake_case,output_contract_reference,output_contract_field,p-and-l,"total_operating_expenses: format_number( output_contract.total_operating_expenses, ),"
lib\selectors\profitAndLossSelectors.js,profitAndLossSelectors.js,lib,238,output_contract,snake_case,output_contract_reference,output_contract_field,p-and-l,"gross_profit: format_number(output_contract.gross_profit), net_profit: format_number(output_contract.net_profit),"
lib\selectors\profitAndLossSelectors.js,profitAndLossSelectors.js,lib,239,output_contract,snake_case,output_contract_reference,output_contract_field,p-and-l,"gross_profit: format_number(output_contract.gross_profit), net_profit: format_number(output_contract.net_profit),"
lib\selectors\profitAndLossSelectors.js,profitAndLossSelectors.js,lib,241,output_contract,snake_case,output_contract_reference,output_contract_field,p-and-l,"total_revenue: format_number(output_contract.total_revenue), materials_cost: format_number(output_contract.materials_cost),"
lib\selectors\profitAndLossSelectors.js,profitAndLossSelectors.js,lib,242,output_contract,snake_case,output_contract_reference,output_contract_field,p-and-l,"total_revenue: format_number(output_contract.total_revenue), materials_cost: format_number(output_contract.materials_cost), subcontract_cost: format_number(output_contract.subcontract_cost),"
lib\selectors\profitAndLossSelectors.js,profitAndLossSelectors.js,lib,243,output_contract,snake_case,output_contract_reference,output_contract_field,p-and-l,"materials_cost: format_number(output_contract.materials_cost), subcontract_cost: format_number(output_contract.subcontract_cost), hired_equipment_cost: format_number(output_contract.hired_equipment_cost),"
lib\selectors\profitAndLossSelectors.js,profitAndLossSelectors.js,lib,244,output_contract,snake_case,output_contract_reference,output_contract_field,p-and-l,"subcontract_cost: format_number(output_contract.subcontract_cost), hired_equipment_cost: format_number(output_contract.hired_equipment_cost), direct_cost_category_totals:"
lib\selectors\profitAndLossSelectors.js,profitAndLossSelectors.js,lib,246,output_contract,snake_case,output_contract_reference,output_contract_field,p-and-l,"direct_cost_category_totals: output_contract.direct_cost_category_totals?.map((category) => ({ ...category,"
lib\selectors\profitAndLossSelectors.js,profitAndLossSelectors.js,lib,25,output_contract,snake_case,output_contract_reference,output_contract_field,p-and-l,if (output_contract.unreviewed_interest_count > 0) { warnings.push(
lib\selectors\profitAndLossSelectors.js,profitAndLossSelectors.js,lib,250,output_contract,snake_case,output_contract_reference,output_contract_field,p-and-l,"})) ?? [], total_direct_costs: format_number(output_contract.total_direct_costs), total_cogs: format_number(output_contract.total_cogs),"
lib\selectors\profitAndLossSelectors.js,profitAndLossSelectors.js,lib,251,output_contract,snake_case,output_contract_reference,output_contract_field,p-and-l,"total_direct_costs: format_number(output_contract.total_direct_costs), total_cogs: format_number(output_contract.total_cogs),"
lib\selectors\profitAndLossSelectors.js,profitAndLossSelectors.js,lib,254,output_contract,snake_case,output_contract_reference,output_contract_field,p-and-l,"labour_benchmark_total: format_number( output_contract.labour_benchmark_total, ),"
lib\selectors\profitAndLossSelectors.js,profitAndLossSelectors.js,lib,257,output_contract,snake_case,output_contract_reference,output_contract_field,p-and-l,"employee_overheads_benchmark_total: format_number( output_contract.employee_overheads_benchmark_total, ),"
lib\selectors\profitAndLossSelectors.js,profitAndLossSelectors.js,lib,260,output_contract,snake_case,output_contract_reference,output_contract_field,p-and-l,"assets_benchmark_total: format_number( output_contract.assets_benchmark_total, ),"
lib\selectors\profitAndLossSelectors.js,profitAndLossSelectors.js,lib,262,output_contract,snake_case,output_contract_reference,output_contract_field,p-and-l,"), pnl_interest_total: format_number(output_contract.pnl_interest_total), pnl_interest_marked_asset_finance_total: format_number("
lib\selectors\profitAndLossSelectors.js,profitAndLossSelectors.js,lib,264,output_contract,snake_case,output_contract_reference,output_contract_field,p-and-l,"pnl_interest_marked_asset_finance_total: format_number( output_contract.pnl_interest_marked_asset_finance_total, ),"
lib\selectors\profitAndLossSelectors.js,profitAndLossSelectors.js,lib,267,output_contract,snake_case,output_contract_reference,output_contract_field,p-and-l,"excluded_asset_finance_interest_total: format_number( output_contract.excluded_asset_finance_interest_total, ),"
lib\selectors\profitAndLossSelectors.js,profitAndLossSelectors.js,lib,269,output_contract,snake_case,output_contract_reference,output_contract_field,p-and-l,"), unreviewed_interest_count: output_contract.unreviewed_interest_count ?? 0, unreviewed_interest_total: format_number("
lib\selectors\profitAndLossSelectors.js,profitAndLossSelectors.js,lib,271,output_contract,snake_case,output_contract_reference,output_contract_field,p-and-l,"unreviewed_interest_total: format_number( output_contract.unreviewed_interest_total, ),"
lib\selectors\profitAndLossSelectors.js,profitAndLossSelectors.js,lib,274,output_contract,snake_case,output_contract_reference,output_contract_field,p-and-l,"general_overheads_benchmark_total: format_number( output_contract.general_overheads_benchmark_total, ),"
lib\selectors\profitAndLossSelectors.js,profitAndLossSelectors.js,lib,277,output_contract,snake_case,output_contract_reference,output_contract_field,p-and-l,"total_business_costs: format_number(output_contract.total_business_costs), total_assigned_business_costs: format_number("
lib\selectors\profitAndLossSelectors.js,profitAndLossSelectors.js,lib,279,output_contract,snake_case,output_contract_reference,output_contract_field,p-and-l,"total_assigned_business_costs: format_number( output_contract.total_assigned_business_costs, ),"
lib\selectors\profitAndLossSelectors.js,profitAndLossSelectors.js,lib,281,output_contract,snake_case,output_contract_reference,output_contract_field,p-and-l,"), unassigned_balance: format_number(output_contract.unassigned_balance), pnl_ready: output_contract.pnl_ready ? ""Ready"" : ""Not Ready"","
lib\selectors\profitAndLossSelectors.js,profitAndLossSelectors.js,lib,282,output_contract,snake_case,output_contract_reference,output_contract_field,p-and-l,"unassigned_balance: format_number(output_contract.unassigned_balance), pnl_ready: output_contract.pnl_ready ? ""Ready"" : ""Not Ready"", },"
lib\selectors\profitAndLossSelectors.js,profitAndLossSelectors.js,lib,4,output_contract,snake_case,output_contract_reference,output_contract_field,p-and-l,function build_warnings(output_contract) { const warnings = [];
lib\selectors\profitAndLossSelectors.js,profitAndLossSelectors.js,lib,7,output_contract,snake_case,output_contract_reference,output_contract_field,p-and-l,"if (output_contract.total_trading_income <= 0) { warnings.push(""No trading income has been entered yet."");"
lib\reconciliation\reconciliationRules.js,reconciliationRules.js,lib,220,pnl_interest_marked_asset_finance_total,snake_case,snake_case_reference,output_contract_field,p-and-l,const asset_finance_benchmark_total = toNumber( pnl_output_contract.pnl_interest_marked_asset_finance_total ?? pnl_output_contract.excluded_asset_finance_interest_total ??
lib\selectors\profitAndLossSelectors.js,profitAndLossSelectors.js,lib,19,pnl_interest_marked_asset_finance_total,snake_case,snake_case_reference,output_contract_field,p-and-l,if (output_contract.pnl_interest_marked_asset_finance_total > 0) { warnings.push(
lib\selectors\profitAndLossSelectors.js,profitAndLossSelectors.js,lib,263,pnl_interest_marked_asset_finance_total,snake_case,object_key,output_contract_field,p-and-l,"pnl_interest_total: format_number(output_contract.pnl_interest_total), pnl_interest_marked_asset_finance_total: format_number( output_contract.pnl_interest_marked_asset_finance_total,"
lib\selectors\profitAndLossSelectors.js,profitAndLossSelectors.js,lib,264,pnl_interest_marked_asset_finance_total,snake_case,snake_case_reference,output_contract_field,p-and-l,"pnl_interest_marked_asset_finance_total: format_number( output_contract.pnl_interest_marked_asset_finance_total, ),"
lib\selectors\profitAndLossSelectors.js,profitAndLossSelectors.js,lib,262,pnl_interest_total,snake_case,object_key,output_contract_field,p-and-l,"), pnl_interest_total: format_number(output_contract.pnl_interest_total), pnl_interest_marked_asset_finance_total: format_number("
components\model-readiness\ModelReadinessAuditPanel.jsx,ModelReadinessAuditPanel.jsx,components,52,pnl_output,snake_case,declaration,output_contract_field,p-and-l,const pnl_output = modules?.profitAndLoss?.output_contract ??
hooks\useAssets.js,useAssets.js,hooks,202,pnl_output_contract,snake_case,snake_case_reference,output_contract_field,p-and-l,const { output_contract: pnl_output_contract } = useProfitAndLoss(); const general_overheads = useGeneralOverheads();
hooks\useAssets.js,useAssets.js,hooks,210,pnl_output_contract,snake_case,snake_case_reference,output_contract_field,p-and-l,const assets_benchmark_total = Number( pnl_output_contract?.assets_benchmark_total ?? 0 );
hooks\useGeneralOverheads.js,useGeneralOverheads.js,hooks,281,pnl_output_contract,snake_case,snake_case_reference,output_contract_field,p-and-l,function build_pnl_sync_signature(pnl_output_contract = {}) { const operating_expense_lines = Array.isArray(
hooks\useGeneralOverheads.js,useGeneralOverheads.js,hooks,283,pnl_output_contract,snake_case,snake_case_reference,output_contract_field,p-and-l,const operating_expense_lines = Array.isArray( pnl_output_contract?.operating_expense_lines )
hooks\useGeneralOverheads.js,useGeneralOverheads.js,hooks,285,pnl_output_contract,snake_case,snake_case_reference,output_contract_field,p-and-l,) ? pnl_output_contract.operating_expense_lines : [];
hooks\useGeneralOverheads.js,useGeneralOverheads.js,hooks,303,pnl_output_contract,snake_case,snake_case_reference,output_contract_field,p-and-l,"function build_general_overheads_from_pnl({ pnl_output_contract, current_overhead_state,"
hooks\useGeneralOverheads.js,useGeneralOverheads.js,hooks,307,pnl_output_contract,snake_case,snake_case_reference,output_contract_field,p-and-l,const operating_expense_lines = Array.isArray( pnl_output_contract?.operating_expense_lines )
hooks\useGeneralOverheads.js,useGeneralOverheads.js,hooks,309,pnl_output_contract,snake_case,snake_case_reference,output_contract_field,p-and-l,) ? pnl_output_contract.operating_expense_lines : [];
hooks\useGeneralOverheads.js,useGeneralOverheads.js,hooks,404,pnl_output_contract,snake_case,declaration,output_contract_field,p-and-l,const pnl_output_contract = useMemo(() => { return calculateProfitAndLoss(profit_and_loss_state);
hooks\useGeneralOverheads.js,useGeneralOverheads.js,hooks,409,pnl_output_contract,snake_case,snake_case_reference,output_contract_field,p-and-l,"const pnl_sync_signature = useMemo(() => { return build_pnl_sync_signature(pnl_output_contract); }, [pnl_output_contract]);"
hooks\useGeneralOverheads.js,useGeneralOverheads.js,hooks,410,pnl_output_contract,snake_case,snake_case_reference,output_contract_field,p-and-l,"return build_pnl_sync_signature(pnl_output_contract); }, [pnl_output_contract]);"
hooks\useGeneralOverheads.js,useGeneralOverheads.js,hooks,442,pnl_output_contract,snake_case,snake_case_reference,output_contract_field,p-and-l,"build_general_overheads_from_pnl({ pnl_output_contract, current_overhead_state: current,"
hooks\useGeneralOverheads.js,useGeneralOverheads.js,hooks,446,pnl_output_contract,snake_case,snake_case_reference,output_contract_field,p-and-l,"); }, [is_hydrated, pnl_output_contract, pnl_sync_signature]);"
hooks\useGeneralOverheads.js,useGeneralOverheads.js,hooks,650,pnl_output_contract,snake_case,snake_case_reference,output_contract_field,p-and-l,"build_general_overheads_from_pnl({ pnl_output_contract, current_overhead_state: current,"
hooks\useRevenueCogs.js,useRevenueCogs.js,hooks,254,pnl_output_contract,snake_case,snake_case_reference,output_contract_field,p-and-l,"const calculations = calculateRevenueCogs({ total_revenue: pnl_output_contract.total_revenue ?? 0, total_direct_costs: pnl_output_contract.total_direct_costs ?? 0,"
hooks\useRevenueCogs.js,useRevenueCogs.js,hooks,255,pnl_output_contract,snake_case,snake_case_reference,output_contract_field,p-and-l,"total_revenue: pnl_output_contract.total_revenue ?? 0, total_direct_costs: pnl_output_contract.total_direct_costs ?? 0, revenue_lines: pnl_output_contract.revenue_lines ?? [],"
hooks\useRevenueCogs.js,useRevenueCogs.js,hooks,256,pnl_output_contract,snake_case,snake_case_reference,output_contract_field,p-and-l,"total_direct_costs: pnl_output_contract.total_direct_costs ?? 0, revenue_lines: pnl_output_contract.revenue_lines ?? [], cost_of_sales_lines: pnl_output_contract.cost_of_sales_lines ?? [],"
hooks\useRevenueCogs.js,useRevenueCogs.js,hooks,257,pnl_output_contract,snake_case,snake_case_reference,output_contract_field,p-and-l,"revenue_lines: pnl_output_contract.revenue_lines ?? [], cost_of_sales_lines: pnl_output_contract.cost_of_sales_lines ?? [], direct_cost_categories: pnl_output_contract.direct_cost_categories ?? [],"
hooks\useRevenueCogs.js,useRevenueCogs.js,hooks,258,pnl_output_contract,snake_case,snake_case_reference,output_contract_field,p-and-l,"cost_of_sales_lines: pnl_output_contract.cost_of_sales_lines ?? [], direct_cost_categories: pnl_output_contract.direct_cost_categories ?? [], direct_cost_category_totals:"
hooks\useRevenueCogs.js,useRevenueCogs.js,hooks,260,pnl_output_contract,snake_case,snake_case_reference,output_contract_field,p-and-l,"direct_cost_category_totals: pnl_output_contract.direct_cost_category_totals ?? [], commercial_driver_mode: resolved_commercial_driver_mode,"
hooks\useRevenueCogs.js,useRevenueCogs.js,hooks,324,pnl_output_contract,snake_case,snake_case_reference,output_contract_field,p-and-l,"}, [ pnl_output_contract, business_setup_output_contract,"
hooks\useRevenueCogs.js,useRevenueCogs.js,hooks,71,pnl_output_contract,snake_case,declaration,output_contract_field,p-and-l,const pnl_output_contract = profit_and_loss.output_contract ?? {}; const business_setup_output_contract = business_setup.output_contract ?? {};
lib\reconciliation\moduleReconciliation.js,moduleReconciliation.js,lib,10,pnl_output_contract,snake_case,declaration,output_contract_field,p-and-l,const pnl_status = pnl.status ?? {}; const pnl_output_contract = pnl.output_contract ?? {}; const labour_status = labour.status ?? {};
lib\reconciliation\moduleReconciliation.js,moduleReconciliation.js,lib,21,pnl_output_contract,snake_case,snake_case_reference,output_contract_field,p-and-l,"pnl_status, pnl_output_contract, labour_status,"
lib\reconciliation\reconciliationRules.js,reconciliationRules.js,lib,17,pnl_output_contract,snake_case,snake_case_reference,output_contract_field,p-and-l,function getEmployeeOverheadsCheck(pnl_output_contract = {}) { const has_employee_overheads =
lib\reconciliation\reconciliationRules.js,reconciliationRules.js,lib,19,pnl_output_contract,snake_case,snake_case_reference,output_contract_field,p-and-l,const has_employee_overheads = toNumber(pnl_output_contract.employee_overheads_benchmark_total) > 0 || (Array.isArray(pnl_output_contract.employee_overheads_lines) &&
lib\reconciliation\reconciliationRules.js,reconciliationRules.js,lib,195,pnl_output_contract,snake_case,snake_case_reference,output_contract_field,p-and-l,"pnl_status = {}, pnl_output_contract = {}, labour_status = {},"
lib\reconciliation\reconciliationRules.js,reconciliationRules.js,lib,20,pnl_output_contract,snake_case,snake_case_reference,output_contract_field,p-and-l,toNumber(pnl_output_contract.employee_overheads_benchmark_total) > 0 || (Array.isArray(pnl_output_contract.employee_overheads_lines) && pnl_output_contract.employee_overheads_lines.length > 0);
lib\reconciliation\reconciliationRules.js,reconciliationRules.js,lib,204,pnl_output_contract,snake_case,snake_case_reference,output_contract_field,p-and-l,}) { const total_business_costs = toNumber(pnl_output_contract.total_business_costs); const total_other_income = toNumber(pnl_output_contract.total_other_income);
lib\reconciliation\reconciliationRules.js,reconciliationRules.js,lib,205,pnl_output_contract,snake_case,snake_case_reference,output_contract_field,p-and-l,const total_business_costs = toNumber(pnl_output_contract.total_business_costs); const total_other_income = toNumber(pnl_output_contract.total_other_income);
lib\reconciliation\reconciliationRules.js,reconciliationRules.js,lib,208,pnl_output_contract,snake_case,snake_case_reference,output_contract_field,p-and-l,"const labour_benchmark_total = toNumber( pnl_output_contract.labour_benchmark_total, );"
lib\reconciliation\reconciliationRules.js,reconciliationRules.js,lib,21,pnl_output_contract,snake_case,snake_case_reference,output_contract_field,p-and-l,(Array.isArray(pnl_output_contract.employee_overheads_lines) && pnl_output_contract.employee_overheads_lines.length > 0);
lib\reconciliation\reconciliationRules.js,reconciliationRules.js,lib,212,pnl_output_contract,snake_case,snake_case_reference,output_contract_field,p-and-l,"const assets_benchmark_total = toNumber( pnl_output_contract.assets_benchmark_total, );"
lib\reconciliation\reconciliationRules.js,reconciliationRules.js,lib,216,pnl_output_contract,snake_case,snake_case_reference,output_contract_field,p-and-l,"const general_overheads_benchmark_total = toNumber( pnl_output_contract.general_overheads_benchmark_total, );"
lib\reconciliation\reconciliationRules.js,reconciliationRules.js,lib,220,pnl_output_contract,snake_case,snake_case_reference,output_contract_field,p-and-l,const asset_finance_benchmark_total = toNumber( pnl_output_contract.pnl_interest_marked_asset_finance_total ?? pnl_output_contract.excluded_asset_finance_interest_total ??
lib\reconciliation\reconciliationRules.js,reconciliationRules.js,lib,221,pnl_output_contract,snake_case,snake_case_reference,output_contract_field,p-and-l,"pnl_output_contract.pnl_interest_marked_asset_finance_total ?? pnl_output_contract.excluded_asset_finance_interest_total ?? 0,"
lib\reconciliation\reconciliationRules.js,reconciliationRules.js,lib,230,pnl_output_contract,snake_case,snake_case_reference,output_contract_field,p-and-l,const unassigned_balance = toNumber(pnl_output_contract.unassigned_balance);
lib\reconciliation\reconciliationRules.js,reconciliationRules.js,lib,285,pnl_output_contract,snake_case,snake_case_reference,output_contract_field,p-and-l,const profit_and_loss_ready = Boolean(pnl_output_contract.pnl_ready);
lib\reconciliation\reconciliationRules.js,reconciliationRules.js,lib,293,pnl_output_contract,snake_case,snake_case_reference,output_contract_field,p-and-l,const employee_overheads_check = getEmployeeOverheadsCheck(pnl_output_contract);
lib\reconciliation\reconciliationRules.js,reconciliationRules.js,lib,285,pnl_ready,snake_case,snake_case_reference,output_contract_field,p-and-l,const profit_and_loss_ready = Boolean(pnl_output_contract.pnl_ready);
lib\selectors\profitAndLossSelectors.js,profitAndLossSelectors.js,lib,282,pnl_ready,snake_case,object_key,output_contract_field,p-and-l,"unassigned_balance: format_number(output_contract.unassigned_balance), pnl_ready: output_contract.pnl_ready ? ""Ready"" : ""Not Ready"", },"
lib\reconciliation\moduleReconciliation.js,moduleReconciliation.js,lib,20,pnl_status,snake_case,snake_case_reference,output_contract_field,p-and-l,"const reconciliation = buildModuleReconciliationChecks({ pnl_status, pnl_output_contract,"
lib\reconciliation\moduleReconciliation.js,moduleReconciliation.js,lib,9,pnl_status,snake_case,declaration,output_contract_field,p-and-l,}) { const pnl_status = pnl.status ?? {}; const pnl_output_contract = pnl.output_contract ?? {};
lib\reconciliation\reconciliationRules.js,reconciliationRules.js,lib,194,pnl_status,snake_case,snake_case_reference,output_contract_field,p-and-l,"export function buildModuleReconciliationChecks({ pnl_status = {}, pnl_output_contract = {},"
hooks\useGeneralOverheads.js,useGeneralOverheads.js,hooks,408,pnl_sync_signature,snake_case,declaration,output_contract_field,p-and-l,const pnl_sync_signature = useMemo(() => { return build_pnl_sync_signature(pnl_output_contract);
hooks\useGeneralOverheads.js,useGeneralOverheads.js,hooks,446,pnl_sync_signature,snake_case,snake_case_reference,output_contract_field,p-and-l,"); }, [is_hydrated, pnl_output_contract, pnl_sync_signature]);"
components\model-readiness\ModelReadinessAuditPanel.jsx,ModelReadinessAuditPanel.jsx,components,54,profit_and_loss,snake_case,snake_case_reference,output_contract_field,p-and-l,modules?.profitAndLoss?.output_contract ?? modules?.profit_and_loss?.output_contract ?? modules?.pnl?.output_contract ??
hooks\useRevenueCogs.js,useRevenueCogs.js,hooks,71,profit_and_loss,snake_case,snake_case_reference,output_contract_field,p-and-l,const pnl_output_contract = profit_and_loss.output_contract ?? {}; const business_setup_output_contract = business_setup.output_contract ?? {};
lib\reconciliation\reconciliationRules.js,reconciliationRules.js,lib,285,profit_and_loss_ready,snake_case,declaration,output_contract_field,p-and-l,const profit_and_loss_ready = Boolean(pnl_output_contract.pnl_ready);
hooks\useGeneralOverheads.js,useGeneralOverheads.js,hooks,405,profit_and_loss_state,snake_case,snake_case_reference,output_contract_field,p-and-l,"const pnl_output_contract = useMemo(() => { return calculateProfitAndLoss(profit_and_loss_state); }, [profit_and_loss_state]);"
hooks\useProfitAndLoss.js,useProfitAndLoss.js,hooks,110,profit_and_loss_state,snake_case,snake_case_reference,output_contract_field,p-and-l,"return buildProfitAndLossStatus({ state: profit_and_loss_state, output_contract,"
hooks\useProfitAndLoss.js,useProfitAndLoss.js,hooks,113,profit_and_loss_state,snake_case,snake_case_reference,output_contract_field,p-and-l,"}); }, [profit_and_loss_state, output_contract]);"
hooks\useProfitAndLoss.js,useProfitAndLoss.js,hooks,117,profit_and_loss_state,snake_case,snake_case_reference,output_contract_field,p-and-l,"return buildProfitAndLossCard({ state: profit_and_loss_state, output_contract,"
hooks\useProfitAndLoss.js,useProfitAndLoss.js,hooks,133,profit_and_loss_state,snake_case,snake_case_reference,output_contract_field,p-and-l,"}, [ profit_and_loss_state, output_contract,"
lib\selectors\profitAndLossSelectors.js,profitAndLossSelectors.js,lib,165,reconciliation,plain,declaration,output_contract_field,p-and-l,const warnings = build_warnings(output_contract); const reconciliation = build_reconciliation(output_contract);
lib\selectors\profitAndLossSelectors.js,profitAndLossSelectors.js,lib,216,reconciliation,plain,declaration,output_contract_field,p-and-l,}) { const reconciliation = build_reconciliation(output_contract); const warnings = build_warnings(output_contract);
hooks\useProfitAndLoss.js,useProfitAndLoss.js,hooks,110,state,plain,object_key,output_contract_field,p-and-l,"return buildProfitAndLossStatus({ state: profit_and_loss_state, output_contract,"
hooks\useProfitAndLoss.js,useProfitAndLoss.js,hooks,117,state,plain,object_key,output_contract_field,p-and-l,"return buildProfitAndLossCard({ state: profit_and_loss_state, output_contract,"
lib\selectors\profitAndLossSelectors.js,profitAndLossSelectors.js,lib,243,subcontract_cost,snake_case,object_key,output_contract_field,p-and-l,"materials_cost: format_number(output_contract.materials_cost), subcontract_cost: format_number(output_contract.subcontract_cost), hired_equipment_cost: format_number(output_contract.hired_equipment_cost),"
lib\selectors\profitAndLossSelectors.js,profitAndLossSelectors.js,lib,230,summary,plain,object_key,output_contract_field,p-and-l,"summary: { total_trading_income: format_number(output_contract.total_trading_income),"
lib\selectors\profitAndLossSelectors.js,profitAndLossSelectors.js,lib,172,tone,plain,object_key,output_contract_field,p-and-l,"value: format_number(output_contract.total_trading_income), tone: output_contract.total_trading_income > 0 ? ""good"" : ""bad"", },"
lib\selectors\profitAndLossSelectors.js,profitAndLossSelectors.js,lib,177,tone,plain,object_key,output_contract_field,p-and-l,"value: format_number(output_contract.total_cost_of_sales), tone: output_contract.total_cost_of_sales > 0 ? ""warn"" : ""bad"", },"
lib\selectors\profitAndLossSelectors.js,profitAndLossSelectors.js,lib,182,tone,plain,object_key,output_contract_field,p-and-l,"value: format_number(output_contract.gross_profit), tone: output_contract.gross_profit >= 0 ? ""good"" : ""bad"", },"
lib\selectors\profitAndLossSelectors.js,profitAndLossSelectors.js,lib,187,tone,plain,object_key,output_contract_field,p-and-l,"value: format_number(output_contract.total_operating_expenses), tone: output_contract.total_operating_expenses > 0 ? ""warn"" : ""good"", },"
lib\selectors\profitAndLossSelectors.js,profitAndLossSelectors.js,lib,192,tone,plain,object_key,output_contract_field,p-and-l,"value: format_number(output_contract.net_profit), tone: output_contract.net_profit >= 0 ? ""good"" : ""bad"", },"
lib\selectors\profitAndLossSelectors.js,profitAndLossSelectors.js,lib,278,total_assigned_business_costs,snake_case,object_key,output_contract_field,p-and-l,"total_business_costs: format_number(output_contract.total_business_costs), total_assigned_business_costs: format_number( output_contract.total_assigned_business_costs,"
lib\selectors\profitAndLossSelectors.js,profitAndLossSelectors.js,lib,279,total_assigned_business_costs,snake_case,snake_case_reference,output_contract_field,p-and-l,"total_assigned_business_costs: format_number( output_contract.total_assigned_business_costs, ),"
lib\selectors\profitAndLossSelectors.js,profitAndLossSelectors.js,lib,149,total_business_costs,snake_case,snake_case_reference,output_contract_field,p-and-l,function build_reconciliation(output_contract) { const total_pnl_costs = Number(output_contract.total_business_costs || 0); const total_model_costs = Number(output_contract.model_total_costs || 0);
lib\selectors\profitAndLossSelectors.js,profitAndLossSelectors.js,lib,277,total_business_costs,snake_case,object_key,output_contract_field,p-and-l,"total_business_costs: format_number(output_contract.total_business_costs), total_assigned_business_costs: format_number("
lib\selectors\profitAndLossSelectors.js,profitAndLossSelectors.js,lib,251,total_cogs,snake_case,object_key,output_contract_field,p-and-l,"total_direct_costs: format_number(output_contract.total_direct_costs), total_cogs: format_number(output_contract.total_cogs),"
lib\selectors\profitAndLossSelectors.js,profitAndLossSelectors.js,lib,11,total_cost_of_sales,snake_case,snake_case_reference,output_contract_field,p-and-l,"if (output_contract.total_cost_of_sales <= 0) { warnings.push(""No cost of sales has been entered yet."");"
lib\selectors\profitAndLossSelectors.js,profitAndLossSelectors.js,lib,176,total_cost_of_sales,snake_case,snake_case_reference,output_contract_field,p-and-l,"label: ""Cost of Sales"", value: format_number(output_contract.total_cost_of_sales), tone: output_contract.total_cost_of_sales > 0 ? ""warn"" : ""bad"","
lib\selectors\profitAndLossSelectors.js,profitAndLossSelectors.js,lib,177,total_cost_of_sales,snake_case,snake_case_reference,output_contract_field,p-and-l,"value: format_number(output_contract.total_cost_of_sales), tone: output_contract.total_cost_of_sales > 0 ? ""warn"" : ""bad"", },"
lib\selectors\profitAndLossSelectors.js,profitAndLossSelectors.js,lib,232,total_cost_of_sales,snake_case,object_key,output_contract_field,p-and-l,"total_trading_income: format_number(output_contract.total_trading_income), total_cost_of_sales: format_number(output_contract.total_cost_of_sales), total_other_income: format_number(output_contract.total_other_income),"
lib\selectors\profitAndLossSelectors.js,profitAndLossSelectors.js,lib,250,total_direct_costs,snake_case,object_key,output_contract_field,p-and-l,"})) ?? [], total_direct_costs: format_number(output_contract.total_direct_costs), total_cogs: format_number(output_contract.total_cogs),"
lib\selectors\profitAndLossSelectors.js,profitAndLossSelectors.js,lib,150,total_model_costs,snake_case,declaration,output_contract_field,p-and-l,const total_pnl_costs = Number(output_contract.total_business_costs || 0); const total_model_costs = Number(output_contract.model_total_costs || 0); const variance = total_pnl_costs - total_model_costs;
lib\selectors\profitAndLossSelectors.js,profitAndLossSelectors.js,lib,151,total_model_costs,snake_case,snake_case_reference,output_contract_field,p-and-l,const total_model_costs = Number(output_contract.model_total_costs || 0); const variance = total_pnl_costs - total_model_costs; const is_reconciled = Math.abs(variance) < 1;
lib\selectors\profitAndLossSelectors.js,profitAndLossSelectors.js,lib,186,total_operating_expenses,snake_case,snake_case_reference,output_contract_field,p-and-l,"label: ""Operating Expenses"", value: format_number(output_contract.total_operating_expenses), tone: output_contract.total_operating_expenses > 0 ? ""warn"" : ""good"","
lib\selectors\profitAndLossSelectors.js,profitAndLossSelectors.js,lib,187,total_operating_expenses,snake_case,snake_case_reference,output_contract_field,p-and-l,"value: format_number(output_contract.total_operating_expenses), tone: output_contract.total_operating_expenses > 0 ? ""warn"" : ""good"", },"
lib\selectors\profitAndLossSelectors.js,profitAndLossSelectors.js,lib,234,total_operating_expenses,snake_case,object_key,output_contract_field,p-and-l,"total_other_income: format_number(output_contract.total_other_income), total_operating_expenses: format_number( output_contract.total_operating_expenses,"
lib\selectors\profitAndLossSelectors.js,profitAndLossSelectors.js,lib,235,total_operating_expenses,snake_case,snake_case_reference,output_contract_field,p-and-l,"total_operating_expenses: format_number( output_contract.total_operating_expenses, ),"
lib\selectors\profitAndLossSelectors.js,profitAndLossSelectors.js,lib,233,total_other_income,snake_case,object_key,output_contract_field,p-and-l,"total_cost_of_sales: format_number(output_contract.total_cost_of_sales), total_other_income: format_number(output_contract.total_other_income), total_operating_expenses: format_number("
lib\selectors\profitAndLossSelectors.js,profitAndLossSelectors.js,lib,149,total_pnl_costs,snake_case,declaration,output_contract_field,p-and-l,function build_reconciliation(output_contract) { const total_pnl_costs = Number(output_contract.total_business_costs || 0); const total_model_costs = Number(output_contract.model_total_costs || 0);
lib\selectors\profitAndLossSelectors.js,profitAndLossSelectors.js,lib,151,total_pnl_costs,snake_case,snake_case_reference,output_contract_field,p-and-l,const total_model_costs = Number(output_contract.model_total_costs || 0); const variance = total_pnl_costs - total_model_costs; const is_reconciled = Math.abs(variance) < 1;
lib\selectors\profitAndLossSelectors.js,profitAndLossSelectors.js,lib,241,total_revenue,snake_case,object_key,output_contract_field,p-and-l,"total_revenue: format_number(output_contract.total_revenue), materials_cost: format_number(output_contract.materials_cost),"
lib\selectors\profitAndLossSelectors.js,profitAndLossSelectors.js,lib,171,total_trading_income,snake_case,snake_case_reference,output_contract_field,p-and-l,"label: ""Trading Income"", value: format_number(output_contract.total_trading_income), tone: output_contract.total_trading_income > 0 ? ""good"" : ""bad"","
lib\selectors\profitAndLossSelectors.js,profitAndLossSelectors.js,lib,172,total_trading_income,snake_case,snake_case_reference,output_contract_field,p-and-l,"value: format_number(output_contract.total_trading_income), tone: output_contract.total_trading_income > 0 ? ""good"" : ""bad"", },"
lib\selectors\profitAndLossSelectors.js,profitAndLossSelectors.js,lib,231,total_trading_income,snake_case,object_key,output_contract_field,p-and-l,"summary: { total_trading_income: format_number(output_contract.total_trading_income), total_cost_of_sales: format_number(output_contract.total_cost_of_sales),"
lib\selectors\profitAndLossSelectors.js,profitAndLossSelectors.js,lib,7,total_trading_income,snake_case,snake_case_reference,output_contract_field,p-and-l,"if (output_contract.total_trading_income <= 0) { warnings.push(""No trading income has been entered yet."");"
lib\selectors\profitAndLossSelectors.js,profitAndLossSelectors.js,lib,281,unassigned_balance,snake_case,object_key,output_contract_field,p-and-l,"), unassigned_balance: format_number(output_contract.unassigned_balance), pnl_ready: output_contract.pnl_ready ? ""Ready"" : ""Not Ready"","
lib\selectors\profitAndLossSelectors.js,profitAndLossSelectors.js,lib,218,unassigned_details,snake_case,declaration,output_contract_field,p-and-l,const warnings = build_warnings(output_contract); const unassigned_details = build_unassigned_details(state);
lib\selectors\profitAndLossSelectors.js,profitAndLossSelectors.js,lib,25,unreviewed_interest_count,snake_case,snake_case_reference,output_contract_field,p-and-l,if (output_contract.unreviewed_interest_count > 0) { warnings.push(
lib\selectors\profitAndLossSelectors.js,profitAndLossSelectors.js,lib,269,unreviewed_interest_count,snake_case,object_key,output_contract_field,p-and-l,"), unreviewed_interest_count: output_contract.unreviewed_interest_count ?? 0, unreviewed_interest_total: format_number("
lib\selectors\profitAndLossSelectors.js,profitAndLossSelectors.js,lib,270,unreviewed_interest_total,snake_case,object_key,output_contract_field,p-and-l,"unreviewed_interest_count: output_contract.unreviewed_interest_count ?? 0, unreviewed_interest_total: format_number( output_contract.unreviewed_interest_total,"
lib\selectors\profitAndLossSelectors.js,profitAndLossSelectors.js,lib,271,unreviewed_interest_total,snake_case,snake_case_reference,output_contract_field,p-and-l,"unreviewed_interest_total: format_number( output_contract.unreviewed_interest_total, ),"
lib\selectors\profitAndLossSelectors.js,profitAndLossSelectors.js,lib,171,value,plain,object_key,output_contract_field,p-and-l,"label: ""Trading Income"", value: format_number(output_contract.total_trading_income), tone: output_contract.total_trading_income > 0 ? ""good"" : ""bad"","
lib\selectors\profitAndLossSelectors.js,profitAndLossSelectors.js,lib,176,value,plain,object_key,output_contract_field,p-and-l,"label: ""Cost of Sales"", value: format_number(output_contract.total_cost_of_sales), tone: output_contract.total_cost_of_sales > 0 ? ""warn"" : ""bad"","
lib\selectors\profitAndLossSelectors.js,profitAndLossSelectors.js,lib,181,value,plain,object_key,output_contract_field,p-and-l,"label: ""Gross Profit"", value: format_number(output_contract.gross_profit), tone: output_contract.gross_profit >= 0 ? ""good"" : ""bad"","
lib\selectors\profitAndLossSelectors.js,profitAndLossSelectors.js,lib,186,value,plain,object_key,output_contract_field,p-and-l,"label: ""Operating Expenses"", value: format_number(output_contract.total_operating_expenses), tone: output_contract.total_operating_expenses > 0 ? ""warn"" : ""good"","
lib\selectors\profitAndLossSelectors.js,profitAndLossSelectors.js,lib,191,value,plain,object_key,output_contract_field,p-and-l,"label: ""Net Profit"", value: format_number(output_contract.net_profit), tone: output_contract.net_profit >= 0 ? ""good"" : ""bad"","
lib\selectors\profitAndLossSelectors.js,profitAndLossSelectors.js,lib,151,variance,plain,declaration,output_contract_field,p-and-l,const total_model_costs = Number(output_contract.model_total_costs || 0); const variance = total_pnl_costs - total_model_costs; const is_reconciled = Math.abs(variance) < 1;
lib\selectors\profitAndLossSelectors.js,profitAndLossSelectors.js,lib,177,warn,plain,quoted_object_key,output_contract_field,p-and-l,"value: format_number(output_contract.total_cost_of_sales), tone: output_contract.total_cost_of_sales > 0 ? ""warn"" : ""bad"", },"
lib\selectors\profitAndLossSelectors.js,profitAndLossSelectors.js,lib,187,warn,plain,quoted_object_key,output_contract_field,p-and-l,"value: format_number(output_contract.total_operating_expenses), tone: output_contract.total_operating_expenses > 0 ? ""warn"" : ""good"", },"
lib\selectors\profitAndLossSelectors.js,profitAndLossSelectors.js,lib,164,warnings,plain,declaration,output_contract_field,p-and-l,export function buildProfitAndLossStatus({ output_contract }) { const warnings = build_warnings(output_contract); const reconciliation = build_reconciliation(output_contract);
lib\selectors\profitAndLossSelectors.js,profitAndLossSelectors.js,lib,217,warnings,plain,declaration,output_contract_field,p-and-l,const reconciliation = build_reconciliation(output_contract); const warnings = build_warnings(output_contract); const unassigned_details = build_unassigned_details(state);
lib\selectors\profitAndLossSelectors.js,profitAndLossSelectors.js,lib,5,warnings,plain,declaration,output_contract_field,p-and-l,function build_warnings(output_contract) { const warnings = [];
lib\calculations\quoteEngineCalculations.js,quoteEngineCalculations.js,lib,78,blocked,plain,status_value,output_contract_field,quote-engine-legacy,"const model_readiness_status = cost_summary_output_contract.model_readiness_status || ""blocked"";"
hooks\useQuoteEngine.js,useQuoteEngine.js,hooks,108,output_contract,snake_case,output_contract_reference,output_contract_field,quote-engine-legacy,"const cost_summary = useCostSummary({ labour: labour.output_contract, assets: model_readiness.modules.assets,"
hooks\useQuoteEngine.js,useQuoteEngine.js,hooks,361,output_contract,snake_case,output_contract_reference,output_contract_field,quote-engine-legacy,"quote_state, cost_summary_output_contract: cost_summary.output_contract ?? {}, business_summary_output_contract:"
hooks\useQuoteEngine.js,useQuoteEngine.js,hooks,363,output_contract,snake_case,output_contract_reference,output_contract_field,quote-engine-legacy,"business_summary_output_contract: business_summary.output_contract ?? {}, labour_output_contract: labour.output_contract ?? {},"
hooks\useQuoteEngine.js,useQuoteEngine.js,hooks,364,output_contract,snake_case,output_contract_reference,output_contract_field,quote-engine-legacy,"business_summary.output_contract ?? {}, labour_output_contract: labour.output_contract ?? {}, });"
hooks\useQuoteEngine.js,useQuoteEngine.js,hooks,368,output_contract,snake_case,output_contract_reference,output_contract_field,quote-engine-legacy,"quote_state, cost_summary.output_contract, business_summary.output_contract,"
hooks\useQuoteEngine.js,useQuoteEngine.js,hooks,369,output_contract,snake_case,output_contract_reference,output_contract_field,quote-engine-legacy,"cost_summary.output_contract, business_summary.output_contract, labour.output_contract,"
hooks\useQuoteEngine.js,useQuoteEngine.js,hooks,370,output_contract,snake_case,output_contract_reference,output_contract_field,quote-engine-legacy,"business_summary.output_contract, labour.output_contract, ]);"
hooks\useQuoteEngine.js,useQuoteEngine.js,hooks,397,output_contract,snake_case,output_contract_reference,output_contract_field,quote-engine-legacy,const output_contract = useMemo(() => { return {
hooks\useQuoteEngine.js,useQuoteEngine.js,hooks,427,output_contract,snake_case,output_contract_reference,output_contract_field,quote-engine-legacy,"repair, output_contract, };"
hooks\useQuoteEngine.js,useQuoteEngine.js,hooks,360,quote_state,snake_case,snake_case_reference,output_contract_field,quote-engine-legacy,"return calculateQuoteEngine({ quote_state, cost_summary_output_contract: cost_summary.output_contract ?? {},"
hooks\useQuoteEngine.js,useQuoteEngine.js,hooks,367,quote_state,snake_case,snake_case_reference,output_contract_field,quote-engine-legacy,"}, [ quote_state, cost_summary.output_contract,"
lib\calculations\quoteEngineCalculations.js,quoteEngineCalculations.js,lib,15,quote_state,snake_case,snake_case_reference,output_contract_field,quote-engine-legacy,"export function calculateQuoteEngine({ quote_state = {}, cost_summary_output_contract = {},"
components\rate-builder\RateBuilderLineCalculator.jsx,RateBuilderLineCalculator.jsx,components,107,group_rows,snake_case,declaration,output_contract_field,rate-builder,const asset_backed_group_options = useMemo(() => { const group_rows = cost_allocation?.output_contract?.operational_group_cost_rows ?? [];
components\rate-builder\RateBuilderLineCalculator.jsx,RateBuilderLineCalculator.jsx,components,108,operational_group_cost_rows,snake_case,snake_case_reference,output_contract_field,rate-builder,const group_rows = cost_allocation?.output_contract?.operational_group_cost_rows ?? [];
components\rate-builder\RateBuilderLineCalculator.jsx,RateBuilderLineCalculator.jsx,components,113,operational_group_cost_rows,snake_case,snake_case_reference,output_contract_field,rate-builder,"); }, [cost_allocation?.output_contract?.operational_group_cost_rows]);"
components\rate-builder\RateBuilderLineCalculator.jsx,RateBuilderLineCalculator.jsx,components,108,output_contract,snake_case,output_contract_reference,output_contract_field,rate-builder,const group_rows = cost_allocation?.output_contract?.operational_group_cost_rows ?? [];
components\rate-builder\RateBuilderLineCalculator.jsx,RateBuilderLineCalculator.jsx,components,113,output_contract,snake_case,output_contract_reference,output_contract_field,rate-builder,"); }, [cost_allocation?.output_contract?.operational_group_cost_rows]);"
hooks\useRecoveryOutcome.js,useRecoveryOutcome.js,hooks,20,card,plain,object_key,output_contract_field,recovery-outcome-legacy,"status: buildRecoveryOutcomeStatus(outputs), card: buildRecoveryOutcomeCard(outputs), output_contract: outputs,"
app\recovery-outcome\page.jsx,page.jsx,app,15,output_contract,snake_case,output_contract_reference,output_contract_field,recovery-outcome-legacy,const recovery_summary_contract = recovery_summary?.output_contract ?? recovery_summary?.outputs ?? {};
app\recovery-outcome\page.jsx,page.jsx,app,22,output_contract,snake_case,output_contract_reference,output_contract_field,recovery-outcome-legacy,const cost_allocation_contract = cost_allocation?.output_contract ?? cost_allocation?.outputs ?? {};
hooks\useRecoveryOutcome.js,useRecoveryOutcome.js,hooks,21,output_contract,snake_case,output_contract_reference,output_contract_field,recovery-outcome-legacy,"card: buildRecoveryOutcomeCard(outputs), output_contract: outputs, };"
hooks\useRecoverySummary.js,useRecoverySummary.js,hooks,249,output_contract,snake_case,output_contract_reference,output_contract_field,recovery-summary,"card, output_contract, };"
hooks\useRecoverySummary.js,useRecoverySummary.js,hooks,27,output_contract,snake_case,output_contract_reference,output_contract_field,recovery-summary,const business_summary_outputs = inputs.business_summary ?? business_summary.output_contract ?? {}; const revenue_cogs_outputs =
hooks\useRecoverySummary.js,useRecoverySummary.js,hooks,29,output_contract,snake_case,output_contract_reference,output_contract_field,recovery-summary,const revenue_cogs_outputs = inputs.revenue_cogs ?? revenue_cogs.output_contract ?? {}; const asset_outputs =
hooks\useRecoverySummary.js,useRecoverySummary.js,hooks,31,output_contract,snake_case,output_contract_reference,output_contract_field,recovery-summary,const asset_outputs = inputs.assets ?? model_readiness.modules?.assets?.output_contract ?? {}; const labour_outputs =
hooks\useRecoverySummary.js,useRecoverySummary.js,hooks,33,output_contract,snake_case,output_contract_reference,output_contract_field,recovery-summary,const labour_outputs = inputs.labour ?? model_readiness.modules?.labour?.output_contract ?? {}; const general_overheads_outputs =
hooks\useRecoverySummary.js,useRecoverySummary.js,hooks,36,output_contract,snake_case,output_contract_reference,output_contract_field,recovery-summary,inputs.general_overheads ?? model_readiness.modules?.generalOverheads?.output_contract ?? {};
hooks\useRecoverySummary.js,useRecoverySummary.js,hooks,90,output_contract,snake_case,output_contract_reference,output_contract_field,recovery-summary,const output_contract = useMemo(() => { return {
app\recovery-outcome\page.jsx,page.jsx,app,15,recovery_summary,snake_case,snake_case_reference,output_contract_field,recovery-summary,const recovery_summary_contract = recovery_summary?.output_contract ?? recovery_summary?.outputs ?? {};
app\recovery-outcome\page.jsx,page.jsx,app,14,recovery_summary_contract,snake_case,declaration,output_contract_field,recovery-summary,const recovery_summary_contract = recovery_summary?.output_contract ?? recovery_summary?.outputs ?? {};
hooks\useRevenueCogs.js,useRevenueCogs.js,hooks,72,business_setup,snake_case,snake_case_reference,output_contract_field,revenue-cogs,const pnl_output_contract = profit_and_loss.output_contract ?? {}; const business_setup_output_contract = business_setup.output_contract ?? {};
hooks\useRevenueCogs.js,useRevenueCogs.js,hooks,231,business_type,snake_case,declaration,output_contract_field,revenue-cogs,"return useMemo(() => { const business_type = business_setup_output_contract.business_type || ""labour_based"";"
hooks\useRevenueCogs.js,useRevenueCogs.js,hooks,232,business_type,snake_case,snake_case_reference,output_contract_field,revenue-cogs,"const business_type = business_setup_output_contract.business_type || ""labour_based"";"
hooks\useRevenueCogs.js,useRevenueCogs.js,hooks,253,calculations,plain,declaration,output_contract_field,revenue-cogs,"const calculations = calculateRevenueCogs({ total_revenue: pnl_output_contract.total_revenue ?? 0,"
hooks\useRevenueCogs.js,useRevenueCogs.js,hooks,261,commercial_driver_mode,snake_case,object_key,output_contract_field,revenue-cogs,"pnl_output_contract.direct_cost_category_totals ?? [], commercial_driver_mode: resolved_commercial_driver_mode, unit_driver_rows: resolved_unit_driver_rows,"
hooks\useRevenueCogs.js,useRevenueCogs.js,hooks,257,cost_of_sales_lines,snake_case,object_key,output_contract_field,revenue-cogs,"revenue_lines: pnl_output_contract.revenue_lines ?? [], cost_of_sales_lines: pnl_output_contract.cost_of_sales_lines ?? [], direct_cost_categories: pnl_output_contract.direct_cost_categories ?? [],"
hooks\useRevenueCogs.js,useRevenueCogs.js,hooks,258,direct_cost_categories,snake_case,object_key,output_contract_field,revenue-cogs,"cost_of_sales_lines: pnl_output_contract.cost_of_sales_lines ?? [], direct_cost_categories: pnl_output_contract.direct_cost_categories ?? [], direct_cost_category_totals:"
hooks\useBusinessSummary.js,useBusinessSummary.js,hooks,100,direct_cost_category_totals,snake_case,snake_case_reference,output_contract_field,revenue-cogs,"direct_cost_category_totals: revenue_cogs_output_contract.direct_cost_category_totals ?? [],"
hooks\useBusinessSummary.js,useBusinessSummary.js,hooks,99,direct_cost_category_totals,snake_case,object_key,output_contract_field,revenue-cogs,"const display_details = { direct_cost_category_totals: revenue_cogs_output_contract.direct_cost_category_totals ?? [],"
hooks\useRevenueCogs.js,useRevenueCogs.js,hooks,259,direct_cost_category_totals,snake_case,object_key,output_contract_field,revenue-cogs,"direct_cost_categories: pnl_output_contract.direct_cost_categories ?? [], direct_cost_category_totals: pnl_output_contract.direct_cost_category_totals ?? [],"
hooks\useRevenueCogs.js,useRevenueCogs.js,hooks,260,direct_cost_category_totals,snake_case,snake_case_reference,output_contract_field,revenue-cogs,"direct_cost_category_totals: pnl_output_contract.direct_cost_category_totals ?? [], commercial_driver_mode: resolved_commercial_driver_mode,"
hooks\useBusinessModelling.js,useBusinessModelling.js,hooks,105,gross_margin_percent,snake_case,object_key,output_contract_field,revenue-cogs,"margin_pool: business_summary_output_contract.margin_pool, gross_margin_percent: business_summary_output_contract.gross_margin_percent,"
hooks\useBusinessModelling.js,useBusinessModelling.js,hooks,106,gross_margin_percent,snake_case,snake_case_reference,output_contract_field,revenue-cogs,"gross_margin_percent: business_summary_output_contract.gross_margin_percent, total_cost_burden: business_summary_output_contract.total_cost_burden,"
hooks\useBusinessModelling.js,useBusinessModelling.js,hooks,398,gross_margin_percent,snake_case,object_key,output_contract_field,revenue-cogs,"margin_pool: business_summary.output_contract.margin_pool, gross_margin_percent: business_summary.output_contract.gross_margin_percent,"
hooks\useBusinessModelling.js,useBusinessModelling.js,hooks,399,gross_margin_percent,snake_case,snake_case_reference,output_contract_field,revenue-cogs,"gross_margin_percent: business_summary.output_contract.gross_margin_percent, total_cost_burden:"
hooks\useBusinessSummary.js,useBusinessSummary.js,hooks,38,gross_margin_percent,snake_case,object_key,output_contract_field,revenue-cogs,"gross_margin_percent: revenue_cogs_output_contract.gross_margin_percent ?? 0,"
hooks\useBusinessSummary.js,useBusinessSummary.js,hooks,39,gross_margin_percent,snake_case,snake_case_reference,output_contract_field,revenue-cogs,"gross_margin_percent: revenue_cogs_output_contract.gross_margin_percent ?? 0,"
hooks\useRevenueReality.js,useRevenueReality.js,hooks,44,gross_margin_percent,snake_case,object_key,output_contract_field,revenue-cogs,"margin_pool: revenue_cogs_output_contract.margin_pool ?? 0, gross_margin_percent: revenue_cogs_output_contract.gross_margin_percent ?? 0,"
hooks\useRevenueReality.js,useRevenueReality.js,hooks,45,gross_margin_percent,snake_case,snake_case_reference,output_contract_field,revenue-cogs,"gross_margin_percent: revenue_cogs_output_contract.gross_margin_percent ?? 0, total_labour_cost_annual,"
hooks\useRevenueCogs.js,useRevenueCogs.js,hooks,232,labour_based,snake_case,snake_case_reference,output_contract_field,revenue-cogs,"const business_type = business_setup_output_contract.business_type || ""labour_based"";"
hooks\useRevenueCogs.js,useRevenueCogs.js,hooks,269,output_contract,snake_case,output_contract_reference,output_contract_field,revenue-cogs,"const output_contract = { total_revenue: calculations.total_revenue,"
hooks\useRevenueCogs.js,useRevenueCogs.js,hooks,316,output_contract,snake_case,output_contract_reference,output_contract_field,revenue-cogs,"}, output_contract, updateRevenueCogsField,"
hooks\useRevenueCogs.js,useRevenueCogs.js,hooks,71,output_contract,snake_case,output_contract_reference,output_contract_field,revenue-cogs,const pnl_output_contract = profit_and_loss.output_contract ?? {}; const business_setup_output_contract = business_setup.output_contract ?? {};
hooks\useRevenueCogs.js,useRevenueCogs.js,hooks,72,output_contract,snake_case,output_contract_reference,output_contract_field,revenue-cogs,const pnl_output_contract = profit_and_loss.output_contract ?? {}; const business_setup_output_contract = business_setup.output_contract ?? {};
hooks\useRevenueCogs.js,useRevenueCogs.js,hooks,261,resolved_commercial_driver_mode,snake_case,snake_case_reference,output_contract_field,revenue-cogs,"pnl_output_contract.direct_cost_category_totals ?? [], commercial_driver_mode: resolved_commercial_driver_mode, unit_driver_rows: resolved_unit_driver_rows,"
hooks\useBusinessSummary.js,useBusinessSummary.js,hooks,26,revenue_cogs,snake_case,snake_case_reference,output_contract_field,revenue-cogs,const revenue_cogs_output_contract = revenue_cogs.output_contract ?? {}; const cost_summary_output_contract = cost_summary.output_contract ?? {};
hooks\useRecoverySummary.js,useRecoverySummary.js,hooks,29,revenue_cogs,snake_case,snake_case_reference,output_contract_field,revenue-cogs,const revenue_cogs_outputs = inputs.revenue_cogs ?? revenue_cogs.output_contract ?? {}; const asset_outputs =
hooks\useRevenueReality.js,useRevenueReality.js,hooks,22,revenue_cogs,snake_case,snake_case_reference,output_contract_field,revenue-cogs,const business_setup_output_contract = business_setup.output_contract ?? {}; const revenue_cogs_output_contract = revenue_cogs.output_contract ?? {}; const business_summary_output_contract =
hooks\useBusinessSummary.js,useBusinessSummary.js,hooks,100,revenue_cogs_output_contract,snake_case,snake_case_reference,output_contract_field,revenue-cogs,"direct_cost_category_totals: revenue_cogs_output_contract.direct_cost_category_totals ?? [],"
hooks\useBusinessSummary.js,useBusinessSummary.js,hooks,257,revenue_cogs_output_contract,snake_case,snake_case_reference,output_contract_field,revenue-cogs,"revenue_cogs_ready: revenue_cogs_output_contract.revenue_cogs_ready === true,"
hooks\useBusinessSummary.js,useBusinessSummary.js,hooks,26,revenue_cogs_output_contract,snake_case,declaration,output_contract_field,revenue-cogs,const revenue_cogs_output_contract = revenue_cogs.output_contract ?? {}; const cost_summary_output_contract = cost_summary.output_contract ?? {};
hooks\useBusinessSummary.js,useBusinessSummary.js,hooks,267,revenue_cogs_output_contract,snake_case,snake_case_reference,output_contract_field,revenue-cogs,"}; }, [revenue_cogs_output_contract, cost_summary_output_contract]); }"
hooks\useBusinessSummary.js,useBusinessSummary.js,hooks,31,revenue_cogs_output_contract,snake_case,snake_case_reference,output_contract_field,revenue-cogs,"const calculations = calculateBusinessSummary({ total_revenue: revenue_cogs_output_contract.total_revenue ?? 0,"
hooks\useBusinessSummary.js,useBusinessSummary.js,hooks,34,revenue_cogs_output_contract,snake_case,snake_case_reference,output_contract_field,revenue-cogs,"total_direct_costs: revenue_cogs_output_contract.total_direct_costs ?? 0,"
hooks\useBusinessSummary.js,useBusinessSummary.js,hooks,36,revenue_cogs_output_contract,snake_case,snake_case_reference,output_contract_field,revenue-cogs,"margin_pool: revenue_cogs_output_contract.margin_pool ?? 0,"
hooks\useBusinessSummary.js,useBusinessSummary.js,hooks,39,revenue_cogs_output_contract,snake_case,snake_case_reference,output_contract_field,revenue-cogs,"gross_margin_percent: revenue_cogs_output_contract.gross_margin_percent ?? 0,"
hooks\useBusinessSummary.js,useBusinessSummary.js,hooks,66,revenue_cogs_output_contract,snake_case,snake_case_reference,output_contract_field,revenue-cogs,"units_sold_annual: revenue_cogs_output_contract.units_sold_annual ?? 0,"
hooks\useBusinessSummary.js,useBusinessSummary.js,hooks,69,revenue_cogs_output_contract,snake_case,snake_case_reference,output_contract_field,revenue-cogs,business_type: revenue_cogs_output_contract.business_type ?? (revenue_cogs_output_contract.is_product_based === true
hooks\useBusinessSummary.js,useBusinessSummary.js,hooks,70,revenue_cogs_output_contract,snake_case,snake_case_reference,output_contract_field,revenue-cogs,"revenue_cogs_output_contract.business_type ?? (revenue_cogs_output_contract.is_product_based === true ? ""product_based"""
hooks\useBusinessSummary.js,useBusinessSummary.js,hooks,94,revenue_cogs_output_contract,snake_case,snake_case_reference,output_contract_field,revenue-cogs,"revenue_cogs_ready: revenue_cogs_output_contract.revenue_cogs_ready === true, cost_summary_ready: cost_summary_output_contract.model_ready === true,"
hooks\useRevenueReality.js,useRevenueReality.js,hooks,22,revenue_cogs_output_contract,snake_case,declaration,output_contract_field,revenue-cogs,const business_setup_output_contract = business_setup.output_contract ?? {}; const revenue_cogs_output_contract = revenue_cogs.output_contract ?? {}; const business_summary_output_contract =
hooks\useRevenueReality.js,useRevenueReality.js,hooks,36,revenue_cogs_output_contract,snake_case,snake_case_reference,output_contract_field,revenue-cogs,"business_summary_output_contract.business_type ?? revenue_cogs_output_contract.business_type ?? ""labour_based"";"
hooks\useRevenueReality.js,useRevenueReality.js,hooks,40,revenue_cogs_output_contract,snake_case,snake_case_reference,output_contract_field,revenue-cogs,"const calculations = calculateRevenueReality({ total_revenue: revenue_cogs_output_contract.total_revenue ?? 0, total_direct_costs:"
hooks\useRevenueReality.js,useRevenueReality.js,hooks,42,revenue_cogs_output_contract,snake_case,snake_case_reference,output_contract_field,revenue-cogs,"total_direct_costs: revenue_cogs_output_contract.total_direct_costs ?? 0, margin_pool: revenue_cogs_output_contract.margin_pool ?? 0,"
hooks\useRevenueReality.js,useRevenueReality.js,hooks,43,revenue_cogs_output_contract,snake_case,snake_case_reference,output_contract_field,revenue-cogs,"revenue_cogs_output_contract.total_direct_costs ?? 0, margin_pool: revenue_cogs_output_contract.margin_pool ?? 0, gross_margin_percent:"
hooks\useRevenueReality.js,useRevenueReality.js,hooks,45,revenue_cogs_output_contract,snake_case,snake_case_reference,output_contract_field,revenue-cogs,"gross_margin_percent: revenue_cogs_output_contract.gross_margin_percent ?? 0, total_labour_cost_annual,"
hooks\useRevenueReality.js,useRevenueReality.js,hooks,91,revenue_cogs_output_contract,snake_case,snake_case_reference,output_contract_field,revenue-cogs,"business_setup_output_contract, revenue_cogs_output_contract, business_summary_output_contract,"
hooks\useRecoverySummary.js,useRecoverySummary.js,hooks,28,revenue_cogs_outputs,snake_case,declaration,output_contract_field,revenue-cogs,inputs.business_summary ?? business_summary.output_contract ?? {}; const revenue_cogs_outputs = inputs.revenue_cogs ?? revenue_cogs.output_contract ?? {};
hooks\useBusinessSummary.js,useBusinessSummary.js,hooks,256,revenue_cogs_ready,snake_case,object_key,output_contract_field,revenue-cogs,"revenue_cogs_ready: revenue_cogs_output_contract.revenue_cogs_ready === true,"
hooks\useBusinessSummary.js,useBusinessSummary.js,hooks,257,revenue_cogs_ready,snake_case,snake_case_reference,output_contract_field,revenue-cogs,"revenue_cogs_ready: revenue_cogs_output_contract.revenue_cogs_ready === true,"
hooks\useBusinessSummary.js,useBusinessSummary.js,hooks,93,revenue_cogs_ready,snake_case,object_key,output_contract_field,revenue-cogs,"model_trust_state, revenue_cogs_ready: revenue_cogs_output_contract.revenue_cogs_ready === true,"
hooks\useBusinessSummary.js,useBusinessSummary.js,hooks,94,revenue_cogs_ready,snake_case,snake_case_reference,output_contract_field,revenue-cogs,"revenue_cogs_ready: revenue_cogs_output_contract.revenue_cogs_ready === true, cost_summary_ready: cost_summary_output_contract.model_ready === true,"
hooks\useRevenueCogs.js,useRevenueCogs.js,hooks,326,revenue_cogs_state,snake_case,snake_case_reference,output_contract_field,revenue-cogs,"business_setup_output_contract, revenue_cogs_state, last_manual_saved_at,"
hooks\useRevenueCogs.js,useRevenueCogs.js,hooks,256,revenue_lines,snake_case,object_key,output_contract_field,revenue-cogs,"total_direct_costs: pnl_output_contract.total_direct_costs ?? 0, revenue_lines: pnl_output_contract.revenue_lines ?? [], cost_of_sales_lines: pnl_output_contract.cost_of_sales_lines ?? [],"
hooks\useBusinessModelling.js,useBusinessModelling.js,hooks,103,total_direct_costs,snake_case,object_key,output_contract_field,revenue-cogs,"total_revenue: business_summary_output_contract.total_revenue, total_direct_costs: business_summary_output_contract.total_direct_costs, margin_pool: business_summary_output_contract.margin_pool,"
hooks\useBusinessModelling.js,useBusinessModelling.js,hooks,395,total_direct_costs,snake_case,object_key,output_contract_field,revenue-cogs,"total_revenue: business_summary.output_contract.total_revenue, total_direct_costs: business_summary.output_contract.total_direct_costs,"
hooks\useBusinessModelling.js,useBusinessModelling.js,hooks,396,total_direct_costs,snake_case,snake_case_reference,output_contract_field,revenue-cogs,"total_direct_costs: business_summary.output_contract.total_direct_costs, margin_pool: business_summary.output_contract.margin_pool,"
hooks\useBusinessSummary.js,useBusinessSummary.js,hooks,33,total_direct_costs,snake_case,object_key,output_contract_field,revenue-cogs,"total_direct_costs: revenue_cogs_output_contract.total_direct_costs ?? 0,"
hooks\useBusinessSummary.js,useBusinessSummary.js,hooks,34,total_direct_costs,snake_case,snake_case_reference,output_contract_field,revenue-cogs,"total_direct_costs: revenue_cogs_output_contract.total_direct_costs ?? 0,"
hooks\useRevenueCogs.js,useRevenueCogs.js,hooks,255,total_direct_costs,snake_case,object_key,output_contract_field,revenue-cogs,"total_revenue: pnl_output_contract.total_revenue ?? 0, total_direct_costs: pnl_output_contract.total_direct_costs ?? 0, revenue_lines: pnl_output_contract.revenue_lines ?? [],"
hooks\useRevenueReality.js,useRevenueReality.js,hooks,41,total_direct_costs,snake_case,object_key,output_contract_field,revenue-cogs,"total_revenue: revenue_cogs_output_contract.total_revenue ?? 0, total_direct_costs: revenue_cogs_output_contract.total_direct_costs ?? 0,"
hooks\useRevenueReality.js,useRevenueReality.js,hooks,42,total_direct_costs,snake_case,snake_case_reference,output_contract_field,revenue-cogs,"total_direct_costs: revenue_cogs_output_contract.total_direct_costs ?? 0, margin_pool: revenue_cogs_output_contract.margin_pool ?? 0,"
hooks\useRevenueCogs.js,useRevenueCogs.js,hooks,254,total_revenue,snake_case,object_key,output_contract_field,revenue-cogs,"const calculations = calculateRevenueCogs({ total_revenue: pnl_output_contract.total_revenue ?? 0, total_direct_costs: pnl_output_contract.total_direct_costs ?? 0,"
hooks\useRevenueCogs.js,useRevenueCogs.js,hooks,270,total_revenue,snake_case,object_key,output_contract_field,revenue-cogs,"const output_contract = { total_revenue: calculations.total_revenue, total_direct_costs: calculations.total_direct_costs,"
hooks\useRevenueReality.js,useRevenueReality.js,hooks,21,business_setup,snake_case,snake_case_reference,output_contract_field,revenue-reality,const business_setup_output_contract = business_setup.output_contract ?? {}; const revenue_cogs_output_contract = revenue_cogs.output_contract ?? {};
hooks\useRevenueReality.js,useRevenueReality.js,hooks,33,business_type,snake_case,declaration,output_contract_field,revenue-reality,const business_type = business_setup_output_contract.business_type ??
hooks\useRevenueReality.js,useRevenueReality.js,hooks,34,business_type,snake_case,snake_case_reference,output_contract_field,revenue-reality,const business_type = business_setup_output_contract.business_type ?? business_summary_output_contract.business_type ??
hooks\useRevenueReality.js,useRevenueReality.js,hooks,35,business_type,snake_case,snake_case_reference,output_contract_field,revenue-reality,business_setup_output_contract.business_type ?? business_summary_output_contract.business_type ?? revenue_cogs_output_contract.business_type ??
hooks\useRevenueReality.js,useRevenueReality.js,hooks,36,business_type,snake_case,snake_case_reference,output_contract_field,revenue-reality,"business_summary_output_contract.business_type ?? revenue_cogs_output_contract.business_type ?? ""labour_based"";"
hooks\useRevenueReality.js,useRevenueReality.js,hooks,39,calculations,plain,declaration,output_contract_field,revenue-reality,"const calculations = calculateRevenueReality({ total_revenue: revenue_cogs_output_contract.total_revenue ?? 0,"
hooks\useRevenueReality.js,useRevenueReality.js,hooks,48,is_product_based,snake_case,object_key,output_contract_field,revenue-reality,"business_type, is_product_based: business_setup_output_contract.is_product_based ??"
hooks\useRevenueReality.js,useRevenueReality.js,hooks,49,is_product_based,snake_case,snake_case_reference,output_contract_field,revenue-reality,is_product_based: business_setup_output_contract.is_product_based ?? business_summary_output_contract.is_product_based ??
hooks\useRevenueReality.js,useRevenueReality.js,hooks,50,is_product_based,snake_case,snake_case_reference,output_contract_field,revenue-reality,"business_setup_output_contract.is_product_based ?? business_summary_output_contract.is_product_based ?? false,"
hooks\useRevenueReality.js,useRevenueReality.js,hooks,21,output_contract,snake_case,output_contract_reference,output_contract_field,revenue-reality,const business_setup_output_contract = business_setup.output_contract ?? {}; const revenue_cogs_output_contract = revenue_cogs.output_contract ?? {};
hooks\useRevenueReality.js,useRevenueReality.js,hooks,22,output_contract,snake_case,output_contract_reference,output_contract_field,revenue-reality,const business_setup_output_contract = business_setup.output_contract ?? {}; const revenue_cogs_output_contract = revenue_cogs.output_contract ?? {}; const business_summary_output_contract =
hooks\useRevenueReality.js,useRevenueReality.js,hooks,24,output_contract,snake_case,output_contract_reference,output_contract_field,revenue-reality,const business_summary_output_contract = business_summary.output_contract ?? {}; const labour_output_contract = labour.output_contract ?? {};
hooks\useRevenueReality.js,useRevenueReality.js,hooks,25,output_contract,snake_case,output_contract_reference,output_contract_field,revenue-reality,business_summary.output_contract ?? {}; const labour_output_contract = labour.output_contract ?? {};
hooks\useRevenueReality.js,useRevenueReality.js,hooks,64,output_contract,snake_case,output_contract_reference,output_contract_field,revenue-reality,"card, output_contract: { total_revenue: calculations.total_revenue,"
hooks\useRevenueReality.js,useRevenueReality.js,hooks,40,total_revenue,snake_case,object_key,output_contract_field,revenue-reality,"const calculations = calculateRevenueReality({ total_revenue: revenue_cogs_output_contract.total_revenue ?? 0, total_direct_costs:"
hooks\useRevenueReality.js,useRevenueReality.js,hooks,65,total_revenue,snake_case,object_key,output_contract_field,revenue-reality,"output_contract: { total_revenue: calculations.total_revenue, total_direct_costs: calculations.total_direct_costs,"
