priority,action_type,module_name,variable_name,recommended_action,reason,code_files,brief_files,notes
P1,implemented_not_briefed,assets,active_assets,add_to_v5_module_brief,Implemented output contract exists in code but is not documented in v5.0 brief.,hooks\cost-allocation\useCostAllocationAssetOverlay.js | hooks\useAssets.js | hooks\useCostAllocation.js | hooks\useCostSummary.js | lib\reconciliation\reconciliationRules.js,,implemented_contract_not_documented_in_brief
P1,implemented_not_briefed,assets,asset_detail,add_to_v5_module_brief,Implemented output contract exists in code but is not documented in v5.0 brief.,hooks\useCostSummary.js,,implemented_contract_not_documented_in_brief
P1,implemented_not_briefed,assets,asset_finance_benchmark_total,add_to_v5_module_brief,Implemented output contract exists in code but is not documented in v5.0 brief.,lib\reconciliation\reconciliationRules.js,,implemented_contract_not_documented_in_brief
P1,implemented_not_briefed,assets,asset_interest_annual,add_to_v5_module_brief,Implemented output contract exists in code but is not documented in v5.0 brief.,hooks\useAssets.js | lib\reconciliation\reconciliationRules.js,,implemented_contract_not_documented_in_brief
P1,implemented_not_briefed,assets,asset_operator,add_to_v5_module_brief,Implemented output contract exists in code but is not documented in v5.0 brief.,lib\selectors\quickStartSelectors.js,,implemented_contract_not_documented_in_brief
P1,implemented_not_briefed,assets,asset_output_contract,add_to_v5_module_brief,Implemented output contract exists in code but is not documented in v5.0 brief.,hooks\cost-allocation\useCostAllocationAssetOverlay.js | hooks\useCostAllocation.js | hooks\useCostSummary.js | lib\reconciliation\moduleReconciliation.js | lib\reconciliation\reconciliationRules.js,,implemented_contract_not_documented_in_brief
P1,implemented_not_briefed,assets,asset_outputs,add_to_v5_module_brief,Implemented output contract exists in code but is not documented in v5.0 brief.,hooks\useRecoverySummary.js,,implemented_contract_not_documented_in_brief
P1,implemented_not_briefed,assets,asset_overhead_pool_assignment_summary,add_to_v5_module_brief,Implemented output contract exists in code but is not documented in v5.0 brief.,hooks\useAssets.js | hooks\useCostSummary.js,,implemented_contract_not_documented_in_brief
P1,implemented_not_briefed,assets,asset_overhead_pools,add_to_v5_module_brief,Implemented output contract exists in code but is not documented in v5.0 brief.,components\general-overheads\GeneralOverheadSummaryCard.jsx | hooks\useAssets.js | hooks\useGeneralOverheads.js,,implemented_contract_not_documented_in_brief
P1,implemented_not_briefed,assets,asset_recovery_overlay,add_to_v5_module_brief,Implemented output contract exists in code but is not documented in v5.0 brief.,hooks\useCostAllocation.js,,implemented_contract_not_documented_in_brief
P1,implemented_not_briefed,assets,asset_related_unassigned_cost,add_to_v5_module_brief,Implemented output contract exists in code but is not documented in v5.0 brief.,hooks\useAssets.js | hooks\useCostSummary.js | hooks\useGeneralOverheads.js,,implemented_contract_not_documented_in_brief
P1,implemented_not_briefed,assets,asset_review_required,add_to_v5_module_brief,Implemented output contract exists in code but is not documented in v5.0 brief.,hooks\useAssets.js | hooks\useCostSummary.js | hooks\useGeneralOverheads.js,,implemented_contract_not_documented_in_brief
P1,implemented_not_briefed,assets,asset_status,add_to_v5_module_brief,Implemented output contract exists in code but is not documented in v5.0 brief.,components\assets\AssetForm.jsx | lib\reconciliation\moduleReconciliation.js | lib\reconciliation\reconciliationRules.js,,implemented_contract_not_documented_in_brief | status_field
P1,implemented_not_briefed,assets,assets,add_to_v5_module_brief,Implemented output contract exists in code but is not documented in v5.0 brief.,app\cost-summary\page.jsx | components\business-summary\BusinessSummaryCard.jsx | components\business-summary\BusinessSummaryHierarchyBuilder.js | components\business-summary\BusinessSummaryMacroPositionCard.jsx | hooks\useAssets.js | hooks\useBusinessSummary.js | hooks\useCostSummary.js | hooks\useQuoteEngine.js | hooks\useRecoverySummary.js,,implemented_contract_not_documented_in_brief
P1,implemented_not_briefed,assets,assets_benchmark_total,add_to_v5_module_brief,Implemented output contract exists in code but is not documented in v5.0 brief.,hooks\useAssets.js | lib\reconciliation\reconciliationRules.js | lib\selectors\assetSelectors.js | lib\storage\assetStorage.js,,implemented_contract_not_documented_in_brief
P1,implemented_not_briefed,assets,assets_output,add_to_v5_module_brief,Implemented output contract exists in code but is not documented in v5.0 brief.,components\model-readiness\ModelReadinessAuditPanel.jsx,,implemented_contract_not_documented_in_brief
P1,implemented_not_briefed,assets,assigned_asset_overhead_cost,add_to_v5_module_brief,Implemented output contract exists in code but is not documented in v5.0 brief.,hooks\useCostSummary.js,,implemented_contract_not_documented_in_brief
P1,implemented_not_briefed,assets,assigned_asset_overhead_cost_annual,add_to_v5_module_brief,Implemented output contract exists in code but is not documented in v5.0 brief.,hooks\useCostSummary.js,,implemented_contract_not_documented_in_brief
P1,implemented_not_briefed,assets,base_asset_cost_annual,add_to_v5_module_brief,Implemented output contract exists in code but is not documented in v5.0 brief.,hooks\cost-allocation\useCostAllocationAssetOverlay.js | hooks\useCostSummary.js,,implemented_contract_not_documented_in_brief
P1,implemented_not_briefed,assets,build_asset_recovery_overlay,add_to_v5_module_brief,Implemented output contract exists in code but is not documented in v5.0 brief.,hooks\cost-allocation\useCostAllocationAssetOverlay.js,,implemented_contract_not_documented_in_brief
P1,implemented_not_briefed,assets,default_recovery_hours,add_to_v5_module_brief,Implemented output contract exists in code but is not documented in v5.0 brief.,hooks\cost-allocation\useCostAllocationAssetOverlay.js,,implemented_contract_not_documented_in_brief
P1,implemented_not_briefed,assets,excluded_asset_finance_interest_total,add_to_v5_module_brief,Implemented output contract exists in code but is not documented in v5.0 brief.,lib\reconciliation\reconciliationRules.js,,implemented_contract_not_documented_in_brief
P1,implemented_not_briefed,assets,general_overheads,add_to_v5_module_brief,Implemented output contract exists in code but is not documented in v5.0 brief.,hooks\useAssets.js,,implemented_contract_not_documented_in_brief
P1,implemented_not_briefed,assets,has_productive_asset_recovery_base,add_to_v5_module_brief,Implemented output contract exists in code but is not documented in v5.0 brief.,hooks\cost-allocation\useCostAllocationOutputContract.js | hooks\useAssets.js | hooks\useBusinessSummary.js | hooks\useCostSummary.js | lib\calculations\cost-allocation\costAllocationInputBuilder.js | lib\calculations\recoverySummaryCalculations.js | lib\selectors\recoverySummarySelectors.js,,implemented_contract_not_documented_in_brief
P1,implemented_not_briefed,assets,live_assets,add_to_v5_module_brief,Implemented output contract exists in code but is not documented in v5.0 brief.,hooks\useAssets.js,,implemented_contract_not_documented_in_brief
P1,implemented_not_briefed,assets,no_active_assets_confirmed,add_to_v5_module_brief,Implemented output contract exists in code but is not documented in v5.0 brief.,hooks\useAssets.js | lib\reconciliation\reconciliationRules.js | lib\selectors\assetSelectors.js | lib\storage\assetStorage.js,,implemented_contract_not_documented_in_brief
P1,implemented_not_briefed,assets,output_contract,add_to_v5_module_brief,Implemented output contract exists in code but is not documented in v5.0 brief.,hooks\useAssets.js,,implemented_contract_not_documented_in_brief
P1,implemented_not_briefed,assets,productive_asset_cost,add_to_v5_module_brief,Implemented output contract exists in code but is not documented in v5.0 brief.,hooks\cost-allocation\useCostAllocationAssetOverlay.js | hooks\useBusinessSummary.js | hooks\useCostAllocation.js | hooks\useCostSummary.js,,implemented_contract_not_documented_in_brief
P1,implemented_not_briefed,assets,productive_asset_recovery_cost_annual,add_to_v5_module_brief,Implemented output contract exists in code but is not documented in v5.0 brief.,hooks\useCostSummary.js,,implemented_contract_not_documented_in_brief
P1,implemented_not_briefed,assets,recovery_hours_used,add_to_v5_module_brief,Implemented output contract exists in code but is not documented in v5.0 brief.,hooks\cost-allocation\useCostAllocationAssetOverlay.js,,implemented_contract_not_documented_in_brief
P1,implemented_not_briefed,assets,safe_array,add_to_v5_module_brief,Implemented output contract exists in code but is not documented in v5.0 brief.,hooks\cost-allocation\useCostAllocationAssetOverlay.js,,implemented_contract_not_documented_in_brief
P1,implemented_not_briefed,assets,safe_number,add_to_v5_module_brief,Implemented output contract exists in code but is not documented in v5.0 brief.,hooks\cost-allocation\useCostAllocationAssetOverlay.js,,implemented_contract_not_documented_in_brief
P1,implemented_not_briefed,assets,saved_assets,add_to_v5_module_brief,Implemented output contract exists in code but is not documented in v5.0 brief.,hooks\useAssets.js | lib\selectors\assetSelectors.js,,implemented_contract_not_documented_in_brief
P1,implemented_not_briefed,assets,support_asset_cost,add_to_v5_module_brief,Implemented output contract exists in code but is not documented in v5.0 brief.,hooks\cost-allocation\useCostAllocationAssetOverlay.js | hooks\useBusinessSummary.js | hooks\useCostAllocation.js | hooks\useCostSummary.js,,implemented_contract_not_documented_in_brief
P1,implemented_not_briefed,assets,support_asset_count,add_to_v5_module_brief,Implemented output contract exists in code but is not documented in v5.0 brief.,hooks\useAssets.js | hooks\useBusinessSummary.js | hooks\useCostSummary.js,,implemented_contract_not_documented_in_brief
P1,implemented_not_briefed,assets,total_allocated_asset_overhead_cost_annual,add_to_v5_module_brief,Implemented output contract exists in code but is not documented in v5.0 brief.,hooks\useCostSummary.js,,implemented_contract_not_documented_in_brief
P1,implemented_not_briefed,assets,total_asset_interest_annual,add_to_v5_module_brief,Implemented output contract exists in code but is not documented in v5.0 brief.,hooks\useCostSummary.js | lib\reconciliation\reconciliationRules.js,,implemented_contract_not_documented_in_brief
P1,implemented_not_briefed,assets,total_asset_recovery_cost_annual,add_to_v5_module_brief,Implemented output contract exists in code but is not documented in v5.0 brief.,hooks\useAssets.js | hooks\useCostSummary.js,,implemented_contract_not_documented_in_brief
P1,implemented_not_briefed,assets,total_general_overheads_before_asset_assignment,add_to_v5_module_brief,Implemented output contract exists in code but is not documented in v5.0 brief.,hooks\useCostSummary.js,,implemented_contract_not_documented_in_brief
P1,implemented_not_briefed,assets,total_unassigned_asset_related_overhead_cost_annual,add_to_v5_module_brief,Implemented output contract exists in code but is not documented in v5.0 brief.,hooks\useAssets.js | hooks\useCostSummary.js | hooks\useGeneralOverheads.js,,implemented_contract_not_documented_in_brief
P1,implemented_not_briefed,business-modelling,active_scenario,add_to_v5_module_brief,Implemented output contract exists in code but is not documented in v5.0 brief.,hooks\useBusinessModelling.js | lib\selectors\businessModellingSelectors.js,,implemented_contract_not_documented_in_brief
P1,implemented_not_briefed,business-modelling,baseline,add_to_v5_module_brief,Implemented output contract exists in code but is not documented in v5.0 brief.,hooks\useBusinessModelling.js,,implemented_contract_not_documented_in_brief
P1,implemented_not_briefed,business-modelling,baseline_snapshot,add_to_v5_module_brief,Implemented output contract exists in code but is not documented in v5.0 brief.,hooks\useBusinessModelling.js | lib\calculations\businessModellingCalculations.js | lib\storage\businessModellingStorage.js,,implemented_contract_not_documented_in_brief
P1,implemented_not_briefed,business-modelling,blocked,add_to_v5_module_brief,Implemented output contract exists in code but is not documented in v5.0 brief.,hooks\useBusinessModelling.js | lib\calculations\businessModellingCalculations.js | lib\selectors\businessModellingSelectors.js,,implemented_contract_not_documented_in_brief
P1,implemented_not_briefed,business-modelling,business_modelling_state,add_to_v5_module_brief,Implemented output contract exists in code but is not documented in v5.0 brief.,hooks\useBusinessModelling.js,,implemented_contract_not_documented_in_brief
P1,implemented_not_briefed,business-modelling,current_margin_per_productive_hour,add_to_v5_module_brief,Implemented output contract exists in code but is not documented in v5.0 brief.,hooks\useBusinessModelling.js,,implemented_contract_not_documented_in_brief
P1,implemented_not_briefed,business-modelling,has_baseline,add_to_v5_module_brief,Implemented output contract exists in code but is not documented in v5.0 brief.,hooks\useBusinessModelling.js,,implemented_contract_not_documented_in_brief
P1,implemented_not_briefed,business-modelling,modelling_ready,add_to_v5_module_brief,Implemented output contract exists in code but is not documented in v5.0 brief.,app\business-modelling\page.jsx | hooks\useBusinessModelling.js | lib\selectors\businessModellingSelectors.js,,implemented_contract_not_documented_in_brief | readiness_field
P1,implemented_not_briefed,business-modelling,output_contract,add_to_v5_module_brief,Implemented output contract exists in code but is not documented in v5.0 brief.,hooks\useBusinessModelling.js,,implemented_contract_not_documented_in_brief
P1,implemented_not_briefed,business-modelling,recovery_gap_per_hour,add_to_v5_module_brief,Implemented output contract exists in code but is not documented in v5.0 brief.,app\business-modelling\page.jsx | components\business-modelling\BusinessModellingBaselineCard.jsx | hooks\useBusinessModelling.js | lib\calculations\businessModellingCalculations.js | lib\selectors\businessModellingSelectors.js,,implemented_contract_not_documented_in_brief
P1,implemented_not_briefed,business-modelling,summaryBlocked,add_to_v5_module_brief,Implemented output contract exists in code but is not documented in v5.0 brief.,hooks\useBusinessModelling.js,,implemented_contract_not_documented_in_brief
P1,implemented_not_briefed,business-modelling,summaryWarnings,add_to_v5_module_brief,Implemented output contract exists in code but is not documented in v5.0 brief.,hooks\useBusinessModelling.js,,implemented_contract_not_documented_in_brief
P1,implemented_not_briefed,business-modelling,summary_status,add_to_v5_module_brief,Implemented output contract exists in code but is not documented in v5.0 brief.,hooks\useBusinessModelling.js,,implemented_contract_not_documented_in_brief | status_field
P1,implemented_not_briefed,business-modelling,total_available_hours_before_productivity,add_to_v5_module_brief,Implemented output contract exists in code but is not documented in v5.0 brief.,hooks\useBusinessModelling.js,,implemented_contract_not_documented_in_brief
P1,implemented_not_briefed,business-modelling,total_revenue,add_to_v5_module_brief,Implemented output contract exists in code but is not documented in v5.0 brief.,hooks\useBusinessModelling.js,,implemented_contract_not_documented_in_brief
P1,implemented_not_briefed,business-modelling,weighted_productivity_percent,add_to_v5_module_brief,Implemented output contract exists in code but is not documented in v5.0 brief.,hooks\useBusinessModelling.js,,implemented_contract_not_documented_in_brief
P1,implemented_not_briefed,business-setup,business_setup_output_contract,add_to_v5_module_brief,Implemented output contract exists in code but is not documented in v5.0 brief.,hooks\useRevenueCogs.js | hooks\useRevenueReality.js,,implemented_contract_not_documented_in_brief
P1,implemented_not_briefed,business-setup,business_setup_state,add_to_v5_module_brief,Implemented output contract exists in code but is not documented in v5.0 brief.,hooks\useBusinessSetup.js,,implemented_contract_not_documented_in_brief
P1,implemented_not_briefed,business-setup,output_contract,add_to_v5_module_brief,Implemented output contract exists in code but is not documented in v5.0 brief.,hooks\useBusinessSetup.js,,implemented_contract_not_documented_in_brief
P1,implemented_not_briefed,business-summary,business_recovery_hours,add_to_v5_module_brief,Implemented output contract exists in code but is not documented in v5.0 brief.,hooks\useBusinessSummary.js,,implemented_contract_not_documented_in_brief
P1,implemented_not_briefed,business-summary,business_summary,add_to_v5_module_brief,Implemented output contract exists in code but is not documented in v5.0 brief.,hooks\useBusinessModelling.js | hooks\useQuoteEngine.js | hooks\useRecoverySummary.js | hooks\useRevenueReality.js | lib\recovery\recoveryRiskWarningSystem.js,,implemented_contract_not_documented_in_brief
P1,implemented_not_briefed,business-summary,business_summary_output_contract,add_to_v5_module_brief,Implemented output contract exists in code but is not documented in v5.0 brief.,hooks\useBusinessModelling.js | hooks\useQuoteEngine.js | hooks\useRevenueReality.js | lib\calculations\quoteEngineCalculations.js,,implemented_contract_not_documented_in_brief
P1,implemented_not_briefed,business-summary,business_summary_outputs,add_to_v5_module_brief,Implemented output contract exists in code but is not documented in v5.0 brief.,hooks\useRecoverySummary.js,,implemented_contract_not_documented_in_brief
P1,implemented_not_briefed,business-summary,business_summary_usable,add_to_v5_module_brief,Implemented output contract exists in code but is not documented in v5.0 brief.,hooks\useBusinessModelling.js,,implemented_contract_not_documented_in_brief
P1,implemented_not_briefed,business-summary,business_summary_warnings,add_to_v5_module_brief,Implemented output contract exists in code but is not documented in v5.0 brief.,app\business-summary\page.jsx | components\business-summary\BusinessSummaryStatusStrip.jsx | hooks\useBusinessModelling.js | hooks\useBusinessSummary.js | hooks\useQuoteEngine.js | lib\calculations\businessModellingCalculations.js | lib\selectors\businessSummarySelectors.js | lib\selectors\quoteEngineSelectors.js,,implemented_contract_not_documented_in_brief | warnings_field
P1,implemented_not_briefed,business-summary,business_type,add_to_v5_module_brief,Implemented output contract exists in code but is not documented in v5.0 brief.,hooks\useBusinessSummary.js,,implemented_contract_not_documented_in_brief
P1,implemented_not_briefed,business-summary,calculations,add_to_v5_module_brief,Implemented output contract exists in code but is not documented in v5.0 brief.,hooks\useBusinessSummary.js,,implemented_contract_not_documented_in_brief
P1,implemented_not_briefed,business-summary,cost_burden_breakdown,add_to_v5_module_brief,Implemented output contract exists in code but is not documented in v5.0 brief.,hooks\useBusinessSummary.js,,implemented_contract_not_documented_in_brief
P1,implemented_not_briefed,business-summary,is_product_based,add_to_v5_module_brief,Implemented output contract exists in code but is not documented in v5.0 brief.,app\business-summary\page.jsx | components\business-summary\BusinessSummaryCard.jsx | components\business-summary\BusinessSummaryHierarchyBuilder.js | hooks\useBusinessSummary.js | lib\calculations\businessSummaryCalculations.js | lib\selectors\businessSummarySelectors.js,,implemented_contract_not_documented_in_brief | readiness_field
P1,implemented_not_briefed,business-summary,margin_pool,add_to_v5_module_brief,Implemented output contract exists in code but is not documented in v5.0 brief.,components\recovery-summary\main-card\RecoveryOutcomeDetail.jsx | components\recovery-summary\main-card\recoverySummaryWarningHelpers.js | components\recovery-summary\recoverySummaryWarningDetails.js | hooks\useBusinessModelling.js | hooks\useBusinessSummary.js | hooks\useRevenueReality.js | lib\calculations\recoverySummaryCalculations.js | lib\recovery\recoveryRiskWarningSystem.js | lib\selectors\businessSummarySelectors.js,,implemented_contract_not_documented_in_brief
P1,implemented_not_briefed,business-summary,net_position,add_to_v5_module_brief,Implemented output contract exists in code but is not documented in v5.0 brief.,components\recovery-summary\recoverySummaryWarningDetails.js | hooks\useBusinessModelling.js | lib\calculations\recoveryOutcomeCalculations.js | lib\calculations\recoverySummaryCalculations.js | lib\selectors\businessSummarySelectors.js,,implemented_contract_not_documented_in_brief
P1,implemented_not_briefed,business-summary,operating_recovery_hours,add_to_v5_module_brief,Implemented output contract exists in code but is not documented in v5.0 brief.,hooks\useBusinessSummary.js,,implemented_contract_not_documented_in_brief
P1,implemented_not_briefed,business-summary,output_contract,add_to_v5_module_brief,Implemented output contract exists in code but is not documented in v5.0 brief.,hooks\useBusinessSummary.js,,implemented_contract_not_documented_in_brief
P1,implemented_not_briefed,business-summary,people,add_to_v5_module_brief,Implemented output contract exists in code but is not documented in v5.0 brief.,components\business-summary\BusinessSummaryCard.jsx | components\business-summary\BusinessSummaryHierarchyBuilder.js | components\business-summary\BusinessSummaryMacroPositionCard.jsx | hooks\useBusinessSummary.js,,implemented_contract_not_documented_in_brief
P1,implemented_not_briefed,business-summary,product_based,add_to_v5_module_brief,Implemented output contract exists in code but is not documented in v5.0 brief.,hooks\useBusinessSummary.js,,implemented_contract_not_documented_in_brief
P1,implemented_not_briefed,business-summary,ready,add_to_v5_module_brief,Implemented output contract exists in code but is not documented in v5.0 brief.,hooks\useBusinessSummary.js | lib\selectors\businessSummarySelectors.js,,implemented_contract_not_documented_in_brief
P1,implemented_not_briefed,business-summary,recovery_hours_used,add_to_v5_module_brief,Implemented output contract exists in code but is not documented in v5.0 brief.,hooks\useBusinessSummary.js | lib\selectors\businessSummarySelectors.js,,implemented_contract_not_documented_in_brief
P1,implemented_not_briefed,business-summary,total_available_hours_before_productivity,add_to_v5_module_brief,Implemented output contract exists in code but is not documented in v5.0 brief.,hooks\useBusinessSummary.js,,implemented_contract_not_documented_in_brief
P1,implemented_not_briefed,business-summary,total_recovery_hours,add_to_v5_module_brief,Implemented output contract exists in code but is not documented in v5.0 brief.,hooks\useBusinessSummary.js,,implemented_contract_not_documented_in_brief
P1,implemented_not_briefed,business-summary,total_revenue,add_to_v5_module_brief,Implemented output contract exists in code but is not documented in v5.0 brief.,hooks\useBusinessSummary.js | lib\selectors\businessSummarySelectors.js,,implemented_contract_not_documented_in_brief
P1,implemented_not_briefed,business-summary,units_sold_annual,add_to_v5_module_brief,Implemented output contract exists in code but is not documented in v5.0 brief.,hooks\useBusinessSummary.js | lib\selectors\businessSummarySelectors.js,,implemented_contract_not_documented_in_brief
P1,implemented_not_briefed,business-summary,weighted_productivity_percent,add_to_v5_module_brief,Implemented output contract exists in code but is not documented in v5.0 brief.,hooks\useBusinessSummary.js,,implemented_contract_not_documented_in_brief
P1,implemented_not_briefed,cost-allocation,base_calculation_inputs,add_to_v5_module_brief,Implemented output contract exists in code but is not documented in v5.0 brief.,hooks\useCostAllocation.js,,implemented_contract_not_documented_in_brief
P1,implemented_not_briefed,cost-allocation,build_cost_allocation_output_contract,add_to_v5_module_brief,Implemented output contract exists in code but is not documented in v5.0 brief.,hooks\cost-allocation\useCostAllocationOutputContract.js | hooks\useCostAllocation.js,,implemented_contract_not_documented_in_brief
P1,implemented_not_briefed,cost-allocation,cost_allocation,add_to_v5_module_brief,Implemented output contract exists in code but is not documented in v5.0 brief.,app\recovery-outcome\page.jsx | components\rate-builder\RateBuilderLineCalculator.jsx | hooks\useRecoveryOutcome.js | lib\calculations\recoveryOutcomeCalculations.js | lib\recovery\recoveryRiskWarningSystem.js,,implemented_contract_not_documented_in_brief
P1,implemented_not_briefed,cost-allocation,cost_allocation_contract,add_to_v5_module_brief,Implemented output contract exists in code but is not documented in v5.0 brief.,app\recovery-outcome\page.jsx,,implemented_contract_not_documented_in_brief
P1,implemented_not_briefed,cost-allocation,fallback_recovery_summary,add_to_v5_module_brief,Implemented output contract exists in code but is not documented in v5.0 brief.,hooks\useCostAllocation.js,,implemented_contract_not_documented_in_brief
P1,implemented_not_briefed,cost-allocation,output_contract,add_to_v5_module_brief,Implemented output contract exists in code but is not documented in v5.0 brief.,hooks\useCostAllocation.js | lib\calculations\cost-allocation\costAllocationInputBuilder.js,,implemented_contract_not_documented_in_brief
P1,implemented_not_briefed,cost-allocation,recovery_hours_used,add_to_v5_module_brief,Implemented output contract exists in code but is not documented in v5.0 brief.,hooks\useCostAllocation.js,,implemented_contract_not_documented_in_brief
P1,implemented_not_briefed,cost-allocation,recovery_outputs,add_to_v5_module_brief,Implemented output contract exists in code but is not documented in v5.0 brief.,lib\calculations\cost-allocation\costAllocationInputBuilder.js,,implemented_contract_not_documented_in_brief
P1,implemented_not_briefed,cost-allocation,recovery_summary,add_to_v5_module_brief,Implemented output contract exists in code but is not documented in v5.0 brief.,hooks\useCostAllocation.js | lib\calculations\cost-allocation\costAllocationInputBuilder.js,,implemented_contract_not_documented_in_brief
P1,implemented_not_briefed,cost-summary,category_totals,add_to_v5_module_brief,Implemented output contract exists in code but is not documented in v5.0 brief.,hooks\useCostSummary.js,,implemented_contract_not_documented_in_brief
P1,implemented_not_briefed,cost-summary,cost_summary,add_to_v5_module_brief,Implemented output contract exists in code but is not documented in v5.0 brief.,hooks\useBusinessSummary.js | hooks\useQuoteEngine.js | hooks\useRevenueSummary.js | lib\audit\buildLiveAuditSnapshotExport.js,,implemented_contract_not_documented_in_brief
P1,implemented_not_briefed,cost-summary,cost_summary_output_contract,add_to_v5_module_brief,Implemented output contract exists in code but is not documented in v5.0 brief.,hooks\useBusinessSummary.js | hooks\useQuoteEngine.js | lib\calculations\quoteEngineCalculations.js,,implemented_contract_not_documented_in_brief
P1,implemented_not_briefed,cost-summary,cost_summary_outputs,add_to_v5_module_brief,Implemented output contract exists in code but is not documented in v5.0 brief.,hooks\useRevenueSummary.js,,implemented_contract_not_documented_in_brief
P1,implemented_not_briefed,cost-summary,cost_summary_ready,add_to_v5_module_brief,Implemented output contract exists in code but is not documented in v5.0 brief.,hooks\useBusinessSummary.js | lib\selectors\businessSummarySelectors.js,,implemented_contract_not_documented_in_brief | readiness_field
P1,implemented_not_briefed,cost-summary,employer_contribution_totals,add_to_v5_module_brief,Implemented output contract exists in code but is not documented in v5.0 brief.,hooks\useCostSummary.js,,implemented_contract_not_documented_in_brief
P1,implemented_not_briefed,cost-summary,entitlement_totals,add_to_v5_module_brief,Implemented output contract exists in code but is not documented in v5.0 brief.,hooks\useCostSummary.js,,implemented_contract_not_documented_in_brief
P1,implemented_not_briefed,cost-summary,finance_cost_annual,add_to_v5_module_brief,Implemented output contract exists in code but is not documented in v5.0 brief.,hooks\useCostSummary.js,,implemented_contract_not_documented_in_brief
P1,implemented_not_briefed,cost-summary,legacy_display,add_to_v5_module_brief,Implemented output contract exists in code but is not documented in v5.0 brief.,hooks\useCostSummary.js,,implemented_contract_not_documented_in_brief
P1,implemented_not_briefed,cost-summary,output_contract,add_to_v5_module_brief,Implemented output contract exists in code but is not documented in v5.0 brief.,hooks\useCostSummary.js | lib\selectors\costSummarySelectors.js,,implemented_contract_not_documented_in_brief
P1,implemented_not_briefed,cost-summary,required_recovery_rate,add_to_v5_module_brief,Implemented output contract exists in code but is not documented in v5.0 brief.,hooks\useBusinessModelling.js | hooks\useBusinessSummary.js | lib\calculations\quoteEngineCalculations.js | lib\recovery\recoveryRiskWarningSystem.js | lib\selectors\quoteEngineSelectors.js,,implemented_contract_not_documented_in_brief
P1,implemented_not_briefed,cost-summary,running_cost_annual,add_to_v5_module_brief,Implemented output contract exists in code but is not documented in v5.0 brief.,hooks\useCostSummary.js,,implemented_contract_not_documented_in_brief
P1,implemented_not_briefed,cost-summary,total_available_hours_before_productivity,add_to_v5_module_brief,Implemented output contract exists in code but is not documented in v5.0 brief.,lib\selectors\costSummarySelectors.js,,implemented_contract_not_documented_in_brief
P1,implemented_not_briefed,cost-summary,total_business_cost_annual,add_to_v5_module_brief,Implemented output contract exists in code but is not documented in v5.0 brief.,hooks\useCostSummary.js,,implemented_contract_not_documented_in_brief
P1,implemented_not_briefed,cost-summary,total_people_cost_annual,add_to_v5_module_brief,Implemented output contract exists in code but is not documented in v5.0 brief.,hooks\useBusinessSummary.js | hooks\useCostSummary.js | hooks\useRevenueReality.js | lib\audit\buildLiveAuditSnapshotExport.js | lib\calculations\quoteEngineCalculations.js | lib\calculations\recoverySummaryCalculations.js,,implemented_contract_not_documented_in_brief
P1,implemented_not_briefed,cost-summary,total_recovery_hours,add_to_v5_module_brief,Implemented output contract exists in code but is not documented in v5.0 brief.,lib\selectors\costSummarySelectors.js,,implemented_contract_not_documented_in_brief
P1,implemented_not_briefed,cost-summary,weighted_productivity_percent,add_to_v5_module_brief,Implemented output contract exists in code but is not documented in v5.0 brief.,hooks\useCostSummary.js | lib\selectors\costSummarySelectors.js,,implemented_contract_not_documented_in_brief
P1,implemented_not_briefed,general-overheads,actions,add_to_v5_module_brief,Implemented output contract exists in code but is not documented in v5.0 brief.,hooks\useGeneralOverheads.js,,implemented_contract_not_documented_in_brief
P1,implemented_not_briefed,general-overheads,allocation_outputs,add_to_v5_module_brief,Implemented output contract exists in code but is not documented in v5.0 brief.,hooks\useGeneralOverheads.js,,implemented_contract_not_documented_in_brief
P1,implemented_not_briefed,general-overheads,build_general_overhead_allocation_outputs,add_to_v5_module_brief,Implemented output contract exists in code but is not documented in v5.0 brief.,hooks\useGeneralOverheads.js,,implemented_contract_not_documented_in_brief
P1,implemented_not_briefed,general-overheads,current_overhead_state,add_to_v5_module_brief,Implemented output contract exists in code but is not documented in v5.0 brief.,hooks\useGeneralOverheads.js,,implemented_contract_not_documented_in_brief
P1,implemented_not_briefed,general-overheads,employee_overheads_benchmark_total,add_to_v5_module_brief,Implemented output contract exists in code but is not documented in v5.0 brief.,lib\reconciliation\reconciliationRules.js,,implemented_contract_not_documented_in_brief
P1,implemented_not_briefed,general-overheads,employee_overheads_check,add_to_v5_module_brief,Implemented output contract exists in code but is not documented in v5.0 brief.,lib\reconciliation\reconciliationRules.js,,implemented_contract_not_documented_in_brief
P1,implemented_not_briefed,general-overheads,employee_overheads_lines,add_to_v5_module_brief,Implemented output contract exists in code but is not documented in v5.0 brief.,lib\reconciliation\reconciliationRules.js,,implemented_contract_not_documented_in_brief
P1,implemented_not_briefed,general-overheads,general_overheads,add_to_v5_module_brief,Implemented output contract exists in code but is not documented in v5.0 brief.,app\cost-summary\page.jsx | components\model-readiness\ModelReadinessAuditPanel.jsx | hooks\useBusinessSummary.js | hooks\useCostSummary.js | hooks\useQuoteEngine.js | hooks\useRecoverySummary.js,,implemented_contract_not_documented_in_brief
P1,implemented_not_briefed,general-overheads,general_overheads_output,add_to_v5_module_brief,Implemented output contract exists in code but is not documented in v5.0 brief.,components\model-readiness\ModelReadinessAuditPanel.jsx,,implemented_contract_not_documented_in_brief
P1,implemented_not_briefed,general-overheads,general_overheads_output_contract,add_to_v5_module_brief,Implemented output contract exists in code but is not documented in v5.0 brief.,hooks\useCostSummary.js | lib\reconciliation\moduleReconciliation.js | lib\reconciliation\reconciliationRules.js,,implemented_contract_not_documented_in_brief
P1,implemented_not_briefed,general-overheads,general_overheads_outputs,add_to_v5_module_brief,Implemented output contract exists in code but is not documented in v5.0 brief.,hooks\useRecoverySummary.js,,implemented_contract_not_documented_in_brief
P1,implemented_not_briefed,general-overheads,grouped_overhead_rows,add_to_v5_module_brief,Implemented output contract exists in code but is not documented in v5.0 brief.,components\general-overheads\GeneralOverheadSummaryCard.jsx | lib\selectors\general-overheads\generalOverheadCardSelector.js,,implemented_contract_not_documented_in_brief
P1,implemented_not_briefed,general-overheads,grouped_summary,add_to_v5_module_brief,Implemented output contract exists in code but is not documented in v5.0 brief.,lib\selectors\general-overheads\generalOverheadCardSelector.js,,implemented_contract_not_documented_in_brief
P1,implemented_not_briefed,general-overheads,is_hydrated,add_to_v5_module_brief,Implemented output contract exists in code but is not documented in v5.0 brief.,hooks\useGeneralOverheads.js,,implemented_contract_not_documented_in_brief | readiness_field
P1,implemented_not_briefed,general-overheads,operating_expense_lines,add_to_v5_module_brief,Implemented output contract exists in code but is not documented in v5.0 brief.,hooks\useGeneralOverheads.js,,implemented_contract_not_documented_in_brief
P1,implemented_not_briefed,general-overheads,output_contract,add_to_v5_module_brief,Implemented output contract exists in code but is not documented in v5.0 brief.,components\general-overheads\GeneralOverheadSummaryCard.jsx | hooks\useGeneralOverheads.js | lib\selectors\general-overheads\generalOverheadCardSelector.js,,implemented_contract_not_documented_in_brief
P1,implemented_not_briefed,general-overheads,overhead_rows,add_to_v5_module_brief,Implemented output contract exists in code but is not documented in v5.0 brief.,components\general-overheads\GeneralOverheadSummaryCard.jsx | hooks\useCostSummary.js,,implemented_contract_not_documented_in_brief
P1,implemented_not_briefed,general-overheads,overhead_state,add_to_v5_module_brief,Implemented output contract exists in code but is not documented in v5.0 brief.,hooks\useGeneralOverheads.js | lib\selectors\general-overheads\generalOverheadCardSelector.js,,implemented_contract_not_documented_in_brief
P1,implemented_not_briefed,general-overheads,pool_key,add_to_v5_module_brief,Implemented output contract exists in code but is not documented in v5.0 brief.,components\general-overheads\GeneralOverheadSummaryCard.jsx,,implemented_contract_not_documented_in_brief
P1,implemented_not_briefed,general-overheads,system_allocation_amount_overrides,add_to_v5_module_brief,Implemented output contract exists in code but is not documented in v5.0 brief.,hooks\useGeneralOverheads.js,,implemented_contract_not_documented_in_brief
P1,implemented_not_briefed,labour,active_staff,add_to_v5_module_brief,Implemented output contract exists in code but is not documented in v5.0 brief.,hooks\useCostSummary.js | lib\calculations\cost-allocation\costAllocationLabourAdapter.js | lib\calculations\cost-allocation\costAllocationValidation.js | lib\calculations\costAllocationRules.js | lib\selectors\costSummarySelectors.js,,implemented_contract_not_documented_in_brief
P1,implemented_not_briefed,labour,all_labour_type_rows,add_to_v5_module_brief,Implemented output contract exists in code but is not documented in v5.0 brief.,hooks\useCostAllocation.js,,implemented_contract_not_documented_in_brief
P1,implemented_not_briefed,labour,build_active_labour_rate_model_for_calculation,add_to_v5_module_brief,Implemented output contract exists in code but is not documented in v5.0 brief.,hooks\rate-builder\useRateBuilderLabourRates.js,,implemented_contract_not_documented_in_brief
P1,implemented_not_briefed,labour,build_all_labour_type_rows,add_to_v5_module_brief,Implemented output contract exists in code but is not documented in v5.0 brief.,hooks\useCostAllocation.js | lib\calculations\cost-allocation\costAllocationLabourAdapter.js,,implemented_contract_not_documented_in_brief
P1,implemented_not_briefed,labour,build_cost_allocation_output_contract,add_to_v5_module_brief,Implemented output contract exists in code but is not documented in v5.0 brief.,hooks\rate-builder\useRateBuilderLabourRates.js | lib\selectors\rate-builder\rateBuilderLabourModelSelectors.js,,implemented_contract_not_documented_in_brief
P1,implemented_not_briefed,labour,build_labour_rate_result_metrics,add_to_v5_module_brief,Implemented output contract exists in code but is not documented in v5.0 brief.,hooks\rate-builder\useRateBuilderLabourRates.js,,implemented_contract_not_documented_in_brief
P1,implemented_not_briefed,labour,build_labour_type_rows_by_class,add_to_v5_module_brief,Implemented output contract exists in code but is not documented in v5.0 brief.,lib\calculations\cost-allocation\costAllocationLabourAdapter.js,,implemented_contract_not_documented_in_brief
P1,implemented_not_briefed,labour,build_productive_labour_type_rows,add_to_v5_module_brief,Implemented output contract exists in code but is not documented in v5.0 brief.,hooks\useCostAllocation.js | lib\calculations\cost-allocation\costAllocationLabourAdapter.js,,implemented_contract_not_documented_in_brief
P1,implemented_not_briefed,labour,build_support_labour_type_rows,add_to_v5_module_brief,Implemented output contract exists in code but is not documented in v5.0 brief.,hooks\useCostAllocation.js | lib\calculations\cost-allocation\costAllocationLabourAdapter.js,,implemented_contract_not_documented_in_brief
P1,implemented_not_briefed,labour,cost_allocation,add_to_v5_module_brief,Implemented output contract exists in code but is not documented in v5.0 brief.,hooks\rate-builder\useRateBuilderLabourRates.js | lib\selectors\rate-builder\rateBuilderLabourModelSelectors.js,,implemented_contract_not_documented_in_brief
P1,implemented_not_briefed,labour,cost_allocation_output_contract,add_to_v5_module_brief,Implemented output contract exists in code but is not documented in v5.0 brief.,hooks\rate-builder\useRateBuilderLabourRates.js,,implemented_contract_not_documented_in_brief
P1,implemented_not_briefed,labour,expected_labour_margin_percent,add_to_v5_module_brief,Implemented output contract exists in code but is not documented in v5.0 brief.,lib\selectors\quickStartSelectors.js | lib\storage\quickStartStorage.js,,implemented_contract_not_documented_in_brief
P1,implemented_not_briefed,labour,get_nested_value,add_to_v5_module_brief,Implemented output contract exists in code but is not documented in v5.0 brief.,lib\selectors\rate-builder\rateBuilderLabourSourceSelectors.js,,implemented_contract_not_documented_in_brief
P1,implemented_not_briefed,labour,is_labour_based,add_to_v5_module_brief,Implemented output contract exists in code but is not documented in v5.0 brief.,app\business-summary\page.jsx | components\business-summary\BusinessSummaryCard.jsx | components\business-summary\BusinessSummaryHierarchyBuilder.js | hooks\useBusinessSummary.js | hooks\useRecoverySummary.js | hooks\useRevenueReality.js | lib\calculations\businessSummaryCalculations.js | lib\calculations\recoverySummaryCalculations.js | lib\calculations\revenueRealityCalculations.js | lib\selectors\businessSummarySelectors.js | lib\selectors\recoverySummarySelectors.js,,implemented_contract_not_documented_in_brief | readiness_field
P1,implemented_not_briefed,labour,is_labour_reality,add_to_v5_module_brief,Implemented output contract exists in code but is not documented in v5.0 brief.,components\quick-start\QuickStartMainCard.jsx | lib\selectors\quickStartSelectors.js,,implemented_contract_not_documented_in_brief | readiness_field
P1,implemented_not_briefed,labour,labour,add_to_v5_module_brief,Implemented output contract exists in code but is not documented in v5.0 brief.,app\cost-summary\page.jsx | hooks\useBusinessSummary.js | hooks\useQuoteEngine.js | hooks\useRecoverySummary.js,,implemented_contract_not_documented_in_brief
P1,implemented_not_briefed,labour,labour_based,add_to_v5_module_brief,Implemented output contract exists in code but is not documented in v5.0 brief.,hooks\useRevenueReality.js | lib\calculations\recoverySummaryCalculations.js,,implemented_contract_not_documented_in_brief
P1,implemented_not_briefed,labour,labour_data,add_to_v5_module_brief,Implemented output contract exists in code but is not documented in v5.0 brief.,hooks\useCostSummary.js,,implemented_contract_not_documented_in_brief
P1,implemented_not_briefed,labour,labour_hours,add_to_v5_module_brief,Implemented output contract exists in code but is not documented in v5.0 brief.,lib\selectors\quickStartSelectors.js | lib\storage\quickStartStorage.js,,implemented_contract_not_documented_in_brief
P1,implemented_not_briefed,labour,labour_output,add_to_v5_module_brief,Implemented output contract exists in code but is not documented in v5.0 brief.,components\model-readiness\ModelReadinessAuditPanel.jsx | hooks\rate-builder\useRateBuilderLabourRates.js,,implemented_contract_not_documented_in_brief
P1,implemented_not_briefed,labour,labour_output_contract,add_to_v5_module_brief,Implemented output contract exists in code but is not documented in v5.0 brief.,hooks\useCostSummary.js | hooks\useQuoteEngine.js | hooks\useRevenueReality.js | lib\calculations\cost-allocation\costAllocationLabourAdapter.js | lib\calculations\quoteEngineCalculations.js | lib\reconciliation\moduleReconciliation.js | lib\reconciliation\reconciliationRules.js,,implemented_contract_not_documented_in_brief
P1,implemented_not_briefed,labour,labour_outputs,add_to_v5_module_brief,Implemented output contract exists in code but is not documented in v5.0 brief.,hooks\useRecoverySummary.js | lib\reconciliation\moduleReconciliation.js | lib\reconciliation\reconciliationRules.js,,implemented_contract_not_documented_in_brief
P1,implemented_not_briefed,labour,labour_pct,add_to_v5_module_brief,Implemented output contract exists in code but is not documented in v5.0 brief.,lib\selectors\quickStartSelectors.js,,implemented_contract_not_documented_in_brief
P1,implemented_not_briefed,labour,labour_profiles,add_to_v5_module_brief,Implemented output contract exists in code but is not documented in v5.0 brief.,hooks\useEmployeeOverheads.js,,implemented_contract_not_documented_in_brief
P1,implemented_not_briefed,labour,labour_rate,add_to_v5_module_brief,Implemented output contract exists in code but is not documented in v5.0 brief.,components\labour\ScenarioModelCard.jsx | lib\calculations\quickStartCalculations.js | lib\selectors\labour\labourStatusSelectors.js | lib\selectors\quickStartSelectors.js | lib\storage\labourRateRealityCheckStorage.js | lib\storage\labourStorage.js | lib\storage\quickStartStorage.js,,implemented_contract_not_documented_in_brief
P1,implemented_not_briefed,labour,labour_rate_reality_check,add_to_v5_module_brief,Implemented output contract exists in code but is not documented in v5.0 brief.,lib\selectors\quickStartSelectors.js,,implemented_contract_not_documented_in_brief
P1,implemented_not_briefed,labour,labour_value,add_to_v5_module_brief,Implemented output contract exists in code but is not documented in v5.0 brief.,lib\selectors\quickStartSelectors.js,,implemented_contract_not_documented_in_brief
P1,implemented_not_briefed,labour,output_contract,add_to_v5_module_brief,Implemented output contract exists in code but is not documented in v5.0 brief.,components\labour\LabourCompactWorkspaceCard.jsx | hooks\useLabour.js | lib\selectors\rate-builder\rateBuilderLabourModelSelectors.js | lib\selectors\rate-builder\rateBuilderLabourSourceSelectors.js,,implemented_contract_not_documented_in_brief
P1,implemented_not_briefed,labour,productive_hours,add_to_v5_module_brief,Implemented output contract exists in code but is not documented in v5.0 brief.,hooks\cost-allocation\useCostAllocationGroupRecoveryRows.js | lib\reconciliation\reconciliationRules.js | lib\selectors\labour\labourStatusSelectors.js,,implemented_contract_not_documented_in_brief
P1,implemented_not_briefed,labour,productive_labour_type_rows,add_to_v5_module_brief,Implemented output contract exists in code but is not documented in v5.0 brief.,hooks\useCostAllocation.js,,implemented_contract_not_documented_in_brief
P1,implemented_not_briefed,labour,productive_labour_types,add_to_v5_module_brief,Implemented output contract exists in code but is not documented in v5.0 brief.,hooks\useCostSummary.js,,implemented_contract_not_documented_in_brief
P1,implemented_not_briefed,labour,productive_rows,add_to_v5_module_brief,Implemented output contract exists in code but is not documented in v5.0 brief.,lib\calculations\cost-allocation\costAllocationLabourAdapter.js,,implemented_contract_not_documented_in_brief
P1,implemented_not_briefed,labour,productive_staff_type_rate_warnings,add_to_v5_module_brief,Implemented output contract exists in code but is not documented in v5.0 brief.,components\labour\LabourCompactWorkspaceCard.jsx | components\labour\ProductiveStaffTypeRatesPanel.jsx | lib\calculations\labourCalculations.js | lib\selectors\labour\labourOutputContractSelectors.js,,implemented_contract_not_documented_in_brief | warnings_field
P1,implemented_not_briefed,labour,profile_rows,add_to_v5_module_brief,Implemented output contract exists in code but is not documented in v5.0 brief.,hooks\useLabour.js,,implemented_contract_not_documented_in_brief
P1,implemented_not_briefed,labour,rate_builder_labour_recovery_rows,add_to_v5_module_brief,Implemented output contract exists in code but is not documented in v5.0 brief.,hooks\useCostAllocation.js | lib\selectors\rate-builder\rateBuilderLabourSourceSelectors.js,,implemented_contract_not_documented_in_brief
P1,implemented_not_briefed,labour,recovery_plan,add_to_v5_module_brief,Implemented output contract exists in code but is not documented in v5.0 brief.,lib\selectors\rate-builder\rateBuilderLabourModelSelectors.js | lib\selectors\rate-builder\rateBuilderLabourSourceSelectors.js,,implemented_contract_not_documented_in_brief
P1,implemented_not_briefed,labour,required_labour_burden_rate,add_to_v5_module_brief,Implemented output contract exists in code but is not documented in v5.0 brief.,app\business-summary\page.jsx | hooks\useBusinessSummary.js,,implemented_contract_not_documented_in_brief
P1,implemented_not_briefed,labour,required_labour_class,add_to_v5_module_brief,Implemented output contract exists in code but is not documented in v5.0 brief.,lib\calculations\cost-allocation\costAllocationLabourAdapter.js,,implemented_contract_not_documented_in_brief
P1,implemented_not_briefed,labour,safe_array,add_to_v5_module_brief,Implemented output contract exists in code but is not documented in v5.0 brief.,lib\calculations\cost-allocation\costAllocationLabourAdapter.js,,implemented_contract_not_documented_in_brief
P1,implemented_not_briefed,labour,support_labour_type_rows,add_to_v5_module_brief,Implemented output contract exists in code but is not documented in v5.0 brief.,hooks\useCostAllocation.js,,implemented_contract_not_documented_in_brief
P1,implemented_not_briefed,labour,support_rows,add_to_v5_module_brief,Implemented output contract exists in code but is not documented in v5.0 brief.,lib\calculations\cost-allocation\costAllocationLabourAdapter.js,,implemented_contract_not_documented_in_brief
P1,implemented_not_briefed,labour,total_productive_paid_hours,add_to_v5_module_brief,Implemented output contract exists in code but is not documented in v5.0 brief.,components\labour\LabourCompactWorkspaceCard.jsx | components\labour\ProductiveStaffTypeRatesPanel.jsx,,implemented_contract_not_documented_in_brief
P1,implemented_not_briefed,labour,total_staff_recovery_hours,add_to_v5_module_brief,Implemented output contract exists in code but is not documented in v5.0 brief.,hooks\useBusinessSummary.js | lib\selectors\costSummarySelectors.js,,implemented_contract_not_documented_in_brief
P1,implemented_not_briefed,labour,weighted_all_productive_productivity_percent,add_to_v5_module_brief,Implemented output contract exists in code but is not documented in v5.0 brief.,components\labour\LabourCompactWorkspaceCard.jsx,,implemented_contract_not_documented_in_brief
P1,implemented_not_briefed,model-readiness,model_readiness,add_to_v5_module_brief,Implemented output contract exists in code but is not documented in v5.0 brief.,app\cost-summary\page.jsx | hooks\useBusinessSummary.js | hooks\useCostSummary.js | hooks\useQuoteEngine.js | hooks\useRecoverySummary.js | lib\selectors\costSummarySelectors.js,,implemented_contract_not_documented_in_brief
P1,implemented_not_briefed,model-readiness,model_readiness_status,add_to_v5_module_brief,Implemented output contract exists in code but is not documented in v5.0 brief.,app\business-summary\page.jsx | app\cost-summary\page.jsx | app\dev\model-readiness\page.jsx | app\model-readiness\page.jsx | app\quote-engine\page.jsx | components\cost-summary\CostSummaryStatusStrip.jsx | components\model-readiness\ModelReadinessAuditPanel.jsx | components\model-readiness\ModelReadinessStatusStrip.jsx | components\quote-engine\QuoteEngineStatusStrip.jsx | hooks\useBusinessSummary.js | hooks\useCostSummary.js | hooks\useQuoteEngine.js | lib\calculations\modelReadinessCalculations.js | lib\calculations\quoteEngineCalculations.js | lib\selectors\costSummarySelectors.js | lib\selectors\quoteEngineSelectors.js,,implemented_contract_not_documented_in_brief | status_field
P1,implemented_not_briefed,model-readiness,model_ready,add_to_v5_module_brief,Implemented output contract exists in code but is not documented in v5.0 brief.,app\cost-summary\page.jsx | app\dev\model-readiness\page.jsx | app\model-readiness\page.jsx | app\quote-engine\page.jsx | components\cost-summary\CostSummaryStatusStrip.jsx | components\model-readiness\ModelReadinessAuditPanel.jsx | components\model-readiness\ModelReadinessStatusStrip.jsx | hooks\useBusinessSummary.js | hooks\useCostSummary.js | hooks\useQuoteEngine.js | lib\calculations\modelReadinessCalculations.js | lib\calculations\quoteEngineCalculations.js | lib\selectors\costSummarySelectors.js | lib\selectors\quoteEngineSelectors.js,,implemented_contract_not_documented_in_brief | readiness_field
P1,implemented_not_briefed,model-readiness,model_trust_state,add_to_v5_module_brief,Implemented output contract exists in code but is not documented in v5.0 brief.,app\business-modelling\page.jsx | app\quote-engine\page.jsx | components\business-modelling\BusinessModellingBaselineCard.jsx | components\quote-engine\QuoteEngineStatusStrip.jsx | hooks\useBusinessModelling.js | hooks\useBusinessSummary.js | hooks\useQuoteEngine.js | hooks\useRecoverySummary.js | lib\calculations\businessModellingCalculations.js | lib\calculations\cost-allocation\costAllocationInputBuilder.js | lib\calculations\quoteEngineCalculations.js | lib\calculations\recoveryOutcomeCalculations.js | lib\calculations\recoverySummaryCalculations.js | lib\selectors\businessModellingSelectors.js | lib\selectors\businessSummarySelectors.js | lib\selectors\quoteEngineSelectors.js | lib\selectors\recoveryOutcomeSelectors.js | lib\selectors\recoverySummarySelectors.js,,implemented_contract_not_documented_in_brief | trust_state_field
P1,implemented_not_briefed,model-readiness,output_contract,add_to_v5_module_brief,Implemented output contract exists in code but is not documented in v5.0 brief.,components\model-readiness\ModelReadinessAuditPanel.jsx,,implemented_contract_not_documented_in_brief
P1,implemented_not_briefed,model-readiness,quote_model_trust_state,add_to_v5_module_brief,Implemented output contract exists in code but is not documented in v5.0 brief.,hooks\useQuoteEngine.js | lib\calculations\quoteEngineCalculations.js | lib\selectors\quoteEngineSelectors.js,,implemented_contract_not_documented_in_brief | trust_state_field
P1,implemented_not_briefed,module-reconciliation,acc_work_levy_annual,add_to_v5_module_brief,Implemented output contract exists in code but is not documented in v5.0 brief.,lib\reconciliation\reconciliationRules.js,,implemented_contract_not_documented_in_brief
P1,implemented_not_briefed,module-reconciliation,finance_cost_annual,add_to_v5_module_brief,Implemented output contract exists in code but is not documented in v5.0 brief.,lib\reconciliation\reconciliationRules.js,,implemented_contract_not_documented_in_brief
P1,implemented_not_briefed,module-reconciliation,has_legacy_running_cost,add_to_v5_module_brief,Implemented output contract exists in code but is not documented in v5.0 brief.,lib\reconciliation\reconciliationRules.js,,implemented_contract_not_documented_in_brief
P1,implemented_not_briefed,module-reconciliation,is_ready,add_to_v5_module_brief,Implemented output contract exists in code but is not documented in v5.0 brief.,lib\reconciliation\reconciliationRules.js,,implemented_contract_not_documented_in_brief | readiness_field
P1,implemented_not_briefed,module-reconciliation,legacy_running_cost_check,add_to_v5_module_brief,Implemented output contract exists in code but is not documented in v5.0 brief.,lib\reconciliation\reconciliationRules.js,,implemented_contract_not_documented_in_brief
P1,implemented_not_briefed,module-reconciliation,output_contract,add_to_v5_module_brief,Implemented output contract exists in code but is not documented in v5.0 brief.,hooks\useModuleReconciliation.js | lib\reconciliation\moduleReconciliation.js,,implemented_contract_not_documented_in_brief
P1,implemented_not_briefed,module-reconciliation,running_cost_annual,add_to_v5_module_brief,Implemented output contract exists in code but is not documented in v5.0 brief.,lib\reconciliation\reconciliationRules.js,,implemented_contract_not_documented_in_brief
P1,implemented_not_briefed,module-reconciliation,total_acc_levy_annual,add_to_v5_module_brief,Implemented output contract exists in code but is not documented in v5.0 brief.,lib\reconciliation\moduleReconciliation.js | lib\reconciliation\reconciliationRules.js,,implemented_contract_not_documented_in_brief
P1,implemented_not_briefed,module-reconciliation,total_business_costs,add_to_v5_module_brief,Implemented output contract exists in code but is not documented in v5.0 brief.,lib\reconciliation\reconciliationRules.js,,implemented_contract_not_documented_in_brief
P1,implemented_not_briefed,module-reconciliation,total_other_income,add_to_v5_module_brief,Implemented output contract exists in code but is not documented in v5.0 brief.,lib\reconciliation\reconciliationRules.js,,implemented_contract_not_documented_in_brief
P1,implemented_not_briefed,module-reconciliation,unassigned_balance,add_to_v5_module_brief,Implemented output contract exists in code but is not documented in v5.0 brief.,lib\reconciliation\reconciliationRules.js,,implemented_contract_not_documented_in_brief
P1,implemented_not_briefed,opening-hours,macro_required_operating_hour_rate,add_to_v5_module_brief,Implemented output contract exists in code but is not documented in v5.0 brief.,app\business-summary\page.jsx | app\cost-summary\page.jsx | components\business-summary\BusinessSummaryCard.jsx | components\business-summary\BusinessSummaryStatusStrip.jsx | components\cost-summary\CostSummaryCard.jsx | components\cost-summary\CostSummaryStatusStrip.jsx | hooks\useBusinessSummary.js | hooks\useCostSummary.js | lib\calculations\costSummaryCalculations.js | lib\selectors\businessSummarySelectors.js | lib\selectors\costSummarySelectors.js,,implemented_contract_not_documented_in_brief
P1,implemented_not_briefed,opening-hours,net_annual_business_open_hours,add_to_v5_module_brief,Implemented output contract exists in code but is not documented in v5.0 brief.,components\business-summary\BusinessSummaryStatusStrip.jsx | hooks\useBusinessSummary.js | lib\selectors\openingHoursSelectors.js,,implemented_contract_not_documented_in_brief
P1,implemented_not_briefed,opening-hours,opening_hours_module,add_to_v5_module_brief,Implemented output contract exists in code but is not documented in v5.0 brief.,hooks\useCostSummary.js,,implemented_contract_not_documented_in_brief
P1,implemented_not_briefed,p-and-l,Ready,add_to_v5_module_brief,Implemented output contract exists in code but is not documented in v5.0 brief.,lib\selectors\profitAndLossSelectors.js,,implemented_contract_not_documented_in_brief
P1,implemented_not_briefed,p-and-l,assets_benchmark_total,add_to_v5_module_brief,Implemented output contract exists in code but is not documented in v5.0 brief.,lib\selectors\profitAndLossSelectors.js,,implemented_contract_not_documented_in_brief
P1,implemented_not_briefed,p-and-l,build_general_overheads_from_pnl,add_to_v5_module_brief,Implemented output contract exists in code but is not documented in v5.0 brief.,hooks\useGeneralOverheads.js,,implemented_contract_not_documented_in_brief
P1,implemented_not_briefed,p-and-l,build_pnl_sync_signature,add_to_v5_module_brief,Implemented output contract exists in code but is not documented in v5.0 brief.,hooks\useGeneralOverheads.js,,implemented_contract_not_documented_in_brief
P1,implemented_not_briefed,p-and-l,build_reconciliation,add_to_v5_module_brief,Implemented output contract exists in code but is not documented in v5.0 brief.,lib\selectors\profitAndLossSelectors.js,,implemented_contract_not_documented_in_brief
P1,implemented_not_briefed,p-and-l,build_unassigned_details,add_to_v5_module_brief,Implemented output contract exists in code but is not documented in v5.0 brief.,lib\selectors\profitAndLossSelectors.js,,implemented_contract_not_documented_in_brief
P1,implemented_not_briefed,p-and-l,build_warnings,add_to_v5_module_brief,Implemented output contract exists in code but is not documented in v5.0 brief.,lib\selectors\profitAndLossSelectors.js,,implemented_contract_not_documented_in_brief | warnings_field
P1,implemented_not_briefed,p-and-l,direct_cost_category_totals,add_to_v5_module_brief,Implemented output contract exists in code but is not documented in v5.0 brief.,lib\selectors\profitAndLossSelectors.js,,implemented_contract_not_documented_in_brief
P1,implemented_not_briefed,p-and-l,employee_overheads_benchmark_total,add_to_v5_module_brief,Implemented output contract exists in code but is not documented in v5.0 brief.,lib\selectors\profitAndLossSelectors.js,,implemented_contract_not_documented_in_brief
P1,implemented_not_briefed,p-and-l,excluded_asset_finance_interest_total,add_to_v5_module_brief,Implemented output contract exists in code but is not documented in v5.0 brief.,lib\selectors\profitAndLossSelectors.js,,implemented_contract_not_documented_in_brief
P1,implemented_not_briefed,p-and-l,format_number,add_to_v5_module_brief,Implemented output contract exists in code but is not documented in v5.0 brief.,lib\selectors\profitAndLossSelectors.js,,implemented_contract_not_documented_in_brief
P1,implemented_not_briefed,p-and-l,general_overheads_benchmark_total,add_to_v5_module_brief,Implemented output contract exists in code but is not documented in v5.0 brief.,lib\selectors\profitAndLossSelectors.js,,implemented_contract_not_documented_in_brief
P1,implemented_not_briefed,p-and-l,good,add_to_v5_module_brief,Implemented output contract exists in code but is not documented in v5.0 brief.,components\p-and-l\ProfitAndLossStatusStrip.jsx | lib\selectors\profitAndLossSelectors.js,,implemented_contract_not_documented_in_brief
P1,implemented_not_briefed,p-and-l,gross_profit,add_to_v5_module_brief,Implemented output contract exists in code but is not documented in v5.0 brief.,lib\selectors\profitAndLossSelectors.js,,implemented_contract_not_documented_in_brief
P1,implemented_not_briefed,p-and-l,hired_equipment_cost,add_to_v5_module_brief,Implemented output contract exists in code but is not documented in v5.0 brief.,lib\selectors\profitAndLossSelectors.js,,implemented_contract_not_documented_in_brief
P1,implemented_not_briefed,p-and-l,label,add_to_v5_module_brief,Implemented output contract exists in code but is not documented in v5.0 brief.,lib\selectors\profitAndLossSelectors.js,,implemented_contract_not_documented_in_brief
P1,implemented_not_briefed,p-and-l,materials_cost,add_to_v5_module_brief,Implemented output contract exists in code but is not documented in v5.0 brief.,lib\selectors\profitAndLossSelectors.js,,implemented_contract_not_documented_in_brief
P1,implemented_not_briefed,p-and-l,model_total_costs,add_to_v5_module_brief,Implemented output contract exists in code but is not documented in v5.0 brief.,lib\selectors\profitAndLossSelectors.js,,implemented_contract_not_documented_in_brief
P1,implemented_not_briefed,p-and-l,net_profit,add_to_v5_module_brief,Implemented output contract exists in code but is not documented in v5.0 brief.,lib\selectors\profitAndLossSelectors.js,,implemented_contract_not_documented_in_brief
P1,implemented_not_briefed,p-and-l,output_contract,add_to_v5_module_brief,Implemented output contract exists in code but is not documented in v5.0 brief.,hooks\useProfitAndLoss.js | lib\selectors\profitAndLossSelectors.js,,implemented_contract_not_documented_in_brief
P1,implemented_not_briefed,p-and-l,pnl_interest_marked_asset_finance_total,add_to_v5_module_brief,Implemented output contract exists in code but is not documented in v5.0 brief.,lib\reconciliation\reconciliationRules.js | lib\selectors\profitAndLossSelectors.js,,implemented_contract_not_documented_in_brief
P1,implemented_not_briefed,p-and-l,pnl_interest_total,add_to_v5_module_brief,Implemented output contract exists in code but is not documented in v5.0 brief.,lib\selectors\profitAndLossSelectors.js,,implemented_contract_not_documented_in_brief
P1,implemented_not_briefed,p-and-l,pnl_output,add_to_v5_module_brief,Implemented output contract exists in code but is not documented in v5.0 brief.,components\model-readiness\ModelReadinessAuditPanel.jsx,,implemented_contract_not_documented_in_brief
P1,implemented_not_briefed,p-and-l,pnl_output_contract,add_to_v5_module_brief,Implemented output contract exists in code but is not documented in v5.0 brief.,hooks\useAssets.js | hooks\useGeneralOverheads.js | hooks\useRevenueCogs.js | lib\reconciliation\moduleReconciliation.js | lib\reconciliation\reconciliationRules.js,,implemented_contract_not_documented_in_brief
P1,implemented_not_briefed,p-and-l,pnl_sync_signature,add_to_v5_module_brief,Implemented output contract exists in code but is not documented in v5.0 brief.,hooks\useGeneralOverheads.js,,implemented_contract_not_documented_in_brief
P1,implemented_not_briefed,p-and-l,profit_and_loss,add_to_v5_module_brief,Implemented output contract exists in code but is not documented in v5.0 brief.,components\model-readiness\ModelReadinessAuditPanel.jsx | hooks\useRevenueCogs.js,,implemented_contract_not_documented_in_brief
P1,implemented_not_briefed,p-and-l,profit_and_loss_ready,add_to_v5_module_brief,Implemented output contract exists in code but is not documented in v5.0 brief.,lib\reconciliation\reconciliationRules.js,,implemented_contract_not_documented_in_brief | readiness_field
P1,implemented_not_briefed,p-and-l,profit_and_loss_state,add_to_v5_module_brief,Implemented output contract exists in code but is not documented in v5.0 brief.,hooks\useGeneralOverheads.js | hooks\useProfitAndLoss.js,,implemented_contract_not_documented_in_brief
P1,implemented_not_briefed,p-and-l,reconciliation,add_to_v5_module_brief,Implemented output contract exists in code but is not documented in v5.0 brief.,lib\selectors\profitAndLossSelectors.js,,implemented_contract_not_documented_in_brief
P1,implemented_not_briefed,p-and-l,state,add_to_v5_module_brief,Implemented output contract exists in code but is not documented in v5.0 brief.,hooks\useProfitAndLoss.js | lib\storage\profitAndLossProfileStorage.js,,implemented_contract_not_documented_in_brief
P1,implemented_not_briefed,p-and-l,subcontract_cost,add_to_v5_module_brief,Implemented output contract exists in code but is not documented in v5.0 brief.,lib\selectors\profitAndLossSelectors.js,,implemented_contract_not_documented_in_brief
P1,implemented_not_briefed,p-and-l,summary,add_to_v5_module_brief,Implemented output contract exists in code but is not documented in v5.0 brief.,lib\selectors\profitAndLossSelectors.js,,implemented_contract_not_documented_in_brief
P1,implemented_not_briefed,p-and-l,tone,add_to_v5_module_brief,Implemented output contract exists in code but is not documented in v5.0 brief.,components\p-and-l\ProfitAndLossProgressPanel.jsx | lib\selectors\profitAndLossSelectors.js,,implemented_contract_not_documented_in_brief
P1,implemented_not_briefed,p-and-l,total_assigned_business_costs,add_to_v5_module_brief,Implemented output contract exists in code but is not documented in v5.0 brief.,lib\selectors\profitAndLossSelectors.js,,implemented_contract_not_documented_in_brief
P1,implemented_not_briefed,p-and-l,total_business_costs,add_to_v5_module_brief,Implemented output contract exists in code but is not documented in v5.0 brief.,lib\selectors\profitAndLossSelectors.js,,implemented_contract_not_documented_in_brief
P1,implemented_not_briefed,p-and-l,total_cogs,add_to_v5_module_brief,Implemented output contract exists in code but is not documented in v5.0 brief.,lib\selectors\profitAndLossSelectors.js,,implemented_contract_not_documented_in_brief
P1,implemented_not_briefed,p-and-l,total_cost_of_sales,add_to_v5_module_brief,Implemented output contract exists in code but is not documented in v5.0 brief.,lib\selectors\profitAndLossSelectors.js,,implemented_contract_not_documented_in_brief
P1,implemented_not_briefed,p-and-l,total_direct_costs,add_to_v5_module_brief,Implemented output contract exists in code but is not documented in v5.0 brief.,lib\selectors\profitAndLossSelectors.js,,implemented_contract_not_documented_in_brief
P1,implemented_not_briefed,p-and-l,total_model_costs,add_to_v5_module_brief,Implemented output contract exists in code but is not documented in v5.0 brief.,lib\selectors\profitAndLossSelectors.js,,implemented_contract_not_documented_in_brief
P1,implemented_not_briefed,p-and-l,total_operating_expenses,add_to_v5_module_brief,Implemented output contract exists in code but is not documented in v5.0 brief.,lib\selectors\profitAndLossSelectors.js,,implemented_contract_not_documented_in_brief
P1,implemented_not_briefed,p-and-l,total_pnl_costs,add_to_v5_module_brief,Implemented output contract exists in code but is not documented in v5.0 brief.,lib\selectors\profitAndLossSelectors.js,,implemented_contract_not_documented_in_brief
P1,implemented_not_briefed,p-and-l,total_revenue,add_to_v5_module_brief,Implemented output contract exists in code but is not documented in v5.0 brief.,lib\selectors\profitAndLossSelectors.js,,implemented_contract_not_documented_in_brief
P1,implemented_not_briefed,p-and-l,total_trading_income,add_to_v5_module_brief,Implemented output contract exists in code but is not documented in v5.0 brief.,lib\selectors\profitAndLossSelectors.js,,implemented_contract_not_documented_in_brief
P1,implemented_not_briefed,p-and-l,unassigned_balance,add_to_v5_module_brief,Implemented output contract exists in code but is not documented in v5.0 brief.,lib\selectors\profitAndLossSelectors.js,,implemented_contract_not_documented_in_brief
P1,implemented_not_briefed,p-and-l,unassigned_details,add_to_v5_module_brief,Implemented output contract exists in code but is not documented in v5.0 brief.,components\p-and-l\ProfitAndLossMainCard.jsx | lib\selectors\profitAndLossSelectors.js,,implemented_contract_not_documented_in_brief
P1,implemented_not_briefed,p-and-l,unreviewed_interest_count,add_to_v5_module_brief,Implemented output contract exists in code but is not documented in v5.0 brief.,lib\selectors\profitAndLossSelectors.js,,implemented_contract_not_documented_in_brief
P1,implemented_not_briefed,p-and-l,unreviewed_interest_total,add_to_v5_module_brief,Implemented output contract exists in code but is not documented in v5.0 brief.,lib\selectors\profitAndLossSelectors.js,,implemented_contract_not_documented_in_brief
P1,implemented_not_briefed,p-and-l,value,add_to_v5_module_brief,Implemented output contract exists in code but is not documented in v5.0 brief.,lib\selectors\profitAndLossSelectors.js,,implemented_contract_not_documented_in_brief
P1,implemented_not_briefed,p-and-l,variance,add_to_v5_module_brief,Implemented output contract exists in code but is not documented in v5.0 brief.,lib\selectors\profitAndLossSelectors.js,,implemented_contract_not_documented_in_brief
P1,implemented_not_briefed,p-and-l,warn,add_to_v5_module_brief,Implemented output contract exists in code but is not documented in v5.0 brief.,components\p-and-l\ProfitAndLossStatusStrip.jsx | lib\selectors\profitAndLossSelectors.js,,implemented_contract_not_documented_in_brief
P1,implemented_not_briefed,p-and-l,warnings,add_to_v5_module_brief,Implemented output contract exists in code but is not documented in v5.0 brief.,lib\selectors\profitAndLossSelectors.js,,implemented_contract_not_documented_in_brief
P1,implemented_not_briefed,rate-builder,group_rows,add_to_v5_module_brief,Implemented output contract exists in code but is not documented in v5.0 brief.,components\rate-builder\RateBuilderLineCalculator.jsx,,implemented_contract_not_documented_in_brief
P1,implemented_not_briefed,rate-builder,operational_group_cost_rows,add_to_v5_module_brief,Implemented output contract exists in code but is not documented in v5.0 brief.,components\rate-builder\RateBuilderLineCalculator.jsx,,implemented_contract_not_documented_in_brief
P1,implemented_not_briefed,rate-builder,output_contract,add_to_v5_module_brief,Implemented output contract exists in code but is not documented in v5.0 brief.,components\rate-builder\RateBuilderLineCalculator.jsx,,implemented_contract_not_documented_in_brief
P1,implemented_not_briefed,recovery-summary,output_contract,add_to_v5_module_brief,Implemented output contract exists in code but is not documented in v5.0 brief.,hooks\useRecoverySummary.js,,implemented_contract_not_documented_in_brief
P1,implemented_not_briefed,recovery-summary,recovery_summary,add_to_v5_module_brief,Implemented output contract exists in code but is not documented in v5.0 brief.,app\recovery-outcome\page.jsx | lib\calculations\recoveryOutcomeCalculations.js | lib\recovery\recoveryRiskWarningSystem.js,,implemented_contract_not_documented_in_brief
P1,implemented_not_briefed,recovery-summary,recovery_summary_contract,add_to_v5_module_brief,Implemented output contract exists in code but is not documented in v5.0 brief.,app\recovery-outcome\page.jsx,,implemented_contract_not_documented_in_brief
P1,implemented_not_briefed,revenue-cogs,business_setup,add_to_v5_module_brief,Implemented output contract exists in code but is not documented in v5.0 brief.,hooks\useRevenueCogs.js,,implemented_contract_not_documented_in_brief
P1,implemented_not_briefed,revenue-cogs,business_type,add_to_v5_module_brief,Implemented output contract exists in code but is not documented in v5.0 brief.,hooks\useRevenueCogs.js,,implemented_contract_not_documented_in_brief
P1,implemented_not_briefed,revenue-cogs,calculations,add_to_v5_module_brief,Implemented output contract exists in code but is not documented in v5.0 brief.,hooks\useRevenueCogs.js,,implemented_contract_not_documented_in_brief
P1,implemented_not_briefed,revenue-cogs,cost_of_sales_lines,add_to_v5_module_brief,Implemented output contract exists in code but is not documented in v5.0 brief.,hooks\useRevenueCogs.js,,implemented_contract_not_documented_in_brief
P1,implemented_not_briefed,revenue-cogs,direct_cost_categories,add_to_v5_module_brief,Implemented output contract exists in code but is not documented in v5.0 brief.,hooks\useRevenueCogs.js,,implemented_contract_not_documented_in_brief
P1,implemented_not_briefed,revenue-cogs,direct_cost_category_totals,add_to_v5_module_brief,Implemented output contract exists in code but is not documented in v5.0 brief.,components\business-summary\BusinessSummaryHierarchyBuilder.js | hooks\useBusinessSummary.js | hooks\useRevenueCogs.js,,implemented_contract_not_documented_in_brief
P1,implemented_not_briefed,revenue-cogs,labour_based,add_to_v5_module_brief,Implemented output contract exists in code but is not documented in v5.0 brief.,hooks\useRevenueCogs.js,,implemented_contract_not_documented_in_brief
P1,implemented_not_briefed,revenue-cogs,output_contract,add_to_v5_module_brief,Implemented output contract exists in code but is not documented in v5.0 brief.,hooks\useRevenueCogs.js,,implemented_contract_not_documented_in_brief
P1,implemented_not_briefed,revenue-cogs,resolved_commercial_driver_mode,add_to_v5_module_brief,Implemented output contract exists in code but is not documented in v5.0 brief.,hooks\useRevenueCogs.js | lib\calculations\revenueCogsCalculations.js,,implemented_contract_not_documented_in_brief
P1,implemented_not_briefed,revenue-cogs,revenue_cogs,add_to_v5_module_brief,Implemented output contract exists in code but is not documented in v5.0 brief.,hooks\useBusinessSummary.js | hooks\useRecoverySummary.js | hooks\useRevenueReality.js,,implemented_contract_not_documented_in_brief
P1,implemented_not_briefed,revenue-cogs,revenue_cogs_output_contract,add_to_v5_module_brief,Implemented output contract exists in code but is not documented in v5.0 brief.,hooks\useBusinessSummary.js | hooks\useRevenueReality.js,,implemented_contract_not_documented_in_brief
P1,implemented_not_briefed,revenue-cogs,revenue_cogs_outputs,add_to_v5_module_brief,Implemented output contract exists in code but is not documented in v5.0 brief.,hooks\useRecoverySummary.js,,implemented_contract_not_documented_in_brief
P1,implemented_not_briefed,revenue-cogs,revenue_cogs_state,add_to_v5_module_brief,Implemented output contract exists in code but is not documented in v5.0 brief.,hooks\useRevenueCogs.js,,implemented_contract_not_documented_in_brief
P1,implemented_not_briefed,revenue-reality,business_setup,add_to_v5_module_brief,Implemented output contract exists in code but is not documented in v5.0 brief.,hooks\useRevenueReality.js,,implemented_contract_not_documented_in_brief
P1,implemented_not_briefed,revenue-reality,business_type,add_to_v5_module_brief,Implemented output contract exists in code but is not documented in v5.0 brief.,hooks\useRevenueReality.js | lib\calculations\revenueRealityCalculations.js,,implemented_contract_not_documented_in_brief
P1,implemented_not_briefed,revenue-reality,calculations,add_to_v5_module_brief,Implemented output contract exists in code but is not documented in v5.0 brief.,hooks\useRevenueReality.js,,implemented_contract_not_documented_in_brief
P1,implemented_not_briefed,revenue-reality,is_product_based,add_to_v5_module_brief,Implemented output contract exists in code but is not documented in v5.0 brief.,hooks\useRevenueReality.js | lib\calculations\revenueRealityCalculations.js,,implemented_contract_not_documented_in_brief | readiness_field
P1,implemented_not_briefed,revenue-reality,output_contract,add_to_v5_module_brief,Implemented output contract exists in code but is not documented in v5.0 brief.,hooks\useRevenueReality.js,,implemented_contract_not_documented_in_brief
P1,implemented_not_briefed,revenue-reality,total_revenue,add_to_v5_module_brief,Implemented output contract exists in code but is not documented in v5.0 brief.,components\revenue-reality\RevenueRealityStatusStrip.jsx | hooks\useRevenueReality.js | lib\calculations\revenueRealityCalculations.js,,implemented_contract_not_documented_in_brief
P1,unknown_owner,unknown,annual_income,assign_owner_or_mark_shared_internal,Code output exists but module ownership is unknown.,lib\selectors\quickStartSelectors.js,,code_contract_owner_needs_review | unknown_owner
P1,unknown_owner,unknown,annual_perfect_text,assign_owner_or_mark_shared_internal,Code output exists but module ownership is unknown.,lib\selectors\quickStartSelectors.js,,code_contract_owner_needs_review | unknown_owner
P1,unknown_owner,unknown,annual_real_text,assign_owner_or_mark_shared_internal,Code output exists but module ownership is unknown.,lib\selectors\quickStartSelectors.js,,code_contract_owner_needs_review | unknown_owner
P1,unknown_owner,unknown,cost_pct,assign_owner_or_mark_shared_internal,Code output exists but module ownership is unknown.,lib\selectors\quickStartSelectors.js,,code_contract_owner_needs_review | unknown_owner
P1,unknown_owner,unknown,cost_value,assign_owner_or_mark_shared_internal,Code output exists but module ownership is unknown.,lib\selectors\quickStartSelectors.js,,code_contract_owner_needs_review | unknown_owner
P1,unknown_owner,unknown,crew_days,assign_owner_or_mark_shared_internal,Code output exists but module ownership is unknown.,lib\selectors\quickStartSelectors.js,,code_contract_owner_needs_review | unknown_owner
P1,unknown_owner,unknown,direct_cost,assign_owner_or_mark_shared_internal,Code output exists but module ownership is unknown.,lib\selectors\quickStartSelectors.js,,code_contract_owner_needs_review | unknown_owner
P1,unknown_owner,unknown,equivalent_rate,assign_owner_or_mark_shared_internal,Code output exists but module ownership is unknown.,lib\selectors\quickStartSelectors.js,,code_contract_owner_needs_review | unknown_owner
P1,unknown_owner,unknown,equivalent_rate_text,assign_owner_or_mark_shared_internal,Code output exists but module ownership is unknown.,lib\selectors\quickStartSelectors.js,,code_contract_owner_needs_review | unknown_owner
P1,unknown_owner,unknown,equivalent_rate_value,assign_owner_or_mark_shared_internal,Code output exists but module ownership is unknown.,lib\selectors\quickStartSelectors.js,,code_contract_owner_needs_review | unknown_owner
P1,unknown_owner,unknown,fill_percent,assign_owner_or_mark_shared_internal,Code output exists but module ownership is unknown.,lib\selectors\quickStartSelectors.js,,code_contract_owner_needs_review | unknown_owner
P1,unknown_owner,unknown,format_currency,assign_owner_or_mark_shared_internal,Code output exists but module ownership is unknown.,lib\selectors\quickStartSelectors.js,,code_contract_owner_needs_review | unknown_owner
P1,unknown_owner,unknown,format_hours,assign_owner_or_mark_shared_internal,Code output exists but module ownership is unknown.,lib\selectors\quickStartSelectors.js,,code_contract_owner_needs_review | unknown_owner
P1,unknown_owner,unknown,format_rate,assign_owner_or_mark_shared_internal,Code output exists but module ownership is unknown.,lib\selectors\quickStartSelectors.js,,code_contract_owner_needs_review | unknown_owner
P1,unknown_owner,unknown,headline_rate_pct,assign_owner_or_mark_shared_internal,Code output exists but module ownership is unknown.,lib\selectors\quickStartSelectors.js,,code_contract_owner_needs_review | unknown_owner
P1,unknown_owner,unknown,headline_rate_text,assign_owner_or_mark_shared_internal,Code output exists but module ownership is unknown.,lib\selectors\quickStartSelectors.js,,code_contract_owner_needs_review | unknown_owner
P1,unknown_owner,unknown,headline_rate_value,assign_owner_or_mark_shared_internal,Code output exists but module ownership is unknown.,lib\selectors\quickStartSelectors.js,,code_contract_owner_needs_review | unknown_owner
P1,unknown_owner,unknown,hours_per_person,assign_owner_or_mark_shared_internal,Code output exists but module ownership is unknown.,lib\selectors\quickStartSelectors.js,,code_contract_owner_needs_review | unknown_owner
P1,unknown_owner,unknown,implied_cost_per_person_per_hour,assign_owner_or_mark_shared_internal,Code output exists but module ownership is unknown.,lib\selectors\quickStartSelectors.js,,code_contract_owner_needs_review | unknown_owner
P1,unknown_owner,unknown,insight_text,assign_owner_or_mark_shared_internal,Code output exists but module ownership is unknown.,lib\calculations\quickStartCalculations.js | lib\selectors\quickStartSelectors.js,,code_contract_owner_needs_review | unknown_owner
P1,unknown_owner,unknown,label,assign_owner_or_mark_shared_internal,Code output exists but module ownership is unknown.,lib\selectors\quickStartSelectors.js,,code_contract_owner_needs_review | unknown_owner
P1,unknown_owner,unknown,lost_rate_pct,assign_owner_or_mark_shared_internal,Code output exists but module ownership is unknown.,lib\selectors\quickStartSelectors.js,,code_contract_owner_needs_review | unknown_owner
P1,unknown_owner,unknown,m2_rate,assign_owner_or_mark_shared_internal,Code output exists but module ownership is unknown.,lib\selectors\quickStartSelectors.js,,code_contract_owner_needs_review | unknown_owner
P1,unknown_owner,unknown,mode_key,assign_owner_or_mark_shared_internal,Code output exists but module ownership is unknown.,lib\selectors\quickStartSelectors.js,,code_contract_owner_needs_review | unknown_owner
P1,unknown_owner,unknown,non_working_hours,assign_owner_or_mark_shared_internal,Code output exists but module ownership is unknown.,lib\selectors\quickStartSelectors.js,,code_contract_owner_needs_review | unknown_owner
P1,unknown_owner,unknown,paid_hours_per_year,assign_owner_or_mark_shared_internal,Code output exists but module ownership is unknown.,lib\selectors\quickStartSelectors.js,,code_contract_owner_needs_review | unknown_owner
P1,unknown_owner,unknown,perfect_world_income,assign_owner_or_mark_shared_internal,Code output exists but module ownership is unknown.,lib\selectors\quickStartSelectors.js,,code_contract_owner_needs_review | unknown_owner
P1,unknown_owner,unknown,perfectly,assign_owner_or_mark_shared_internal,Code output exists but module ownership is unknown.,lib\selectors\quickStartSelectors.js,,code_contract_owner_needs_review | unknown_owner
P1,unknown_owner,unknown,primary_label,assign_owner_or_mark_shared_internal,Code output exists but module ownership is unknown.,components\quick-start\QuickStartStatusStrip.jsx | lib\selectors\quickStartSelectors.js,,code_contract_owner_needs_review | unknown_owner
P1,unknown_owner,unknown,primary_value,assign_owner_or_mark_shared_internal,Code output exists but module ownership is unknown.,lib\selectors\quickStartSelectors.js,,code_contract_owner_needs_review | unknown_owner
P1,unknown_owner,unknown,quick_start_state,assign_owner_or_mark_shared_internal,Code output exists but module ownership is unknown.,hooks\useQuickStart.js | lib\selectors\quickStartSelectors.js,,code_contract_owner_needs_review | unknown_owner
P1,unknown_owner,unknown,rate_drop_amount,assign_owner_or_mark_shared_internal,Code output exists but module ownership is unknown.,lib\selectors\quickStartSelectors.js,,code_contract_owner_needs_review | unknown_owner
P1,unknown_owner,unknown,realistically,assign_owner_or_mark_shared_internal,Code output exists but module ownership is unknown.,lib\selectors\quickStartSelectors.js,,code_contract_owner_needs_review | unknown_owner
P1,unknown_owner,unknown,remaining_pct,assign_owner_or_mark_shared_internal,Code output exists but module ownership is unknown.,lib\selectors\quickStartSelectors.js,,code_contract_owner_needs_review | unknown_owner
P1,unknown_owner,unknown,remaining_value,assign_owner_or_mark_shared_internal,Code output exists but module ownership is unknown.,lib\selectors\quickStartSelectors.js,,code_contract_owner_needs_review | unknown_owner
P1,unknown_owner,unknown,sub_label,assign_owner_or_mark_shared_internal,Code output exists but module ownership is unknown.,lib\selectors\quickStartSelectors.js,,code_contract_owner_needs_review | unknown_owner
P1,unknown_owner,unknown,team_rate_per_hour,assign_owner_or_mark_shared_internal,Code output exists but module ownership is unknown.,lib\selectors\quickStartSelectors.js,,code_contract_owner_needs_review | unknown_owner
P1,unknown_owner,unknown,total_days,assign_owner_or_mark_shared_internal,Code output exists but module ownership is unknown.,lib\selectors\quickStartSelectors.js,,code_contract_owner_needs_review | unknown_owner
P1,unknown_owner,unknown,total_job_price,assign_owner_or_mark_shared_internal,Code output exists but module ownership is unknown.,lib\selectors\quickStartSelectors.js | lib\storage\quickStartStorage.js,,code_contract_owner_needs_review | unknown_owner
P1,unknown_owner,unknown,total_job_value,assign_owner_or_mark_shared_internal,Code output exists but module ownership is unknown.,lib\selectors\quickStartSelectors.js,,code_contract_owner_needs_review | unknown_owner
P1,unknown_owner,unknown,update_quick_start_field,assign_owner_or_mark_shared_internal,Code output exists but module ownership is unknown.,hooks\useQuickStart.js | lib\selectors\quickStartSelectors.js,,code_contract_owner_needs_review | unknown_owner
P1,unknown_owner,unknown,value,assign_owner_or_mark_shared_internal,Code output exists but module ownership is unknown.,lib\selectors\quickStartSelectors.js,,code_contract_owner_needs_review | unknown_owner
P1,unknown_owner,unknown,weekly_buffer,assign_owner_or_mark_shared_internal,Code output exists but module ownership is unknown.,lib\selectors\quickStartSelectors.js,,code_contract_owner_needs_review | unknown_owner
P1,unknown_owner,unknown,working_hours,assign_owner_or_mark_shared_internal,Code output exists but module ownership is unknown.,lib\selectors\quickStartSelectors.js,,code_contract_owner_needs_review | unknown_owner
P2,briefed_not_implemented,assets,adjusted_general_overheads_benchmark,check_alias_or_backlog,"Briefed field is not exposed by code; may be missing, renamed, or future within current module.",,05_MIRRA_GENERAL_OVERHEADS_v4.0_LOCKED.txt,intended_contract_not_currently_exposed_by_code
P2,briefed_not_implemented,assets,allocation_reconciliation_checks,check_alias_or_backlog,"Briefed field is not exposed by code; may be missing, renamed, or future within current module.",,17_MIRRA_COST_ALLOCATION_v4.0_LOCKED.txt,intended_contract_not_currently_exposed_by_code
P2,briefed_not_implemented,assets,asset_finance_interest_annual,check_alias_or_backlog,"Briefed field is not exposed by code; may be missing, renamed, or future within current module.",,09_MIRRA_ASSETS_MODULE_v4.0_LOCKED.txt,intended_contract_not_currently_exposed_by_code
P2,briefed_not_implemented,assets,asset_finance_interest_excluded,check_alias_or_backlog,"Briefed field is not exposed by code; may be missing, renamed, or future within current module.",,05_MIRRA_GENERAL_OVERHEADS_v4.0_LOCKED.txt,intended_contract_not_currently_exposed_by_code
P2,briefed_not_implemented,assets,asset_finance_interest_excluded_amount,check_alias_or_backlog,"Briefed field is not exposed by code; may be missing, renamed, or future within current module.",,05_MIRRA_GENERAL_OVERHEADS_v4.0_LOCKED.txt,intended_contract_not_currently_exposed_by_code
P2,briefed_not_implemented,assets,asset_group_assignments,check_alias_or_backlog,"Briefed field is not exposed by code; may be missing, renamed, or future within current module.",,17_MIRRA_COST_ALLOCATION_v4.0_LOCKED.txt,intended_contract_not_currently_exposed_by_code
P2,briefed_not_implemented,assets,asset_import_handoff,check_alias_or_backlog,"Briefed field is not exposed by code; may be missing, renamed, or future within current module.",,29_MIRRA_INTEGRATIONS_API_LAYER_v4.0_LOCKED.txt,intended_contract_not_currently_exposed_by_code
P2,briefed_not_implemented,assets,asset_pool_guardrail_status,check_alias_or_backlog,"Briefed field is not exposed by code; may be missing, renamed, or future within current module.",,09_MIRRA_ASSETS_MODULE_v4.0_LOCKED.txt,intended_contract_not_currently_exposed_by_code | status_field
P2,briefed_not_implemented,assets,asset_pool_guardrails,check_alias_or_backlog,"Briefed field is not exposed by code; may be missing, renamed, or future within current module.",,09_MIRRA_ASSETS_MODULE_v4.0_LOCKED.txt,intended_contract_not_currently_exposed_by_code
P2,briefed_not_implemented,assets,asset_reality_context,check_alias_or_backlog,"Briefed field is not exposed by code; may be missing, renamed, or future within current module.",,14_MIRRA_BUSINESS_SUMMARY_v4.0_LOCKED.txt | 17_MIRRA_COST_ALLOCATION_v4.0_LOCKED.txt | 18_MIRRA_RECOVERY_SUMMARY_v4.0_LOCKED.txt,intended_contract_not_currently_exposed_by_code
P2,briefed_not_implemented,assets,asset_reality_model_trust_state,check_alias_or_backlog,"Briefed field is not exposed by code; may be missing, renamed, or future within current module.",,14_MIRRA_BUSINESS_SUMMARY_v4.0_LOCKED.txt | 16_MIRRA_ASSET_REALITY_v4.0_LOCKED.txt,intended_contract_not_currently_exposed_by_code | trust_state_field
P2,briefed_not_implemented,assets,asset_reality_ready,check_alias_or_backlog,"Briefed field is not exposed by code; may be missing, renamed, or future within current module.",,16_MIRRA_ASSET_REALITY_v4.0_LOCKED.txt,intended_contract_not_currently_exposed_by_code | readiness_field
P2,briefed_not_implemented,assets,asset_reality_source_trace,check_alias_or_backlog,"Briefed field is not exposed by code; may be missing, renamed, or future within current module.",,16_MIRRA_ASSET_REALITY_v4.0_LOCKED.txt,intended_contract_not_currently_exposed_by_code
P2,briefed_not_implemented,assets,asset_reality_status,check_alias_or_backlog,"Briefed field is not exposed by code; may be missing, renamed, or future within current module.",,14_MIRRA_BUSINESS_SUMMARY_v4.0_LOCKED.txt | 16_MIRRA_ASSET_REALITY_v4.0_LOCKED.txt,intended_contract_not_currently_exposed_by_code | status_field
P2,briefed_not_implemented,assets,asset_reality_warning_count,check_alias_or_backlog,"Briefed field is not exposed by code; may be missing, renamed, or future within current module.",,16_MIRRA_ASSET_REALITY_v4.0_LOCKED.txt,intended_contract_not_currently_exposed_by_code
P2,briefed_not_implemented,assets,asset_reality_warnings,check_alias_or_backlog,"Briefed field is not exposed by code; may be missing, renamed, or future within current module.",,16_MIRRA_ASSET_REALITY_v4.0_LOCKED.txt,intended_contract_not_currently_exposed_by_code | warnings_field
P2,briefed_not_implemented,assets,asset_recovery_pressure_summary,check_alias_or_backlog,"Briefed field is not exposed by code; may be missing, renamed, or future within current module.",,14_MIRRA_BUSINESS_SUMMARY_v4.0_LOCKED.txt | 16_MIRRA_ASSET_REALITY_v4.0_LOCKED.txt,intended_contract_not_currently_exposed_by_code
P2,briefed_not_implemented,assets,asset_recovery_rate_status,check_alias_or_backlog,"Briefed field is not exposed by code; may be missing, renamed, or future within current module.",,09_MIRRA_ASSETS_MODULE_v4.0_LOCKED.txt,intended_contract_not_currently_exposed_by_code | status_field
P2,briefed_not_implemented,assets,asset_rows,check_alias_or_backlog,"Briefed field is not exposed by code; may be missing, renamed, or future within current module.",,09_MIRRA_ASSETS_MODULE_v4.0_LOCKED.txt,intended_contract_not_currently_exposed_by_code
P2,briefed_not_implemented,assets,asset_running_cost_transfer_context,check_alias_or_backlog,"Briefed field is not exposed by code; may be missing, renamed, or future within current module.",,10_MIRRA_MODULE_RECONCILIATION_v4.0_LOCKED.txt,intended_contract_not_currently_exposed_by_code
P2,briefed_not_implemented,assets,asset_running_cost_transfers,check_alias_or_backlog,"Briefed field is not exposed by code; may be missing, renamed, or future within current module.",,09_MIRRA_ASSETS_MODULE_v4.0_LOCKED.txt,intended_contract_not_currently_exposed_by_code
P2,briefed_not_implemented,assets,asset_underutilisation_flags,check_alias_or_backlog,"Briefed field is not exposed by code; may be missing, renamed, or future within current module.",,16_MIRRA_ASSET_REALITY_v4.0_LOCKED.txt,intended_contract_not_currently_exposed_by_code
P2,briefed_not_implemented,assets,assets_model_trust_state,check_alias_or_backlog,"Briefed field is not exposed by code; may be missing, renamed, or future within current module.",,09_MIRRA_ASSETS_MODULE_v4.0_LOCKED.txt,intended_contract_not_currently_exposed_by_code | trust_state_field
P2,briefed_not_implemented,assets,assets_status,check_alias_or_backlog,"Briefed field is not exposed by code; may be missing, renamed, or future within current module.",,09_MIRRA_ASSETS_MODULE_v4.0_LOCKED.txt,intended_contract_not_currently_exposed_by_code | status_field
P2,briefed_not_implemented,assets,assets_warning_count,check_alias_or_backlog,"Briefed field is not exposed by code; may be missing, renamed, or future within current module.",,09_MIRRA_ASSETS_MODULE_v4.0_LOCKED.txt,intended_contract_not_currently_exposed_by_code
P2,briefed_not_implemented,assets,assets_warnings,check_alias_or_backlog,"Briefed field is not exposed by code; may be missing, renamed, or future within current module.",,09_MIRRA_ASSETS_MODULE_v4.0_LOCKED.txt,intended_contract_not_currently_exposed_by_code | warnings_field
P2,briefed_not_implemented,assets,business_summary_cards,check_alias_or_backlog,"Briefed field is not exposed by code; may be missing, renamed, or future within current module.",,14_MIRRA_BUSINESS_SUMMARY_v4.0_LOCKED.txt,intended_contract_not_currently_exposed_by_code
P2,briefed_not_implemented,assets,business_summary_model_trust_state,check_alias_or_backlog,"Briefed field is not exposed by code; may be missing, renamed, or future within current module.",,14_MIRRA_BUSINESS_SUMMARY_v4.0_LOCKED.txt,intended_contract_not_currently_exposed_by_code | trust_state_field
P2,briefed_not_implemented,assets,cost_allocation_context,check_alias_or_backlog,"Briefed field is not exposed by code; may be missing, renamed, or future within current module.",,18_MIRRA_RECOVERY_SUMMARY_v4.0_LOCKED.txt,intended_contract_not_currently_exposed_by_code
P2,briefed_not_implemented,assets,cost_allocation_model_trust_state,check_alias_or_backlog,"Briefed field is not exposed by code; may be missing, renamed, or future within current module.",,17_MIRRA_COST_ALLOCATION_v4.0_LOCKED.txt,intended_contract_not_currently_exposed_by_code | trust_state_field
P2,briefed_not_implemented,assets,cost_allocation_source_trace,check_alias_or_backlog,"Briefed field is not exposed by code; may be missing, renamed, or future within current module.",,17_MIRRA_COST_ALLOCATION_v4.0_LOCKED.txt,intended_contract_not_currently_exposed_by_code
P2,briefed_not_implemented,assets,default_productive_asset_pool,check_alias_or_backlog,"Briefed field is not exposed by code; may be missing, renamed, or future within current module.",,17_MIRRA_COST_ALLOCATION_v4.0_LOCKED.txt,intended_contract_not_currently_exposed_by_code
P2,briefed_not_implemented,assets,default_utilisation_hours_per_week,check_alias_or_backlog,"Briefed field is not exposed by code; may be missing, renamed, or future within current module.",,09_MIRRA_ASSETS_MODULE_v4.0_LOCKED.txt,intended_contract_not_currently_exposed_by_code
P2,briefed_not_implemented,assets,general_overhead_categories,check_alias_or_backlog,"Briefed field is not exposed by code; may be missing, renamed, or future within current module.",,05_MIRRA_GENERAL_OVERHEADS_v4.0_LOCKED.txt,intended_contract_not_currently_exposed_by_code
P2,briefed_not_implemented,assets,general_overheads_model_trust_state,check_alias_or_backlog,"Briefed field is not exposed by code; may be missing, renamed, or future within current module.",,05_MIRRA_GENERAL_OVERHEADS_v4.0_LOCKED.txt,intended_contract_not_currently_exposed_by_code | trust_state_field
P2,briefed_not_implemented,assets,general_overheads_pool,check_alias_or_backlog,"Briefed field is not exposed by code; may be missing, renamed, or future within current module.",,17_MIRRA_COST_ALLOCATION_v4.0_LOCKED.txt,intended_contract_not_currently_exposed_by_code
P2,briefed_not_implemented,assets,general_overheads_pool_amount,check_alias_or_backlog,"Briefed field is not exposed by code; may be missing, renamed, or future within current module.",,05_MIRRA_GENERAL_OVERHEADS_v4.0_LOCKED.txt,intended_contract_not_currently_exposed_by_code
P2,briefed_not_implemented,assets,general_overheads_source_total,check_alias_or_backlog,"Briefed field is not exposed by code; may be missing, renamed, or future within current module.",,05_MIRRA_GENERAL_OVERHEADS_v4.0_LOCKED.txt,intended_contract_not_currently_exposed_by_code
P2,briefed_not_implemented,assets,general_overheads_status,check_alias_or_backlog,"Briefed field is not exposed by code; may be missing, renamed, or future within current module.",,05_MIRRA_GENERAL_OVERHEADS_v4.0_LOCKED.txt,intended_contract_not_currently_exposed_by_code | status_field
P2,briefed_not_implemented,assets,general_overheads_variance_amount,check_alias_or_backlog,"Briefed field is not exposed by code; may be missing, renamed, or future within current module.",,10_MIRRA_MODULE_RECONCILIATION_v4.0_LOCKED.txt,intended_contract_not_currently_exposed_by_code
P2,briefed_not_implemented,assets,general_overheads_variance_percent,check_alias_or_backlog,"Briefed field is not exposed by code; may be missing, renamed, or future within current module.",,10_MIRRA_MODULE_RECONCILIATION_v4.0_LOCKED.txt,intended_contract_not_currently_exposed_by_code
P2,briefed_not_implemented,assets,gross_general_overheads_benchmark,check_alias_or_backlog,"Briefed field is not exposed by code; may be missing, renamed, or future within current module.",,05_MIRRA_GENERAL_OVERHEADS_v4.0_LOCKED.txt,intended_contract_not_currently_exposed_by_code
P2,briefed_not_implemented,assets,highest_pressure_asset,check_alias_or_backlog,"Briefed field is not exposed by code; may be missing, renamed, or future within current module.",,14_MIRRA_BUSINESS_SUMMARY_v4.0_LOCKED.txt | 16_MIRRA_ASSET_REALITY_v4.0_LOCKED.txt,intended_contract_not_currently_exposed_by_code
P2,briefed_not_implemented,assets,lowest_utilisation_asset,check_alias_or_backlog,"Briefed field is not exposed by code; may be missing, renamed, or future within current module.",,14_MIRRA_BUSINESS_SUMMARY_v4.0_LOCKED.txt | 16_MIRRA_ASSET_REALITY_v4.0_LOCKED.txt,intended_contract_not_currently_exposed_by_code
P2,briefed_not_implemented,assets,module_reconciliation_ready,check_alias_or_backlog,"Briefed field is not exposed by code; may be missing, renamed, or future within current module.",,10_MIRRA_MODULE_RECONCILIATION_v4.0_LOCKED.txt,intended_contract_not_currently_exposed_by_code | readiness_field
P2,briefed_not_implemented,assets,module_reconciliation_status,check_alias_or_backlog,"Briefed field is not exposed by code; may be missing, renamed, or future within current module.",,10_MIRRA_MODULE_RECONCILIATION_v4.0_LOCKED.txt,intended_contract_not_currently_exposed_by_code | status_field
P2,briefed_not_implemented,assets,net_position,check_alias_or_backlog,"Briefed field is not exposed by code; may be missing, renamed, or future within current module.",,14_MIRRA_BUSINESS_SUMMARY_v4.0_LOCKED.txt,intended_contract_not_currently_exposed_by_code
P2,briefed_not_implemented,assets,non_productive_asset_context_rows,check_alias_or_backlog,"Briefed field is not exposed by code; may be missing, renamed, or future within current module.",,16_MIRRA_ASSET_REALITY_v4.0_LOCKED.txt,intended_contract_not_currently_exposed_by_code
P2,briefed_not_implemented,assets,non_productive_asset_count,check_alias_or_backlog,"Briefed field is not exposed by code; may be missing, renamed, or future within current module.",,09_MIRRA_ASSETS_MODULE_v4.0_LOCKED.txt,intended_contract_not_currently_exposed_by_code
P2,briefed_not_implemented,assets,non_productive_asset_rows,check_alias_or_backlog,"Briefed field is not exposed by code; may be missing, renamed, or future within current module.",,09_MIRRA_ASSETS_MODULE_v4.0_LOCKED.txt,intended_contract_not_currently_exposed_by_code
P2,briefed_not_implemented,assets,other_income_excluded,check_alias_or_backlog,"Briefed field is not exposed by code; may be missing, renamed, or future within current module.",,14_MIRRA_BUSINESS_SUMMARY_v4.0_LOCKED.txt,intended_contract_not_currently_exposed_by_code
P2,briefed_not_implemented,assets,overhead_recovery_variance_rows,check_alias_or_backlog,"Briefed field is not exposed by code; may be missing, renamed, or future within current module.",,23_MIRRA_JOB_COSTING_PROFITABILITY_v4.0_LOCKED.txt,intended_contract_not_currently_exposed_by_code
P2,briefed_not_implemented,assets,productive_asset_reality_rows,check_alias_or_backlog,"Briefed field is not exposed by code; may be missing, renamed, or future within current module.",,16_MIRRA_ASSET_REALITY_v4.0_LOCKED.txt,intended_contract_not_currently_exposed_by_code
P2,briefed_not_implemented,assets,productive_asset_rows,check_alias_or_backlog,"Briefed field is not exposed by code; may be missing, renamed, or future within current module.",,09_MIRRA_ASSETS_MODULE_v4.0_LOCKED.txt,intended_contract_not_currently_exposed_by_code
P2,briefed_not_implemented,assets,quote_alignment_feedback_rows,check_alias_or_backlog,"Briefed field is not exposed by code; may be missing, renamed, or future within current module.",,24_MIRRA_MODEL_FEEDBACK_LOOP_v4.0_LOCKED.txt,intended_contract_not_currently_exposed_by_code
P2,briefed_not_implemented,assets,recovery_gap_per_driver,check_alias_or_backlog,"Briefed field is not exposed by code; may be missing, renamed, or future within current module.",,14_MIRRA_BUSINESS_SUMMARY_v4.0_LOCKED.txt,intended_contract_not_currently_exposed_by_code
P2,briefed_not_implemented,assets,recovery_summary_model_trust_state,check_alias_or_backlog,"Briefed field is not exposed by code; may be missing, renamed, or future within current module.",,18_MIRRA_RECOVERY_SUMMARY_v4.0_LOCKED.txt,intended_contract_not_currently_exposed_by_code | trust_state_field
P2,briefed_not_implemented,assets,remaining_overhead_after_asset_transfers,check_alias_or_backlog,"Briefed field is not exposed by code; may be missing, renamed, or future within current module.",,09_MIRRA_ASSETS_MODULE_v4.0_LOCKED.txt,intended_contract_not_currently_exposed_by_code
P2,briefed_not_implemented,assets,required_asset_recovery_rate,check_alias_or_backlog,"Briefed field is not exposed by code; may be missing, renamed, or future within current module.",,09_MIRRA_ASSETS_MODULE_v4.0_LOCKED.txt,intended_contract_not_currently_exposed_by_code
P2,briefed_not_implemented,assets,revenue_reality_context,check_alias_or_backlog,"Briefed field is not exposed by code; may be missing, renamed, or future within current module.",,14_MIRRA_BUSINESS_SUMMARY_v4.0_LOCKED.txt | 17_MIRRA_COST_ALLOCATION_v4.0_LOCKED.txt | 18_MIRRA_RECOVERY_SUMMARY_v4.0_LOCKED.txt,intended_contract_not_currently_exposed_by_code
P2,briefed_not_implemented,assets,source_document_number,check_alias_or_backlog,"Briefed field is not exposed by code; may be missing, renamed, or future within current module.",,29_MIRRA_INTEGRATIONS_API_LAYER_v4.0_LOCKED.txt,intended_contract_not_currently_exposed_by_code
P2,briefed_not_implemented,assets,source_trace,check_alias_or_backlog,"Briefed field is not exposed by code; may be missing, renamed, or future within current module.",,29_MIRRA_INTEGRATIONS_API_LAYER_v4.0_LOCKED.txt,intended_contract_not_currently_exposed_by_code
P2,briefed_not_implemented,assets,suggested_asset_cost_type,check_alias_or_backlog,"Briefed field is not exposed by code; may be missing, renamed, or future within current module.",,29_MIRRA_INTEGRATIONS_API_LAYER_v4.0_LOCKED.txt,intended_contract_not_currently_exposed_by_code
P2,briefed_not_implemented,assets,suggested_asset_name,check_alias_or_backlog,"Briefed field is not exposed by code; may be missing, renamed, or future within current module.",,29_MIRRA_INTEGRATIONS_API_LAYER_v4.0_LOCKED.txt,intended_contract_not_currently_exposed_by_code
P2,briefed_not_implemented,assets,total_asset_running_cost_transferred,check_alias_or_backlog,"Briefed field is not exposed by code; may be missing, renamed, or future within current module.",,09_MIRRA_ASSETS_MODULE_v4.0_LOCKED.txt,intended_contract_not_currently_exposed_by_code
P2,briefed_not_implemented,assets,total_assigned_asset_burden,check_alias_or_backlog,"Briefed field is not exposed by code; may be missing, renamed, or future within current module.",,17_MIRRA_COST_ALLOCATION_v4.0_LOCKED.txt,intended_contract_not_currently_exposed_by_code
P2,briefed_not_implemented,assets,total_assigned_asset_cost_pool,check_alias_or_backlog,"Briefed field is not exposed by code; may be missing, renamed, or future within current module.",,09_MIRRA_ASSETS_MODULE_v4.0_LOCKED.txt,intended_contract_not_currently_exposed_by_code
P2,briefed_not_implemented,assets,total_assigned_asset_utilisation_hours,check_alias_or_backlog,"Briefed field is not exposed by code; may be missing, renamed, or future within current module.",,17_MIRRA_COST_ALLOCATION_v4.0_LOCKED.txt,intended_contract_not_currently_exposed_by_code
P2,briefed_not_implemented,assets,total_assigned_to_non_productive_assets,check_alias_or_backlog,"Briefed field is not exposed by code; may be missing, renamed, or future within current module.",,09_MIRRA_ASSETS_MODULE_v4.0_LOCKED.txt,intended_contract_not_currently_exposed_by_code
P2,briefed_not_implemented,assets,total_assigned_to_productive_assets,check_alias_or_backlog,"Briefed field is not exposed by code; may be missing, renamed, or future within current module.",,09_MIRRA_ASSETS_MODULE_v4.0_LOCKED.txt,intended_contract_not_currently_exposed_by_code
P2,briefed_not_implemented,assets,total_available_asset_cost_pool,check_alias_or_backlog,"Briefed field is not exposed by code; may be missing, renamed, or future within current module.",,09_MIRRA_ASSETS_MODULE_v4.0_LOCKED.txt,intended_contract_not_currently_exposed_by_code
P2,briefed_not_implemented,assets,total_available_asset_utilisation_hours,check_alias_or_backlog,"Briefed field is not exposed by code; may be missing, renamed, or future within current module.",,17_MIRRA_COST_ALLOCATION_v4.0_LOCKED.txt,intended_contract_not_currently_exposed_by_code
P2,briefed_not_implemented,assets,total_available_overhead_amount,check_alias_or_backlog,"Briefed field is not exposed by code; may be missing, renamed, or future within current module.",,17_MIRRA_COST_ALLOCATION_v4.0_LOCKED.txt,intended_contract_not_currently_exposed_by_code
P2,briefed_not_implemented,assets,total_business_overheads,check_alias_or_backlog,"Briefed field is not exposed by code; may be missing, renamed, or future within current module.",,14_MIRRA_BUSINESS_SUMMARY_v4.0_LOCKED.txt,intended_contract_not_currently_exposed_by_code
P2,briefed_not_implemented,assets,total_cost_burden,check_alias_or_backlog,"Briefed field is not exposed by code; may be missing, renamed, or future within current module.",,09_MIRRA_ASSETS_MODULE_v4.0_LOCKED.txt | 14_MIRRA_BUSINESS_SUMMARY_v4.0_LOCKED.txt,intended_contract_not_currently_exposed_by_code
P2,briefed_not_implemented,assets,total_non_productive_asset_cost_annual,check_alias_or_backlog,"Briefed field is not exposed by code; may be missing, renamed, or future within current module.",,09_MIRRA_ASSETS_MODULE_v4.0_LOCKED.txt,intended_contract_not_currently_exposed_by_code
P2,briefed_not_implemented,assets,total_over_allocated_asset_cost_pool,check_alias_or_backlog,"Briefed field is not exposed by code; may be missing, renamed, or future within current module.",,09_MIRRA_ASSETS_MODULE_v4.0_LOCKED.txt,intended_contract_not_currently_exposed_by_code
P2,briefed_not_implemented,assets,total_people_cost_annual,check_alias_or_backlog,"Briefed field is not exposed by code; may be missing, renamed, or future within current module.",,14_MIRRA_BUSINESS_SUMMARY_v4.0_LOCKED.txt,intended_contract_not_currently_exposed_by_code
P2,briefed_not_implemented,assets,total_productive_asset_burden,check_alias_or_backlog,"Briefed field is not exposed by code; may be missing, renamed, or future within current module.",,09_MIRRA_ASSETS_MODULE_v4.0_LOCKED.txt | 14_MIRRA_BUSINESS_SUMMARY_v4.0_LOCKED.txt | 16_MIRRA_ASSET_REALITY_v4.0_LOCKED.txt,intended_contract_not_currently_exposed_by_code
P2,briefed_not_implemented,assets,total_productive_asset_cost_annual,check_alias_or_backlog,"Briefed field is not exposed by code; may be missing, renamed, or future within current module.",,09_MIRRA_ASSETS_MODULE_v4.0_LOCKED.txt,intended_contract_not_currently_exposed_by_code
P2,briefed_not_implemented,assets,total_productive_asset_utilisation_hours,check_alias_or_backlog,"Briefed field is not exposed by code; may be missing, renamed, or future within current module.",,14_MIRRA_BUSINESS_SUMMARY_v4.0_LOCKED.txt | 16_MIRRA_ASSET_REALITY_v4.0_LOCKED.txt,intended_contract_not_currently_exposed_by_code
P2,briefed_not_implemented,assets,total_remaining_asset_burden,check_alias_or_backlog,"Briefed field is not exposed by code; may be missing, renamed, or future within current module.",,17_MIRRA_COST_ALLOCATION_v4.0_LOCKED.txt,intended_contract_not_currently_exposed_by_code
P2,briefed_not_implemented,assets,total_remaining_asset_cost_pool,check_alias_or_backlog,"Briefed field is not exposed by code; may be missing, renamed, or future within current module.",,09_MIRRA_ASSETS_MODULE_v4.0_LOCKED.txt,intended_contract_not_currently_exposed_by_code
P2,briefed_not_implemented,assets,total_remaining_asset_utilisation_hours,check_alias_or_backlog,"Briefed field is not exposed by code; may be missing, renamed, or future within current module.",,17_MIRRA_COST_ALLOCATION_v4.0_LOCKED.txt,intended_contract_not_currently_exposed_by_code
P2,briefed_not_implemented,assets,utilisation_hours_annual,check_alias_or_backlog,"Briefed field is not exposed by code; may be missing, renamed, or future within current module.",,09_MIRRA_ASSETS_MODULE_v4.0_LOCKED.txt,intended_contract_not_currently_exposed_by_code
P2,briefed_not_implemented,assets,utilisation_hours_per_week,check_alias_or_backlog,"Briefed field is not exposed by code; may be missing, renamed, or future within current module.",,09_MIRRA_ASSETS_MODULE_v4.0_LOCKED.txt,intended_contract_not_currently_exposed_by_code
P2,briefed_not_implemented,assets,weighted_required_asset_recovery_rate,check_alias_or_backlog,"Briefed field is not exposed by code; may be missing, renamed, or future within current module.",,14_MIRRA_BUSINESS_SUMMARY_v4.0_LOCKED.txt | 16_MIRRA_ASSET_REALITY_v4.0_LOCKED.txt,intended_contract_not_currently_exposed_by_code
P2,briefed_not_implemented,business-modelling,active_model_version,check_alias_or_backlog,"Briefed field is not exposed by code; may be missing, renamed, or future within current module.",,25_MIRRA_MODEL_REVIEW_APPROVAL_v4.0_LOCKED.txt,intended_contract_not_currently_exposed_by_code
P2,briefed_not_implemented,business-modelling,active_quote_checker_target_set,check_alias_or_backlog,"Briefed field is not exposed by code; may be missing, renamed, or future within current module.",,25_MIRRA_MODEL_REVIEW_APPROVAL_v4.0_LOCKED.txt,intended_contract_not_currently_exposed_by_code
P2,briefed_not_implemented,business-modelling,approval_audit_trail_rows,check_alias_or_backlog,"Briefed field is not exposed by code; may be missing, renamed, or future within current module.",,25_MIRRA_MODEL_REVIEW_APPROVAL_v4.0_LOCKED.txt,intended_contract_not_currently_exposed_by_code
P2,briefed_not_implemented,business-modelling,approved_model_versions,check_alias_or_backlog,"Briefed field is not exposed by code; may be missing, renamed, or future within current module.",,25_MIRRA_MODEL_REVIEW_APPROVAL_v4.0_LOCKED.txt | 28_MIRRA_DATABASE_STORAGE_EXPORT_LAYER_v4.0_LOCKED.txt,intended_contract_not_currently_exposed_by_code
P2,briefed_not_implemented,business-modelling,approved_rate_set_rows,check_alias_or_backlog,"Briefed field is not exposed by code; may be missing, renamed, or future within current module.",,25_MIRRA_MODEL_REVIEW_APPROVAL_v4.0_LOCKED.txt,intended_contract_not_currently_exposed_by_code
P2,briefed_not_implemented,business-modelling,approved_rate_sets,check_alias_or_backlog,"Briefed field is not exposed by code; may be missing, renamed, or future within current module.",,28_MIRRA_DATABASE_STORAGE_EXPORT_LAYER_v4.0_LOCKED.txt,intended_contract_not_currently_exposed_by_code
P2,briefed_not_implemented,business-modelling,approved_scenario_rows,check_alias_or_backlog,"Briefed field is not exposed by code; may be missing, renamed, or future within current module.",,25_MIRRA_MODEL_REVIEW_APPROVAL_v4.0_LOCKED.txt,intended_contract_not_currently_exposed_by_code
P2,briefed_not_implemented,business-modelling,business_modelling_cards,check_alias_or_backlog,"Briefed field is not exposed by code; may be missing, renamed, or future within current module.",,30_MIRRA_BUSINESS_MODELLING_v4.0_LOCKED.txt,intended_contract_not_currently_exposed_by_code
P2,briefed_not_implemented,business-modelling,business_modelling_ready,check_alias_or_backlog,"Briefed field is not exposed by code; may be missing, renamed, or future within current module.",,30_MIRRA_BUSINESS_MODELLING_v4.0_LOCKED.txt,intended_contract_not_currently_exposed_by_code | readiness_field
P2,briefed_not_implemented,business-modelling,business_modelling_source_trace,check_alias_or_backlog,"Briefed field is not exposed by code; may be missing, renamed, or future within current module.",,30_MIRRA_BUSINESS_MODELLING_v4.0_LOCKED.txt,intended_contract_not_currently_exposed_by_code
P2,briefed_not_implemented,business-modelling,business_modelling_status,check_alias_or_backlog,"Briefed field is not exposed by code; may be missing, renamed, or future within current module.",,30_MIRRA_BUSINESS_MODELLING_v4.0_LOCKED.txt,intended_contract_not_currently_exposed_by_code | status_field
P2,briefed_not_implemented,business-modelling,job_rows,check_alias_or_backlog,"Briefed field is not exposed by code; may be missing, renamed, or future within current module.",,28_MIRRA_DATABASE_STORAGE_EXPORT_LAYER_v4.0_LOCKED.txt,intended_contract_not_currently_exposed_by_code
P2,briefed_not_implemented,business-modelling,quote_check_rows,check_alias_or_backlog,"Briefed field is not exposed by code; may be missing, renamed, or future within current module.",,28_MIRRA_DATABASE_STORAGE_EXPORT_LAYER_v4.0_LOCKED.txt,intended_contract_not_currently_exposed_by_code
P2,briefed_not_implemented,business-modelling,quote_checker_target_set,check_alias_or_backlog,"Briefed field is not exposed by code; may be missing, renamed, or future within current module.",,30_MIRRA_BUSINESS_MODELLING_v4.0_LOCKED.txt,intended_contract_not_currently_exposed_by_code
P2,briefed_not_implemented,business-modelling,quote_checker_target_sets,check_alias_or_backlog,"Briefed field is not exposed by code; may be missing, renamed, or future within current module.",,25_MIRRA_MODEL_REVIEW_APPROVAL_v4.0_LOCKED.txt | 28_MIRRA_DATABASE_STORAGE_EXPORT_LAYER_v4.0_LOCKED.txt,intended_contract_not_currently_exposed_by_code
P2,briefed_not_implemented,business-modelling,selected_target_model,check_alias_or_backlog,"Briefed field is not exposed by code; may be missing, renamed, or future within current module.",,30_MIRRA_BUSINESS_MODELLING_v4.0_LOCKED.txt,intended_contract_not_currently_exposed_by_code
P2,briefed_not_implemented,business-modelling,supplier_modelling_rows,check_alias_or_backlog,"Briefed field is not exposed by code; may be missing, renamed, or future within current module.",,30_MIRRA_BUSINESS_MODELLING_v4.0_LOCKED.txt,intended_contract_not_currently_exposed_by_code
P2,briefed_not_implemented,business-modelling,target_model_rows,check_alias_or_backlog,"Briefed field is not exposed by code; may be missing, renamed, or future within current module.",,30_MIRRA_BUSINESS_MODELLING_v4.0_LOCKED.txt,intended_contract_not_currently_exposed_by_code
P2,briefed_not_implemented,business-outcome,business_outcome_cards,check_alias_or_backlog,"Briefed field is not exposed by code; may be missing, renamed, or future within current module.",,20_MIRRA_BUSINESS_OUTCOME_v4.0_LOCKED.txt,intended_contract_not_currently_exposed_by_code
P2,briefed_not_implemented,business-outcome,business_outcome_handoff_rows,check_alias_or_backlog,"Briefed field is not exposed by code; may be missing, renamed, or future within current module.",,24_MIRRA_MODEL_FEEDBACK_LOOP_v4.0_LOCKED.txt,intended_contract_not_currently_exposed_by_code
P2,briefed_not_implemented,business-outcome,business_outcome_ready,check_alias_or_backlog,"Briefed field is not exposed by code; may be missing, renamed, or future within current module.",,20_MIRRA_BUSINESS_OUTCOME_v4.0_LOCKED.txt,intended_contract_not_currently_exposed_by_code | readiness_field
P2,briefed_not_implemented,business-outcome,business_outcome_source_trace,check_alias_or_backlog,"Briefed field is not exposed by code; may be missing, renamed, or future within current module.",,20_MIRRA_BUSINESS_OUTCOME_v4.0_LOCKED.txt,intended_contract_not_currently_exposed_by_code
P2,briefed_not_implemented,business-outcome,business_outcome_status,check_alias_or_backlog,"Briefed field is not exposed by code; may be missing, renamed, or future within current module.",,20_MIRRA_BUSINESS_OUTCOME_v4.0_LOCKED.txt,intended_contract_not_currently_exposed_by_code | status_field
P2,briefed_not_implemented,business-outcome,category_sensitivity_rows,check_alias_or_backlog,"Briefed field is not exposed by code; may be missing, renamed, or future within current module.",,20_MIRRA_BUSINESS_OUTCOME_v4.0_LOCKED.txt,intended_contract_not_currently_exposed_by_code
P2,briefed_not_implemented,business-outcome,current_outcome_summary,check_alias_or_backlog,"Briefed field is not exposed by code; may be missing, renamed, or future within current module.",,30_MIRRA_BUSINESS_MODELLING_v4.0_LOCKED.txt,intended_contract_not_currently_exposed_by_code
P2,briefed_not_implemented,business-outcome,current_vs_modelled_summary,check_alias_or_backlog,"Briefed field is not exposed by code; may be missing, renamed, or future within current module.",,30_MIRRA_BUSINESS_MODELLING_v4.0_LOCKED.txt,intended_contract_not_currently_exposed_by_code
P2,briefed_not_implemented,business-outcome,job_costing_cards,check_alias_or_backlog,"Briefed field is not exposed by code; may be missing, renamed, or future within current module.",,23_MIRRA_JOB_COSTING_PROFITABILITY_v4.0_LOCKED.txt,intended_contract_not_currently_exposed_by_code
P2,briefed_not_implemented,business-outcome,material_markup_context,check_alias_or_backlog,"Briefed field is not exposed by code; may be missing, renamed, or future within current module.",,20_MIRRA_BUSINESS_OUTCOME_v4.0_LOCKED.txt,intended_contract_not_currently_exposed_by_code
P2,briefed_not_implemented,business-outcome,model_feedback_cards,check_alias_or_backlog,"Briefed field is not exposed by code; may be missing, renamed, or future within current module.",,24_MIRRA_MODEL_FEEDBACK_LOOP_v4.0_LOCKED.txt,intended_contract_not_currently_exposed_by_code
P2,briefed_not_implemented,business-outcome,modelled_outcome_summary,check_alias_or_backlog,"Briefed field is not exposed by code; may be missing, renamed, or future within current module.",,20_MIRRA_BUSINESS_OUTCOME_v4.0_LOCKED.txt | 30_MIRRA_BUSINESS_MODELLING_v4.0_LOCKED.txt,intended_contract_not_currently_exposed_by_code
P2,briefed_not_implemented,business-outcome,modelled_scenarios,check_alias_or_backlog,"Briefed field is not exposed by code; may be missing, renamed, or future within current module.",,20_MIRRA_BUSINESS_OUTCOME_v4.0_LOCKED.txt,intended_contract_not_currently_exposed_by_code
P2,briefed_not_implemented,business-outcome,passing_lines,check_alias_or_backlog,"Briefed field is not exposed by code; may be missing, renamed, or future within current module.",,21_MIRRA_QUOTE_CHECKER_v4.0_LOCKED.txt,intended_contract_not_currently_exposed_by_code
P2,briefed_not_implemented,business-outcome,pressure_source,check_alias_or_backlog,"Briefed field is not exposed by code; may be missing, renamed, or future within current module.",,20_MIRRA_BUSINESS_OUTCOME_v4.0_LOCKED.txt,intended_contract_not_currently_exposed_by_code
P2,briefed_not_implemented,business-outcome,pressure_source_breakdown,check_alias_or_backlog,"Briefed field is not exposed by code; may be missing, renamed, or future within current module.",,20_MIRRA_BUSINESS_OUTCOME_v4.0_LOCKED.txt,intended_contract_not_currently_exposed_by_code
P2,briefed_not_implemented,business-outcome,quote_checker_targets,check_alias_or_backlog,"Briefed field is not exposed by code; may be missing, renamed, or future within current module.",,20_MIRRA_BUSINESS_OUTCOME_v4.0_LOCKED.txt,intended_contract_not_currently_exposed_by_code
P2,briefed_not_implemented,business-outcome,rate_impact_rows,check_alias_or_backlog,"Briefed field is not exposed by code; may be missing, renamed, or future within current module.",,20_MIRRA_BUSINESS_OUTCOME_v4.0_LOCKED.txt,intended_contract_not_currently_exposed_by_code
P2,briefed_not_implemented,business-outcome,rate_review_handoff_rows,check_alias_or_backlog,"Briefed field is not exposed by code; may be missing, renamed, or future within current module.",,24_MIRRA_MODEL_FEEDBACK_LOOP_v4.0_LOCKED.txt,intended_contract_not_currently_exposed_by_code
P2,briefed_not_implemented,business-outcome,selected_target_model,check_alias_or_backlog,"Briefed field is not exposed by code; may be missing, renamed, or future within current module.",,30_MIRRA_BUSINESS_MODELLING_v4.0_LOCKED.txt,intended_contract_not_currently_exposed_by_code
P2,briefed_not_implemented,business-outcome,source_trace,check_alias_or_backlog,"Briefed field is not exposed by code; may be missing, renamed, or future within current module.",,22_MIRRA_SOQ_JOB_PO_LAYER_v4.0_LOCKED.txt,intended_contract_not_currently_exposed_by_code
P2,briefed_not_implemented,business-outcome,supplier_sensitivity_rows,check_alias_or_backlog,"Briefed field is not exposed by code; may be missing, renamed, or future within current module.",,20_MIRRA_BUSINESS_OUTCOME_v4.0_LOCKED.txt,intended_contract_not_currently_exposed_by_code
P2,briefed_not_implemented,business-setup,activity_driver_label,check_alias_or_backlog,"Briefed field is not exposed by code; may be missing, renamed, or future within current module.",,14_MIRRA_BUSINESS_SUMMARY_v4.0_LOCKED.txt,intended_contract_not_currently_exposed_by_code
P2,briefed_not_implemented,business-setup,activity_driver_type,check_alias_or_backlog,"Briefed field is not exposed by code; may be missing, renamed, or future within current module.",,14_MIRRA_BUSINESS_SUMMARY_v4.0_LOCKED.txt,intended_contract_not_currently_exposed_by_code
P2,briefed_not_implemented,business-setup,activity_driver_value,check_alias_or_backlog,"Briefed field is not exposed by code; may be missing, renamed, or future within current module.",,14_MIRRA_BUSINESS_SUMMARY_v4.0_LOCKED.txt,intended_contract_not_currently_exposed_by_code
P2,briefed_not_implemented,business-setup,business_setup_model_trust_state,check_alias_or_backlog,"Briefed field is not exposed by code; may be missing, renamed, or future within current module.",,12_MIRRA_BUSINESS_SETUP_v4.0_LOCKED.txt,intended_contract_not_currently_exposed_by_code | trust_state_field
P2,briefed_not_implemented,business-setup,business_setup_ready,check_alias_or_backlog,"Briefed field is not exposed by code; may be missing, renamed, or future within current module.",,12_MIRRA_BUSINESS_SETUP_v4.0_LOCKED.txt,intended_contract_not_currently_exposed_by_code | readiness_field
P2,briefed_not_implemented,business-setup,business_setup_status,check_alias_or_backlog,"Briefed field is not exposed by code; may be missing, renamed, or future within current module.",,12_MIRRA_BUSINESS_SETUP_v4.0_LOCKED.txt,intended_contract_not_currently_exposed_by_code | status_field
P2,briefed_not_implemented,business-setup,business_setup_warning_count,check_alias_or_backlog,"Briefed field is not exposed by code; may be missing, renamed, or future within current module.",,12_MIRRA_BUSINESS_SETUP_v4.0_LOCKED.txt,intended_contract_not_currently_exposed_by_code
P2,briefed_not_implemented,business-setup,business_setup_warnings,check_alias_or_backlog,"Briefed field is not exposed by code; may be missing, renamed, or future within current module.",,12_MIRRA_BUSINESS_SETUP_v4.0_LOCKED.txt,intended_contract_not_currently_exposed_by_code | warnings_field
P2,briefed_not_implemented,business-setup,business_summary_model_trust_state,check_alias_or_backlog,"Briefed field is not exposed by code; may be missing, renamed, or future within current module.",,14_MIRRA_BUSINESS_SUMMARY_v4.0_LOCKED.txt,intended_contract_not_currently_exposed_by_code | trust_state_field
P2,briefed_not_implemented,business-setup,business_type,check_alias_or_backlog,"Briefed field is not exposed by code; may be missing, renamed, or future within current module.",,12_MIRRA_BUSINESS_SETUP_v4.0_LOCKED.txt | 14_MIRRA_BUSINESS_SUMMARY_v4.0_LOCKED.txt,intended_contract_not_currently_exposed_by_code
P2,briefed_not_implemented,business-setup,created_at,check_alias_or_backlog,"Briefed field is not exposed by code; may be missing, renamed, or future within current module.",,12_MIRRA_BUSINESS_SETUP_v4.0_LOCKED.txt,intended_contract_not_currently_exposed_by_code
P2,briefed_not_implemented,business-setup,is_labour_based,check_alias_or_backlog,"Briefed field is not exposed by code; may be missing, renamed, or future within current module.",,12_MIRRA_BUSINESS_SETUP_v4.0_LOCKED.txt,intended_contract_not_currently_exposed_by_code | readiness_field
P2,briefed_not_implemented,business-setup,is_product_based,check_alias_or_backlog,"Briefed field is not exposed by code; may be missing, renamed, or future within current module.",,12_MIRRA_BUSINESS_SETUP_v4.0_LOCKED.txt,intended_contract_not_currently_exposed_by_code | readiness_field
P2,briefed_not_implemented,business-setup,setup_completed,check_alias_or_backlog,"Briefed field is not exposed by code; may be missing, renamed, or future within current module.",,12_MIRRA_BUSINESS_SETUP_v4.0_LOCKED.txt,intended_contract_not_currently_exposed_by_code
P2,briefed_not_implemented,business-setup,updated_at,check_alias_or_backlog,"Briefed field is not exposed by code; may be missing, renamed, or future within current module.",,12_MIRRA_BUSINESS_SETUP_v4.0_LOCKED.txt,intended_contract_not_currently_exposed_by_code
P2,briefed_not_implemented,business-summary,activity_driver_value,check_alias_or_backlog,"Briefed field is not exposed by code; may be missing, renamed, or future within current module.",,14_MIRRA_BUSINESS_SUMMARY_v4.0_LOCKED.txt,intended_contract_not_currently_exposed_by_code
P2,briefed_not_implemented,business-summary,bridge_difference,check_alias_or_backlog,"Briefed field is not exposed by code; may be missing, renamed, or future within current module.",,14_MIRRA_BUSINESS_SUMMARY_v4.0_LOCKED.txt,intended_contract_not_currently_exposed_by_code
P2,briefed_not_implemented,business-summary,bridge_status,check_alias_or_backlog,"Briefed field is not exposed by code; may be missing, renamed, or future within current module.",,14_MIRRA_BUSINESS_SUMMARY_v4.0_LOCKED.txt,intended_contract_not_currently_exposed_by_code | status_field
P2,briefed_not_implemented,business-summary,business_summary_source_trace,check_alias_or_backlog,"Briefed field is not exposed by code; may be missing, renamed, or future within current module.",,14_MIRRA_BUSINESS_SUMMARY_v4.0_LOCKED.txt,intended_contract_not_currently_exposed_by_code
P2,briefed_not_implemented,business-summary,current_margin_label,check_alias_or_backlog,"Briefed field is not exposed by code; may be missing, renamed, or future within current module.",,14_MIRRA_BUSINESS_SUMMARY_v4.0_LOCKED.txt,intended_contract_not_currently_exposed_by_code
P2,briefed_not_implemented,business-summary,current_margin_per_driver,check_alias_or_backlog,"Briefed field is not exposed by code; may be missing, renamed, or future within current module.",,14_MIRRA_BUSINESS_SUMMARY_v4.0_LOCKED.txt,intended_contract_not_currently_exposed_by_code
P2,briefed_not_implemented,business-summary,recovery_gap_per_driver,check_alias_or_backlog,"Briefed field is not exposed by code; may be missing, renamed, or future within current module.",,14_MIRRA_BUSINESS_SUMMARY_v4.0_LOCKED.txt,intended_contract_not_currently_exposed_by_code
P2,briefed_not_implemented,business-summary,required_recovery_label,check_alias_or_backlog,"Briefed field is not exposed by code; may be missing, renamed, or future within current module.",,14_MIRRA_BUSINESS_SUMMARY_v4.0_LOCKED.txt,intended_contract_not_currently_exposed_by_code
P2,briefed_not_implemented,business-summary,required_recovery_per_driver,check_alias_or_backlog,"Briefed field is not exposed by code; may be missing, renamed, or future within current module.",,14_MIRRA_BUSINESS_SUMMARY_v4.0_LOCKED.txt,intended_contract_not_currently_exposed_by_code
P2,briefed_not_implemented,business-summary,required_recovery_unit_label,check_alias_or_backlog,"Briefed field is not exposed by code; may be missing, renamed, or future within current module.",,14_MIRRA_BUSINESS_SUMMARY_v4.0_LOCKED.txt,intended_contract_not_currently_exposed_by_code
P2,briefed_not_implemented,cost-allocation,cost_allocation_ready,check_alias_or_backlog,"Briefed field is not exposed by code; may be missing, renamed, or future within current module.",,17_MIRRA_COST_ALLOCATION_v4.0_LOCKED.txt,intended_contract_not_currently_exposed_by_code | readiness_field
P2,briefed_not_implemented,cost-allocation,cost_allocation_status,check_alias_or_backlog,"Briefed field is not exposed by code; may be missing, renamed, or future within current module.",,17_MIRRA_COST_ALLOCATION_v4.0_LOCKED.txt,intended_contract_not_currently_exposed_by_code | status_field
P2,briefed_not_implemented,cost-allocation,recovery_summary_cards,check_alias_or_backlog,"Briefed field is not exposed by code; may be missing, renamed, or future within current module.",,18_MIRRA_RECOVERY_SUMMARY_v4.0_LOCKED.txt,intended_contract_not_currently_exposed_by_code
P2,briefed_not_implemented,cost-allocation,required_recovery_per_driver,check_alias_or_backlog,"Briefed field is not exposed by code; may be missing, renamed, or future within current module.",,18_MIRRA_RECOVERY_SUMMARY_v4.0_LOCKED.txt,intended_contract_not_currently_exposed_by_code
P2,briefed_not_implemented,cost-allocation,total_assigned_overhead_amount,check_alias_or_backlog,"Briefed field is not exposed by code; may be missing, renamed, or future within current module.",,17_MIRRA_COST_ALLOCATION_v4.0_LOCKED.txt,intended_contract_not_currently_exposed_by_code
P2,briefed_not_implemented,cost-allocation,total_remaining_overhead_amount,check_alias_or_backlog,"Briefed field is not exposed by code; may be missing, renamed, or future within current module.",,17_MIRRA_COST_ALLOCATION_v4.0_LOCKED.txt,intended_contract_not_currently_exposed_by_code
P2,briefed_not_implemented,cost-allocation,total_unrecovered_cost,check_alias_or_backlog,"Briefed field is not exposed by code; may be missing, renamed, or future within current module.",,18_MIRRA_RECOVERY_SUMMARY_v4.0_LOCKED.txt,intended_contract_not_currently_exposed_by_code
P2,briefed_not_implemented,cost-summary,job_actual_cost_summary,check_alias_or_backlog,"Briefed field is not exposed by code; may be missing, renamed, or future within current module.",,22_MIRRA_SOQ_JOB_PO_LAYER_v4.0_LOCKED.txt,intended_contract_not_currently_exposed_by_code
P2,briefed_not_implemented,cost-summary,margin_pool,check_alias_or_backlog,"Briefed field is not exposed by code; may be missing, renamed, or future within current module.",,14_MIRRA_BUSINESS_SUMMARY_v4.0_LOCKED.txt,intended_contract_not_currently_exposed_by_code
P2,briefed_not_implemented,cost-summary,recovery_gap_per_driver,check_alias_or_backlog,"Briefed field is not exposed by code; may be missing, renamed, or future within current module.",,14_MIRRA_BUSINESS_SUMMARY_v4.0_LOCKED.txt,intended_contract_not_currently_exposed_by_code
P2,briefed_not_implemented,cost-summary,unit_cost_validation_rows,check_alias_or_backlog,"Briefed field is not exposed by code; may be missing, renamed, or future within current module.",,22_MIRRA_SOQ_JOB_PO_LAYER_v4.0_LOCKED.txt,intended_contract_not_currently_exposed_by_code
P2,briefed_not_implemented,general-overheads,assigned_overhead_amount,check_alias_or_backlog,"Briefed field is not exposed by code; may be missing, renamed, or future within current module.",,05_MIRRA_GENERAL_OVERHEADS_v4.0_LOCKED.txt,intended_contract_not_currently_exposed_by_code
P2,briefed_not_implemented,general-overheads,default_overhead_pool,check_alias_or_backlog,"Briefed field is not exposed by code; may be missing, renamed, or future within current module.",,17_MIRRA_COST_ALLOCATION_v4.0_LOCKED.txt,intended_contract_not_currently_exposed_by_code
P2,briefed_not_implemented,general-overheads,general_overheads_import_handoff,check_alias_or_backlog,"Briefed field is not exposed by code; may be missing, renamed, or future within current module.",,29_MIRRA_INTEGRATIONS_API_LAYER_v4.0_LOCKED.txt,intended_contract_not_currently_exposed_by_code
P2,briefed_not_implemented,general-overheads,general_overheads_model_trust_state,check_alias_or_backlog,"Briefed field is not exposed by code; may be missing, renamed, or future within current module.",,05_MIRRA_GENERAL_OVERHEADS_v4.0_LOCKED.txt,intended_contract_not_currently_exposed_by_code | trust_state_field
P2,briefed_not_implemented,general-overheads,general_overheads_pool_amount,check_alias_or_backlog,"Briefed field is not exposed by code; may be missing, renamed, or future within current module.",,05_MIRRA_GENERAL_OVERHEADS_v4.0_LOCKED.txt,intended_contract_not_currently_exposed_by_code
P2,briefed_not_implemented,general-overheads,general_overheads_pool_source_module,check_alias_or_backlog,"Briefed field is not exposed by code; may be missing, renamed, or future within current module.",,05_MIRRA_GENERAL_OVERHEADS_v4.0_LOCKED.txt,intended_contract_not_currently_exposed_by_code
P2,briefed_not_implemented,general-overheads,general_overheads_pool_source_name,check_alias_or_backlog,"Briefed field is not exposed by code; may be missing, renamed, or future within current module.",,05_MIRRA_GENERAL_OVERHEADS_v4.0_LOCKED.txt,intended_contract_not_currently_exposed_by_code
P2,briefed_not_implemented,general-overheads,general_overheads_ready,check_alias_or_backlog,"Briefed field is not exposed by code; may be missing, renamed, or future within current module.",,05_MIRRA_GENERAL_OVERHEADS_v4.0_LOCKED.txt,intended_contract_not_currently_exposed_by_code | readiness_field
P2,briefed_not_implemented,general-overheads,general_overheads_reconciliation_checks,check_alias_or_backlog,"Briefed field is not exposed by code; may be missing, renamed, or future within current module.",,05_MIRRA_GENERAL_OVERHEADS_v4.0_LOCKED.txt,intended_contract_not_currently_exposed_by_code
P2,briefed_not_implemented,general-overheads,general_overheads_warning_count,check_alias_or_backlog,"Briefed field is not exposed by code; may be missing, renamed, or future within current module.",,05_MIRRA_GENERAL_OVERHEADS_v4.0_LOCKED.txt,intended_contract_not_currently_exposed_by_code
P2,briefed_not_implemented,general-overheads,general_overheads_warnings,check_alias_or_backlog,"Briefed field is not exposed by code; may be missing, renamed, or future within current module.",,05_MIRRA_GENERAL_OVERHEADS_v4.0_LOCKED.txt,intended_contract_not_currently_exposed_by_code | warnings_field
P2,briefed_not_implemented,general-overheads,gross_general_overheads_benchmark,check_alias_or_backlog,"Briefed field is not exposed by code; may be missing, renamed, or future within current module.",,05_MIRRA_GENERAL_OVERHEADS_v4.0_LOCKED.txt,intended_contract_not_currently_exposed_by_code
P2,briefed_not_implemented,general-overheads,mirra_operating_position,check_alias_or_backlog,"Briefed field is not exposed by code; may be missing, renamed, or future within current module.",,14_MIRRA_BUSINESS_SUMMARY_v4.0_LOCKED.txt,intended_contract_not_currently_exposed_by_code
P2,briefed_not_implemented,general-overheads,net_general_overheads,check_alias_or_backlog,"Briefed field is not exposed by code; may be missing, renamed, or future within current module.",,05_MIRRA_GENERAL_OVERHEADS_v4.0_LOCKED.txt,intended_contract_not_currently_exposed_by_code
P2,briefed_not_implemented,general-overheads,net_position,check_alias_or_backlog,"Briefed field is not exposed by code; may be missing, renamed, or future within current module.",,14_MIRRA_BUSINESS_SUMMARY_v4.0_LOCKED.txt,intended_contract_not_currently_exposed_by_code
P2,briefed_not_implemented,general-overheads,operating_expense_benchmark_total,check_alias_or_backlog,"Briefed field is not exposed by code; may be missing, renamed, or future within current module.",,04_MIRRA_P_AND_L_PAGE_v4.0_LOCKED.txt,intended_contract_not_currently_exposed_by_code
P2,briefed_not_implemented,general-overheads,over_assigned_overhead_amount,check_alias_or_backlog,"Briefed field is not exposed by code; may be missing, renamed, or future within current module.",,05_MIRRA_GENERAL_OVERHEADS_v4.0_LOCKED.txt,intended_contract_not_currently_exposed_by_code
P2,briefed_not_implemented,general-overheads,overhead_allocation_status,check_alias_or_backlog,"Briefed field is not exposed by code; may be missing, renamed, or future within current module.",,05_MIRRA_GENERAL_OVERHEADS_v4.0_LOCKED.txt,intended_contract_not_currently_exposed_by_code | status_field
P2,briefed_not_implemented,general-overheads,overhead_distribution_method,check_alias_or_backlog,"Briefed field is not exposed by code; may be missing, renamed, or future within current module.",,05_MIRRA_GENERAL_OVERHEADS_v4.0_LOCKED.txt,intended_contract_not_currently_exposed_by_code
P2,briefed_not_implemented,general-overheads,overhead_group_assignments,check_alias_or_backlog,"Briefed field is not exposed by code; may be missing, renamed, or future within current module.",,17_MIRRA_COST_ALLOCATION_v4.0_LOCKED.txt,intended_contract_not_currently_exposed_by_code
P2,briefed_not_implemented,general-overheads,remaining_overhead_pool_amount,check_alias_or_backlog,"Briefed field is not exposed by code; may be missing, renamed, or future within current module.",,05_MIRRA_GENERAL_OVERHEADS_v4.0_LOCKED.txt,intended_contract_not_currently_exposed_by_code
P2,briefed_not_implemented,general-overheads,source_overhead_pool_amount,check_alias_or_backlog,"Briefed field is not exposed by code; may be missing, renamed, or future within current module.",,05_MIRRA_GENERAL_OVERHEADS_v4.0_LOCKED.txt,intended_contract_not_currently_exposed_by_code
P2,briefed_not_implemented,labour,activity_driver_type,check_alias_or_backlog,"Briefed field is not exposed by code; may be missing, renamed, or future within current module.",,15_MIRRA_REVENUE_REALITY_v4.0_LOCKED.txt,intended_contract_not_currently_exposed_by_code
P2,briefed_not_implemented,labour,activity_driver_value,check_alias_or_backlog,"Briefed field is not exposed by code; may be missing, renamed, or future within current module.",,15_MIRRA_REVENUE_REALITY_v4.0_LOCKED.txt,intended_contract_not_currently_exposed_by_code
P2,briefed_not_implemented,labour,api_error_rows,check_alias_or_backlog,"Briefed field is not exposed by code; may be missing, renamed, or future within current module.",,29_MIRRA_INTEGRATIONS_API_LAYER_v4.0_LOCKED.txt,intended_contract_not_currently_exposed_by_code
P2,briefed_not_implemented,labour,asset_consumption_rows,check_alias_or_backlog,"Briefed field is not exposed by code; may be missing, renamed, or future within current module.",,22_MIRRA_SOQ_JOB_PO_LAYER_v4.0_LOCKED.txt,intended_contract_not_currently_exposed_by_code
P2,briefed_not_implemented,labour,asset_feedback_rows,check_alias_or_backlog,"Briefed field is not exposed by code; may be missing, renamed, or future within current module.",,24_MIRRA_MODEL_FEEDBACK_LOOP_v4.0_LOCKED.txt,intended_contract_not_currently_exposed_by_code
P2,briefed_not_implemented,labour,asset_finance_benchmark_total,check_alias_or_backlog,"Briefed field is not exposed by code; may be missing, renamed, or future within current module.",,04_MIRRA_P_AND_L_PAGE_v4.0_LOCKED.txt,intended_contract_not_currently_exposed_by_code
P2,briefed_not_implemented,labour,asset_finance_variance_amount,check_alias_or_backlog,"Briefed field is not exposed by code; may be missing, renamed, or future within current module.",,10_MIRRA_MODULE_RECONCILIATION_v4.0_LOCKED.txt,intended_contract_not_currently_exposed_by_code
P2,briefed_not_implemented,labour,asset_finance_variance_percent,check_alias_or_backlog,"Briefed field is not exposed by code; may be missing, renamed, or future within current module.",,10_MIRRA_MODULE_RECONCILIATION_v4.0_LOCKED.txt,intended_contract_not_currently_exposed_by_code
P2,briefed_not_implemented,labour,asset_group_assignments,check_alias_or_backlog,"Briefed field is not exposed by code; may be missing, renamed, or future within current module.",,17_MIRRA_COST_ALLOCATION_v4.0_LOCKED.txt,intended_contract_not_currently_exposed_by_code
P2,briefed_not_implemented,labour,asset_id,check_alias_or_backlog,"Briefed field is not exposed by code; may be missing, renamed, or future within current module.",,17_MIRRA_COST_ALLOCATION_v4.0_LOCKED.txt,intended_contract_not_currently_exposed_by_code
P2,briefed_not_implemented,labour,asset_modelling_rows,check_alias_or_backlog,"Briefed field is not exposed by code; may be missing, renamed, or future within current module.",,30_MIRRA_BUSINESS_MODELLING_v4.0_LOCKED.txt,intended_contract_not_currently_exposed_by_code
P2,briefed_not_implemented,labour,asset_reality_context,check_alias_or_backlog,"Briefed field is not exposed by code; may be missing, renamed, or future within current module.",,14_MIRRA_BUSINESS_SUMMARY_v4.0_LOCKED.txt,intended_contract_not_currently_exposed_by_code
P2,briefed_not_implemented,labour,asset_variance_rows,check_alias_or_backlog,"Briefed field is not exposed by code; may be missing, renamed, or future within current module.",,23_MIRRA_JOB_COSTING_PROFITABILITY_v4.0_LOCKED.txt,intended_contract_not_currently_exposed_by_code
P2,briefed_not_implemented,labour,business_summary_model_trust_state,check_alias_or_backlog,"Briefed field is not exposed by code; may be missing, renamed, or future within current module.",,14_MIRRA_BUSINESS_SUMMARY_v4.0_LOCKED.txt,intended_contract_not_currently_exposed_by_code | trust_state_field
P2,briefed_not_implemented,labour,category_modelling_rows,check_alias_or_backlog,"Briefed field is not exposed by code; may be missing, renamed, or future within current module.",,30_MIRRA_BUSINESS_MODELLING_v4.0_LOCKED.txt,intended_contract_not_currently_exposed_by_code
P2,briefed_not_implemented,labour,current_margin_per_driver,check_alias_or_backlog,"Briefed field is not exposed by code; may be missing, renamed, or future within current module.",,15_MIRRA_REVENUE_REALITY_v4.0_LOCKED.txt,intended_contract_not_currently_exposed_by_code
P2,briefed_not_implemented,labour,default_productive_labour_pool,check_alias_or_backlog,"Briefed field is not exposed by code; may be missing, renamed, or future within current module.",,17_MIRRA_COST_ALLOCATION_v4.0_LOCKED.txt,intended_contract_not_currently_exposed_by_code
P2,briefed_not_implemented,labour,fully_burdened_cost_rate,check_alias_or_backlog,"Briefed field is not exposed by code; may be missing, renamed, or future within current module.",,19_MIRRA_RATE_BUILDER_v4.0_LOCKED.txt,intended_contract_not_currently_exposed_by_code
P2,briefed_not_implemented,labour,general_overheads_benchmark_total,check_alias_or_backlog,"Briefed field is not exposed by code; may be missing, renamed, or future within current module.",,04_MIRRA_P_AND_L_PAGE_v4.0_LOCKED.txt,intended_contract_not_currently_exposed_by_code
P2,briefed_not_implemented,labour,general_overheads_bridge_variance,check_alias_or_backlog,"Briefed field is not exposed by code; may be missing, renamed, or future within current module.",,14_MIRRA_BUSINESS_SUMMARY_v4.0_LOCKED.txt,intended_contract_not_currently_exposed_by_code
P2,briefed_not_implemented,labour,general_overheads_pool,check_alias_or_backlog,"Briefed field is not exposed by code; may be missing, renamed, or future within current module.",,17_MIRRA_COST_ALLOCATION_v4.0_LOCKED.txt,intended_contract_not_currently_exposed_by_code
P2,briefed_not_implemented,labour,group_cost_stacks,check_alias_or_backlog,"Briefed field is not exposed by code; may be missing, renamed, or future within current module.",,17_MIRRA_COST_ALLOCATION_v4.0_LOCKED.txt,intended_contract_not_currently_exposed_by_code
P2,briefed_not_implemented,labour,labour_consumption_of_margin_percent,check_alias_or_backlog,"Briefed field is not exposed by code; may be missing, renamed, or future within current module.",,14_MIRRA_BUSINESS_SUMMARY_v4.0_LOCKED.txt | 15_MIRRA_REVENUE_REALITY_v4.0_LOCKED.txt,intended_contract_not_currently_exposed_by_code
P2,briefed_not_implemented,labour,labour_consumption_rows,check_alias_or_backlog,"Briefed field is not exposed by code; may be missing, renamed, or future within current module.",,22_MIRRA_SOQ_JOB_PO_LAYER_v4.0_LOCKED.txt,intended_contract_not_currently_exposed_by_code
P2,briefed_not_implemented,labour,labour_cost_for_stress_test,check_alias_or_backlog,"Briefed field is not exposed by code; may be missing, renamed, or future within current module.",,15_MIRRA_REVENUE_REALITY_v4.0_LOCKED.txt,intended_contract_not_currently_exposed_by_code
P2,briefed_not_implemented,labour,labour_cost_per_driver,check_alias_or_backlog,"Briefed field is not exposed by code; may be missing, renamed, or future within current module.",,15_MIRRA_REVENUE_REALITY_v4.0_LOCKED.txt,intended_contract_not_currently_exposed_by_code
P2,briefed_not_implemented,labour,labour_feedback_rows,check_alias_or_backlog,"Briefed field is not exposed by code; may be missing, renamed, or future within current module.",,24_MIRRA_MODEL_FEEDBACK_LOOP_v4.0_LOCKED.txt,intended_contract_not_currently_exposed_by_code
P2,briefed_not_implemented,labour,labour_group_assignments,check_alias_or_backlog,"Briefed field is not exposed by code; may be missing, renamed, or future within current module.",,17_MIRRA_COST_ALLOCATION_v4.0_LOCKED.txt,intended_contract_not_currently_exposed_by_code
P2,briefed_not_implemented,labour,labour_import_handoff,check_alias_or_backlog,"Briefed field is not exposed by code; may be missing, renamed, or future within current module.",,29_MIRRA_INTEGRATIONS_API_LAYER_v4.0_LOCKED.txt,intended_contract_not_currently_exposed_by_code
P2,briefed_not_implemented,labour,labour_margin_gap,check_alias_or_backlog,"Briefed field is not exposed by code; may be missing, renamed, or future within current module.",,15_MIRRA_REVENUE_REALITY_v4.0_LOCKED.txt,intended_contract_not_currently_exposed_by_code
P2,briefed_not_implemented,labour,labour_margin_gap_per_driver,check_alias_or_backlog,"Briefed field is not exposed by code; may be missing, renamed, or future within current module.",,15_MIRRA_REVENUE_REALITY_v4.0_LOCKED.txt,intended_contract_not_currently_exposed_by_code
P2,briefed_not_implemented,labour,labour_model_trust_state,check_alias_or_backlog,"Briefed field is not exposed by code; may be missing, renamed, or future within current module.",,07_MIRRA_LABOUR_MODULE_v4.0_LOCKED.txt,intended_contract_not_currently_exposed_by_code | trust_state_field
P2,briefed_not_implemented,labour,labour_modelling_rows,check_alias_or_backlog,"Briefed field is not exposed by code; may be missing, renamed, or future within current module.",,30_MIRRA_BUSINESS_MODELLING_v4.0_LOCKED.txt,intended_contract_not_currently_exposed_by_code
P2,briefed_not_implemented,labour,labour_shortfall_against_margin,check_alias_or_backlog,"Briefed field is not exposed by code; may be missing, renamed, or future within current module.",,14_MIRRA_BUSINESS_SUMMARY_v4.0_LOCKED.txt | 15_MIRRA_REVENUE_REALITY_v4.0_LOCKED.txt,intended_contract_not_currently_exposed_by_code
P2,briefed_not_implemented,labour,labour_variance_amount,check_alias_or_backlog,"Briefed field is not exposed by code; may be missing, renamed, or future within current module.",,10_MIRRA_MODULE_RECONCILIATION_v4.0_LOCKED.txt,intended_contract_not_currently_exposed_by_code
P2,briefed_not_implemented,labour,labour_variance_percent,check_alias_or_backlog,"Briefed field is not exposed by code; may be missing, renamed, or future within current module.",,10_MIRRA_MODULE_RECONCILIATION_v4.0_LOCKED.txt,intended_contract_not_currently_exposed_by_code
P2,briefed_not_implemented,labour,labour_variance_rows,check_alias_or_backlog,"Briefed field is not exposed by code; may be missing, renamed, or future within current module.",,23_MIRRA_JOB_COSTING_PROFITABILITY_v4.0_LOCKED.txt,intended_contract_not_currently_exposed_by_code
P2,briefed_not_implemented,labour,labour_warning_count,check_alias_or_backlog,"Briefed field is not exposed by code; may be missing, renamed, or future within current module.",,07_MIRRA_LABOUR_MODULE_v4.0_LOCKED.txt,intended_contract_not_currently_exposed_by_code
P2,briefed_not_implemented,labour,labour_warnings,check_alias_or_backlog,"Briefed field is not exposed by code; may be missing, renamed, or future within current module.",,07_MIRRA_LABOUR_MODULE_v4.0_LOCKED.txt,intended_contract_not_currently_exposed_by_code | warnings_field
P2,briefed_not_implemented,labour,margin_after_labour,check_alias_or_backlog,"Briefed field is not exposed by code; may be missing, renamed, or future within current module.",,14_MIRRA_BUSINESS_SUMMARY_v4.0_LOCKED.txt | 15_MIRRA_REVENUE_REALITY_v4.0_LOCKED.txt,intended_contract_not_currently_exposed_by_code
P2,briefed_not_implemented,labour,margin_after_labour_per_driver,check_alias_or_backlog,"Briefed field is not exposed by code; may be missing, renamed, or future within current module.",,15_MIRRA_REVENUE_REALITY_v4.0_LOCKED.txt,intended_contract_not_currently_exposed_by_code
P2,briefed_not_implemented,labour,margin_after_labour_percent_of_revenue,check_alias_or_backlog,"Briefed field is not exposed by code; may be missing, renamed, or future within current module.",,15_MIRRA_REVENUE_REALITY_v4.0_LOCKED.txt,intended_contract_not_currently_exposed_by_code
P2,briefed_not_implemented,labour,margin_pool,check_alias_or_backlog,"Briefed field is not exposed by code; may be missing, renamed, or future within current module.",,15_MIRRA_REVENUE_REALITY_v4.0_LOCKED.txt,intended_contract_not_currently_exposed_by_code
P2,briefed_not_implemented,labour,margin_surplus_after_labour,check_alias_or_backlog,"Briefed field is not exposed by code; may be missing, renamed, or future within current module.",,14_MIRRA_BUSINESS_SUMMARY_v4.0_LOCKED.txt | 15_MIRRA_REVENUE_REALITY_v4.0_LOCKED.txt,intended_contract_not_currently_exposed_by_code
P2,briefed_not_implemented,labour,material_category_feedback_rows,check_alias_or_backlog,"Briefed field is not exposed by code; may be missing, renamed, or future within current module.",,24_MIRRA_MODEL_FEEDBACK_LOOP_v4.0_LOCKED.txt,intended_contract_not_currently_exposed_by_code
P2,briefed_not_implemented,labour,material_consumption_rows,check_alias_or_backlog,"Briefed field is not exposed by code; may be missing, renamed, or future within current module.",,22_MIRRA_SOQ_JOB_PO_LAYER_v4.0_LOCKED.txt,intended_contract_not_currently_exposed_by_code
P2,briefed_not_implemented,labour,material_margin_percent,check_alias_or_backlog,"Briefed field is not exposed by code; may be missing, renamed, or future within current module.",,14_MIRRA_BUSINESS_SUMMARY_v4.0_LOCKED.txt,intended_contract_not_currently_exposed_by_code
P2,briefed_not_implemented,labour,material_variance_rows,check_alias_or_backlog,"Briefed field is not exposed by code; may be missing, renamed, or future within current module.",,23_MIRRA_JOB_COSTING_PROFITABILITY_v4.0_LOCKED.txt,intended_contract_not_currently_exposed_by_code
P2,briefed_not_implemented,labour,net_position,check_alias_or_backlog,"Briefed field is not exposed by code; may be missing, renamed, or future within current module.",,14_MIRRA_BUSINESS_SUMMARY_v4.0_LOCKED.txt,intended_contract_not_currently_exposed_by_code
P2,briefed_not_implemented,labour,non_productive_staff_count,check_alias_or_backlog,"Briefed field is not exposed by code; may be missing, renamed, or future within current module.",,07_MIRRA_LABOUR_MODULE_v4.0_LOCKED.txt,intended_contract_not_currently_exposed_by_code
P2,briefed_not_implemented,labour,normalised_reconciliation_inputs,check_alias_or_backlog,"Briefed field is not exposed by code; may be missing, renamed, or future within current module.",,10_MIRRA_MODULE_RECONCILIATION_v4.0_LOCKED.txt,intended_contract_not_currently_exposed_by_code
P2,briefed_not_implemented,labour,overhead_feedback_rows,check_alias_or_backlog,"Briefed field is not exposed by code; may be missing, renamed, or future within current module.",,24_MIRRA_MODEL_FEEDBACK_LOOP_v4.0_LOCKED.txt,intended_contract_not_currently_exposed_by_code
P2,briefed_not_implemented,labour,overhead_modelling_rows,check_alias_or_backlog,"Briefed field is not exposed by code; may be missing, renamed, or future within current module.",,30_MIRRA_BUSINESS_MODELLING_v4.0_LOCKED.txt,intended_contract_not_currently_exposed_by_code
P2,briefed_not_implemented,labour,productive_asset_pool,check_alias_or_backlog,"Briefed field is not exposed by code; may be missing, renamed, or future within current module.",,17_MIRRA_COST_ALLOCATION_v4.0_LOCKED.txt,intended_contract_not_currently_exposed_by_code
P2,briefed_not_implemented,labour,productive_labour_pool,check_alias_or_backlog,"Briefed field is not exposed by code; may be missing, renamed, or future within current module.",,17_MIRRA_COST_ALLOCATION_v4.0_LOCKED.txt,intended_contract_not_currently_exposed_by_code
P2,briefed_not_implemented,labour,productive_staff_count,check_alias_or_backlog,"Briefed field is not exposed by code; may be missing, renamed, or future within current module.",,07_MIRRA_LABOUR_MODULE_v4.0_LOCKED.txt,intended_contract_not_currently_exposed_by_code
P2,briefed_not_implemented,labour,rate_target_rows,check_alias_or_backlog,"Briefed field is not exposed by code; may be missing, renamed, or future within current module.",,30_MIRRA_BUSINESS_MODELLING_v4.0_LOCKED.txt,intended_contract_not_currently_exposed_by_code
P2,briefed_not_implemented,labour,residual_margin_after_labour,check_alias_or_backlog,"Briefed field is not exposed by code; may be missing, renamed, or future within current module.",,14_MIRRA_BUSINESS_SUMMARY_v4.0_LOCKED.txt | 15_MIRRA_REVENUE_REALITY_v4.0_LOCKED.txt,intended_contract_not_currently_exposed_by_code
P2,briefed_not_implemented,labour,revenue_reality_context,check_alias_or_backlog,"Briefed field is not exposed by code; may be missing, renamed, or future within current module.",,14_MIRRA_BUSINESS_SUMMARY_v4.0_LOCKED.txt,intended_contract_not_currently_exposed_by_code
P2,briefed_not_implemented,labour,revenue_reality_model_trust_state,check_alias_or_backlog,"Briefed field is not exposed by code; may be missing, renamed, or future within current module.",,14_MIRRA_BUSINESS_SUMMARY_v4.0_LOCKED.txt | 15_MIRRA_REVENUE_REALITY_v4.0_LOCKED.txt,intended_contract_not_currently_exposed_by_code | trust_state_field
P2,briefed_not_implemented,labour,revenue_reality_status,check_alias_or_backlog,"Briefed field is not exposed by code; may be missing, renamed, or future within current module.",,14_MIRRA_BUSINESS_SUMMARY_v4.0_LOCKED.txt | 15_MIRRA_REVENUE_REALITY_v4.0_LOCKED.txt,intended_contract_not_currently_exposed_by_code | status_field
P2,briefed_not_implemented,labour,revenue_reality_summary_cards,check_alias_or_backlog,"Briefed field is not exposed by code; may be missing, renamed, or future within current module.",,15_MIRRA_REVENUE_REALITY_v4.0_LOCKED.txt,intended_contract_not_currently_exposed_by_code
P2,briefed_not_implemented,labour,source_trace,check_alias_or_backlog,"Briefed field is not exposed by code; may be missing, renamed, or future within current module.",,29_MIRRA_INTEGRATIONS_API_LAYER_v4.0_LOCKED.txt,intended_contract_not_currently_exposed_by_code
P2,briefed_not_implemented,labour,staff_types,check_alias_or_backlog,"Briefed field is not exposed by code; may be missing, renamed, or future within current module.",,07_MIRRA_LABOUR_MODULE_v4.0_LOCKED.txt,intended_contract_not_currently_exposed_by_code
P2,briefed_not_implemented,labour,subcontractor_consumption_rows,check_alias_or_backlog,"Briefed field is not exposed by code; may be missing, renamed, or future within current module.",,22_MIRRA_SOQ_JOB_PO_LAYER_v4.0_LOCKED.txt,intended_contract_not_currently_exposed_by_code
P2,briefed_not_implemented,labour,subcontractor_variance_rows,check_alias_or_backlog,"Briefed field is not exposed by code; may be missing, renamed, or future within current module.",,23_MIRRA_JOB_COSTING_PROFITABILITY_v4.0_LOCKED.txt,intended_contract_not_currently_exposed_by_code
P2,briefed_not_implemented,labour,suggested_labour_category,check_alias_or_backlog,"Briefed field is not exposed by code; may be missing, renamed, or future within current module.",,29_MIRRA_INTEGRATIONS_API_LAYER_v4.0_LOCKED.txt,intended_contract_not_currently_exposed_by_code
P2,briefed_not_implemented,labour,suggested_sell_rate,check_alias_or_backlog,"Briefed field is not exposed by code; may be missing, renamed, or future within current module.",,19_MIRRA_RATE_BUILDER_v4.0_LOCKED.txt,intended_contract_not_currently_exposed_by_code
P2,briefed_not_implemented,labour,supplier_feedback_rows,check_alias_or_backlog,"Briefed field is not exposed by code; may be missing, renamed, or future within current module.",,24_MIRRA_MODEL_FEEDBACK_LOOP_v4.0_LOCKED.txt,intended_contract_not_currently_exposed_by_code
P2,briefed_not_implemented,labour,total_asset_cost_annual,check_alias_or_backlog,"Briefed field is not exposed by code; may be missing, renamed, or future within current module.",,14_MIRRA_BUSINESS_SUMMARY_v4.0_LOCKED.txt,intended_contract_not_currently_exposed_by_code
P2,briefed_not_implemented,labour,total_assigned_labour_cost,check_alias_or_backlog,"Briefed field is not exposed by code; may be missing, renamed, or future within current module.",,17_MIRRA_COST_ALLOCATION_v4.0_LOCKED.txt,intended_contract_not_currently_exposed_by_code
P2,briefed_not_implemented,labour,total_assigned_labour_hours,check_alias_or_backlog,"Briefed field is not exposed by code; may be missing, renamed, or future within current module.",,17_MIRRA_COST_ALLOCATION_v4.0_LOCKED.txt,intended_contract_not_currently_exposed_by_code
P2,briefed_not_implemented,labour,total_available_asset_burden,check_alias_or_backlog,"Briefed field is not exposed by code; may be missing, renamed, or future within current module.",,17_MIRRA_COST_ALLOCATION_v4.0_LOCKED.txt,intended_contract_not_currently_exposed_by_code
P2,briefed_not_implemented,labour,total_available_labour_cost,check_alias_or_backlog,"Briefed field is not exposed by code; may be missing, renamed, or future within current module.",,17_MIRRA_COST_ALLOCATION_v4.0_LOCKED.txt,intended_contract_not_currently_exposed_by_code
P2,briefed_not_implemented,labour,total_available_labour_hours,check_alias_or_backlog,"Briefed field is not exposed by code; may be missing, renamed, or future within current module.",,17_MIRRA_COST_ALLOCATION_v4.0_LOCKED.txt,intended_contract_not_currently_exposed_by_code
P2,briefed_not_implemented,labour,total_business_overheads,check_alias_or_backlog,"Briefed field is not exposed by code; may be missing, renamed, or future within current module.",,14_MIRRA_BUSINESS_SUMMARY_v4.0_LOCKED.txt,intended_contract_not_currently_exposed_by_code
P2,briefed_not_implemented,labour,total_cost_burden,check_alias_or_backlog,"Briefed field is not exposed by code; may be missing, renamed, or future within current module.",,07_MIRRA_LABOUR_MODULE_v4.0_LOCKED.txt,intended_contract_not_currently_exposed_by_code
P2,briefed_not_implemented,labour,total_non_productive_labour_cost,check_alias_or_backlog,"Briefed field is not exposed by code; may be missing, renamed, or future within current module.",,07_MIRRA_LABOUR_MODULE_v4.0_LOCKED.txt,intended_contract_not_currently_exposed_by_code
P2,briefed_not_implemented,labour,total_people_cost_annual,check_alias_or_backlog,"Briefed field is not exposed by code; may be missing, renamed, or future within current module.",,07_MIRRA_LABOUR_MODULE_v4.0_LOCKED.txt | 14_MIRRA_BUSINESS_SUMMARY_v4.0_LOCKED.txt,intended_contract_not_currently_exposed_by_code
P2,briefed_not_implemented,labour,total_remaining_labour_cost,check_alias_or_backlog,"Briefed field is not exposed by code; may be missing, renamed, or future within current module.",,17_MIRRA_COST_ALLOCATION_v4.0_LOCKED.txt,intended_contract_not_currently_exposed_by_code
P2,briefed_not_implemented,labour,total_remaining_labour_hours,check_alias_or_backlog,"Briefed field is not exposed by code; may be missing, renamed, or future within current module.",,17_MIRRA_COST_ALLOCATION_v4.0_LOCKED.txt,intended_contract_not_currently_exposed_by_code
P2,briefed_not_implemented,labour,total_staff_count,check_alias_or_backlog,"Briefed field is not exposed by code; may be missing, renamed, or future within current module.",,07_MIRRA_LABOUR_MODULE_v4.0_LOCKED.txt,intended_contract_not_currently_exposed_by_code
P2,briefed_not_implemented,labour,unassigned_productive_staff,check_alias_or_backlog,"Briefed field is not exposed by code; may be missing, renamed, or future within current module.",,07_MIRRA_LABOUR_MODULE_v4.0_LOCKED.txt,intended_contract_not_currently_exposed_by_code
P2,briefed_not_implemented,labour,unassigned_productive_staff_cost,check_alias_or_backlog,"Briefed field is not exposed by code; may be missing, renamed, or future within current module.",,07_MIRRA_LABOUR_MODULE_v4.0_LOCKED.txt,intended_contract_not_currently_exposed_by_code
P2,briefed_not_implemented,labour,unassigned_productive_staff_hours,check_alias_or_backlog,"Briefed field is not exposed by code; may be missing, renamed, or future within current module.",,07_MIRRA_LABOUR_MODULE_v4.0_LOCKED.txt,intended_contract_not_currently_exposed_by_code
P2,briefed_not_implemented,labour,warning_checks,check_alias_or_backlog,"Briefed field is not exposed by code; may be missing, renamed, or future within current module.",,10_MIRRA_MODULE_RECONCILIATION_v4.0_LOCKED.txt,intended_contract_not_currently_exposed_by_code
P2,briefed_not_implemented,labour,working_groups,check_alias_or_backlog,"Briefed field is not exposed by code; may be missing, renamed, or future within current module.",,17_MIRRA_COST_ALLOCATION_v4.0_LOCKED.txt,intended_contract_not_currently_exposed_by_code
P2,briefed_not_implemented,model-readiness,business_modelling_model_trust_state,check_alias_or_backlog,"Briefed field is not exposed by code; may be missing, renamed, or future within current module.",,30_MIRRA_BUSINESS_MODELLING_v4.0_LOCKED.txt,intended_contract_not_currently_exposed_by_code | trust_state_field
P2,briefed_not_implemented,model-readiness,business_modelling_scenario_rows,check_alias_or_backlog,"Briefed field is not exposed by code; may be missing, renamed, or future within current module.",,30_MIRRA_BUSINESS_MODELLING_v4.0_LOCKED.txt,intended_contract_not_currently_exposed_by_code
P2,briefed_not_implemented,model-readiness,business_modelling_warning_count,check_alias_or_backlog,"Briefed field is not exposed by code; may be missing, renamed, or future within current module.",,30_MIRRA_BUSINESS_MODELLING_v4.0_LOCKED.txt,intended_contract_not_currently_exposed_by_code
P2,briefed_not_implemented,model-readiness,business_modelling_warnings,check_alias_or_backlog,"Briefed field is not exposed by code; may be missing, renamed, or future within current module.",,30_MIRRA_BUSINESS_MODELLING_v4.0_LOCKED.txt,intended_contract_not_currently_exposed_by_code | warnings_field
P2,briefed_not_implemented,model-readiness,business_outcome_model_trust_state,check_alias_or_backlog,"Briefed field is not exposed by code; may be missing, renamed, or future within current module.",,20_MIRRA_BUSINESS_OUTCOME_v4.0_LOCKED.txt,intended_contract_not_currently_exposed_by_code | trust_state_field
P2,briefed_not_implemented,model-readiness,business_outcome_warning_count,check_alias_or_backlog,"Briefed field is not exposed by code; may be missing, renamed, or future within current module.",,20_MIRRA_BUSINESS_OUTCOME_v4.0_LOCKED.txt,intended_contract_not_currently_exposed_by_code
P2,briefed_not_implemented,model-readiness,business_outcome_warnings,check_alias_or_backlog,"Briefed field is not exposed by code; may be missing, renamed, or future within current module.",,20_MIRRA_BUSINESS_OUTCOME_v4.0_LOCKED.txt,intended_contract_not_currently_exposed_by_code | warnings_field
P2,briefed_not_implemented,model-readiness,business_summary_warning_count,check_alias_or_backlog,"Briefed field is not exposed by code; may be missing, renamed, or future within current module.",,14_MIRRA_BUSINESS_SUMMARY_v4.0_LOCKED.txt,intended_contract_not_currently_exposed_by_code
P2,briefed_not_implemented,model-readiness,business_summary_warnings,check_alias_or_backlog,"Briefed field is not exposed by code; may be missing, renamed, or future within current module.",,14_MIRRA_BUSINESS_SUMMARY_v4.0_LOCKED.txt,intended_contract_not_currently_exposed_by_code | warnings_field
P2,briefed_not_implemented,model-readiness,cost_allocation_model_trust_state,check_alias_or_backlog,"Briefed field is not exposed by code; may be missing, renamed, or future within current module.",,17_MIRRA_COST_ALLOCATION_v4.0_LOCKED.txt,intended_contract_not_currently_exposed_by_code | trust_state_field
P2,briefed_not_implemented,model-readiness,cost_allocation_status,check_alias_or_backlog,"Briefed field is not exposed by code; may be missing, renamed, or future within current module.",,17_MIRRA_COST_ALLOCATION_v4.0_LOCKED.txt,intended_contract_not_currently_exposed_by_code | status_field
P2,briefed_not_implemented,model-readiness,cost_allocation_warning_count,check_alias_or_backlog,"Briefed field is not exposed by code; may be missing, renamed, or future within current module.",,17_MIRRA_COST_ALLOCATION_v4.0_LOCKED.txt,intended_contract_not_currently_exposed_by_code
P2,briefed_not_implemented,model-readiness,cost_allocation_warnings,check_alias_or_backlog,"Briefed field is not exposed by code; may be missing, renamed, or future within current module.",,17_MIRRA_COST_ALLOCATION_v4.0_LOCKED.txt,intended_contract_not_currently_exposed_by_code | warnings_field
P2,briefed_not_implemented,model-readiness,current_outcome_summary,check_alias_or_backlog,"Briefed field is not exposed by code; may be missing, renamed, or future within current module.",,20_MIRRA_BUSINESS_OUTCOME_v4.0_LOCKED.txt,intended_contract_not_currently_exposed_by_code
P2,briefed_not_implemented,model-readiness,group_cost_stacks,check_alias_or_backlog,"Briefed field is not exposed by code; may be missing, renamed, or future within current module.",,17_MIRRA_COST_ALLOCATION_v4.0_LOCKED.txt,intended_contract_not_currently_exposed_by_code
P2,briefed_not_implemented,model-readiness,group_recovery_rows,check_alias_or_backlog,"Briefed field is not exposed by code; may be missing, renamed, or future within current module.",,18_MIRRA_RECOVERY_SUMMARY_v4.0_LOCKED.txt,intended_contract_not_currently_exposed_by_code
P2,briefed_not_implemented,model-readiness,job_costing_model_trust_state,check_alias_or_backlog,"Briefed field is not exposed by code; may be missing, renamed, or future within current module.",,23_MIRRA_JOB_COSTING_PROFITABILITY_v4.0_LOCKED.txt,intended_contract_not_currently_exposed_by_code | trust_state_field
P2,briefed_not_implemented,model-readiness,job_costing_warning_count,check_alias_or_backlog,"Briefed field is not exposed by code; may be missing, renamed, or future within current module.",,23_MIRRA_JOB_COSTING_PROFITABILITY_v4.0_LOCKED.txt,intended_contract_not_currently_exposed_by_code
P2,briefed_not_implemented,model-readiness,job_costing_warnings,check_alias_or_backlog,"Briefed field is not exposed by code; may be missing, renamed, or future within current module.",,23_MIRRA_JOB_COSTING_PROFITABILITY_v4.0_LOCKED.txt,intended_contract_not_currently_exposed_by_code | warnings_field
P2,briefed_not_implemented,model-readiness,job_profitability_rows,check_alias_or_backlog,"Briefed field is not exposed by code; may be missing, renamed, or future within current module.",,23_MIRRA_JOB_COSTING_PROFITABILITY_v4.0_LOCKED.txt,intended_contract_not_currently_exposed_by_code
P2,briefed_not_implemented,model-readiness,job_rows,check_alias_or_backlog,"Briefed field is not exposed by code; may be missing, renamed, or future within current module.",,22_MIRRA_SOQ_JOB_PO_LAYER_v4.0_LOCKED.txt,intended_contract_not_currently_exposed_by_code
P2,briefed_not_implemented,model-readiness,minimum_recoverable_rate,check_alias_or_backlog,"Briefed field is not exposed by code; may be missing, renamed, or future within current module.",,19_MIRRA_RATE_BUILDER_v4.0_LOCKED.txt,intended_contract_not_currently_exposed_by_code
P2,briefed_not_implemented,model-readiness,quote_checker_model_trust_state,check_alias_or_backlog,"Briefed field is not exposed by code; may be missing, renamed, or future within current module.",,21_MIRRA_QUOTE_CHECKER_v4.0_LOCKED.txt,intended_contract_not_currently_exposed_by_code | trust_state_field
P2,briefed_not_implemented,model-readiness,quote_checker_warning_count,check_alias_or_backlog,"Briefed field is not exposed by code; may be missing, renamed, or future within current module.",,21_MIRRA_QUOTE_CHECKER_v4.0_LOCKED.txt,intended_contract_not_currently_exposed_by_code
P2,briefed_not_implemented,model-readiness,quote_checker_warnings,check_alias_or_backlog,"Briefed field is not exposed by code; may be missing, renamed, or future within current module.",,21_MIRRA_QUOTE_CHECKER_v4.0_LOCKED.txt,intended_contract_not_currently_exposed_by_code | warnings_field
P2,briefed_not_implemented,model-readiness,quote_header,check_alias_or_backlog,"Briefed field is not exposed by code; may be missing, renamed, or future within current module.",,21_MIRRA_QUOTE_CHECKER_v4.0_LOCKED.txt,intended_contract_not_currently_exposed_by_code
P2,briefed_not_implemented,model-readiness,rate_builder_model_trust_state,check_alias_or_backlog,"Briefed field is not exposed by code; may be missing, renamed, or future within current module.",,19_MIRRA_RATE_BUILDER_v4.0_LOCKED.txt,intended_contract_not_currently_exposed_by_code | trust_state_field
P2,briefed_not_implemented,model-readiness,rate_builder_rows,check_alias_or_backlog,"Briefed field is not exposed by code; may be missing, renamed, or future within current module.",,19_MIRRA_RATE_BUILDER_v4.0_LOCKED.txt,intended_contract_not_currently_exposed_by_code
P2,briefed_not_implemented,model-readiness,rate_builder_status,check_alias_or_backlog,"Briefed field is not exposed by code; may be missing, renamed, or future within current module.",,19_MIRRA_RATE_BUILDER_v4.0_LOCKED.txt,intended_contract_not_currently_exposed_by_code | status_field
P2,briefed_not_implemented,model-readiness,rate_builder_warnings,check_alias_or_backlog,"Briefed field is not exposed by code; may be missing, renamed, or future within current module.",,19_MIRRA_RATE_BUILDER_v4.0_LOCKED.txt,intended_contract_not_currently_exposed_by_code | warnings_field
P2,briefed_not_implemented,model-readiness,recovery_model_type,check_alias_or_backlog,"Briefed field is not exposed by code; may be missing, renamed, or future within current module.",,18_MIRRA_RECOVERY_SUMMARY_v4.0_LOCKED.txt,intended_contract_not_currently_exposed_by_code
P2,briefed_not_implemented,model-readiness,recovery_summary_model_trust_state,check_alias_or_backlog,"Briefed field is not exposed by code; may be missing, renamed, or future within current module.",,18_MIRRA_RECOVERY_SUMMARY_v4.0_LOCKED.txt,intended_contract_not_currently_exposed_by_code | trust_state_field
P2,briefed_not_implemented,model-readiness,recovery_summary_status,check_alias_or_backlog,"Briefed field is not exposed by code; may be missing, renamed, or future within current module.",,18_MIRRA_RECOVERY_SUMMARY_v4.0_LOCKED.txt,intended_contract_not_currently_exposed_by_code | status_field
P2,briefed_not_implemented,model-readiness,recovery_summary_warning_count,check_alias_or_backlog,"Briefed field is not exposed by code; may be missing, renamed, or future within current module.",,18_MIRRA_RECOVERY_SUMMARY_v4.0_LOCKED.txt,intended_contract_not_currently_exposed_by_code
P2,briefed_not_implemented,model-readiness,recovery_summary_warnings,check_alias_or_backlog,"Briefed field is not exposed by code; may be missing, renamed, or future within current module.",,18_MIRRA_RECOVERY_SUMMARY_v4.0_LOCKED.txt,intended_contract_not_currently_exposed_by_code | warnings_field
P2,briefed_not_implemented,model-readiness,revenue_reality_model_trust_state,check_alias_or_backlog,"Briefed field is not exposed by code; may be missing, renamed, or future within current module.",,15_MIRRA_REVENUE_REALITY_v4.0_LOCKED.txt,intended_contract_not_currently_exposed_by_code | trust_state_field
P2,briefed_not_implemented,model-readiness,revenue_reality_warning_count,check_alias_or_backlog,"Briefed field is not exposed by code; may be missing, renamed, or future within current module.",,15_MIRRA_REVENUE_REALITY_v4.0_LOCKED.txt,intended_contract_not_currently_exposed_by_code
P2,briefed_not_implemented,model-readiness,revenue_reality_warnings,check_alias_or_backlog,"Briefed field is not exposed by code; may be missing, renamed, or future within current module.",,15_MIRRA_REVENUE_REALITY_v4.0_LOCKED.txt,intended_contract_not_currently_exposed_by_code | warnings_field
P2,briefed_not_implemented,model-readiness,soq_job_po_model_trust_state,check_alias_or_backlog,"Briefed field is not exposed by code; may be missing, renamed, or future within current module.",,22_MIRRA_SOQ_JOB_PO_LAYER_v4.0_LOCKED.txt,intended_contract_not_currently_exposed_by_code | trust_state_field
P2,briefed_not_implemented,model-readiness,soq_job_po_warning_count,check_alias_or_backlog,"Briefed field is not exposed by code; may be missing, renamed, or future within current module.",,22_MIRRA_SOQ_JOB_PO_LAYER_v4.0_LOCKED.txt,intended_contract_not_currently_exposed_by_code
P2,briefed_not_implemented,model-readiness,soq_job_po_warnings,check_alias_or_backlog,"Briefed field is not exposed by code; may be missing, renamed, or future within current module.",,22_MIRRA_SOQ_JOB_PO_LAYER_v4.0_LOCKED.txt,intended_contract_not_currently_exposed_by_code | warnings_field
P2,briefed_not_implemented,module-reconciliation,allocation_reconciliation_checks,check_alias_or_backlog,"Briefed field is not exposed by code; may be missing, renamed, or future within current module.",,17_MIRRA_COST_ALLOCATION_v4.0_LOCKED.txt,intended_contract_not_currently_exposed_by_code
P2,briefed_not_implemented,module-reconciliation,blocking_checks,check_alias_or_backlog,"Briefed field is not exposed by code; may be missing, renamed, or future within current module.",,10_MIRRA_MODULE_RECONCILIATION_v4.0_LOCKED.txt,intended_contract_not_currently_exposed_by_code
P2,briefed_not_implemented,module-reconciliation,commercial_warnings,check_alias_or_backlog,"Briefed field is not exposed by code; may be missing, renamed, or future within current module.",,26_MIRRA_DATA_QUALITY_DASHBOARD_v4.0_LOCKED.txt,intended_contract_not_currently_exposed_by_code | warnings_field
P2,briefed_not_implemented,module-reconciliation,data_mapping_issues,check_alias_or_backlog,"Briefed field is not exposed by code; may be missing, renamed, or future within current module.",,26_MIRRA_DATA_QUALITY_DASHBOARD_v4.0_LOCKED.txt,intended_contract_not_currently_exposed_by_code
P2,briefed_not_implemented,module-reconciliation,module_reconciliation_model_trust_state,check_alias_or_backlog,"Briefed field is not exposed by code; may be missing, renamed, or future within current module.",,10_MIRRA_MODULE_RECONCILIATION_v4.0_LOCKED.txt,intended_contract_not_currently_exposed_by_code | trust_state_field
P2,briefed_not_implemented,module-reconciliation,module_reconciliation_warning_count,check_alias_or_backlog,"Briefed field is not exposed by code; may be missing, renamed, or future within current module.",,10_MIRRA_MODULE_RECONCILIATION_v4.0_LOCKED.txt,intended_contract_not_currently_exposed_by_code
P2,briefed_not_implemented,module-reconciliation,module_reconciliation_warnings,check_alias_or_backlog,"Briefed field is not exposed by code; may be missing, renamed, or future within current module.",,10_MIRRA_MODULE_RECONCILIATION_v4.0_LOCKED.txt,intended_contract_not_currently_exposed_by_code | warnings_field
P2,briefed_not_implemented,module-reconciliation,quote_line_profitability_rows,check_alias_or_backlog,"Briefed field is not exposed by code; may be missing, renamed, or future within current module.",,23_MIRRA_JOB_COSTING_PROFITABILITY_v4.0_LOCKED.txt,intended_contract_not_currently_exposed_by_code
P2,briefed_not_implemented,module-reconciliation,reconciliation_checks,check_alias_or_backlog,"Briefed field is not exposed by code; may be missing, renamed, or future within current module.",,10_MIRRA_MODULE_RECONCILIATION_v4.0_LOCKED.txt,intended_contract_not_currently_exposed_by_code
P2,briefed_not_implemented,module-reconciliation,reconciliation_issues,check_alias_or_backlog,"Briefed field is not exposed by code; may be missing, renamed, or future within current module.",,26_MIRRA_DATA_QUALITY_DASHBOARD_v4.0_LOCKED.txt,intended_contract_not_currently_exposed_by_code
P2,briefed_not_implemented,module-reconciliation,reconciliation_ready,check_alias_or_backlog,"Briefed field is not exposed by code; may be missing, renamed, or future within current module.",,10_MIRRA_MODULE_RECONCILIATION_v4.0_LOCKED.txt,intended_contract_not_currently_exposed_by_code | readiness_field
P2,briefed_not_implemented,module-reconciliation,reconciliation_status,check_alias_or_backlog,"Briefed field is not exposed by code; may be missing, renamed, or future within current module.",,10_MIRRA_MODULE_RECONCILIATION_v4.0_LOCKED.txt,intended_contract_not_currently_exposed_by_code | status_field
P2,briefed_not_implemented,module-reconciliation,source_trace_issues,check_alias_or_backlog,"Briefed field is not exposed by code; may be missing, renamed, or future within current module.",,26_MIRRA_DATA_QUALITY_DASHBOARD_v4.0_LOCKED.txt,intended_contract_not_currently_exposed_by_code
P2,briefed_not_implemented,module-reconciliation,supplier_job_performance_rows,check_alias_or_backlog,"Briefed field is not exposed by code; may be missing, renamed, or future within current module.",,23_MIRRA_JOB_COSTING_PROFITABILITY_v4.0_LOCKED.txt,intended_contract_not_currently_exposed_by_code
P2,briefed_not_implemented,module-reconciliation,total_assigned_source_cost,check_alias_or_backlog,"Briefed field is not exposed by code; may be missing, renamed, or future within current module.",,17_MIRRA_COST_ALLOCATION_v4.0_LOCKED.txt,intended_contract_not_currently_exposed_by_code
P2,briefed_not_implemented,module-reconciliation,total_group_assigned_cost,check_alias_or_backlog,"Briefed field is not exposed by code; may be missing, renamed, or future within current module.",,17_MIRRA_COST_ALLOCATION_v4.0_LOCKED.txt,intended_contract_not_currently_exposed_by_code
P2,briefed_not_implemented,p-and-l,asset_finance_benchmark_total,check_alias_or_backlog,"Briefed field is not exposed by code; may be missing, renamed, or future within current module.",,04_MIRRA_P_AND_L_PAGE_v4.0_LOCKED.txt,intended_contract_not_currently_exposed_by_code
P2,briefed_not_implemented,p-and-l,asset_finance_bridge_variance,check_alias_or_backlog,"Briefed field is not exposed by code; may be missing, renamed, or future within current module.",,14_MIRRA_BUSINESS_SUMMARY_v4.0_LOCKED.txt,intended_contract_not_currently_exposed_by_code
P2,briefed_not_implemented,p-and-l,assets_warnings,check_alias_or_backlog,"Briefed field is not exposed by code; may be missing, renamed, or future within current module.",,09_MIRRA_ASSETS_MODULE_v4.0_LOCKED.txt,intended_contract_not_currently_exposed_by_code | warnings_field
P2,briefed_not_implemented,p-and-l,cost_of_sales,check_alias_or_backlog,"Briefed field is not exposed by code; may be missing, renamed, or future within current module.",,04_MIRRA_P_AND_L_PAGE_v4.0_LOCKED.txt,intended_contract_not_currently_exposed_by_code
P2,briefed_not_implemented,p-and-l,cost_of_sales_benchmark_total,check_alias_or_backlog,"Briefed field is not exposed by code; may be missing, renamed, or future within current module.",,04_MIRRA_P_AND_L_PAGE_v4.0_LOCKED.txt,intended_contract_not_currently_exposed_by_code
P2,briefed_not_implemented,p-and-l,duplicate_import_rows,check_alias_or_backlog,"Briefed field is not exposed by code; may be missing, renamed, or future within current module.",,29_MIRRA_INTEGRATIONS_API_LAYER_v4.0_LOCKED.txt,intended_contract_not_currently_exposed_by_code
P2,briefed_not_implemented,p-and-l,general_overheads_import_handoff,check_alias_or_backlog,"Briefed field is not exposed by code; may be missing, renamed, or future within current module.",,29_MIRRA_INTEGRATIONS_API_LAYER_v4.0_LOCKED.txt,intended_contract_not_currently_exposed_by_code
P2,briefed_not_implemented,p-and-l,labour_bridge_variance,check_alias_or_backlog,"Briefed field is not exposed by code; may be missing, renamed, or future within current module.",,14_MIRRA_BUSINESS_SUMMARY_v4.0_LOCKED.txt,intended_contract_not_currently_exposed_by_code
P2,briefed_not_implemented,p-and-l,labour_warnings,check_alias_or_backlog,"Briefed field is not exposed by code; may be missing, renamed, or future within current module.",,07_MIRRA_LABOUR_MODULE_v4.0_LOCKED.txt,intended_contract_not_currently_exposed_by_code | warnings_field
P2,briefed_not_implemented,p-and-l,mirra_operating_position,check_alias_or_backlog,"Briefed field is not exposed by code; may be missing, renamed, or future within current module.",,14_MIRRA_BUSINESS_SUMMARY_v4.0_LOCKED.txt,intended_contract_not_currently_exposed_by_code
P2,briefed_not_implemented,p-and-l,module_total_business_costs,check_alias_or_backlog,"Briefed field is not exposed by code; may be missing, renamed, or future within current module.",,10_MIRRA_MODULE_RECONCILIATION_v4.0_LOCKED.txt,intended_contract_not_currently_exposed_by_code
P2,briefed_not_implemented,p-and-l,operating_expense_benchmark_total,check_alias_or_backlog,"Briefed field is not exposed by code; may be missing, renamed, or future within current module.",,04_MIRRA_P_AND_L_PAGE_v4.0_LOCKED.txt,intended_contract_not_currently_exposed_by_code
P2,briefed_not_implemented,p-and-l,pnl_business_cost_variance,check_alias_or_backlog,"Briefed field is not exposed by code; may be missing, renamed, or future within current module.",,10_MIRRA_MODULE_RECONCILIATION_v4.0_LOCKED.txt,intended_contract_not_currently_exposed_by_code
P2,briefed_not_implemented,p-and-l,pnl_business_cost_variance_percent,check_alias_or_backlog,"Briefed field is not exposed by code; may be missing, renamed, or future within current module.",,10_MIRRA_MODULE_RECONCILIATION_v4.0_LOCKED.txt,intended_contract_not_currently_exposed_by_code
P2,briefed_not_implemented,p-and-l,pnl_classifications,check_alias_or_backlog,"Briefed field is not exposed by code; may be missing, renamed, or future within current module.",,04_MIRRA_P_AND_L_PAGE_v4.0_LOCKED.txt,intended_contract_not_currently_exposed_by_code
P2,briefed_not_implemented,p-and-l,pnl_gross_margin_percent,check_alias_or_backlog,"Briefed field is not exposed by code; may be missing, renamed, or future within current module.",,04_MIRRA_P_AND_L_PAGE_v4.0_LOCKED.txt,intended_contract_not_currently_exposed_by_code
P2,briefed_not_implemented,p-and-l,pnl_gross_profit,check_alias_or_backlog,"Briefed field is not exposed by code; may be missing, renamed, or future within current module.",,04_MIRRA_P_AND_L_PAGE_v4.0_LOCKED.txt,intended_contract_not_currently_exposed_by_code
P2,briefed_not_implemented,p-and-l,pnl_import_handoff,check_alias_or_backlog,"Briefed field is not exposed by code; may be missing, renamed, or future within current module.",,29_MIRRA_INTEGRATIONS_API_LAYER_v4.0_LOCKED.txt,intended_contract_not_currently_exposed_by_code
P2,briefed_not_implemented,p-and-l,pnl_imported_at,check_alias_or_backlog,"Briefed field is not exposed by code; may be missing, renamed, or future within current module.",,04_MIRRA_P_AND_L_PAGE_v4.0_LOCKED.txt,intended_contract_not_currently_exposed_by_code
P2,briefed_not_implemented,p-and-l,pnl_lines,check_alias_or_backlog,"Briefed field is not exposed by code; may be missing, renamed, or future within current module.",,04_MIRRA_P_AND_L_PAGE_v4.0_LOCKED.txt,intended_contract_not_currently_exposed_by_code
P2,briefed_not_implemented,p-and-l,pnl_model_trust_state,check_alias_or_backlog,"Briefed field is not exposed by code; may be missing, renamed, or future within current module.",,04_MIRRA_P_AND_L_PAGE_v4.0_LOCKED.txt,intended_contract_not_currently_exposed_by_code | trust_state_field
P2,briefed_not_implemented,p-and-l,pnl_net_profit,check_alias_or_backlog,"Briefed field is not exposed by code; may be missing, renamed, or future within current module.",,04_MIRRA_P_AND_L_PAGE_v4.0_LOCKED.txt,intended_contract_not_currently_exposed_by_code
P2,briefed_not_implemented,p-and-l,pnl_period,check_alias_or_backlog,"Briefed field is not exposed by code; may be missing, renamed, or future within current module.",,04_MIRRA_P_AND_L_PAGE_v4.0_LOCKED.txt,intended_contract_not_currently_exposed_by_code
P2,briefed_not_implemented,p-and-l,pnl_period_end,check_alias_or_backlog,"Briefed field is not exposed by code; may be missing, renamed, or future within current module.",,04_MIRRA_P_AND_L_PAGE_v4.0_LOCKED.txt,intended_contract_not_currently_exposed_by_code
P2,briefed_not_implemented,p-and-l,pnl_period_label,check_alias_or_backlog,"Briefed field is not exposed by code; may be missing, renamed, or future within current module.",,04_MIRRA_P_AND_L_PAGE_v4.0_LOCKED.txt,intended_contract_not_currently_exposed_by_code
P2,briefed_not_implemented,p-and-l,pnl_period_start,check_alias_or_backlog,"Briefed field is not exposed by code; may be missing, renamed, or future within current module.",,04_MIRRA_P_AND_L_PAGE_v4.0_LOCKED.txt,intended_contract_not_currently_exposed_by_code
P2,briefed_not_implemented,p-and-l,pnl_reconciliation_checks,check_alias_or_backlog,"Briefed field is not exposed by code; may be missing, renamed, or future within current module.",,04_MIRRA_P_AND_L_PAGE_v4.0_LOCKED.txt,intended_contract_not_currently_exposed_by_code
P2,briefed_not_implemented,p-and-l,pnl_snapshot_id,check_alias_or_backlog,"Briefed field is not exposed by code; may be missing, renamed, or future within current module.",,04_MIRRA_P_AND_L_PAGE_v4.0_LOCKED.txt,intended_contract_not_currently_exposed_by_code
P2,briefed_not_implemented,p-and-l,pnl_source_file_name,check_alias_or_backlog,"Briefed field is not exposed by code; may be missing, renamed, or future within current module.",,04_MIRRA_P_AND_L_PAGE_v4.0_LOCKED.txt,intended_contract_not_currently_exposed_by_code
P2,briefed_not_implemented,p-and-l,pnl_source_report_name,check_alias_or_backlog,"Briefed field is not exposed by code; may be missing, renamed, or future within current module.",,04_MIRRA_P_AND_L_PAGE_v4.0_LOCKED.txt,intended_contract_not_currently_exposed_by_code
P2,briefed_not_implemented,p-and-l,pnl_source_report_type,check_alias_or_backlog,"Briefed field is not exposed by code; may be missing, renamed, or future within current module.",,04_MIRRA_P_AND_L_PAGE_v4.0_LOCKED.txt,intended_contract_not_currently_exposed_by_code
P2,briefed_not_implemented,p-and-l,pnl_source_type,check_alias_or_backlog,"Briefed field is not exposed by code; may be missing, renamed, or future within current module.",,04_MIRRA_P_AND_L_PAGE_v4.0_LOCKED.txt,intended_contract_not_currently_exposed_by_code
P2,briefed_not_implemented,p-and-l,pnl_to_operational_bridge,check_alias_or_backlog,"Briefed field is not exposed by code; may be missing, renamed, or future within current module.",,14_MIRRA_BUSINESS_SUMMARY_v4.0_LOCKED.txt,intended_contract_not_currently_exposed_by_code
P2,briefed_not_implemented,p-and-l,pnl_total_cogs,check_alias_or_backlog,"Briefed field is not exposed by code; may be missing, renamed, or future within current module.",,04_MIRRA_P_AND_L_PAGE_v4.0_LOCKED.txt,intended_contract_not_currently_exposed_by_code
P2,briefed_not_implemented,p-and-l,pnl_total_operating_expenses,check_alias_or_backlog,"Briefed field is not exposed by code; may be missing, renamed, or future within current module.",,04_MIRRA_P_AND_L_PAGE_v4.0_LOCKED.txt,intended_contract_not_currently_exposed_by_code
P2,briefed_not_implemented,p-and-l,pnl_total_other_expenses,check_alias_or_backlog,"Briefed field is not exposed by code; may be missing, renamed, or future within current module.",,04_MIRRA_P_AND_L_PAGE_v4.0_LOCKED.txt,intended_contract_not_currently_exposed_by_code
P2,briefed_not_implemented,p-and-l,pnl_total_other_income,check_alias_or_backlog,"Briefed field is not exposed by code; may be missing, renamed, or future within current module.",,04_MIRRA_P_AND_L_PAGE_v4.0_LOCKED.txt,intended_contract_not_currently_exposed_by_code
P2,briefed_not_implemented,p-and-l,pnl_total_revenue,check_alias_or_backlog,"Briefed field is not exposed by code; may be missing, renamed, or future within current module.",,04_MIRRA_P_AND_L_PAGE_v4.0_LOCKED.txt,intended_contract_not_currently_exposed_by_code
P2,briefed_not_implemented,p-and-l,pnl_warning_count,check_alias_or_backlog,"Briefed field is not exposed by code; may be missing, renamed, or future within current module.",,04_MIRRA_P_AND_L_PAGE_v4.0_LOCKED.txt,intended_contract_not_currently_exposed_by_code
P2,briefed_not_implemented,p-and-l,pnl_warnings,check_alias_or_backlog,"Briefed field is not exposed by code; may be missing, renamed, or future within current module.",,04_MIRRA_P_AND_L_PAGE_v4.0_LOCKED.txt,intended_contract_not_currently_exposed_by_code | warnings_field
P2,briefed_not_implemented,p-and-l,recovery_gap_label,check_alias_or_backlog,"Briefed field is not exposed by code; may be missing, renamed, or future within current module.",,14_MIRRA_BUSINESS_SUMMARY_v4.0_LOCKED.txt,intended_contract_not_currently_exposed_by_code
P2,briefed_not_implemented,p-and-l,recovery_gap_per_driver,check_alias_or_backlog,"Briefed field is not exposed by code; may be missing, renamed, or future within current module.",,14_MIRRA_BUSINESS_SUMMARY_v4.0_LOCKED.txt,intended_contract_not_currently_exposed_by_code
P2,briefed_not_implemented,p-and-l,residual_margin_after_labour,check_alias_or_backlog,"Briefed field is not exposed by code; may be missing, renamed, or future within current module.",,14_MIRRA_BUSINESS_SUMMARY_v4.0_LOCKED.txt,intended_contract_not_currently_exposed_by_code
P2,briefed_not_implemented,p-and-l,revenue_cogs_import_handoff,check_alias_or_backlog,"Briefed field is not exposed by code; may be missing, renamed, or future within current module.",,29_MIRRA_INTEGRATIONS_API_LAYER_v4.0_LOCKED.txt,intended_contract_not_currently_exposed_by_code
P2,briefed_not_implemented,p-and-l,revenue_reality_context,check_alias_or_backlog,"Briefed field is not exposed by code; may be missing, renamed, or future within current module.",,14_MIRRA_BUSINESS_SUMMARY_v4.0_LOCKED.txt,intended_contract_not_currently_exposed_by_code
P2,briefed_not_implemented,p-and-l,review_required_lines,check_alias_or_backlog,"Briefed field is not exposed by code; may be missing, renamed, or future within current module.",,04_MIRRA_P_AND_L_PAGE_v4.0_LOCKED.txt,intended_contract_not_currently_exposed_by_code
P2,briefed_not_implemented,p-and-l,saved_account_mappings,check_alias_or_backlog,"Briefed field is not exposed by code; may be missing, renamed, or future within current module.",,04_MIRRA_P_AND_L_PAGE_v4.0_LOCKED.txt,intended_contract_not_currently_exposed_by_code
P2,briefed_not_implemented,p-and-l,total_business_cost_variance_amount,check_alias_or_backlog,"Briefed field is not exposed by code; may be missing, renamed, or future within current module.",,10_MIRRA_MODULE_RECONCILIATION_v4.0_LOCKED.txt,intended_contract_not_currently_exposed_by_code
P2,briefed_not_implemented,p-and-l,total_business_cost_variance_percent,check_alias_or_backlog,"Briefed field is not exposed by code; may be missing, renamed, or future within current module.",,10_MIRRA_MODULE_RECONCILIATION_v4.0_LOCKED.txt,intended_contract_not_currently_exposed_by_code
P2,briefed_not_implemented,p-and-l,traditional_pnl_net_profit,check_alias_or_backlog,"Briefed field is not exposed by code; may be missing, renamed, or future within current module.",,14_MIRRA_BUSINESS_SUMMARY_v4.0_LOCKED.txt,intended_contract_not_currently_exposed_by_code
P2,briefed_not_implemented,p-and-l,unclassified_lines,check_alias_or_backlog,"Briefed field is not exposed by code; may be missing, renamed, or future within current module.",,04_MIRRA_P_AND_L_PAGE_v4.0_LOCKED.txt,intended_contract_not_currently_exposed_by_code
P2,briefed_not_implemented,rate-builder,business_outcome_feedback_rows,check_alias_or_backlog,"Briefed field is not exposed by code; may be missing, renamed, or future within current module.",,22_MIRRA_SOQ_JOB_PO_LAYER_v4.0_LOCKED.txt | 23_MIRRA_JOB_COSTING_PROFITABILITY_v4.0_LOCKED.txt,intended_contract_not_currently_exposed_by_code
P2,briefed_not_implemented,rate-builder,quote_checker_cards,check_alias_or_backlog,"Briefed field is not exposed by code; may be missing, renamed, or future within current module.",,21_MIRRA_QUOTE_CHECKER_v4.0_LOCKED.txt,intended_contract_not_currently_exposed_by_code
P2,briefed_not_implemented,rate-builder,quote_checker_target_set,check_alias_or_backlog,"Briefed field is not exposed by code; may be missing, renamed, or future within current module.",,30_MIRRA_BUSINESS_MODELLING_v4.0_LOCKED.txt,intended_contract_not_currently_exposed_by_code
P2,briefed_not_implemented,rate-builder,quote_checker_targets,check_alias_or_backlog,"Briefed field is not exposed by code; may be missing, renamed, or future within current module.",,20_MIRRA_BUSINESS_OUTCOME_v4.0_LOCKED.txt,intended_contract_not_currently_exposed_by_code
P2,briefed_not_implemented,rate-builder,quote_vs_actual_rows,check_alias_or_backlog,"Briefed field is not exposed by code; may be missing, renamed, or future within current module.",,22_MIRRA_SOQ_JOB_PO_LAYER_v4.0_LOCKED.txt,intended_contract_not_currently_exposed_by_code
P2,briefed_not_implemented,rate-builder,rate_builder_feedback_rows,check_alias_or_backlog,"Briefed field is not exposed by code; may be missing, renamed, or future within current module.",,22_MIRRA_SOQ_JOB_PO_LAYER_v4.0_LOCKED.txt | 23_MIRRA_JOB_COSTING_PROFITABILITY_v4.0_LOCKED.txt,intended_contract_not_currently_exposed_by_code
P2,briefed_not_implemented,rate-builder,rate_builder_ready,check_alias_or_backlog,"Briefed field is not exposed by code; may be missing, renamed, or future within current module.",,19_MIRRA_RATE_BUILDER_v4.0_LOCKED.txt,intended_contract_not_currently_exposed_by_code | readiness_field
P2,briefed_not_implemented,rate-builder,rate_builder_rows,check_alias_or_backlog,"Briefed field is not exposed by code; may be missing, renamed, or future within current module.",,20_MIRRA_BUSINESS_OUTCOME_v4.0_LOCKED.txt,intended_contract_not_currently_exposed_by_code
P2,briefed_not_implemented,rate-builder,selected_business_outcome_targets,check_alias_or_backlog,"Briefed field is not exposed by code; may be missing, renamed, or future within current module.",,21_MIRRA_QUOTE_CHECKER_v4.0_LOCKED.txt,intended_contract_not_currently_exposed_by_code
P2,briefed_not_implemented,rate-builder,selected_rate_builder_rows,check_alias_or_backlog,"Briefed field is not exposed by code; may be missing, renamed, or future within current module.",,21_MIRRA_QUOTE_CHECKER_v4.0_LOCKED.txt,intended_contract_not_currently_exposed_by_code
P2,briefed_not_implemented,rate-builder,task_profitability_rows,check_alias_or_backlog,"Briefed field is not exposed by code; may be missing, renamed, or future within current module.",,23_MIRRA_JOB_COSTING_PROFITABILITY_v4.0_LOCKED.txt,intended_contract_not_currently_exposed_by_code
P2,briefed_not_implemented,recovery-summary,group_recovery_rows,check_alias_or_backlog,"Briefed field is not exposed by code; may be missing, renamed, or future within current module.",,18_MIRRA_RECOVERY_SUMMARY_v4.0_LOCKED.txt,intended_contract_not_currently_exposed_by_code
P2,briefed_not_implemented,recovery-summary,overall_recovery_coverage_percent,check_alias_or_backlog,"Briefed field is not exposed by code; may be missing, renamed, or future within current module.",,18_MIRRA_RECOVERY_SUMMARY_v4.0_LOCKED.txt,intended_contract_not_currently_exposed_by_code
P2,briefed_not_implemented,recovery-summary,overall_recovery_status,check_alias_or_backlog,"Briefed field is not exposed by code; may be missing, renamed, or future within current module.",,18_MIRRA_RECOVERY_SUMMARY_v4.0_LOCKED.txt,intended_contract_not_currently_exposed_by_code | status_field
P2,briefed_not_implemented,recovery-summary,recovery_summary_ready,check_alias_or_backlog,"Briefed field is not exposed by code; may be missing, renamed, or future within current module.",,18_MIRRA_RECOVERY_SUMMARY_v4.0_LOCKED.txt,intended_contract_not_currently_exposed_by_code | readiness_field
P2,briefed_not_implemented,recovery-summary,recovery_summary_source_trace,check_alias_or_backlog,"Briefed field is not exposed by code; may be missing, renamed, or future within current module.",,18_MIRRA_RECOVERY_SUMMARY_v4.0_LOCKED.txt,intended_contract_not_currently_exposed_by_code
P2,briefed_not_implemented,recovery-summary,recovery_summary_status,check_alias_or_backlog,"Briefed field is not exposed by code; may be missing, renamed, or future within current module.",,18_MIRRA_RECOVERY_SUMMARY_v4.0_LOCKED.txt,intended_contract_not_currently_exposed_by_code | status_field
P2,briefed_not_implemented,recovery-summary,total_recovered_cost,check_alias_or_backlog,"Briefed field is not exposed by code; may be missing, renamed, or future within current module.",,18_MIRRA_RECOVERY_SUMMARY_v4.0_LOCKED.txt,intended_contract_not_currently_exposed_by_code
P2,briefed_not_implemented,recovery-summary,total_recovery_surplus,check_alias_or_backlog,"Briefed field is not exposed by code; may be missing, renamed, or future within current module.",,18_MIRRA_RECOVERY_SUMMARY_v4.0_LOCKED.txt,intended_contract_not_currently_exposed_by_code
P2,briefed_not_implemented,recovery-summary,total_required_recovery_amount,check_alias_or_backlog,"Briefed field is not exposed by code; may be missing, renamed, or future within current module.",,18_MIRRA_RECOVERY_SUMMARY_v4.0_LOCKED.txt,intended_contract_not_currently_exposed_by_code
P2,briefed_not_implemented,recovery-summary,total_unrecovered_cost,check_alias_or_backlog,"Briefed field is not exposed by code; may be missing, renamed, or future within current module.",,18_MIRRA_RECOVERY_SUMMARY_v4.0_LOCKED.txt,intended_contract_not_currently_exposed_by_code
P2,briefed_not_implemented,revenue-cogs,asset_import_handoff,check_alias_or_backlog,"Briefed field is not exposed by code; may be missing, renamed, or future within current module.",,29_MIRRA_INTEGRATIONS_API_LAYER_v4.0_LOCKED.txt,intended_contract_not_currently_exposed_by_code
P2,briefed_not_implemented,revenue-cogs,cog_account_summaries,check_alias_or_backlog,"Briefed field is not exposed by code; may be missing, renamed, or future within current module.",,13_MIRRA_REVENUE_COGS_v4.0_LOCKED.txt,intended_contract_not_currently_exposed_by_code
P2,briefed_not_implemented,revenue-cogs,cog_account_transaction_rows,check_alias_or_backlog,"Briefed field is not exposed by code; may be missing, renamed, or future within current module.",,13_MIRRA_REVENUE_COGS_v4.0_LOCKED.txt,intended_contract_not_currently_exposed_by_code
P2,briefed_not_implemented,revenue-cogs,cog_categories,check_alias_or_backlog,"Briefed field is not exposed by code; may be missing, renamed, or future within current module.",,13_MIRRA_REVENUE_COGS_v4.0_LOCKED.txt,intended_contract_not_currently_exposed_by_code
P2,briefed_not_implemented,revenue-cogs,cog_category_assignments,check_alias_or_backlog,"Briefed field is not exposed by code; may be missing, renamed, or future within current module.",,13_MIRRA_REVENUE_COGS_v4.0_LOCKED.txt,intended_contract_not_currently_exposed_by_code
P2,briefed_not_implemented,revenue-cogs,cog_category_totals,check_alias_or_backlog,"Briefed field is not exposed by code; may be missing, renamed, or future within current module.",,13_MIRRA_REVENUE_COGS_v4.0_LOCKED.txt,intended_contract_not_currently_exposed_by_code
P2,briefed_not_implemented,revenue-cogs,cog_import_period_end,check_alias_or_backlog,"Briefed field is not exposed by code; may be missing, renamed, or future within current module.",,13_MIRRA_REVENUE_COGS_v4.0_LOCKED.txt,intended_contract_not_currently_exposed_by_code
P2,briefed_not_implemented,revenue-cogs,cog_import_period_start,check_alias_or_backlog,"Briefed field is not exposed by code; may be missing, renamed, or future within current module.",,13_MIRRA_REVENUE_COGS_v4.0_LOCKED.txt,intended_contract_not_currently_exposed_by_code
P2,briefed_not_implemented,revenue-cogs,cog_import_report_name,check_alias_or_backlog,"Briefed field is not exposed by code; may be missing, renamed, or future within current module.",,13_MIRRA_REVENUE_COGS_v4.0_LOCKED.txt,intended_contract_not_currently_exposed_by_code
P2,briefed_not_implemented,revenue-cogs,cog_import_report_type,check_alias_or_backlog,"Briefed field is not exposed by code; may be missing, renamed, or future within current module.",,13_MIRRA_REVENUE_COGS_v4.0_LOCKED.txt,intended_contract_not_currently_exposed_by_code
P2,briefed_not_implemented,revenue-cogs,cog_import_source_file_name,check_alias_or_backlog,"Briefed field is not exposed by code; may be missing, renamed, or future within current module.",,13_MIRRA_REVENUE_COGS_v4.0_LOCKED.txt,intended_contract_not_currently_exposed_by_code
P2,briefed_not_implemented,revenue-cogs,cog_import_source_system,check_alias_or_backlog,"Briefed field is not exposed by code; may be missing, renamed, or future within current module.",,13_MIRRA_REVENUE_COGS_v4.0_LOCKED.txt,intended_contract_not_currently_exposed_by_code
P2,briefed_not_implemented,revenue-cogs,cog_imported_at,check_alias_or_backlog,"Briefed field is not exposed by code; may be missing, renamed, or future within current module.",,13_MIRRA_REVENUE_COGS_v4.0_LOCKED.txt,intended_contract_not_currently_exposed_by_code
P2,briefed_not_implemented,revenue-cogs,cog_reconciliation_checks,check_alias_or_backlog,"Briefed field is not exposed by code; may be missing, renamed, or future within current module.",,13_MIRRA_REVENUE_COGS_v4.0_LOCKED.txt,intended_contract_not_currently_exposed_by_code
P2,briefed_not_implemented,revenue-cogs,cog_reconciliation_difference,check_alias_or_backlog,"Briefed field is not exposed by code; may be missing, renamed, or future within current module.",,13_MIRRA_REVENUE_COGS_v4.0_LOCKED.txt,intended_contract_not_currently_exposed_by_code
P2,briefed_not_implemented,revenue-cogs,cog_reconciliation_status,check_alias_or_backlog,"Briefed field is not exposed by code; may be missing, renamed, or future within current module.",,13_MIRRA_REVENUE_COGS_v4.0_LOCKED.txt,intended_contract_not_currently_exposed_by_code | status_field
P2,briefed_not_implemented,revenue-cogs,cog_reconciliation_variance_percent,check_alias_or_backlog,"Briefed field is not exposed by code; may be missing, renamed, or future within current module.",,13_MIRRA_REVENUE_COGS_v4.0_LOCKED.txt,intended_contract_not_currently_exposed_by_code
P2,briefed_not_implemented,revenue-cogs,cog_reconciliation_warnings,check_alias_or_backlog,"Briefed field is not exposed by code; may be missing, renamed, or future within current module.",,13_MIRRA_REVENUE_COGS_v4.0_LOCKED.txt,intended_contract_not_currently_exposed_by_code | warnings_field
P2,briefed_not_implemented,revenue-cogs,cog_subcategories,check_alias_or_backlog,"Briefed field is not exposed by code; may be missing, renamed, or future within current module.",,13_MIRRA_REVENUE_COGS_v4.0_LOCKED.txt,intended_contract_not_currently_exposed_by_code
P2,briefed_not_implemented,revenue-cogs,labour_cost_for_stress_test,check_alias_or_backlog,"Briefed field is not exposed by code; may be missing, renamed, or future within current module.",,15_MIRRA_REVENUE_REALITY_v4.0_LOCKED.txt,intended_contract_not_currently_exposed_by_code
P2,briefed_not_implemented,revenue-cogs,margin_pool,check_alias_or_backlog,"Briefed field is not exposed by code; may be missing, renamed, or future within current module.",,13_MIRRA_REVENUE_COGS_v4.0_LOCKED.txt | 14_MIRRA_BUSINESS_SUMMARY_v4.0_LOCKED.txt | 15_MIRRA_REVENUE_REALITY_v4.0_LOCKED.txt,intended_contract_not_currently_exposed_by_code
P2,briefed_not_implemented,revenue-cogs,material_margin,check_alias_or_backlog,"Briefed field is not exposed by code; may be missing, renamed, or future within current module.",,14_MIRRA_BUSINESS_SUMMARY_v4.0_LOCKED.txt,intended_contract_not_currently_exposed_by_code
P2,briefed_not_implemented,revenue-cogs,primary_unit_label,check_alias_or_backlog,"Briefed field is not exposed by code; may be missing, renamed, or future within current module.",,13_MIRRA_REVENUE_COGS_v4.0_LOCKED.txt,intended_contract_not_currently_exposed_by_code
P2,briefed_not_implemented,revenue-cogs,primary_unit_type,check_alias_or_backlog,"Briefed field is not exposed by code; may be missing, renamed, or future within current module.",,13_MIRRA_REVENUE_COGS_v4.0_LOCKED.txt,intended_contract_not_currently_exposed_by_code
P2,briefed_not_implemented,revenue-cogs,primary_unit_type_label,check_alias_or_backlog,"Briefed field is not exposed by code; may be missing, renamed, or future within current module.",,13_MIRRA_REVENUE_COGS_v4.0_LOCKED.txt,intended_contract_not_currently_exposed_by_code
P2,briefed_not_implemented,revenue-cogs,raw_cog_account_lines,check_alias_or_backlog,"Briefed field is not exposed by code; may be missing, renamed, or future within current module.",,13_MIRRA_REVENUE_COGS_v4.0_LOCKED.txt,intended_contract_not_currently_exposed_by_code
P2,briefed_not_implemented,revenue-cogs,revenue_cogs_import_handoff,check_alias_or_backlog,"Briefed field is not exposed by code; may be missing, renamed, or future within current module.",,29_MIRRA_INTEGRATIONS_API_LAYER_v4.0_LOCKED.txt,intended_contract_not_currently_exposed_by_code
P2,briefed_not_implemented,revenue-cogs,revenue_cogs_model_trust_state,check_alias_or_backlog,"Briefed field is not exposed by code; may be missing, renamed, or future within current module.",,13_MIRRA_REVENUE_COGS_v4.0_LOCKED.txt,intended_contract_not_currently_exposed_by_code | trust_state_field
P2,briefed_not_implemented,revenue-cogs,revenue_cogs_status,check_alias_or_backlog,"Briefed field is not exposed by code; may be missing, renamed, or future within current module.",,13_MIRRA_REVENUE_COGS_v4.0_LOCKED.txt,intended_contract_not_currently_exposed_by_code | status_field
P2,briefed_not_implemented,revenue-cogs,revenue_cogs_warning_count,check_alias_or_backlog,"Briefed field is not exposed by code; may be missing, renamed, or future within current module.",,13_MIRRA_REVENUE_COGS_v4.0_LOCKED.txt,intended_contract_not_currently_exposed_by_code
P2,briefed_not_implemented,revenue-cogs,revenue_cogs_warnings,check_alias_or_backlog,"Briefed field is not exposed by code; may be missing, renamed, or future within current module.",,13_MIRRA_REVENUE_COGS_v4.0_LOCKED.txt,intended_contract_not_currently_exposed_by_code | warnings_field
P2,briefed_not_implemented,revenue-cogs,supplier_category_total_mismatch,check_alias_or_backlog,"Briefed field is not exposed by code; may be missing, renamed, or future within current module.",,13_MIRRA_REVENUE_COGS_v4.0_LOCKED.txt,intended_contract_not_currently_exposed_by_code
P2,briefed_not_implemented,revenue-cogs,supplier_normalisation_rules,check_alias_or_backlog,"Briefed field is not exposed by code; may be missing, renamed, or future within current module.",,13_MIRRA_REVENUE_COGS_v4.0_LOCKED.txt,intended_contract_not_currently_exposed_by_code
P2,briefed_not_implemented,revenue-cogs,supplier_split_overrides,check_alias_or_backlog,"Briefed field is not exposed by code; may be missing, renamed, or future within current module.",,13_MIRRA_REVENUE_COGS_v4.0_LOCKED.txt,intended_contract_not_currently_exposed_by_code
P2,briefed_not_implemented,revenue-cogs,supplier_summary_rows,check_alias_or_backlog,"Briefed field is not exposed by code; may be missing, renamed, or future within current module.",,13_MIRRA_REVENUE_COGS_v4.0_LOCKED.txt,intended_contract_not_currently_exposed_by_code
P2,briefed_not_implemented,revenue-cogs,supplier_summary_total_mismatch,check_alias_or_backlog,"Briefed field is not exposed by code; may be missing, renamed, or future within current module.",,13_MIRRA_REVENUE_COGS_v4.0_LOCKED.txt,intended_contract_not_currently_exposed_by_code
P2,briefed_not_implemented,revenue-cogs,total_cogs,check_alias_or_backlog,"Briefed field is not exposed by code; may be missing, renamed, or future within current module.",,13_MIRRA_REVENUE_COGS_v4.0_LOCKED.txt | 14_MIRRA_BUSINESS_SUMMARY_v4.0_LOCKED.txt | 15_MIRRA_REVENUE_REALITY_v4.0_LOCKED.txt,intended_contract_not_currently_exposed_by_code
P2,briefed_not_implemented,revenue-cogs,total_derived_units_annual,check_alias_or_backlog,"Briefed field is not exposed by code; may be missing, renamed, or future within current module.",,13_MIRRA_REVENUE_COGS_v4.0_LOCKED.txt,intended_contract_not_currently_exposed_by_code
P2,briefed_not_implemented,revenue-cogs,total_labour_cost_annual,check_alias_or_backlog,"Briefed field is not exposed by code; may be missing, renamed, or future within current module.",,14_MIRRA_BUSINESS_SUMMARY_v4.0_LOCKED.txt,intended_contract_not_currently_exposed_by_code
P2,briefed_not_implemented,revenue-cogs,total_people_cost_annual,check_alias_or_backlog,"Briefed field is not exposed by code; may be missing, renamed, or future within current module.",,14_MIRRA_BUSINESS_SUMMARY_v4.0_LOCKED.txt,intended_contract_not_currently_exposed_by_code
P2,briefed_not_implemented,revenue-cogs,total_unit_direct_cost,check_alias_or_backlog,"Briefed field is not exposed by code; may be missing, renamed, or future within current module.",,13_MIRRA_REVENUE_COGS_v4.0_LOCKED.txt,intended_contract_not_currently_exposed_by_code
P2,briefed_not_implemented,revenue-cogs,total_unit_margin_pool,check_alias_or_backlog,"Briefed field is not exposed by code; may be missing, renamed, or future within current module.",,13_MIRRA_REVENUE_COGS_v4.0_LOCKED.txt,intended_contract_not_currently_exposed_by_code
P2,briefed_not_implemented,revenue-cogs,total_unit_revenue,check_alias_or_backlog,"Briefed field is not exposed by code; may be missing, renamed, or future within current module.",,13_MIRRA_REVENUE_COGS_v4.0_LOCKED.txt,intended_contract_not_currently_exposed_by_code
P2,briefed_not_implemented,revenue-cogs,unit_driver_rows,check_alias_or_backlog,"Briefed field is not exposed by code; may be missing, renamed, or future within current module.",,13_MIRRA_REVENUE_COGS_v4.0_LOCKED.txt,intended_contract_not_currently_exposed_by_code
P2,briefed_not_implemented,revenue-cogs,unit_recovery_ready,check_alias_or_backlog,"Briefed field is not exposed by code; may be missing, renamed, or future within current module.",,13_MIRRA_REVENUE_COGS_v4.0_LOCKED.txt,intended_contract_not_currently_exposed_by_code | readiness_field
P2,briefed_not_implemented,revenue-cogs,unit_recovery_warnings,check_alias_or_backlog,"Briefed field is not exposed by code; may be missing, renamed, or future within current module.",,13_MIRRA_REVENUE_COGS_v4.0_LOCKED.txt,intended_contract_not_currently_exposed_by_code | warnings_field
P2,briefed_not_implemented,revenue-cogs,weighted_average_margin_per_unit,check_alias_or_backlog,"Briefed field is not exposed by code; may be missing, renamed, or future within current module.",,13_MIRRA_REVENUE_COGS_v4.0_LOCKED.txt,intended_contract_not_currently_exposed_by_code
P2,briefed_not_implemented,revenue-cogs,xero_account_transactions_import_id,check_alias_or_backlog,"Briefed field is not exposed by code; may be missing, renamed, or future within current module.",,13_MIRRA_REVENUE_COGS_v4.0_LOCKED.txt,intended_contract_not_currently_exposed_by_code
P2,briefed_not_implemented,revenue-reality,activity_driver_label,check_alias_or_backlog,"Briefed field is not exposed by code; may be missing, renamed, or future within current module.",,15_MIRRA_REVENUE_REALITY_v4.0_LOCKED.txt,intended_contract_not_currently_exposed_by_code
P2,briefed_not_implemented,revenue-reality,activity_driver_value,check_alias_or_backlog,"Briefed field is not exposed by code; may be missing, renamed, or future within current module.",,15_MIRRA_REVENUE_REALITY_v4.0_LOCKED.txt,intended_contract_not_currently_exposed_by_code
P2,briefed_not_implemented,revenue-reality,group_recovery_rows,check_alias_or_backlog,"Briefed field is not exposed by code; may be missing, renamed, or future within current module.",,18_MIRRA_RECOVERY_SUMMARY_v4.0_LOCKED.txt,intended_contract_not_currently_exposed_by_code
P2,briefed_not_implemented,revenue-reality,overall_recovery_status,check_alias_or_backlog,"Briefed field is not exposed by code; may be missing, renamed, or future within current module.",,18_MIRRA_RECOVERY_SUMMARY_v4.0_LOCKED.txt,intended_contract_not_currently_exposed_by_code | status_field
P2,briefed_not_implemented,revenue-reality,revenue_reality_ready,check_alias_or_backlog,"Briefed field is not exposed by code; may be missing, renamed, or future within current module.",,15_MIRRA_REVENUE_REALITY_v4.0_LOCKED.txt,intended_contract_not_currently_exposed_by_code | readiness_field
P2,briefed_not_implemented,revenue-reality,revenue_reality_source_trace,check_alias_or_backlog,"Briefed field is not exposed by code; may be missing, renamed, or future within current module.",,15_MIRRA_REVENUE_REALITY_v4.0_LOCKED.txt,intended_contract_not_currently_exposed_by_code
P2,briefed_not_implemented,revenue-reality,revenue_reality_status,check_alias_or_backlog,"Briefed field is not exposed by code; may be missing, renamed, or future within current module.",,15_MIRRA_REVENUE_REALITY_v4.0_LOCKED.txt,intended_contract_not_currently_exposed_by_code | status_field
P2,briefed_not_implemented,unknown,blocking_issues,brief_owner_review,Briefed field has no confirmed owner.,,26_MIRRA_DATA_QUALITY_DASHBOARD_v4.0_LOCKED.txt,intended_contract_not_currently_exposed_by_code | unknown_owner
P2,briefed_not_implemented,unknown,data_quality_cards,brief_owner_review,Briefed field has no confirmed owner.,,26_MIRRA_DATA_QUALITY_DASHBOARD_v4.0_LOCKED.txt,intended_contract_not_currently_exposed_by_code | unknown_owner
P2,briefed_not_implemented,unknown,data_quality_feedback_rows,brief_owner_review,Briefed field has no confirmed owner.,,24_MIRRA_MODEL_FEEDBACK_LOOP_v4.0_LOCKED.txt,intended_contract_not_currently_exposed_by_code | unknown_owner
P2,briefed_not_implemented,unknown,data_quality_ready,brief_owner_review,Briefed field has no confirmed owner.,,26_MIRRA_DATA_QUALITY_DASHBOARD_v4.0_LOCKED.txt,intended_contract_not_currently_exposed_by_code | unknown_owner | readiness_field
P2,briefed_not_implemented,unknown,data_quality_score,brief_owner_review,Briefed field has no confirmed owner.,,26_MIRRA_DATA_QUALITY_DASHBOARD_v4.0_LOCKED.txt,intended_contract_not_currently_exposed_by_code | unknown_owner
P2,briefed_not_implemented,unknown,data_quality_source_trace,brief_owner_review,Briefed field has no confirmed owner.,,26_MIRRA_DATA_QUALITY_DASHBOARD_v4.0_LOCKED.txt,intended_contract_not_currently_exposed_by_code | unknown_owner
P2,briefed_not_implemented,unknown,data_quality_status,brief_owner_review,Briefed field has no confirmed owner.,,26_MIRRA_DATA_QUALITY_DASHBOARD_v4.0_LOCKED.txt,intended_contract_not_currently_exposed_by_code | unknown_owner | status_field
P2,briefed_not_implemented,unknown,data_quality_warning_count,brief_owner_review,Briefed field has no confirmed owner.,,26_MIRRA_DATA_QUALITY_DASHBOARD_v4.0_LOCKED.txt,intended_contract_not_currently_exposed_by_code | unknown_owner
P2,briefed_not_implemented,unknown,data_quality_warnings,brief_owner_review,Briefed field has no confirmed owner.,,26_MIRRA_DATA_QUALITY_DASHBOARD_v4.0_LOCKED.txt,intended_contract_not_currently_exposed_by_code | unknown_owner | warnings_field
P2,briefed_not_implemented,unknown,estimated_impact,brief_owner_review,Briefed field has no confirmed owner.,,26_MIRRA_DATA_QUALITY_DASHBOARD_v4.0_LOCKED.txt,intended_contract_not_currently_exposed_by_code | unknown_owner
P2,briefed_not_implemented,unknown,feedback_signal_rows,brief_owner_review,Briefed field has no confirmed owner.,,24_MIRRA_MODEL_FEEDBACK_LOOP_v4.0_LOCKED.txt,intended_contract_not_currently_exposed_by_code | unknown_owner
P2,briefed_not_implemented,unknown,fix_id,brief_owner_review,Briefed field has no confirmed owner.,,26_MIRRA_DATA_QUALITY_DASHBOARD_v4.0_LOCKED.txt,intended_contract_not_currently_exposed_by_code | unknown_owner
P2,briefed_not_implemented,unknown,fix_queue_rows,brief_owner_review,Briefed field has no confirmed owner.,,26_MIRRA_DATA_QUALITY_DASHBOARD_v4.0_LOCKED.txt,intended_contract_not_currently_exposed_by_code | unknown_owner
P2,briefed_not_implemented,unknown,global_data_quality_issues,brief_owner_review,Briefed field has no confirmed owner.,,26_MIRRA_DATA_QUALITY_DASHBOARD_v4.0_LOCKED.txt,intended_contract_not_currently_exposed_by_code | unknown_owner
P2,briefed_not_implemented,unknown,global_data_quality_trust_state,brief_owner_review,Briefed field has no confirmed owner.,,26_MIRRA_DATA_QUALITY_DASHBOARD_v4.0_LOCKED.txt,intended_contract_not_currently_exposed_by_code | unknown_owner | trust_state_field
P2,briefed_not_implemented,unknown,issue_id,brief_owner_review,Briefed field has no confirmed owner.,,26_MIRRA_DATA_QUALITY_DASHBOARD_v4.0_LOCKED.txt,intended_contract_not_currently_exposed_by_code | unknown_owner
P2,briefed_not_implemented,unknown,issue_status,brief_owner_review,Briefed field has no confirmed owner.,,26_MIRRA_DATA_QUALITY_DASHBOARD_v4.0_LOCKED.txt,intended_contract_not_currently_exposed_by_code | unknown_owner | status_field
P2,briefed_not_implemented,unknown,model_feedback_ready,brief_owner_review,Briefed field has no confirmed owner.,,24_MIRRA_MODEL_FEEDBACK_LOOP_v4.0_LOCKED.txt,intended_contract_not_currently_exposed_by_code | unknown_owner | readiness_field
P2,briefed_not_implemented,unknown,model_feedback_source_trace,brief_owner_review,Briefed field has no confirmed owner.,,24_MIRRA_MODEL_FEEDBACK_LOOP_v4.0_LOCKED.txt,intended_contract_not_currently_exposed_by_code | unknown_owner
P2,briefed_not_implemented,unknown,model_feedback_status,brief_owner_review,Briefed field has no confirmed owner.,,24_MIRRA_MODEL_FEEDBACK_LOOP_v4.0_LOCKED.txt,intended_contract_not_currently_exposed_by_code | unknown_owner | status_field
P2,briefed_not_implemented,unknown,model_feedback_trust_state,brief_owner_review,Briefed field has no confirmed owner.,,24_MIRRA_MODEL_FEEDBACK_LOOP_v4.0_LOCKED.txt,intended_contract_not_currently_exposed_by_code | unknown_owner | trust_state_field
P2,briefed_not_implemented,unknown,model_feedback_warning_count,brief_owner_review,Briefed field has no confirmed owner.,,24_MIRRA_MODEL_FEEDBACK_LOOP_v4.0_LOCKED.txt,intended_contract_not_currently_exposed_by_code | unknown_owner
P2,briefed_not_implemented,unknown,model_feedback_warnings,brief_owner_review,Briefed field has no confirmed owner.,,24_MIRRA_MODEL_FEEDBACK_LOOP_v4.0_LOCKED.txt,intended_contract_not_currently_exposed_by_code | unknown_owner | warnings_field
P2,briefed_not_implemented,unknown,model_update_recommendation_rows,brief_owner_review,Briefed field has no confirmed owner.,,24_MIRRA_MODEL_FEEDBACK_LOOP_v4.0_LOCKED.txt,intended_contract_not_currently_exposed_by_code | unknown_owner
P2,briefed_not_implemented,unknown,module_trust_rollup,brief_owner_review,Briefed field has no confirmed owner.,,26_MIRRA_DATA_QUALITY_DASHBOARD_v4.0_LOCKED.txt,intended_contract_not_currently_exposed_by_code | unknown_owner
P2,briefed_not_implemented,unknown,not_available,brief_owner_review,Briefed field has no confirmed owner.,,04_MIRRA_P_AND_L_PAGE_v4.0_LOCKED.txt,intended_contract_not_currently_exposed_by_code | unknown_owner
P2,briefed_not_implemented,unknown,positive_feedback_rows,brief_owner_review,Briefed field has no confirmed owner.,,24_MIRRA_MODEL_FEEDBACK_LOOP_v4.0_LOCKED.txt,intended_contract_not_currently_exposed_by_code | unknown_owner
P2,briefed_not_implemented,unknown,rate_review_signal_rows,brief_owner_review,Briefed field has no confirmed owner.,,24_MIRRA_MODEL_FEEDBACK_LOOP_v4.0_LOCKED.txt,intended_contract_not_currently_exposed_by_code | unknown_owner
P2,briefed_not_implemented,unknown,recommended_fix_action,brief_owner_review,Briefed field has no confirmed owner.,,26_MIRRA_DATA_QUALITY_DASHBOARD_v4.0_LOCKED.txt,intended_contract_not_currently_exposed_by_code | unknown_owner
P2,briefed_not_implemented,unknown,recommended_fix_module,brief_owner_review,Briefed field has no confirmed owner.,,26_MIRRA_DATA_QUALITY_DASHBOARD_v4.0_LOCKED.txt,intended_contract_not_currently_exposed_by_code | unknown_owner
P2,briefed_not_implemented,unknown,repeated_issue_rows,brief_owner_review,Briefed field has no confirmed owner.,,24_MIRRA_MODEL_FEEDBACK_LOOP_v4.0_LOCKED.txt,intended_contract_not_currently_exposed_by_code | unknown_owner
P2,briefed_not_implemented,unknown,review_required,brief_owner_review,Briefed field has no confirmed owner.,,04_MIRRA_P_AND_L_PAGE_v4.0_LOCKED.txt,intended_contract_not_currently_exposed_by_code | unknown_owner
P2,briefed_not_implemented,unknown,review_required_issues,brief_owner_review,Briefed field has no confirmed owner.,,26_MIRRA_DATA_QUALITY_DASHBOARD_v4.0_LOCKED.txt,intended_contract_not_currently_exposed_by_code | unknown_owner
P2,briefed_not_implemented,unknown,source_module,brief_owner_review,Briefed field has no confirmed owner.,,26_MIRRA_DATA_QUALITY_DASHBOARD_v4.0_LOCKED.txt,intended_contract_not_currently_exposed_by_code | unknown_owner
P2,legacy_output,employee-overheads-legacy,has_employee_overheads,rename_migrate_or_explicitly_keep_legacy,Legacy output contract still exists in code.,app\dev\model-readiness\page.jsx | app\model-readiness\page.jsx | lib\reconciliation\reconciliationRules.js,,legacy_module_contract_still_present_in_code | legacy_module
P2,legacy_output,employee-overheads-legacy,output_contract,rename_migrate_or_explicitly_keep_legacy,Legacy output contract still exists in code.,hooks\useEmployeeOverheads.js,,legacy_module_contract_still_present_in_code | legacy_module
P2,legacy_output,employee-overheads-legacy,stored_profiles,rename_migrate_or_explicitly_keep_legacy,Legacy output contract still exists in code.,hooks\useEmployeeOverheads.js,,legacy_module_contract_still_present_in_code | legacy_module
P2,legacy_output,quote-engine-legacy,blocked,rename_migrate_or_explicitly_keep_legacy,Legacy output contract still exists in code.,components\quote-engine\QuoteEngineStatusStrip.jsx | lib\calculations\quoteEngineCalculations.js,,legacy_module_contract_still_present_in_code | legacy_module
P2,legacy_output,quote-engine-legacy,output_contract,rename_migrate_or_explicitly_keep_legacy,Legacy output contract still exists in code.,hooks\useQuoteEngine.js,,legacy_module_contract_still_present_in_code | legacy_module
P2,legacy_output,quote-engine-legacy,quote_state,rename_migrate_or_explicitly_keep_legacy,Legacy output contract still exists in code.,hooks\useQuoteEngine.js | lib\calculations\quoteEngineCalculations.js,,legacy_module_contract_still_present_in_code | legacy_module
P2,legacy_output,recovery-outcome-legacy,card,rename_migrate_or_explicitly_keep_legacy,Legacy output contract still exists in code.,hooks\useRecoveryOutcome.js,,legacy_module_contract_still_present_in_code | legacy_module
P2,legacy_output,recovery-outcome-legacy,output_contract,rename_migrate_or_explicitly_keep_legacy,Legacy output contract still exists in code.,app\recovery-outcome\page.jsx | hooks\useRecoveryOutcome.js,,legacy_module_contract_still_present_in_code | legacy_module
P3,briefed_not_implemented,database-storage-export,active_database_path,future_backlog,Briefed field belongs to a future or later-stage module.,,28_MIRRA_DATABASE_STORAGE_EXPORT_LAYER_v4.0_LOCKED.txt,intended_contract_not_currently_exposed_by_code
P3,briefed_not_implemented,database-storage-export,active_model_version_id,future_backlog,Briefed field belongs to a future or later-stage module.,,28_MIRRA_DATABASE_STORAGE_EXPORT_LAYER_v4.0_LOCKED.txt,intended_contract_not_currently_exposed_by_code
P3,briefed_not_implemented,database-storage-export,active_target_set_id,future_backlog,Briefed field belongs to a future or later-stage module.,,28_MIRRA_DATABASE_STORAGE_EXPORT_LAYER_v4.0_LOCKED.txt,intended_contract_not_currently_exposed_by_code
P3,briefed_not_implemented,database-storage-export,backup_rows,future_backlog,Briefed field belongs to a future or later-stage module.,,28_MIRRA_DATABASE_STORAGE_EXPORT_LAYER_v4.0_LOCKED.txt,intended_contract_not_currently_exposed_by_code
P3,briefed_not_implemented,database-storage-export,migration_rows,future_backlog,Briefed field belongs to a future or later-stage module.,,28_MIRRA_DATABASE_STORAGE_EXPORT_LAYER_v4.0_LOCKED.txt,intended_contract_not_currently_exposed_by_code
P3,briefed_not_implemented,database-storage-export,source_import_rows,future_backlog,Briefed field belongs to a future or later-stage module.,,28_MIRRA_DATABASE_STORAGE_EXPORT_LAYER_v4.0_LOCKED.txt,intended_contract_not_currently_exposed_by_code
P3,briefed_not_implemented,database-storage-export,storage_ready,future_backlog,Briefed field belongs to a future or later-stage module.,,28_MIRRA_DATABASE_STORAGE_EXPORT_LAYER_v4.0_LOCKED.txt,intended_contract_not_currently_exposed_by_code | readiness_field
P3,briefed_not_implemented,database-storage-export,storage_source_trace,future_backlog,Briefed field belongs to a future or later-stage module.,,28_MIRRA_DATABASE_STORAGE_EXPORT_LAYER_v4.0_LOCKED.txt,intended_contract_not_currently_exposed_by_code
P3,briefed_not_implemented,database-storage-export,storage_status,future_backlog,Briefed field belongs to a future or later-stage module.,,28_MIRRA_DATABASE_STORAGE_EXPORT_LAYER_v4.0_LOCKED.txt,intended_contract_not_currently_exposed_by_code | status_field
P3,briefed_not_implemented,database-storage-export,storage_trust_state,future_backlog,Briefed field belongs to a future or later-stage module.,,28_MIRRA_DATABASE_STORAGE_EXPORT_LAYER_v4.0_LOCKED.txt,intended_contract_not_currently_exposed_by_code | trust_state_field
P3,briefed_not_implemented,database-storage-export,storage_warning_count,future_backlog,Briefed field belongs to a future or later-stage module.,,28_MIRRA_DATABASE_STORAGE_EXPORT_LAYER_v4.0_LOCKED.txt,intended_contract_not_currently_exposed_by_code
P3,briefed_not_implemented,database-storage-export,storage_warnings,future_backlog,Briefed field belongs to a future or later-stage module.,,28_MIRRA_DATABASE_STORAGE_EXPORT_LAYER_v4.0_LOCKED.txt,intended_contract_not_currently_exposed_by_code | warnings_field
P3,briefed_not_implemented,integrations,account_code,future_backlog,Briefed field belongs to a future or later-stage module.,,29_MIRRA_INTEGRATIONS_API_LAYER_v4.0_LOCKED.txt,intended_contract_not_currently_exposed_by_code
P3,briefed_not_implemented,integrations,account_name,future_backlog,Briefed field belongs to a future or later-stage module.,,29_MIRRA_INTEGRATIONS_API_LAYER_v4.0_LOCKED.txt,intended_contract_not_currently_exposed_by_code
P3,briefed_not_implemented,integrations,account_normalisation_rows,future_backlog,Briefed field belongs to a future or later-stage module.,,29_MIRRA_INTEGRATIONS_API_LAYER_v4.0_LOCKED.txt,intended_contract_not_currently_exposed_by_code
P3,briefed_not_implemented,integrations,account_type,future_backlog,Briefed field belongs to a future or later-stage module.,,29_MIRRA_INTEGRATIONS_API_LAYER_v4.0_LOCKED.txt,intended_contract_not_currently_exposed_by_code
P3,briefed_not_implemented,integrations,auth_status,future_backlog,Briefed field belongs to a future or later-stage module.,,29_MIRRA_INTEGRATIONS_API_LAYER_v4.0_LOCKED.txt,intended_contract_not_currently_exposed_by_code | status_field
P3,briefed_not_implemented,integrations,connector_id,future_backlog,Briefed field belongs to a future or later-stage module.,,29_MIRRA_INTEGRATIONS_API_LAYER_v4.0_LOCKED.txt,intended_contract_not_currently_exposed_by_code
P3,briefed_not_implemented,integrations,connector_name,future_backlog,Briefed field belongs to a future or later-stage module.,,29_MIRRA_INTEGRATIONS_API_LAYER_v4.0_LOCKED.txt,intended_contract_not_currently_exposed_by_code
P3,briefed_not_implemented,integrations,connector_rows,future_backlog,Briefed field belongs to a future or later-stage module.,,29_MIRRA_INTEGRATIONS_API_LAYER_v4.0_LOCKED.txt,intended_contract_not_currently_exposed_by_code
P3,briefed_not_implemented,integrations,connector_type,future_backlog,Briefed field belongs to a future or later-stage module.,,29_MIRRA_INTEGRATIONS_API_LAYER_v4.0_LOCKED.txt,intended_contract_not_currently_exposed_by_code
P3,briefed_not_implemented,integrations,contact_name_raw,future_backlog,Briefed field belongs to a future or later-stage module.,,29_MIRRA_INTEGRATIONS_API_LAYER_v4.0_LOCKED.txt,intended_contract_not_currently_exposed_by_code
P3,briefed_not_implemented,integrations,employee_or_supplier_id,future_backlog,Briefed field belongs to a future or later-stage module.,,29_MIRRA_INTEGRATIONS_API_LAYER_v4.0_LOCKED.txt,intended_contract_not_currently_exposed_by_code
P3,briefed_not_implemented,integrations,employee_or_supplier_name,future_backlog,Briefed field belongs to a future or later-stage module.,,29_MIRRA_INTEGRATIONS_API_LAYER_v4.0_LOCKED.txt,intended_contract_not_currently_exposed_by_code
P3,briefed_not_implemented,integrations,future_api,future_backlog,Briefed field belongs to a future or later-stage module.,,29_MIRRA_INTEGRATIONS_API_LAYER_v4.0_LOCKED.txt,intended_contract_not_currently_exposed_by_code
P3,briefed_not_implemented,integrations,gross_amount,future_backlog,Briefed field belongs to a future or later-stage module.,,29_MIRRA_INTEGRATIONS_API_LAYER_v4.0_LOCKED.txt,intended_contract_not_currently_exposed_by_code
P3,briefed_not_implemented,integrations,gst_amount,future_backlog,Briefed field belongs to a future or later-stage module.,,29_MIRRA_INTEGRATIONS_API_LAYER_v4.0_LOCKED.txt,intended_contract_not_currently_exposed_by_code
P3,briefed_not_implemented,integrations,integration_ready,future_backlog,Briefed field belongs to a future or later-stage module.,,29_MIRRA_INTEGRATIONS_API_LAYER_v4.0_LOCKED.txt,intended_contract_not_currently_exposed_by_code | readiness_field
P3,briefed_not_implemented,integrations,integration_source_trace,future_backlog,Briefed field belongs to a future or later-stage module.,,29_MIRRA_INTEGRATIONS_API_LAYER_v4.0_LOCKED.txt,intended_contract_not_currently_exposed_by_code
P3,briefed_not_implemented,integrations,integration_status,future_backlog,Briefed field belongs to a future or later-stage module.,,29_MIRRA_INTEGRATIONS_API_LAYER_v4.0_LOCKED.txt,intended_contract_not_currently_exposed_by_code | status_field
P3,briefed_not_implemented,integrations,integration_trust_state,future_backlog,Briefed field belongs to a future or later-stage module.,,29_MIRRA_INTEGRATIONS_API_LAYER_v4.0_LOCKED.txt,intended_contract_not_currently_exposed_by_code | trust_state_field
P3,briefed_not_implemented,integrations,integration_warning_count,future_backlog,Briefed field belongs to a future or later-stage module.,,29_MIRRA_INTEGRATIONS_API_LAYER_v4.0_LOCKED.txt,intended_contract_not_currently_exposed_by_code
P3,briefed_not_implemented,integrations,integration_warnings,future_backlog,Briefed field belongs to a future or later-stage module.,,29_MIRRA_INTEGRATIONS_API_LAYER_v4.0_LOCKED.txt,intended_contract_not_currently_exposed_by_code | warnings_field
P3,briefed_not_implemented,integrations,last_sync_at,future_backlog,Briefed field belongs to a future or later-stage module.,,29_MIRRA_INTEGRATIONS_API_LAYER_v4.0_LOCKED.txt,intended_contract_not_currently_exposed_by_code
P3,briefed_not_implemented,integrations,manual_upload,future_backlog,Briefed field belongs to a future or later-stage module.,,29_MIRRA_INTEGRATIONS_API_LAYER_v4.0_LOCKED.txt,intended_contract_not_currently_exposed_by_code
P3,briefed_not_implemented,integrations,net_amount,future_backlog,Briefed field belongs to a future or later-stage module.,,29_MIRRA_INTEGRATIONS_API_LAYER_v4.0_LOCKED.txt,intended_contract_not_currently_exposed_by_code
P3,briefed_not_implemented,integrations,normalised_import_rows,future_backlog,Briefed field belongs to a future or later-stage module.,,29_MIRRA_INTEGRATIONS_API_LAYER_v4.0_LOCKED.txt,intended_contract_not_currently_exposed_by_code
P3,briefed_not_implemented,integrations,period_end,future_backlog,Briefed field belongs to a future or later-stage module.,,29_MIRRA_INTEGRATIONS_API_LAYER_v4.0_LOCKED.txt,intended_contract_not_currently_exposed_by_code
P3,briefed_not_implemented,integrations,period_start,future_backlog,Briefed field belongs to a future or later-stage module.,,29_MIRRA_INTEGRATIONS_API_LAYER_v4.0_LOCKED.txt,intended_contract_not_currently_exposed_by_code
P3,briefed_not_implemented,integrations,po_system,future_backlog,Briefed field belongs to a future or later-stage module.,,29_MIRRA_INTEGRATIONS_API_LAYER_v4.0_LOCKED.txt,intended_contract_not_currently_exposed_by_code
P3,briefed_not_implemented,integrations,quote_system,future_backlog,Briefed field belongs to a future or later-stage module.,,29_MIRRA_INTEGRATIONS_API_LAYER_v4.0_LOCKED.txt,intended_contract_not_currently_exposed_by_code
P3,briefed_not_implemented,integrations,raw_import_payload_rows,future_backlog,Briefed field belongs to a future or later-stage module.,,29_MIRRA_INTEGRATIONS_API_LAYER_v4.0_LOCKED.txt,intended_contract_not_currently_exposed_by_code
P3,briefed_not_implemented,integrations,signed_amount,future_backlog,Briefed field belongs to a future or later-stage module.,,29_MIRRA_INTEGRATIONS_API_LAYER_v4.0_LOCKED.txt,intended_contract_not_currently_exposed_by_code
P3,briefed_not_implemented,integrations,source_document_number,future_backlog,Briefed field belongs to a future or later-stage module.,,29_MIRRA_INTEGRATIONS_API_LAYER_v4.0_LOCKED.txt,intended_contract_not_currently_exposed_by_code
P3,briefed_not_implemented,integrations,source_document_type,future_backlog,Briefed field belongs to a future or later-stage module.,,29_MIRRA_INTEGRATIONS_API_LAYER_v4.0_LOCKED.txt,intended_contract_not_currently_exposed_by_code
P3,briefed_not_implemented,integrations,source_import_id,future_backlog,Briefed field belongs to a future or later-stage module.,,29_MIRRA_INTEGRATIONS_API_LAYER_v4.0_LOCKED.txt,intended_contract_not_currently_exposed_by_code
P3,briefed_not_implemented,integrations,source_import_rows,future_backlog,Briefed field belongs to a future or later-stage module.,,29_MIRRA_INTEGRATIONS_API_LAYER_v4.0_LOCKED.txt,intended_contract_not_currently_exposed_by_code
P3,briefed_not_implemented,integrations,source_system,future_backlog,Briefed field belongs to a future or later-stage module.,,29_MIRRA_INTEGRATIONS_API_LAYER_v4.0_LOCKED.txt,intended_contract_not_currently_exposed_by_code
P3,briefed_not_implemented,integrations,source_trace,future_backlog,Briefed field belongs to a future or later-stage module.,,29_MIRRA_INTEGRATIONS_API_LAYER_v4.0_LOCKED.txt,intended_contract_not_currently_exposed_by_code
P3,briefed_not_implemented,integrations,source_type,future_backlog,Briefed field belongs to a future or later-stage module.,,29_MIRRA_INTEGRATIONS_API_LAYER_v4.0_LOCKED.txt,intended_contract_not_currently_exposed_by_code
P3,briefed_not_implemented,integrations,suggested_cog_category,future_backlog,Briefed field belongs to a future or later-stage module.,,29_MIRRA_INTEGRATIONS_API_LAYER_v4.0_LOCKED.txt,intended_contract_not_currently_exposed_by_code
P3,briefed_not_implemented,integrations,suggested_overhead_category,future_backlog,Briefed field belongs to a future or later-stage module.,,29_MIRRA_INTEGRATIONS_API_LAYER_v4.0_LOCKED.txt,intended_contract_not_currently_exposed_by_code
P3,briefed_not_implemented,integrations,supplier_id,future_backlog,Briefed field belongs to a future or later-stage module.,,29_MIRRA_INTEGRATIONS_API_LAYER_v4.0_LOCKED.txt,intended_contract_not_currently_exposed_by_code
P3,briefed_not_implemented,integrations,supplier_name,future_backlog,Briefed field belongs to a future or later-stage module.,,29_MIRRA_INTEGRATIONS_API_LAYER_v4.0_LOCKED.txt,intended_contract_not_currently_exposed_by_code
P3,briefed_not_implemented,integrations,supplier_normalisation_rows,future_backlog,Briefed field belongs to a future or later-stage module.,,29_MIRRA_INTEGRATIONS_API_LAYER_v4.0_LOCKED.txt,intended_contract_not_currently_exposed_by_code
P3,briefed_not_implemented,integrations,sync_run_rows,future_backlog,Briefed field belongs to a future or later-stage module.,,29_MIRRA_INTEGRATIONS_API_LAYER_v4.0_LOCKED.txt,intended_contract_not_currently_exposed_by_code
P3,briefed_not_implemented,integrations,sync_status,future_backlog,Briefed field belongs to a future or later-stage module.,,29_MIRRA_INTEGRATIONS_API_LAYER_v4.0_LOCKED.txt,intended_contract_not_currently_exposed_by_code | status_field
P3,briefed_not_implemented,integrations,transaction_date,future_backlog,Briefed field belongs to a future or later-stage module.,,29_MIRRA_INTEGRATIONS_API_LAYER_v4.0_LOCKED.txt,intended_contract_not_currently_exposed_by_code
P3,briefed_not_implemented,integrations,trust_state,future_backlog,Briefed field belongs to a future or later-stage module.,,29_MIRRA_INTEGRATIONS_API_LAYER_v4.0_LOCKED.txt,intended_contract_not_currently_exposed_by_code
P3,briefed_not_implemented,integrations,warning_count,future_backlog,Briefed field belongs to a future or later-stage module.,,29_MIRRA_INTEGRATIONS_API_LAYER_v4.0_LOCKED.txt,intended_contract_not_currently_exposed_by_code
P3,briefed_not_implemented,job-costing,job_actual_cost_rows,future_backlog,Briefed field belongs to a future or later-stage module.,,28_MIRRA_DATABASE_STORAGE_EXPORT_LAYER_v4.0_LOCKED.txt,intended_contract_not_currently_exposed_by_code
P3,briefed_not_implemented,job-costing,job_costing_ready,future_backlog,Briefed field belongs to a future or later-stage module.,,23_MIRRA_JOB_COSTING_PROFITABILITY_v4.0_LOCKED.txt,intended_contract_not_currently_exposed_by_code | readiness_field
P3,briefed_not_implemented,job-costing,job_costing_source_trace,future_backlog,Briefed field belongs to a future or later-stage module.,,23_MIRRA_JOB_COSTING_PROFITABILITY_v4.0_LOCKED.txt,intended_contract_not_currently_exposed_by_code
P3,briefed_not_implemented,job-costing,job_costing_status,future_backlog,Briefed field belongs to a future or later-stage module.,,23_MIRRA_JOB_COSTING_PROFITABILITY_v4.0_LOCKED.txt,intended_contract_not_currently_exposed_by_code | status_field
P3,briefed_not_implemented,job-costing,job_profitability_rows,future_backlog,Briefed field belongs to a future or later-stage module.,,28_MIRRA_DATABASE_STORAGE_EXPORT_LAYER_v4.0_LOCKED.txt,intended_contract_not_currently_exposed_by_code
P3,briefed_not_implemented,job-costing,reporting_fact_tables,future_backlog,Briefed field belongs to a future or later-stage module.,,28_MIRRA_DATABASE_STORAGE_EXPORT_LAYER_v4.0_LOCKED.txt,intended_contract_not_currently_exposed_by_code
P3,briefed_not_implemented,macro-micro,blocking_share_warning_count,future_backlog,Briefed field belongs to a future or later-stage module.,,# QS Tools ? Future Build Brief Micro Recovery Layer Rollout.txt,intended_contract_not_currently_exposed_by_code
P3,briefed_not_implemented,macro-micro,over_allocated_share_percent,future_backlog,Briefed field belongs to a future or later-stage module.,,# QS Tools ? Future Build Brief Micro Recovery Layer Rollout.txt,intended_contract_not_currently_exposed_by_code
P3,briefed_not_implemented,macro-micro,recovery_share_total_percent,future_backlog,Briefed field belongs to a future or later-stage module.,,# QS Tools ? Future Build Brief Micro Recovery Layer Rollout.txt,intended_contract_not_currently_exposed_by_code
P3,briefed_not_implemented,macro-micro,review_share_warning_count,future_backlog,Briefed field belongs to a future or later-stage module.,,# QS Tools ? Future Build Brief Micro Recovery Layer Rollout.txt,intended_contract_not_currently_exposed_by_code
P3,briefed_not_implemented,macro-micro,share_warning_count,future_backlog,Briefed field belongs to a future or later-stage module.,,# QS Tools ? Future Build Brief Micro Recovery Layer Rollout.txt,intended_contract_not_currently_exposed_by_code
P3,briefed_not_implemented,macro-micro,share_warning_rows,future_backlog,Briefed field belongs to a future or later-stage module.,,# QS Tools ? Future Build Brief Micro Recovery Layer Rollout.txt,intended_contract_not_currently_exposed_by_code
P3,briefed_not_implemented,macro-micro,unallocated_share_percent,future_backlog,Briefed field belongs to a future or later-stage module.,,# QS Tools ? Future Build Brief Micro Recovery Layer Rollout.txt,intended_contract_not_currently_exposed_by_code
P3,briefed_not_implemented,model-review,blocked_review_items,future_backlog,Briefed field belongs to a future or later-stage module.,,25_MIRRA_MODEL_REVIEW_APPROVAL_v4.0_LOCKED.txt,intended_contract_not_currently_exposed_by_code
P3,briefed_not_implemented,model-review,deferred_review_items,future_backlog,Briefed field belongs to a future or later-stage module.,,25_MIRRA_MODEL_REVIEW_APPROVAL_v4.0_LOCKED.txt,intended_contract_not_currently_exposed_by_code
P3,briefed_not_implemented,model-review,model_review_cards,future_backlog,Briefed field belongs to a future or later-stage module.,,25_MIRRA_MODEL_REVIEW_APPROVAL_v4.0_LOCKED.txt,intended_contract_not_currently_exposed_by_code
P3,briefed_not_implemented,model-review,model_review_queue_rows,future_backlog,Briefed field belongs to a future or later-stage module.,,25_MIRRA_MODEL_REVIEW_APPROVAL_v4.0_LOCKED.txt,intended_contract_not_currently_exposed_by_code
P3,briefed_not_implemented,model-review,model_review_ready,future_backlog,Briefed field belongs to a future or later-stage module.,,25_MIRRA_MODEL_REVIEW_APPROVAL_v4.0_LOCKED.txt,intended_contract_not_currently_exposed_by_code | readiness_field
P3,briefed_not_implemented,model-review,model_review_source_trace,future_backlog,Briefed field belongs to a future or later-stage module.,,25_MIRRA_MODEL_REVIEW_APPROVAL_v4.0_LOCKED.txt,intended_contract_not_currently_exposed_by_code
P3,briefed_not_implemented,model-review,model_review_status,future_backlog,Briefed field belongs to a future or later-stage module.,,25_MIRRA_MODEL_REVIEW_APPROVAL_v4.0_LOCKED.txt,intended_contract_not_currently_exposed_by_code | status_field
P3,briefed_not_implemented,model-review,model_review_trust_state,future_backlog,Briefed field belongs to a future or later-stage module.,,25_MIRRA_MODEL_REVIEW_APPROVAL_v4.0_LOCKED.txt,intended_contract_not_currently_exposed_by_code | trust_state_field
P3,briefed_not_implemented,model-review,model_review_warning_count,future_backlog,Briefed field belongs to a future or later-stage module.,,25_MIRRA_MODEL_REVIEW_APPROVAL_v4.0_LOCKED.txt,intended_contract_not_currently_exposed_by_code
P3,briefed_not_implemented,model-review,model_review_warnings,future_backlog,Briefed field belongs to a future or later-stage module.,,25_MIRRA_MODEL_REVIEW_APPROVAL_v4.0_LOCKED.txt,intended_contract_not_currently_exposed_by_code | warnings_field
P3,briefed_not_implemented,model-review,rejected_review_items,future_backlog,Briefed field belongs to a future or later-stage module.,,25_MIRRA_MODEL_REVIEW_APPROVAL_v4.0_LOCKED.txt,intended_contract_not_currently_exposed_by_code
P3,briefed_not_implemented,quote-checker,blocked_lines,future_backlog,Briefed field belongs to a future or later-stage module.,,21_MIRRA_QUOTE_CHECKER_v4.0_LOCKED.txt,intended_contract_not_currently_exposed_by_code
P3,briefed_not_implemented,quote-checker,margin_shortfall_lines,future_backlog,Briefed field belongs to a future or later-stage module.,,21_MIRRA_QUOTE_CHECKER_v4.0_LOCKED.txt,intended_contract_not_currently_exposed_by_code
P3,briefed_not_implemented,quote-checker,quote_checker_ready,future_backlog,Briefed field belongs to a future or later-stage module.,,21_MIRRA_QUOTE_CHECKER_v4.0_LOCKED.txt,intended_contract_not_currently_exposed_by_code | readiness_field
P3,briefed_not_implemented,quote-checker,quote_checker_source_trace,future_backlog,Briefed field belongs to a future or later-stage module.,,21_MIRRA_QUOTE_CHECKER_v4.0_LOCKED.txt,intended_contract_not_currently_exposed_by_code
P3,briefed_not_implemented,quote-checker,quote_checker_status,future_backlog,Briefed field belongs to a future or later-stage module.,,21_MIRRA_QUOTE_CHECKER_v4.0_LOCKED.txt,intended_contract_not_currently_exposed_by_code | status_field
P3,briefed_not_implemented,quote-checker,quote_line_results,future_backlog,Briefed field belongs to a future or later-stage module.,,21_MIRRA_QUOTE_CHECKER_v4.0_LOCKED.txt,intended_contract_not_currently_exposed_by_code
P3,briefed_not_implemented,quote-checker,quote_lines,future_backlog,Briefed field belongs to a future or later-stage module.,,21_MIRRA_QUOTE_CHECKER_v4.0_LOCKED.txt,intended_contract_not_currently_exposed_by_code
P3,briefed_not_implemented,quote-checker,quote_margin_amount,future_backlog,Briefed field belongs to a future or later-stage module.,,21_MIRRA_QUOTE_CHECKER_v4.0_LOCKED.txt,intended_contract_not_currently_exposed_by_code
P3,briefed_not_implemented,quote-checker,quote_margin_percent,future_backlog,Briefed field belongs to a future or later-stage module.,,21_MIRRA_QUOTE_CHECKER_v4.0_LOCKED.txt,intended_contract_not_currently_exposed_by_code
P3,briefed_not_implemented,quote-checker,quote_minimum_required_recovery,future_backlog,Briefed field belongs to a future or later-stage module.,,21_MIRRA_QUOTE_CHECKER_v4.0_LOCKED.txt,intended_contract_not_currently_exposed_by_code
P3,briefed_not_implemented,quote-checker,quote_recovery_gap,future_backlog,Briefed field belongs to a future or later-stage module.,,21_MIRRA_QUOTE_CHECKER_v4.0_LOCKED.txt,intended_contract_not_currently_exposed_by_code
P3,briefed_not_implemented,quote-checker,quote_required_target_revenue,future_backlog,Briefed field belongs to a future or later-stage module.,,21_MIRRA_QUOTE_CHECKER_v4.0_LOCKED.txt,intended_contract_not_currently_exposed_by_code
P3,briefed_not_implemented,quote-checker,quote_target_gap,future_backlog,Briefed field belongs to a future or later-stage module.,,21_MIRRA_QUOTE_CHECKER_v4.0_LOCKED.txt,intended_contract_not_currently_exposed_by_code
P3,briefed_not_implemented,quote-checker,quote_total_revenue,future_backlog,Briefed field belongs to a future or later-stage module.,,21_MIRRA_QUOTE_CHECKER_v4.0_LOCKED.txt,intended_contract_not_currently_exposed_by_code
P3,briefed_not_implemented,quote-checker,under_recovering_lines,future_backlog,Briefed field belongs to a future or later-stage module.,,21_MIRRA_QUOTE_CHECKER_v4.0_LOCKED.txt,intended_contract_not_currently_exposed_by_code
P3,briefed_not_implemented,quote-checker,unmatched_lines,future_backlog,Briefed field belongs to a future or later-stage module.,,21_MIRRA_QUOTE_CHECKER_v4.0_LOCKED.txt,intended_contract_not_currently_exposed_by_code
P3,briefed_not_implemented,reporting-analytics,export_rows,future_backlog,Briefed field belongs to a future or later-stage module.,,28_MIRRA_DATABASE_STORAGE_EXPORT_LAYER_v4.0_LOCKED.txt,intended_contract_not_currently_exposed_by_code
P3,briefed_not_implemented,reporting-analytics,reporting_dimension_tables,future_backlog,Briefed field belongs to a future or later-stage module.,,28_MIRRA_DATABASE_STORAGE_EXPORT_LAYER_v4.0_LOCKED.txt,intended_contract_not_currently_exposed_by_code
P3,briefed_not_implemented,soq-job-po,job_quote_line_rows,future_backlog,Briefed field belongs to a future or later-stage module.,,22_MIRRA_SOQ_JOB_PO_LAYER_v4.0_LOCKED.txt,intended_contract_not_currently_exposed_by_code
P3,briefed_not_implemented,soq-job-po,product_rate_validation_rows,future_backlog,Briefed field belongs to a future or later-stage module.,,22_MIRRA_SOQ_JOB_PO_LAYER_v4.0_LOCKED.txt,intended_contract_not_currently_exposed_by_code
P3,briefed_not_implemented,soq-job-po,purchase_order_rows,future_backlog,Briefed field belongs to a future or later-stage module.,,22_MIRRA_SOQ_JOB_PO_LAYER_v4.0_LOCKED.txt,intended_contract_not_currently_exposed_by_code
P3,briefed_not_implemented,soq-job-po,schedule_of_quantities_rows,future_backlog,Briefed field belongs to a future or later-stage module.,,22_MIRRA_SOQ_JOB_PO_LAYER_v4.0_LOCKED.txt,intended_contract_not_currently_exposed_by_code
P3,briefed_not_implemented,soq-job-po,soq_job_po_ready,future_backlog,Briefed field belongs to a future or later-stage module.,,22_MIRRA_SOQ_JOB_PO_LAYER_v4.0_LOCKED.txt,intended_contract_not_currently_exposed_by_code | readiness_field
P3,briefed_not_implemented,soq-job-po,soq_job_po_status,future_backlog,Briefed field belongs to a future or later-stage module.,,22_MIRRA_SOQ_JOB_PO_LAYER_v4.0_LOCKED.txt,intended_contract_not_currently_exposed_by_code | status_field
